boundary_type,route_id,boundary_id,weight
census_tract,Bx23,36005046203,0.170213
census_tract,Bx23,36005046207,0.191489
census_tract,Bx23,36005046205,0.255319
census_tract,Bx23,36005030201,0.12766
census_tract,Bx23,36005046204,0.06383
census_tract,Bx23,36005027600,0.085106
census_tract,Bx23,36005030202,0.06383
census_tract,Bx23,36005046206,0.021277
census_tract,Bx23,36005035600,0.021277
census_tract,BX23,36005046203,0.170213
census_tract,BX23,36005046207,0.191489
census_tract,BX23,36005046205,0.255319
census_tract,BX23,36005030201,0.12766
census_tract,BX23,36005046204,0.06383
census_tract,BX23,36005027600,0.085106
census_tract,BX23,36005030202,0.06383
census_tract,BX23,36005046206,0.021277
census_tract,BX23,36005035600,0.021277
census_tract,Q89,36081044400,0.042553
census_tract,Q89,36081033405,0.06383
census_tract,Q89,36081065402,0.021277
census_tract,Q89,36081065401,0.06383
census_tract,Q89,36081028200,0.042553
census_tract,Q89,36081033401,0.12766
census_tract,Q89,36081044601,0.021277
census_tract,Q89,36081065600,0.021277
census_tract,Q89,36081033000,0.12766
census_tract,Q89,36081033404,0.021277
census_tract,Q89,36081041400,0.021277
census_tract,Q89,36081043200,0.021277
census_tract,Q89,36081026600,0.042553
census_tract,Q89,36081033403,0.042553
census_tract,Q89,36081068000,0.06383
census_tract,Q89,36081068200,0.021277
census_tract,Q89,36081020800,0.042553
census_tract,Q89,36081042600,0.042553
census_tract,Q89,36081065000,0.021277
census_tract,Q89,36081024600,0.021277
census_tract,Q89,36081032800,0.06383
census_tract,Q89,36081043400,0.021277
census_tract,Q89,36081025402,0.021277
census_tract,M104,36061015900,0.039474
census_tract,M104,36061017900,0.052632
census_tract,M104,36061013100,0.026316
census_tract,M104,36061019900,0.052632
census_tract,M104,36061011300,0.026316
census_tract,M104,36061015302,0.052632
census_tract,M104,36061019100,0.052632
census_tract,M104,36061020500,0.039474
census_tract,M104,36061012500,0.039474
census_tract,M104,36061018700,0.052632
census_tract,M104,36061016300,0.039474
census_tract,M104,36061017100,0.039474
census_tract,M104,36061020300,0.026316
census_tract,M104,36061017500,0.039474
census_tract,M104,36061013700,0.052632
census_tract,M104,36061021100,0.065789
census_tract,M104,36061021303,0.039474
census_tract,M104,36061021900,0.026316
census_tract,M104,36061019500,0.039474
census_tract,M104,36061014900,0.039474
census_tract,M104,36061011900,0.026316
census_tract,M104,36061014500,0.039474
census_tract,M104,36061020901,0.026316
census_tract,M104,36061016700,0.039474
census_tract,M104,36061018300,0.026316
census_tract,BM5,36047105801,0.145455
census_tract,BM5,36081006202,0.036364
census_tract,BM5,36047110600,0.018182
census_tract,BM5,36061010400,0.018182
census_tract,BM5,36047107800,0.127273
census_tract,BM5,36081005800,0.018182
census_tract,BM5,36047111000,0.018182
census_tract,BM5,36061011203,0.018182
census_tract,BM5,36047105804,0.109091
census_tract,BM5,36061007400,0.072727
census_tract,BM5,36081063700,0.018182
census_tract,BM5,36081067900,0.018182
census_tract,BM5,36061007200,0.036364
census_tract,BM5,36047111600,0.054545
census_tract,BM5,36081069500,0.018182
census_tract,BM5,36061007002,0.036364
census_tract,BM5,36047120802,0.018182
census_tract,BM5,36081064102,0.018182
census_tract,BM5,36061010803,0.036364
census_tract,BM5,36061008200,0.018182
census_tract,BM5,36061009600,0.018182
census_tract,BM5,36047121400,0.018182
census_tract,BM5,36061009400,0.018182
census_tract,BM5,36081064101,0.018182
census_tract,BM5,36061010200,0.018182
census_tract,BM5,36061008400,0.018182
census_tract,BM5,36081008800,0.018182
census_tract,BM5,36081070300,0.018182
census_tract,BM2,36047102200,0.011111
census_tract,BM2,36061001300,0.022222
census_tract,BM2,36047079002,0.011111
census_tract,BM2,36047105801,0.044444
census_tract,BM2,36047095600,0.011111
census_tract,BM2,36061000900,0.022222
census_tract,BM2,36047100800,0.033333
census_tract,BM2,36047102000,0.022222
census_tract,BM2,36047101400,0.033333
census_tract,BM2,36061010803,0.022222
census_tract,BM2,36047100400,0.055556
census_tract,BM2,36047098200,0.022222
census_tract,BM2,36047105804,0.077778
census_tract,BM2,36047098400,0.022222
census_tract,BM2,36047099800,0.022222
census_tract,BM2,36047051400,0.022222
census_tract,BM2,36047077600,0.022222
census_tract,BM2,36061007400,0.022222
census_tract,BM2,36047078000,0.011111
census_tract,BM2,36061031900,0.011111
census_tract,BM2,36047101600,0.022222
census_tract,BM2,36061011203,0.011111
census_tract,BM2,36047101000,0.022222
census_tract,BM2,36061008200,0.011111
census_tract,BM2,36047095000,0.022222
census_tract,BM2,36061009400,0.011111
census_tract,BM2,36061001501,0.033333
census_tract,BM2,36047098600,0.033333
census_tract,BM2,36047072200,0.022222
census_tract,BM2,36061006400,0.033333
census_tract,BM2,36061007600,0.011111
census_tract,BM2,36047078601,0.011111
census_tract,BM2,36061005600,0.011111
census_tract,BM2,36047072600,0.022222
census_tract,BM2,36047077000,0.011111
census_tract,BM2,36061010400,0.011111
census_tract,BM2,36061006800,0.022222
census_tract,BM2,36047072400,0.022222
census_tract,BM2,36061009600,0.011111
census_tract,BM2,36061002100,0.022222
census_tract,BM2,36061005800,0.011111
census_tract,BM2,36047152200,0.011111
census_tract,BM2,36047094402,0.011111
census_tract,BM2,36047095400,0.011111
census_tract,BM2,36061000700,0.011111
census_tract,BM2,36047099600,0.011111
census_tract,BM2,36061008400,0.011111
census_tract,BM2,36061010200,0.011111
census_tract,BM2,36047052600,0.011111
census_tract,Bx42,36005028400,0.01087
census_tract,Bx42,36005015200,0.021739
census_tract,Bx42,36005025600,0.032609
census_tract,Bx42,36005019400,0.054348
census_tract,Bx42,36005024900,0.01087
census_tract,Bx42,36005020502,0.021739
census_tract,Bx42,36005024000,0.021739
census_tract,Bx42,36005014400,0.108696
census_tract,Bx42,36005021001,0.032609
census_tract,Bx42,36005024100,0.01087
census_tract,Bx42,36005037300,0.021739
census_tract,Bx42,36005036501,0.021739
census_tract,Bx42,36005016400,0.021739
census_tract,Bx42,36005037900,0.032609
census_tract,Bx42,36005013200,0.119565
census_tract,Bx42,36005038100,0.021739
census_tract,Bx42,36005036300,0.021739
census_tract,Bx42,36005018400,0.021739
census_tract,Bx42,36005024300,0.021739
census_tract,Bx42,36005037100,0.01087
census_tract,Bx42,36005023800,0.021739
census_tract,Bx42,36005024700,0.032609
census_tract,Bx42,36005036100,0.021739
census_tract,Bx42,36005022000,0.01087
census_tract,Bx42,36005025100,0.021739
census_tract,Bx42,36005020000,0.065217
census_tract,Bx42,36005024501,0.01087
census_tract,Bx42,36005016600,0.01087
census_tract,Bx42,36005021800,0.01087
census_tract,Bx42,36005013000,0.01087
census_tract,Bx42,36005037504,0.021739
census_tract,Bx42,36005024502,0.021739
census_tract,Bx42,36005011000,0.01087
census_tract,Bx42,36005011800,0.01087
census_tract,Bx42,36005016200,0.021739
census_tract,Bx42,36005026400,0.01087
census_tract,Bx42,36005023502,0.01087
census_tract,Bx42,36005039500,0.01087
census_tract,Bx42,36005021602,0.01087
census_tract,Bx42,36005023501,0.01087
census_tract,BX42,36005028400,0.01087
census_tract,BX42,36005015200,0.021739
census_tract,BX42,36005025600,0.032609
census_tract,BX42,36005019400,0.054348
census_tract,BX42,36005024900,0.01087
census_tract,BX42,36005020502,0.021739
census_tract,BX42,36005024000,0.021739
census_tract,BX42,36005014400,0.108696
census_tract,BX42,36005021001,0.032609
census_tract,BX42,36005024100,0.01087
census_tract,BX42,36005037300,0.021739
census_tract,BX42,36005036501,0.021739
census_tract,BX42,36005016400,0.021739
census_tract,BX42,36005037900,0.032609
census_tract,BX42,36005013200,0.119565
census_tract,BX42,36005038100,0.021739
census_tract,BX42,36005036300,0.021739
census_tract,BX42,36005018400,0.021739
census_tract,BX42,36005024300,0.021739
census_tract,BX42,36005037100,0.01087
census_tract,BX42,36005023800,0.021739
census_tract,BX42,36005024700,0.032609
census_tract,BX42,36005036100,0.021739
census_tract,BX42,36005022000,0.01087
census_tract,BX42,36005025100,0.021739
census_tract,BX42,36005020000,0.065217
census_tract,BX42,36005024501,0.01087
census_tract,BX42,36005016600,0.01087
census_tract,BX42,36005021800,0.01087
census_tract,BX42,36005013000,0.01087
census_tract,BX42,36005037504,0.021739
census_tract,BX42,36005024502,0.021739
census_tract,BX42,36005011000,0.01087
census_tract,BX42,36005011800,0.01087
census_tract,BX42,36005016200,0.021739
census_tract,BX42,36005026400,0.01087
census_tract,BX42,36005023502,0.01087
census_tract,BX42,36005039500,0.01087
census_tract,BX42,36005021602,0.01087
census_tract,BX42,36005023501,0.01087
census_tract,M103,36061012000,0.028302
census_tract,M103,36061004200,0.028302
census_tract,M103,36061006800,0.028302
census_tract,M103,36061001501,0.009434
census_tract,M103,36061002902,0.028302
census_tract,M103,36061017200,0.018868
census_tract,M103,36061005000,0.018868
census_tract,M103,36061012800,0.028302
census_tract,M103,36061010000,0.028302
census_tract,M103,36061003800,0.018868
census_tract,M103,36061009800,0.018868
census_tract,M103,36061018800,0.018868
census_tract,M103,36061024200,0.028302
census_tract,M103,36061014802,0.009434
census_tract,M103,36061015403,0.018868
census_tract,M103,36061014000,0.018868
census_tract,M103,36061011203,0.009434
census_tract,M103,36061016600,0.028302
census_tract,M103,36061008000,0.028302
census_tract,M103,36061007002,0.028302
census_tract,M103,36061007200,0.018868
census_tract,M103,36061013400,0.018868
census_tract,M103,36061017000,0.018868
census_tract,M103,36061004100,0.018868
census_tract,M103,36061001600,0.018868
census_tract,M103,36061011800,0.018868
census_tract,M103,36061015801,0.028302
census_tract,M103,36061014801,0.009434
census_tract,M103,36061006600,0.018868
census_tract,M103,36061003602,0.009434
census_tract,M103,36061008800,0.018868
census_tract,M103,36061004800,0.018868
census_tract,M103,36061011000,0.018868
census_tract,M103,36061009200,0.009434
census_tract,M103,36061009000,0.018868
census_tract,M103,36061002700,0.009434
census_tract,M103,36061003100,0.009434
census_tract,M103,36061004002,0.018868
census_tract,M103,36061005502,0.018868
census_tract,M103,36061004300,0.018868
census_tract,M103,36061014601,0.009434
census_tract,M103,36061016400,0.018868
census_tract,M103,36061013800,0.018868
census_tract,M103,36061001800,0.018868
census_tract,M103,36061019600,0.018868
census_tract,M103,36061018200,0.028302
census_tract,M103,36061010803,0.009434
census_tract,M103,36061014602,0.009434
census_tract,M103,36061018000,0.018868
census_tract,M103,36061007800,0.009434
census_tract,M103,36061012602,0.018868
census_tract,M103,36061006400,0.009434
census_tract,M103,36061011402,0.009434
census_tract,M103,36061019400,0.009434
census_tract,M103,36061015602,0.009434
census_tract,Bx41,36005038304,0.071429
census_tract,Bx41,36005039700,0.089286
census_tract,Bx41,36005016700,0.053571
census_tract,Bx41,36005041500,0.017857
census_tract,Bx41,36005040502,0.017857
census_tract,Bx41,36005014500,0.017857
census_tract,Bx41,36005038303,0.053571
census_tract,Bx41,36005006700,0.053571
census_tract,Bx41,36005042902,0.017857
census_tract,Bx41,36005017701,0.053571
census_tract,Bx41,36005014701,0.017857
census_tract,Bx41,36005037900,0.107143
census_tract,Bx41,36005016500,0.017857
census_tract,Bx41,36005006500,0.017857
census_tract,Bx41,36005007100,0.017857
census_tract,Bx41,36005042500,0.107143
census_tract,Bx41,36005014100,0.035714
census_tract,Bx41,36005014702,0.035714
census_tract,Bx41,36005006900,0.053571
census_tract,Bx41,36005042901,0.017857
census_tract,Bx41,36005004300,0.017857
census_tract,Bx41,36005014300,0.035714
census_tract,Bx41,36005037800,0.017857
census_tract,Bx41,36005038000,0.017857
census_tract,Bx41,36005017702,0.017857
census_tract,Bx41,36005039902,0.017857
census_tract,BX41,36005038304,0.071429
census_tract,BX41,36005039700,0.089286
census_tract,BX41,36005016700,0.053571
census_tract,BX41,36005041500,0.017857
census_tract,BX41,36005040502,0.017857
census_tract,BX41,36005014500,0.017857
census_tract,BX41,36005038303,0.053571
census_tract,BX41,36005006700,0.053571
census_tract,BX41,36005042902,0.017857
census_tract,BX41,36005017701,0.053571
census_tract,BX41,36005014701,0.017857
census_tract,BX41,36005037900,0.107143
census_tract,BX41,36005016500,0.017857
census_tract,BX41,36005006500,0.017857
census_tract,BX41,36005007100,0.017857
census_tract,BX41,36005042500,0.107143
census_tract,BX41,36005014100,0.035714
census_tract,BX41,36005014702,0.035714
census_tract,BX41,36005006900,0.053571
census_tract,BX41,36005042901,0.017857
census_tract,BX41,36005004300,0.017857
census_tract,BX41,36005014300,0.035714
census_tract,BX41,36005037800,0.017857
census_tract,BX41,36005038000,0.017857
census_tract,BX41,36005017702,0.017857
census_tract,BX41,36005039902,0.017857
census_tract,B4,36047029800,0.039062
census_tract,B4,36047006600,0.007812
census_tract,B4,36047030800,0.015625
census_tract,B4,36047060800,0.09375
census_tract,B4,36047037402,0.046875
census_tract,B4,36047059000,0.015625
census_tract,B4,36047059800,0.03125
census_tract,B4,36047040200,0.023438
census_tract,B4,36047042800,0.007812
census_tract,B4,36047036600,0.039062
census_tract,B4,36047037401,0.03125
census_tract,B4,36047060600,0.03125
census_tract,B4,36047040400,0.039062
census_tract,B4,36047062200,0.070312
census_tract,B4,36047061004,0.007812
census_tract,B4,36047006400,0.039062
census_tract,B4,36047026400,0.03125
census_tract,B4,36047060000,0.023438
census_tract,B4,36047018800,0.03125
census_tract,B4,36047013600,0.007812
census_tract,B4,36047013400,0.046875
census_tract,B4,36047059200,0.015625
census_tract,B4,36047038600,0.03125
census_tract,B4,36047061003,0.023438
census_tract,B4,36047038200,0.015625
census_tract,B4,36047013200,0.015625
census_tract,B4,36047004400,0.039062
census_tract,B4,36047020000,0.023438
census_tract,B4,36047027400,0.015625
census_tract,B4,36047020200,0.007812
census_tract,B4,36047019800,0.015625
census_tract,B4,36047020400,0.015625
census_tract,B4,36047043000,0.007812
census_tract,B4,36047035400,0.007812
census_tract,B4,36047036400,0.015625
census_tract,B4,36047026800,0.046875
census_tract,B4,36047037000,0.007812
census_tract,B4,36047020600,0.015625
census_tract,Bx4,36005012901,0.054545
census_tract,Bx4,36005007500,0.054545
census_tract,Bx4,36005012701,0.054545
census_tract,Bx4,36005007000,0.018182
census_tract,Bx4,36005005002,0.036364
census_tract,Bx4,36005006800,0.018182
census_tract,Bx4,36005022200,0.054545
census_tract,Bx4,36005008700,0.036364
census_tract,Bx4,36005005400,0.054545
census_tract,Bx4,36005012102,0.036364
census_tract,Bx4,36005011900,0.018182
census_tract,Bx4,36005021602,0.036364
census_tract,Bx4,36005020200,0.018182
census_tract,Bx4,36005007900,0.036364
census_tract,Bx4,36005020601,0.054545
census_tract,Bx4,36005015900,0.018182
census_tract,Bx4,36005007600,0.036364
census_tract,Bx4,36005009200,0.036364
census_tract,Bx4,36005005200,0.018182
census_tract,Bx4,36005009600,0.036364
census_tract,Bx4,36005004800,0.018182
census_tract,Bx4,36005020000,0.054545
census_tract,Bx4,36005007100,0.090909
census_tract,Bx4,36005007200,0.054545
census_tract,Bx4,36005012101,0.018182
census_tract,Bx4,36005006200,0.018182
census_tract,Bx4,36005007700,0.018182
census_tract,BX4,36005012901,0.054545
census_tract,BX4,36005007500,0.054545
census_tract,BX4,36005012701,0.054545
census_tract,BX4,36005007000,0.018182
census_tract,BX4,36005005002,0.036364
census_tract,BX4,36005006800,0.018182
census_tract,BX4,36005022200,0.054545
census_tract,BX4,36005008700,0.036364
census_tract,BX4,36005005400,0.054545
census_tract,BX4,36005012102,0.036364
census_tract,BX4,36005011900,0.018182
census_tract,BX4,36005021602,0.036364
census_tract,BX4,36005020200,0.018182
census_tract,BX4,36005007900,0.036364
census_tract,BX4,36005020601,0.054545
census_tract,BX4,36005015900,0.018182
census_tract,BX4,36005007600,0.036364
census_tract,BX4,36005009200,0.036364
census_tract,BX4,36005005200,0.018182
census_tract,BX4,36005009600,0.036364
census_tract,BX4,36005004800,0.018182
census_tract,BX4,36005020000,0.054545
census_tract,BX4,36005007100,0.090909
census_tract,BX4,36005007200,0.054545
census_tract,BX4,36005012101,0.018182
census_tract,BX4,36005006200,0.018182
census_tract,BX4,36005007700,0.018182
census_tract,Bx33,36005002701,0.064516
census_tract,Bx33,36005006301,0.032258
census_tract,Bx33,36005001903,0.193548
census_tract,Bx33,36005005100,0.032258
census_tract,Bx33,36005001902,0.096774
census_tract,Bx33,36061022800,0.096774
census_tract,Bx33,36061022102,0.064516
census_tract,Bx33,36005002500,0.064516
census_tract,Bx33,36005002702,0.064516
census_tract,Bx33,36061021000,0.096774
census_tract,Bx33,36005003900,0.096774
census_tract,Bx33,36061021200,0.064516
census_tract,Bx33,36005002300,0.032258
census_tract,BX33,36005002701,0.064516
census_tract,BX33,36005006301,0.032258
census_tract,BX33,36005001903,0.193548
census_tract,BX33,36005005100,0.032258
census_tract,BX33,36005001902,0.096774
census_tract,BX33,36061022800,0.096774
census_tract,BX33,36061022102,0.064516
census_tract,BX33,36005002500,0.064516
census_tract,BX33,36005002702,0.064516
census_tract,BX33,36061021000,0.096774
census_tract,BX33,36005003900,0.096774
census_tract,BX33,36061021200,0.064516
census_tract,BX33,36005002300,0.032258
census_tract,M3,36061021703,0.030864
census_tract,M3,36061022700,0.018519
census_tract,M3,36061005900,0.012346
census_tract,M3,36061014300,0.154321
census_tract,M3,36061015002,0.012346
census_tract,M3,36061021600,0.012346
census_tract,M3,36061023501,0.030864
census_tract,M3,36061012200,0.024691
census_tract,M3,36061008400,0.018519
census_tract,M3,36061027900,0.018519
census_tract,M3,36061025700,0.030864
census_tract,M3,36061014200,0.018519
census_tract,M3,36061011202,0.006173
census_tract,M3,36061026300,0.012346
census_tract,M3,36061021500,0.018519
census_tract,M3,36061023900,0.012346
census_tract,M3,36061007400,0.018519
census_tract,M3,36061016001,0.018519
census_tract,M3,36061011401,0.006173
census_tract,M3,36061010400,0.018519
census_tract,M3,36061005800,0.018519
census_tract,M3,36061031100,0.012346
census_tract,M3,36061024500,0.024691
census_tract,M3,36061027700,0.012346
census_tract,M3,36061009400,0.018519
census_tract,M3,36061026100,0.018519
census_tract,M3,36061010200,0.018519
census_tract,M3,36061006300,0.018519
census_tract,M3,36061005000,0.012346
census_tract,M3,36061007600,0.012346
census_tract,M3,36061017402,0.006173
census_tract,M3,36061009600,0.012346
census_tract,M3,36061004200,0.018519
census_tract,M3,36061021303,0.006173
census_tract,M3,36061022102,0.024691
census_tract,M3,36061025300,0.012346
census_tract,M3,36061005700,0.012346
census_tract,M3,36061023100,0.018519
census_tract,M3,36061016800,0.024691
census_tract,M3,36061027100,0.018519
census_tract,M3,36061008200,0.012346
census_tract,M3,36061025100,0.024691
census_tract,M3,36061024100,0.006173
census_tract,M3,36061006800,0.012346
census_tract,M3,36061024301,0.006173
census_tract,M3,36061018600,0.006173
census_tract,M3,36061005400,0.012346
census_tract,M3,36061016002,0.006173
census_tract,M3,36061020102,0.018519
census_tract,M3,36061019701,0.006173
census_tract,M3,36061026900,0.018519
census_tract,M3,36061019300,0.006173
census_tract,M3,36061019702,0.018519
census_tract,M3,36061013000,0.012346
census_tract,M3,36061020901,0.006173
census_tract,M3,36061005600,0.006173
census_tract,M3,36061017401,0.006173
census_tract,Bx2,36005023501,0.030928
census_tract,Bx2,36005027900,0.041237
census_tract,Bx2,36005041300,0.041237
census_tract,Bx2,36005022102,0.020619
census_tract,Bx2,36005019500,0.030928
census_tract,Bx2,36005040900,0.072165
census_tract,Bx2,36005028900,0.051546
census_tract,Bx2,36005006301,0.030928
census_tract,Bx2,36005040701,0.020619
census_tract,Bx2,36005040303,0.010309
census_tract,Bx2,36005023301,0.010309
census_tract,Bx2,36005038301,0.020619
census_tract,Bx2,36005023704,0.010309
census_tract,Bx2,36005005100,0.041237
census_tract,Bx2,36005023703,0.030928
census_tract,Bx2,36005027700,0.051546
census_tract,Bx2,36005006500,0.061856
census_tract,Bx2,36005040100,0.020619
census_tract,Bx2,36005023702,0.010309
census_tract,Bx2,36005004300,0.020619
census_tract,Bx2,36005022300,0.010309
census_tract,Bx2,36005003900,0.010309
census_tract,Bx2,36005005902,0.020619
census_tract,Bx2,36005006100,0.020619
census_tract,Bx2,36005042100,0.020619
census_tract,Bx2,36005022901,0.020619
census_tract,Bx2,36005017902,0.010309
census_tract,Bx2,36005019700,0.010309
census_tract,Bx2,36005022500,0.020619
census_tract,Bx2,36005022702,0.010309
census_tract,Bx2,36005022701,0.010309
census_tract,Bx2,36005018102,0.020619
census_tract,Bx2,36005023502,0.041237
census_tract,Bx2,36005040702,0.010309
census_tract,Bx2,36005028300,0.010309
census_tract,Bx2,36005040302,0.020619
census_tract,Bx2,36005039901,0.010309
census_tract,Bx2,36005022703,0.010309
census_tract,Bx2,36005020900,0.010309
census_tract,Bx2,36005017901,0.010309
census_tract,Bx2,36005002300,0.010309
census_tract,Bx2,36005041100,0.020619
census_tract,Bx2,36005028100,0.020619
census_tract,Bx2,36005018301,0.010309
census_tract,BX2,36005023501,0.030928
census_tract,BX2,36005027900,0.041237
census_tract,BX2,36005041300,0.041237
census_tract,BX2,36005022102,0.020619
census_tract,BX2,36005019500,0.030928
census_tract,BX2,36005040900,0.072165
census_tract,BX2,36005028900,0.051546
census_tract,BX2,36005006301,0.030928
census_tract,BX2,36005040701,0.020619
census_tract,BX2,36005040303,0.010309
census_tract,BX2,36005023301,0.010309
census_tract,BX2,36005038301,0.020619
census_tract,BX2,36005023704,0.010309
census_tract,BX2,36005005100,0.041237
census_tract,BX2,36005023703,0.030928
census_tract,BX2,36005027700,0.051546
census_tract,BX2,36005006500,0.061856
census_tract,BX2,36005040100,0.020619
census_tract,BX2,36005023702,0.010309
census_tract,BX2,36005004300,0.020619
census_tract,BX2,36005022300,0.010309
census_tract,BX2,36005003900,0.010309
census_tract,BX2,36005005902,0.020619
census_tract,BX2,36005006100,0.020619
census_tract,BX2,36005042100,0.020619
census_tract,BX2,36005022901,0.020619
census_tract,BX2,36005017902,0.010309
census_tract,BX2,36005019700,0.010309
census_tract,BX2,36005022500,0.020619
census_tract,BX2,36005022702,0.010309
census_tract,BX2,36005022701,0.010309
census_tract,BX2,36005018102,0.020619
census_tract,BX2,36005023502,0.041237
census_tract,BX2,36005040702,0.010309
census_tract,BX2,36005028300,0.010309
census_tract,BX2,36005040302,0.020619
census_tract,BX2,36005039901,0.010309
census_tract,BX2,36005022703,0.010309
census_tract,BX2,36005020900,0.010309
census_tract,BX2,36005017901,0.010309
census_tract,BX2,36005002300,0.010309
census_tract,BX2,36005041100,0.020619
census_tract,BX2,36005028100,0.020619
census_tract,BX2,36005018301,0.010309
census_tract,B20,36047040100,0.026786
census_tract,B20,36047111000,0.035714
census_tract,B20,36047115600,0.053571
census_tract,B20,36081055700,0.071429
census_tract,B20,36081055900,0.026786
census_tract,B20,36047040300,0.035714
census_tract,B20,36081058500,0.017857
census_tract,B20,36047120802,0.017857
census_tract,B20,36047110400,0.071429
census_tract,B20,36047121000,0.008929
census_tract,B20,36047112800,0.044643
census_tract,B20,36047114201,0.017857
census_tract,B20,36047122000,0.053571
census_tract,B20,36081058100,0.026786
census_tract,B20,36047040900,0.035714
census_tract,B20,36047114400,0.026786
census_tract,B20,36047119800,0.035714
census_tract,B20,36047041300,0.017857
census_tract,B20,36081058300,0.026786
census_tract,B20,36047112600,0.026786
census_tract,B20,36047111600,0.080357
census_tract,B20,36047110600,0.026786
census_tract,B20,36047041100,0.017857
census_tract,B20,36047121400,0.044643
census_tract,B20,36047036900,0.035714
census_tract,B20,36047036700,0.017857
census_tract,B20,36081061301,0.008929
census_tract,B20,36081058700,0.026786
census_tract,B20,36047107800,0.017857
census_tract,B20,36081055500,0.008929
census_tract,B20,36047040500,0.017857
census_tract,B20,36047120801,0.017857
census_tract,B54,36047123700,0.04918
census_tract,B54,36047025300,0.016393
census_tract,B54,36047028502,0.04918
census_tract,B54,36047025500,0.032787
census_tract,B54,36047039100,0.032787
census_tract,B54,36047001100,0.04918
census_tract,B54,36047019500,0.04918
census_tract,B54,36047043100,0.065574
census_tract,B54,36047042300,0.04918
census_tract,B54,36047003101,0.032787
census_tract,B54,36047023500,0.016393
census_tract,B54,36047001501,0.016393
census_tract,B54,36047018700,0.032787
census_tract,B54,36047001300,0.016393
census_tract,B54,36047018501,0.016393
census_tract,B54,36047002901,0.032787
census_tract,B54,36047019100,0.04918
census_tract,B54,36047039300,0.032787
census_tract,B54,36047028700,0.04918
census_tract,B54,36047003102,0.032787
census_tract,B54,36047024100,0.032787
census_tract,B54,36047019300,0.032787
census_tract,B54,36047043900,0.016393
census_tract,B54,36047043300,0.032787
census_tract,B54,36047018300,0.016393
census_tract,B54,36047042100,0.04918
census_tract,B54,36047025700,0.016393
census_tract,B54,36081054900,0.032787
census_tract,B54,36047028300,0.032787
census_tract,B54,36047038900,0.016393
census_tract,B68,36047017700,0.079208
census_tract,B68,36047046000,0.019802
census_tract,B68,36047034800,0.029703
census_tract,B68,36047050401,0.019802
census_tract,B68,36047076800,0.019802
census_tract,B68,36047037000,0.029703
census_tract,B68,36047036200,0.059406
census_tract,B68,36047053400,0.019802
census_tract,B68,36047035400,0.039604
census_tract,B68,36047041600,0.019802
census_tract,B68,36047053000,0.019802
census_tract,B68,36047045600,0.029703
census_tract,B68,36047049200,0.049505
census_tract,B68,36047035602,0.049505
census_tract,B68,36047042000,0.029703
census_tract,B68,36047050402,0.009901
census_tract,B68,36047058800,0.019802
census_tract,B68,36047052600,0.029703
census_tract,B68,36047036001,0.029703
census_tract,B68,36047044200,0.009901
census_tract,B68,36047039200,0.009901
census_tract,B68,36047035000,0.049505
census_tract,B68,36047052800,0.009901
census_tract,B68,36047045400,0.029703
census_tract,B68,36047152200,0.029703
census_tract,B68,36047048200,0.029703
census_tract,B68,36047055400,0.019802
census_tract,B68,36047058400,0.019802
census_tract,B68,36047039000,0.009901
census_tract,B68,36047036600,0.009901
census_tract,B68,36047058200,0.019802
census_tract,B68,36047054200,0.019802
census_tract,B68,36047017100,0.029703
census_tract,B68,36047016900,0.009901
census_tract,B68,36047039400,0.009901
census_tract,B68,36047055600,0.019802
census_tract,B68,36047036002,0.009901
census_tract,B68,36047061004,0.009901
census_tract,B68,36047050202,0.009901
census_tract,B68,36047061003,0.019802
census_tract,B68,36047050600,0.009901
census_tract,M1,36061011202,0.007463
census_tract,M1,36061018600,0.007463
census_tract,M1,36061007400,0.022388
census_tract,M1,36061021400,0.022388
census_tract,M1,36061005900,0.014925
census_tract,M1,36061014300,0.164179
census_tract,M1,36061015002,0.014925
census_tract,M1,36061008400,0.022388
census_tract,M1,36061014200,0.022388
census_tract,M1,36061020800,0.022388
census_tract,M1,36061004900,0.022388
census_tract,M1,36061016001,0.022388
census_tract,M1,36061021000,0.029851
census_tract,M1,36061010400,0.022388
census_tract,M1,36061012200,0.029851
census_tract,M1,36061004300,0.007463
census_tract,M1,36061005502,0.007463
census_tract,M1,36061005800,0.022388
census_tract,M1,36061010200,0.022388
census_tract,M1,36061006300,0.022388
census_tract,M1,36061005000,0.014925
census_tract,M1,36061007600,0.014925
census_tract,M1,36061023200,0.022388
census_tract,M1,36061009600,0.014925
census_tract,M1,36061004200,0.014925
census_tract,M1,36061019800,0.022388
census_tract,M1,36061008200,0.014925
census_tract,M1,36061005700,0.037313
census_tract,M1,36061016800,0.029851
census_tract,M1,36061020600,0.014925
census_tract,M1,36061023600,0.022388
census_tract,M1,36061021200,0.029851
census_tract,M1,36061006800,0.014925
census_tract,M1,36061009400,0.022388
census_tract,M1,36061023000,0.007463
census_tract,M1,36061019000,0.014925
census_tract,M1,36061018400,0.022388
census_tract,M1,36061011401,0.007463
census_tract,M1,36061005400,0.014925
census_tract,M1,36061016002,0.007463
census_tract,M1,36061017402,0.007463
census_tract,M1,36061004100,0.014925
census_tract,M1,36061013000,0.014925
census_tract,M1,36061020000,0.029851
census_tract,M1,36061005501,0.014925
census_tract,M1,36061017401,0.014925
census_tract,M1,36061005600,0.007463
census_tract,B9,36047074400,0.018018
census_tract,B9,36047073600,0.009009
census_tract,B9,36047011800,0.036036
census_tract,B9,36047007400,0.009009
census_tract,B9,36047076000,0.036036
census_tract,B9,36047010401,0.009009
census_tract,B9,36047024400,0.063063
census_tract,B9,36047044000,0.027027
census_tract,B9,36047067200,0.009009
census_tract,B9,36047024600,0.036036
census_tract,B9,36047053800,0.036036
census_tract,B9,36047012200,0.027027
census_tract,B9,36047003400,0.063063
census_tract,B9,36047065000,0.027027
census_tract,B9,36047074800,0.036036
census_tract,B9,36047024200,0.045045
census_tract,B9,36047065200,0.036036
census_tract,B9,36047010402,0.009009
census_tract,B9,36047075400,0.018018
census_tract,B9,36047045200,0.018018
census_tract,B9,36047076800,0.045045
census_tract,B9,36047044400,0.027027
census_tract,B9,36047044600,0.036036
census_tract,B9,36047066200,0.009009
census_tract,B9,36047019200,0.036036
census_tract,B9,36047013000,0.009009
census_tract,B9,36047045400,0.018018
census_tract,B9,36047021400,0.036036
census_tract,B9,36047006800,0.045045
census_tract,B9,36047007200,0.018018
census_tract,B9,36047067000,0.009009
census_tract,B9,36047003000,0.009009
census_tract,B9,36047010200,0.018018
census_tract,B9,36047067400,0.018018
census_tract,B9,36047069800,0.018018
census_tract,B9,36047007000,0.009009
census_tract,B9,36047073800,0.036036
census_tract,B9,36047003600,0.009009
census_tract,B9,36047012600,0.018018
census_tract,B9,36047011600,0.009009
census_tract,Bx31,36005044902,0.042857
census_tract,Bx31,36005029600,0.128571
census_tract,Bx31,36005043502,0.014286
census_tract,Bx31,36005031200,0.057143
census_tract,Bx31,36005040400,0.014286
census_tract,Bx31,36005042200,0.028571
census_tract,Bx31,36005038600,0.085714
census_tract,Bx31,36005035800,0.1
census_tract,Bx31,36005046000,0.071429
census_tract,Bx31,36005036000,0.028571
census_tract,Bx31,36005043503,0.028571
census_tract,Bx31,36005043501,0.014286
census_tract,Bx31,36005020000,0.1
census_tract,Bx31,36005042000,0.042857
census_tract,Bx31,36005028400,0.014286
census_tract,Bx31,36005045101,0.042857
census_tract,Bx31,36005042600,0.042857
census_tract,Bx31,36005045800,0.042857
census_tract,Bx31,36005045102,0.028571
census_tract,Bx31,36005035600,0.014286
census_tract,Bx31,36005042400,0.028571
census_tract,Bx31,36005031400,0.014286
census_tract,Bx31,36005043000,0.014286
census_tract,BX31,36005044902,0.042857
census_tract,BX31,36005029600,0.128571
census_tract,BX31,36005043502,0.014286
census_tract,BX31,36005031200,0.057143
census_tract,BX31,36005040400,0.014286
census_tract,BX31,36005042200,0.028571
census_tract,BX31,36005038600,0.085714
census_tract,BX31,36005035800,0.1
census_tract,BX31,36005046000,0.071429
census_tract,BX31,36005036000,0.028571
census_tract,BX31,36005043503,0.028571
census_tract,BX31,36005043501,0.014286
census_tract,BX31,36005020000,0.1
census_tract,BX31,36005042000,0.042857
census_tract,BX31,36005028400,0.014286
census_tract,BX31,36005045101,0.042857
census_tract,BX31,36005042600,0.042857
census_tract,BX31,36005045800,0.042857
census_tract,BX31,36005045102,0.028571
census_tract,BX31,36005035600,0.014286
census_tract,BX31,36005042400,0.028571
census_tract,BX31,36005031400,0.014286
census_tract,BX31,36005043000,0.014286
census_tract,B24,36081019901,0.077922
census_tract,B24,36047056500,0.077922
census_tract,B24,36081023502,0.051948
census_tract,B24,36047051900,0.012987
census_tract,B24,36047047700,0.064935
census_tract,B24,36081018300,0.025974
census_tract,B24,36047057901,0.025974
census_tract,B24,36047044901,0.077922
census_tract,B24,36081023501,0.077922
census_tract,B24,36081020500,0.012987
census_tract,B24,36081018502,0.025974
census_tract,B24,36081019903,0.025974
census_tract,B24,36081018900,0.038961
census_tract,B24,36047052300,0.012987
census_tract,B24,36047050100,0.038961
census_tract,B24,36047058901,0.012987
census_tract,B24,36047052700,0.025974
census_tract,B24,36081018501,0.025974
census_tract,B24,36047057500,0.025974
census_tract,B24,36047051300,0.038961
census_tract,B24,36047057902,0.064935
census_tract,B24,36047049700,0.025974
census_tract,B24,36047059100,0.012987
census_tract,B24,36047052500,0.051948
census_tract,B24,36081018700,0.025974
census_tract,B24,36047052900,0.012987
census_tract,B24,36047050300,0.012987
census_tract,B24,36081022900,0.012987
census_tract,Bx7,36005030701,0.040541
census_tract,Bx7,36061027100,0.054054
census_tract,Bx7,36061028500,0.013514
census_tract,Bx7,36061030900,0.054054
census_tract,Bx7,36061028700,0.067568
census_tract,Bx7,36005028900,0.094595
census_tract,Bx7,36061030700,0.040541
census_tract,Bx7,36061029300,0.027027
census_tract,Bx7,36005033500,0.067568
census_tract,Bx7,36005028300,0.013514
census_tract,Bx7,36005031900,0.027027
census_tract,Bx7,36005032300,0.054054
census_tract,Bx7,36005033700,0.081081
census_tract,Bx7,36061026300,0.040541
census_tract,Bx7,36061028300,0.027027
census_tract,Bx7,36061029100,0.013514
census_tract,Bx7,36061025300,0.027027
census_tract,Bx7,36061029500,0.013514
census_tract,Bx7,36061026500,0.027027
census_tract,Bx7,36005029500,0.040541
census_tract,Bx7,36061030300,0.040541
census_tract,Bx7,36005028500,0.013514
census_tract,Bx7,36061029700,0.013514
census_tract,Bx7,36061025100,0.040541
census_tract,Bx7,36061027900,0.040541
census_tract,Bx7,36061029900,0.013514
census_tract,Bx7,36005029700,0.013514
census_tract,BX7,36005030701,0.040541
census_tract,BX7,36061027100,0.054054
census_tract,BX7,36061028500,0.013514
census_tract,BX7,36061030900,0.054054
census_tract,BX7,36061028700,0.067568
census_tract,BX7,36005028900,0.094595
census_tract,BX7,36061030700,0.040541
census_tract,BX7,36061029300,0.027027
census_tract,BX7,36005033500,0.067568
census_tract,BX7,36005028300,0.013514
census_tract,BX7,36005031900,0.027027
census_tract,BX7,36005032300,0.054054
census_tract,BX7,36005033700,0.081081
census_tract,BX7,36061026300,0.040541
census_tract,BX7,36061028300,0.027027
census_tract,BX7,36061029100,0.013514
census_tract,BX7,36061025300,0.027027
census_tract,BX7,36061029500,0.013514
census_tract,BX7,36061026500,0.027027
census_tract,BX7,36005029500,0.040541
census_tract,BX7,36061030300,0.040541
census_tract,BX7,36005028500,0.013514
census_tract,BX7,36061029700,0.013514
census_tract,BX7,36061025100,0.040541
census_tract,BX7,36061027900,0.040541
census_tract,BX7,36061029900,0.013514
census_tract,BX7,36005029700,0.013514
census_tract,Bx19,36005003500,0.037975
census_tract,Bx19,36005036300,0.037975
census_tract,Bx19,36005036501,0.037975
census_tract,Bx19,36005039300,0.037975
census_tract,Bx19,36005006301,0.025316
census_tract,Bx19,36005012500,0.050633
census_tract,Bx19,36061022900,0.088608
census_tract,Bx19,36005036502,0.012658
census_tract,Bx19,36005008300,0.050633
census_tract,Bx19,36005033400,0.063291
census_tract,Bx19,36061023200,0.075949
census_tract,Bx19,36005007900,0.012658
census_tract,Bx19,36005008900,0.063291
census_tract,Bx19,36005015700,0.012658
census_tract,Bx19,36005006500,0.063291
census_tract,Bx19,36061022700,0.025316
census_tract,Bx19,36005007100,0.025316
census_tract,Bx19,36005015500,0.037975
census_tract,Bx19,36005012300,0.012658
census_tract,Bx19,36061023100,0.037975
census_tract,Bx19,36005005100,0.012658
census_tract,Bx19,36005003700,0.012658
census_tract,Bx19,36005016100,0.012658
census_tract,Bx19,36005006100,0.012658
census_tract,Bx19,36005008500,0.037975
census_tract,Bx19,36005004300,0.012658
census_tract,Bx19,36005011900,0.025316
census_tract,Bx19,36005035900,0.012658
census_tract,Bx19,36005007300,0.025316
census_tract,Bx19,36005015900,0.025316
census_tract,BX19,36005003500,0.037975
census_tract,BX19,36005036300,0.037975
census_tract,BX19,36005036501,0.037975
census_tract,BX19,36005039300,0.037975
census_tract,BX19,36005006301,0.025316
census_tract,BX19,36005012500,0.050633
census_tract,BX19,36061022900,0.088608
census_tract,BX19,36005036502,0.012658
census_tract,BX19,36005008300,0.050633
census_tract,BX19,36005033400,0.063291
census_tract,BX19,36061023200,0.075949
census_tract,BX19,36005007900,0.012658
census_tract,BX19,36005008900,0.063291
census_tract,BX19,36005015700,0.012658
census_tract,BX19,36005006500,0.063291
census_tract,BX19,36061022700,0.025316
census_tract,BX19,36005007100,0.025316
census_tract,BX19,36005015500,0.037975
census_tract,BX19,36005012300,0.012658
census_tract,BX19,36061023100,0.037975
census_tract,BX19,36005005100,0.012658
census_tract,BX19,36005003700,0.012658
census_tract,BX19,36005016100,0.012658
census_tract,BX19,36005006100,0.012658
census_tract,BX19,36005008500,0.037975
census_tract,BX19,36005004300,0.012658
census_tract,BX19,36005011900,0.025316
census_tract,BX19,36005035900,0.012658
census_tract,BX19,36005007300,0.025316
census_tract,BX19,36005015900,0.025316
census_tract,M31,36061012400,0.070175
census_tract,M31,36061011201,0.035088
census_tract,M31,36061010802,0.035088
census_tract,M31,36061011600,0.070175
census_tract,M31,36061010602,0.052632
census_tract,M31,36061011203,0.052632
census_tract,M31,36061013700,0.087719
census_tract,M31,36061014401,0.035088
census_tract,M31,36061010601,0.070175
census_tract,M31,36061015200,0.087719
census_tract,M31,36061013900,0.070175
census_tract,M31,36061013201,0.017544
census_tract,M31,36061013203,0.035088
census_tract,M31,36061011202,0.052632
census_tract,M31,36061013603,0.017544
census_tract,M31,36061013602,0.017544
census_tract,M31,36061013604,0.035088
census_tract,M31,36061013501,0.035088
census_tract,M31,36061010803,0.035088
census_tract,M31,36061014402,0.052632
census_tract,M31,36061013502,0.017544
census_tract,M31,36061013202,0.017544
census_tract,B11,36047002200,0.036145
census_tract,B11,36047077200,0.060241
census_tract,B11,36047007600,0.048193
census_tract,B11,36047010802,0.024096
census_tract,B11,36047007800,0.036145
census_tract,B11,36047009800,0.048193
census_tract,B11,36047046400,0.012048
census_tract,B11,36047045600,0.048193
census_tract,B11,36047047400,0.072289
census_tract,B11,36047046201,0.036145
census_tract,B11,36047053000,0.012048
census_tract,B11,36047053200,0.036145
census_tract,B11,36047075200,0.060241
census_tract,B11,36047077000,0.024096
census_tract,B11,36047078601,0.012048
census_tract,B11,36047011400,0.036145
census_tract,B11,36047010801,0.024096
census_tract,B11,36047046202,0.036145
census_tract,B11,36047047600,0.024096
census_tract,B11,36047076200,0.036145
census_tract,B11,36047001803,0.036145
census_tract,B11,36047053400,0.012048
census_tract,B11,36047023400,0.036145
census_tract,B11,36047022000,0.072289
census_tract,B11,36047023600,0.036145
census_tract,B11,36047045800,0.024096
census_tract,B11,36047001804,0.024096
census_tract,B11,36047077400,0.024096
census_tract,B11,36047002000,0.012048
census_tract,B7,36047089400,0.051546
census_tract,B7,36047093600,0.010309
census_tract,B7,36047037100,0.020619
census_tract,B7,36047088600,0.082474
census_tract,B7,36047093800,0.020619
census_tract,B7,36047073600,0.020619
census_tract,B7,36047072400,0.051546
census_tract,B7,36047030300,0.020619
census_tract,B7,36047055000,0.010309
census_tract,B7,36047086400,0.030928
census_tract,B7,36047089800,0.020619
census_tract,B7,36047036501,0.020619
census_tract,B7,36047074600,0.030928
census_tract,B7,36047055200,0.041237
census_tract,B7,36047030100,0.020619
census_tract,B7,36047072600,0.030928
census_tract,B7,36047090200,0.030928
census_tract,B7,36047036300,0.030928
census_tract,B7,36047037300,0.020619
census_tract,B7,36047064400,0.020619
census_tract,B7,36047037700,0.030928
census_tract,B7,36047055400,0.051546
census_tract,B7,36047054800,0.020619
census_tract,B7,36047037900,0.030928
census_tract,B7,36047073800,0.020619
census_tract,B7,36047073200,0.030928
census_tract,B7,36047094600,0.072165
census_tract,B7,36047084600,0.010309
census_tract,B7,36047089000,0.030928
census_tract,B7,36047054600,0.030928
census_tract,B7,36047093200,0.010309
census_tract,B7,36047064200,0.020619
census_tract,B7,36047094401,0.020619
census_tract,B7,36047090000,0.010309
census_tract,B7,36047040100,0.010309
census_tract,B7,36047074400,0.010309
census_tract,Bx32,36005018101,0.032258
census_tract,Bx32,36005005100,0.064516
census_tract,Bx32,36005022701,0.048387
census_tract,Bx32,36005026300,0.016129
census_tract,Bx32,36005023900,0.064516
census_tract,Bx32,36005017300,0.048387
census_tract,Bx32,36005023301,0.032258
census_tract,Bx32,36005006700,0.032258
census_tract,Bx32,36005022902,0.032258
census_tract,Bx32,36005024300,0.016129
census_tract,Bx32,36005018302,0.032258
census_tract,Bx32,36005021700,0.032258
census_tract,Bx32,36005026500,0.064516
census_tract,Bx32,36005025100,0.032258
census_tract,Bx32,36005022500,0.080645
census_tract,Bx32,36005040100,0.032258
census_tract,Bx32,36005006500,0.048387
census_tract,Bx32,36005002300,0.032258
census_tract,Bx32,36005026100,0.032258
census_tract,Bx32,36005017500,0.048387
census_tract,Bx32,36005024100,0.032258
census_tract,Bx32,36005025300,0.016129
census_tract,Bx32,36005026701,0.016129
census_tract,Bx32,36005006100,0.048387
census_tract,Bx32,36005022703,0.016129
census_tract,Bx32,36005017901,0.016129
census_tract,Bx32,36005040900,0.016129
census_tract,Bx32,36005017702,0.016129
census_tract,BX32,36005018101,0.032258
census_tract,BX32,36005005100,0.064516
census_tract,BX32,36005022701,0.048387
census_tract,BX32,36005026300,0.016129
census_tract,BX32,36005023900,0.064516
census_tract,BX32,36005017300,0.048387
census_tract,BX32,36005023301,0.032258
census_tract,BX32,36005006700,0.032258
census_tract,BX32,36005022902,0.032258
census_tract,BX32,36005024300,0.016129
census_tract,BX32,36005018302,0.032258
census_tract,BX32,36005021700,0.032258
census_tract,BX32,36005026500,0.064516
census_tract,BX32,36005025100,0.032258
census_tract,BX32,36005022500,0.080645
census_tract,BX32,36005040100,0.032258
census_tract,BX32,36005006500,0.048387
census_tract,BX32,36005002300,0.032258
census_tract,BX32,36005026100,0.032258
census_tract,BX32,36005017500,0.048387
census_tract,BX32,36005024100,0.032258
census_tract,BX32,36005025300,0.016129
census_tract,BX32,36005026701,0.016129
census_tract,BX32,36005006100,0.048387
census_tract,BX32,36005022703,0.016129
census_tract,BX32,36005017901,0.016129
census_tract,BX32,36005040900,0.016129
census_tract,BX32,36005017702,0.016129
census_tract,B8,36047092200,0.02649
census_tract,B8,36047093400,0.033113
census_tract,B8,36047015400,0.033113
census_tract,B8,36047048000,0.013245
census_tract,B8,36047082800,0.039735
census_tract,B8,36047093600,0.019868
census_tract,B8,36047026400,0.013245
census_tract,B8,36047051601,0.013245
census_tract,B8,36047005800,0.006623
census_tract,B8,36047027800,0.02649
census_tract,B8,36047025200,0.019868
census_tract,B8,36047094600,0.039735
census_tract,B8,36047083800,0.02649
census_tract,B8,36047083200,0.019868
census_tract,B8,36047017600,0.019868
census_tract,B8,36047047400,0.013245
census_tract,B8,36047024400,0.013245
census_tract,B8,36047088800,0.02649
census_tract,B8,36047024800,0.019868
census_tract,B8,36047016200,0.019868
census_tract,B8,36047084600,0.02649
census_tract,B8,36047048400,0.019868
census_tract,B8,36047083400,0.013245
census_tract,B8,36047005400,0.013245
census_tract,B8,36047084000,0.019868
census_tract,B8,36047015200,0.019868
census_tract,B8,36047078801,0.006623
census_tract,B8,36047079002,0.006623
census_tract,B8,36047052000,0.013245
census_tract,B8,36047028000,0.006623
census_tract,B8,36047047200,0.006623
census_tract,B8,36047047000,0.013245
census_tract,B8,36047047800,0.013245
census_tract,B8,36047047600,0.02649
census_tract,B8,36047077000,0.013245
census_tract,B8,36047027600,0.02649
census_tract,B8,36047016400,0.019868
census_tract,B8,36047093000,0.013245
census_tract,B8,36047089000,0.02649
census_tract,B8,36047051800,0.013245
census_tract,B8,36047017000,0.013245
census_tract,B8,36047017200,0.006623
census_tract,B8,36047016000,0.013245
census_tract,B8,36047046000,0.019868
census_tract,B8,36047027400,0.019868
census_tract,B8,36047017800,0.02649
census_tract,B8,36047026000,0.02649
census_tract,B8,36047052600,0.013245
census_tract,B8,36047017400,0.013245
census_tract,B8,36047048200,0.02649
census_tract,B8,36047083000,0.02649
census_tract,B8,36047016800,0.006623
census_tract,B8,36047026600,0.006623
census_tract,B8,36047076400,0.006623
census_tract,B8,36047005601,0.006623
census_tract,B8,36047046800,0.006623
census_tract,B41,36047073600,0.028846
census_tract,B41,36047077400,0.038462
census_tract,B41,36047079002,0.009615
census_tract,B41,36047012902,0.038462
census_tract,B41,36047074000,0.028846
census_tract,B41,36047067200,0.009615
census_tract,B41,36047068200,0.019231
census_tract,B41,36047070000,0.028846
census_tract,B41,36047069602,0.057692
census_tract,B41,36047017700,0.038462
census_tract,B41,36047069000,0.028846
census_tract,B41,36047065000,0.038462
census_tract,B41,36047065200,0.038462
census_tract,B41,36047077000,0.019231
census_tract,B41,36047003500,0.009615
census_tract,B41,36047015900,0.038462
census_tract,B41,36047003700,0.057692
census_tract,B41,36047067400,0.048077
census_tract,B41,36047078601,0.019231
census_tract,B41,36047032700,0.028846
census_tract,B41,36047068000,0.019231
census_tract,B41,36047079601,0.019231
census_tract,B41,36047069800,0.028846
census_tract,B41,36047073800,0.019231
census_tract,B41,36047079001,0.009615
census_tract,B41,36047050801,0.009615
census_tract,B41,36047051002,0.009615
census_tract,B41,36047067000,0.009615
census_tract,B41,36047016100,0.028846
census_tract,B41,36047079802,0.009615
census_tract,B41,36047079801,0.009615
census_tract,B41,36047079201,0.019231
census_tract,B41,36047079400,0.009615
census_tract,B41,36047066200,0.009615
census_tract,B41,36047079602,0.019231
census_tract,B41,36047051001,0.009615
census_tract,B41,36047012901,0.009615
census_tract,B41,36047051400,0.009615
census_tract,B41,36047001100,0.019231
census_tract,B41,36047068800,0.028846
census_tract,B41,36047078801,0.009615
census_tract,B41,36047001300,0.019231
census_tract,B41,36047051602,0.009615
census_tract,B41,36047074200,0.009615
census_tract,B41,36047051601,0.009615
census_tract,B41,36047050803,0.009615
census_tract,Bx30,36005033000,0.039474
census_tract,Bx30,36005038200,0.013158
census_tract,Bx30,36005046203,0.131579
census_tract,Bx30,36005034400,0.039474
census_tract,Bx30,36005046205,0.171053
census_tract,Bx30,36005048401,0.065789
census_tract,Bx30,36005034200,0.039474
census_tract,Bx30,36005046207,0.105263
census_tract,Bx30,36005036400,0.039474
census_tract,Bx30,36005038600,0.039474
census_tract,Bx30,36005030201,0.078947
census_tract,Bx30,36005022401,0.013158
census_tract,Bx30,36005046209,0.052632
census_tract,Bx30,36005033201,0.013158
census_tract,Bx30,36005036800,0.013158
census_tract,Bx30,36005046204,0.013158
census_tract,Bx30,36005030202,0.039474
census_tract,Bx30,36005046208,0.026316
census_tract,Bx30,36005035800,0.013158
census_tract,Bx30,36005046206,0.013158
census_tract,Bx30,36005034800,0.013158
census_tract,Bx30,36005046000,0.013158
census_tract,Bx30,36005032800,0.013158
census_tract,BX30,36005033000,0.039474
census_tract,BX30,36005038200,0.013158
census_tract,BX30,36005046203,0.131579
census_tract,BX30,36005034400,0.039474
census_tract,BX30,36005046205,0.171053
census_tract,BX30,36005048401,0.065789
census_tract,BX30,36005034200,0.039474
census_tract,BX30,36005046207,0.105263
census_tract,BX30,36005036400,0.039474
census_tract,BX30,36005038600,0.039474
census_tract,BX30,36005030201,0.078947
census_tract,BX30,36005022401,0.013158
census_tract,BX30,36005046209,0.052632
census_tract,BX30,36005033201,0.013158
census_tract,BX30,36005036800,0.013158
census_tract,BX30,36005046204,0.013158
census_tract,BX30,36005030202,0.039474
census_tract,BX30,36005046208,0.026316
census_tract,BX30,36005035800,0.013158
census_tract,BX30,36005046206,0.013158
census_tract,BX30,36005034800,0.013158
census_tract,BX30,36005046000,0.013158
census_tract,BX30,36005032800,0.013158
census_tract,Bx38,36005040900,0.116279
census_tract,Bx38,36005041300,0.011628
census_tract,Bx38,36005042100,0.046512
census_tract,Bx38,36005046207,0.104651
census_tract,Bx38,36005039901,0.034884
census_tract,Bx38,36005046205,0.116279
census_tract,Bx38,36005034800,0.034884
census_tract,Bx38,36005040302,0.011628
census_tract,Bx38,36005046204,0.023256
census_tract,Bx38,36005035600,0.046512
census_tract,Bx38,36005036800,0.034884
census_tract,Bx38,36005043102,0.023256
census_tract,Bx38,36005041900,0.046512
census_tract,Bx38,36005036400,0.023256
census_tract,Bx38,36005046208,0.011628
census_tract,Bx38,36005041100,0.011628
census_tract,Bx38,36005040303,0.011628
census_tract,Bx38,36005037800,0.011628
census_tract,Bx38,36005035000,0.011628
census_tract,Bx38,36005033400,0.011628
census_tract,Bx38,36005038000,0.011628
census_tract,Bx38,36005046203,0.069767
census_tract,Bx38,36005040304,0.023256
census_tract,Bx38,36005042300,0.034884
census_tract,Bx38,36005037000,0.023256
census_tract,Bx38,36005036000,0.011628
census_tract,Bx38,36005026500,0.011628
census_tract,Bx38,36005037200,0.011628
census_tract,Bx38,36005042500,0.011628
census_tract,Bx38,36005042902,0.011628
census_tract,Bx38,36005037400,0.011628
census_tract,Bx38,36005035800,0.011628
census_tract,Bx38,36005046206,0.011628
census_tract,BX38,36005040900,0.116279
census_tract,BX38,36005041300,0.011628
census_tract,BX38,36005042100,0.046512
census_tract,BX38,36005046207,0.104651
census_tract,BX38,36005039901,0.034884
census_tract,BX38,36005046205,0.116279
census_tract,BX38,36005034800,0.034884
census_tract,BX38,36005040302,0.011628
census_tract,BX38,36005046204,0.023256
census_tract,BX38,36005035600,0.046512
census_tract,BX38,36005036800,0.034884
census_tract,BX38,36005043102,0.023256
census_tract,BX38,36005041900,0.046512
census_tract,BX38,36005036400,0.023256
census_tract,BX38,36005046208,0.011628
census_tract,BX38,36005041100,0.011628
census_tract,BX38,36005040303,0.011628
census_tract,BX38,36005037800,0.011628
census_tract,BX38,36005035000,0.011628
census_tract,BX38,36005033400,0.011628
census_tract,BX38,36005038000,0.011628
census_tract,BX38,36005046203,0.069767
census_tract,BX38,36005040304,0.023256
census_tract,BX38,36005042300,0.034884
census_tract,BX38,36005037000,0.023256
census_tract,BX38,36005036000,0.011628
census_tract,BX38,36005026500,0.011628
census_tract,BX38,36005037200,0.011628
census_tract,BX38,36005042500,0.011628
census_tract,BX38,36005042902,0.011628
census_tract,BX38,36005037400,0.011628
census_tract,BX38,36005035800,0.011628
census_tract,BX38,36005046206,0.011628
census_tract,M4,36061024500,0.019737
census_tract,M4,36061014300,0.164474
census_tract,M4,36061021600,0.013158
census_tract,M4,36061015002,0.013158
census_tract,M4,36061010400,0.019737
census_tract,M4,36061012200,0.026316
census_tract,M4,36061022500,0.026316
census_tract,M4,36061023300,0.026316
census_tract,M4,36061007400,0.019737
census_tract,M4,36061014200,0.019737
census_tract,M4,36061025500,0.032895
census_tract,M4,36061023700,0.026316
census_tract,M4,36061028100,0.026316
census_tract,M4,36061009600,0.013158
census_tract,M4,36061026500,0.026316
census_tract,M4,36061011202,0.006579
census_tract,M4,36061024700,0.026316
census_tract,M4,36061016001,0.019737
census_tract,M4,36061011401,0.006579
census_tract,M4,36061019500,0.006579
census_tract,M4,36061019900,0.032895
census_tract,M4,36061009400,0.019737
census_tract,M4,36061027300,0.052632
census_tract,M4,36061021100,0.032895
census_tract,M4,36061022900,0.019737
census_tract,M4,36061010200,0.019737
census_tract,M4,36061024100,0.019737
census_tract,M4,36061017402,0.006579
census_tract,M4,36061008400,0.019737
census_tract,M4,36061016800,0.026316
census_tract,M4,36061008200,0.013158
census_tract,M4,36061026300,0.013158
census_tract,M4,36061020300,0.013158
census_tract,M4,36061018600,0.006579
census_tract,M4,36061022302,0.006579
census_tract,M4,36061021900,0.026316
census_tract,M4,36061016002,0.006579
census_tract,M4,36061019300,0.019737
census_tract,M4,36061022301,0.019737
census_tract,M4,36061025300,0.006579
census_tract,M4,36061019701,0.013158
census_tract,M4,36061013000,0.013158
census_tract,M4,36061020500,0.019737
census_tract,M4,36061025100,0.013158
census_tract,M4,36061028700,0.006579
census_tract,M4,36061019702,0.006579
census_tract,M4,36061017401,0.006579
census_tract,M15,36061017800,0.02459
census_tract,M15,36061001800,0.016393
census_tract,M15,36061000900,0.040984
census_tract,M15,36061006600,0.016393
census_tract,M15,36061010602,0.016393
census_tract,M15,36061011800,0.016393
census_tract,M15,36061000800,0.02459
census_tract,M15,36061003200,0.016393
census_tract,M15,36061016200,0.040984
census_tract,M15,36061008601,0.02459
census_tract,M15,36061008800,0.008197
census_tract,M15,36061009800,0.016393
census_tract,M15,36061016400,0.016393
census_tract,M15,36061012602,0.016393
census_tract,M15,36061011600,0.016393
census_tract,M15,36061013603,0.008197
census_tract,M15,36061009000,0.008197
census_tract,M15,36061007800,0.016393
census_tract,M15,36061015601,0.008197
census_tract,M15,36061003601,0.016393
census_tract,M15,36061002901,0.008197
census_tract,M15,36061001600,0.02459
census_tract,M15,36061018800,0.016393
census_tract,M15,36061024200,0.02459
census_tract,M15,36061000600,0.032787
census_tract,M15,36061011000,0.016393
census_tract,M15,36061019400,0.008197
census_tract,M15,36061004800,0.032787
census_tract,M15,36061014402,0.008197
census_tract,M15,36061012400,0.016393
census_tract,M15,36061010601,0.016393
census_tract,M15,36061000700,0.02459
census_tract,M15,36061001501,0.032787
census_tract,M15,36061008602,0.016393
census_tract,M15,36061002700,0.016393
census_tract,M15,36061008603,0.016393
census_tract,M15,36061003002,0.008197
census_tract,M15,36061003602,0.008197
census_tract,M15,36061007002,0.016393
census_tract,M15,36061002500,0.016393
census_tract,M15,36061015602,0.008197
census_tract,M15,36061013800,0.016393
census_tract,M15,36061015403,0.016393
census_tract,M15,36061015200,0.016393
census_tract,M15,36061006200,0.040984
census_tract,M15,36061013400,0.016393
census_tract,M15,36061006400,0.02459
census_tract,M15,36061003800,0.016393
census_tract,M15,36061018000,0.016393
census_tract,M15,36061010801,0.008197
census_tract,M15,36061003400,0.008197
census_tract,M15,36061004002,0.008197
census_tract,M15,36061014602,0.016393
census_tract,M15,36061019200,0.02459
census_tract,M15,36061013604,0.008197
census_tract,M15,36061001502,0.008197
census_tract,M15,36061013201,0.008197
census_tract,M15,36061003001,0.008197
census_tract,B100,36047065800,0.016949
census_tract,B100,36047070201,0.305085
census_tract,B100,36047056400,0.033898
census_tract,B100,36047067000,0.050847
census_tract,B100,36047055200,0.033898
census_tract,B100,36047065200,0.067797
census_tract,B100,36047055000,0.033898
census_tract,B100,36047068200,0.050847
census_tract,B100,36047063800,0.050847
census_tract,B100,36047065400,0.050847
census_tract,B100,36047069800,0.033898
census_tract,B100,36047068600,0.050847
census_tract,B100,36047065600,0.016949
census_tract,B100,36047063600,0.050847
census_tract,B100,36047068800,0.050847
census_tract,B100,36047069602,0.016949
census_tract,B100,36047066600,0.033898
census_tract,B100,36047054800,0.016949
census_tract,B100,36047064200,0.033898
census_tract,Bx22,36005007800,0.053333
census_tract,Bx22,36005009800,0.053333
census_tract,Bx22,36005040900,0.093333
census_tract,Bx22,36005040304,0.013333
census_tract,Bx22,36005009200,0.053333
census_tract,Bx22,36005039901,0.08
census_tract,Bx22,36005021200,0.026667
census_tract,Bx22,36005008600,0.04
census_tract,Bx22,36005023200,0.013333
census_tract,Bx22,36005022401,0.026667
census_tract,Bx22,36005021002,0.04
census_tract,Bx22,36005026500,0.026667
census_tract,Bx22,36005021602,0.04
census_tract,Bx22,36005008400,0.013333
census_tract,Bx22,36005023000,0.04
census_tract,Bx22,36005033400,0.053333
census_tract,Bx22,36005040302,0.013333
census_tract,Bx22,36005039700,0.053333
census_tract,Bx22,36005038900,0.026667
census_tract,Bx22,36005009000,0.053333
census_tract,Bx22,36005023600,0.04
census_tract,Bx22,36005026701,0.013333
census_tract,Bx22,36005038700,0.026667
census_tract,Bx22,36005020601,0.013333
census_tract,Bx22,36005039902,0.013333
census_tract,Bx22,36005021001,0.026667
census_tract,Bx22,36005023800,0.013333
census_tract,Bx22,36005000400,0.013333
census_tract,Bx22,36005022200,0.026667
census_tract,BX22,36005007800,0.053333
census_tract,BX22,36005009800,0.053333
census_tract,BX22,36005040900,0.093333
census_tract,BX22,36005040304,0.013333
census_tract,BX22,36005009200,0.053333
census_tract,BX22,36005039901,0.08
census_tract,BX22,36005021200,0.026667
census_tract,BX22,36005008600,0.04
census_tract,BX22,36005023200,0.013333
census_tract,BX22,36005022401,0.026667
census_tract,BX22,36005021002,0.04
census_tract,BX22,36005026500,0.026667
census_tract,BX22,36005021602,0.04
census_tract,BX22,36005008400,0.013333
census_tract,BX22,36005023000,0.04
census_tract,BX22,36005033400,0.053333
census_tract,BX22,36005040302,0.013333
census_tract,BX22,36005039700,0.053333
census_tract,BX22,36005038900,0.026667
census_tract,BX22,36005009000,0.053333
census_tract,BX22,36005023600,0.04
census_tract,BX22,36005026701,0.013333
census_tract,BX22,36005038700,0.026667
census_tract,BX22,36005020601,0.013333
census_tract,BX22,36005039902,0.013333
census_tract,BX22,36005021001,0.026667
census_tract,BX22,36005023800,0.013333
census_tract,BX22,36005000400,0.013333
census_tract,BX22,36005022200,0.026667
census_tract,B14,36047092400,0.034091
census_tract,B14,36047091000,0.113636
census_tract,B14,36047120803,0.034091
census_tract,B14,36047119600,0.034091
census_tract,B14,36047120801,0.022727
census_tract,B14,36047090600,0.068182
census_tract,B14,36047090200,0.045455
census_tract,B14,36047120802,0.056818
census_tract,B14,36047113400,0.045455
census_tract,B14,36047035900,0.034091
census_tract,B14,36047116000,0.045455
census_tract,B14,36047035102,0.022727
census_tract,B14,36047035101,0.011364
census_tract,B14,36047035701,0.011364
census_tract,B14,36047116400,0.068182
census_tract,B14,36047122000,0.056818
census_tract,B14,36047115800,0.034091
census_tract,B14,36047120000,0.011364
census_tract,B14,36047115600,0.034091
census_tract,B14,36047035702,0.022727
census_tract,B14,36047091200,0.022727
census_tract,B14,36047090800,0.034091
census_tract,B14,36047121400,0.022727
census_tract,B14,36047090000,0.022727
census_tract,B14,36047119400,0.045455
census_tract,B14,36047116200,0.034091
census_tract,B14,36047121000,0.011364
census_tract,Bx40,36005015200,0.034884
census_tract,Bx40,36005025600,0.034884
census_tract,Bx40,36005019400,0.05814
census_tract,Bx40,36005024900,0.011628
census_tract,Bx40,36005020502,0.023256
census_tract,Bx40,36005024000,0.023256
census_tract,Bx40,36005021001,0.034884
census_tract,Bx40,36005024100,0.011628
census_tract,Bx40,36005037300,0.023256
census_tract,Bx40,36005036501,0.023256
census_tract,Bx40,36005011800,0.127907
census_tract,Bx40,36005016400,0.023256
census_tract,Bx40,36005037900,0.034884
census_tract,Bx40,36005013200,0.034884
census_tract,Bx40,36005038100,0.023256
census_tract,Bx40,36005036300,0.023256
census_tract,Bx40,36005018400,0.023256
census_tract,Bx40,36005024300,0.023256
census_tract,Bx40,36005037100,0.011628
census_tract,Bx40,36005023800,0.023256
census_tract,Bx40,36005024700,0.034884
census_tract,Bx40,36005036100,0.023256
census_tract,Bx40,36005022000,0.011628
census_tract,Bx40,36005025100,0.023256
census_tract,Bx40,36005015800,0.023256
census_tract,Bx40,36005014400,0.011628
census_tract,Bx40,36005020000,0.069767
census_tract,Bx40,36005024501,0.023256
census_tract,Bx40,36005016600,0.011628
census_tract,Bx40,36005021800,0.011628
census_tract,Bx40,36005037504,0.023256
census_tract,Bx40,36005024502,0.023256
census_tract,Bx40,36005016200,0.023256
census_tract,Bx40,36005026400,0.011628
census_tract,Bx40,36005023502,0.011628
census_tract,Bx40,36005039500,0.011628
census_tract,Bx40,36005021602,0.011628
census_tract,Bx40,36005023501,0.011628
census_tract,BX40,36005015200,0.034884
census_tract,BX40,36005025600,0.034884
census_tract,BX40,36005019400,0.05814
census_tract,BX40,36005024900,0.011628
census_tract,BX40,36005020502,0.023256
census_tract,BX40,36005024000,0.023256
census_tract,BX40,36005021001,0.034884
census_tract,BX40,36005024100,0.011628
census_tract,BX40,36005037300,0.023256
census_tract,BX40,36005036501,0.023256
census_tract,BX40,36005011800,0.127907
census_tract,BX40,36005016400,0.023256
census_tract,BX40,36005037900,0.034884
census_tract,BX40,36005013200,0.034884
census_tract,BX40,36005038100,0.023256
census_tract,BX40,36005036300,0.023256
census_tract,BX40,36005018400,0.023256
census_tract,BX40,36005024300,0.023256
census_tract,BX40,36005037100,0.011628
census_tract,BX40,36005023800,0.023256
census_tract,BX40,36005024700,0.034884
census_tract,BX40,36005036100,0.023256
census_tract,BX40,36005022000,0.011628
census_tract,BX40,36005025100,0.023256
census_tract,BX40,36005015800,0.023256
census_tract,BX40,36005014400,0.011628
census_tract,BX40,36005020000,0.069767
census_tract,BX40,36005024501,0.023256
census_tract,BX40,36005016600,0.011628
census_tract,BX40,36005021800,0.011628
census_tract,BX40,36005037504,0.023256
census_tract,BX40,36005024502,0.023256
census_tract,BX40,36005016200,0.023256
census_tract,BX40,36005026400,0.011628
census_tract,BX40,36005023502,0.011628
census_tract,BX40,36005039500,0.011628
census_tract,BX40,36005021602,0.011628
census_tract,BX40,36005023501,0.011628
census_tract,Bx28,36005040900,0.09901
census_tract,Bx28,36005041300,0.009901
census_tract,Bx28,36005042100,0.039604
census_tract,Bx28,36005046207,0.089109
census_tract,Bx28,36005039901,0.039604
census_tract,Bx28,36005046205,0.108911
census_tract,Bx28,36005034800,0.029703
census_tract,Bx28,36005046204,0.029703
census_tract,Bx28,36005030201,0.059406
census_tract,Bx28,36005040302,0.009901
census_tract,Bx28,36005035600,0.039604
census_tract,Bx28,36005036800,0.029703
census_tract,Bx28,36005043102,0.019802
census_tract,Bx28,36005041900,0.039604
census_tract,Bx28,36005042500,0.019802
census_tract,Bx28,36005046203,0.079208
census_tract,Bx28,36005036400,0.019802
census_tract,Bx28,36005030202,0.029703
census_tract,Bx28,36005046208,0.009901
census_tract,Bx28,36005041100,0.009901
census_tract,Bx28,36005040303,0.009901
census_tract,Bx28,36005037800,0.009901
census_tract,Bx28,36005035000,0.009901
census_tract,Bx28,36005033400,0.009901
census_tract,Bx28,36005038000,0.009901
census_tract,Bx28,36005040304,0.019802
census_tract,Bx28,36005042300,0.029703
census_tract,Bx28,36005037000,0.019802
census_tract,Bx28,36005036000,0.009901
census_tract,Bx28,36005026500,0.009901
census_tract,Bx28,36005037200,0.009901
census_tract,Bx28,36005042902,0.009901
census_tract,Bx28,36005037400,0.009901
census_tract,Bx28,36005035800,0.009901
census_tract,Bx28,36005046206,0.009901
census_tract,BX28,36005040900,0.09901
census_tract,BX28,36005041300,0.009901
census_tract,BX28,36005042100,0.039604
census_tract,BX28,36005046207,0.089109
census_tract,BX28,36005039901,0.039604
census_tract,BX28,36005046205,0.108911
census_tract,BX28,36005034800,0.029703
census_tract,BX28,36005046204,0.029703
census_tract,BX28,36005030201,0.059406
census_tract,BX28,36005040302,0.009901
census_tract,BX28,36005035600,0.039604
census_tract,BX28,36005036800,0.029703
census_tract,BX28,36005043102,0.019802
census_tract,BX28,36005041900,0.039604
census_tract,BX28,36005042500,0.019802
census_tract,BX28,36005046203,0.079208
census_tract,BX28,36005036400,0.019802
census_tract,BX28,36005030202,0.029703
census_tract,BX28,36005046208,0.009901
census_tract,BX28,36005041100,0.009901
census_tract,BX28,36005040303,0.009901
census_tract,BX28,36005037800,0.009901
census_tract,BX28,36005035000,0.009901
census_tract,BX28,36005033400,0.009901
census_tract,BX28,36005038000,0.009901
census_tract,BX28,36005040304,0.019802
census_tract,BX28,36005042300,0.029703
census_tract,BX28,36005037000,0.019802
census_tract,BX28,36005036000,0.009901
census_tract,BX28,36005026500,0.009901
census_tract,BX28,36005037200,0.009901
census_tract,BX28,36005042902,0.009901
census_tract,BX28,36005037400,0.009901
census_tract,BX28,36005035800,0.009901
census_tract,BX28,36005046206,0.009901
census_tract,B1,36047037402,0.020408
census_tract,B1,36047038600,0.05102
census_tract,B1,36047061002,0.040816
census_tract,B1,36047037401,0.040816
census_tract,B1,36047040200,0.030612
census_tract,B1,36047036200,0.05102
census_tract,B1,36047035602,0.010204
census_tract,B1,36047027800,0.020408
census_tract,B1,36047015400,0.05102
census_tract,B1,36047016000,0.061224
census_tract,B1,36047036600,0.010204
census_tract,B1,36047018000,0.010204
census_tract,B1,36047062000,0.071429
census_tract,B1,36047030000,0.030612
census_tract,B1,36047017800,0.020408
census_tract,B1,36047029600,0.020408
census_tract,B1,36047017200,0.030612
census_tract,B1,36047016600,0.020408
census_tract,B1,36047061600,0.071429
census_tract,B1,36047028400,0.020408
census_tract,B1,36047036001,0.030612
census_tract,B1,36047029800,0.030612
census_tract,B1,36047036400,0.020408
census_tract,B1,36047015000,0.020408
census_tract,B1,36047035601,0.010204
census_tract,B1,36047038200,0.020408
census_tract,B1,36047029000,0.020408
census_tract,B1,36047035400,0.010204
census_tract,B1,36047028800,0.020408
census_tract,B1,36047014200,0.010204
census_tract,B1,36047061004,0.030612
census_tract,B1,36047038800,0.020408
census_tract,B1,36047039000,0.010204
census_tract,B1,36047015200,0.010204
census_tract,B1,36047017000,0.010204
census_tract,B1,36047036002,0.020408
census_tract,B1,36047037000,0.010204
census_tract,B1,36047014000,0.010204
census_tract,M101,36061012000,0.019355
census_tract,M101,36061004200,0.025806
census_tract,M101,36061006800,0.019355
census_tract,M101,36061025700,0.012903
census_tract,M101,36061017200,0.012903
census_tract,M101,36061026100,0.012903
census_tract,M101,36061022700,0.012903
census_tract,M101,36061005000,0.012903
census_tract,M101,36061010000,0.019355
census_tract,M101,36061027700,0.019355
census_tract,M101,36061012800,0.019355
census_tract,M101,36061009800,0.012903
census_tract,M101,36061023900,0.012903
census_tract,M101,36061018800,0.012903
census_tract,M101,36061014802,0.006452
census_tract,M101,36061015403,0.012903
census_tract,M101,36061014000,0.012903
census_tract,M101,36061019800,0.032258
census_tract,M101,36061011203,0.006452
census_tract,M101,36061021900,0.012903
census_tract,M101,36061016600,0.019355
census_tract,M101,36061008000,0.019355
census_tract,M101,36061031100,0.045161
census_tract,M101,36061007200,0.012903
census_tract,M101,36061013400,0.012903
census_tract,M101,36061026900,0.025806
census_tract,M101,36061022301,0.012903
census_tract,M101,36061023700,0.006452
census_tract,M101,36061024500,0.012903
census_tract,M101,36061026700,0.012903
census_tract,M101,36061017000,0.012903
census_tract,M101,36061007002,0.019355
census_tract,M101,36061011800,0.012903
census_tract,M101,36061015801,0.019355
census_tract,M101,36061014801,0.006452
census_tract,M101,36061024301,0.012903
census_tract,M101,36061006600,0.012903
census_tract,M101,36061008800,0.012903
census_tract,M101,36061004800,0.012903
census_tract,M101,36061023300,0.012903
census_tract,M101,36061011000,0.012903
census_tract,M101,36061009200,0.006452
census_tract,M101,36061009000,0.012903
census_tract,M101,36061021303,0.019355
census_tract,M101,36061024100,0.012903
census_tract,M101,36061021703,0.012903
census_tract,M101,36061022200,0.025806
census_tract,M101,36061004002,0.012903
census_tract,M101,36061024900,0.006452
census_tract,M101,36061023100,0.019355
census_tract,M101,36061023501,0.006452
census_tract,M101,36061020901,0.025806
census_tract,M101,36061016400,0.012903
census_tract,M101,36061022900,0.012903
census_tract,M101,36061013800,0.012903
census_tract,M101,36061022500,0.006452
census_tract,M101,36061019600,0.025806
census_tract,M101,36061020000,0.012903
census_tract,M101,36061025300,0.012903
census_tract,M101,36061025100,0.006452
census_tract,M101,36061018200,0.019355
census_tract,M101,36061010803,0.006452
census_tract,M101,36061014602,0.006452
census_tract,M101,36061018000,0.012903
census_tract,M101,36061007800,0.006452
census_tract,M101,36061012602,0.012903
census_tract,M101,36061006400,0.006452
census_tract,M101,36061014601,0.006452
census_tract,M101,36061011402,0.006452
census_tract,M101,36061019400,0.006452
census_tract,M101,36061015602,0.006452
census_tract,BxM9,36061010200,0.026316
census_tract,BxM9,36005013800,0.105263
census_tract,BxM9,36061005600,0.052632
census_tract,BxM9,36005015800,0.026316
census_tract,BxM9,36005013200,0.078947
census_tract,BxM9,36005014400,0.052632
census_tract,BxM9,36005016000,0.105263
census_tract,BxM9,36005015200,0.105263
census_tract,BxM9,36061014300,0.052632
census_tract,BxM9,36061008200,0.026316
census_tract,BxM9,36061007600,0.026316
census_tract,BxM9,36061013000,0.026316
census_tract,BxM9,36061019400,0.052632
census_tract,BxM9,36061009600,0.026316
census_tract,BxM9,36061009400,0.026316
census_tract,BxM9,36061011401,0.026316
census_tract,BxM9,36061010400,0.026316
census_tract,BxM9,36005011800,0.078947
census_tract,BxM9,36005013000,0.026316
census_tract,BxM9,36061014601,0.026316
census_tract,BxM9,36061011201,0.026316
census_tract,BXM9,36061010200,0.026316
census_tract,BXM9,36005013800,0.105263
census_tract,BXM9,36061005600,0.052632
census_tract,BXM9,36005015800,0.026316
census_tract,BXM9,36005013200,0.078947
census_tract,BXM9,36005014400,0.052632
census_tract,BXM9,36005016000,0.105263
census_tract,BXM9,36005015200,0.105263
census_tract,BXM9,36061014300,0.052632
census_tract,BXM9,36061008200,0.026316
census_tract,BXM9,36061007600,0.026316
census_tract,BXM9,36061013000,0.026316
census_tract,BXM9,36061019400,0.052632
census_tract,BXM9,36061009600,0.026316
census_tract,BXM9,36061009400,0.026316
census_tract,BXM9,36061011401,0.026316
census_tract,BXM9,36061010400,0.026316
census_tract,BXM9,36005011800,0.078947
census_tract,BXM9,36005013000,0.026316
census_tract,BXM9,36061014601,0.026316
census_tract,BXM9,36061011201,0.026316
census_tract,M10,36061015301,0.022727
census_tract,M10,36061023502,0.034091
census_tract,M10,36061014300,0.238636
census_tract,M10,36061013700,0.022727
census_tract,M10,36061024302,0.034091
census_tract,M10,36061022102,0.034091
census_tract,M10,36061020102,0.022727
census_tract,M10,36061017300,0.022727
census_tract,M10,36061021600,0.022727
census_tract,M10,36061022600,0.022727
census_tract,M10,36061021500,0.034091
census_tract,M10,36061018900,0.034091
census_tract,M10,36061022400,0.022727
census_tract,M10,36061022800,0.011364
census_tract,M10,36061022000,0.022727
census_tract,M10,36061016500,0.022727
census_tract,M10,36061014900,0.034091
census_tract,M10,36061025700,0.034091
census_tract,M10,36061015700,0.022727
census_tract,M10,36061016900,0.022727
census_tract,M10,36061018100,0.011364
census_tract,M10,36061017700,0.022727
census_tract,M10,36061023400,0.022727
census_tract,M10,36061014500,0.022727
census_tract,M10,36061016100,0.011364
census_tract,M10,36061023000,0.022727
census_tract,M10,36061023200,0.022727
census_tract,M10,36061019702,0.011364
census_tract,M10,36061021800,0.011364
census_tract,M10,36061025900,0.045455
census_tract,M10,36061018500,0.011364
census_tract,M10,36061022200,0.022727
census_tract,M10,36061023600,0.011364
census_tract,M10,36061019300,0.011364
census_tract,B47,36047038500,0.017699
census_tract,B47,36047069000,0.00885
census_tract,B47,36047088200,0.026549
census_tract,B47,36047093600,0.035398
census_tract,B47,36047035900,0.044248
census_tract,B47,36047089200,0.044248
census_tract,B47,36047037500,0.026549
census_tract,B47,36047068600,0.044248
census_tract,B47,36047030100,0.017699
census_tract,B47,36047038300,0.026549
census_tract,B47,36047036300,0.017699
census_tract,B47,36047028501,0.017699
census_tract,B47,36047095000,0.044248
census_tract,B47,36047039300,0.035398
census_tract,B47,36047090000,0.026549
census_tract,B47,36047028700,0.026549
census_tract,B47,36047069601,0.035398
census_tract,B47,36047038700,0.017699
census_tract,B47,36047094401,0.017699
census_tract,B47,36047088600,0.017699
census_tract,B47,36047086400,0.026549
census_tract,B47,36047072000,0.017699
census_tract,B47,36047030300,0.017699
census_tract,B47,36047069800,0.061947
census_tract,B47,36047036100,0.017699
census_tract,B47,36047038100,0.017699
census_tract,B47,36047039500,0.017699
census_tract,B47,36047069200,0.017699
census_tract,B47,36047038900,0.026549
census_tract,B47,36047093400,0.035398
census_tract,B47,36047067000,0.017699
census_tract,B47,36047088400,0.017699
census_tract,B47,36047037700,0.026549
census_tract,B47,36047029900,0.017699
census_tract,B47,36047030700,0.017699
census_tract,B47,36047094402,0.00885
census_tract,B47,36047037900,0.00885
census_tract,B47,36047086600,0.00885
census_tract,B47,36047068800,0.00885
census_tract,B47,36047088800,0.017699
census_tract,B47,36047028900,0.00885
census_tract,B47,36047096000,0.00885
census_tract,B47,36047072200,0.00885
census_tract,B47,36047028502,0.00885
census_tract,B47,36047069602,0.00885
census_tract,B37,36047006200,0.037037
census_tract,B37,36047008400,0.037037
census_tract,B37,36047002200,0.049383
census_tract,B37,36047001801,0.049383
census_tract,B37,36047011700,0.049383
census_tract,B37,36047000200,0.049383
census_tract,B37,36047005602,0.061728
census_tract,B37,36047005800,0.037037
census_tract,B37,36047007000,0.037037
census_tract,B37,36047007600,0.024691
census_tract,B37,36047011901,0.098765
census_tract,B37,36047006000,0.037037
census_tract,B37,36047007200,0.012346
census_tract,B37,36047014500,0.012346
census_tract,B37,36047006400,0.049383
census_tract,B37,36047001802,0.012346
census_tract,B37,36047012100,0.024691
census_tract,B37,36047006800,0.049383
census_tract,B37,36047008200,0.037037
census_tract,B37,36047002000,0.024691
census_tract,B37,36047007400,0.012346
census_tract,B37,36047010100,0.012346
census_tract,B37,36047008000,0.012346
census_tract,B37,36047005400,0.024691
census_tract,B37,36047014300,0.012346
census_tract,B37,36047003900,0.049383
census_tract,B37,36047007800,0.012346
census_tract,B37,36047012700,0.024691
census_tract,B37,36047006600,0.024691
census_tract,B37,36047005601,0.024691
census_tract,BM3,36047059403,0.033333
census_tract,BM3,36061001300,0.022222
census_tract,BM3,36047059800,0.066667
census_tract,BM3,36047057200,0.011111
census_tract,BM3,36047055000,0.022222
census_tract,BM3,36047059404,0.022222
census_tract,BM3,36047060800,0.066667
census_tract,BM3,36047054600,0.011111
census_tract,BM3,36061000900,0.022222
census_tract,BM3,36047062200,0.066667
census_tract,BM3,36047053800,0.022222
census_tract,BM3,36061010803,0.022222
census_tract,BM3,36047152200,0.022222
census_tract,BM3,36047056000,0.033333
census_tract,BM3,36047051400,0.022222
census_tract,BM3,36061007400,0.022222
census_tract,BM3,36061031900,0.011111
census_tract,BM3,36061011203,0.011111
census_tract,BM3,36047076400,0.022222
census_tract,BM3,36047076000,0.022222
census_tract,BM3,36047050402,0.011111
census_tract,BM3,36047076200,0.044444
census_tract,BM3,36047059600,0.011111
census_tract,BM3,36061008200,0.011111
census_tract,BM3,36061009400,0.011111
census_tract,BM3,36061001501,0.033333
census_tract,BM3,36047059402,0.022222
census_tract,BM3,36061007600,0.011111
census_tract,BM3,36061006400,0.033333
census_tract,BM3,36061005600,0.011111
census_tract,BM3,36047057800,0.022222
census_tract,BM3,36047075800,0.011111
census_tract,BM3,36061010400,0.011111
census_tract,BM3,36047051800,0.011111
census_tract,BM3,36061005800,0.011111
census_tract,BM3,36061006800,0.022222
census_tract,BM3,36047049800,0.011111
census_tract,BM3,36061009600,0.011111
census_tract,BM3,36047048800,0.011111
census_tract,BM3,36047076600,0.011111
census_tract,BM3,36047049400,0.011111
census_tract,BM3,36061002100,0.022222
census_tract,BM3,36047059200,0.011111
census_tract,BM3,36061000700,0.011111
census_tract,BM3,36061008400,0.011111
census_tract,BM3,36061010200,0.011111
census_tract,BM3,36047051601,0.011111
census_tract,BM3,36047049200,0.011111
census_tract,BM3,36047052600,0.011111
census_tract,Bx6,36005006100,0.016949
census_tract,Bx6,36061024100,0.101695
census_tract,Bx6,36005008700,0.084746
census_tract,Bx6,36005011702,0.118644
census_tract,Bx6,36005009301,0.033898
census_tract,Bx6,36005011701,0.084746
census_tract,Bx6,36005011502,0.016949
census_tract,Bx6,36005018302,0.033898
census_tract,Bx6,36005018502,0.016949
census_tract,Bx6,36005012901,0.033898
census_tract,Bx6,36061023900,0.033898
census_tract,Bx6,36005009302,0.050847
census_tract,Bx6,36005006302,0.050847
census_tract,Bx6,36005019500,0.016949
census_tract,Bx6,36061023700,0.016949
census_tract,Bx6,36061023501,0.033898
census_tract,Bx6,36005014100,0.084746
census_tract,Bx6,36005011900,0.016949
census_tract,Bx6,36005017300,0.016949
census_tract,Bx6,36005018900,0.016949
census_tract,Bx6,36061024700,0.016949
census_tract,Bx6,36005013300,0.050847
census_tract,Bx6,36005008900,0.016949
census_tract,Bx6,36005015900,0.016949
census_tract,Bx6,36005018501,0.016949
census_tract,BX6,36005006100,0.016949
census_tract,BX6,36061024100,0.101695
census_tract,BX6,36005008700,0.084746
census_tract,BX6,36005011702,0.118644
census_tract,BX6,36005009301,0.033898
census_tract,BX6,36005011701,0.084746
census_tract,BX6,36005011502,0.016949
census_tract,BX6,36005018302,0.033898
census_tract,BX6,36005018502,0.016949
census_tract,BX6,36005012901,0.033898
census_tract,BX6,36061023900,0.033898
census_tract,BX6,36005009302,0.050847
census_tract,BX6,36005006302,0.050847
census_tract,BX6,36005019500,0.016949
census_tract,BX6,36061023700,0.016949
census_tract,BX6,36061023501,0.033898
census_tract,BX6,36005014100,0.084746
census_tract,BX6,36005011900,0.016949
census_tract,BX6,36005017300,0.016949
census_tract,BX6,36005018900,0.016949
census_tract,BX6,36061024700,0.016949
census_tract,BX6,36005013300,0.050847
census_tract,BX6,36005008900,0.016949
census_tract,BX6,36005015900,0.016949
census_tract,BX6,36005018501,0.016949
census_tract,B82,36047042400,0.020979
census_tract,B82,36047030400,0.041958
census_tract,B82,36047041800,0.020979
census_tract,B82,36047042800,0.027972
census_tract,B82,36047097400,0.027972
census_tract,B82,36047096400,0.013986
census_tract,B82,36047041402,0.013986
census_tract,B82,36047073000,0.020979
census_tract,B82,36047040400,0.006993
census_tract,B82,36047105801,0.034965
census_tract,B82,36047095000,0.027972
census_tract,B82,36047042200,0.013986
census_tract,B82,36047029400,0.034965
census_tract,B82,36047042600,0.020979
census_tract,B82,36047095400,0.013986
census_tract,B82,36047095600,0.034965
census_tract,B82,36047055000,0.006993
census_tract,B82,36047098200,0.034965
census_tract,B82,36047105804,0.055944
census_tract,B82,36047034800,0.027972
census_tract,B82,36047074600,0.020979
census_tract,B82,36047096800,0.027972
census_tract,B82,36047055200,0.027972
census_tract,B82,36047035000,0.020979
census_tract,B82,36047029000,0.013986
census_tract,B82,36047031401,0.048951
census_tract,B82,36047098600,0.006993
census_tract,B82,36047029600,0.020979
census_tract,B82,36047029200,0.013986
census_tract,B82,36047065000,0.020979
census_tract,B82,36047064400,0.013986
census_tract,B82,36047096600,0.027972
census_tract,B82,36047055400,0.020979
census_tract,B82,36047041200,0.013986
census_tract,B82,36047054800,0.013986
census_tract,B82,36047073800,0.013986
census_tract,B82,36047110400,0.006993
census_tract,B82,36047073600,0.006993
census_tract,B82,36047095800,0.013986
census_tract,B82,36047032600,0.013986
census_tract,B82,36047067600,0.013986
census_tract,B82,36047098400,0.013986
census_tract,B82,36047054600,0.020979
census_tract,B82,36047027000,0.020979
census_tract,B82,36047072000,0.006993
census_tract,B82,36047099800,0.006993
census_tract,B82,36047042000,0.006993
census_tract,B82,36047064200,0.013986
census_tract,B82,36047072800,0.006993
census_tract,B82,36047067800,0.006993
census_tract,B82,36047074400,0.006993
census_tract,B12,36047090800,0.016949
census_tract,B12,36047036300,0.033898
census_tract,B12,36047036502,0.016949
census_tract,B12,36047092400,0.050847
census_tract,B12,36047035500,0.033898
census_tract,B12,36047087401,0.084746
census_tract,B12,36047080800,0.135593
census_tract,B12,36047119800,0.033898
census_tract,B12,36047082000,0.033898
census_tract,B12,36047090000,0.033898
census_tract,B12,36047079601,0.050847
census_tract,B12,36047090200,0.067797
census_tract,B12,36047081600,0.033898
census_tract,B12,36047035702,0.050847
census_tract,B12,36047088200,0.016949
census_tract,B12,36047089200,0.033898
census_tract,B12,36047081400,0.016949
census_tract,B12,36047090600,0.016949
census_tract,B12,36047088400,0.016949
census_tract,B12,36047080600,0.016949
census_tract,B12,36047035900,0.016949
census_tract,B12,36047081800,0.016949
census_tract,B12,36047082200,0.033898
census_tract,B12,36047087600,0.033898
census_tract,B12,36047050803,0.067797
census_tract,B12,36047081000,0.016949
census_tract,B12,36047088002,0.016949
census_tract,Bx17,36005003500,0.046154
census_tract,Bx17,36005012901,0.030769
census_tract,Bx17,36005003700,0.046154
census_tract,Bx17,36005013100,0.046154
census_tract,Bx17,36005002701,0.092308
census_tract,Bx17,36005038700,0.046154
census_tract,Bx17,36005016300,0.061538
census_tract,Bx17,36005037100,0.046154
census_tract,Bx17,36005015100,0.076923
census_tract,Bx17,36005039300,0.046154
census_tract,Bx17,36005004300,0.030769
census_tract,Bx17,36005008500,0.015385
census_tract,Bx17,36005037300,0.030769
census_tract,Bx17,36005002702,0.015385
census_tract,Bx17,36005039700,0.030769
census_tract,Bx17,36005015300,0.030769
census_tract,Bx17,36005007900,0.061538
census_tract,Bx17,36005038900,0.046154
census_tract,Bx17,36005039100,0.030769
census_tract,Bx17,36005008300,0.030769
census_tract,Bx17,36005003900,0.015385
census_tract,Bx17,36005007700,0.015385
census_tract,Bx17,36005013300,0.015385
census_tract,Bx17,36005036901,0.015385
census_tract,Bx17,36005036902,0.030769
census_tract,Bx17,36005004100,0.015385
census_tract,Bx17,36005007300,0.030769
census_tract,BX17,36005003500,0.046154
census_tract,BX17,36005012901,0.030769
census_tract,BX17,36005003700,0.046154
census_tract,BX17,36005013100,0.046154
census_tract,BX17,36005002701,0.092308
census_tract,BX17,36005038700,0.046154
census_tract,BX17,36005016300,0.061538
census_tract,BX17,36005037100,0.046154
census_tract,BX17,36005015100,0.076923
census_tract,BX17,36005039300,0.046154
census_tract,BX17,36005004300,0.030769
census_tract,BX17,36005008500,0.015385
census_tract,BX17,36005037300,0.030769
census_tract,BX17,36005002702,0.015385
census_tract,BX17,36005039700,0.030769
census_tract,BX17,36005015300,0.030769
census_tract,BX17,36005007900,0.061538
census_tract,BX17,36005038900,0.046154
census_tract,BX17,36005039100,0.030769
census_tract,BX17,36005008300,0.030769
census_tract,BX17,36005003900,0.015385
census_tract,BX17,36005007700,0.015385
census_tract,BX17,36005013300,0.015385
census_tract,BX17,36005036901,0.015385
census_tract,BX17,36005036902,0.030769
census_tract,BX17,36005004100,0.015385
census_tract,BX17,36005007300,0.030769
census_tract,B38,36047042100,0.036145
census_tract,B38,36081059100,0.012048
census_tract,B38,36081053902,0.072289
census_tract,B38,36081055100,0.060241
census_tract,B38,36047018100,0.024096
census_tract,B38,36047024300,0.012048
census_tract,B38,36081054500,0.024096
census_tract,B38,36047023300,0.024096
census_tract,B38,36047044500,0.060241
census_tract,B38,36047039300,0.012048
census_tract,B38,36047003700,0.048193
census_tract,B38,36047025300,0.012048
census_tract,B38,36081053901,0.060241
census_tract,B38,36047023100,0.012048
census_tract,B38,36047018300,0.024096
census_tract,B38,36047023500,0.024096
census_tract,B38,36047028900,0.036145
census_tract,B38,36047019300,0.024096
census_tract,B38,36047028100,0.036145
census_tract,B38,36047042900,0.048193
census_tract,B38,36047042300,0.012048
census_tract,B38,36047026300,0.024096
census_tract,B38,36047038700,0.024096
census_tract,B38,36047001300,0.024096
census_tract,B38,36047026100,0.012048
census_tract,B38,36047019700,0.024096
census_tract,B38,36081054900,0.024096
census_tract,B38,36047001100,0.036145
census_tract,B38,36047027900,0.024096
census_tract,B38,36047003102,0.024096
census_tract,B38,36047003300,0.012048
census_tract,B38,36047001502,0.012048
census_tract,B38,36047029100,0.024096
census_tract,B38,36047025100,0.012048
census_tract,B38,36047024100,0.012048
census_tract,B38,36047019500,0.012048
census_tract,B38,36047003101,0.012048
census_tract,B38,36047039500,0.012048
census_tract,Bx3,36005027900,0.12
census_tract,Bx3,36005026300,0.08
census_tract,Bx3,36005021502,0.06
census_tract,Bx3,36061026900,0.08
census_tract,Bx3,36005040900,0.02
census_tract,Bx3,36005025100,0.04
census_tract,Bx3,36005026500,0.04
census_tract,Bx3,36005026701,0.04
census_tract,Bx3,36005024501,0.02
census_tract,Bx3,36061027100,0.04
census_tract,Bx3,36005024502,0.02
census_tract,Bx3,36005027300,0.04
census_tract,Bx3,36005028300,0.04
census_tract,Bx3,36005027700,0.06
census_tract,Bx3,36005026100,0.02
census_tract,Bx3,36005021301,0.02
census_tract,Bx3,36005026702,0.04
census_tract,Bx3,36061026300,0.04
census_tract,Bx3,36005025300,0.04
census_tract,Bx3,36005021501,0.06
census_tract,Bx3,36005020501,0.02
census_tract,Bx3,36005024300,0.04
census_tract,Bx3,36005025500,0.02
census_tract,BX3,36005027900,0.12
census_tract,BX3,36005026300,0.08
census_tract,BX3,36005021502,0.06
census_tract,BX3,36061026900,0.08
census_tract,BX3,36005040900,0.02
census_tract,BX3,36005025100,0.04
census_tract,BX3,36005026500,0.04
census_tract,BX3,36005026701,0.04
census_tract,BX3,36005024501,0.02
census_tract,BX3,36061027100,0.04
census_tract,BX3,36005024502,0.02
census_tract,BX3,36005027300,0.04
census_tract,BX3,36005028300,0.04
census_tract,BX3,36005027700,0.06
census_tract,BX3,36005026100,0.02
census_tract,BX3,36005021301,0.02
census_tract,BX3,36005026702,0.04
census_tract,BX3,36061026300,0.04
census_tract,BX3,36005025300,0.04
census_tract,BX3,36005021501,0.06
census_tract,BX3,36005020501,0.02
census_tract,BX3,36005024300,0.04
census_tract,BX3,36005025500,0.02
census_tract,M2,36061011202,0.006944
census_tract,M2,36061007400,0.020833
census_tract,M2,36061022000,0.027778
census_tract,M2,36061005900,0.013889
census_tract,M2,36061023600,0.041667
census_tract,M2,36061022800,0.027778
census_tract,M2,36061014300,0.166667
census_tract,M2,36061015002,0.013889
census_tract,M2,36061021600,0.034722
census_tract,M2,36061008400,0.020833
census_tract,M2,36061014200,0.020833
census_tract,M2,36061031100,0.034722
census_tract,M2,36061024301,0.027778
census_tract,M2,36061022400,0.027778
census_tract,M2,36061016001,0.020833
census_tract,M2,36061023000,0.027778
census_tract,M2,36061012200,0.027778
census_tract,M2,36061010400,0.020833
census_tract,M2,36061022200,0.020833
census_tract,M2,36061005800,0.020833
census_tract,M2,36061010200,0.020833
census_tract,M2,36061021800,0.013889
census_tract,M2,36061023200,0.020833
census_tract,M2,36061006300,0.020833
census_tract,M2,36061007600,0.013889
census_tract,M2,36061005000,0.013889
census_tract,M2,36061017402,0.006944
census_tract,M2,36061025100,0.027778
census_tract,M2,36061009600,0.013889
census_tract,M2,36061004200,0.013889
census_tract,M2,36061023501,0.006944
census_tract,M2,36061008200,0.013889
census_tract,M2,36061005700,0.013889
census_tract,M2,36061016800,0.027778
census_tract,M2,36061022600,0.020833
census_tract,M2,36061006800,0.013889
census_tract,M2,36061018600,0.006944
census_tract,M2,36061009400,0.020833
census_tract,M2,36061023900,0.013889
census_tract,M2,36061011401,0.006944
census_tract,M2,36061005400,0.013889
census_tract,M2,36061016002,0.006944
census_tract,M2,36061023400,0.006944
census_tract,M2,36061013000,0.013889
census_tract,M2,36061024900,0.006944
census_tract,M2,36061005600,0.006944
census_tract,M2,36061017401,0.006944
census_tract,M125,36061020901,0.075
census_tract,M125,36005004300,0.05
census_tract,M125,36061024200,0.125
census_tract,M125,36061020000,0.05
census_tract,M125,36061025700,0.05
census_tract,M125,36005001901,0.025
census_tract,M125,36061021900,0.1
census_tract,M125,36005004100,0.025
census_tract,M125,36061019600,0.075
census_tract,M125,36061022200,0.1
census_tract,M125,36061019800,0.1
census_tract,M125,36005003900,0.1
census_tract,M125,36005002500,0.025
census_tract,M125,36005007100,0.025
census_tract,M125,36005006500,0.025
census_tract,M125,36061021100,0.05
census_tract,B35,36047082200,0.010753
census_tract,B35,36047092200,0.032258
census_tract,B35,36047086800,0.021505
census_tract,B35,36047000200,0.032258
census_tract,B35,36047050600,0.043011
census_tract,B35,36047088800,0.043011
census_tract,B35,36047049400,0.021505
census_tract,B35,36047023000,0.021505
census_tract,B35,36047050801,0.021505
census_tract,B35,36047085600,0.021505
census_tract,B35,36047051002,0.010753
census_tract,B35,36047008400,0.043011
census_tract,B35,36047009001,0.021505
census_tract,B35,36047009002,0.010753
census_tract,B35,36047022800,0.021505
census_tract,B35,36047011000,0.053763
census_tract,B35,36047082000,0.010753
census_tract,B35,36047079400,0.021505
census_tract,B35,36047086400,0.032258
census_tract,B35,36047022600,0.032258
census_tract,B35,36047152200,0.021505
census_tract,B35,36047008800,0.043011
census_tract,B35,36047049600,0.053763
census_tract,B35,36047086200,0.010753
census_tract,B35,36047051200,0.010753
census_tract,B35,36047086000,0.032258
census_tract,B35,36047081400,0.021505
census_tract,B35,36047050402,0.010753
census_tract,B35,36047089600,0.021505
census_tract,B35,36047093600,0.010753
census_tract,B35,36047087000,0.010753
census_tract,B35,36047089000,0.053763
census_tract,B35,36047085800,0.021505
census_tract,B35,36047022400,0.010753
census_tract,B35,36047093800,0.010753
census_tract,B35,36047087200,0.010753
census_tract,B35,36047048600,0.010753
census_tract,B35,36047092000,0.032258
census_tract,B35,36047082400,0.021505
census_tract,B35,36047048800,0.010753
census_tract,B35,36047081800,0.010753
census_tract,B35,36047049200,0.010753
census_tract,B35,36047081600,0.010753
census_tract,B35,36047079602,0.010753
census_tract,B84,36047111000,0.115385
census_tract,B84,36047122000,0.038462
census_tract,B84,36047112200,0.038462
census_tract,B84,36047107001,0.346154
census_tract,B84,36047107800,0.269231
census_tract,B84,36047111600,0.115385
census_tract,B84,36047112400,0.076923
census_tract,Bx39,36005001600,0.072289
census_tract,Bx39,36005044200,0.036145
census_tract,Bx39,36005041400,0.024096
census_tract,Bx39,36005021601,0.036145
census_tract,Bx39,36005039200,0.012048
census_tract,Bx39,36005004400,0.024096
census_tract,Bx39,36005000200,0.012048
census_tract,Bx39,36005004200,0.024096
census_tract,Bx39,36005007200,0.036145
census_tract,Bx39,36005039400,0.024096
census_tract,Bx39,36005043600,0.012048
census_tract,Bx39,36005021602,0.048193
census_tract,Bx39,36005000400,0.108434
census_tract,Bx39,36005022403,0.012048
census_tract,Bx39,36005023600,0.036145
census_tract,Bx39,36005041800,0.012048
census_tract,Bx39,36005033000,0.036145
census_tract,Bx39,36005033601,0.024096
census_tract,Bx39,36005033202,0.024096
census_tract,Bx39,36005042200,0.012048
census_tract,Bx39,36005004001,0.012048
census_tract,Bx39,36005042000,0.012048
census_tract,Bx39,36005039000,0.012048
census_tract,Bx39,36005043400,0.036145
census_tract,Bx39,36005037800,0.024096
census_tract,Bx39,36005022401,0.036145
census_tract,Bx39,36005040600,0.012048
census_tract,Bx39,36005040800,0.024096
census_tract,Bx39,36005023000,0.048193
census_tract,Bx39,36005037400,0.036145
census_tract,Bx39,36005038000,0.024096
census_tract,Bx39,36005007600,0.012048
census_tract,Bx39,36005044400,0.012048
census_tract,Bx39,36005039600,0.012048
census_tract,Bx39,36005033802,0.012048
census_tract,Bx39,36005022404,0.012048
census_tract,Bx39,36005023200,0.012048
census_tract,Bx39,36005033801,0.012048
census_tract,Bx39,36005023800,0.012048
census_tract,BX39,36005001600,0.072289
census_tract,BX39,36005044200,0.036145
census_tract,BX39,36005041400,0.024096
census_tract,BX39,36005021601,0.036145
census_tract,BX39,36005039200,0.012048
census_tract,BX39,36005004400,0.024096
census_tract,BX39,36005000200,0.012048
census_tract,BX39,36005004200,0.024096
census_tract,BX39,36005007200,0.036145
census_tract,BX39,36005039400,0.024096
census_tract,BX39,36005043600,0.012048
census_tract,BX39,36005021602,0.048193
census_tract,BX39,36005000400,0.108434
census_tract,BX39,36005022403,0.012048
census_tract,BX39,36005023600,0.036145
census_tract,BX39,36005041800,0.012048
census_tract,BX39,36005033000,0.036145
census_tract,BX39,36005033601,0.024096
census_tract,BX39,36005033202,0.024096
census_tract,BX39,36005042200,0.012048
census_tract,BX39,36005004001,0.012048
census_tract,BX39,36005042000,0.012048
census_tract,BX39,36005039000,0.012048
census_tract,BX39,36005043400,0.036145
census_tract,BX39,36005037800,0.024096
census_tract,BX39,36005022401,0.036145
census_tract,BX39,36005040600,0.012048
census_tract,BX39,36005040800,0.024096
census_tract,BX39,36005023000,0.048193
census_tract,BX39,36005037400,0.036145
census_tract,BX39,36005038000,0.024096
census_tract,BX39,36005007600,0.012048
census_tract,BX39,36005044400,0.012048
census_tract,BX39,36005039600,0.012048
census_tract,BX39,36005033802,0.012048
census_tract,BX39,36005022404,0.012048
census_tract,BX39,36005023200,0.012048
census_tract,BX39,36005033801,0.012048
census_tract,BX39,36005023800,0.012048
census_tract,M106,36061018300,0.151515
census_tract,M106,36061014300,0.121212
census_tract,M106,36061016200,0.121212
census_tract,M106,36061016800,0.121212
census_tract,M106,36061017000,0.151515
census_tract,M106,36061016001,0.030303
census_tract,M106,36061016002,0.030303
census_tract,M106,36061018100,0.181818
census_tract,M106,36061017200,0.060606
census_tract,M106,36061017401,0.030303
census_tract,Bx5,36005009800,0.119403
census_tract,Bx5,36005026400,0.044776
census_tract,Bx5,36005046205,0.059701
census_tract,Bx5,36005004200,0.089552
census_tract,Bx5,36005026602,0.014925
census_tract,Bx5,36005004600,0.059701
census_tract,Bx5,36005018400,0.029851
census_tract,Bx5,36005027401,0.029851
census_tract,Bx5,36005016400,0.029851
census_tract,Bx5,36005030000,0.014925
census_tract,Bx5,36005011900,0.044776
census_tract,Bx5,36005015900,0.029851
census_tract,Bx5,36005002800,0.134328
census_tract,Bx5,36005005200,0.014925
census_tract,Bx5,36005001600,0.074627
census_tract,Bx5,36005019400,0.029851
census_tract,Bx5,36005027600,0.074627
census_tract,Bx5,36005008900,0.014925
census_tract,Bx5,36005016600,0.029851
census_tract,Bx5,36005007800,0.014925
census_tract,Bx5,36005035600,0.014925
census_tract,Bx5,36005009000,0.014925
census_tract,Bx5,36005008600,0.014925
census_tract,BX5,36005009800,0.119403
census_tract,BX5,36005026400,0.044776
census_tract,BX5,36005046205,0.059701
census_tract,BX5,36005004200,0.089552
census_tract,BX5,36005026602,0.014925
census_tract,BX5,36005004600,0.059701
census_tract,BX5,36005018400,0.029851
census_tract,BX5,36005027401,0.029851
census_tract,BX5,36005016400,0.029851
census_tract,BX5,36005030000,0.014925
census_tract,BX5,36005011900,0.044776
census_tract,BX5,36005015900,0.029851
census_tract,BX5,36005002800,0.134328
census_tract,BX5,36005005200,0.014925
census_tract,BX5,36005001600,0.074627
census_tract,BX5,36005019400,0.029851
census_tract,BX5,36005027600,0.074627
census_tract,BX5,36005008900,0.014925
census_tract,BX5,36005016600,0.029851
census_tract,BX5,36005007800,0.014925
census_tract,BX5,36005035600,0.014925
census_tract,BX5,36005009000,0.014925
census_tract,BX5,36005008600,0.014925
census_tract,Bx1,36005023501,0.033708
census_tract,Bx1,36005027900,0.044944
census_tract,Bx1,36005041300,0.044944
census_tract,Bx1,36005019500,0.033708
census_tract,Bx1,36005022102,0.022472
census_tract,Bx1,36005040900,0.078652
census_tract,Bx1,36005028900,0.05618
census_tract,Bx1,36005006301,0.067416
census_tract,Bx1,36005040701,0.022472
census_tract,Bx1,36005040303,0.011236
census_tract,Bx1,36005023301,0.011236
census_tract,Bx1,36005038301,0.022472
census_tract,Bx1,36005023704,0.011236
census_tract,Bx1,36005023703,0.033708
census_tract,Bx1,36005027700,0.044944
census_tract,Bx1,36005040100,0.022472
census_tract,Bx1,36005023702,0.011236
census_tract,Bx1,36005022300,0.011236
census_tract,Bx1,36005005902,0.022472
census_tract,Bx1,36005006100,0.022472
census_tract,Bx1,36005042100,0.022472
census_tract,Bx1,36005005100,0.033708
census_tract,Bx1,36005022901,0.022472
census_tract,Bx1,36005017902,0.011236
census_tract,Bx1,36005019700,0.011236
census_tract,Bx1,36005022500,0.022472
census_tract,Bx1,36005022702,0.011236
census_tract,Bx1,36005022701,0.011236
census_tract,Bx1,36005018102,0.022472
census_tract,Bx1,36005023502,0.044944
census_tract,Bx1,36005040702,0.011236
census_tract,Bx1,36005028300,0.011236
census_tract,Bx1,36005040302,0.022472
census_tract,Bx1,36005039901,0.011236
census_tract,Bx1,36005022703,0.011236
census_tract,Bx1,36005020900,0.011236
census_tract,Bx1,36005017901,0.011236
census_tract,Bx1,36005002300,0.011236
census_tract,Bx1,36005041100,0.022472
census_tract,Bx1,36005028100,0.022472
census_tract,Bx1,36005018301,0.011236
census_tract,BX1,36005023501,0.033708
census_tract,BX1,36005027900,0.044944
census_tract,BX1,36005041300,0.044944
census_tract,BX1,36005019500,0.033708
census_tract,BX1,36005022102,0.022472
census_tract,BX1,36005040900,0.078652
census_tract,BX1,36005028900,0.05618
census_tract,BX1,36005006301,0.067416
census_tract,BX1,36005040701,0.022472
census_tract,BX1,36005040303,0.011236
census_tract,BX1,36005023301,0.011236
census_tract,BX1,36005038301,0.022472
census_tract,BX1,36005023704,0.011236
census_tract,BX1,36005023703,0.033708
census_tract,BX1,36005027700,0.044944
census_tract,BX1,36005040100,0.022472
census_tract,BX1,36005023702,0.011236
census_tract,BX1,36005022300,0.011236
census_tract,BX1,36005005902,0.022472
census_tract,BX1,36005006100,0.022472
census_tract,BX1,36005042100,0.022472
census_tract,BX1,36005005100,0.033708
census_tract,BX1,36005022901,0.022472
census_tract,BX1,36005017902,0.011236
census_tract,BX1,36005019700,0.011236
census_tract,BX1,36005022500,0.022472
census_tract,BX1,36005022702,0.011236
census_tract,BX1,36005022701,0.011236
census_tract,BX1,36005018102,0.022472
census_tract,BX1,36005023502,0.044944
census_tract,BX1,36005040702,0.011236
census_tract,BX1,36005028300,0.011236
census_tract,BX1,36005040302,0.022472
census_tract,BX1,36005039901,0.011236
census_tract,BX1,36005022703,0.011236
census_tract,BX1,36005020900,0.011236
census_tract,BX1,36005017901,0.011236
census_tract,BX1,36005002300,0.011236
census_tract,BX1,36005041100,0.022472
census_tract,BX1,36005028100,0.022472
census_tract,BX1,36005018301,0.011236
census_tract,BxM1,36061008800,0.017241
census_tract,BxM1,36005029302,0.12069
census_tract,BxM1,36005030701,0.068966
census_tract,BxM1,36005033700,0.086207
census_tract,BxM1,36061011000,0.034483
census_tract,BxM1,36061013400,0.017241
census_tract,BxM1,36061012000,0.034483
census_tract,BxM1,36005028900,0.051724
census_tract,BxM1,36061014601,0.017241
census_tract,BxM1,36005033500,0.051724
census_tract,BxM1,36061012602,0.017241
census_tract,BxM1,36005030100,0.051724
census_tract,BxM1,36005029700,0.034483
census_tract,BxM1,36061010000,0.034483
census_tract,BxM1,36061015801,0.017241
census_tract,BxM1,36005032300,0.051724
census_tract,BxM1,36005031900,0.017241
census_tract,BxM1,36005029500,0.034483
census_tract,BxM1,36061015602,0.017241
census_tract,BxM1,36061009000,0.017241
census_tract,BxM1,36061014000,0.017241
census_tract,BxM1,36061029700,0.017241
census_tract,BxM1,36061014801,0.017241
census_tract,BxM1,36061015403,0.017241
census_tract,BxM1,36061008000,0.017241
census_tract,BxM1,36061029500,0.017241
census_tract,BxM1,36061029300,0.017241
census_tract,BxM1,36061029100,0.017241
census_tract,BxM1,36061007002,0.017241
census_tract,BxM1,36061028500,0.017241
census_tract,BxM1,36061007200,0.017241
census_tract,BxM1,36061029900,0.017241
census_tract,BXM1,36061008800,0.017241
census_tract,BXM1,36005029302,0.12069
census_tract,BXM1,36005030701,0.068966
census_tract,BXM1,36005033700,0.086207
census_tract,BXM1,36061011000,0.034483
census_tract,BXM1,36061013400,0.017241
census_tract,BXM1,36061012000,0.034483
census_tract,BXM1,36005028900,0.051724
census_tract,BXM1,36061014601,0.017241
census_tract,BXM1,36005033500,0.051724
census_tract,BXM1,36061012602,0.017241
census_tract,BXM1,36005030100,0.051724
census_tract,BXM1,36005029700,0.034483
census_tract,BXM1,36061010000,0.034483
census_tract,BXM1,36061015801,0.017241
census_tract,BXM1,36005032300,0.051724
census_tract,BXM1,36005031900,0.017241
census_tract,BXM1,36005029500,0.034483
census_tract,BXM1,36061015602,0.017241
census_tract,BXM1,36061009000,0.017241
census_tract,BXM1,36061014000,0.017241
census_tract,BXM1,36061029700,0.017241
census_tract,BXM1,36061014801,0.017241
census_tract,BXM1,36061015403,0.017241
census_tract,BXM1,36061008000,0.017241
census_tract,BXM1,36061029500,0.017241
census_tract,BXM1,36061029300,0.017241
census_tract,BXM1,36061029100,0.017241
census_tract,BXM1,36061007002,0.017241
census_tract,BXM1,36061028500,0.017241
census_tract,BXM1,36061007200,0.017241
census_tract,BXM1,36061029900,0.017241
census_tract,B70,36047016400,0.046154
census_tract,B70,36047010601,0.030769
census_tract,B70,36047008800,0.061538
census_tract,B70,36047000200,0.061538
census_tract,B70,36047009402,0.015385
census_tract,B70,36047010801,0.015385
census_tract,B70,36047012801,0.046154
census_tract,B70,36047015200,0.046154
census_tract,B70,36047008400,0.092308
census_tract,B70,36047013600,0.015385
census_tract,B70,36047009002,0.015385
census_tract,B70,36047009201,0.015385
census_tract,B70,36047014200,0.076923
census_tract,B70,36047016200,0.015385
census_tract,B70,36047015400,0.030769
census_tract,B70,36047013400,0.046154
census_tract,B70,36047012000,0.030769
census_tract,B70,36047013200,0.046154
census_tract,B70,36047020600,0.015385
census_tract,B70,36047011800,0.046154
census_tract,B70,36047009001,0.046154
census_tract,B70,36047016000,0.061538
census_tract,B70,36047010802,0.030769
census_tract,B70,36047010602,0.015385
census_tract,B70,36047010401,0.015385
census_tract,B70,36047010402,0.030769
census_tract,B70,36047009401,0.015385
census_tract,B70,36047009202,0.015385
census_tract,B74,36047034200,0.111111
census_tract,B74,36047033000,0.259259
census_tract,B74,36047032600,0.259259
census_tract,B74,36047035000,0.074074
census_tract,B74,36047032800,0.259259
census_tract,B74,36047034800,0.037037
census_tract,L90,36047050300,0.0625
census_tract,L90,36047049302,0.125
census_tract,L90,36047049700,0.125
census_tract,L90,36047044500,0.125
census_tract,L90,36047043900,0.125
census_tract,L90,36047045300,0.125
census_tract,L90,36047049500,0.0625
census_tract,L90,36047044700,0.125
census_tract,L90,36047048100,0.0625
census_tract,L90,36047051300,0.0625
census_tract,B6,36047077200,0.032258
census_tract,B6,36047072600,0.051613
census_tract,B6,36047097400,0.03871
census_tract,B6,36047043000,0.019355
census_tract,B6,36047096400,0.012903
census_tract,B6,36047107800,0.03871
census_tract,B6,36047094402,0.012903
census_tract,B6,36047030400,0.025806
census_tract,B6,36047045000,0.025806
census_tract,B6,36047078400,0.025806
census_tract,B6,36047095000,0.025806
census_tract,B6,36047095400,0.012903
census_tract,B6,36047095600,0.032258
census_tract,B6,36047072400,0.025806
census_tract,B6,36047112400,0.012903
census_tract,B6,36047072200,0.03871
census_tract,B6,36047045800,0.012903
census_tract,B6,36047096800,0.025806
census_tract,B6,36047053000,0.006452
census_tract,B6,36047053200,0.019355
census_tract,B6,36047075200,0.032258
census_tract,B6,36047029000,0.012903
census_tract,B6,36047077000,0.012903
census_tract,B6,36047029600,0.025806
census_tract,B6,36047078000,0.025806
census_tract,B6,36047025400,0.006452
census_tract,B6,36047044600,0.012903
census_tract,B6,36047029200,0.019355
census_tract,B6,36047110400,0.032258
census_tract,B6,36047112200,0.006452
census_tract,B6,36047098200,0.03871
census_tract,B6,36047045200,0.006452
census_tract,B6,36047029400,0.025806
census_tract,B6,36047076200,0.019355
census_tract,B6,36047024600,0.012903
census_tract,B6,36047096600,0.025806
census_tract,B6,36047111000,0.019355
census_tract,B6,36047025600,0.012903
census_tract,B6,36047095800,0.012903
census_tract,B6,36047043200,0.006452
census_tract,B6,36047111600,0.019355
census_tract,B6,36047078602,0.019355
census_tract,B6,36047110600,0.006452
census_tract,B6,36047046202,0.006452
census_tract,B6,36047043600,0.006452
census_tract,B6,36047078601,0.006452
census_tract,B6,36047053400,0.006452
census_tract,B6,36047026800,0.006452
census_tract,B6,36047027000,0.019355
census_tract,B6,36047026600,0.006452
census_tract,B6,36047099800,0.006452
census_tract,B6,36047046800,0.006452
census_tract,B6,36047025800,0.006452
census_tract,B6,36047031401,0.006452
census_tract,B6,36047077400,0.006452
census_tract,B13,36081056100,0.04386
census_tract,B13,36081057700,0.04386
census_tract,B13,36047120801,0.052632
census_tract,B13,36047118201,0.035088
census_tract,B13,36081054700,0.04386
census_tract,B13,36081058500,0.017544
census_tract,B13,36047120000,0.017544
census_tract,B13,36047120802,0.017544
census_tract,B13,36047044500,0.026316
census_tract,B13,36047117800,0.017544
census_tract,B13,36081058900,0.061404
census_tract,B13,36047119600,0.026316
census_tract,B13,36081058100,0.026316
census_tract,B13,36047044300,0.035088
census_tract,B13,36047122000,0.122807
census_tract,B13,36047119000,0.035088
census_tract,B13,36047121000,0.035088
census_tract,B13,36047117602,0.026316
census_tract,B13,36081056700,0.04386
census_tract,B13,36081058300,0.026316
census_tract,B13,36047044100,0.026316
census_tract,B13,36047107001,0.061404
census_tract,B13,36047121400,0.052632
census_tract,B13,36081061301,0.008772
census_tract,B13,36047118400,0.017544
census_tract,B13,36081054900,0.035088
census_tract,B13,36081058700,0.026316
census_tract,B13,36047118000,0.008772
census_tract,B13,36047043900,0.008772
census_tract,B26,36047026700,0.037037
census_tract,B26,36047037300,0.024691
census_tract,B26,36047037700,0.049383
census_tract,B26,36047041300,0.049383
census_tract,B26,36047003300,0.061728
census_tract,B26,36047043900,0.08642
census_tract,B26,36047023100,0.012346
census_tract,B26,36047043700,0.049383
census_tract,B26,36047027500,0.049383
census_tract,B26,36047024500,0.037037
census_tract,B26,36047020100,0.024691
census_tract,B26,36047001300,0.037037
census_tract,B26,36081055300,0.024691
census_tract,B26,36047018100,0.012346
census_tract,B26,36047001100,0.037037
census_tract,B26,36047017900,0.037037
census_tract,B26,36047038300,0.049383
census_tract,B26,36047024900,0.024691
census_tract,B26,36047029500,0.049383
census_tract,B26,36047040100,0.049383
census_tract,B26,36047022700,0.037037
census_tract,B26,36047003700,0.037037
census_tract,B26,36047019900,0.049383
census_tract,B26,36047022900,0.024691
census_tract,B26,36047003500,0.012346
census_tract,B26,36047001502,0.012346
census_tract,B26,36047026900,0.024691
census_tract,B64,36047019600,0.05
census_tract,B64,36047030400,0.08
census_tract,B64,36047020800,0.03
census_tract,B64,36047028000,0.03
census_tract,B64,36047020000,0.03
census_tract,B64,36047017000,0.04
census_tract,B64,36047021000,0.03
census_tract,B64,36047013400,0.03
census_tract,B64,36047003400,0.07
census_tract,B64,36047019800,0.04
census_tract,B64,36047013000,0.04
census_tract,B64,36047030200,0.02
census_tract,B64,36047013200,0.04
census_tract,B64,36047035000,0.01
census_tract,B64,36047029200,0.03
census_tract,B64,36047034800,0.04
census_tract,B64,36047015000,0.04
census_tract,B64,36047015400,0.03
census_tract,B64,36047031401,0.03
census_tract,B64,36047017200,0.02
census_tract,B64,36047030800,0.06
census_tract,B64,36047028200,0.02
census_tract,B64,36047006800,0.04
census_tract,B64,36047003000,0.01
census_tract,B64,36047014800,0.03
census_tract,B64,36047030600,0.02
census_tract,B64,36047017400,0.01
census_tract,B64,36047017600,0.01
census_tract,B64,36047029400,0.01
census_tract,B64,36047029600,0.01
census_tract,B64,36047003600,0.01
census_tract,B64,36047017800,0.01
census_tract,B64,36047018000,0.01
census_tract,B64,36047012801,0.01
census_tract,B64,36047028600,0.01
census_tract,B65,36047022100,0.050847
census_tract,B65,36047030500,0.084746
census_tract,B65,36047031300,0.067797
census_tract,B65,36047003900,0.067797
census_tract,B65,36047031500,0.050847
census_tract,B65,36047031100,0.067797
census_tract,B65,36047030700,0.118644
census_tract,B65,36047016100,0.016949
census_tract,B65,36047035900,0.118644
census_tract,B65,36047030900,0.050847
census_tract,B65,36047016300,0.033898
census_tract,B65,36047003700,0.033898
census_tract,B65,36047004300,0.050847
census_tract,B65,36047012902,0.033898
census_tract,B65,36047000900,0.016949
census_tract,B65,36047004100,0.050847
census_tract,B65,36047020300,0.050847
census_tract,B65,36047012901,0.016949
census_tract,B65,36047034700,0.016949
census_tract,B63,36047007800,0.018182
census_tract,B63,36047012902,0.009091
census_tract,B63,36047008800,0.027273
census_tract,B63,36047013000,0.036364
census_tract,B63,36047016200,0.027273
census_tract,B63,36047007400,0.018182
census_tract,B63,36047013300,0.027273
census_tract,B63,36047013900,0.027273
census_tract,B63,36047014200,0.018182
census_tract,B63,36047016000,0.036364
census_tract,B63,36047008400,0.027273
census_tract,B63,36047010100,0.027273
census_tract,B63,36047012600,0.036364
census_tract,B63,36047000700,0.036364
census_tract,B63,36047003900,0.045455
census_tract,B63,36047009800,0.018182
census_tract,B63,36047007600,0.009091
census_tract,B63,36047012200,0.027273
census_tract,B63,36047013400,0.018182
census_tract,B63,36047000900,0.018182
census_tract,B63,36047010200,0.018182
census_tract,B63,36047013100,0.027273
census_tract,B63,36047009600,0.009091
census_tract,B63,36047008200,0.009091
census_tract,B63,36047004100,0.036364
census_tract,B63,36047004300,0.036364
census_tract,B63,36047014500,0.027273
census_tract,B63,36047005800,0.009091
census_tract,B63,36047013500,0.027273
census_tract,B63,36047013600,0.027273
census_tract,B63,36047013800,0.018182
census_tract,B63,36047010000,0.009091
census_tract,B63,36047014300,0.018182
census_tract,B63,36047017500,0.027273
census_tract,B63,36047004900,0.009091
census_tract,B63,36047005602,0.027273
census_tract,B63,36047013700,0.036364
census_tract,B63,36047012901,0.027273
census_tract,B63,36047005601,0.018182
census_tract,B63,36047008000,0.009091
census_tract,B63,36047004500,0.009091
census_tract,B63,36047014102,0.027273
census_tract,B63,36047014101,0.009091
census_tract,B63,36047008600,0.009091
census_tract,B63,36047005400,0.009091
census_tract,BM1,36047070201,0.213483
census_tract,BM1,36061001300,0.022472
census_tract,BM1,36047074400,0.011236
census_tract,BM1,36047073600,0.022472
census_tract,BM1,36047067600,0.022472
census_tract,BM1,36047073000,0.022472
census_tract,BM1,36061000900,0.022472
census_tract,BM1,36047069602,0.033708
census_tract,BM1,36047074800,0.011236
census_tract,BM1,36047075200,0.011236
census_tract,BM1,36061010803,0.022472
census_tract,BM1,36047073200,0.011236
census_tract,BM1,36047075000,0.011236
census_tract,BM1,36047051400,0.022472
census_tract,BM1,36061007400,0.022472
census_tract,BM1,36061031900,0.011236
census_tract,BM1,36061011203,0.011236
census_tract,BM1,36047076400,0.022472
census_tract,BM1,36047073400,0.011236
census_tract,BM1,36047076200,0.044944
census_tract,BM1,36047072000,0.011236
census_tract,BM1,36061008200,0.011236
census_tract,BM1,36047069800,0.011236
census_tract,BM1,36061009400,0.011236
census_tract,BM1,36061001501,0.033708
census_tract,BM1,36047070000,0.044944
census_tract,BM1,36061006400,0.033708
census_tract,BM1,36061007600,0.011236
census_tract,BM1,36061005600,0.011236
census_tract,BM1,36061010400,0.011236
census_tract,BM1,36047051800,0.011236
census_tract,BM1,36061006800,0.022472
census_tract,BM1,36047069200,0.022472
census_tract,BM1,36047074200,0.011236
census_tract,BM1,36047075400,0.011236
census_tract,BM1,36061009600,0.011236
census_tract,BM1,36061002100,0.022472
census_tract,BM1,36061005800,0.011236
census_tract,BM1,36047152200,0.011236
census_tract,BM1,36047076600,0.011236
census_tract,BM1,36061000700,0.011236
census_tract,BM1,36061008400,0.011236
census_tract,BM1,36061010200,0.011236
census_tract,BM1,36047051601,0.011236
census_tract,BM1,36047069601,0.011236
census_tract,BM1,36047052600,0.011236
census_tract,BM1,36047076000,0.011236
census_tract,B3,36047066600,0.068966
census_tract,B3,36047030400,0.034483
census_tract,B3,36047040000,0.045977
census_tract,B3,36047030000,0.022989
census_tract,B3,36047039200,0.011494
census_tract,B3,36047057800,0.034483
census_tract,B3,36047057000,0.045977
census_tract,B3,36047056600,0.022989
census_tract,B3,36047057600,0.045977
census_tract,B3,36047067000,0.034483
census_tract,B3,36047069602,0.011494
census_tract,B3,36047040200,0.057471
census_tract,B3,36047068600,0.034483
census_tract,B3,36047039600,0.022989
census_tract,B3,36047039800,0.034483
census_tract,B3,36047066000,0.022989
census_tract,B3,36047058000,0.034483
census_tract,B3,36047066200,0.045977
census_tract,B3,36047030200,0.022989
census_tract,B3,36047069800,0.08046
census_tract,B3,36047070000,0.045977
census_tract,B3,36047070201,0.011494
census_tract,B3,36047058200,0.034483
census_tract,B3,36047057400,0.022989
census_tract,B3,36047065800,0.011494
census_tract,B3,36047039400,0.068966
census_tract,B3,36047029800,0.034483
census_tract,B3,36047056800,0.034483
census_tract,B32,36047057901,0.025
census_tract,B32,36047056301,0.075
census_tract,B32,36047055500,0.1
census_tract,B32,36047055100,0.075
census_tract,B32,36081000702,0.15
census_tract,B32,36047056100,0.05
census_tract,B32,36047054900,0.15
census_tract,B32,36047052500,0.05
census_tract,B32,36047055700,0.125
census_tract,B32,36047056500,0.075
census_tract,B32,36047057500,0.05
census_tract,B32,36081000701,0.05
census_tract,B32,36047057902,0.025
census_tract,B46-SBS,36047029500,0.037037
census_tract,B46-SBS,36047073000,0.037037
census_tract,B46-SBS,36047086000,0.037037
census_tract,B46-SBS,36047068000,0.037037
census_tract,B46-SBS,36047028900,0.074074
census_tract,B46-SBS,36047029900,0.037037
census_tract,B46-SBS,36047080800,0.037037
census_tract,B46-SBS,36047067200,0.074074
census_tract,B46-SBS,36047035102,0.037037
census_tract,B46-SBS,36047086800,0.037037
census_tract,B46-SBS,36047084600,0.037037
census_tract,B46-SBS,36047038700,0.037037
census_tract,B46-SBS,36047087800,0.037037
census_tract,B46-SBS,36047038300,0.037037
census_tract,B46-SBS,36047035500,0.074074
census_tract,B46-SBS,36047029700,0.037037
census_tract,B46-SBS,36047029300,0.037037
census_tract,B46-SBS,36047034902,0.037037
census_tract,B46-SBS,36047072200,0.074074
census_tract,B46-SBS,36047069800,0.074074
census_tract,B46-SBS,36047067600,0.037037
census_tract,B46-SBS,36047084000,0.037037
census_tract,B46+,36047029500,0.037037
census_tract,B46+,36047073000,0.037037
census_tract,B46+,36047086000,0.037037
census_tract,B46+,36047068000,0.037037
census_tract,B46+,36047028900,0.074074
census_tract,B46+,36047029900,0.037037
census_tract,B46+,36047080800,0.037037
census_tract,B46+,36047067200,0.074074
census_tract,B46+,36047035102,0.037037
census_tract,B46+,36047086800,0.037037
census_tract,B46+,36047084600,0.037037
census_tract,B46+,36047038700,0.037037
census_tract,B46+,36047087800,0.037037
census_tract,B46+,36047038300,0.037037
census_tract,B46+,36047035500,0.074074
census_tract,B46+,36047029700,0.037037
census_tract,B46+,36047029300,0.037037
census_tract,B46+,36047034902,0.037037
census_tract,B46+,36047072200,0.074074
census_tract,B46+,36047069800,0.074074
census_tract,B46+,36047067600,0.037037
census_tract,B46+,36047084000,0.037037
census_tract,Bx9,36005043503,0.112676
census_tract,Bx9,36005036300,0.070423
census_tract,Bx9,36005028500,0.042254
census_tract,Bx9,36005026300,0.014085
census_tract,Bx9,36005034300,0.014085
census_tract,Bx9,36005039300,0.042254
census_tract,Bx9,36005039901,0.070423
census_tract,Bx9,36005026701,0.028169
census_tract,Bx9,36005034500,0.042254
census_tract,Bx9,36005028300,0.070423
census_tract,Bx9,36005027300,0.028169
census_tract,Bx9,36005026500,0.014085
census_tract,Bx9,36005033400,0.042254
census_tract,Bx9,36005022000,0.014085
census_tract,Bx9,36005028900,0.028169
census_tract,Bx9,36005040302,0.014085
census_tract,Bx9,36005039700,0.056338
census_tract,Bx9,36005026900,0.028169
census_tract,Bx9,36005038900,0.028169
census_tract,Bx9,36005026100,0.014085
census_tract,Bx9,36061030900,0.056338
census_tract,Bx9,36005035100,0.042254
census_tract,Bx9,36005038700,0.028169
census_tract,Bx9,36005040304,0.014085
census_tract,Bx9,36005036501,0.014085
census_tract,Bx9,36005036100,0.042254
census_tract,Bx9,36005006000,0.014085
census_tract,Bx9,36005028700,0.014085
census_tract,BX9,36005043503,0.112676
census_tract,BX9,36005036300,0.070423
census_tract,BX9,36005028500,0.042254
census_tract,BX9,36005026300,0.014085
census_tract,BX9,36005034300,0.014085
census_tract,BX9,36005039300,0.042254
census_tract,BX9,36005039901,0.070423
census_tract,BX9,36005026701,0.028169
census_tract,BX9,36005034500,0.042254
census_tract,BX9,36005028300,0.070423
census_tract,BX9,36005027300,0.028169
census_tract,BX9,36005026500,0.014085
census_tract,BX9,36005033400,0.042254
census_tract,BX9,36005022000,0.014085
census_tract,BX9,36005028900,0.028169
census_tract,BX9,36005040302,0.014085
census_tract,BX9,36005039700,0.056338
census_tract,BX9,36005026900,0.028169
census_tract,BX9,36005038900,0.028169
census_tract,BX9,36005026100,0.014085
census_tract,BX9,36061030900,0.056338
census_tract,BX9,36005035100,0.042254
census_tract,BX9,36005038700,0.028169
census_tract,BX9,36005040304,0.014085
census_tract,BX9,36005036501,0.014085
census_tract,BX9,36005036100,0.042254
census_tract,BX9,36005006000,0.014085
census_tract,BX9,36005028700,0.014085
census_tract,B17,36047100400,0.03125
census_tract,B17,36047093000,0.03125
census_tract,B17,36047096400,0.083333
census_tract,B17,36047100800,0.041667
census_tract,B17,36047088002,0.041667
census_tract,B17,36047099800,0.041667
census_tract,B17,36047035102,0.03125
census_tract,B17,36047100600,0.020833
census_tract,B17,36047099600,0.020833
census_tract,B17,36047035302,0.03125
census_tract,B17,36047096600,0.020833
census_tract,B17,36047102600,0.041667
census_tract,B17,36047096800,0.083333
census_tract,B17,36047102200,0.020833
census_tract,B17,36047088600,0.010417
census_tract,B17,36047088001,0.010417
census_tract,B17,36047096200,0.041667
census_tract,B17,36047099200,0.041667
census_tract,B17,36047103401,0.03125
census_tract,B17,36047086600,0.03125
census_tract,B17,36047035500,0.03125
census_tract,B17,36047102400,0.03125
census_tract,B17,36047102801,0.020833
census_tract,B17,36047086400,0.020833
census_tract,B17,36047093400,0.020833
census_tract,B17,36047088800,0.03125
census_tract,B17,36047103402,0.020833
census_tract,B17,36047102802,0.010417
census_tract,B17,36047088200,0.010417
census_tract,B17,36047087600,0.010417
census_tract,B17,36047102000,0.010417
census_tract,B17,36047099400,0.03125
census_tract,B17,36047101800,0.020833
census_tract,B17,36047096000,0.020833
census_tract,BxM4,36005044902,0.080645
census_tract,BxM4,36005023501,0.016129
census_tract,BxM4,36005043502,0.064516
census_tract,BxM4,36005040701,0.016129
census_tract,BxM4,36005041900,0.064516
census_tract,BxM4,36061016800,0.016129
census_tract,BxM4,36061014200,0.016129
census_tract,BxM4,36005022102,0.016129
census_tract,BxM4,36005019500,0.016129
census_tract,BxM4,36005040302,0.032258
census_tract,BxM4,36005039901,0.016129
census_tract,BxM4,36005040303,0.016129
census_tract,BxM4,36061012200,0.032258
census_tract,BxM4,36005017902,0.016129
census_tract,BxM4,36061010200,0.016129
census_tract,BxM4,36061015001,0.016129
census_tract,BxM4,36061014300,0.080645
census_tract,BxM4,36005023301,0.016129
census_tract,BxM4,36061008400,0.016129
census_tract,BxM4,36061008200,0.016129
census_tract,BxM4,36005023502,0.032258
census_tract,BxM4,36005022703,0.016129
census_tract,BxM4,36005041300,0.032258
census_tract,BxM4,36061007400,0.032258
census_tract,BxM4,36005020900,0.016129
census_tract,BxM4,36005006301,0.016129
census_tract,BxM4,36005043101,0.032258
census_tract,BxM4,36061009400,0.016129
census_tract,BxM4,36061010400,0.016129
census_tract,BxM4,36061009600,0.016129
census_tract,BxM4,36061007600,0.016129
census_tract,BxM4,36005018102,0.016129
census_tract,BxM4,36061020000,0.016129
census_tract,BxM4,36005041100,0.016129
census_tract,BxM4,36005044901,0.016129
census_tract,BxM4,36005045101,0.016129
census_tract,BxM4,36005005902,0.016129
census_tract,BxM4,36005023703,0.016129
census_tract,BxM4,36061019800,0.016129
census_tract,BxM4,36061005800,0.016129
census_tract,BxM4,36005040100,0.016129
census_tract,BxM4,36005045102,0.016129
census_tract,BXM4,36005044902,0.080645
census_tract,BXM4,36005023501,0.016129
census_tract,BXM4,36005043502,0.064516
census_tract,BXM4,36005040701,0.016129
census_tract,BXM4,36005041900,0.064516
census_tract,BXM4,36061016800,0.016129
census_tract,BXM4,36061014200,0.016129
census_tract,BXM4,36005022102,0.016129
census_tract,BXM4,36005019500,0.016129
census_tract,BXM4,36005040302,0.032258
census_tract,BXM4,36005039901,0.016129
census_tract,BXM4,36005040303,0.016129
census_tract,BXM4,36061012200,0.032258
census_tract,BXM4,36005017902,0.016129
census_tract,BXM4,36061010200,0.016129
census_tract,BXM4,36061015001,0.016129
census_tract,BXM4,36061014300,0.080645
census_tract,BXM4,36005023301,0.016129
census_tract,BXM4,36061008400,0.016129
census_tract,BXM4,36061008200,0.016129
census_tract,BXM4,36005023502,0.032258
census_tract,BXM4,36005022703,0.016129
census_tract,BXM4,36005041300,0.032258
census_tract,BXM4,36061007400,0.032258
census_tract,BXM4,36005020900,0.016129
census_tract,BXM4,36005006301,0.016129
census_tract,BXM4,36005043101,0.032258
census_tract,BXM4,36061009400,0.016129
census_tract,BXM4,36061010400,0.016129
census_tract,BXM4,36061009600,0.016129
census_tract,BXM4,36061007600,0.016129
census_tract,BXM4,36005018102,0.016129
census_tract,BXM4,36061020000,0.016129
census_tract,BXM4,36005041100,0.016129
census_tract,BXM4,36005044901,0.016129
census_tract,BXM4,36005045101,0.016129
census_tract,BXM4,36005005902,0.016129
census_tract,BXM4,36005023703,0.016129
census_tract,BXM4,36061019800,0.016129
census_tract,BXM4,36061005800,0.016129
census_tract,BXM4,36005040100,0.016129
census_tract,BXM4,36005045102,0.016129
census_tract,Bx24,36005028400,0.222222
census_tract,Bx24,36005026601,0.066667
census_tract,Bx24,36005027600,0.066667
census_tract,Bx24,36005026602,0.111111
census_tract,Bx24,36005027401,0.111111
census_tract,Bx24,36005027402,0.177778
census_tract,Bx24,36005020000,0.111111
census_tract,Bx24,36005030000,0.111111
census_tract,Bx24,36005026400,0.022222
census_tract,BX24,36005028400,0.222222
census_tract,BX24,36005026601,0.066667
census_tract,BX24,36005027600,0.066667
census_tract,BX24,36005026602,0.111111
census_tract,BX24,36005027401,0.111111
census_tract,BX24,36005027402,0.177778
census_tract,BX24,36005020000,0.111111
census_tract,BX24,36005030000,0.111111
census_tract,BX24,36005026400,0.022222
census_tract,B16,36047021600,0.067797
census_tract,B16,36047013800,0.008475
census_tract,B16,36047005601,0.025424
census_tract,B16,36047024000,0.016949
census_tract,B16,36047021400,0.025424
census_tract,B16,36047005602,0.076271
census_tract,B16,36047022600,0.016949
census_tract,B16,36047017700,0.042373
census_tract,B16,36047049800,0.050847
census_tract,B16,36047050600,0.025424
census_tract,B16,36047011600,0.008475
census_tract,B16,36047022800,0.016949
census_tract,B16,36047050001,0.025424
census_tract,B16,36047004600,0.016949
census_tract,B16,36047005202,0.016949
census_tract,B16,36047023600,0.008475
census_tract,B16,36047021800,0.008475
census_tract,B16,36047032700,0.033898
census_tract,B16,36047050803,0.008475
census_tract,B16,36047005000,0.042373
census_tract,B16,36047016000,0.016949
census_tract,B16,36047023000,0.016949
census_tract,B16,36047050401,0.008475
census_tract,B16,36047023400,0.008475
census_tract,B16,36047006000,0.016949
census_tract,B16,36047079802,0.016949
census_tract,B16,36047050804,0.025424
census_tract,B16,36047050002,0.016949
census_tract,B16,36047013200,0.033898
census_tract,B16,36047014200,0.050847
census_tract,B16,36047049600,0.008475
census_tract,B16,36047020600,0.042373
census_tract,B16,36047022200,0.008475
census_tract,B16,36047050402,0.016949
census_tract,B16,36047006200,0.016949
census_tract,B16,36047011800,0.016949
census_tract,B16,36047023200,0.008475
census_tract,B16,36047005201,0.025424
census_tract,B16,36047022000,0.008475
census_tract,B16,36047005400,0.016949
census_tract,B16,36047023800,0.008475
census_tract,B16,36047012801,0.008475
census_tract,B16,36047021200,0.016949
census_tract,B16,36047050801,0.008475
census_tract,B16,36047021000,0.008475
census_tract,B16,36047020800,0.008475
census_tract,B16,36047012000,0.008475
census_tract,B16,36047022400,0.008475
census_tract,Bx10,36005040900,0.142857
census_tract,Bx10,36005029302,0.077922
census_tract,Bx10,36005030701,0.077922
census_tract,Bx10,36005027700,0.051948
census_tract,Bx10,36005028900,0.064935
census_tract,Bx10,36005032300,0.051948
census_tract,Bx10,36005033500,0.051948
census_tract,Bx10,36005027900,0.064935
census_tract,Bx10,36005042100,0.051948
census_tract,Bx10,36005041900,0.064935
census_tract,Bx10,36005041100,0.012987
census_tract,Bx10,36005033700,0.077922
census_tract,Bx10,36005028100,0.038961
census_tract,Bx10,36005030100,0.038961
census_tract,Bx10,36005029700,0.038961
census_tract,Bx10,36005031900,0.025974
census_tract,Bx10,36005028300,0.012987
census_tract,Bx10,36005043101,0.025974
census_tract,Bx10,36005029500,0.012987
census_tract,Bx10,36005042300,0.012987
census_tract,BX10,36005040900,0.142857
census_tract,BX10,36005029302,0.077922
census_tract,BX10,36005030701,0.077922
census_tract,BX10,36005027700,0.051948
census_tract,BX10,36005028900,0.064935
census_tract,BX10,36005032300,0.051948
census_tract,BX10,36005033500,0.051948
census_tract,BX10,36005027900,0.064935
census_tract,BX10,36005042100,0.051948
census_tract,BX10,36005041900,0.064935
census_tract,BX10,36005041100,0.012987
census_tract,BX10,36005033700,0.077922
census_tract,BX10,36005028100,0.038961
census_tract,BX10,36005030100,0.038961
census_tract,BX10,36005029700,0.038961
census_tract,BX10,36005031900,0.025974
census_tract,BX10,36005028300,0.012987
census_tract,BX10,36005043101,0.025974
census_tract,BX10,36005029500,0.012987
census_tract,BX10,36005042300,0.012987
census_tract,Bx36,36005007400,0.056338
census_tract,Bx36,36061026900,0.056338
census_tract,Bx36,36005021502,0.042254
census_tract,Bx36,36005007600,0.014085
census_tract,Bx36,36005039500,0.014085
census_tract,Bx36,36005021700,0.028169
census_tract,Bx36,36005004400,0.028169
census_tract,Bx36,36005021800,0.014085
census_tract,Bx36,36005036901,0.028169
census_tract,Bx36,36005021602,0.056338
census_tract,Bx36,36005037504,0.028169
census_tract,Bx36,36005024000,0.014085
census_tract,Bx36,36061027100,0.028169
census_tract,Bx36,36005021601,0.056338
census_tract,Bx36,36005037900,0.014085
census_tract,Bx36,36005023301,0.028169
census_tract,Bx36,36005024300,0.028169
census_tract,Bx36,36005004200,0.028169
census_tract,Bx36,36005006000,0.028169
census_tract,Bx36,36005007200,0.042254
census_tract,Bx36,36005036100,0.028169
census_tract,Bx36,36005001600,0.042254
census_tract,Bx36,36061026500,0.028169
census_tract,Bx36,36005036502,0.028169
census_tract,Bx36,36005037100,0.014085
census_tract,Bx36,36005021301,0.014085
census_tract,Bx36,36005023502,0.028169
census_tract,Bx36,36005004001,0.014085
census_tract,Bx36,36005035900,0.028169
census_tract,Bx36,36005021501,0.042254
census_tract,Bx36,36005036300,0.014085
census_tract,Bx36,36005020501,0.014085
census_tract,Bx36,36005037300,0.014085
census_tract,Bx36,36005023100,0.014085
census_tract,Bx36,36005023302,0.014085
census_tract,Bx36,36005022000,0.028169
census_tract,BX36,36005007400,0.056338
census_tract,BX36,36061026900,0.056338
census_tract,BX36,36005021502,0.042254
census_tract,BX36,36005007600,0.014085
census_tract,BX36,36005039500,0.014085
census_tract,BX36,36005021700,0.028169
census_tract,BX36,36005004400,0.028169
census_tract,BX36,36005021800,0.014085
census_tract,BX36,36005036901,0.028169
census_tract,BX36,36005021602,0.056338
census_tract,BX36,36005037504,0.028169
census_tract,BX36,36005024000,0.014085
census_tract,BX36,36061027100,0.028169
census_tract,BX36,36005021601,0.056338
census_tract,BX36,36005037900,0.014085
census_tract,BX36,36005023301,0.028169
census_tract,BX36,36005024300,0.028169
census_tract,BX36,36005004200,0.028169
census_tract,BX36,36005006000,0.028169
census_tract,BX36,36005007200,0.042254
census_tract,BX36,36005036100,0.028169
census_tract,BX36,36005001600,0.042254
census_tract,BX36,36061026500,0.028169
census_tract,BX36,36005036502,0.028169
census_tract,BX36,36005037100,0.014085
census_tract,BX36,36005021301,0.014085
census_tract,BX36,36005023502,0.028169
census_tract,BX36,36005004001,0.014085
census_tract,BX36,36005035900,0.028169
census_tract,BX36,36005021501,0.042254
census_tract,BX36,36005036300,0.014085
census_tract,BX36,36005020501,0.014085
census_tract,BX36,36005037300,0.014085
census_tract,BX36,36005023100,0.014085
census_tract,BX36,36005023302,0.014085
census_tract,BX36,36005022000,0.028169
census_tract,Bx29,36005051601,0.666667
census_tract,Bx29,36005050400,0.166667
census_tract,Bx29,36005027600,0.166667
census_tract,BX29,36005051601,0.666667
census_tract,BX29,36005050400,0.166667
census_tract,BX29,36005027600,0.166667
census_tract,B103,36047077600,0.026667
census_tract,B103,36047095000,0.026667
census_tract,B103,36047078000,0.013333
census_tract,B103,36047077000,0.013333
census_tract,B103,36047072600,0.026667
census_tract,B103,36047078601,0.013333
census_tract,B103,36047101600,0.026667
census_tract,B103,36047102200,0.013333
census_tract,B103,36047098400,0.026667
census_tract,B103,36047049400,0.013333
census_tract,B103,36047011901,0.026667
census_tract,B103,36047051400,0.026667
census_tract,B103,36047079002,0.013333
census_tract,B103,36047003700,0.08
census_tract,B103,36047095600,0.013333
census_tract,B103,36047072400,0.026667
census_tract,B103,36047100800,0.04
census_tract,B103,36047100400,0.066667
census_tract,B103,36047003900,0.026667
census_tract,B103,36047098600,0.04
census_tract,B103,36047001100,0.053333
census_tract,B103,36047095400,0.013333
census_tract,B103,36047102000,0.026667
census_tract,B103,36047101000,0.026667
census_tract,B103,36047049800,0.013333
census_tract,B103,36047050402,0.013333
census_tract,B103,36047101400,0.04
census_tract,B103,36047098200,0.026667
census_tract,B103,36047099600,0.013333
census_tract,B103,36047001300,0.013333
census_tract,B103,36047012700,0.026667
census_tract,B103,36047048800,0.013333
census_tract,B103,36047049200,0.013333
census_tract,B103,36047012100,0.026667
census_tract,B103,36047052600,0.013333
census_tract,B103,36047072200,0.026667
census_tract,B103,36047152200,0.026667
census_tract,B103,36047099800,0.026667
census_tract,B103,36047077400,0.013333
census_tract,B103,36047094402,0.013333
census_tract,BxM10,36061011401,0.02439
census_tract,BxM10,36005029600,0.073171
census_tract,BxM10,36061005600,0.04878
census_tract,BxM10,36005023800,0.04878
census_tract,BxM10,36005035800,0.097561
census_tract,BxM10,36061014601,0.02439
census_tract,BxM10,36061009400,0.02439
census_tract,BxM10,36061014300,0.04878
census_tract,BxM10,36061015601,0.02439
census_tract,BxM10,36005024000,0.02439
census_tract,BxM10,36061007600,0.02439
census_tract,BxM10,36061014602,0.02439
census_tract,BxM10,36061013000,0.02439
census_tract,BxM10,36005025200,0.02439
census_tract,BxM10,36005036000,0.02439
census_tract,BxM10,36061019400,0.04878
census_tract,BxM10,36061009600,0.02439
census_tract,BxM10,36005031200,0.04878
census_tract,BxM10,36005023200,0.02439
census_tract,BxM10,36005035600,0.02439
census_tract,BxM10,36061010400,0.02439
census_tract,BxM10,36005025000,0.02439
census_tract,BxM10,36061008200,0.02439
census_tract,BxM10,36061015602,0.02439
census_tract,BxM10,36061010200,0.02439
census_tract,BxM10,36005025400,0.04878
census_tract,BxM10,36061011201,0.02439
census_tract,BxM10,36005023600,0.02439
census_tract,BxM10,36005022000,0.02439
census_tract,BxM10,36005028600,0.02439
census_tract,BXM10,36061011401,0.02439
census_tract,BXM10,36005029600,0.073171
census_tract,BXM10,36061005600,0.04878
census_tract,BXM10,36005023800,0.04878
census_tract,BXM10,36005035800,0.097561
census_tract,BXM10,36061014601,0.02439
census_tract,BXM10,36061009400,0.02439
census_tract,BXM10,36061014300,0.04878
census_tract,BXM10,36061015601,0.02439
census_tract,BXM10,36005024000,0.02439
census_tract,BXM10,36061007600,0.02439
census_tract,BXM10,36061014602,0.02439
census_tract,BXM10,36061013000,0.02439
census_tract,BXM10,36005025200,0.02439
census_tract,BXM10,36005036000,0.02439
census_tract,BXM10,36061019400,0.04878
census_tract,BXM10,36061009600,0.02439
census_tract,BXM10,36005031200,0.04878
census_tract,BXM10,36005023200,0.02439
census_tract,BXM10,36005035600,0.02439
census_tract,BXM10,36061010400,0.02439
census_tract,BXM10,36005025000,0.02439
census_tract,BXM10,36061008200,0.02439
census_tract,BXM10,36061015602,0.02439
census_tract,BXM10,36061010200,0.02439
census_tract,BXM10,36005025400,0.04878
census_tract,BXM10,36061011201,0.02439
census_tract,BXM10,36005023600,0.02439
census_tract,BXM10,36005022000,0.02439
census_tract,BXM10,36005028600,0.02439
census_tract,M100,36061020901,0.058824
census_tract,M100,36061027100,0.058824
census_tract,M100,36061028500,0.029412
census_tract,M100,36061029900,0.132353
census_tract,M100,36061023100,0.029412
census_tract,M100,36061028700,0.088235
census_tract,M100,36061023900,0.029412
census_tract,M100,36061024500,0.044118
census_tract,M100,36061023501,0.014706
census_tract,M100,36061021703,0.029412
census_tract,M100,36061024100,0.029412
census_tract,M100,36061022900,0.029412
census_tract,M100,36061026300,0.044118
census_tract,M100,36061028300,0.029412
census_tract,M100,36061025300,0.029412
census_tract,M100,36061029300,0.014706
census_tract,M100,36061026500,0.029412
census_tract,M100,36061023300,0.014706
census_tract,M100,36061029700,0.014706
census_tract,M100,36061021303,0.014706
census_tract,M100,36061025100,0.029412
census_tract,M100,36061021900,0.029412
census_tract,M100,36061027900,0.044118
census_tract,M100,36061029100,0.014706
census_tract,M100,36061022301,0.029412
census_tract,M100,36061030300,0.029412
census_tract,M100,36061022700,0.014706
census_tract,M100,36061031100,0.014706
census_tract,M100,36061023700,0.014706
census_tract,M100,36061024301,0.014706
census_tract,B44,36047064200,0.007299
census_tract,B44,36047085400,0.007299
census_tract,B44,36047024100,0.043796
census_tract,B44,36047074200,0.014599
census_tract,B44,36047024500,0.043796
census_tract,B44,36047083000,0.014599
census_tract,B44,36047034100,0.014599
census_tract,B44,36047056400,0.036496
census_tract,B44,36047056600,0.036496
census_tract,B44,36047057200,0.021898
census_tract,B44,36047077400,0.021898
census_tract,B44,36047074800,0.029197
census_tract,B44,36047082400,0.014599
census_tract,B44,36047059600,0.021898
census_tract,B44,36047059402,0.029197
census_tract,B44,36047062200,0.087591
census_tract,B44,36047052500,0.014599
census_tract,B44,36047033701,0.007299
census_tract,B44,36047082800,0.014599
census_tract,B44,36047024700,0.014599
census_tract,B44,36047031500,0.014599
census_tract,B44,36047053500,0.021898
census_tract,B44,36047081600,0.007299
census_tract,B44,36047024300,0.043796
census_tract,B44,36047031701,0.007299
census_tract,B44,36047031300,0.014599
census_tract,B44,36047032900,0.014599
census_tract,B44,36047074600,0.029197
census_tract,B44,36047064000,0.007299
census_tract,B44,36047032100,0.021898
census_tract,B44,36047053102,0.007299
census_tract,B44,36047080200,0.014599
census_tract,B44,36047059800,0.007299
census_tract,B44,36047033900,0.007299
census_tract,B44,36047064400,0.021898
census_tract,B44,36047075000,0.014599
census_tract,B44,36047078602,0.014599
census_tract,B44,36047053300,0.014599
census_tract,B44,36047081000,0.021898
census_tract,B44,36047085600,0.021898
census_tract,B44,36047082600,0.014599
census_tract,B44,36047078200,0.007299
census_tract,B44,36047082000,0.014599
census_tract,B44,36047031702,0.007299
census_tract,B44,36047078801,0.007299
census_tract,B44,36047033500,0.007299
census_tract,B44,36047080000,0.014599
census_tract,B44,36047080600,0.007299
census_tract,B44,36047033300,0.007299
census_tract,B44,36047123700,0.021898
census_tract,B44,36047078601,0.014599
census_tract,B44,36047060000,0.007299
census_tract,B44,36047024900,0.007299
census_tract,B44,36047033702,0.007299
census_tract,B44,36047080800,0.007299
census_tract,B44,36047053101,0.007299
census_tract,B44,36047081800,0.014599
census_tract,Bx26,36005031600,0.016129
census_tract,Bx26,36005046208,0.016129
census_tract,Bx26,36005040900,0.112903
census_tract,Bx26,36005032600,0.032258
census_tract,Bx26,36005046203,0.032258
census_tract,Bx26,36005033400,0.032258
census_tract,Bx26,36005046205,0.145161
census_tract,Bx26,36005030201,0.096774
census_tract,Bx26,36005039700,0.016129
census_tract,Bx26,36005041500,0.048387
census_tract,Bx26,36005035600,0.048387
census_tract,Bx26,36005040702,0.048387
census_tract,Bx26,36005034000,0.016129
census_tract,Bx26,36005046204,0.016129
census_tract,Bx26,36005030202,0.048387
census_tract,Bx26,36005036000,0.064516
census_tract,Bx26,36005033601,0.032258
census_tract,Bx26,36005031000,0.032258
census_tract,Bx26,36005031800,0.016129
census_tract,Bx26,36005034400,0.016129
census_tract,Bx26,36005032800,0.016129
census_tract,Bx26,36005031200,0.016129
census_tract,Bx26,36005034200,0.016129
census_tract,Bx26,36005033202,0.016129
census_tract,Bx26,36005033000,0.016129
census_tract,Bx26,36005034800,0.016129
census_tract,Bx26,36005041100,0.016129
census_tract,BX26,36005031600,0.016129
census_tract,BX26,36005046208,0.016129
census_tract,BX26,36005040900,0.112903
census_tract,BX26,36005032600,0.032258
census_tract,BX26,36005046203,0.032258
census_tract,BX26,36005033400,0.032258
census_tract,BX26,36005046205,0.145161
census_tract,BX26,36005030201,0.096774
census_tract,BX26,36005039700,0.016129
census_tract,BX26,36005041500,0.048387
census_tract,BX26,36005035600,0.048387
census_tract,BX26,36005040702,0.048387
census_tract,BX26,36005034000,0.016129
census_tract,BX26,36005046204,0.016129
census_tract,BX26,36005030202,0.048387
census_tract,BX26,36005036000,0.064516
census_tract,BX26,36005033601,0.032258
census_tract,BX26,36005031000,0.032258
census_tract,BX26,36005031800,0.016129
census_tract,BX26,36005034400,0.016129
census_tract,BX26,36005032800,0.016129
census_tract,BX26,36005031200,0.016129
census_tract,BX26,36005034200,0.016129
census_tract,BX26,36005033202,0.016129
census_tract,BX26,36005033000,0.016129
census_tract,BX26,36005034800,0.016129
census_tract,BX26,36005041100,0.016129
census_tract,Bx13,36005021302,0.023256
census_tract,Bx13,36061026300,0.046512
census_tract,Bx13,36005006100,0.023256
census_tract,Bx13,36005021100,0.093023
census_tract,Bx13,36005019900,0.046512
census_tract,Bx13,36061026900,0.093023
census_tract,Bx13,36005018900,0.139535
census_tract,Bx13,36005006301,0.116279
census_tract,Bx13,36005018302,0.046512
census_tract,Bx13,36061027100,0.046512
census_tract,Bx13,36005014100,0.116279
census_tract,Bx13,36005020100,0.046512
census_tract,Bx13,36005019300,0.023256
census_tract,Bx13,36005006302,0.093023
census_tract,Bx13,36005017300,0.023256
census_tract,Bx13,36005018501,0.023256
census_tract,BX13,36005021302,0.023256
census_tract,BX13,36061026300,0.046512
census_tract,BX13,36005006100,0.023256
census_tract,BX13,36005021100,0.093023
census_tract,BX13,36005019900,0.046512
census_tract,BX13,36061026900,0.093023
census_tract,BX13,36005018900,0.139535
census_tract,BX13,36005006301,0.116279
census_tract,BX13,36005018302,0.046512
census_tract,BX13,36061027100,0.046512
census_tract,BX13,36005014100,0.116279
census_tract,BX13,36005020100,0.046512
census_tract,BX13,36005019300,0.023256
census_tract,BX13,36005006302,0.093023
census_tract,BX13,36005017300,0.023256
census_tract,BX13,36005018501,0.023256
census_tract,B46,36047086000,0.028037
census_tract,B46,36047067200,0.056075
census_tract,B46,36047034700,0.009346
census_tract,B46,36047049100,0.037383
census_tract,B46,36047052700,0.018692
census_tract,B46,36047088002,0.018692
census_tract,B46,36047073000,0.018692
census_tract,B46,36047029900,0.018692
census_tract,B46,36047034902,0.018692
census_tract,B46,36047067600,0.018692
census_tract,B46,36047052500,0.028037
census_tract,B46,36047029300,0.018692
census_tract,B46,36047035500,0.018692
census_tract,B46,36047030700,0.009346
census_tract,B46,36047028700,0.028037
census_tract,B46,36047084000,0.028037
census_tract,B46,36047069800,0.018692
census_tract,B46,36047084800,0.018692
census_tract,B46,36047029100,0.018692
census_tract,B46,36047086800,0.046729
census_tract,B46,36047028900,0.018692
census_tract,B46,36047087800,0.009346
census_tract,B46,36047093200,0.028037
census_tract,B46,36047038500,0.009346
census_tract,B46,36047072800,0.018692
census_tract,B46,36047035102,0.018692
census_tract,B46,36047086200,0.018692
census_tract,B46,36047038700,0.028037
census_tract,B46,36047038900,0.037383
census_tract,B46,36047068200,0.009346
census_tract,B46,36047039300,0.018692
census_tract,B46,36047038100,0.009346
census_tract,B46,36047027100,0.009346
census_tract,B46,36047067000,0.018692
census_tract,B46,36047088001,0.018692
census_tract,B46,36047068000,0.018692
census_tract,B46,36047028501,0.009346
census_tract,B46,36047038300,0.009346
census_tract,B46,36047066200,0.009346
census_tract,B46,36047080800,0.009346
census_tract,B46,36047084600,0.009346
census_tract,B46,36047029700,0.018692
census_tract,B46,36047072200,0.028037
census_tract,B46,36047085000,0.009346
census_tract,B46,36047029500,0.009346
census_tract,B46,36047034901,0.009346
census_tract,B46,36047050700,0.018692
census_tract,B46,36047030900,0.009346
census_tract,B46,36047052900,0.028037
census_tract,B46,36047035101,0.009346
census_tract,B46,36047034500,0.009346
census_tract,B46,36047028502,0.009346
census_tract,B46,36047072400,0.018692
census_tract,B46,36047050900,0.009346
census_tract,M102,36061012000,0.026316
census_tract,M102,36061004200,0.035088
census_tract,M102,36061006800,0.026316
census_tract,M102,36061017200,0.017544
census_tract,M102,36061022800,0.017544
census_tract,M102,36061019000,0.026316
census_tract,M102,36061018200,0.04386
census_tract,M102,36061005000,0.017544
census_tract,M102,36061010000,0.026316
census_tract,M102,36061012800,0.026316
census_tract,M102,36061009800,0.017544
census_tract,M102,36061020000,0.026316
census_tract,M102,36061022400,0.017544
census_tract,M102,36061014802,0.008772
census_tract,M102,36061015403,0.017544
census_tract,M102,36061014000,0.017544
census_tract,M102,36061011203,0.008772
census_tract,M102,36061016600,0.026316
census_tract,M102,36061008000,0.026316
census_tract,M102,36061007002,0.026316
census_tract,M102,36061007200,0.017544
census_tract,M102,36061013400,0.017544
census_tract,M102,36061018400,0.026316
census_tract,M102,36061017000,0.017544
census_tract,M102,36061023200,0.026316
census_tract,M102,36061011800,0.017544
census_tract,M102,36061015801,0.026316
census_tract,M102,36061006600,0.017544
census_tract,M102,36061008800,0.017544
census_tract,M102,36061020800,0.017544
census_tract,M102,36061004800,0.017544
census_tract,M102,36061022000,0.017544
census_tract,M102,36061011000,0.017544
census_tract,M102,36061009200,0.008772
census_tract,M102,36061009000,0.017544
census_tract,M102,36061023600,0.026316
census_tract,M102,36061021400,0.017544
census_tract,M102,36061021200,0.026316
census_tract,M102,36061004002,0.017544
census_tract,M102,36061023000,0.017544
census_tract,M102,36061016400,0.017544
census_tract,M102,36061014601,0.008772
census_tract,M102,36061013800,0.017544
census_tract,M102,36061022200,0.008772
census_tract,M102,36061010803,0.008772
census_tract,M102,36061014602,0.008772
census_tract,M102,36061018000,0.017544
census_tract,M102,36061007800,0.008772
census_tract,M102,36061012602,0.017544
census_tract,M102,36061006400,0.008772
census_tract,M102,36061011402,0.008772
census_tract,M102,36061015602,0.008772
census_tract,M102,36061014801,0.008772
census_tract,M102,36061022600,0.008772
census_tract,Bx18A,36005019900,0.095238
census_tract,Bx18A,36005020100,0.095238
census_tract,Bx18A,36005020501,0.142857
census_tract,Bx18A,36005017902,0.047619
census_tract,Bx18A,36005024501,0.095238
census_tract,Bx18A,36005021900,0.142857
census_tract,Bx18A,36005021502,0.095238
census_tract,Bx18A,36005024700,0.047619
census_tract,Bx18A,36005021100,0.142857
census_tract,Bx18A,36005020900,0.047619
census_tract,Bx18A,36005022500,0.047619
census_tract,BX18A,36005019900,0.095238
census_tract,BX18A,36005020100,0.095238
census_tract,BX18A,36005020501,0.142857
census_tract,BX18A,36005017902,0.047619
census_tract,BX18A,36005024501,0.095238
census_tract,BX18A,36005021900,0.142857
census_tract,BX18A,36005021502,0.095238
census_tract,BX18A,36005024700,0.047619
census_tract,BX18A,36005021100,0.142857
census_tract,BX18A,36005020900,0.047619
census_tract,BX18A,36005022500,0.047619
census_tract,M116,36061019300,0.142857
census_tract,M116,36061021800,0.119048
census_tract,M116,36061019200,0.095238
census_tract,M116,36061018400,0.071429
census_tract,M116,36061019000,0.047619
census_tract,M116,36061018200,0.095238
census_tract,M116,36061018800,0.071429
census_tract,M116,36061017800,0.095238
census_tract,M116,36061020102,0.071429
census_tract,M116,36061019702,0.047619
census_tract,M116,36061019500,0.047619
census_tract,M116,36061018900,0.047619
census_tract,M116,36061019701,0.02381
census_tract,M116,36061019100,0.02381
census_tract,B61,36047005900,0.085366
census_tract,B61,36047016700,0.085366
census_tract,B61,36047008500,0.060976
census_tract,B61,36047005301,0.146341
census_tract,B61,36047005100,0.04878
census_tract,B61,36047150200,0.060976
census_tract,B61,36047015100,0.02439
census_tract,B61,36047015300,0.02439
census_tract,B61,36047003700,0.02439
census_tract,B61,36047005302,0.085366
census_tract,B61,36047004700,0.060976
census_tract,B61,36047013900,0.012195
census_tract,B61,36047000900,0.036585
census_tract,B61,36047000700,0.02439
census_tract,B61,36047016900,0.04878
census_tract,B61,36047007700,0.02439
census_tract,B61,36047012100,0.04878
census_tract,B61,36047013700,0.036585
census_tract,B61,36047006500,0.012195
census_tract,B61,36047004300,0.012195
census_tract,B61,36047004900,0.012195
census_tract,B61,36047011902,0.012195
census_tract,B61,36047004500,0.012195
census_tract,M35,36061024000,0.73913
census_tract,M35,36061019600,0.086957
census_tract,M35,36061024200,0.173913
census_tract,M21,36061002202,0.02381
census_tract,M21,36061003602,0.047619
census_tract,M21,36061002201,0.047619
census_tract,M21,36061001002,0.142857
census_tract,M21,36061005502,0.071429
census_tract,M21,36061005501,0.047619
census_tract,M21,36061004900,0.119048
census_tract,M21,36061001001,0.071429
census_tract,M21,36061004300,0.047619
census_tract,M21,36061003700,0.142857
census_tract,M21,36061003001,0.047619
census_tract,M21,36061003601,0.047619
census_tract,M21,36061006500,0.02381
census_tract,M21,36061003002,0.047619
census_tract,M21,36061006700,0.047619
census_tract,M21,36061006900,0.02381
census_tract,Bx4A,36005012101,0.04878
census_tract,Bx4A,36005007000,0.02439
census_tract,Bx4A,36005005002,0.04878
census_tract,Bx4A,36005025600,0.04878
census_tract,Bx4A,36005006800,0.02439
census_tract,Bx4A,36005021602,0.073171
census_tract,Bx4A,36005005400,0.073171
census_tract,Bx4A,36005021200,0.04878
census_tract,Bx4A,36005012102,0.04878
census_tract,Bx4A,36005020000,0.146341
census_tract,Bx4A,36005021001,0.097561
census_tract,Bx4A,36005021002,0.02439
census_tract,Bx4A,36005022200,0.04878
census_tract,Bx4A,36005007600,0.04878
census_tract,Bx4A,36005005200,0.02439
census_tract,Bx4A,36005012701,0.04878
census_tract,Bx4A,36005004800,0.02439
census_tract,Bx4A,36005020400,0.02439
census_tract,Bx4A,36005007200,0.04878
census_tract,Bx4A,36005006200,0.02439
census_tract,BX4A,36005012101,0.04878
census_tract,BX4A,36005007000,0.02439
census_tract,BX4A,36005005002,0.04878
census_tract,BX4A,36005025600,0.04878
census_tract,BX4A,36005006800,0.02439
census_tract,BX4A,36005021602,0.073171
census_tract,BX4A,36005005400,0.073171
census_tract,BX4A,36005021200,0.04878
census_tract,BX4A,36005012102,0.04878
census_tract,BX4A,36005020000,0.146341
census_tract,BX4A,36005021001,0.097561
census_tract,BX4A,36005021002,0.02439
census_tract,BX4A,36005022200,0.04878
census_tract,BX4A,36005007600,0.04878
census_tract,BX4A,36005005200,0.02439
census_tract,BX4A,36005012701,0.04878
census_tract,BX4A,36005004800,0.02439
census_tract,BX4A,36005020400,0.02439
census_tract,BX4A,36005007200,0.04878
census_tract,BX4A,36005006200,0.02439
census_tract,Bx27,36005012101,0.046512
census_tract,Bx27,36005005002,0.046512
census_tract,Bx27,36005000400,0.232558
census_tract,Bx27,36005005400,0.069767
census_tract,Bx27,36005012102,0.046512
census_tract,Bx27,36005004800,0.093023
census_tract,Bx27,36005002002,0.116279
census_tract,Bx27,36005004600,0.046512
census_tract,Bx27,36005000200,0.069767
census_tract,Bx27,36005005200,0.023256
census_tract,Bx27,36005004400,0.069767
census_tract,Bx27,36005004200,0.046512
census_tract,Bx27,36005012701,0.046512
census_tract,Bx27,36005002001,0.023256
census_tract,Bx27,36005006800,0.023256
census_tract,BX27,36005012101,0.046512
census_tract,BX27,36005005002,0.046512
census_tract,BX27,36005000400,0.232558
census_tract,BX27,36005005400,0.069767
census_tract,BX27,36005012102,0.046512
census_tract,BX27,36005004800,0.093023
census_tract,BX27,36005002002,0.116279
census_tract,BX27,36005004600,0.046512
census_tract,BX27,36005000200,0.069767
census_tract,BX27,36005005200,0.023256
census_tract,BX27,36005004400,0.069767
census_tract,BX27,36005004200,0.046512
census_tract,BX27,36005012701,0.046512
census_tract,BX27,36005002001,0.023256
census_tract,BX27,36005006800,0.023256
census_tract,B69,36047002300,0.044444
census_tract,B69,36047150200,0.1
census_tract,B69,36047021100,0.044444
census_tract,B69,36047048600,0.055556
census_tract,B69,36047015900,0.111111
census_tract,B69,36047014902,0.033333
census_tract,B69,36047001300,0.033333
census_tract,B69,36047019900,0.044444
census_tract,B69,36047018700,0.033333
census_tract,B69,36047016300,0.033333
census_tract,B69,36047017500,0.044444
census_tract,B69,36047018300,0.033333
census_tract,B69,36047015300,0.033333
census_tract,B69,36047019500,0.011111
census_tract,B69,36047049600,0.022222
census_tract,B69,36047020300,0.022222
census_tract,B69,36047015100,0.044444
census_tract,B69,36047014901,0.022222
census_tract,B69,36047054300,0.033333
census_tract,B69,36047015700,0.033333
census_tract,B69,36047016100,0.033333
census_tract,B69,36047020500,0.011111
census_tract,B69,36047019700,0.044444
census_tract,B69,36047014700,0.011111
census_tract,B69,36047020700,0.011111
census_tract,B69,36047015500,0.022222
census_tract,B69,36047049800,0.033333
census_tract,M20,36061031704,0.101266
census_tract,M20,36061003700,0.037975
census_tract,M20,36061008700,0.025316
census_tract,M20,36061006700,0.050633
census_tract,M20,36061031703,0.050633
census_tract,M20,36061014300,0.025316
census_tract,M20,36061011900,0.025316
census_tract,M20,36061003300,0.025316
census_tract,M20,36061013700,0.050633
census_tract,M20,36061003900,0.063291
census_tract,M20,36061011300,0.037975
census_tract,M20,36061009100,0.037975
census_tract,M20,36061010100,0.037975
census_tract,M20,36061007700,0.050633
census_tract,M20,36061015301,0.025316
census_tract,M20,36061008100,0.037975
census_tract,M20,36061000900,0.037975
census_tract,M20,36061014500,0.025316
census_tract,M20,36061010900,0.037975
census_tract,M20,36061012500,0.037975
census_tract,M20,36061014900,0.025316
census_tract,M20,36061013100,0.025316
census_tract,M20,36061007300,0.063291
census_tract,M20,36061009500,0.025316
census_tract,M20,36061031900,0.025316
census_tract,M20,36061002100,0.012658
census_tract,B15,36047089600,0.020979
census_tract,B15,36047092200,0.020979
census_tract,B15,36047089200,0.020979
census_tract,B15,36047031100,0.020979
census_tract,B15,36047089400,0.013986
census_tract,B15,36047090000,0.034965
census_tract,B15,36047030700,0.048951
census_tract,B15,36047030900,0.027972
census_tract,B15,36047035900,0.034965
census_tract,B15,36047120803,0.013986
census_tract,B15,36047112400,0.020979
census_tract,B15,36047092000,0.055944
census_tract,B15,36047120802,0.013986
census_tract,B15,36047111800,0.034965
census_tract,B15,36047113000,0.013986
census_tract,B15,36047121000,0.020979
census_tract,B15,36047028501,0.013986
census_tract,B15,36047028502,0.013986
census_tract,B15,36081088400,0.006993
census_tract,B15,36047028900,0.013986
census_tract,B15,36047027700,0.013986
census_tract,B15,36047091600,0.006993
census_tract,B15,36047122000,0.055944
census_tract,B15,36081071600,0.020979
census_tract,B15,36047112800,0.041958
census_tract,B15,36047027100,0.020979
census_tract,B15,36047112000,0.034965
census_tract,B15,36047027300,0.013986
census_tract,B15,36047036100,0.013986
census_tract,B15,36047027500,0.013986
census_tract,B15,36047112200,0.034965
census_tract,B15,36047028700,0.027972
census_tract,B15,36047029300,0.013986
census_tract,B15,36047089000,0.034965
census_tract,B15,36047121400,0.020979
census_tract,B15,36047029100,0.006993
census_tract,B15,36047028100,0.013986
census_tract,B15,36081008800,0.006993
census_tract,B15,36047113200,0.013986
census_tract,B15,36047034700,0.020979
census_tract,B15,36047029700,0.013986
census_tract,B15,36081084602,0.006993
census_tract,B15,36047029500,0.013986
census_tract,B15,36047027900,0.013986
census_tract,B15,36047111600,0.006993
census_tract,B15,36047120801,0.013986
census_tract,B15,36081006202,0.013986
census_tract,B15,36047038900,0.006993
census_tract,B15,36047028300,0.006993
census_tract,B111,36047036700,0.166667
census_tract,B111,36047114400,0.166667
census_tract,B111,36081054900,0.083333
census_tract,B111,36047040500,0.166667
census_tract,B111,36047041100,0.083333
census_tract,B111,36047043900,0.166667
census_tract,B111,36081055500,0.083333
census_tract,B111,36047040900,0.083333
census_tract,Bx12-SBS,36005046205,0.142857
census_tract,Bx12-SBS,36005025700,0.057143
census_tract,Bx12-SBS,36005029600,0.085714
census_tract,Bx12-SBS,36005038500,0.028571
census_tract,Bx12-SBS,36005026300,0.057143
census_tract,Bx12-SBS,36061029300,0.057143
census_tract,Bx12-SBS,36005023900,0.028571
census_tract,Bx12-SBS,36005024800,0.057143
census_tract,Bx12-SBS,36005033400,0.057143
census_tract,Bx12-SBS,36005030000,0.028571
census_tract,Bx12-SBS,36005027600,0.057143
census_tract,Bx12-SBS,36005026500,0.028571
census_tract,Bx12-SBS,36061029900,0.057143
census_tract,Bx12-SBS,36005039901,0.028571
census_tract,Bx12-SBS,36005025300,0.028571
census_tract,Bx12-SBS,36005039700,0.028571
census_tract,Bx12-SBS,36005026900,0.028571
census_tract,Bx12-SBS,36005028400,0.028571
census_tract,Bx12-SBS,36005035600,0.028571
census_tract,Bx12-SBS,36005022401,0.028571
census_tract,Bx12-SBS,36005023702,0.028571
census_tract,Bx12-SBS,36005022403,0.028571
census_tract,BX12+,36005046205,0.142857
census_tract,BX12+,36005025700,0.057143
census_tract,BX12+,36005029600,0.085714
census_tract,BX12+,36005038500,0.028571
census_tract,BX12+,36005026300,0.057143
census_tract,BX12+,36061029300,0.057143
census_tract,BX12+,36005023900,0.028571
census_tract,BX12+,36005024800,0.057143
census_tract,BX12+,36005033400,0.057143
census_tract,BX12+,36005030000,0.028571
census_tract,BX12+,36005027600,0.057143
census_tract,BX12+,36005026500,0.028571
census_tract,BX12+,36061029900,0.057143
census_tract,BX12+,36005039901,0.028571
census_tract,BX12+,36005025300,0.028571
census_tract,BX12+,36005039700,0.028571
census_tract,BX12+,36005026900,0.028571
census_tract,BX12+,36005028400,0.028571
census_tract,BX12+,36005035600,0.028571
census_tract,BX12+,36005022401,0.028571
census_tract,BX12+,36005023702,0.028571
census_tract,BX12+,36005022403,0.028571
census_tract,B60,36047097400,0.037313
census_tract,B60,36047109800,0.059701
census_tract,B60,36047041700,0.007463
census_tract,B60,36047051100,0.029851
census_tract,B60,36047091600,0.044776
census_tract,B60,36047098200,0.097015
census_tract,B60,36047043300,0.014925
census_tract,B60,36047048500,0.029851
census_tract,B60,36047092200,0.022388
census_tract,B60,36047052700,0.052239
census_tract,B60,36047041100,0.037313
census_tract,B60,36047037100,0.022388
census_tract,B60,36047036502,0.007463
census_tract,B60,36047042300,0.014925
census_tract,B60,36047041500,0.022388
census_tract,B60,36047050500,0.029851
census_tract,B60,36047042900,0.014925
census_tract,B60,36047097000,0.007463
census_tract,B60,36047052500,0.029851
census_tract,B60,36047043100,0.022388
census_tract,B60,36047042500,0.014925
census_tract,B60,36047049302,0.044776
census_tract,B60,36047043700,0.014925
census_tract,B60,36047090600,0.022388
census_tract,B60,36047041900,0.022388
census_tract,B60,36047036900,0.037313
census_tract,B60,36047045300,0.044776
census_tract,B60,36047092400,0.029851
census_tract,B60,36047036501,0.022388
census_tract,B60,36047042100,0.014925
census_tract,B60,36047091200,0.014925
census_tract,B60,36047036300,0.014925
census_tract,B60,36047040300,0.022388
census_tract,B60,36047091800,0.014925
census_tract,B60,36047043500,0.014925
census_tract,B60,36047042700,0.022388
census_tract,B60,36047040900,0.014925
census_tract,B60,36047041300,0.007463
census_tract,M34A-SBS,36061007400,0.103448
census_tract,M34A-SBS,36061010900,0.137931
census_tract,M34A-SBS,36061006200,0.172414
census_tract,M34A-SBS,36061010100,0.068966
census_tract,M34A-SBS,36061006600,0.034483
census_tract,M34A-SBS,36061012102,0.034483
census_tract,M34A-SBS,36061011300,0.034483
census_tract,M34A-SBS,36061011500,0.034483
census_tract,M34A-SBS,36061010300,0.034483
census_tract,M34A-SBS,36061006400,0.034483
census_tract,M34A-SBS,36061007800,0.068966
census_tract,M34A-SBS,36061007200,0.068966
census_tract,M34A-SBS,36061007002,0.068966
census_tract,M34A-SBS,36061007600,0.034483
census_tract,M34A-SBS,36061012101,0.068966
census_tract,M34A+,36061007400,0.103448
census_tract,M34A+,36061010900,0.137931
census_tract,M34A+,36061006200,0.172414
census_tract,M34A+,36061010100,0.068966
census_tract,M34A+,36061006600,0.034483
census_tract,M34A+,36061012102,0.034483
census_tract,M34A+,36061011300,0.034483
census_tract,M34A+,36061011500,0.034483
census_tract,M34A+,36061010300,0.034483
census_tract,M34A+,36061006400,0.034483
census_tract,M34A+,36061007800,0.068966
census_tract,M34A+,36061007200,0.068966
census_tract,M34A+,36061007002,0.068966
census_tract,M34A+,36061007600,0.034483
census_tract,M34A+,36061012101,0.068966
census_tract,B57,36047002300,0.031579
census_tract,B57,36047028501,0.021053
census_tract,B57,36047008500,0.052632
census_tract,B57,36047045300,0.052632
census_tract,B57,36047048900,0.010526
census_tract,B57,36047001300,0.021053
census_tract,B57,36047021100,0.073684
census_tract,B57,36047005302,0.073684
census_tract,B57,36047006500,0.052632
census_tract,B57,36047004300,0.010526
census_tract,B57,36081052500,0.031579
census_tract,B57,36047004500,0.021053
census_tract,B57,36047006700,0.021053
census_tract,B57,36047025500,0.010526
census_tract,B57,36047007700,0.021053
census_tract,B57,36081052100,0.031579
census_tract,B57,36047042500,0.010526
census_tract,B57,36081053901,0.031579
census_tract,B57,36047001100,0.021053
census_tract,B57,36047006901,0.010526
census_tract,B57,36047123700,0.021053
census_tract,B57,36047054300,0.042105
census_tract,B57,36047042700,0.031579
census_tract,B57,36047001501,0.021053
census_tract,B57,36047005301,0.042105
census_tract,B57,36047006902,0.010526
census_tract,B57,36047038900,0.010526
census_tract,B57,36047019100,0.010526
census_tract,B57,36047049100,0.010526
census_tract,B57,36047044700,0.010526
census_tract,B57,36047003700,0.010526
census_tract,B57,36047053700,0.031579
census_tract,B57,36081053502,0.010526
census_tract,B57,36081053501,0.010526
census_tract,B57,36047025700,0.021053
census_tract,B57,36047000900,0.021053
census_tract,B57,36047053102,0.010526
census_tract,B57,36047050700,0.031579
census_tract,B57,36047048500,0.010526
census_tract,B57,36047007500,0.010526
census_tract,B57,36047039100,0.010526
census_tract,Bx25,36005031600,0.014493
census_tract,Bx25,36005046208,0.014493
census_tract,Bx25,36005046203,0.086957
census_tract,Bx25,36005040900,0.101449
census_tract,Bx25,36005032600,0.028986
census_tract,Bx25,36005046207,0.130435
census_tract,Bx25,36005046205,0.144928
census_tract,Bx25,36005033400,0.028986
census_tract,Bx25,36005039700,0.014493
census_tract,Bx25,36005046204,0.028986
census_tract,Bx25,36005041500,0.043478
census_tract,Bx25,36005034000,0.014493
census_tract,Bx25,36005040702,0.043478
census_tract,Bx25,36005035600,0.043478
census_tract,Bx25,36005036000,0.057971
census_tract,Bx25,36005033601,0.028986
census_tract,Bx25,36005031000,0.028986
census_tract,Bx25,36005031800,0.014493
census_tract,Bx25,36005034400,0.014493
census_tract,Bx25,36005032800,0.014493
census_tract,Bx25,36005031200,0.014493
census_tract,Bx25,36005034200,0.014493
census_tract,Bx25,36005033202,0.014493
census_tract,Bx25,36005046206,0.014493
census_tract,Bx25,36005033000,0.014493
census_tract,Bx25,36005034800,0.014493
census_tract,Bx25,36005041100,0.014493
census_tract,BX25,36005031600,0.014493
census_tract,BX25,36005046208,0.014493
census_tract,BX25,36005046203,0.086957
census_tract,BX25,36005040900,0.101449
census_tract,BX25,36005032600,0.028986
census_tract,BX25,36005046207,0.130435
census_tract,BX25,36005046205,0.144928
census_tract,BX25,36005033400,0.028986
census_tract,BX25,36005039700,0.014493
census_tract,BX25,36005046204,0.028986
census_tract,BX25,36005041500,0.043478
census_tract,BX25,36005034000,0.014493
census_tract,BX25,36005040702,0.043478
census_tract,BX25,36005035600,0.043478
census_tract,BX25,36005036000,0.057971
census_tract,BX25,36005033601,0.028986
census_tract,BX25,36005031000,0.028986
census_tract,BX25,36005031800,0.014493
census_tract,BX25,36005034400,0.014493
census_tract,BX25,36005032800,0.014493
census_tract,BX25,36005031200,0.014493
census_tract,BX25,36005034200,0.014493
census_tract,BX25,36005033202,0.014493
census_tract,BX25,36005046206,0.014493
census_tract,BX25,36005033000,0.014493
census_tract,BX25,36005034800,0.014493
census_tract,BX25,36005041100,0.014493
census_tract,B36,36047035200,0.111111
census_tract,B36,36047037000,0.074074
census_tract,B36,36047033000,0.08642
census_tract,B36,36047035400,0.049383
census_tract,B36,36047057200,0.037037
census_tract,B36,36047036600,0.012346
census_tract,B36,36047037401,0.012346
census_tract,B36,36047034200,0.111111
census_tract,B36,36047059404,0.024691
census_tract,B36,36047059600,0.049383
census_tract,B36,36047059402,0.049383
census_tract,B36,36047060000,0.061728
census_tract,B36,36047035602,0.037037
census_tract,B36,36047058800,0.037037
census_tract,B36,36047034000,0.037037
census_tract,B36,36047057000,0.037037
census_tract,B36,36047059200,0.024691
census_tract,B36,36047059000,0.024691
census_tract,B36,36047032800,0.024691
census_tract,B36,36047035000,0.024691
census_tract,B36,36047060600,0.024691
census_tract,B36,36047032600,0.037037
census_tract,B36,36047035601,0.012346
census_tract,M14A-SBS,36061005400,0.02381
census_tract,M14A-SBS,36061005200,0.02381
census_tract,M14A-SBS,36061001800,0.071429
census_tract,M14A-SBS,36061008300,0.02381
census_tract,M14A-SBS,36061005000,0.047619
census_tract,M14A-SBS,36061000202,0.119048
census_tract,M14A-SBS,36061003400,0.119048
census_tract,M14A-SBS,36061004001,0.02381
census_tract,M14A-SBS,36061007900,0.047619
census_tract,M14A-SBS,36061006100,0.02381
census_tract,M14A-SBS,36061004002,0.02381
census_tract,M14A-SBS,36061008100,0.047619
census_tract,M14A-SBS,36061007100,0.02381
census_tract,M14A-SBS,36061001200,0.047619
census_tract,M14A-SBS,36061001401,0.071429
census_tract,M14A-SBS,36061004400,0.02381
census_tract,M14A-SBS,36061006300,0.02381
census_tract,M14A-SBS,36061003002,0.047619
census_tract,M14A-SBS,36061004200,0.02381
census_tract,M14A-SBS,36061001402,0.02381
census_tract,M14A-SBS,36061004800,0.02381
census_tract,M14A-SBS,36061003200,0.047619
census_tract,M14A-SBS,36061007700,0.047619
census_tract,M14A+,36061005400,0.02381
census_tract,M14A+,36061005200,0.02381
census_tract,M14A+,36061001800,0.071429
census_tract,M14A+,36061008300,0.02381
census_tract,M14A+,36061005000,0.047619
census_tract,M14A+,36061000202,0.119048
census_tract,M14A+,36061003400,0.119048
census_tract,M14A+,36061004001,0.02381
census_tract,M14A+,36061007900,0.047619
census_tract,M14A+,36061006100,0.02381
census_tract,M14A+,36061004002,0.02381
census_tract,M14A+,36061008100,0.047619
census_tract,M14A+,36061007100,0.02381
census_tract,M14A+,36061001200,0.047619
census_tract,M14A+,36061001401,0.071429
census_tract,M14A+,36061004400,0.02381
census_tract,M14A+,36061006300,0.02381
census_tract,M14A+,36061003002,0.047619
census_tract,M14A+,36061004200,0.02381
census_tract,M14A+,36061001402,0.02381
census_tract,M14A+,36061004800,0.02381
census_tract,M14A+,36061003200,0.047619
census_tract,M14A+,36061007700,0.047619
census_tract,B93,36047019500,0.083333
census_tract,B93,36047018100,0.083333
census_tract,B93,36047019300,0.083333
census_tract,B93,36047023300,0.083333
census_tract,B93,36047019700,0.083333
census_tract,B93,36047024300,0.083333
census_tract,B93,36047001100,0.166667
census_tract,B93,36047025100,0.083333
census_tract,B93,36047003102,0.083333
census_tract,B93,36047003700,0.166667
census_tract,Bx11,36005021302,0.037037
census_tract,Bx11,36005007600,0.055556
census_tract,Bx11,36005015300,0.037037
census_tract,Bx11,36061026900,0.074074
census_tract,Bx11,36005005600,0.037037
census_tract,Bx11,36005016100,0.074074
census_tract,Bx11,36005021900,0.037037
census_tract,Bx11,36005016700,0.055556
census_tract,Bx11,36005021602,0.018519
census_tract,Bx11,36061027100,0.037037
census_tract,Bx11,36005022300,0.037037
census_tract,Bx11,36005007200,0.037037
census_tract,Bx11,36005006200,0.074074
census_tract,Bx11,36005016900,0.055556
census_tract,Bx11,36005022102,0.018519
census_tract,Bx11,36005017702,0.055556
census_tract,Bx11,36005006400,0.037037
census_tract,Bx11,36005021100,0.018519
census_tract,Bx11,36061026500,0.018519
census_tract,Bx11,36005017100,0.037037
census_tract,Bx11,36005015500,0.074074
census_tract,Bx11,36005016300,0.037037
census_tract,Bx11,36005022500,0.018519
census_tract,Bx11,36061026300,0.018519
census_tract,BX11,36005021302,0.037037
census_tract,BX11,36005007600,0.055556
census_tract,BX11,36005015300,0.037037
census_tract,BX11,36061026900,0.074074
census_tract,BX11,36005005600,0.037037
census_tract,BX11,36005016100,0.074074
census_tract,BX11,36005021900,0.037037
census_tract,BX11,36005016700,0.055556
census_tract,BX11,36005021602,0.018519
census_tract,BX11,36061027100,0.037037
census_tract,BX11,36005022300,0.037037
census_tract,BX11,36005007200,0.037037
census_tract,BX11,36005006200,0.074074
census_tract,BX11,36005016900,0.055556
census_tract,BX11,36005022102,0.018519
census_tract,BX11,36005017702,0.055556
census_tract,BX11,36005006400,0.037037
census_tract,BX11,36005021100,0.018519
census_tract,BX11,36061026500,0.018519
census_tract,BX11,36005017100,0.037037
census_tract,BX11,36005015500,0.074074
census_tract,BX11,36005016300,0.037037
census_tract,BX11,36005022500,0.018519
census_tract,BX11,36061026300,0.018519
census_tract,BxM3,36005043503,0.153846
census_tract,BxM3,36005027900,0.057692
census_tract,BxM3,36061016800,0.019231
census_tract,BxM3,36061014200,0.019231
census_tract,BxM3,36005034500,0.057692
census_tract,BxM3,36005026100,0.038462
census_tract,BxM3,36061012200,0.038462
census_tract,BxM3,36061010200,0.019231
census_tract,BxM3,36061008400,0.019231
census_tract,BxM3,36005027300,0.019231
census_tract,BxM3,36061014300,0.096154
census_tract,BxM3,36061015001,0.019231
census_tract,BxM3,36061008200,0.019231
census_tract,BxM3,36005026900,0.057692
census_tract,BxM3,36061007400,0.038462
census_tract,BxM3,36005035100,0.057692
census_tract,BxM3,36005040900,0.057692
census_tract,BxM3,36061009600,0.019231
census_tract,BxM3,36061020000,0.019231
census_tract,BxM3,36061009400,0.019231
census_tract,BxM3,36061007600,0.019231
census_tract,BxM3,36061010400,0.019231
census_tract,BxM3,36005027700,0.019231
census_tract,BxM3,36005026701,0.019231
census_tract,BxM3,36005026702,0.019231
census_tract,BxM3,36061019800,0.019231
census_tract,BxM3,36061005800,0.019231
census_tract,BxM3,36005034300,0.019231
census_tract,BXM3,36005043503,0.153846
census_tract,BXM3,36005027900,0.057692
census_tract,BXM3,36061016800,0.019231
census_tract,BXM3,36061014200,0.019231
census_tract,BXM3,36005034500,0.057692
census_tract,BXM3,36005026100,0.038462
census_tract,BXM3,36061012200,0.038462
census_tract,BXM3,36061010200,0.019231
census_tract,BXM3,36061008400,0.019231
census_tract,BXM3,36005027300,0.019231
census_tract,BXM3,36061014300,0.096154
census_tract,BXM3,36061015001,0.019231
census_tract,BXM3,36061008200,0.019231
census_tract,BXM3,36005026900,0.057692
census_tract,BXM3,36061007400,0.038462
census_tract,BXM3,36005035100,0.057692
census_tract,BXM3,36005040900,0.057692
census_tract,BXM3,36061009600,0.019231
census_tract,BXM3,36061020000,0.019231
census_tract,BXM3,36061009400,0.019231
census_tract,BXM3,36061007600,0.019231
census_tract,BXM3,36061010400,0.019231
census_tract,BXM3,36005027700,0.019231
census_tract,BXM3,36005026701,0.019231
census_tract,BXM3,36005026702,0.019231
census_tract,BXM3,36061019800,0.019231
census_tract,BXM3,36061005800,0.019231
census_tract,BXM3,36005034300,0.019231
census_tract,B44-SBS,36047077400,0.05
census_tract,B44-SBS,36047024300,0.075
census_tract,B44-SBS,36047032900,0.05
census_tract,B44-SBS,36047057200,0.025
census_tract,B44-SBS,36047031702,0.05
census_tract,B44-SBS,36047056600,0.05
census_tract,B44-SBS,36047056400,0.05
census_tract,B44-SBS,36047082000,0.075
census_tract,B44-SBS,36047062200,0.1
census_tract,B44-SBS,36047059402,0.025
census_tract,B44-SBS,36047024500,0.025
census_tract,B44-SBS,36047053500,0.05
census_tract,B44-SBS,36047074800,0.05
census_tract,B44-SBS,36047082400,0.025
census_tract,B44-SBS,36047053102,0.025
census_tract,B44-SBS,36047082800,0.05
census_tract,B44-SBS,36047024100,0.025
census_tract,B44-SBS,36047052500,0.05
census_tract,B44-SBS,36047074600,0.025
census_tract,B44-SBS,36047053300,0.05
census_tract,B44-SBS,36047064400,0.025
census_tract,B44-SBS,36047024700,0.025
census_tract,B44-SBS,36047123700,0.025
census_tract,B44+,36047077400,0.05
census_tract,B44+,36047024300,0.075
census_tract,B44+,36047032900,0.05
census_tract,B44+,36047057200,0.025
census_tract,B44+,36047031702,0.05
census_tract,B44+,36047056600,0.05
census_tract,B44+,36047056400,0.05
census_tract,B44+,36047082000,0.075
census_tract,B44+,36047062200,0.1
census_tract,B44+,36047059402,0.025
census_tract,B44+,36047024500,0.025
census_tract,B44+,36047053500,0.05
census_tract,B44+,36047074800,0.05
census_tract,B44+,36047082400,0.025
census_tract,B44+,36047053102,0.025
census_tract,B44+,36047082800,0.05
census_tract,B44+,36047024100,0.025
census_tract,B44+,36047052500,0.05
census_tract,B44+,36047074600,0.025
census_tract,B44+,36047053300,0.05
census_tract,B44+,36047064400,0.025
census_tract,B44+,36047024700,0.025
census_tract,B44+,36047123700,0.025
census_tract,B2,36047069800,0.047619
census_tract,B2,36047056400,0.095238
census_tract,B2,36047063800,0.047619
census_tract,B2,36047066200,0.071429
census_tract,B2,36047065800,0.02381
census_tract,B2,36047063600,0.047619
census_tract,B2,36047056000,0.047619
census_tract,B2,36047055200,0.095238
census_tract,B2,36047055800,0.02381
census_tract,B2,36047065600,0.119048
census_tract,B2,36047065400,0.071429
census_tract,B2,36047066000,0.02381
census_tract,B2,36047064000,0.095238
census_tract,B2,36047065200,0.047619
census_tract,B2,36047055000,0.047619
census_tract,B2,36047056200,0.047619
census_tract,B2,36047067000,0.02381
census_tract,B2,36047054800,0.02381
census_tract,BxM2,36005029302,0.127273
census_tract,BxM2,36005030701,0.072727
census_tract,BxM2,36005033700,0.090909
census_tract,BxM2,36005028900,0.054545
census_tract,BxM2,36061016800,0.018182
census_tract,BxM2,36061010100,0.018182
census_tract,BxM2,36061010400,0.018182
census_tract,BxM2,36061014200,0.018182
census_tract,BxM2,36005033500,0.054545
census_tract,BxM2,36061008400,0.018182
census_tract,BxM2,36061015700,0.036364
census_tract,BxM2,36061016500,0.036364
census_tract,BxM2,36005030100,0.054545
census_tract,BxM2,36061014300,0.054545
census_tract,BxM2,36005029700,0.036364
census_tract,BxM2,36061015001,0.018182
census_tract,BxM2,36061014900,0.036364
census_tract,BxM2,36061012500,0.018182
census_tract,BxM2,36061007600,0.018182
census_tract,BxM2,36005032300,0.054545
census_tract,BxM2,36005031900,0.018182
census_tract,BxM2,36005029500,0.036364
census_tract,BxM2,36061020000,0.018182
census_tract,BxM2,36061013700,0.018182
census_tract,BxM2,36061009600,0.018182
census_tract,BxM2,36061019800,0.018182
census_tract,BxM2,36061011300,0.018182
census_tract,BXM2,36005029302,0.127273
census_tract,BXM2,36005030701,0.072727
census_tract,BXM2,36005033700,0.090909
census_tract,BXM2,36005028900,0.054545
census_tract,BXM2,36061016800,0.018182
census_tract,BXM2,36061010100,0.018182
census_tract,BXM2,36061010400,0.018182
census_tract,BXM2,36061014200,0.018182
census_tract,BXM2,36005033500,0.054545
census_tract,BXM2,36061008400,0.018182
census_tract,BXM2,36061015700,0.036364
census_tract,BXM2,36061016500,0.036364
census_tract,BXM2,36005030100,0.054545
census_tract,BXM2,36061014300,0.054545
census_tract,BXM2,36005029700,0.036364
census_tract,BXM2,36061015001,0.018182
census_tract,BXM2,36061014900,0.036364
census_tract,BXM2,36061012500,0.018182
census_tract,BXM2,36061007600,0.018182
census_tract,BXM2,36005032300,0.054545
census_tract,BXM2,36005031900,0.018182
census_tract,BXM2,36005029500,0.036364
census_tract,BXM2,36061020000,0.018182
census_tract,BXM2,36061013700,0.018182
census_tract,BXM2,36061009600,0.018182
census_tract,BXM2,36061019800,0.018182
census_tract,BXM2,36061011300,0.018182
census_tract,M11,36061018900,0.041667
census_tract,M11,36061009700,0.025
census_tract,M11,36061022301,0.05
census_tract,M11,36061014500,0.033333
census_tract,M11,36061007700,0.008333
census_tract,M11,36061019900,0.016667
census_tract,M11,36061012700,0.025
census_tract,M11,36061015302,0.033333
census_tract,M11,36061018500,0.016667
census_tract,M11,36061007900,0.033333
census_tract,M11,36061021900,0.041667
census_tract,M11,36061018100,0.016667
census_tract,M11,36061008300,0.033333
census_tract,M11,36061016100,0.033333
census_tract,M11,36061020101,0.016667
census_tract,M11,36061014900,0.016667
census_tract,M11,36061008900,0.025
census_tract,M11,36061012102,0.041667
census_tract,M11,36061010300,0.025
census_tract,M11,36061022500,0.025
census_tract,M11,36061015700,0.016667
census_tract,M11,36061017700,0.033333
census_tract,M11,36061022900,0.041667
census_tract,M11,36061017300,0.025
census_tract,M11,36061009300,0.033333
census_tract,M11,36061013900,0.033333
census_tract,M11,36061019300,0.041667
census_tract,M11,36061020901,0.016667
census_tract,M11,36061021303,0.016667
census_tract,M11,36061020701,0.016667
census_tract,M11,36061011100,0.016667
census_tract,M11,36061013300,0.016667
census_tract,M11,36061016500,0.025
census_tract,M11,36061020300,0.025
census_tract,M11,36061021100,0.016667
census_tract,M11,36061011500,0.016667
census_tract,M11,36061019701,0.016667
census_tract,M11,36061016900,0.025
census_tract,M11,36061022302,0.008333
census_tract,BM4,36047064200,0.012048
census_tract,BM4,36047063200,0.024096
census_tract,BM4,36061001300,0.024096
census_tract,BM4,36047062800,0.048193
census_tract,BM4,36047056400,0.036145
census_tract,BM4,36061000900,0.024096
census_tract,BM4,36047066600,0.048193
census_tract,BM4,36047074800,0.048193
census_tract,BM4,36047075200,0.012048
census_tract,BM4,36061010803,0.024096
census_tract,BM4,36047064400,0.024096
census_tract,BM4,36047063800,0.036145
census_tract,BM4,36047152200,0.024096
census_tract,BM4,36047075000,0.012048
census_tract,BM4,36047051400,0.024096
census_tract,BM4,36061007400,0.024096
census_tract,BM4,36061031900,0.012048
census_tract,BM4,36061011203,0.012048
census_tract,BM4,36047076400,0.024096
census_tract,BM4,36047074600,0.024096
census_tract,BM4,36047056800,0.024096
census_tract,BM4,36047064000,0.012048
census_tract,BM4,36047076200,0.048193
census_tract,BM4,36047050402,0.012048
census_tract,BM4,36061008200,0.012048
census_tract,BM4,36061009400,0.012048
census_tract,BM4,36061001501,0.036145
census_tract,BM4,36061007600,0.012048
census_tract,BM4,36061006400,0.036145
census_tract,BM4,36061005600,0.012048
census_tract,BM4,36061010400,0.012048
census_tract,BM4,36047051800,0.012048
census_tract,BM4,36061005800,0.012048
census_tract,BM4,36061006800,0.024096
census_tract,BM4,36047049800,0.012048
census_tract,BM4,36047075400,0.012048
census_tract,BM4,36061009600,0.012048
census_tract,BM4,36047048800,0.012048
census_tract,BM4,36047076600,0.012048
census_tract,BM4,36047049400,0.012048
census_tract,BM4,36047057000,0.024096
census_tract,BM4,36061002100,0.024096
census_tract,BM4,36061000700,0.012048
census_tract,BM4,36061008400,0.012048
census_tract,BM4,36061010200,0.012048
census_tract,BM4,36047051601,0.012048
census_tract,BM4,36047049200,0.012048
census_tract,BM4,36047052600,0.012048
census_tract,BM4,36047076000,0.012048
census_tract,BxM6,36061010200,0.045455
census_tract,BxM6,36005021800,0.090909
census_tract,BxM6,36061005600,0.090909
census_tract,BxM6,36061014300,0.090909
census_tract,BxM6,36061008200,0.045455
census_tract,BxM6,36061013000,0.045455
census_tract,BxM6,36005022200,0.045455
census_tract,BxM6,36061019400,0.090909
census_tract,BxM6,36061009600,0.045455
census_tract,BxM6,36061009400,0.045455
census_tract,BxM6,36061011401,0.045455
census_tract,BxM6,36005021001,0.090909
census_tract,BxM6,36061010400,0.045455
census_tract,BxM6,36061014601,0.045455
census_tract,BxM6,36061011201,0.045455
census_tract,BxM6,36005021602,0.045455
census_tract,BxM6,36061007600,0.045455
census_tract,BXM6,36061010200,0.045455
census_tract,BXM6,36005021800,0.090909
census_tract,BXM6,36061005600,0.090909
census_tract,BXM6,36061014300,0.090909
census_tract,BXM6,36061008200,0.045455
census_tract,BXM6,36061013000,0.045455
census_tract,BXM6,36005022200,0.045455
census_tract,BXM6,36061019400,0.090909
census_tract,BXM6,36061009600,0.045455
census_tract,BXM6,36061009400,0.045455
census_tract,BXM6,36061011401,0.045455
census_tract,BXM6,36005021001,0.090909
census_tract,BXM6,36061010400,0.045455
census_tract,BXM6,36061014601,0.045455
census_tract,BXM6,36061011201,0.045455
census_tract,BXM6,36005021602,0.045455
census_tract,BXM6,36061007600,0.045455
census_tract,B67,36047054500,0.036585
census_tract,B67,36047150200,0.109756
census_tract,B67,36047012902,0.036585
census_tract,B67,36047048600,0.060976
census_tract,B67,36047014902,0.036585
census_tract,B67,36047001300,0.073171
census_tract,B67,36047017500,0.04878
census_tract,B67,36047015300,0.036585
census_tract,B67,36047049600,0.02439
census_tract,B67,36047054300,0.04878
census_tract,B67,36047003700,0.073171
census_tract,B67,36047015100,0.04878
census_tract,B67,36047003500,0.012195
census_tract,B67,36047001100,0.02439
census_tract,B67,36047014901,0.02439
census_tract,B67,36047012901,0.02439
census_tract,B67,36047015700,0.036585
census_tract,B67,36047002300,0.073171
census_tract,B67,36047016100,0.04878
census_tract,B67,36047002100,0.012195
census_tract,B67,36047014700,0.012195
census_tract,B67,36047015500,0.02439
census_tract,B67,36047049800,0.036585
census_tract,B67,36047015900,0.036585
census_tract,Bx8,36005037000,0.021277
census_tract,Bx8,36005018400,0.06383
census_tract,Bx8,36005034200,0.042553
census_tract,Bx8,36005020000,0.06383
census_tract,Bx8,36005034000,0.021277
census_tract,Bx8,36005011800,0.085106
census_tract,Bx8,36005032600,0.031915
census_tract,Bx8,36005026400,0.031915
census_tract,Bx8,36005013800,0.117021
census_tract,Bx8,36005039400,0.010638
census_tract,Bx8,36005027401,0.010638
census_tract,Bx8,36005038800,0.021277
census_tract,Bx8,36005016000,0.106383
census_tract,Bx8,36005028600,0.021277
census_tract,Bx8,36005039600,0.021277
census_tract,Bx8,36005025000,0.031915
census_tract,Bx8,36005026601,0.021277
census_tract,Bx8,36005028800,0.031915
census_tract,Bx8,36005024800,0.021277
census_tract,Bx8,36005025600,0.010638
census_tract,Bx8,36005026602,0.053191
census_tract,Bx8,36005037200,0.010638
census_tract,Bx8,36005036800,0.021277
census_tract,Bx8,36005038000,0.021277
census_tract,Bx8,36005016400,0.010638
census_tract,Bx8,36005039000,0.021277
census_tract,Bx8,36005040800,0.010638
census_tract,Bx8,36005039800,0.010638
census_tract,Bx8,36005040600,0.021277
census_tract,Bx8,36005032400,0.021277
census_tract,Bx8,36005029600,0.010638
census_tract,BX8,36005037000,0.021277
census_tract,BX8,36005018400,0.06383
census_tract,BX8,36005034200,0.042553
census_tract,BX8,36005020000,0.06383
census_tract,BX8,36005034000,0.021277
census_tract,BX8,36005011800,0.085106
census_tract,BX8,36005032600,0.031915
census_tract,BX8,36005026400,0.031915
census_tract,BX8,36005013800,0.117021
census_tract,BX8,36005039400,0.010638
census_tract,BX8,36005027401,0.010638
census_tract,BX8,36005038800,0.021277
census_tract,BX8,36005016000,0.106383
census_tract,BX8,36005028600,0.021277
census_tract,BX8,36005039600,0.021277
census_tract,BX8,36005025000,0.031915
census_tract,BX8,36005026601,0.021277
census_tract,BX8,36005028800,0.031915
census_tract,BX8,36005024800,0.021277
census_tract,BX8,36005025600,0.010638
census_tract,BX8,36005026602,0.053191
census_tract,BX8,36005037200,0.010638
census_tract,BX8,36005036800,0.021277
census_tract,BX8,36005038000,0.021277
census_tract,BX8,36005016400,0.010638
census_tract,BX8,36005039000,0.021277
census_tract,BX8,36005040800,0.010638
census_tract,BX8,36005039800,0.010638
census_tract,BX8,36005040600,0.021277
census_tract,BX8,36005032400,0.021277
census_tract,BX8,36005029600,0.010638
census_tract,B48,36047032700,0.043478
census_tract,B48,36047051500,0.054348
census_tract,B48,36047030500,0.065217
census_tract,B48,36047019300,0.032609
census_tract,B48,36047023300,0.054348
census_tract,B48,36047022900,0.032609
census_tract,B48,36047050900,0.054348
census_tract,B48,36047051100,0.065217
census_tract,B48,36047057100,0.043478
census_tract,B48,36047051300,0.032609
census_tract,B48,36047050300,0.032609
census_tract,B48,36047021700,0.054348
census_tract,B48,36047053102,0.021739
census_tract,B48,36047050100,0.032609
census_tract,B48,36047022700,0.043478
census_tract,B48,36047021300,0.086957
census_tract,B48,36047059300,0.043478
census_tract,B48,36047056900,0.043478
census_tract,B48,36047049100,0.01087
census_tract,B48,36047044902,0.021739
census_tract,B48,36047053700,0.043478
census_tract,B48,36047058901,0.021739
census_tract,B48,36047053101,0.01087
census_tract,B48,36047123700,0.01087
census_tract,B48,36047023500,0.021739
census_tract,B48,36047019100,0.01087
census_tract,B48,36047059100,0.01087
census_tract,B62,36047056900,0.039604
census_tract,B62,36047053900,0.049505
census_tract,B62,36081008500,0.009901
census_tract,B62,36047018700,0.009901
census_tract,B62,36047056301,0.019802
census_tract,B62,36047001300,0.019802
census_tract,B62,36081001903,0.029703
census_tract,B62,36047053700,0.019802
census_tract,B62,36047054900,0.029703
census_tract,B62,36047055100,0.039604
census_tract,B62,36047002300,0.059406
census_tract,B62,36047056100,0.039604
census_tract,B62,36081004300,0.009901
census_tract,B62,36047003700,0.019802
census_tract,B62,36081004500,0.009901
census_tract,B62,36047055300,0.049505
census_tract,B62,36047052500,0.039604
census_tract,B62,36047002901,0.019802
census_tract,B62,36047019100,0.029703
census_tract,B62,36047057901,0.019802
census_tract,B62,36081003302,0.019802
census_tract,B62,36081008300,0.019802
census_tract,B62,36047056500,0.009901
census_tract,B62,36047001100,0.019802
census_tract,B62,36047018501,0.019802
census_tract,B62,36047051500,0.009901
census_tract,B62,36047001501,0.019802
census_tract,B62,36047054700,0.009901
census_tract,B62,36081002500,0.009901
census_tract,B62,36081008700,0.029703
census_tract,B62,36081007900,0.009901
census_tract,B62,36081000702,0.019802
census_tract,B62,36047021100,0.049505
census_tract,B62,36047051700,0.049505
census_tract,B62,36081004700,0.009901
census_tract,B62,36081007700,0.009901
census_tract,B62,36047057500,0.039604
census_tract,B62,36047054300,0.009901
census_tract,B62,36047054500,0.039604
census_tract,B62,36047002100,0.009901
census_tract,B62,36081000701,0.009901
census_tract,B62,36047053500,0.009901
census_tract,B49,36047032100,0.030534
census_tract,B49,36047022100,0.030534
census_tract,B49,36047051601,0.015267
census_tract,B49,36047061200,0.015267
census_tract,B49,36047061004,0.022901
census_tract,B49,36047059000,0.015267
census_tract,B49,36047059200,0.045802
census_tract,B49,36047076000,0.022901
census_tract,B49,36047055000,0.030534
census_tract,B49,36047054600,0.022901
census_tract,B49,36047082000,0.030534
census_tract,B49,36047059403,0.015267
census_tract,B49,36047060600,0.030534
census_tract,B49,36047022700,0.022901
census_tract,B49,36047053800,0.022901
census_tract,B49,36047024700,0.007634
census_tract,B49,36047056000,0.030534
census_tract,B49,36047079001,0.015267
census_tract,B49,36047080000,0.015267
census_tract,B49,36047079602,0.022901
census_tract,B49,36047079400,0.015267
census_tract,B49,36047059404,0.015267
census_tract,B49,36047078801,0.007634
census_tract,B49,36047061600,0.053435
census_tract,B49,36047079801,0.022901
census_tract,B49,36047060800,0.038168
census_tract,B49,36047076400,0.030534
census_tract,B49,36047079201,0.015267
census_tract,B49,36047032700,0.007634
census_tract,B49,36047021900,0.022901
census_tract,B49,36047077000,0.015267
census_tract,B49,36047076200,0.030534
census_tract,B49,36047062000,0.045802
census_tract,B49,36047079601,0.015267
census_tract,B49,36047082800,0.015267
census_tract,B49,36047032900,0.007634
census_tract,B49,36047057800,0.030534
census_tract,B49,36047032500,0.022901
census_tract,B49,36047075800,0.007634
census_tract,B49,36047082400,0.015267
census_tract,B49,36047080200,0.015267
census_tract,B49,36047082600,0.015267
census_tract,B49,36047076600,0.022901
census_tract,B49,36047060000,0.007634
census_tract,B49,36047031702,0.007634
census_tract,B49,36047031500,0.015267
census_tract,B49,36047031701,0.007634
census_tract,B49,36047030500,0.007634
census_tract,Bx21,36005028400,0.085714
census_tract,Bx21,36005028600,0.028571
census_tract,Bx21,36005015100,0.042857
census_tract,Bx21,36005023800,0.042857
census_tract,Bx21,36005015300,0.042857
census_tract,Bx21,36005005100,0.042857
census_tract,Bx21,36005006000,0.014286
census_tract,Bx21,36005020000,0.042857
census_tract,Bx21,36005029600,0.042857
census_tract,Bx21,36005023200,0.028571
census_tract,Bx21,36005007100,0.057143
census_tract,Bx21,36005016100,0.014286
census_tract,Bx21,36005025200,0.028571
census_tract,Bx21,36005014900,0.014286
census_tract,Bx21,36005025400,0.028571
census_tract,Bx21,36005024000,0.042857
census_tract,Bx21,36005024400,0.014286
census_tract,Bx21,36005002300,0.028571
census_tract,Bx21,36005006500,0.028571
census_tract,Bx21,36005028800,0.014286
census_tract,Bx21,36005006900,0.014286
census_tract,Bx21,36005018502,0.071429
census_tract,Bx21,36005022000,0.057143
census_tract,Bx21,36005036100,0.014286
census_tract,Bx21,36005015500,0.057143
census_tract,Bx21,36005035900,0.014286
census_tract,Bx21,36005014100,0.014286
census_tract,Bx21,36005023600,0.014286
census_tract,Bx21,36005013500,0.014286
census_tract,Bx21,36005004300,0.014286
census_tract,Bx21,36005003900,0.014286
census_tract,Bx21,36005006700,0.014286
census_tract,BX21,36005028400,0.085714
census_tract,BX21,36005028600,0.028571
census_tract,BX21,36005015100,0.042857
census_tract,BX21,36005023800,0.042857
census_tract,BX21,36005015300,0.042857
census_tract,BX21,36005005100,0.042857
census_tract,BX21,36005006000,0.014286
census_tract,BX21,36005020000,0.042857
census_tract,BX21,36005029600,0.042857
census_tract,BX21,36005023200,0.028571
census_tract,BX21,36005007100,0.057143
census_tract,BX21,36005016100,0.014286
census_tract,BX21,36005025200,0.028571
census_tract,BX21,36005014900,0.014286
census_tract,BX21,36005025400,0.028571
census_tract,BX21,36005024000,0.042857
census_tract,BX21,36005024400,0.014286
census_tract,BX21,36005002300,0.028571
census_tract,BX21,36005006500,0.028571
census_tract,BX21,36005028800,0.014286
census_tract,BX21,36005006900,0.014286
census_tract,BX21,36005018502,0.071429
census_tract,BX21,36005022000,0.057143
census_tract,BX21,36005036100,0.014286
census_tract,BX21,36005015500,0.057143
census_tract,BX21,36005035900,0.014286
census_tract,BX21,36005014100,0.014286
census_tract,BX21,36005023600,0.014286
census_tract,BX21,36005013500,0.014286
census_tract,BX21,36005004300,0.014286
census_tract,BX21,36005003900,0.014286
census_tract,BX21,36005006700,0.014286
census_tract,BxM18,36005029302,0.12963
census_tract,BxM18,36005030701,0.074074
census_tract,BxM18,36061001300,0.111111
census_tract,BxM18,36061002100,0.074074
census_tract,BxM18,36005033700,0.092593
census_tract,BxM18,36005028900,0.055556
census_tract,BxM18,36005033500,0.055556
census_tract,BxM18,36005030100,0.055556
census_tract,BxM18,36005029700,0.037037
census_tract,BxM18,36061011201,0.018519
census_tract,BxM18,36061007600,0.018519
census_tract,BxM18,36061009400,0.018519
census_tract,BxM18,36061009600,0.018519
census_tract,BxM18,36061007400,0.037037
census_tract,BxM18,36005032300,0.055556
census_tract,BxM18,36005031900,0.018519
census_tract,BxM18,36061003300,0.074074
census_tract,BxM18,36061010200,0.018519
census_tract,BxM18,36061005800,0.018519
census_tract,BxM18,36005029500,0.018519
census_tract,BXM18,36005029302,0.12963
census_tract,BXM18,36005030701,0.074074
census_tract,BXM18,36061001300,0.111111
census_tract,BXM18,36061002100,0.074074
census_tract,BXM18,36005033700,0.092593
census_tract,BXM18,36005028900,0.055556
census_tract,BXM18,36005033500,0.055556
census_tract,BXM18,36005030100,0.055556
census_tract,BXM18,36005029700,0.037037
census_tract,BXM18,36061011201,0.018519
census_tract,BXM18,36061007600,0.018519
census_tract,BXM18,36061009400,0.018519
census_tract,BXM18,36061009600,0.018519
census_tract,BXM18,36061007400,0.037037
census_tract,BXM18,36005032300,0.055556
census_tract,BXM18,36005031900,0.018519
census_tract,BXM18,36061003300,0.074074
census_tract,BXM18,36061010200,0.018519
census_tract,BXM18,36061005800,0.018519
census_tract,BXM18,36005029500,0.018519
census_tract,M22,36061001501,0.069767
census_tract,M22,36061002100,0.139535
census_tract,M22,36061000201,0.046512
census_tract,M22,36061000600,0.162791
census_tract,M22,36061003100,0.069767
census_tract,M22,36061002902,0.023256
census_tract,M22,36061031703,0.116279
census_tract,M22,36061000202,0.232558
census_tract,M22,36061000800,0.046512
census_tract,M22,36061002700,0.023256
census_tract,M22,36061003900,0.023256
census_tract,M22,36061002500,0.046512
census_tract,B25,36047003300,0.064103
census_tract,B25,36047037900,0.038462
census_tract,B25,36047003700,0.051282
census_tract,B25,36047038100,0.012821
census_tract,B25,36047030100,0.051282
census_tract,B25,36047000100,0.064103
census_tract,B25,36047029900,0.025641
census_tract,B25,36047020100,0.025641
census_tract,B25,36047037100,0.025641
census_tract,B25,36047036700,0.051282
census_tract,B25,36047114400,0.012821
census_tract,B25,36047002100,0.051282
census_tract,B25,36047026900,0.025641
census_tract,B25,36047024700,0.051282
census_tract,B25,36047018100,0.012821
census_tract,B25,36047022700,0.076923
census_tract,B25,36047017900,0.038462
census_tract,B25,36047029700,0.025641
census_tract,B25,36047027100,0.051282
census_tract,B25,36047027300,0.025641
census_tract,B25,36047000502,0.012821
census_tract,B25,36047001100,0.038462
census_tract,B25,36047036900,0.025641
census_tract,B25,36047019900,0.051282
census_tract,B25,36047001300,0.025641
census_tract,B25,36047119800,0.012821
census_tract,B25,36047003500,0.012821
census_tract,B25,36047001502,0.012821
census_tract,B25,36047024500,0.012821
census_tract,B25,36047024900,0.012821
census_tract,B31,36047056400,0.119048
census_tract,B31,36047063200,0.047619
census_tract,B31,36047066600,0.166667
census_tract,B31,36047063800,0.095238
census_tract,B31,36047062800,0.166667
census_tract,B31,36047056800,0.071429
census_tract,B31,36047056000,0.047619
census_tract,B31,36047055200,0.095238
census_tract,B31,36047055800,0.02381
census_tract,B31,36047057000,0.047619
census_tract,B31,36047055000,0.047619
census_tract,B31,36047056200,0.047619
census_tract,B31,36047054800,0.02381
census_tract,Bx46,36005009302,0.464286
census_tract,Bx46,36005011702,0.178571
census_tract,Bx46,36005008700,0.035714
census_tract,Bx46,36005009301,0.107143
census_tract,Bx46,36005008900,0.035714
census_tract,Bx46,36005007900,0.071429
census_tract,Bx46,36005008300,0.035714
census_tract,Bx46,36005008500,0.071429
census_tract,BX46,36005009302,0.464286
census_tract,BX46,36005011702,0.178571
census_tract,BX46,36005008700,0.035714
census_tract,BX46,36005009301,0.107143
census_tract,BX46,36005008900,0.035714
census_tract,BX46,36005007900,0.071429
census_tract,BX46,36005008300,0.035714
census_tract,BX46,36005008500,0.071429
census_tract,Bx16,36005045101,0.074627
census_tract,Bx16,36005043502,0.089552
census_tract,Bx16,36005042300,0.014925
census_tract,Bx16,36005042800,0.059701
census_tract,Bx16,36005044400,0.119403
census_tract,Bx16,36005048401,0.104478
census_tract,Bx16,36005042600,0.074627
census_tract,Bx16,36005045600,0.089552
census_tract,Bx16,36005045102,0.029851
census_tract,Bx16,36005042100,0.029851
census_tract,Bx16,36005043400,0.044776
census_tract,Bx16,36005044902,0.014925
census_tract,Bx16,36005046209,0.014925
census_tract,Bx16,36005048402,0.029851
census_tract,Bx16,36005043600,0.029851
census_tract,Bx16,36005041900,0.059701
census_tract,Bx16,36005043101,0.029851
census_tract,Bx16,36005043503,0.014925
census_tract,Bx16,36005041400,0.014925
census_tract,Bx16,36005041800,0.029851
census_tract,Bx16,36005044901,0.014925
census_tract,Bx16,36005044800,0.014925
census_tract,BX16,36005045101,0.074627
census_tract,BX16,36005043502,0.089552
census_tract,BX16,36005042300,0.014925
census_tract,BX16,36005042800,0.059701
census_tract,BX16,36005044400,0.119403
census_tract,BX16,36005048401,0.104478
census_tract,BX16,36005042600,0.074627
census_tract,BX16,36005045600,0.089552
census_tract,BX16,36005045102,0.029851
census_tract,BX16,36005042100,0.029851
census_tract,BX16,36005043400,0.044776
census_tract,BX16,36005044902,0.014925
census_tract,BX16,36005046209,0.014925
census_tract,BX16,36005048402,0.029851
census_tract,BX16,36005043600,0.029851
census_tract,BX16,36005041900,0.059701
census_tract,BX16,36005043101,0.029851
census_tract,BX16,36005043503,0.014925
census_tract,BX16,36005041400,0.014925
census_tract,BX16,36005041800,0.029851
census_tract,BX16,36005044901,0.014925
census_tract,BX16,36005044800,0.014925
census_tract,Bx18B,36005021100,0.136364
census_tract,Bx18B,36005021302,0.045455
census_tract,Bx18B,36005021900,0.136364
census_tract,Bx18B,36005017902,0.045455
census_tract,Bx18B,36005021502,0.090909
census_tract,Bx18B,36005021301,0.045455
census_tract,Bx18B,36005020501,0.090909
census_tract,Bx18B,36005020502,0.181818
census_tract,Bx18B,36005020100,0.136364
census_tract,Bx18B,36005021501,0.045455
census_tract,Bx18B,36005022500,0.045455
census_tract,BX18B,36005021100,0.136364
census_tract,BX18B,36005021302,0.045455
census_tract,BX18B,36005021900,0.136364
census_tract,BX18B,36005017902,0.045455
census_tract,BX18B,36005021502,0.090909
census_tract,BX18B,36005021301,0.045455
census_tract,BX18B,36005020501,0.090909
census_tract,BX18B,36005020502,0.181818
census_tract,BX18B,36005020100,0.136364
census_tract,BX18B,36005021501,0.045455
census_tract,BX18B,36005022500,0.045455
census_tract,B43,36047028501,0.029126
census_tract,B43,36047056900,0.048544
census_tract,B43,36047026100,0.019417
census_tract,B43,36047028300,0.009709
census_tract,B43,36047032100,0.019417
census_tract,B43,36047049700,0.048544
census_tract,B43,36047056301,0.029126
census_tract,B43,36047026500,0.009709
census_tract,B43,36047049500,0.038835
census_tract,B43,36047056302,0.019417
census_tract,B43,36047032700,0.067961
census_tract,B43,36047056100,0.038835
census_tract,B43,36047050500,0.019417
census_tract,B43,36047025700,0.029126
census_tract,B43,36047050700,0.009709
census_tract,B43,36047026900,0.019417
census_tract,B43,36047032900,0.038835
census_tract,B43,36047049302,0.019417
census_tract,B43,36047027500,0.019417
census_tract,B43,36047056500,0.009709
census_tract,B43,36047031900,0.009709
census_tract,B43,36047057901,0.009709
census_tract,B43,36047057500,0.038835
census_tract,B43,36047033702,0.009709
census_tract,B43,36047031100,0.019417
census_tract,B43,36047034100,0.009709
census_tract,B43,36047027700,0.019417
census_tract,B43,36047027900,0.019417
census_tract,B43,36047049301,0.009709
census_tract,B43,36047049900,0.048544
census_tract,B43,36047049100,0.029126
census_tract,B43,36047026300,0.019417
census_tract,B43,36047033500,0.019417
census_tract,B43,36047031300,0.019417
census_tract,B43,36047033100,0.019417
census_tract,B43,36047034300,0.009709
census_tract,B43,36047033300,0.019417
census_tract,B43,36047028100,0.009709
census_tract,B43,36047027300,0.019417
census_tract,B43,36047027100,0.019417
census_tract,B43,36047047700,0.009709
census_tract,B43,36047024700,0.009709
census_tract,B43,36047025901,0.009709
census_tract,B43,36047026700,0.009709
census_tract,B43,36047028502,0.009709
census_tract,B43,36047033900,0.019417
census_tract,B43,36047033701,0.009709
census_tract,Bx34,36005041900,0.069767
census_tract,Bx34,36005044902,0.093023
census_tract,Bx34,36005043502,0.116279
census_tract,Bx34,36005042300,0.046512
census_tract,Bx34,36005041500,0.116279
census_tract,Bx34,36005040502,0.046512
census_tract,Bx34,36005040702,0.046512
census_tract,Bx34,36005039901,0.093023
census_tract,Bx34,36005043503,0.069767
census_tract,Bx34,36005042100,0.046512
census_tract,Bx34,36005040302,0.069767
census_tract,Bx34,36005042500,0.046512
census_tract,Bx34,36005043101,0.046512
census_tract,Bx34,36005044901,0.023256
census_tract,Bx34,36005045101,0.023256
census_tract,Bx34,36005045102,0.046512
census_tract,BX34,36005041900,0.069767
census_tract,BX34,36005044902,0.093023
census_tract,BX34,36005043502,0.116279
census_tract,BX34,36005042300,0.046512
census_tract,BX34,36005041500,0.116279
census_tract,BX34,36005040502,0.046512
census_tract,BX34,36005040702,0.046512
census_tract,BX34,36005039901,0.093023
census_tract,BX34,36005043503,0.069767
census_tract,BX34,36005042100,0.046512
census_tract,BX34,36005040302,0.069767
census_tract,BX34,36005042500,0.046512
census_tract,BX34,36005043101,0.046512
census_tract,BX34,36005044901,0.023256
census_tract,BX34,36005045101,0.023256
census_tract,BX34,36005045102,0.046512
census_tract,B106,36047052900,0.333333
census_tract,B106,36061001800,0.333333
census_tract,B106,36047052700,0.166667
census_tract,B106,36047052500,0.166667
census_tract,B90,36047048600,0.071429
census_tract,B90,36047046202,0.071429
census_tract,B90,36047043800,0.035714
census_tract,B90,36047039800,0.071429
census_tract,B90,36047035200,0.035714
census_tract,B90,36047048000,0.035714
census_tract,B90,36047038600,0.035714
census_tract,B90,36047041200,0.142857
census_tract,B90,36047044000,0.071429
census_tract,B90,36047035400,0.035714
census_tract,B90,36047047800,0.071429
census_tract,B90,36047049600,0.035714
census_tract,B90,36047042200,0.035714
census_tract,B90,36047045000,0.035714
census_tract,B90,36047035000,0.107143
census_tract,B90,36047034800,0.035714
census_tract,B90,36047046400,0.035714
census_tract,B90,36047030800,0.035714
census_tract,M23-SBS,36061009901,0.225806
census_tract,M23-SBS,36061006800,0.064516
census_tract,M23-SBS,36061005800,0.032258
census_tract,M23-SBS,36061006000,0.193548
census_tract,M23-SBS,36061009300,0.129032
census_tract,M23-SBS,36061006400,0.129032
census_tract,M23-SBS,36061009100,0.129032
census_tract,M23-SBS,36061005600,0.096774
census_tract,M23+,36061009901,0.225806
census_tract,M23+,36061006800,0.064516
census_tract,M23+,36061005800,0.032258
census_tract,M23+,36061006000,0.193548
census_tract,M23+,36061009300,0.129032
census_tract,M23+,36061006400,0.129032
census_tract,M23+,36061009100,0.129032
census_tract,M23+,36061005600,0.096774
census_tract,B52,36047029300,0.070423
census_tract,B52,36047027700,0.056338
census_tract,B52,36047024300,0.042254
census_tract,B52,36047018100,0.042254
census_tract,B52,36047039700,0.014085
census_tract,B52,36047003300,0.070423
census_tract,B52,36047025100,0.014085
census_tract,B52,36047003500,0.014085
census_tract,B52,36047023300,0.028169
census_tract,B52,36047043300,0.056338
census_tract,B52,36047038700,0.028169
census_tract,B52,36047038500,0.042254
census_tract,B52,36047037500,0.014085
census_tract,B52,36047041700,0.056338
census_tract,B52,36047019700,0.042254
census_tract,B52,36047001300,0.028169
census_tract,B52,36047026500,0.042254
census_tract,B52,36047043900,0.028169
census_tract,B52,36047003700,0.056338
census_tract,B52,36047017900,0.028169
census_tract,B52,36047001502,0.014085
census_tract,B52,36047019900,0.014085
census_tract,B52,36047022900,0.056338
census_tract,B52,36047001100,0.042254
census_tract,B52,36081054900,0.028169
census_tract,B52,36047020100,0.014085
census_tract,B52,36047039900,0.028169
census_tract,B52,36047023100,0.028169
census_tract,M14D-SBS,36061005400,0.022727
census_tract,M14D-SBS,36061008300,0.136364
census_tract,M14D-SBS,36061005200,0.022727
census_tract,M14D-SBS,36061002800,0.113636
census_tract,M14D-SBS,36061005000,0.045455
census_tract,M14D-SBS,36061003400,0.090909
census_tract,M14D-SBS,36061004001,0.022727
census_tract,M14D-SBS,36061002000,0.045455
census_tract,M14D-SBS,36061004400,0.068182
census_tract,M14D-SBS,36061006100,0.022727
census_tract,M14D-SBS,36061001002,0.159091
census_tract,M14D-SBS,36061004002,0.022727
census_tract,M14D-SBS,36061008100,0.045455
census_tract,M14D-SBS,36061007100,0.022727
census_tract,M14D-SBS,36061006300,0.022727
census_tract,M14D-SBS,36061004200,0.022727
census_tract,M14D-SBS,36061007700,0.045455
census_tract,M14D-SBS,36061004800,0.022727
census_tract,M14D-SBS,36061002601,0.045455
census_tract,M14D+,36061005400,0.022727
census_tract,M14D+,36061008300,0.136364
census_tract,M14D+,36061005200,0.022727
census_tract,M14D+,36061002800,0.113636
census_tract,M14D+,36061005000,0.045455
census_tract,M14D+,36061003400,0.090909
census_tract,M14D+,36061004001,0.022727
census_tract,M14D+,36061002000,0.045455
census_tract,M14D+,36061004400,0.068182
census_tract,M14D+,36061006100,0.022727
census_tract,M14D+,36061001002,0.159091
census_tract,M14D+,36061004002,0.022727
census_tract,M14D+,36061008100,0.045455
census_tract,M14D+,36061007100,0.022727
census_tract,M14D+,36061006300,0.022727
census_tract,M14D+,36061004200,0.022727
census_tract,M14D+,36061007700,0.045455
census_tract,M14D+,36061004800,0.022727
census_tract,M14D+,36061002601,0.045455
census_tract,Bx20,36005029302,0.15
census_tract,Bx20,36061030900,0.1
census_tract,Bx20,36061030700,0.075
census_tract,Bx20,36005028900,0.175
census_tract,Bx20,36005028300,0.025
census_tract,Bx20,36005030100,0.075
census_tract,Bx20,36005029700,0.075
census_tract,Bx20,36005030701,0.1
census_tract,Bx20,36061030300,0.075
census_tract,Bx20,36005033500,0.05
census_tract,Bx20,36061029700,0.025
census_tract,Bx20,36061029500,0.025
census_tract,Bx20,36061029900,0.025
census_tract,Bx20,36005029500,0.025
census_tract,BX20,36005029302,0.15
census_tract,BX20,36061030900,0.1
census_tract,BX20,36061030700,0.075
census_tract,BX20,36005028900,0.175
census_tract,BX20,36005028300,0.025
census_tract,BX20,36005030100,0.075
census_tract,BX20,36005029700,0.075
census_tract,BX20,36005030701,0.1
census_tract,BX20,36061030300,0.075
census_tract,BX20,36005033500,0.05
census_tract,BX20,36061029700,0.025
census_tract,BX20,36061029500,0.025
census_tract,BX20,36061029900,0.025
census_tract,BX20,36005029500,0.025
census_tract,B45,36047021900,0.05
census_tract,B45,36047020500,0.05
census_tract,B45,36047035301,0.05
census_tract,B45,36047017900,0.033333
census_tract,B45,36047033900,0.15
census_tract,B45,36047020300,0.083333
census_tract,B45,36047035900,0.116667
census_tract,B45,36047034901,0.033333
census_tract,B45,36047000900,0.033333
census_tract,B45,36047021500,0.033333
census_tract,B45,36047020700,0.016667
census_tract,B45,36047012902,0.016667
census_tract,B45,36047031702,0.066667
census_tract,B45,36047021700,0.05
census_tract,B45,36047035101,0.016667
census_tract,B45,36047016300,0.016667
census_tract,B45,36047003700,0.1
census_tract,B45,36047019900,0.033333
census_tract,B45,36047003500,0.016667
census_tract,B45,36047035701,0.033333
census_tract,M15-SBS,36061024200,0.071429
census_tract,M15-SBS,36061004002,0.02381
census_tract,M15-SBS,36061008602,0.02381
census_tract,M15-SBS,36061011800,0.02381
census_tract,M15-SBS,36061014402,0.02381
census_tract,M15-SBS,36061004800,0.02381
census_tract,M15-SBS,36061006200,0.047619
census_tract,M15-SBS,36061019200,0.02381
census_tract,M15-SBS,36061000900,0.047619
census_tract,M15-SBS,36061000700,0.047619
census_tract,M15-SBS,36061010601,0.02381
census_tract,M15-SBS,36061003002,0.02381
census_tract,M15-SBS,36061015601,0.02381
census_tract,M15-SBS,36061017800,0.02381
census_tract,M15-SBS,36061008601,0.02381
census_tract,M15-SBS,36061002700,0.02381
census_tract,M15-SBS,36061006600,0.02381
census_tract,M15-SBS,36061013400,0.02381
census_tract,M15-SBS,36061008800,0.02381
census_tract,M15-SBS,36061009800,0.02381
census_tract,M15-SBS,36061007002,0.02381
census_tract,M15-SBS,36061008603,0.02381
census_tract,M15-SBS,36061013603,0.02381
census_tract,M15-SBS,36061016400,0.02381
census_tract,M15-SBS,36061001501,0.047619
census_tract,M15-SBS,36061006400,0.02381
census_tract,M15-SBS,36061018000,0.02381
census_tract,M15-SBS,36061016200,0.047619
census_tract,M15-SBS,36061003601,0.02381
census_tract,M15-SBS,36061002500,0.02381
census_tract,M15-SBS,36061011600,0.02381
census_tract,M15-SBS,36061001600,0.047619
census_tract,M15-SBS,36061014602,0.02381
census_tract,M15-SBS,36061010803,0.02381
census_tract,M15+,36061024200,0.071429
census_tract,M15+,36061004002,0.02381
census_tract,M15+,36061008602,0.02381
census_tract,M15+,36061011800,0.02381
census_tract,M15+,36061014402,0.02381
census_tract,M15+,36061004800,0.02381
census_tract,M15+,36061006200,0.047619
census_tract,M15+,36061019200,0.02381
census_tract,M15+,36061000900,0.047619
census_tract,M15+,36061000700,0.047619
census_tract,M15+,36061010601,0.02381
census_tract,M15+,36061003002,0.02381
census_tract,M15+,36061015601,0.02381
census_tract,M15+,36061017800,0.02381
census_tract,M15+,36061008601,0.02381
census_tract,M15+,36061002700,0.02381
census_tract,M15+,36061006600,0.02381
census_tract,M15+,36061013400,0.02381
census_tract,M15+,36061008800,0.02381
census_tract,M15+,36061009800,0.02381
census_tract,M15+,36061007002,0.02381
census_tract,M15+,36061008603,0.02381
census_tract,M15+,36061013603,0.02381
census_tract,M15+,36061016400,0.02381
census_tract,M15+,36061001501,0.047619
census_tract,M15+,36061006400,0.02381
census_tract,M15+,36061018000,0.02381
census_tract,M15+,36061016200,0.047619
census_tract,M15+,36061003601,0.02381
census_tract,M15+,36061002500,0.02381
census_tract,M15+,36061011600,0.02381
census_tract,M15+,36061001600,0.047619
census_tract,M15+,36061014602,0.02381
census_tract,M15+,36061010803,0.02381
census_tract,B82-SBS,36047098200,0.043478
census_tract,B82-SBS,36047029600,0.021739
census_tract,B82-SBS,36047105804,0.108696
census_tract,B82-SBS,36047098400,0.021739
census_tract,B82-SBS,36047029200,0.021739
census_tract,B82-SBS,36047097400,0.043478
census_tract,B82-SBS,36047095600,0.021739
census_tract,B82-SBS,36047067600,0.021739
census_tract,B82-SBS,36047105801,0.043478
census_tract,B82-SBS,36047029400,0.021739
census_tract,B82-SBS,36047042600,0.043478
census_tract,B82-SBS,36047073000,0.021739
census_tract,B82-SBS,36047073600,0.043478
census_tract,B82-SBS,36047054600,0.021739
census_tract,B82-SBS,36047030400,0.043478
census_tract,B82-SBS,36047095000,0.021739
census_tract,B82-SBS,36047074400,0.021739
census_tract,B82-SBS,36047042200,0.021739
census_tract,B82-SBS,36047055400,0.021739
census_tract,B82-SBS,36047073800,0.065217
census_tract,B82-SBS,36047095400,0.021739
census_tract,B82-SBS,36047055200,0.043478
census_tract,B82-SBS,36047055000,0.021739
census_tract,B82-SBS,36047027000,0.043478
census_tract,B82-SBS,36047074600,0.021739
census_tract,B82-SBS,36047041200,0.021739
census_tract,B82-SBS,36047096400,0.021739
census_tract,B82-SBS,36047042000,0.021739
census_tract,B82-SBS,36047099800,0.021739
census_tract,B82-SBS,36047029000,0.021739
census_tract,B82-SBS,36047096600,0.021739
census_tract,B82-SBS,36047064400,0.021739
census_tract,B82+,36047098200,0.043478
census_tract,B82+,36047029600,0.021739
census_tract,B82+,36047105804,0.108696
census_tract,B82+,36047098400,0.021739
census_tract,B82+,36047029200,0.021739
census_tract,B82+,36047097400,0.043478
census_tract,B82+,36047095600,0.021739
census_tract,B82+,36047067600,0.021739
census_tract,B82+,36047105801,0.043478
census_tract,B82+,36047029400,0.021739
census_tract,B82+,36047042600,0.043478
census_tract,B82+,36047073000,0.021739
census_tract,B82+,36047073600,0.043478
census_tract,B82+,36047054600,0.021739
census_tract,B82+,36047030400,0.043478
census_tract,B82+,36047095000,0.021739
census_tract,B82+,36047074400,0.021739
census_tract,B82+,36047042200,0.021739
census_tract,B82+,36047055400,0.021739
census_tract,B82+,36047073800,0.065217
census_tract,B82+,36047095400,0.021739
census_tract,B82+,36047055200,0.043478
census_tract,B82+,36047055000,0.021739
census_tract,B82+,36047027000,0.043478
census_tract,B82+,36047074600,0.021739
census_tract,B82+,36047041200,0.021739
census_tract,B82+,36047096400,0.021739
census_tract,B82+,36047042000,0.021739
census_tract,B82+,36047099800,0.021739
census_tract,B82+,36047029000,0.021739
census_tract,B82+,36047096600,0.021739
census_tract,B82+,36047064400,0.021739
census_tract,Bx15,36005007100,0.090909
census_tract,Bx15,36005037504,0.151515
census_tract,Bx15,36005016700,0.060606
census_tract,Bx15,36005014701,0.060606
census_tract,Bx15,36005014500,0.060606
census_tract,Bx15,36005038500,0.090909
census_tract,Bx15,36005016500,0.060606
census_tract,Bx15,36005006900,0.030303
census_tract,Bx15,36005038700,0.060606
census_tract,Bx15,36005018502,0.060606
census_tract,Bx15,36005039500,0.060606
census_tract,Bx15,36005016900,0.060606
census_tract,Bx15,36005014100,0.030303
census_tract,Bx15,36005014702,0.030303
census_tract,Bx15,36005006700,0.030303
census_tract,Bx15,36005018501,0.030303
census_tract,Bx15,36005006500,0.030303
census_tract,BX15,36005007100,0.090909
census_tract,BX15,36005037504,0.151515
census_tract,BX15,36005016700,0.060606
census_tract,BX15,36005014701,0.060606
census_tract,BX15,36005014500,0.060606
census_tract,BX15,36005038500,0.090909
census_tract,BX15,36005016500,0.060606
census_tract,BX15,36005006900,0.030303
census_tract,BX15,36005038700,0.060606
census_tract,BX15,36005018502,0.060606
census_tract,BX15,36005039500,0.060606
census_tract,BX15,36005016900,0.060606
census_tract,BX15,36005014100,0.030303
census_tract,BX15,36005014702,0.030303
census_tract,BX15,36005006700,0.030303
census_tract,BX15,36005018501,0.030303
census_tract,BX15,36005006500,0.030303
census_tract,BxM8,36061011401,0.023256
census_tract,BxM8,36061014602,0.023256
census_tract,BxM8,36005009800,0.023256
census_tract,BxM8,36061005600,0.046512
census_tract,BxM8,36005051601,0.27907
census_tract,BxM8,36005026602,0.046512
census_tract,BxM8,36005027600,0.023256
census_tract,BxM8,36061009400,0.023256
census_tract,BxM8,36005018400,0.023256
census_tract,BxM8,36061014300,0.046512
census_tract,BxM8,36005027401,0.023256
census_tract,BxM8,36061013000,0.023256
census_tract,BxM8,36005026400,0.046512
census_tract,BxM8,36005007800,0.023256
census_tract,BxM8,36061019400,0.046512
census_tract,BxM8,36061009600,0.023256
census_tract,BxM8,36005030000,0.023256
census_tract,BxM8,36061010400,0.023256
census_tract,BxM8,36005004200,0.023256
census_tract,BxM8,36005016600,0.023256
census_tract,BxM8,36005004400,0.023256
census_tract,BxM8,36061010200,0.023256
census_tract,BxM8,36005016400,0.023256
census_tract,BxM8,36061011201,0.023256
census_tract,BxM8,36061008200,0.023256
census_tract,BxM8,36005019400,0.023256
census_tract,BxM8,36061007600,0.023256
census_tract,BXM8,36061011401,0.023256
census_tract,BXM8,36061014602,0.023256
census_tract,BXM8,36005009800,0.023256
census_tract,BXM8,36061005600,0.046512
census_tract,BXM8,36005051601,0.27907
census_tract,BXM8,36005026602,0.046512
census_tract,BXM8,36005027600,0.023256
census_tract,BXM8,36061009400,0.023256
census_tract,BXM8,36005018400,0.023256
census_tract,BXM8,36061014300,0.046512
census_tract,BXM8,36005027401,0.023256
census_tract,BXM8,36061013000,0.023256
census_tract,BXM8,36005026400,0.046512
census_tract,BXM8,36005007800,0.023256
census_tract,BXM8,36061019400,0.046512
census_tract,BXM8,36061009600,0.023256
census_tract,BXM8,36005030000,0.023256
census_tract,BXM8,36061010400,0.023256
census_tract,BXM8,36005004200,0.023256
census_tract,BXM8,36005016600,0.023256
census_tract,BXM8,36005004400,0.023256
census_tract,BXM8,36061010200,0.023256
census_tract,BXM8,36005016400,0.023256
census_tract,BXM8,36061011201,0.023256
census_tract,BXM8,36061008200,0.023256
census_tract,BXM8,36005019400,0.023256
census_tract,BXM8,36061007600,0.023256
census_tract,M12,36061009901,0.1
census_tract,M12,36061008300,0.125
census_tract,M12,36061011700,0.05
census_tract,M12,36061009903,0.1
census_tract,M12,36061007900,0.05
census_tract,M12,36061013502,0.1
census_tract,M12,36061013700,0.075
census_tract,M12,36061012902,0.075
census_tract,M12,36061009902,0.075
census_tract,M12,36061007700,0.05
census_tract,M12,36061013900,0.075
census_tract,M12,36061013501,0.075
census_tract,M12,36061012901,0.05
census_tract,L92,36061005400,0.02381
census_tract,L92,36061001800,0.071429
census_tract,L92,36061005200,0.02381
census_tract,L92,36061008300,0.02381
census_tract,L92,36061005000,0.047619
census_tract,L92,36061003400,0.119048
census_tract,L92,36061000202,0.119048
census_tract,L92,36061004001,0.02381
census_tract,L92,36061007900,0.047619
census_tract,L92,36061004002,0.02381
census_tract,L92,36061008100,0.047619
census_tract,L92,36061007100,0.02381
census_tract,L92,36061001200,0.047619
census_tract,L92,36061001401,0.071429
census_tract,L92,36061004400,0.02381
census_tract,L92,36061003002,0.047619
census_tract,L92,36061006300,0.02381
census_tract,L92,36061004200,0.02381
census_tract,L92,36061001402,0.02381
census_tract,L92,36061003200,0.047619
census_tract,L92,36061004800,0.02381
census_tract,L92,36061007700,0.047619
census_tract,L92,36061006100,0.02381
census_tract,BxM11,36061011401,0.02439
census_tract,BxM11,36061016800,0.02439
census_tract,BxM11,36005022401,0.02439
census_tract,BxM11,36005039400,0.02439
census_tract,BxM11,36005039000,0.02439
census_tract,BxM11,36061014300,0.073171
census_tract,BxM11,36005044200,0.073171
census_tract,BxM11,36061007600,0.02439
census_tract,BxM11,36005033201,0.02439
census_tract,BxM11,36005041400,0.02439
census_tract,BxM11,36005044400,0.02439
census_tract,BxM11,36061007400,0.04878
census_tract,BxM11,36005040800,0.02439
census_tract,BxM11,36061009600,0.02439
census_tract,BxM11,36005039200,0.02439
census_tract,BxM11,36061015001,0.02439
census_tract,BxM11,36005033400,0.073171
census_tract,BxM11,36061010400,0.02439
census_tract,BxM11,36005042000,0.04878
census_tract,BxM11,36005033802,0.02439
census_tract,BxM11,36005037800,0.02439
census_tract,BxM11,36061010200,0.02439
census_tract,BxM11,36061011201,0.02439
census_tract,BxM11,36005033601,0.02439
census_tract,BxM11,36005033000,0.02439
census_tract,BxM11,36005037400,0.04878
census_tract,BxM11,36005033202,0.02439
census_tract,BxM11,36005043400,0.02439
census_tract,BxM11,36061005800,0.02439
census_tract,BxM11,36061009400,0.02439
census_tract,BxM11,36061012200,0.02439
census_tract,BxM11,36061008200,0.02439
census_tract,BXM11,36061011401,0.02439
census_tract,BXM11,36061016800,0.02439
census_tract,BXM11,36005022401,0.02439
census_tract,BXM11,36005039400,0.02439
census_tract,BXM11,36005039000,0.02439
census_tract,BXM11,36061014300,0.073171
census_tract,BXM11,36005044200,0.073171
census_tract,BXM11,36061007600,0.02439
census_tract,BXM11,36005033201,0.02439
census_tract,BXM11,36005041400,0.02439
census_tract,BXM11,36005044400,0.02439
census_tract,BXM11,36061007400,0.04878
census_tract,BXM11,36005040800,0.02439
census_tract,BXM11,36061009600,0.02439
census_tract,BXM11,36005039200,0.02439
census_tract,BXM11,36061015001,0.02439
census_tract,BXM11,36005033400,0.073171
census_tract,BXM11,36061010400,0.02439
census_tract,BXM11,36005042000,0.04878
census_tract,BXM11,36005033802,0.02439
census_tract,BXM11,36005037800,0.02439
census_tract,BXM11,36061010200,0.02439
census_tract,BXM11,36061011201,0.02439
census_tract,BXM11,36005033601,0.02439
census_tract,BXM11,36005033000,0.02439
census_tract,BXM11,36005037400,0.04878
census_tract,BXM11,36005033202,0.02439
census_tract,BXM11,36005043400,0.02439
census_tract,BXM11,36061005800,0.02439
census_tract,BXM11,36061009400,0.02439
census_tract,BXM11,36061012200,0.02439
census_tract,BXM11,36061008200,0.02439
census_tract,M34-SBS,36061007400,0.088235
census_tract,M34-SBS,36061011100,0.088235
census_tract,M34-SBS,36061010900,0.058824
census_tract,M34-SBS,36061006200,0.147059
census_tract,M34-SBS,36061010100,0.058824
census_tract,M34-SBS,36061007001,0.029412
census_tract,M34-SBS,36061006600,0.029412
census_tract,M34-SBS,36061009903,0.147059
census_tract,M34-SBS,36061006400,0.029412
census_tract,M34-SBS,36061010300,0.058824
census_tract,M34-SBS,36061007800,0.058824
census_tract,M34-SBS,36061008601,0.058824
census_tract,M34-SBS,36061007200,0.058824
census_tract,M34-SBS,36061007002,0.058824
census_tract,M34-SBS,36061007600,0.029412
census_tract,M34+,36061007400,0.088235
census_tract,M34+,36061011100,0.088235
census_tract,M34+,36061010900,0.058824
census_tract,M34+,36061006200,0.147059
census_tract,M34+,36061010100,0.058824
census_tract,M34+,36061007001,0.029412
census_tract,M34+,36061006600,0.029412
census_tract,M34+,36061009903,0.147059
census_tract,M34+,36061006400,0.029412
census_tract,M34+,36061010300,0.058824
census_tract,M34+,36061007800,0.058824
census_tract,M34+,36061008601,0.058824
census_tract,M34+,36061007200,0.058824
census_tract,M34+,36061007002,0.058824
census_tract,M34+,36061007600,0.029412
census_tract,Bx6-SBS,36005006100,0.027778
census_tract,Bx6-SBS,36061024100,0.111111
census_tract,Bx6-SBS,36005011702,0.194444
census_tract,Bx6-SBS,36005009301,0.055556
census_tract,Bx6-SBS,36005011701,0.083333
census_tract,Bx6-SBS,36005011502,0.027778
census_tract,Bx6-SBS,36005012901,0.055556
census_tract,Bx6-SBS,36061023900,0.027778
census_tract,Bx6-SBS,36005009302,0.083333
census_tract,Bx6-SBS,36005019500,0.027778
census_tract,Bx6-SBS,36005011900,0.027778
census_tract,Bx6-SBS,36005014100,0.083333
census_tract,Bx6-SBS,36005006302,0.027778
census_tract,Bx6-SBS,36005008900,0.027778
census_tract,Bx6-SBS,36061023501,0.027778
census_tract,Bx6-SBS,36005018302,0.027778
census_tract,Bx6-SBS,36005008700,0.055556
census_tract,Bx6-SBS,36005018501,0.027778
census_tract,BX6+,36005006100,0.027778
census_tract,BX6+,36061024100,0.111111
census_tract,BX6+,36005011702,0.194444
census_tract,BX6+,36005009301,0.055556
census_tract,BX6+,36005011701,0.083333
census_tract,BX6+,36005011502,0.027778
census_tract,BX6+,36005012901,0.055556
census_tract,BX6+,36061023900,0.027778
census_tract,BX6+,36005009302,0.083333
census_tract,BX6+,36005019500,0.027778
census_tract,BX6+,36005011900,0.027778
census_tract,BX6+,36005014100,0.083333
census_tract,BX6+,36005006302,0.027778
census_tract,BX6+,36005008900,0.027778
census_tract,BX6+,36061023501,0.027778
census_tract,BX6+,36005018302,0.027778
census_tract,BX6+,36005008700,0.055556
census_tract,BX6+,36005018501,0.027778
census_tract,BxM7,36061008200,0.03125
census_tract,BxM7,36061014602,0.03125
census_tract,BxM7,36005046203,0.125
census_tract,BxM7,36061005600,0.0625
census_tract,BxM7,36005046205,0.09375
census_tract,BxM7,36005030201,0.0625
census_tract,BxM7,36061009400,0.03125
census_tract,BxM7,36061014300,0.09375
census_tract,BxM7,36061013000,0.03125
census_tract,BxM7,36061019400,0.0625
census_tract,BxM7,36061009600,0.03125
census_tract,BxM7,36061007600,0.03125
census_tract,BxM7,36061011401,0.03125
census_tract,BxM7,36061010200,0.03125
census_tract,BxM7,36005046204,0.03125
census_tract,BxM7,36061010400,0.03125
census_tract,BxM7,36061015602,0.03125
census_tract,BxM7,36061011201,0.03125
census_tract,BxM7,36005046206,0.0625
census_tract,BxM7,36005030202,0.0625
census_tract,BXM7,36061008200,0.03125
census_tract,BXM7,36061014602,0.03125
census_tract,BXM7,36005046203,0.125
census_tract,BXM7,36061005600,0.0625
census_tract,BXM7,36005046205,0.09375
census_tract,BXM7,36005030201,0.0625
census_tract,BXM7,36061009400,0.03125
census_tract,BXM7,36061014300,0.09375
census_tract,BXM7,36061013000,0.03125
census_tract,BXM7,36061019400,0.0625
census_tract,BXM7,36061009600,0.03125
census_tract,BXM7,36061007600,0.03125
census_tract,BXM7,36061011401,0.03125
census_tract,BXM7,36061010200,0.03125
census_tract,BXM7,36005046204,0.03125
census_tract,BXM7,36061010400,0.03125
census_tract,BXM7,36061015602,0.03125
census_tract,BXM7,36061011201,0.03125
census_tract,BXM7,36005046206,0.0625
census_tract,BXM7,36005030202,0.0625
census_tract,B94,36081000702,0.090909
census_tract,B94,36047057500,0.090909
census_tract,B94,36081001901,0.454545
census_tract,B94,36047056900,0.181818
census_tract,B94,36047056500,0.090909
census_tract,B94,36047056301,0.090909
census_tract,Bx12,36005046205,0.09375
census_tract,Bx12,36005022401,0.015625
census_tract,Bx12,36005029600,0.109375
census_tract,Bx12,36005038500,0.015625
census_tract,Bx12,36005024800,0.078125
census_tract,Bx12,36005050400,0.09375
census_tract,Bx12,36005026300,0.03125
census_tract,Bx12,36061029300,0.03125
census_tract,Bx12,36005025500,0.015625
census_tract,Bx12,36005026100,0.015625
census_tract,Bx12,36005027600,0.0625
census_tract,Bx12,36005025300,0.03125
census_tract,Bx12,36005030000,0.046875
census_tract,Bx12,36005038900,0.03125
census_tract,Bx12,36005023703,0.015625
census_tract,Bx12,36005033400,0.03125
census_tract,Bx12,36005026900,0.03125
census_tract,Bx12,36061029900,0.03125
census_tract,Bx12,36005039700,0.0625
census_tract,Bx12,36005040100,0.03125
census_tract,Bx12,36005039901,0.015625
census_tract,Bx12,36005039902,0.015625
census_tract,Bx12,36005022403,0.015625
census_tract,Bx12,36005028400,0.015625
census_tract,Bx12,36005038700,0.015625
census_tract,Bx12,36005035600,0.015625
census_tract,Bx12,36005023702,0.015625
census_tract,Bx12,36005025700,0.015625
census_tract,BX12,36005046205,0.09375
census_tract,BX12,36005022401,0.015625
census_tract,BX12,36005029600,0.109375
census_tract,BX12,36005038500,0.015625
census_tract,BX12,36005024800,0.078125
census_tract,BX12,36005050400,0.09375
census_tract,BX12,36005026300,0.03125
census_tract,BX12,36061029300,0.03125
census_tract,BX12,36005025500,0.015625
census_tract,BX12,36005026100,0.015625
census_tract,BX12,36005027600,0.0625
census_tract,BX12,36005025300,0.03125
census_tract,BX12,36005030000,0.046875
census_tract,BX12,36005038900,0.03125
census_tract,BX12,36005023703,0.015625
census_tract,BX12,36005033400,0.03125
census_tract,BX12,36005026900,0.03125
census_tract,BX12,36061029900,0.03125
census_tract,BX12,36005039700,0.0625
census_tract,BX12,36005040100,0.03125
census_tract,BX12,36005039901,0.015625
census_tract,BX12,36005039902,0.015625
census_tract,BX12,36005022403,0.015625
census_tract,BX12,36005028400,0.015625
census_tract,BX12,36005038700,0.015625
census_tract,BX12,36005035600,0.015625
census_tract,BX12,36005023702,0.015625
census_tract,BX12,36005025700,0.015625
census_tract,B83,36047105801,0.135593
census_tract,B83,36047036700,0.033898
census_tract,B83,36047115600,0.101695
census_tract,B83,36047112200,0.067797
census_tract,B83,36047107001,0.067797
census_tract,B83,36047105804,0.101695
census_tract,B83,36047110600,0.084746
census_tract,B83,36047112800,0.101695
census_tract,B83,36047112600,0.050847
census_tract,B83,36047119800,0.050847
census_tract,B83,36047107800,0.033898
census_tract,B83,36047114201,0.033898
census_tract,B83,36047114400,0.050847
census_tract,B83,36047107002,0.016949
census_tract,B83,36047110400,0.067797
census_tract,J90,36081001000,0.055556
census_tract,J90,36081000400,0.055556
census_tract,J90,36081001200,0.055556
census_tract,J90,36081001400,0.055556
census_tract,J90,36047117602,0.055556
census_tract,J90,36081012602,0.055556
census_tract,J90,36081014202,0.055556
census_tract,J90,36081000200,0.055556
census_tract,J90,36081013000,0.055556
census_tract,J90,36047118201,0.111111
census_tract,J90,36081014400,0.111111
census_tract,J90,36081021602,0.055556
census_tract,J90,36081002600,0.055556
census_tract,J90,36047117800,0.055556
census_tract,J90,36081012400,0.055556
census_tract,J90,36081001800,0.055556
census_tract,B96,36047080200,0.055556
census_tract,B96,36047032100,0.111111
census_tract,B96,36047077400,0.111111
census_tract,B96,36047032900,0.055556
census_tract,B96,36047032500,0.055556
census_tract,B96,36047082400,0.055556
census_tract,B96,36047021900,0.055556
census_tract,B96,36047081000,0.055556
census_tract,B96,36047083000,0.055556
census_tract,B96,36047082600,0.055556
census_tract,B96,36047085600,0.055556
census_tract,B96,36047033500,0.055556
census_tract,B96,36047031702,0.055556
census_tract,B96,36047080000,0.055556
census_tract,B96,36047081800,0.055556
census_tract,B96,36047082800,0.055556
census_tract,Bx35,36005021302,0.044444
census_tract,Bx35,36005012500,0.066667
census_tract,Bx35,36005015100,0.066667
census_tract,Bx35,36005012101,0.088889
census_tract,Bx35,36005017901,0.044444
census_tract,Bx35,36061026900,0.088889
census_tract,Bx35,36005014500,0.111111
census_tract,Bx35,36005021100,0.066667
census_tract,Bx35,36005015700,0.022222
census_tract,Bx35,36061027100,0.044444
census_tract,Bx35,36005017500,0.044444
census_tract,Bx35,36005014900,0.044444
census_tract,Bx35,36005018102,0.022222
census_tract,Bx35,36005018502,0.022222
census_tract,Bx35,36061026300,0.022222
census_tract,Bx35,36005017701,0.022222
census_tract,Bx35,36005012701,0.022222
census_tract,Bx35,36005019700,0.044444
census_tract,Bx35,36005018101,0.022222
census_tract,Bx35,36005012300,0.044444
census_tract,Bx35,36005021900,0.022222
census_tract,Bx35,36061026500,0.022222
census_tract,BX35,36005021302,0.044444
census_tract,BX35,36005012500,0.066667
census_tract,BX35,36005015100,0.066667
census_tract,BX35,36005012101,0.088889
census_tract,BX35,36005017901,0.044444
census_tract,BX35,36061026900,0.088889
census_tract,BX35,36005014500,0.111111
census_tract,BX35,36005021100,0.066667
census_tract,BX35,36005015700,0.022222
census_tract,BX35,36061027100,0.044444
census_tract,BX35,36005017500,0.044444
census_tract,BX35,36005014900,0.044444
census_tract,BX35,36005018102,0.022222
census_tract,BX35,36005018502,0.022222
census_tract,BX35,36061026300,0.022222
census_tract,BX35,36005017701,0.022222
census_tract,BX35,36005012701,0.022222
census_tract,BX35,36005019700,0.044444
census_tract,BX35,36005018101,0.022222
census_tract,BX35,36005012300,0.044444
census_tract,BX35,36005021900,0.022222
census_tract,BX35,36061026500,0.022222
census_tract,Bx41-SBS,36005041500,0.041667
census_tract,Bx41-SBS,36005039700,0.083333
census_tract,Bx41-SBS,36005038000,0.041667
census_tract,Bx41-SBS,36005014500,0.041667
census_tract,Bx41-SBS,36005039902,0.041667
census_tract,Bx41-SBS,36005037900,0.125
census_tract,Bx41-SBS,36005042902,0.041667
census_tract,Bx41-SBS,36005014100,0.083333
census_tract,Bx41-SBS,36005006500,0.041667
census_tract,Bx41-SBS,36005042901,0.041667
census_tract,Bx41-SBS,36005042500,0.083333
census_tract,Bx41-SBS,36005023100,0.041667
census_tract,Bx41-SBS,36005017701,0.041667
census_tract,Bx41-SBS,36005037800,0.041667
census_tract,Bx41-SBS,36005016700,0.083333
census_tract,Bx41-SBS,36005004300,0.041667
census_tract,Bx41-SBS,36005017702,0.041667
census_tract,Bx41-SBS,36005014701,0.041667
census_tract,BX41+,36005041500,0.041667
census_tract,BX41+,36005039700,0.083333
census_tract,BX41+,36005038000,0.041667
census_tract,BX41+,36005014500,0.041667
census_tract,BX41+,36005039902,0.041667
census_tract,BX41+,36005037900,0.125
census_tract,BX41+,36005042902,0.041667
census_tract,BX41+,36005014100,0.083333
census_tract,BX41+,36005006500,0.041667
census_tract,BX41+,36005042901,0.041667
census_tract,BX41+,36005042500,0.083333
census_tract,BX41+,36005023100,0.041667
census_tract,BX41+,36005017701,0.041667
census_tract,BX41+,36005037800,0.041667
census_tract,BX41+,36005016700,0.083333
census_tract,BX41+,36005004300,0.041667
census_tract,BX41+,36005017702,0.041667
census_tract,BX41+,36005014701,0.041667
census_tract,B102,36047059200,0.052632
census_tract,B102,36047059000,0.052632
census_tract,B102,36047060600,0.052632
census_tract,B102,36047057800,0.157895
census_tract,B102,36047060800,0.052632
census_tract,B102,36047036200,0.105263
census_tract,B102,36047055200,0.105263
census_tract,B102,36047035000,0.157895
census_tract,B102,36047035602,0.105263
census_tract,B102,36047036002,0.052632
census_tract,B102,36047036001,0.052632
census_tract,B102,36047035200,0.052632
census_tract,B42,36047101200,0.05
census_tract,B42,36047096600,0.05
census_tract,B42,36047098800,0.15
census_tract,B42,36047099000,0.15
census_tract,B42,36047103401,0.15
census_tract,B42,36047097400,0.1
census_tract,B42,36047102400,0.1
census_tract,B42,36047102801,0.05
census_tract,B42,36047102200,0.1
census_tract,B42,36047096800,0.05
census_tract,B42,36047101000,0.05
census_tract,B39,36061001800,0.571429
census_tract,B39,36047052300,0.142857
census_tract,B39,36047052500,0.285714
census_tract,BX92,36061021200,0.125
census_tract,BX92,36061021400,0.125
census_tract,BX92,36005006500,0.125
census_tract,BX92,36005005100,0.125
census_tract,BX92,36005004300,0.125
census_tract,BX92,36061023200,0.125
census_tract,BX92,36005006100,0.125
census_tract,BX92,36061022800,0.125
census_tract,B99,36047091800,0.125
census_tract,B99,36047112800,0.125
census_tract,B99,36047089400,0.125
census_tract,B99,36047091600,0.125
census_tract,B99,36047035101,0.0625
census_tract,B99,36047112400,0.125
census_tract,B99,36047112200,0.125
census_tract,B99,36047035102,0.0625
census_tract,B99,36047089200,0.125
census_tract,B116,36047032700,0.333333
census_tract,B116,36047016100,0.333333
census_tract,B116,36047012901,0.333333
census_tract,CPAS,36061008400,0.333333
census_tract,CPAS,36061007800,0.333333
census_tract,CPAS,36081090700,0.333333
census_tract,BX95,36005026500,0.25
census_tract,BX95,36005041100,0.125
census_tract,BX95,36005043502,0.125
census_tract,BX95,36005041900,0.125
census_tract,BX95,36005040900,0.125
census_tract,BX95,36005042100,0.125
census_tract,BX95,36005043503,0.125
census_tract,ECAS,36061005600,1.0
census_tract,Q24,36047119800,0.11
census_tract,Q24,36081012400,0.01
census_tract,Q24,36081011800,0.03
census_tract,Q24,36081003400,0.05
census_tract,Q24,36081014202,0.03
census_tract,Q24,36047119200,0.02
census_tract,Q24,36047040300,0.03
census_tract,Q24,36081003200,0.03
census_tract,Q24,36081024000,0.02
census_tract,Q24,36047117400,0.02
census_tract,Q24,36081000800,0.02
census_tract,Q24,36047040500,0.02
census_tract,Q24,36081001600,0.01
census_tract,Q24,36047037500,0.02
census_tract,Q24,36047038700,0.05
census_tract,Q24,36047114201,0.02
census_tract,Q24,36081001800,0.01
census_tract,Q24,36081012601,0.02
census_tract,Q24,36047116800,0.03
census_tract,Q24,36081014800,0.03
census_tract,Q24,36047039700,0.03
census_tract,Q24,36047118400,0.01
census_tract,Q24,36047037300,0.03
census_tract,Q24,36047040100,0.03
census_tract,Q24,36047118600,0.02
census_tract,Q24,36081023600,0.02
census_tract,Q24,36081020800,0.05
census_tract,Q24,36081002000,0.01
census_tract,Q24,36081000600,0.01
census_tract,Q24,36047036900,0.04
census_tract,Q24,36047036700,0.02
census_tract,Q24,36047039500,0.02
census_tract,Q24,36081002800,0.02
census_tract,Q24,36081012200,0.01
census_tract,Q24,36047117000,0.04
census_tract,Q24,36047117800,0.04
census_tract,Q24,36081015200,0.01
census_tract,Q24,36081011400,0.01
census_tract,S66,36085021300,0.01
census_tract,S66,36085005902,0.04
census_tract,S66,36085001700,0.04
census_tract,S66,36085019700,0.03
census_tract,S66,36085004700,0.07
census_tract,S66,36085003900,0.13
census_tract,S66,36085015100,0.11
census_tract,S66,36085020100,0.06
census_tract,S66,36085014700,0.07
census_tract,S66,36085020702,0.1
census_tract,S66,36085003300,0.05
census_tract,S66,36085018701,0.03
census_tract,S66,36085016901,0.1
census_tract,S66,36085000300,0.08
census_tract,S66,36085014100,0.02
census_tract,S66,36085005901,0.01
census_tract,S66,36085007500,0.02
census_tract,S66,36085002100,0.01
census_tract,S66,36085001100,0.02
census_tract,M86-SBS,36061017100,0.096774
census_tract,M86-SBS,36061014401,0.032258
census_tract,M86-SBS,36061014300,0.064516
census_tract,M86-SBS,36061017300,0.096774
census_tract,M86-SBS,36061014402,0.129032
census_tract,M86-SBS,36061014602,0.032258
census_tract,M86-SBS,36061015002,0.064516
census_tract,M86-SBS,36061014601,0.064516
census_tract,M86-SBS,36061015200,0.129032
census_tract,M86-SBS,36061015001,0.032258
census_tract,M86-SBS,36061017500,0.064516
census_tract,M86-SBS,36061014802,0.064516
census_tract,M86-SBS,36061016900,0.064516
census_tract,M86-SBS,36061014801,0.032258
census_tract,M86-SBS,36061014200,0.032258
census_tract,M86+,36061017100,0.096774
census_tract,M86+,36061014401,0.032258
census_tract,M86+,36061014300,0.064516
census_tract,M86+,36061017300,0.096774
census_tract,M86+,36061014402,0.129032
census_tract,M86+,36061014602,0.032258
census_tract,M86+,36061015002,0.064516
census_tract,M86+,36061014601,0.064516
census_tract,M86+,36061015200,0.129032
census_tract,M86+,36061015001,0.032258
census_tract,M86+,36061017500,0.064516
census_tract,M86+,36061014802,0.064516
census_tract,M86+,36061016900,0.064516
census_tract,M86+,36061014801,0.032258
census_tract,M86+,36061014200,0.032258
census_tract,Q100,36081012301,0.208333
census_tract,Q100,36005000100,0.083333
census_tract,Q100,36081008300,0.041667
census_tract,Q100,36081002500,0.041667
census_tract,Q100,36081010701,0.041667
census_tract,Q100,36081001902,0.083333
census_tract,Q100,36081007900,0.041667
census_tract,Q100,36081004500,0.041667
census_tract,Q100,36081007700,0.041667
census_tract,Q100,36081007100,0.041667
census_tract,Q100,36081011100,0.041667
census_tract,Q100,36081006900,0.041667
census_tract,Q100,36081010300,0.041667
census_tract,Q100,36081003302,0.041667
census_tract,Q100,36081010500,0.041667
census_tract,Q100,36081009700,0.083333
census_tract,Q100,36081031700,0.041667
census_tract,M42,36061012901,0.15625
census_tract,M42,36061011900,0.0625
census_tract,M42,36061011700,0.0625
census_tract,M42,36061012101,0.03125
census_tract,M42,36061008800,0.09375
census_tract,M42,36061009200,0.0625
census_tract,M42,36061008601,0.09375
census_tract,M42,36061008200,0.0625
census_tract,M42,36061011500,0.09375
census_tract,M42,36061009600,0.03125
census_tract,M42,36061008000,0.09375
census_tract,M42,36061009400,0.03125
census_tract,M42,36061012102,0.03125
census_tract,M42,36061008400,0.03125
census_tract,M42,36061011300,0.0625
census_tract,SIM33C,36085002002,0.025974
census_tract,SIM33C,36047016400,0.012987
census_tract,SIM33C,36085029104,0.077922
census_tract,SIM33C,36061014300,0.025974
census_tract,SIM33C,36085018902,0.025974
census_tract,SIM33C,36061001300,0.090909
census_tract,SIM33C,36061004900,0.012987
census_tract,SIM33C,36061006300,0.012987
census_tract,SIM33C,36061009400,0.012987
census_tract,SIM33C,36085018701,0.025974
census_tract,SIM33C,36061005600,0.038961
census_tract,SIM33C,36061007600,0.012987
census_tract,SIM33C,36085027301,0.025974
census_tract,SIM33C,36085031902,0.038961
census_tract,SIM33C,36085030301,0.025974
census_tract,SIM33C,36085030302,0.038961
census_tract,SIM33C,36085005000,0.012987
census_tract,SIM33C,36061003700,0.012987
census_tract,SIM33C,36085016901,0.012987
census_tract,SIM33C,36085023900,0.012987
census_tract,SIM33C,36085018703,0.012987
census_tract,SIM33C,36085031901,0.025974
census_tract,SIM33C,36061003300,0.025974
census_tract,SIM33C,36085002001,0.025974
census_tract,SIM33C,36085023100,0.012987
census_tract,SIM33C,36061006100,0.012987
census_tract,SIM33C,36085018901,0.038961
census_tract,SIM33C,36085017701,0.012987
census_tract,SIM33C,36047013600,0.012987
census_tract,SIM33C,36061010400,0.012987
census_tract,SIM33C,36061010200,0.012987
census_tract,SIM33C,36085018704,0.012987
census_tract,SIM33C,36061004700,0.012987
census_tract,SIM33C,36061003100,0.012987
census_tract,SIM33C,36061008400,0.012987
census_tract,SIM33C,36061007400,0.012987
census_tract,SIM33C,36085032300,0.025974
census_tract,SIM33C,36047012600,0.012987
census_tract,SIM33C,36061005700,0.012987
census_tract,SIM33C,36061002100,0.025974
census_tract,SIM33C,36061011201,0.012987
census_tract,SIM33C,36061009600,0.012987
census_tract,SIM33C,36085004004,0.012987
census_tract,SIM33C,36047012000,0.012987
census_tract,SIM33C,36061008200,0.012987
census_tract,SIM33C,36061005400,0.012987
census_tract,SIM33C,36085017300,0.012987
census_tract,QM17,36081089201,0.095238
census_tract,QM17,36061011201,0.02381
census_tract,QM17,36081094203,0.047619
census_tract,QM17,36081099200,0.047619
census_tract,QM17,36081099801,0.095238
census_tract,QM17,36081107201,0.095238
census_tract,QM17,36061007200,0.02381
census_tract,QM17,36081097204,0.047619
census_tract,QM17,36081100803,0.071429
census_tract,QM17,36081099802,0.047619
census_tract,QM17,36081101004,0.02381
census_tract,QM17,36061007400,0.02381
census_tract,QM17,36081101003,0.047619
census_tract,QM17,36081096400,0.02381
census_tract,QM17,36061009600,0.02381
census_tract,QM17,36061007600,0.047619
census_tract,QM17,36081097206,0.02381
census_tract,QM17,36061011203,0.02381
census_tract,QM17,36081095400,0.02381
census_tract,QM17,36061011202,0.02381
census_tract,QM17,36081094202,0.047619
census_tract,QM17,36061010400,0.02381
census_tract,QM17,36061008400,0.02381
census_tract,QM17,36081097205,0.02381
census_tract,S48,36085005901,0.032609
census_tract,S48,36085007500,0.054348
census_tract,S48,36085020100,0.065217
census_tract,S48,36085001700,0.043478
census_tract,S48,36085032300,0.032609
census_tract,S48,36085031902,0.086957
census_tract,S48,36085015100,0.032609
census_tract,S48,36085012500,0.043478
census_tract,S48,36085005902,0.032609
census_tract,S48,36085031901,0.065217
census_tract,S48,36085012100,0.043478
census_tract,S48,36085014100,0.021739
census_tract,S48,36085023900,0.032609
census_tract,S48,36085010500,0.043478
census_tract,S48,36085000300,0.086957
census_tract,S48,36085006700,0.043478
census_tract,S48,36085030302,0.065217
census_tract,S48,36085024700,0.032609
census_tract,S48,36085003300,0.01087
census_tract,S48,36085023100,0.032609
census_tract,S48,36085025100,0.032609
census_tract,S48,36085002100,0.01087
census_tract,S48,36085001100,0.021739
census_tract,S48,36085030301,0.01087
census_tract,S48,36085014700,0.021739
census_tract,QM12,36081071305,0.027778
census_tract,QM12,36081073900,0.027778
census_tract,QM12,36081071900,0.083333
census_tract,QM12,36081071303,0.083333
census_tract,QM12,36081071100,0.083333
census_tract,QM12,36061008400,0.027778
census_tract,QM12,36081074100,0.055556
census_tract,QM12,36081063700,0.027778
census_tract,QM12,36081070300,0.055556
census_tract,QM12,36081064500,0.027778
census_tract,QM12,36061011201,0.027778
census_tract,QM12,36061007400,0.027778
census_tract,QM12,36061007600,0.055556
census_tract,QM12,36081047500,0.027778
census_tract,QM12,36081072100,0.055556
census_tract,QM12,36061009600,0.027778
census_tract,QM12,36061007200,0.027778
census_tract,QM12,36081071702,0.055556
census_tract,QM12,36061011203,0.027778
census_tract,QM12,36061011202,0.027778
census_tract,QM12,36081072900,0.027778
census_tract,QM12,36081070700,0.027778
census_tract,QM12,36081068700,0.027778
census_tract,QM12,36081074300,0.027778
census_tract,QM12,36061010400,0.027778
census_tract,SIM10,36085002002,0.025641
census_tract,SIM10,36085015602,0.025641
census_tract,SIM10,36061010400,0.025641
census_tract,SIM10,36085014604,0.025641
census_tract,SIM10,36085012200,0.012821
census_tract,SIM10,36085012806,0.025641
census_tract,SIM10,36085011402,0.012821
census_tract,SIM10,36085013203,0.038462
census_tract,SIM10,36085009601,0.012821
census_tract,SIM10,36085012804,0.025641
census_tract,SIM10,36061014300,0.025641
census_tract,SIM10,36061006200,0.012821
census_tract,SIM10,36085017011,0.025641
census_tract,SIM10,36085013204,0.038462
census_tract,SIM10,36085011201,0.025641
census_tract,SIM10,36085015603,0.038462
census_tract,SIM10,36085017012,0.038462
census_tract,SIM10,36085015601,0.051282
census_tract,SIM10,36061006400,0.051282
census_tract,SIM10,36085013400,0.025641
census_tract,SIM10,36061001501,0.012821
census_tract,SIM10,36085005000,0.012821
census_tract,SIM10,36061013700,0.012821
census_tract,SIM10,36061005600,0.025641
census_tract,SIM10,36085002001,0.025641
census_tract,SIM10,36085009602,0.025641
census_tract,SIM10,36061031900,0.012821
census_tract,SIM10,36061006800,0.025641
census_tract,SIM10,36061008400,0.038462
census_tract,SIM10,36085015400,0.038462
census_tract,SIM10,36085006400,0.051282
census_tract,SIM10,36085012805,0.012821
census_tract,SIM10,36061004400,0.012821
census_tract,SIM10,36085011203,0.012821
census_tract,SIM10,36085011401,0.012821
census_tract,SIM10,36061007600,0.012821
census_tract,SIM10,36085007001,0.025641
census_tract,SIM10,36061011201,0.012821
census_tract,SIM10,36085013201,0.012821
census_tract,SIM10,36085014607,0.012821
census_tract,SIM10,36047012600,0.012821
census_tract,SIM10,36061005800,0.012821
census_tract,T464,36047059403,0.025
census_tract,T464,36047076400,0.025
census_tract,T464,36047017700,0.05
census_tract,T464,36047059000,0.05
census_tract,T464,36047051601,0.025
census_tract,T464,36047076200,0.05
census_tract,T464,36047055200,0.1
census_tract,T464,36047035200,0.025
census_tract,T464,36047042000,0.025
census_tract,T464,36047076000,0.025
census_tract,T464,36047051800,0.025
census_tract,T464,36047032700,0.025
census_tract,T464,36047051400,0.05
census_tract,T464,36047050804,0.05
census_tract,T464,36047057800,0.05
census_tract,T464,36047051001,0.05
census_tract,T464,36047035000,0.075
census_tract,T464,36047079802,0.025
census_tract,T464,36047036200,0.05
census_tract,T464,36047053800,0.025
census_tract,T464,36047050803,0.025
census_tract,T464,36047059200,0.025
census_tract,T464,36047055400,0.025
census_tract,T464,36047076600,0.025
census_tract,T464,36047076800,0.025
census_tract,T464,36047036002,0.025
census_tract,T464,36047036001,0.025
census_tract,S57,36085012200,0.031746
census_tract,S57,36085018901,0.063492
census_tract,S57,36085012806,0.063492
census_tract,S57,36085013204,0.047619
census_tract,S57,36085018100,0.142857
census_tract,S57,36085025100,0.095238
census_tract,S57,36085021300,0.071429
census_tract,S57,36085027302,0.02381
census_tract,S57,36085013201,0.071429
census_tract,S57,36085018902,0.031746
census_tract,S57,36085013800,0.055556
census_tract,S57,36085013400,0.079365
census_tract,S57,36085020702,0.055556
census_tract,S57,36085024700,0.055556
census_tract,S57,36085019700,0.02381
census_tract,S57,36085027900,0.02381
census_tract,S57,36085018701,0.015873
census_tract,S57,36085018703,0.047619
census_tract,Q39,36081022900,0.04918
census_tract,Q39,36081001902,0.04918
census_tract,Q39,36081021900,0.065574
census_tract,Q39,36081019901,0.04918
census_tract,Q39,36081058300,0.016393
census_tract,Q39,36081017902,0.098361
census_tract,Q39,36081023501,0.065574
census_tract,Q39,36081058500,0.032787
census_tract,Q39,36081060100,0.016393
census_tract,Q39,36081052500,0.04918
census_tract,Q39,36081055700,0.04918
census_tract,Q39,36081060300,0.016393
census_tract,Q39,36081052100,0.032787
census_tract,Q39,36081059501,0.04918
census_tract,Q39,36081018501,0.032787
census_tract,Q39,36081059300,0.04918
census_tract,Q39,36081018900,0.032787
census_tract,Q39,36081053100,0.065574
census_tract,Q39,36081056700,0.032787
census_tract,Q39,36081024300,0.032787
census_tract,Q39,36081058900,0.016393
census_tract,Q39,36081018502,0.032787
census_tract,Q39,36081023502,0.016393
census_tract,Q39,36081055100,0.016393
census_tract,Q39,36081001901,0.016393
census_tract,Q39,36081059900,0.016393
census_tract,Q9,36081017400,0.090909
census_tract,Q9,36081015801,0.181818
census_tract,Q9,36081046000,0.090909
census_tract,Q9,36081044601,0.090909
census_tract,Q9,36081020800,0.090909
census_tract,Q9,36081024000,0.090909
census_tract,Q9,36081021200,0.090909
census_tract,Q9,36081017600,0.090909
census_tract,Q9,36081018000,0.090909
census_tract,Q9,36081017200,0.045455
census_tract,Q9,36081017800,0.045455
census_tract,Q60,36081025401,0.056818
census_tract,Q60,36081075701,0.022727
census_tract,Q60,36081022002,0.011364
census_tract,Q60,36081047300,0.034091
census_tract,Q60,36081068700,0.011364
census_tract,Q60,36081018102,0.011364
census_tract,Q60,36061011000,0.022727
census_tract,Q60,36081021601,0.045455
census_tract,Q60,36081071306,0.011364
census_tract,Q60,36081024900,0.022727
census_tract,Q60,36081017902,0.045455
census_tract,Q60,36081047500,0.045455
census_tract,Q60,36081001902,0.011364
census_tract,Q60,36081024500,0.045455
census_tract,Q60,36081018300,0.011364
census_tract,Q60,36081024000,0.011364
census_tract,Q60,36081076901,0.022727
census_tract,Q60,36081020800,0.034091
census_tract,Q60,36081021400,0.045455
census_tract,Q60,36081003301,0.011364
census_tract,Q60,36081020400,0.034091
census_tract,Q60,36081069300,0.022727
census_tract,Q60,36081071701,0.022727
census_tract,Q60,36081018101,0.011364
census_tract,Q60,36081071303,0.011364
census_tract,Q60,36081047900,0.022727
census_tract,Q60,36081025301,0.011364
census_tract,Q60,36081023502,0.011364
census_tract,Q60,36081048500,0.034091
census_tract,Q60,36081021200,0.022727
census_tract,Q60,36081068300,0.011364
census_tract,Q60,36081048900,0.011364
census_tract,Q60,36081073700,0.011364
census_tract,Q60,36081048302,0.011364
census_tract,Q60,36081075702,0.011364
census_tract,Q60,36081073900,0.022727
census_tract,Q60,36081071702,0.011364
census_tract,Q60,36081024300,0.011364
census_tract,Q60,36081076902,0.022727
census_tract,Q60,36081017901,0.022727
census_tract,Q60,36081025100,0.011364
census_tract,Q60,36081025302,0.011364
census_tract,Q60,36081019800,0.011364
census_tract,Q60,36081022001,0.011364
census_tract,Q60,36081069701,0.011364
census_tract,Q60,36081071305,0.011364
census_tract,Q60,36081022900,0.011364
census_tract,Q60,36081024700,0.011364
census_tract,Q60,36081071100,0.011364
census_tract,Q60,36081071304,0.011364
census_tract,Q113,36081027600,0.027778
census_tract,Q113,36081027800,0.027778
census_tract,Q113,36081044601,0.027778
census_tract,Q113,36081033404,0.027778
census_tract,Q113,36081028400,0.027778
census_tract,Q113,36081026000,0.027778
census_tract,Q113,36081032000,0.083333
census_tract,Q113,36081029400,0.055556
census_tract,Q113,36081023600,0.055556
census_tract,Q113,36081099801,0.027778
census_tract,Q113,36081103202,0.138889
census_tract,Q113,36081025800,0.027778
census_tract,Q113,36081066401,0.111111
census_tract,Q113,36081028802,0.027778
census_tract,Q113,36081101003,0.083333
census_tract,Q113,36081101004,0.083333
census_tract,Q113,36081030600,0.027778
census_tract,Q113,36081101002,0.027778
census_tract,Q113,36081099802,0.027778
census_tract,Q113,36081026400,0.027778
census_tract,Q113,36081024600,0.027778
census_tract,Q16,36081115900,0.044444
census_tract,Q16,36081101700,0.111111
census_tract,Q16,36081116100,0.066667
census_tract,Q16,36081099701,0.155556
census_tract,Q16,36081114700,0.044444
census_tract,Q16,36081088902,0.044444
census_tract,Q16,36081105900,0.044444
census_tract,Q16,36081115700,0.022222
census_tract,Q16,36081114100,0.111111
census_tract,Q16,36081086900,0.022222
census_tract,Q16,36081099900,0.044444
census_tract,Q16,36081099705,0.088889
census_tract,Q16,36081087100,0.044444
census_tract,Q16,36081104700,0.088889
census_tract,Q16,36081108500,0.022222
census_tract,Q16,36081115500,0.022222
census_tract,Q16,36081115100,0.022222
census_tract,Q98,36081049900,0.085714
census_tract,Q98,36081058700,0.057143
census_tract,Q98,36081049700,0.028571
census_tract,Q98,36081038302,0.028571
census_tract,Q98,36081084902,0.085714
census_tract,Q98,36081068300,0.028571
census_tract,Q98,36081061301,0.057143
census_tract,Q98,36081047500,0.085714
census_tract,Q98,36081043702,0.028571
census_tract,Q98,36081084901,0.057143
census_tract,Q98,36081049302,0.057143
census_tract,Q98,36081074500,0.028571
census_tract,Q98,36081080301,0.028571
census_tract,Q98,36081052100,0.057143
census_tract,Q98,36081051700,0.057143
census_tract,Q98,36081054900,0.057143
census_tract,Q98,36081058900,0.028571
census_tract,Q98,36081055100,0.028571
census_tract,Q98,36081071900,0.028571
census_tract,Q98,36081043701,0.028571
census_tract,Q98,36081055300,0.028571
census_tract,Q98,36081059300,0.028571
census_tract,Q104,36081025301,0.103448
census_tract,Q104,36081005900,0.068966
census_tract,Q104,36081003900,0.034483
census_tract,Q104,36081016100,0.068966
census_tract,Q104,36081017102,0.068966
census_tract,Q104,36081015500,0.034483
census_tract,Q104,36081007500,0.034483
census_tract,Q104,36081016900,0.103448
census_tract,Q104,36081015900,0.034483
census_tract,Q104,36081008500,0.034483
census_tract,Q104,36081007700,0.068966
census_tract,Q104,36081006100,0.068966
census_tract,Q104,36081015300,0.068966
census_tract,Q104,36081004500,0.103448
census_tract,Q104,36081005300,0.034483
census_tract,Q104,36081015700,0.034483
census_tract,Q104,36081003700,0.034483
census_tract,SIM11,36085006400,0.071429
census_tract,SIM11,36085002002,0.035714
census_tract,SIM11,36061006800,0.053571
census_tract,SIM11,36061011203,0.017857
census_tract,SIM11,36085012200,0.017857
census_tract,SIM11,36085012806,0.089286
census_tract,SIM11,36061007400,0.017857
census_tract,SIM11,36061006400,0.071429
census_tract,SIM11,36085002001,0.035714
census_tract,SIM11,36085011402,0.017857
census_tract,SIM11,36047012600,0.017857
census_tract,SIM11,36085009602,0.035714
census_tract,SIM11,36061031900,0.035714
census_tract,SIM11,36085013400,0.035714
census_tract,SIM11,36085009601,0.017857
census_tract,SIM11,36061001501,0.017857
census_tract,SIM11,36061007200,0.017857
census_tract,SIM11,36085012804,0.035714
census_tract,SIM11,36085005000,0.017857
census_tract,SIM11,36061006200,0.017857
census_tract,SIM11,36061011202,0.017857
census_tract,SIM11,36061009200,0.017857
census_tract,SIM11,36047012000,0.017857
census_tract,SIM11,36085011203,0.017857
census_tract,SIM11,36061008200,0.017857
census_tract,SIM11,36061004400,0.017857
census_tract,SIM11,36061008000,0.017857
census_tract,SIM11,36085007001,0.035714
census_tract,SIM11,36085011201,0.035714
census_tract,SIM11,36061010000,0.035714
census_tract,SIM11,36085011401,0.017857
census_tract,SIM11,36061010200,0.017857
census_tract,SIM11,36061002500,0.017857
census_tract,SIM11,36061005600,0.017857
census_tract,SIM11,36061009400,0.017857
census_tract,Q35,36081093800,0.159091
census_tract,Q35,36047065000,0.022727
census_tract,Q35,36081093402,0.045455
census_tract,Q35,36047066600,0.090909
census_tract,Q35,36081092800,0.136364
census_tract,Q35,36047070202,0.090909
census_tract,Q35,36081091602,0.022727
census_tract,Q35,36081092200,0.045455
census_tract,Q35,36047067200,0.022727
census_tract,Q35,36081093401,0.090909
census_tract,Q35,36047073600,0.022727
census_tract,Q35,36047067000,0.022727
census_tract,Q35,36047077400,0.045455
census_tract,Q35,36081091800,0.090909
census_tract,Q35,36047065200,0.045455
census_tract,Q35,36047066200,0.022727
census_tract,Q35,36047073800,0.022727
census_tract,S46,36085031901,0.06422
census_tract,S46,36085006700,0.091743
census_tract,S46,36085001700,0.036697
census_tract,S46,36085013302,0.06422
census_tract,S46,36085021300,0.06422
census_tract,S46,36085032300,0.036697
census_tract,S46,36085010500,0.06422
census_tract,S46,36085030301,0.009174
census_tract,S46,36085029105,0.06422
census_tract,S46,36085023900,0.036697
census_tract,S46,36085029102,0.073394
census_tract,S46,36085020701,0.036697
census_tract,S46,36085000300,0.073394
census_tract,S46,36085013301,0.018349
census_tract,S46,36085023100,0.082569
census_tract,S46,36085007500,0.073394
census_tract,S46,36085029104,0.018349
census_tract,S46,36085020702,0.055046
census_tract,S46,36085002100,0.009174
census_tract,S46,36085001100,0.018349
census_tract,S46,36085030302,0.009174
census_tract,S78,36085013203,0.022222
census_tract,S78,36085017600,0.057778
census_tract,S78,36085002002,0.04
census_tract,S78,36085019800,0.088889
census_tract,S78,36085006400,0.053333
census_tract,S78,36085013204,0.031111
census_tract,S78,36085012200,0.017778
census_tract,S78,36085015400,0.026667
census_tract,S78,36085024402,0.031111
census_tract,S78,36085011402,0.017778
census_tract,S78,36085015601,0.022222
census_tract,S78,36085015603,0.053333
census_tract,S78,36085000800,0.008889
census_tract,S78,36085015602,0.013333
census_tract,S78,36085024401,0.071111
census_tract,S78,36085011203,0.031111
census_tract,S78,36085009601,0.017778
census_tract,S78,36085011201,0.022222
census_tract,S78,36085012804,0.013333
census_tract,S78,36085002700,0.017778
census_tract,S78,36085024800,0.057778
census_tract,S78,36085005000,0.004444
census_tract,S78,36085012806,0.013333
census_tract,S78,36085002900,0.013333
census_tract,S78,36085013201,0.008889
census_tract,S78,36085004001,0.008889
census_tract,S78,36085000300,0.035556
census_tract,S78,36085002100,0.026667
census_tract,S78,36085002001,0.013333
census_tract,S78,36085003600,0.022222
census_tract,S78,36085022602,0.022222
census_tract,S78,36085013400,0.022222
census_tract,S78,36085007001,0.026667
census_tract,S78,36085001700,0.017778
census_tract,S78,36085012805,0.013333
census_tract,S78,36085009602,0.017778
census_tract,S78,36085011401,0.013333
census_tract,S78,36085003300,0.004444
census_tract,Q30,36081152902,0.039216
census_tract,Q30,36081138502,0.039216
census_tract,Q30,36081134701,0.019608
census_tract,Q30,36081150702,0.058824
census_tract,Q30,36081044400,0.019608
census_tract,Q30,36081137700,0.058824
census_tract,Q30,36081127700,0.039216
census_tract,Q30,36081139900,0.058824
census_tract,Q30,36081024600,0.039216
census_tract,Q30,36081136700,0.058824
census_tract,Q30,36081044601,0.019608
census_tract,Q30,36081138501,0.039216
census_tract,Q30,36081020800,0.039216
census_tract,Q30,36081134100,0.078431
census_tract,Q30,36081152901,0.058824
census_tract,Q30,36081150701,0.019608
census_tract,Q30,36081134702,0.039216
census_tract,Q30,36081046000,0.058824
census_tract,Q30,36081124700,0.039216
census_tract,Q30,36081045400,0.019608
census_tract,Q30,36081140300,0.019608
census_tract,Q30,36081140902,0.039216
census_tract,Q30,36081024000,0.039216
census_tract,Q30,36081126700,0.019608
census_tract,Q30,36081141700,0.039216
census_tract,QM24,36081062900,0.04878
census_tract,QM24,36081057700,0.04878
census_tract,QM24,36081066900,0.04878
census_tract,QM24,36081058300,0.04878
census_tract,QM24,36081066501,0.04878
census_tract,QM24,36081060300,0.02439
census_tract,QM24,36061008400,0.02439
census_tract,QM24,36081061301,0.073171
census_tract,QM24,36081067900,0.02439
census_tract,QM24,36081059300,0.04878
census_tract,QM24,36061011201,0.02439
census_tract,QM24,36081067100,0.097561
census_tract,QM24,36061007400,0.02439
census_tract,QM24,36061007600,0.04878
census_tract,QM24,36081058700,0.02439
census_tract,QM24,36061009600,0.02439
census_tract,QM24,36081062300,0.02439
census_tract,QM24,36081062500,0.02439
census_tract,QM24,36061007200,0.02439
census_tract,QM24,36061011203,0.02439
census_tract,QM24,36081056100,0.02439
census_tract,QM24,36081066701,0.02439
census_tract,QM24,36061011202,0.02439
census_tract,QM24,36081062700,0.02439
census_tract,QM24,36081058100,0.04878
census_tract,QM24,36081050500,0.02439
census_tract,QM24,36081050700,0.02439
census_tract,QM24,36061010400,0.02439
census_tract,Q54,36047049500,0.035714
census_tract,Q54,36081061302,0.011905
census_tract,Q54,36081053502,0.02381
census_tract,Q54,36047044902,0.071429
census_tract,Q54,36081046200,0.02381
census_tract,Q54,36081063700,0.035714
census_tract,Q54,36081065703,0.02381
census_tract,Q54,36081059501,0.02381
census_tract,Q54,36081013600,0.011905
census_tract,Q54,36081059502,0.02381
census_tract,Q54,36081060701,0.02381
census_tract,Q54,36081014000,0.035714
census_tract,Q54,36081064500,0.047619
census_tract,Q54,36081061301,0.035714
census_tract,Q54,36047051300,0.059524
census_tract,Q54,36081044601,0.011905
census_tract,Q54,36081021200,0.035714
census_tract,Q54,36081046000,0.011905
census_tract,Q54,36047052500,0.047619
census_tract,Q54,36047052700,0.02381
census_tract,Q54,36081077500,0.011905
census_tract,Q54,36081065702,0.02381
census_tract,Q54,36081060300,0.011905
census_tract,Q54,36047050300,0.011905
census_tract,Q54,36081014202,0.047619
census_tract,Q54,36081077300,0.011905
census_tract,Q54,36081073100,0.011905
census_tract,Q54,36047048500,0.035714
census_tract,Q54,36081044400,0.011905
census_tract,Q54,36081013800,0.011905
census_tract,Q54,36081072900,0.02381
census_tract,Q54,36081065501,0.02381
census_tract,Q54,36081061900,0.02381
census_tract,Q54,36081053901,0.035714
census_tract,Q54,36081013400,0.011905
census_tract,Q54,36081024000,0.02381
census_tract,Q54,36047048100,0.011905
census_tract,Q54,36081070300,0.011905
census_tract,Q54,36081021400,0.011905
census_tract,Q54,36081062100,0.011905
census_tract,SIM34,36085018901,0.047619
census_tract,SIM34,36061003300,0.063492
census_tract,SIM34,36061002100,0.047619
census_tract,SIM34,36061004700,0.015873
census_tract,SIM34,36047012200,0.015873
census_tract,SIM34,36085025100,0.063492
census_tract,SIM34,36047016400,0.015873
census_tract,SIM34,36085015100,0.047619
census_tract,SIM34,36085032300,0.031746
census_tract,SIM34,36085016901,0.031746
census_tract,SIM34,36085031902,0.047619
census_tract,SIM34,36047005900,0.015873
census_tract,SIM34,36085023100,0.015873
census_tract,SIM34,36085030301,0.047619
census_tract,SIM34,36085030302,0.047619
census_tract,SIM34,36047012600,0.031746
census_tract,SIM34,36047013600,0.031746
census_tract,SIM34,36061006500,0.015873
census_tract,SIM34,36085017701,0.015873
census_tract,SIM34,36047007200,0.015873
census_tract,SIM34,36085018701,0.031746
census_tract,SIM34,36061001300,0.079365
census_tract,SIM34,36085019700,0.031746
census_tract,SIM34,36061031704,0.015873
census_tract,SIM34,36047005602,0.015873
census_tract,SIM34,36047012000,0.015873
census_tract,SIM34,36085023900,0.015873
census_tract,SIM34,36047001801,0.047619
census_tract,SIM34,36061004900,0.015873
census_tract,SIM34,36085014700,0.015873
census_tract,SIM34,36085031901,0.031746
census_tract,SIM34,36061031900,0.015873
census_tract,Q6,36081030600,0.086957
census_tract,Q6,36081046000,0.043478
census_tract,Q6,36081071600,0.130435
census_tract,Q6,36081019600,0.043478
census_tract,Q6,36081018402,0.043478
census_tract,Q6,36081044601,0.086957
census_tract,Q6,36081028803,0.021739
census_tract,Q6,36081019800,0.021739
census_tract,Q6,36081025401,0.021739
census_tract,Q6,36081028801,0.021739
census_tract,Q6,36081019000,0.021739
census_tract,Q6,36081024000,0.043478
census_tract,Q6,36081020800,0.065217
census_tract,Q6,36081020400,0.065217
census_tract,Q6,36081018401,0.021739
census_tract,Q6,36081027200,0.065217
census_tract,Q6,36081029400,0.152174
census_tract,Q6,36081026200,0.021739
census_tract,Q6,36081021200,0.021739
census_tract,Q14,36081037700,0.018519
census_tract,Q14,36081040502,0.037037
census_tract,Q14,36081066900,0.037037
census_tract,Q14,36081041300,0.018519
census_tract,Q14,36081066501,0.055556
census_tract,Q14,36081066701,0.037037
census_tract,Q14,36081036500,0.055556
census_tract,Q14,36081040501,0.037037
census_tract,Q14,36081060300,0.037037
census_tract,Q14,36081045500,0.037037
census_tract,Q14,36081044302,0.055556
census_tract,Q14,36081067900,0.018519
census_tract,Q14,36081059501,0.055556
census_tract,Q14,36081059300,0.055556
census_tract,Q14,36081067100,0.074074
census_tract,Q14,36081047500,0.018519
census_tract,Q14,36081037900,0.074074
census_tract,Q14,36081068300,0.074074
census_tract,Q14,36081058900,0.018519
census_tract,Q14,36081058500,0.018519
census_tract,Q14,36081060100,0.037037
census_tract,Q14,36081041100,0.018519
census_tract,Q14,36081040701,0.018519
census_tract,Q14,36081068700,0.018519
census_tract,Q14,36081050500,0.018519
census_tract,Q14,36081044301,0.037037
census_tract,Q14,36081050700,0.018519
census_tract,Q121,36081099200,0.105263
census_tract,Q121,36081097204,0.052632
census_tract,Q121,36081094202,0.052632
census_tract,Q121,36081094203,0.052632
census_tract,Q121,36081071600,0.105263
census_tract,Q121,36081095400,0.052632
census_tract,Q121,36081096400,0.157895
census_tract,Q121,36081100804,0.052632
census_tract,Q121,36081100803,0.105263
census_tract,Q121,36081103201,0.052632
census_tract,Q121,36081107201,0.105263
census_tract,Q121,36081097206,0.052632
census_tract,Q121,36081008800,0.052632
census_tract,Q28,36081109300,0.073171
census_tract,Q28,36081099704,0.268293
census_tract,Q28,36081115700,0.04878
census_tract,Q28,36081109900,0.121951
census_tract,Q28,36081113900,0.146341
census_tract,Q28,36081086900,0.02439
census_tract,Q28,36081117500,0.097561
census_tract,Q28,36081108500,0.04878
census_tract,Q28,36081117100,0.073171
census_tract,Q28,36081087100,0.04878
census_tract,Q28,36081109700,0.02439
census_tract,Q28,36081086500,0.02439
census_tract,S76,36085012200,0.070423
census_tract,S76,36085002100,0.098592
census_tract,S76,36085017702,0.06338
census_tract,S76,36085012806,0.105634
census_tract,S76,36085011401,0.014085
census_tract,S76,36085000600,0.014085
census_tract,S76,36085012804,0.133803
census_tract,S76,36085002900,0.042254
census_tract,S76,36085011402,0.021127
census_tract,S76,36085005000,0.035211
census_tract,S76,36085018100,0.077465
census_tract,S76,36085000300,0.042254
census_tract,S76,36085009602,0.021127
census_tract,S76,36085004004,0.014085
census_tract,S76,36085004003,0.028169
census_tract,S76,36085009601,0.028169
census_tract,S76,36085011204,0.035211
census_tract,S76,36085002700,0.021127
census_tract,S76,36085012805,0.035211
census_tract,S76,36085004700,0.014085
census_tract,S76,36085004001,0.028169
census_tract,S76,36085013400,0.028169
census_tract,S76,36085017701,0.021127
census_tract,S76,36085011203,0.007042
census_tract,S90,36085022300,0.157895
census_tract,S90,36085008100,0.078947
census_tract,S90,36085032300,0.263158
census_tract,S90,36085020701,0.052632
census_tract,S90,36085031902,0.078947
census_tract,S90,36085009701,0.052632
census_tract,S90,36085000300,0.052632
census_tract,S90,36085000700,0.026316
census_tract,S90,36085029102,0.105263
census_tract,S90,36085020702,0.052632
census_tract,S90,36085031901,0.078947
census_tract,Q1,36081055200,0.190476
census_tract,Q1,36081023800,0.047619
census_tract,Q1,36081044602,0.071429
census_tract,Q1,36081046200,0.02381
census_tract,Q1,36081047802,0.047619
census_tract,Q1,36081048200,0.02381
census_tract,Q1,36081056000,0.02381
census_tract,Q1,36081046000,0.02381
census_tract,Q1,36081162100,0.095238
census_tract,Q1,36081024000,0.02381
census_tract,Q1,36081054800,0.02381
census_tract,Q1,36081047801,0.095238
census_tract,Q1,36081021200,0.02381
census_tract,Q1,36081048000,0.02381
census_tract,Q1,36081045800,0.02381
census_tract,Q1,36081023600,0.02381
census_tract,Q1,36081047200,0.02381
census_tract,Q1,36081161700,0.02381
census_tract,Q1,36081045400,0.02381
census_tract,Q1,36081130100,0.047619
census_tract,Q1,36081055400,0.02381
census_tract,Q1,36081046800,0.02381
census_tract,Q1,36081046600,0.02381
census_tract,Q1,36081047000,0.02381
census_tract,Q69,36081001903,0.037736
census_tract,Q69,36081004500,0.037736
census_tract,Q69,36081006900,0.037736
census_tract,Q69,36081010100,0.075472
census_tract,Q69,36081003302,0.037736
census_tract,Q69,36081008500,0.018868
census_tract,Q69,36081013700,0.037736
census_tract,Q69,36081001902,0.037736
census_tract,Q69,36081011500,0.018868
census_tract,Q69,36081004300,0.056604
census_tract,Q69,36081031700,0.150943
census_tract,Q69,36081008300,0.018868
census_tract,Q69,36081002500,0.018868
census_tract,Q69,36081004700,0.037736
census_tract,Q69,36081012100,0.037736
census_tract,Q69,36081011900,0.018868
census_tract,Q69,36081013500,0.018868
census_tract,Q69,36081007900,0.018868
census_tract,Q69,36081030904,0.037736
census_tract,Q69,36081007700,0.056604
census_tract,Q69,36081010300,0.037736
census_tract,Q69,36081007100,0.018868
census_tract,Q69,36081003301,0.018868
census_tract,Q69,36081011300,0.037736
census_tract,Q69,36081011700,0.018868
census_tract,Q69,36081009700,0.037736
census_tract,Q69,36081009100,0.018868
census_tract,S54,36085018100,0.15942
census_tract,S54,36085018704,0.043478
census_tract,S54,36085009701,0.007246
census_tract,S54,36085015601,0.057971
census_tract,S54,36085013203,0.028986
census_tract,S54,36085014605,0.057971
census_tract,S54,36085013302,0.07971
census_tract,S54,36085017300,0.036232
census_tract,S54,36085027900,0.115942
census_tract,S54,36085027302,0.021739
census_tract,S54,36085015100,0.065217
census_tract,S54,36085015603,0.043478
census_tract,S54,36085014606,0.021739
census_tract,S54,36085013800,0.043478
census_tract,S54,36085014700,0.057971
census_tract,S54,36085010500,0.021739
census_tract,S54,36085018703,0.014493
census_tract,S54,36085016901,0.014493
census_tract,S54,36085014604,0.021739
census_tract,S54,36085014608,0.036232
census_tract,S54,36085013301,0.021739
census_tract,S54,36085012500,0.007246
census_tract,S54,36085014100,0.014493
census_tract,S54,36085018701,0.007246
census_tract,Q66,36081030903,0.016393
census_tract,Q66,36081038100,0.032787
census_tract,Q66,36081028300,0.016393
census_tract,Q66,36081037700,0.032787
census_tract,Q66,36081001903,0.032787
census_tract,Q66,36081033700,0.016393
census_tract,Q66,36081003302,0.032787
census_tract,Q66,36081033900,0.016393
census_tract,Q66,36081027702,0.016393
census_tract,Q66,36081008500,0.016393
census_tract,Q66,36081016300,0.016393
census_tract,Q66,36081035100,0.016393
census_tract,Q66,36081087100,0.032787
census_tract,Q66,36081004700,0.065574
census_tract,Q66,36081037502,0.016393
census_tract,Q66,36081004300,0.032787
census_tract,Q66,36081016100,0.016393
census_tract,Q66,36081015900,0.016393
census_tract,Q66,36081005700,0.04918
census_tract,Q66,36081001902,0.032787
census_tract,Q66,36081025500,0.032787
census_tract,Q66,36081002500,0.016393
census_tract,Q66,36081037300,0.032787
census_tract,Q66,36081029700,0.016393
census_tract,Q66,36081029500,0.016393
census_tract,Q66,36081030906,0.032787
census_tract,Q66,36081029100,0.016393
census_tract,Q66,36081037900,0.016393
census_tract,Q66,36081027302,0.016393
census_tract,Q66,36081036100,0.016393
census_tract,Q66,36081017102,0.032787
census_tract,Q66,36081005300,0.016393
census_tract,Q66,36081032700,0.016393
census_tract,Q66,36081015700,0.032787
census_tract,Q66,36081086900,0.032787
census_tract,Q66,36081038301,0.016393
census_tract,Q66,36081028900,0.016393
census_tract,Q66,36081036500,0.016393
census_tract,Q66,36081028100,0.016393
census_tract,Q66,36081029300,0.016393
census_tract,Q66,36081003301,0.016393
census_tract,Q66,36081028700,0.016393
census_tract,Q66,36081035300,0.016393
census_tract,Q56,36081002800,0.012346
census_tract,Q56,36081046200,0.024691
census_tract,Q56,36047118201,0.024691
census_tract,Q56,36081013200,0.012346
census_tract,Q56,36081000200,0.024691
census_tract,Q56,36047114201,0.049383
census_tract,Q56,36081000400,0.012346
census_tract,Q56,36081001600,0.012346
census_tract,Q56,36047118000,0.123457
census_tract,Q56,36081014400,0.024691
census_tract,Q56,36081001400,0.024691
census_tract,Q56,36047036700,0.024691
census_tract,Q56,36081001000,0.012346
census_tract,Q56,36047117601,0.012346
census_tract,Q56,36081044601,0.037037
census_tract,Q56,36081021200,0.049383
census_tract,Q56,36081046000,0.012346
census_tract,Q56,36081014201,0.037037
census_tract,Q56,36047117602,0.024691
census_tract,Q56,36081012602,0.024691
census_tract,Q56,36081002600,0.012346
census_tract,Q56,36081024000,0.049383
census_tract,Q56,36047117201,0.024691
census_tract,Q56,36081002200,0.012346
census_tract,Q56,36047117202,0.024691
census_tract,Q56,36047114600,0.049383
census_tract,Q56,36047114202,0.024691
census_tract,Q56,36047119800,0.024691
census_tract,Q56,36081044400,0.012346
census_tract,Q56,36047117400,0.012346
census_tract,Q56,36081012400,0.012346
census_tract,Q56,36081012200,0.012346
census_tract,Q56,36081012800,0.012346
census_tract,Q56,36081014202,0.037037
census_tract,Q56,36081002400,0.012346
census_tract,Q56,36047118202,0.024691
census_tract,Q56,36081001200,0.012346
census_tract,Q56,36081013000,0.012346
census_tract,Q56,36081021400,0.012346
census_tract,Q56,36081001800,0.012346
census_tract,Q56,36081002000,0.012346
census_tract,Q2,36081051200,0.075
census_tract,Q2,36081050600,0.05
census_tract,Q2,36081046600,0.025
census_tract,Q2,36081050400,0.075
census_tract,Q2,36081056800,0.125
census_tract,Q2,36081050201,0.075
census_tract,Q2,36081053601,0.05
census_tract,Q2,36081051000,0.025
census_tract,Q2,36081046000,0.075
census_tract,Q2,36081054000,0.125
census_tract,Q2,36081048000,0.05
census_tract,Q2,36081050000,0.025
census_tract,Q2,36081047200,0.025
census_tract,Q2,36081050800,0.1
census_tract,Q2,36081046800,0.025
census_tract,Q2,36081058200,0.025
census_tract,Q2,36081053800,0.025
census_tract,Q2,36081058000,0.025
census_tract,SIM8,36061011900,0.03125
census_tract,SIM8,36061011203,0.03125
census_tract,SIM8,36061012101,0.015625
census_tract,SIM8,36085029104,0.125
census_tract,SIM8,36085017007,0.046875
census_tract,SIM8,36085027706,0.03125
census_tract,SIM8,36085017012,0.03125
census_tract,SIM8,36085027705,0.015625
census_tract,SIM8,36085022802,0.0625
census_tract,SIM8,36085029106,0.0625
census_tract,SIM8,36085027702,0.140625
census_tract,SIM8,36085029105,0.03125
census_tract,SIM8,36061008200,0.015625
census_tract,SIM8,36061009600,0.03125
census_tract,SIM8,36085017014,0.03125
census_tract,SIM8,36061011202,0.03125
census_tract,SIM8,36085027301,0.0625
census_tract,SIM8,36085032300,0.015625
census_tract,SIM8,36061010400,0.015625
census_tract,SIM8,36085030301,0.015625
census_tract,SIM8,36085017016,0.015625
census_tract,SIM8,36085017009,0.03125
census_tract,SIM8,36085017015,0.03125
census_tract,SIM8,36061008400,0.015625
census_tract,SIM8,36061011300,0.015625
census_tract,SIM8,36061010200,0.015625
census_tract,SIM8,36061011500,0.015625
census_tract,SIM8,36061009400,0.015625
census_tract,SIM30,36061011900,0.031746
census_tract,SIM30,36085005901,0.047619
census_tract,SIM30,36085024700,0.015873
census_tract,SIM30,36085032300,0.063492
census_tract,SIM30,36061012101,0.015873
census_tract,SIM30,36085014100,0.015873
census_tract,SIM30,36085007500,0.031746
census_tract,SIM30,36085025100,0.015873
census_tract,SIM30,36085020100,0.047619
census_tract,SIM30,36085005902,0.047619
census_tract,SIM30,36085015100,0.031746
census_tract,SIM30,36085023100,0.015873
census_tract,SIM30,36085003300,0.031746
census_tract,SIM30,36061008200,0.015873
census_tract,SIM30,36085030302,0.031746
census_tract,SIM30,36085012500,0.031746
census_tract,SIM30,36061009600,0.031746
census_tract,SIM30,36085003900,0.015873
census_tract,SIM30,36085004700,0.015873
census_tract,SIM30,36085001700,0.015873
census_tract,SIM30,36085030301,0.015873
census_tract,SIM30,36061014300,0.015873
census_tract,SIM30,36085003600,0.015873
census_tract,SIM30,36061011500,0.031746
census_tract,SIM30,36085006700,0.031746
census_tract,SIM30,36085029102,0.015873
census_tract,SIM30,36061010400,0.015873
census_tract,SIM30,36061010200,0.015873
census_tract,SIM30,36061009400,0.015873
census_tract,SIM30,36085023900,0.015873
census_tract,SIM30,36061008400,0.015873
census_tract,SIM30,36085002001,0.015873
census_tract,SIM30,36085031901,0.015873
census_tract,SIM30,36085002900,0.015873
census_tract,SIM30,36085012100,0.031746
census_tract,SIM30,36085014700,0.015873
census_tract,SIM30,36085002700,0.031746
census_tract,SIM30,36061011300,0.015873
census_tract,SIM30,36061013700,0.015873
census_tract,SIM30,36085010500,0.031746
census_tract,SIM30,36085002100,0.015873
census_tract,SIM30,36061011700,0.015873
census_tract,Q17,36081046600,0.015873
census_tract,Q17,36081046200,0.015873
census_tract,Q17,36081127700,0.079365
census_tract,Q17,36081087100,0.063492
census_tract,Q17,36081085300,0.031746
census_tract,Q17,36081122300,0.031746
census_tract,Q17,36081122703,0.031746
census_tract,Q17,36081121500,0.111111
census_tract,Q17,36081083700,0.047619
census_tract,Q17,36081133300,0.047619
census_tract,Q17,36081084500,0.047619
census_tract,Q17,36081141700,0.031746
census_tract,Q17,36081046000,0.047619
census_tract,Q17,36081079701,0.015873
census_tract,Q17,36081047801,0.031746
census_tract,Q17,36081134701,0.095238
census_tract,Q17,36081047200,0.063492
census_tract,Q17,36081120300,0.015873
census_tract,Q17,36081122702,0.015873
census_tract,Q17,36081045800,0.015873
census_tract,Q17,36081045400,0.015873
census_tract,Q17,36081085900,0.015873
census_tract,Q17,36081120500,0.031746
census_tract,Q17,36081047000,0.015873
census_tract,Q17,36081085700,0.015873
census_tract,Q17,36081134100,0.015873
census_tract,Q17,36081046800,0.015873
census_tract,Q17,36081047600,0.015873
census_tract,Q23,36081070900,0.017544
census_tract,Q23,36081071305,0.017544
census_tract,Q23,36081071100,0.105263
census_tract,Q23,36081041500,0.035088
census_tract,Q23,36081063700,0.017544
census_tract,Q23,36081070700,0.017544
census_tract,Q23,36081043701,0.035088
census_tract,Q23,36081064500,0.087719
census_tract,Q23,36081073900,0.070175
census_tract,Q23,36081074300,0.070175
census_tract,Q23,36081043900,0.035088
census_tract,Q23,36081035700,0.035088
census_tract,Q23,36081040301,0.035088
census_tract,Q23,36081038100,0.052632
census_tract,Q23,36081040101,0.017544
census_tract,Q23,36081042700,0.035088
census_tract,Q23,36081037100,0.070175
census_tract,Q23,36081074100,0.035088
census_tract,Q23,36081072300,0.052632
census_tract,Q23,36081072900,0.035088
census_tract,Q23,36081037300,0.052632
census_tract,Q23,36081074500,0.035088
census_tract,Q23,36081073100,0.017544
census_tract,Q23,36081040102,0.017544
census_tract,QM68,36081055200,0.090909
census_tract,QM68,36081075701,0.022727
census_tract,QM68,36061010803,0.045455
census_tract,QM68,36081047802,0.022727
census_tract,QM68,36081022002,0.022727
census_tract,QM68,36081021601,0.022727
census_tract,QM68,36081157101,0.090909
census_tract,QM68,36081076902,0.022727
census_tract,QM68,36081157903,0.045455
census_tract,QM68,36061006400,0.045455
census_tract,QM68,36081044602,0.022727
census_tract,QM68,36061009400,0.022727
census_tract,QM68,36061005600,0.022727
census_tract,QM68,36061008200,0.022727
census_tract,QM68,36081022001,0.022727
census_tract,QM68,36081157902,0.022727
census_tract,QM68,36061006800,0.022727
census_tract,QM68,36081047801,0.045455
census_tract,QM68,36081048000,0.022727
census_tract,QM68,36081157901,0.022727
census_tract,QM68,36081049201,0.022727
census_tract,QM68,36061007400,0.045455
census_tract,QM68,36081045800,0.022727
census_tract,QM68,36081049202,0.022727
census_tract,QM68,36081047200,0.022727
census_tract,QM68,36081045400,0.022727
census_tract,QM68,36061007002,0.022727
census_tract,QM68,36081046800,0.022727
census_tract,QM68,36081046600,0.022727
census_tract,QM68,36081130100,0.022727
census_tract,QM68,36081156700,0.022727
census_tract,QM68,36061010200,0.022727
census_tract,QM68,36081068300,0.022727
census_tract,Q90,36081038301,0.117647
census_tract,Q90,36081033100,0.176471
census_tract,Q90,36081087100,0.294118
census_tract,Q90,36081037100,0.176471
census_tract,Q90,36081035700,0.117647
census_tract,Q90,36081037300,0.058824
census_tract,Q90,36081038302,0.058824
census_tract,S79-SBS,36085006400,0.06383
census_tract,S79-SBS,36085002002,0.042553
census_tract,S79-SBS,36047016400,0.021277
census_tract,S79-SBS,36085015601,0.042553
census_tract,S79-SBS,36085015603,0.042553
census_tract,S79-SBS,36085014604,0.042553
census_tract,S79-SBS,36085017012,0.06383
census_tract,S79-SBS,36085027702,0.148936
census_tract,S79-SBS,36085022802,0.021277
census_tract,S79-SBS,36085013201,0.021277
census_tract,S79-SBS,36085011402,0.021277
census_tract,S79-SBS,36085013204,0.042553
census_tract,S79-SBS,36085007001,0.021277
census_tract,S79-SBS,36047016200,0.021277
census_tract,S79-SBS,36085002001,0.042553
census_tract,S79-SBS,36085013400,0.042553
census_tract,S79-SBS,36085012806,0.042553
census_tract,S79-SBS,36085011203,0.042553
census_tract,S79-SBS,36085009601,0.021277
census_tract,S79-SBS,36085012804,0.021277
census_tract,S79-SBS,36047016000,0.06383
census_tract,S79-SBS,36085017011,0.021277
census_tract,S79-SBS,36085015400,0.042553
census_tract,S79-SBS,36085013203,0.021277
census_tract,S79-SBS,36085009602,0.021277
census_tract,S79+,36085006400,0.06383
census_tract,S79+,36085002002,0.042553
census_tract,S79+,36047016400,0.021277
census_tract,S79+,36085015601,0.042553
census_tract,S79+,36085015603,0.042553
census_tract,S79+,36085014604,0.042553
census_tract,S79+,36085017012,0.06383
census_tract,S79+,36085027702,0.148936
census_tract,S79+,36085022802,0.021277
census_tract,S79+,36085013201,0.021277
census_tract,S79+,36085011402,0.021277
census_tract,S79+,36085013204,0.042553
census_tract,S79+,36085007001,0.021277
census_tract,S79+,36047016200,0.021277
census_tract,S79+,36085002001,0.042553
census_tract,S79+,36085013400,0.042553
census_tract,S79+,36085012806,0.042553
census_tract,S79+,36085011203,0.042553
census_tract,S79+,36085009601,0.021277
census_tract,S79+,36085012804,0.021277
census_tract,S79+,36047016000,0.06383
census_tract,S79+,36085017011,0.021277
census_tract,S79+,36085015400,0.042553
census_tract,S79+,36085013203,0.021277
census_tract,S79+,36085009602,0.021277
census_tract,Q115,36081027600,0.026316
census_tract,Q115,36081027800,0.078947
census_tract,Q115,36081044601,0.026316
census_tract,Q115,36081025800,0.052632
census_tract,Q115,36081033404,0.026316
census_tract,Q115,36081024600,0.105263
census_tract,Q115,36081028400,0.052632
census_tract,Q115,36081026000,0.026316
census_tract,Q115,36081029400,0.131579
census_tract,Q115,36081024000,0.026316
census_tract,Q115,36081030600,0.052632
census_tract,Q115,36081028802,0.052632
census_tract,Q115,36081026200,0.026316
census_tract,Q115,36081032000,0.026316
census_tract,Q115,36081025402,0.078947
census_tract,Q115,36081023600,0.052632
census_tract,Q115,36081026400,0.078947
census_tract,Q115,36081033403,0.052632
census_tract,Q115,36081033000,0.026316
census_tract,S51,36085011201,0.074766
census_tract,S51,36085002100,0.130841
census_tract,S51,36085002002,0.018692
census_tract,S51,36085004001,0.018692
census_tract,S51,36085011203,0.11215
census_tract,S51,36085000800,0.102804
census_tract,S51,36085007400,0.074766
census_tract,S51,36085000600,0.093458
census_tract,S51,36085011402,0.093458
census_tract,S51,36085001800,0.093458
census_tract,S51,36085007002,0.102804
census_tract,S51,36085000300,0.056075
census_tract,S51,36085002700,0.018692
census_tract,S51,36085011204,0.009346
census_tract,SIM31,36085027706,0.013889
census_tract,SIM31,36085027301,0.027778
census_tract,SIM31,36061011203,0.027778
census_tract,SIM31,36047012200,0.013889
census_tract,SIM31,36085018703,0.027778
census_tract,SIM31,36047016400,0.013889
census_tract,SIM31,36061008400,0.027778
census_tract,SIM31,36085027302,0.069444
census_tract,SIM31,36085017012,0.027778
census_tract,SIM31,36061007400,0.013889
census_tract,SIM31,36061006400,0.055556
census_tract,SIM31,36085022802,0.027778
census_tract,SIM31,36047005900,0.013889
census_tract,SIM31,36085027702,0.111111
census_tract,SIM31,36085027705,0.041667
census_tract,SIM31,36085018704,0.013889
census_tract,SIM31,36047012600,0.013889
census_tract,SIM31,36085027704,0.027778
census_tract,SIM31,36061031900,0.027778
census_tract,SIM31,36061006800,0.027778
census_tract,SIM31,36061006200,0.027778
census_tract,SIM31,36047007200,0.013889
census_tract,SIM31,36061001501,0.013889
census_tract,SIM31,36061011202,0.027778
census_tract,SIM31,36061010400,0.013889
census_tract,SIM31,36061005600,0.027778
census_tract,SIM31,36085017701,0.013889
census_tract,SIM31,36085018902,0.041667
census_tract,SIM31,36047013600,0.013889
census_tract,SIM31,36085016901,0.013889
census_tract,SIM31,36047012000,0.013889
census_tract,SIM31,36061004400,0.027778
census_tract,SIM31,36047001801,0.013889
census_tract,SIM31,36061008200,0.013889
census_tract,SIM31,36085017300,0.013889
census_tract,SIM31,36061010200,0.013889
census_tract,SIM31,36085018701,0.027778
census_tract,SIM31,36085018901,0.013889
census_tract,SIM31,36061002500,0.013889
census_tract,SIM31,36061009400,0.013889
census_tract,Q88,36081068300,0.057143
census_tract,Q88,36081056800,0.028571
census_tract,Q88,36081121500,0.071429
census_tract,Q88,36081080302,0.057143
census_tract,Q88,36081122703,0.028571
census_tract,Q88,36081134702,0.028571
census_tract,Q88,36081122300,0.028571
census_tract,Q88,36081056000,0.042857
census_tract,Q88,36081128300,0.071429
census_tract,Q88,36081129104,0.057143
census_tract,Q88,36081080301,0.028571
census_tract,Q88,36081133300,0.028571
census_tract,Q88,36081141700,0.028571
census_tract,Q88,36081056600,0.028571
census_tract,Q88,36081043702,0.014286
census_tract,Q88,36081134701,0.085714
census_tract,Q88,36081045500,0.014286
census_tract,Q88,36081074500,0.014286
census_tract,Q88,36081055200,0.057143
census_tract,Q88,36081055400,0.028571
census_tract,Q88,36081071702,0.028571
census_tract,Q88,36081136700,0.028571
census_tract,Q88,36081129103,0.028571
census_tract,Q88,36081122702,0.014286
census_tract,Q88,36081083700,0.028571
census_tract,Q88,36081138502,0.014286
census_tract,Q88,36081071900,0.014286
census_tract,Q88,36081134100,0.014286
census_tract,Q88,36081043701,0.014286
census_tract,Q88,36081129102,0.014286
census_tract,QM4,36081122703,0.16129
census_tract,QM4,36081077906,0.064516
census_tract,QM4,36081080900,0.129032
census_tract,QM4,36081075702,0.064516
census_tract,QM4,36061010400,0.032258
census_tract,QM4,36061008400,0.064516
census_tract,QM4,36081122702,0.064516
census_tract,QM4,36081077902,0.032258
census_tract,QM4,36081073900,0.096774
census_tract,QM4,36061011202,0.032258
census_tract,QM4,36061007400,0.032258
census_tract,QM4,36081071303,0.032258
census_tract,QM4,36061009600,0.064516
census_tract,QM4,36081122704,0.032258
census_tract,QM4,36061007200,0.032258
census_tract,QM4,36061011203,0.032258
census_tract,QM4,36061007600,0.032258
census_tract,M8,36061005900,0.071429
census_tract,M8,36061003400,0.071429
census_tract,M8,36061004002,0.047619
census_tract,M8,36061003200,0.071429
census_tract,M8,36061002800,0.119048
census_tract,M8,36061007100,0.071429
census_tract,M8,36061007500,0.142857
census_tract,M8,36061007300,0.166667
census_tract,M8,36061003800,0.02381
census_tract,M8,36061006300,0.095238
census_tract,M8,36061005700,0.071429
census_tract,M8,36061004001,0.02381
census_tract,M8,36061004200,0.02381
census_tract,S59,36085015602,0.055556
census_tract,S59,36085017600,0.080247
census_tract,S59,36085030301,0.04321
census_tract,S59,36085019800,0.123457
census_tract,S59,36085014604,0.037037
census_tract,S59,36085021300,0.04321
census_tract,S59,36085024402,0.04321
census_tract,S59,36085024700,0.049383
census_tract,S59,36085014607,0.018519
census_tract,S59,36085024401,0.098765
census_tract,S59,36085029104,0.04321
census_tract,S59,36085027301,0.024691
census_tract,S59,36085027702,0.061728
census_tract,S59,36085017011,0.030864
census_tract,S59,36085030302,0.018519
census_tract,S59,36085020702,0.037037
census_tract,S59,36085023900,0.006173
census_tract,S59,36085022802,0.012346
census_tract,S59,36085017012,0.037037
census_tract,S59,36085015601,0.037037
census_tract,S59,36085029105,0.018519
census_tract,S59,36085029106,0.030864
census_tract,S59,36085027706,0.018519
census_tract,S59,36085015603,0.024691
census_tract,S59,36085025100,0.006173
census_tract,Q84,36081044400,0.039216
census_tract,Q84,36081036800,0.078431
census_tract,Q84,36081028200,0.019608
census_tract,Q84,36081037600,0.098039
census_tract,Q84,36081061400,0.098039
census_tract,Q84,36081061200,0.117647
census_tract,Q84,36081061601,0.098039
census_tract,Q84,36081041400,0.019608
census_tract,Q84,36081061000,0.078431
census_tract,Q84,36081043200,0.019608
census_tract,Q84,36081039400,0.078431
census_tract,Q84,36081026600,0.039216
census_tract,Q84,36081042600,0.039216
census_tract,Q84,36081038400,0.058824
census_tract,Q84,36081024000,0.039216
census_tract,Q84,36081020800,0.019608
census_tract,Q84,36081036600,0.019608
census_tract,Q84,36081043400,0.019608
census_tract,Q84,36081025402,0.019608
census_tract,SIM25,36085019800,0.163265
census_tract,SIM25,36061011900,0.040816
census_tract,SIM25,36061011203,0.040816
census_tract,SIM25,36061012101,0.020408
census_tract,SIM25,36085024401,0.102041
census_tract,SIM25,36085029102,0.040816
census_tract,SIM25,36085020805,0.081633
census_tract,SIM25,36085020806,0.081633
census_tract,SIM25,36085020803,0.040816
census_tract,SIM25,36061008200,0.020408
census_tract,SIM25,36061009600,0.040816
census_tract,SIM25,36085024402,0.061224
census_tract,SIM25,36061011202,0.040816
census_tract,SIM25,36085022602,0.020408
census_tract,SIM25,36061010200,0.020408
census_tract,SIM25,36061009400,0.020408
census_tract,SIM25,36061008400,0.020408
census_tract,SIM25,36085020804,0.040816
census_tract,SIM25,36061011300,0.020408
census_tract,SIM25,36061010400,0.020408
census_tract,SIM25,36061011500,0.020408
census_tract,SIM25,36061011700,0.020408
census_tract,SIM25,36085022801,0.020408
census_tract,QM40,36081068300,0.166667
census_tract,QM40,36081071701,0.111111
census_tract,QM40,36081074500,0.111111
census_tract,QM40,36061007800,0.055556
census_tract,QM40,36061009800,0.055556
census_tract,QM40,36081072100,0.055556
census_tract,QM40,36081043701,0.055556
census_tract,QM40,36061010801,0.055556
census_tract,QM40,36081044302,0.111111
census_tract,QM40,36081068700,0.055556
census_tract,QM40,36081047500,0.055556
census_tract,QM40,36061008800,0.055556
census_tract,QM40,36081043702,0.055556
census_tract,S91,36085027706,0.027778
census_tract,S91,36085027301,0.041667
census_tract,S91,36085014700,0.013889
census_tract,S91,36085027702,0.222222
census_tract,S91,36085018901,0.041667
census_tract,S91,36085018703,0.041667
census_tract,S91,36085015100,0.027778
census_tract,S91,36085027302,0.125
census_tract,S91,36085027705,0.097222
census_tract,S91,36085005901,0.013889
census_tract,S91,36085027704,0.055556
census_tract,S91,36085000300,0.055556
census_tract,S91,36085003900,0.013889
census_tract,S91,36085004700,0.013889
census_tract,S91,36085018701,0.041667
census_tract,S91,36085005902,0.027778
census_tract,S91,36085018902,0.083333
census_tract,S91,36085003300,0.027778
census_tract,S91,36085002100,0.013889
census_tract,S91,36085016901,0.013889
census_tract,QM10,36081071701,0.083333
census_tract,QM10,36081068300,0.125
census_tract,QM10,36081072100,0.041667
census_tract,QM10,36061008400,0.041667
census_tract,QM10,36061011201,0.041667
census_tract,QM10,36081044302,0.083333
census_tract,QM10,36061007400,0.041667
census_tract,QM10,36061007600,0.083333
census_tract,QM10,36081047500,0.041667
census_tract,QM10,36061009600,0.041667
census_tract,QM10,36081074500,0.083333
census_tract,QM10,36061007200,0.041667
census_tract,QM10,36061011203,0.041667
census_tract,QM10,36061011202,0.041667
census_tract,QM10,36081043702,0.041667
census_tract,QM10,36081043701,0.041667
census_tract,QM10,36081068700,0.041667
census_tract,QM10,36061010400,0.041667
census_tract,S40,36085000700,0.103093
census_tract,S40,36085008100,0.061856
census_tract,S40,36085013302,0.092784
census_tract,S40,36085009701,0.103093
census_tract,S40,36085000300,0.041237
census_tract,S40,36085032300,0.113402
census_tract,S40,36085031902,0.072165
census_tract,S40,36085020701,0.072165
census_tract,S40,36085022300,0.154639
census_tract,S40,36085029102,0.041237
census_tract,S40,36085020702,0.072165
census_tract,S40,36085031901,0.030928
census_tract,S40,36085009702,0.041237
census_tract,Q59,36047051900,0.051948
census_tract,Q59,36081071702,0.038961
census_tract,Q59,36047049500,0.038961
census_tract,Q59,36081047900,0.012987
census_tract,Q59,36047044902,0.090909
census_tract,Q59,36081053100,0.051948
census_tract,Q59,36047054900,0.077922
census_tract,Q59,36081021900,0.025974
census_tract,Q59,36081049302,0.064935
census_tract,Q59,36081049900,0.064935
census_tract,Q59,36047052500,0.038961
census_tract,Q59,36047051300,0.051948
census_tract,Q59,36081047500,0.064935
census_tract,Q59,36047050100,0.012987
census_tract,Q59,36081053502,0.025974
census_tract,Q59,36081052500,0.012987
census_tract,Q59,36081052100,0.038961
census_tract,Q59,36081047300,0.012987
census_tract,Q59,36047055100,0.077922
census_tract,Q59,36047050300,0.012987
census_tract,Q59,36081068300,0.012987
census_tract,Q59,36047048500,0.038961
census_tract,Q59,36081051700,0.025974
census_tract,Q59,36047055300,0.012987
census_tract,Q59,36081049700,0.025974
census_tract,Q59,36047048100,0.012987
census_tract,QM31,36081127700,0.083333
census_tract,QM31,36081133300,0.125
census_tract,QM31,36081124100,0.083333
census_tract,QM31,36081077904,0.041667
census_tract,QM31,36081134701,0.166667
census_tract,QM31,36081126500,0.041667
census_tract,QM31,36081077903,0.041667
census_tract,QM31,36061010801,0.041667
census_tract,QM31,36061009800,0.041667
census_tract,QM31,36061008800,0.041667
census_tract,QM31,36081077905,0.125
census_tract,QM31,36081125700,0.041667
census_tract,QM31,36061007800,0.041667
census_tract,QM31,36081124700,0.041667
census_tract,QM31,36081126700,0.041667
census_tract,QM2,36081103900,0.153846
census_tract,QM2,36081088903,0.076923
census_tract,QM2,36081090700,0.038462
census_tract,QM2,36081099100,0.115385
census_tract,QM2,36061011202,0.038462
census_tract,QM2,36081099701,0.038462
census_tract,QM2,36081099704,0.153846
census_tract,QM2,36061010400,0.019231
census_tract,QM2,36061009600,0.038462
census_tract,QM2,36081094500,0.019231
census_tract,QM2,36061008400,0.038462
census_tract,QM2,36081102900,0.019231
census_tract,QM2,36061011203,0.038462
census_tract,QM2,36081099705,0.057692
census_tract,QM2,36061007400,0.019231
census_tract,QM2,36081088902,0.057692
census_tract,QM2,36061007200,0.019231
census_tract,QM2,36061007600,0.019231
census_tract,QM2,36081098700,0.019231
census_tract,QM2,36081104700,0.019231
census_tract,Q12,36081087100,0.043478
census_tract,Q12,36081150702,0.043478
census_tract,Q12,36081085300,0.021739
census_tract,Q12,36081138502,0.043478
census_tract,Q12,36081115500,0.021739
census_tract,Q12,36081115700,0.043478
census_tract,Q12,36081117500,0.043478
census_tract,Q12,36081117100,0.108696
census_tract,Q12,36081144700,0.021739
census_tract,Q12,36081147100,0.108696
census_tract,Q12,36081145900,0.021739
census_tract,Q12,36081145101,0.043478
census_tract,Q12,36081146300,0.065217
census_tract,Q12,36081146700,0.043478
census_tract,Q12,36081147900,0.108696
census_tract,Q12,36081150701,0.065217
census_tract,Q12,36081086500,0.021739
census_tract,Q12,36081116302,0.021739
census_tract,Q12,36081116301,0.043478
census_tract,Q12,36081116100,0.021739
census_tract,Q12,36081118100,0.021739
census_tract,Q12,36081118500,0.021739
census_tract,S61,36085018901,0.027523
census_tract,S61,36085005902,0.036697
census_tract,S61,36085027705,0.06422
census_tract,S61,36085001700,0.036697
census_tract,S61,36085027302,0.082569
census_tract,S61,36085027704,0.036697
census_tract,S61,36085027301,0.027523
census_tract,S61,36085004700,0.018349
census_tract,S61,36085027702,0.146789
census_tract,S61,36085005901,0.027523
census_tract,S61,36085018902,0.055046
census_tract,S61,36085014700,0.06422
census_tract,S61,36085018701,0.045872
census_tract,S61,36085003300,0.027523
census_tract,S61,36085003900,0.036697
census_tract,S61,36085015100,0.036697
census_tract,S61,36085000300,0.073394
census_tract,S61,36085016901,0.06422
census_tract,S61,36085027706,0.018349
census_tract,S61,36085007500,0.018349
census_tract,S61,36085018703,0.027523
census_tract,S61,36085002100,0.009174
census_tract,S61,36085001100,0.018349
census_tract,X37,36047003400,0.057971
census_tract,X37,36047002000,0.014493
census_tract,X37,36047003600,0.014493
census_tract,X37,36047004400,0.043478
census_tract,X37,36047005601,0.043478
census_tract,X37,36061010400,0.014493
census_tract,X37,36061031900,0.028986
census_tract,X37,36047005201,0.028986
census_tract,X37,36061007400,0.028986
census_tract,X37,36061006400,0.043478
census_tract,X37,36047002200,0.014493
census_tract,X37,36047007000,0.057971
census_tract,X37,36061007600,0.028986
census_tract,X37,36061005600,0.043478
census_tract,X37,36047005602,0.086957
census_tract,X37,36061000202,0.028986
census_tract,X37,36047004600,0.028986
census_tract,X37,36061006800,0.028986
census_tract,X37,36047005202,0.028986
census_tract,X37,36047001801,0.043478
census_tract,X37,36061011202,0.028986
census_tract,X37,36061001300,0.014493
census_tract,X37,36047003800,0.028986
census_tract,X37,36061031704,0.014493
census_tract,X37,36061009400,0.014493
census_tract,X37,36061010200,0.014493
census_tract,X37,36047005900,0.014493
census_tract,X37,36061008200,0.028986
census_tract,X37,36047006800,0.014493
census_tract,X37,36061009600,0.014493
census_tract,X37,36047005000,0.028986
census_tract,X37,36047005400,0.028986
census_tract,X37,36061002500,0.014493
census_tract,X37,36061008400,0.014493
census_tract,X37,36061004400,0.014493
census_tract,M60-SBS,36081014100,0.028571
census_tract,M60-SBS,36081030904,0.028571
census_tract,M60-SBS,36061025700,0.057143
census_tract,M60-SBS,36061020300,0.057143
census_tract,M60-SBS,36081035700,0.028571
census_tract,M60-SBS,36081011700,0.028571
census_tract,M60-SBS,36081033100,0.142857
census_tract,M60-SBS,36081012500,0.057143
census_tract,M60-SBS,36061021100,0.028571
census_tract,M60-SBS,36061019600,0.057143
census_tract,M60-SBS,36061024200,0.057143
census_tract,M60-SBS,36081031700,0.057143
census_tract,M60-SBS,36061020000,0.028571
census_tract,M60-SBS,36061019500,0.028571
census_tract,M60-SBS,36061020500,0.057143
census_tract,M60-SBS,36061019800,0.057143
census_tract,M60-SBS,36061020701,0.028571
census_tract,M60-SBS,36081032900,0.057143
census_tract,M60-SBS,36061020901,0.028571
census_tract,M60-SBS,36061024000,0.028571
census_tract,M60-SBS,36061019100,0.028571
census_tract,M60-SBS,36061022200,0.028571
census_tract,M60+,36081014100,0.028571
census_tract,M60+,36081030904,0.028571
census_tract,M60+,36061025700,0.057143
census_tract,M60+,36061020300,0.057143
census_tract,M60+,36081035700,0.028571
census_tract,M60+,36081011700,0.028571
census_tract,M60+,36081033100,0.142857
census_tract,M60+,36081012500,0.057143
census_tract,M60+,36061021100,0.028571
census_tract,M60+,36061019600,0.057143
census_tract,M60+,36061024200,0.057143
census_tract,M60+,36081031700,0.057143
census_tract,M60+,36061020000,0.028571
census_tract,M60+,36061019500,0.028571
census_tract,M60+,36061020500,0.057143
census_tract,M60+,36061019800,0.057143
census_tract,M60+,36061020701,0.028571
census_tract,M60+,36081032900,0.057143
census_tract,M60+,36061020901,0.028571
census_tract,M60+,36061024000,0.028571
census_tract,M60+,36061019100,0.028571
census_tract,M60+,36061022200,0.028571
census_tract,Q83,36081040400,0.125
census_tract,Q83,36081052600,0.041667
census_tract,Q83,36081044400,0.145833
census_tract,Q83,36081052200,0.041667
census_tract,Q83,36081052000,0.041667
census_tract,Q83,36081051800,0.041667
census_tract,Q83,36081044000,0.083333
census_tract,Q83,36081051600,0.020833
census_tract,Q83,36081024000,0.041667
census_tract,Q83,36081023600,0.041667
census_tract,Q83,36081053401,0.041667
census_tract,Q83,36081024600,0.041667
census_tract,Q83,36081040200,0.020833
census_tract,Q83,36081059200,0.0625
census_tract,Q83,36081052400,0.041667
census_tract,Q83,36081059000,0.041667
census_tract,Q83,36081053200,0.041667
census_tract,Q83,36081044601,0.020833
census_tract,Q83,36081053800,0.020833
census_tract,Q83,36081058200,0.020833
census_tract,Q83,36081040000,0.020833
census_tract,S84,36085018100,0.047619
census_tract,S84,36085022801,0.166667
census_tract,S84,36085020805,0.261905
census_tract,S84,36085022602,0.309524
census_tract,S84,36085002100,0.047619
census_tract,S84,36085017012,0.02381
census_tract,S84,36085017701,0.02381
census_tract,S84,36085000300,0.02381
census_tract,S84,36085022802,0.047619
census_tract,S84,36085004700,0.02381
census_tract,S84,36085027900,0.02381
census_tract,SIM1C,36085002002,0.022472
census_tract,SIM1C,36085015602,0.022472
census_tract,SIM1C,36061010400,0.022472
census_tract,SIM1C,36085014604,0.022472
census_tract,SIM1C,36085012200,0.011236
census_tract,SIM1C,36085012806,0.022472
census_tract,SIM1C,36061001300,0.078652
census_tract,SIM1C,36085011402,0.011236
census_tract,SIM1C,36085013203,0.022472
census_tract,SIM1C,36085009601,0.011236
census_tract,SIM1C,36085012804,0.022472
census_tract,SIM1C,36061014300,0.022472
census_tract,SIM1C,36085017011,0.022472
census_tract,SIM1C,36085013204,0.044944
census_tract,SIM1C,36085011201,0.022472
census_tract,SIM1C,36085015603,0.033708
census_tract,SIM1C,36061004900,0.011236
census_tract,SIM1C,36061006300,0.011236
census_tract,SIM1C,36061002100,0.022472
census_tract,SIM1C,36061005600,0.022472
census_tract,SIM1C,36061007600,0.022472
census_tract,SIM1C,36085017012,0.033708
census_tract,SIM1C,36085015601,0.044944
census_tract,SIM1C,36085013400,0.022472
census_tract,SIM1C,36085005000,0.011236
census_tract,SIM1C,36061003700,0.011236
census_tract,SIM1C,36061003300,0.033708
census_tract,SIM1C,36061005700,0.011236
census_tract,SIM1C,36085002001,0.022472
census_tract,SIM1C,36085009602,0.022472
census_tract,SIM1C,36061006100,0.011236
census_tract,SIM1C,36085015400,0.033708
census_tract,SIM1C,36085006400,0.044944
census_tract,SIM1C,36085012805,0.011236
census_tract,SIM1C,36085011203,0.011236
census_tract,SIM1C,36085011401,0.011236
census_tract,SIM1C,36085007001,0.022472
census_tract,SIM1C,36061004700,0.011236
census_tract,SIM1C,36061008400,0.022472
census_tract,SIM1C,36061011201,0.022472
census_tract,SIM1C,36085013201,0.011236
census_tract,SIM1C,36085014607,0.011236
census_tract,SIM1C,36047012600,0.011236
census_tract,SIM1C,36061005800,0.011236
census_tract,SIM1C,36061009600,0.011236
census_tract,SIM1C,36047012000,0.011236
census_tract,SIM1C,36061005400,0.011236
census_tract,Q32,36081028300,0.163934
census_tract,Q32,36061010100,0.032787
census_tract,Q32,36081028900,0.016393
census_tract,Q32,36081018300,0.016393
census_tract,Q32,36081026700,0.032787
census_tract,Q32,36081025100,0.032787
census_tract,Q32,36081026100,0.065574
census_tract,Q32,36061011202,0.032787
census_tract,Q32,36061010803,0.016393
census_tract,Q32,36061007600,0.016393
census_tract,Q32,36061010400,0.016393
census_tract,Q32,36081026300,0.032787
census_tract,Q32,36081025302,0.032787
census_tract,Q32,36061008400,0.032787
census_tract,Q32,36061007400,0.016393
census_tract,Q32,36081024900,0.032787
census_tract,Q32,36061010900,0.032787
census_tract,Q32,36061011401,0.016393
census_tract,Q32,36081003301,0.016393
census_tract,Q32,36081017902,0.065574
census_tract,Q32,36081018102,0.016393
census_tract,Q32,36061008200,0.016393
census_tract,Q32,36061009600,0.016393
census_tract,Q32,36081028700,0.016393
census_tract,Q32,36061011201,0.016393
census_tract,Q32,36081017901,0.032787
census_tract,Q32,36061011203,0.016393
census_tract,Q32,36061011402,0.016393
census_tract,Q32,36081018101,0.016393
census_tract,Q32,36061009400,0.032787
census_tract,Q32,36061011000,0.016393
census_tract,Q32,36061010200,0.016393
census_tract,Q32,36081025301,0.016393
census_tract,Q32,36081001902,0.016393
census_tract,Q32,36081023502,0.016393
census_tract,Q114,36081027600,0.021739
census_tract,Q114,36081100803,0.021739
census_tract,Q114,36081027800,0.021739
census_tract,Q114,36081101002,0.043478
census_tract,Q114,36081044601,0.021739
census_tract,Q114,36081033404,0.021739
census_tract,Q114,36081028400,0.021739
census_tract,Q114,36081026000,0.021739
census_tract,Q114,36081099802,0.043478
census_tract,Q114,36081032000,0.065217
census_tract,Q114,36081029400,0.043478
census_tract,Q114,36081023600,0.043478
census_tract,Q114,36081099801,0.021739
census_tract,Q114,36081103202,0.065217
census_tract,Q114,36081025800,0.021739
census_tract,Q114,36081101004,0.152174
census_tract,Q114,36081066401,0.086957
census_tract,Q114,36081103201,0.108696
census_tract,Q114,36081028802,0.021739
census_tract,Q114,36081101003,0.065217
census_tract,Q114,36081030600,0.021739
census_tract,Q114,36081026400,0.021739
census_tract,Q114,36081024600,0.021739
census_tract,Q76,36081113900,0.034884
census_tract,Q76,36081092500,0.034884
census_tract,Q76,36081094500,0.069767
census_tract,Q76,36081102900,0.069767
census_tract,Q76,36081105900,0.011628
census_tract,Q76,36081047801,0.069767
census_tract,Q76,36081049201,0.034884
census_tract,Q76,36081098100,0.011628
census_tract,Q76,36081101700,0.069767
census_tract,Q76,36081145102,0.023256
census_tract,Q76,36081128300,0.046512
census_tract,Q76,36081045800,0.011628
census_tract,Q76,36081046800,0.011628
census_tract,Q76,36081047200,0.023256
census_tract,Q76,36081145101,0.023256
census_tract,Q76,36081146300,0.034884
census_tract,Q76,36081142900,0.023256
census_tract,Q76,36081134702,0.011628
census_tract,Q76,36081140902,0.023256
census_tract,Q76,36081046200,0.023256
census_tract,Q76,36081103900,0.046512
census_tract,Q76,36081094700,0.023256
census_tract,Q76,36081109900,0.034884
census_tract,Q76,36081046000,0.046512
census_tract,Q76,36081046600,0.023256
census_tract,Q76,36081047000,0.011628
census_tract,Q76,36081114100,0.023256
census_tract,Q76,36081048200,0.023256
census_tract,Q76,36081047600,0.011628
census_tract,Q76,36081098700,0.011628
census_tract,Q76,36081133300,0.011628
census_tract,Q76,36081140901,0.023256
census_tract,Q76,36081048000,0.011628
census_tract,Q76,36081118100,0.011628
census_tract,Q76,36081108500,0.011628
census_tract,Q76,36081047802,0.011628
census_tract,M5,36061019100,0.032258
census_tract,M5,36061021100,0.032258
census_tract,M5,36061010400,0.048387
census_tract,M5,36061016300,0.032258
census_tract,M5,36061024500,0.048387
census_tract,M5,36061017100,0.032258
census_tract,M5,36061022500,0.032258
census_tract,M5,36061019900,0.024194
census_tract,M5,36061023300,0.032258
census_tract,M5,36061014300,0.024194
census_tract,M5,36061023700,0.032258
census_tract,M5,36061014900,0.024194
census_tract,M5,36061009600,0.040323
census_tract,M5,36061015302,0.032258
census_tract,M5,36061017900,0.032258
census_tract,M5,36061026300,0.040323
census_tract,M5,36061018700,0.016129
census_tract,M5,36061022900,0.024194
census_tract,M5,36061018300,0.016129
census_tract,M5,36061016700,0.024194
census_tract,M5,36061017500,0.024194
census_tract,M5,36061024100,0.024194
census_tract,M5,36061020500,0.040323
census_tract,M5,36061008400,0.040323
census_tract,M5,36061014500,0.024194
census_tract,M5,36061013700,0.016129
census_tract,M5,36061022301,0.040323
census_tract,M5,36061015900,0.032258
census_tract,M5,36061019500,0.016129
census_tract,M5,36061025100,0.024194
census_tract,M5,36061025300,0.024194
census_tract,M5,36061007600,0.040323
census_tract,M5,36061011201,0.016129
census_tract,M5,36061022302,0.008065
census_tract,M5,36061026500,0.008065
census_tract,QM63,36081075701,0.018868
census_tract,QM63,36081035200,0.037736
census_tract,QM63,36061010803,0.037736
census_tract,QM63,36081061602,0.037736
census_tract,QM63,36081061800,0.018868
census_tract,QM63,36081021601,0.037736
census_tract,QM63,36081019000,0.018868
census_tract,QM63,36081076902,0.018868
census_tract,QM63,36081063800,0.075472
census_tract,QM63,36061006400,0.037736
census_tract,QM63,36081066000,0.037736
census_tract,QM63,36081065600,0.09434
census_tract,QM63,36081066403,0.075472
census_tract,QM63,36061009400,0.018868
census_tract,QM63,36061005600,0.018868
census_tract,QM63,36061008200,0.018868
census_tract,QM63,36081036600,0.018868
census_tract,QM63,36081026400,0.018868
census_tract,QM63,36081062600,0.018868
census_tract,QM63,36061006800,0.018868
census_tract,QM63,36081063200,0.018868
census_tract,QM63,36081042600,0.018868
census_tract,QM63,36081019200,0.018868
census_tract,QM63,36081026600,0.037736
census_tract,QM63,36081065401,0.018868
census_tract,QM63,36061007400,0.037736
census_tract,QM63,36081019400,0.018868
census_tract,QM63,36081027600,0.018868
census_tract,QM63,36081027200,0.018868
census_tract,QM63,36081033401,0.018868
census_tract,QM63,36061007002,0.018868
census_tract,QM63,36081028200,0.018868
census_tract,QM63,36061010200,0.018868
census_tract,QM63,36081063000,0.018868
census_tract,QM63,36081068300,0.018868
census_tract,QM36,36081156700,0.035714
census_tract,QM36,36081133300,0.071429
census_tract,QM36,36081127700,0.035714
census_tract,QM36,36081157101,0.107143
census_tract,QM36,36081157902,0.035714
census_tract,QM36,36081155101,0.071429
census_tract,QM36,36081129104,0.035714
census_tract,QM36,36081157901,0.071429
census_tract,QM36,36081129102,0.107143
census_tract,QM36,36081129103,0.071429
census_tract,QM36,36061010801,0.035714
census_tract,QM36,36061009800,0.035714
census_tract,QM36,36061008800,0.035714
census_tract,QM36,36081130100,0.035714
census_tract,QM36,36081155104,0.142857
census_tract,QM36,36061007800,0.035714
census_tract,QM36,36081128300,0.035714
census_tract,Q36,36081150702,0.112903
census_tract,Q36,36081047802,0.016129
census_tract,Q36,36081157101,0.064516
census_tract,Q36,36081155103,0.064516
census_tract,Q36,36081147900,0.064516
census_tract,Q36,36081056000,0.048387
census_tract,Q36,36081152902,0.096774
census_tract,Q36,36081056400,0.048387
census_tract,Q36,36081156700,0.032258
census_tract,Q36,36081046000,0.048387
census_tract,Q36,36081161700,0.080645
census_tract,Q36,36081056800,0.032258
census_tract,Q36,36081054800,0.016129
census_tract,Q36,36081055400,0.032258
census_tract,Q36,36081055200,0.048387
census_tract,Q36,36081048000,0.016129
census_tract,Q36,36081056600,0.016129
census_tract,Q36,36081157903,0.048387
census_tract,Q36,36081047801,0.032258
census_tract,Q36,36081046600,0.016129
census_tract,Q36,36081157902,0.048387
census_tract,Q36,36081046800,0.016129
census_tract,Q19,36081014100,0.06
census_tract,Q19,36081008700,0.12
census_tract,Q19,36081029900,0.02
census_tract,Q19,36081030904,0.06
census_tract,Q19,36081013700,0.04
census_tract,Q19,36081011700,0.02
census_tract,Q19,36081008300,0.1
census_tract,Q19,36081087100,0.04
census_tract,Q19,36081009500,0.02
census_tract,Q19,36081034700,0.04
census_tract,Q19,36081036100,0.04
census_tract,Q19,36081006900,0.04
census_tract,Q19,36081036700,0.02
census_tract,Q19,36081032900,0.08
census_tract,Q19,36081036500,0.02
census_tract,Q19,36081009100,0.02
census_tract,Q19,36081035300,0.02
census_tract,Q19,36081031700,0.04
census_tract,Q19,36081038301,0.02
census_tract,Q19,36081086900,0.04
census_tract,Q19,36081036300,0.02
census_tract,Q19,36081037300,0.04
census_tract,Q19,36081006502,0.02
census_tract,Q19,36081012500,0.04
census_tract,Q19,36081007100,0.02
census_tract,Q111,36081027600,0.025
census_tract,Q111,36081027800,0.025
census_tract,Q111,36081032000,0.125
census_tract,Q111,36081044601,0.025
census_tract,Q111,36081033404,0.025
census_tract,Q111,36081024600,0.025
census_tract,Q111,36081069000,0.075
census_tract,Q111,36081026000,0.025
census_tract,Q111,36081066000,0.125
census_tract,Q111,36081028400,0.025
census_tract,Q111,36081029400,0.05
census_tract,Q111,36081065600,0.075
census_tract,Q111,36081025800,0.025
census_tract,Q111,36081028802,0.025
census_tract,Q111,36081069400,0.075
census_tract,Q111,36081023600,0.05
census_tract,Q111,36081030600,0.025
census_tract,Q111,36081066402,0.1
census_tract,Q111,36081066401,0.05
census_tract,Q111,36081026400,0.025
census_tract,SIM2,36085019800,0.147059
census_tract,SIM2,36085018701,0.014706
census_tract,SIM2,36085020804,0.029412
census_tract,SIM2,36061002100,0.044118
census_tract,SIM2,36047012200,0.014706
census_tract,SIM2,36047016400,0.014706
census_tract,SIM2,36085024401,0.088235
census_tract,SIM2,36085029102,0.044118
census_tract,SIM2,36085017005,0.014706
census_tract,SIM2,36085017013,0.029412
census_tract,SIM2,36085017600,0.014706
census_tract,SIM2,36047005900,0.014706
census_tract,SIM2,36047012600,0.029412
census_tract,SIM2,36047013600,0.029412
census_tract,SIM2,36061003300,0.029412
census_tract,SIM2,36085020806,0.014706
census_tract,SIM2,36085024402,0.058824
census_tract,SIM2,36061001300,0.073529
census_tract,SIM2,36085022801,0.029412
census_tract,SIM2,36085017014,0.044118
census_tract,SIM2,36047007200,0.014706
census_tract,SIM2,36085017007,0.029412
census_tract,SIM2,36047005602,0.014706
census_tract,SIM2,36047012000,0.014706
census_tract,SIM2,36085017009,0.044118
census_tract,SIM2,36085022602,0.014706
census_tract,SIM2,36047001801,0.044118
census_tract,SIM2,36061031900,0.014706
census_tract,SIM2,36085032300,0.014706
census_tract,SIM2,36085018902,0.014706
census_tract,SIM24,36085019800,0.076923
census_tract,SIM24,36061007600,0.076923
census_tract,SIM24,36061009400,0.051282
census_tract,SIM24,36085020804,0.076923
census_tract,SIM24,36061010900,0.025641
census_tract,SIM24,36061011202,0.025641
census_tract,SIM24,36061010100,0.051282
census_tract,SIM24,36085017005,0.025641
census_tract,SIM24,36085017600,0.025641
census_tract,SIM24,36061010300,0.025641
census_tract,SIM24,36085020806,0.076923
census_tract,SIM24,36061009600,0.051282
census_tract,SIM24,36061011201,0.025641
census_tract,SIM24,36085017014,0.051282
census_tract,SIM24,36061010200,0.025641
census_tract,SIM24,36061007400,0.025641
census_tract,SIM24,36085032300,0.025641
census_tract,SIM24,36061011100,0.051282
census_tract,SIM24,36085022602,0.025641
census_tract,SIM24,36085017009,0.025641
census_tract,SIM24,36061008400,0.025641
census_tract,SIM24,36061008200,0.025641
census_tract,SIM24,36061010400,0.025641
census_tract,SIM24,36085017013,0.025641
census_tract,SIM24,36061011700,0.025641
census_tract,SIM24,36085022801,0.025641
census_tract,SIM7,36085006400,0.055556
census_tract,SIM7,36085002002,0.027778
census_tract,SIM7,36085015602,0.027778
census_tract,SIM7,36061003900,0.027778
census_tract,SIM7,36061002100,0.013889
census_tract,SIM7,36061005501,0.013889
census_tract,SIM7,36061031703,0.027778
census_tract,SIM7,36085015601,0.055556
census_tract,SIM7,36085014604,0.027778
census_tract,SIM7,36085017012,0.041667
census_tract,SIM7,36085013204,0.041667
census_tract,SIM7,36085012200,0.013889
census_tract,SIM7,36085012806,0.027778
census_tract,SIM7,36085015603,0.041667
census_tract,SIM7,36085002001,0.027778
census_tract,SIM7,36085013201,0.013889
census_tract,SIM7,36085014607,0.013889
census_tract,SIM7,36085013203,0.041667
census_tract,SIM7,36061001300,0.013889
census_tract,SIM7,36085011402,0.013889
census_tract,SIM7,36047012600,0.013889
census_tract,SIM7,36085009602,0.027778
census_tract,SIM7,36061005700,0.013889
census_tract,SIM7,36085013400,0.027778
census_tract,SIM7,36085011203,0.027778
census_tract,SIM7,36085009601,0.013889
census_tract,SIM7,36061006900,0.013889
census_tract,SIM7,36085012804,0.027778
census_tract,SIM7,36085015400,0.041667
census_tract,SIM7,36085005000,0.013889
census_tract,SIM7,36085017011,0.027778
census_tract,SIM7,36085012805,0.013889
census_tract,SIM7,36061003700,0.027778
census_tract,SIM7,36047012000,0.013889
census_tract,SIM7,36061006100,0.013889
census_tract,SIM7,36085007001,0.027778
census_tract,SIM7,36085011201,0.027778
census_tract,SIM7,36061006300,0.013889
census_tract,SIM7,36085011401,0.013889
census_tract,SIM7,36061005400,0.013889
census_tract,SIM7,36061006700,0.013889
census_tract,Q110,36081044601,0.075
census_tract,Q110,36081046000,0.05
census_tract,Q110,36081046800,0.025
census_tract,Q110,36081056400,0.075
census_tract,Q110,36081023600,0.05
census_tract,Q110,36081161700,0.1
census_tract,Q110,36081056800,0.1
census_tract,Q110,36081047000,0.025
census_tract,Q110,36081044400,0.125
census_tract,Q110,36081054000,0.025
census_tract,Q110,36081024000,0.025
census_tract,Q110,36081046200,0.025
census_tract,Q110,36081050000,0.075
census_tract,Q110,36081048400,0.05
census_tract,Q110,36081048200,0.025
census_tract,Q110,36081054200,0.075
census_tract,Q110,36081157903,0.025
census_tract,Q110,36081048000,0.025
census_tract,Q110,36081051200,0.025
census_tract,Q26,36081140902,0.070175
census_tract,Q26,36081090700,0.122807
census_tract,Q26,36081092900,0.122807
census_tract,Q26,36081091900,0.087719
census_tract,Q26,36081118900,0.017544
census_tract,Q26,36081086100,0.052632
census_tract,Q26,36081119100,0.017544
census_tract,Q26,36081119900,0.035088
census_tract,Q26,36081142900,0.070175
census_tract,Q26,36081145900,0.035088
census_tract,Q26,36081120100,0.017544
census_tract,Q26,36081119500,0.035088
census_tract,Q26,36081085700,0.035088
census_tract,Q26,36081120701,0.017544
census_tract,Q26,36081086900,0.070175
census_tract,Q26,36081092500,0.070175
census_tract,Q26,36081085300,0.035088
census_tract,Q26,36081085500,0.017544
census_tract,Q26,36081120702,0.035088
census_tract,Q26,36081085900,0.017544
census_tract,Q26,36081087100,0.017544
census_tract,S55,36085017005,0.139241
census_tract,S55,36085019800,0.21519
census_tract,S55,36085027702,0.113924
census_tract,S55,36085017016,0.101266
census_tract,S55,36085017600,0.037975
census_tract,S55,36085020803,0.101266
census_tract,S55,36085020805,0.037975
census_tract,S55,36085017011,0.025316
census_tract,S55,36085022601,0.088608
census_tract,S55,36085022802,0.037975
census_tract,S55,36085017012,0.075949
census_tract,S55,36085022602,0.012658
census_tract,S55,36085027900,0.012658
census_tract,S98,36085005901,0.020833
census_tract,S98,36085024700,0.020833
census_tract,S98,36085031901,0.125
census_tract,S98,36085007500,0.020833
census_tract,S98,36085014100,0.020833
census_tract,S98,36085020100,0.020833
census_tract,S98,36085015100,0.041667
census_tract,S98,36085032300,0.0625
census_tract,S98,36085025100,0.020833
census_tract,S98,36085005902,0.020833
census_tract,S98,36085023100,0.0625
census_tract,S98,36085030302,0.125
census_tract,S98,36085000300,0.083333
census_tract,S98,36085031902,0.166667
census_tract,S98,36085012500,0.020833
census_tract,S98,36085030301,0.020833
census_tract,S98,36085006700,0.041667
census_tract,S98,36085023900,0.041667
census_tract,S98,36085012100,0.020833
census_tract,S98,36085002100,0.020833
census_tract,S98,36085010500,0.020833
census_tract,Q45,36081133300,0.178571
census_tract,Q45,36081127700,0.071429
census_tract,Q45,36081124700,0.071429
census_tract,Q45,36081021601,0.035714
census_tract,Q45,36081124100,0.071429
census_tract,Q45,36081134701,0.107143
census_tract,Q45,36081077904,0.035714
census_tract,Q45,36081126500,0.035714
census_tract,Q45,36081077905,0.107143
census_tract,Q45,36081077903,0.071429
census_tract,Q45,36081075701,0.071429
census_tract,Q45,36081125700,0.035714
census_tract,Q45,36081126700,0.071429
census_tract,Q45,36081022001,0.035714
census_tract,S94,36085023900,0.065789
census_tract,S94,36085027702,0.118421
census_tract,S94,36085021300,0.118421
census_tract,S94,36085030301,0.078947
census_tract,S94,36085029104,0.092105
census_tract,S94,36085024700,0.065789
census_tract,S94,36085027706,0.039474
census_tract,S94,36085013302,0.039474
census_tract,S94,36085009701,0.026316
census_tract,S94,36085029106,0.065789
census_tract,S94,36085030302,0.039474
census_tract,S94,36085029105,0.039474
census_tract,S94,36085008100,0.026316
census_tract,S94,36085020100,0.013158
census_tract,S94,36085027301,0.052632
census_tract,S94,36085010500,0.039474
census_tract,S94,36085000300,0.039474
census_tract,S94,36085022802,0.026316
census_tract,S94,36085014100,0.013158
census_tract,M96,36061015601,0.083333
census_tract,M96,36061018300,0.208333
census_tract,M96,36061015802,0.083333
census_tract,M96,36061015602,0.166667
census_tract,M96,36061016001,0.083333
census_tract,M96,36061016002,0.083333
census_tract,M96,36061018100,0.25
census_tract,M96,36061015801,0.041667
census_tract,QM18,36081069300,0.021739
census_tract,QM18,36061011201,0.021739
census_tract,QM18,36081075701,0.021739
census_tract,QM18,36081021601,0.021739
census_tract,QM18,36081013600,0.021739
census_tract,QM18,36081010600,0.043478
census_tract,QM18,36081076902,0.021739
census_tract,QM18,36061007200,0.021739
census_tract,QM18,36081083800,0.130435
census_tract,QM18,36081013400,0.021739
census_tract,QM18,36081015802,0.021739
census_tract,QM18,36061007400,0.021739
census_tract,QM18,36081015600,0.021739
census_tract,QM18,36081076901,0.021739
census_tract,QM18,36081012000,0.043478
census_tract,QM18,36081016600,0.043478
census_tract,QM18,36081012200,0.021739
census_tract,QM18,36081075702,0.021739
census_tract,QM18,36081073900,0.021739
census_tract,QM18,36081071100,0.021739
census_tract,QM18,36061009600,0.021739
census_tract,QM18,36081013800,0.021739
census_tract,QM18,36081071306,0.021739
census_tract,QM18,36081081800,0.043478
census_tract,QM18,36061007600,0.043478
census_tract,QM18,36061011203,0.021739
census_tract,QM18,36081071701,0.021739
census_tract,QM18,36081014400,0.021739
census_tract,QM18,36081077500,0.043478
census_tract,QM18,36061011202,0.021739
census_tract,QM18,36081071304,0.021739
census_tract,QM18,36081010200,0.021739
census_tract,QM18,36061010400,0.021739
census_tract,QM18,36061008400,0.021739
census_tract,QM18,36081014800,0.021739
census_tract,SIM1,36085006400,0.055556
census_tract,SIM1,36085002002,0.027778
census_tract,SIM1,36061001300,0.097222
census_tract,SIM1,36061004700,0.013889
census_tract,SIM1,36085015602,0.027778
census_tract,SIM1,36085015601,0.055556
census_tract,SIM1,36085014604,0.027778
census_tract,SIM1,36085017012,0.041667
census_tract,SIM1,36085012806,0.027778
census_tract,SIM1,36085012200,0.013889
census_tract,SIM1,36085015603,0.041667
census_tract,SIM1,36085013201,0.013889
census_tract,SIM1,36085002001,0.027778
census_tract,SIM1,36085013204,0.041667
census_tract,SIM1,36085014607,0.013889
census_tract,SIM1,36085013203,0.041667
census_tract,SIM1,36085011402,0.013889
census_tract,SIM1,36047012600,0.013889
census_tract,SIM1,36085009602,0.027778
census_tract,SIM1,36061006500,0.013889
census_tract,SIM1,36061002100,0.041667
census_tract,SIM1,36085013400,0.027778
census_tract,SIM1,36085009601,0.013889
census_tract,SIM1,36085012804,0.027778
census_tract,SIM1,36085015400,0.041667
census_tract,SIM1,36085005000,0.013889
census_tract,SIM1,36085017011,0.027778
census_tract,SIM1,36047012000,0.013889
census_tract,SIM1,36085011203,0.013889
census_tract,SIM1,36085012805,0.013889
census_tract,SIM1,36085007001,0.027778
census_tract,SIM1,36061003300,0.041667
census_tract,SIM1,36085011201,0.027778
census_tract,SIM1,36061004900,0.013889
census_tract,SIM1,36085011401,0.013889
census_tract,SIM33,36047016400,0.019608
census_tract,SIM33,36061005501,0.019608
census_tract,SIM33,36061031703,0.039216
census_tract,SIM33,36061002100,0.019608
census_tract,SIM33,36061003900,0.039216
census_tract,SIM33,36085027301,0.039216
census_tract,SIM33,36085032300,0.039216
census_tract,SIM33,36085031902,0.058824
census_tract,SIM33,36085023100,0.019608
census_tract,SIM33,36085030302,0.058824
census_tract,SIM33,36061001300,0.019608
census_tract,SIM33,36085030301,0.039216
census_tract,SIM33,36047012600,0.019608
census_tract,SIM33,36085018902,0.039216
census_tract,SIM33,36085029104,0.117647
census_tract,SIM33,36061005700,0.019608
census_tract,SIM33,36085018901,0.058824
census_tract,SIM33,36085017701,0.019608
census_tract,SIM33,36047013600,0.019608
census_tract,SIM33,36061003700,0.019608
census_tract,SIM33,36085016901,0.019608
census_tract,SIM33,36047012000,0.019608
census_tract,SIM33,36061006100,0.019608
census_tract,SIM33,36085023900,0.019608
census_tract,SIM33,36085018703,0.019608
census_tract,SIM33,36061006300,0.019608
census_tract,SIM33,36085031901,0.039216
census_tract,SIM33,36085017300,0.019608
census_tract,SIM33,36085018701,0.039216
census_tract,SIM33,36061005400,0.019608
census_tract,SIM33,36085018704,0.019608
census_tract,SIM33,36061006700,0.019608
census_tract,Q27,36081061000,0.033708
census_tract,Q27,36081136700,0.033708
census_tract,Q27,36081145102,0.033708
census_tract,Q27,36081120100,0.011236
census_tract,Q27,36081056800,0.044944
census_tract,Q27,36081054000,0.011236
census_tract,Q27,36081056600,0.022472
census_tract,Q27,36081085700,0.022472
census_tract,Q27,36081087100,0.033708
census_tract,Q27,36081055200,0.044944
census_tract,Q27,36081058200,0.067416
census_tract,Q27,36081138502,0.022472
census_tract,Q27,36081137700,0.022472
census_tract,Q27,36081129104,0.033708
census_tract,Q27,36081059800,0.022472
census_tract,Q27,36081129102,0.011236
census_tract,Q27,36081086100,0.033708
census_tract,Q27,36081119900,0.022472
census_tract,Q27,36081142900,0.022472
census_tract,Q27,36081055400,0.022472
census_tract,Q27,36081059000,0.011236
census_tract,Q27,36081056000,0.033708
census_tract,Q27,36081053401,0.022472
census_tract,Q27,36081144100,0.044944
census_tract,Q27,36081085500,0.011236
census_tract,Q27,36081053800,0.011236
census_tract,Q27,36081120702,0.022472
census_tract,Q27,36081085300,0.011236
census_tract,Q27,36081139900,0.022472
census_tract,Q27,36081138501,0.044944
census_tract,Q27,36081119100,0.011236
census_tract,Q27,36081145900,0.033708
census_tract,Q27,36081119500,0.022472
census_tract,Q27,36081145101,0.022472
census_tract,Q27,36081056400,0.011236
census_tract,Q27,36081085900,0.011236
census_tract,Q27,36081060800,0.011236
census_tract,Q27,36081118900,0.011236
census_tract,Q27,36081144700,0.022472
census_tract,Q27,36081120701,0.011236
census_tract,Q27,36081143500,0.022472
census_tract,Q77,36081032000,0.114754
census_tract,Q77,36081048000,0.016393
census_tract,Q77,36081053401,0.032787
census_tract,Q77,36081069000,0.016393
census_tract,Q77,36081035800,0.032787
census_tract,Q77,36081047802,0.016393
census_tract,Q77,36081037600,0.032787
census_tract,Q77,36081061000,0.016393
census_tract,Q77,36081049600,0.032787
census_tract,Q77,36081062600,0.032787
census_tract,Q77,36081038400,0.04918
census_tract,Q77,36081051000,0.04918
census_tract,Q77,36081068000,0.016393
census_tract,Q77,36081035200,0.04918
census_tract,Q77,36081053200,0.065574
census_tract,Q77,36081051200,0.032787
census_tract,Q77,36081033000,0.032787
census_tract,Q77,36081046000,0.04918
census_tract,Q77,36081032800,0.114754
census_tract,Q77,36081051600,0.032787
census_tract,Q77,36081062400,0.016393
census_tract,Q77,36081049202,0.016393
census_tract,Q77,36081047801,0.032787
census_tract,Q77,36081048400,0.04918
census_tract,Q77,36081030600,0.016393
census_tract,Q77,36081046600,0.016393
census_tract,Q77,36081046800,0.016393
census_tract,Q22,36081099200,0.046154
census_tract,Q22,36081100803,0.046154
census_tract,Q22,36081093800,0.138462
census_tract,Q22,36081095400,0.092308
census_tract,Q22,36081094201,0.076923
census_tract,Q22,36081099802,0.030769
census_tract,Q22,36081097204,0.046154
census_tract,Q22,36081093402,0.030769
census_tract,Q22,36081103202,0.030769
census_tract,Q22,36081101004,0.030769
census_tract,Q22,36081101003,0.030769
census_tract,Q22,36081094202,0.092308
census_tract,Q22,36081096400,0.061538
census_tract,Q22,36081094203,0.061538
census_tract,Q22,36081103201,0.015385
census_tract,Q22,36081099801,0.076923
census_tract,Q22,36081100801,0.015385
census_tract,Q22,36081097205,0.030769
census_tract,Q22,36081097206,0.046154
census_tract,S56,36085019800,0.197368
census_tract,S56,36085020803,0.092105
census_tract,S56,36085017007,0.131579
census_tract,S56,36085022801,0.052632
census_tract,S56,36085020806,0.026316
census_tract,S56,36085027702,0.118421
census_tract,S56,36085017012,0.026316
census_tract,S56,36085022802,0.052632
census_tract,S56,36085027900,0.013158
census_tract,S56,36085017013,0.052632
census_tract,S56,36085020804,0.105263
census_tract,S56,36085017014,0.065789
census_tract,S56,36085017009,0.039474
census_tract,S56,36085017016,0.026316
census_tract,QM5,36081138502,0.042254
census_tract,QM5,36081155104,0.014085
census_tract,QM5,36081133300,0.070423
census_tract,QM5,36081137700,0.070423
census_tract,QM5,36081127700,0.028169
census_tract,QM5,36061008400,0.028169
census_tract,QM5,36081152902,0.112676
census_tract,QM5,36081157902,0.014085
census_tract,QM5,36061011202,0.014085
census_tract,QM5,36081129103,0.042254
census_tract,QM5,36081155103,0.056338
census_tract,QM5,36081134702,0.028169
census_tract,QM5,36081136700,0.070423
census_tract,QM5,36081124100,0.028169
census_tract,QM5,36081077904,0.014085
census_tract,QM5,36081134701,0.056338
census_tract,QM5,36061009600,0.028169
census_tract,QM5,36081152901,0.028169
census_tract,QM5,36081126500,0.014085
census_tract,QM5,36081150701,0.014085
census_tract,QM5,36081077903,0.014085
census_tract,QM5,36081077905,0.042254
census_tract,QM5,36061011203,0.014085
census_tract,QM5,36061007400,0.014085
census_tract,QM5,36061010400,0.014085
census_tract,QM5,36061007200,0.014085
census_tract,QM5,36081150702,0.014085
census_tract,QM5,36081125700,0.014085
census_tract,QM5,36061007600,0.014085
census_tract,QM5,36081138501,0.014085
census_tract,QM5,36081129104,0.014085
census_tract,QM5,36081124700,0.014085
census_tract,QM5,36081126700,0.014085
census_tract,QM5,36081128300,0.014085
census_tract,SIM4C,36047016400,0.010309
census_tract,SIM4C,36085029104,0.072165
census_tract,SIM4C,36061001300,0.061856
census_tract,SIM4C,36085027705,0.010309
census_tract,SIM4C,36085029106,0.041237
census_tract,SIM4C,36085027702,0.092784
census_tract,SIM4C,36061014300,0.020619
census_tract,SIM4C,36085027301,0.041237
census_tract,SIM4C,36085017007,0.051546
census_tract,SIM4C,36085022801,0.030928
census_tract,SIM4C,36047001801,0.030928
census_tract,SIM4C,36061004900,0.010309
census_tract,SIM4C,36061006300,0.010309
census_tract,SIM4C,36085017014,0.030928
census_tract,SIM4C,36061009400,0.010309
census_tract,SIM4C,36085022802,0.030928
census_tract,SIM4C,36061002100,0.020619
census_tract,SIM4C,36061005600,0.030928
census_tract,SIM4C,36061007600,0.010309
census_tract,SIM4C,36047007200,0.010309
census_tract,SIM4C,36061003700,0.010309
census_tract,SIM4C,36047005602,0.010309
census_tract,SIM4C,36085017009,0.020619
census_tract,SIM4C,36061008400,0.010309
census_tract,SIM4C,36061003300,0.041237
census_tract,SIM4C,36061005700,0.010309
census_tract,SIM4C,36085017016,0.020619
census_tract,SIM4C,36085017013,0.020619
census_tract,SIM4C,36047005900,0.010309
census_tract,SIM4C,36061006100,0.010309
census_tract,SIM4C,36085017012,0.020619
census_tract,SIM4C,36047013600,0.020619
census_tract,SIM4C,36061010400,0.010309
census_tract,SIM4C,36061010200,0.010309
census_tract,SIM4C,36061004700,0.010309
census_tract,SIM4C,36047012200,0.010309
census_tract,SIM4C,36085027706,0.020619
census_tract,SIM4C,36061007400,0.010309
census_tract,SIM4C,36047012600,0.020619
census_tract,SIM4C,36085029105,0.020619
census_tract,SIM4C,36061011201,0.010309
census_tract,SIM4C,36061009600,0.010309
census_tract,SIM4C,36047012000,0.010309
census_tract,SIM4C,36061008200,0.010309
census_tract,SIM4C,36061005400,0.010309
census_tract,S52,36085007400,0.00885
census_tract,S52,36085007500,0.044248
census_tract,S52,36085000900,0.053097
census_tract,S52,36085006400,0.053097
census_tract,S52,36085000700,0.088496
census_tract,S52,36085002100,0.035398
census_tract,S52,36085002002,0.053097
census_tract,S52,36085000300,0.079646
census_tract,S52,36085003300,0.026549
census_tract,S52,36085001100,0.00885
census_tract,S52,36085000800,0.035398
census_tract,S52,36085007002,0.283186
census_tract,S52,36085002001,0.053097
census_tract,S52,36085002700,0.035398
census_tract,S52,36085002900,0.026549
census_tract,S52,36085007700,0.017699
census_tract,S52,36085004001,0.017699
census_tract,S52,36085001700,0.026549
census_tract,S52,36085008100,0.00885
census_tract,S52,36085003600,0.017699
census_tract,S52,36085011201,0.026549
census_tract,Q15,36081115700,0.139535
census_tract,Q15,36081087100,0.023256
census_tract,Q15,36081085300,0.046512
census_tract,Q15,36081099100,0.139535
census_tract,Q15,36081098100,0.093023
census_tract,Q15,36081098700,0.139535
census_tract,Q15,36081085500,0.046512
census_tract,Q15,36081086300,0.046512
census_tract,Q15,36081116700,0.046512
census_tract,Q15,36081104700,0.046512
census_tract,Q15,36081103300,0.069767
census_tract,Q15,36081103900,0.069767
census_tract,Q15,36081086500,0.023256
census_tract,Q15,36081102900,0.023256
census_tract,Q15,36081105900,0.023256
census_tract,Q15,36081116302,0.023256
census_tract,QM34,36081062900,0.057143
census_tract,QM34,36081066900,0.057143
census_tract,QM34,36081057700,0.057143
census_tract,QM34,36061009800,0.028571
census_tract,QM34,36081058300,0.057143
census_tract,QM34,36081066501,0.057143
census_tract,QM34,36081060300,0.028571
census_tract,QM34,36081061301,0.085714
census_tract,QM34,36081059300,0.057143
census_tract,QM34,36081067900,0.028571
census_tract,QM34,36081067100,0.114286
census_tract,QM34,36081058700,0.028571
census_tract,QM34,36081062300,0.028571
census_tract,QM34,36061007800,0.028571
census_tract,QM34,36081062500,0.028571
census_tract,QM34,36081062700,0.028571
census_tract,QM34,36081056100,0.028571
census_tract,QM34,36081066701,0.028571
census_tract,QM34,36061008800,0.028571
census_tract,QM34,36081058100,0.057143
census_tract,QM34,36061010801,0.028571
census_tract,QM34,36081050700,0.028571
census_tract,QM34,36081050500,0.028571
census_tract,Q33,36081028300,0.136364
census_tract,Q33,36081026700,0.136364
census_tract,Q33,36081030904,0.045455
census_tract,Q33,36081032700,0.136364
census_tract,Q33,36081033100,0.227273
census_tract,Q33,36081032900,0.090909
census_tract,Q33,36081028100,0.090909
census_tract,Q33,36081031700,0.045455
census_tract,Q33,36081028700,0.045455
census_tract,Q33,36081026901,0.045455
census_tract,S53,36085005901,0.033333
census_tract,S53,36085002002,0.077778
census_tract,S53,36047013800,0.011111
census_tract,S53,36085006400,0.122222
census_tract,S53,36085016901,0.044444
census_tract,S53,36085013302,0.088889
census_tract,S53,36085010500,0.033333
census_tract,S53,36085012100,0.066667
census_tract,S53,36047005800,0.011111
census_tract,S53,36085014700,0.044444
census_tract,S53,36085005000,0.122222
census_tract,S53,36085009601,0.011111
census_tract,S53,36085020702,0.111111
census_tract,S53,36085004700,0.044444
census_tract,S53,36047006000,0.022222
census_tract,S53,36085007400,0.044444
census_tract,S53,36047014200,0.011111
census_tract,S53,36085012500,0.055556
census_tract,S53,36047016200,0.011111
census_tract,S53,36085017701,0.011111
census_tract,S53,36047016000,0.011111
census_tract,S53,36085013301,0.011111
census_tract,Q86,36081044400,0.039216
census_tract,Q86,36081062600,0.058824
census_tract,Q86,36081066401,0.039216
census_tract,Q86,36081028200,0.039216
census_tract,Q86,36081061800,0.039216
census_tract,Q86,36081063800,0.117647
census_tract,Q86,36081066402,0.039216
census_tract,Q86,36081044601,0.019608
census_tract,Q86,36081041400,0.019608
census_tract,Q86,36081069400,0.039216
census_tract,Q86,36081043200,0.019608
census_tract,Q86,36081035200,0.019608
census_tract,Q86,36081026600,0.039216
census_tract,Q86,36081036600,0.019608
census_tract,Q86,36081065401,0.137255
census_tract,Q86,36081020800,0.039216
census_tract,Q86,36081063200,0.058824
census_tract,Q86,36081042600,0.039216
census_tract,Q86,36081024600,0.019608
census_tract,Q86,36081035800,0.039216
census_tract,Q86,36081033401,0.019608
census_tract,Q86,36081043400,0.019608
census_tract,Q86,36081066403,0.039216
census_tract,Q86,36081063000,0.019608
census_tract,Q86,36081025402,0.019608
census_tract,SIM6,36061006800,0.037975
census_tract,SIM6,36085012200,0.012658
census_tract,SIM6,36085007400,0.050633
census_tract,SIM6,36085012806,0.025316
census_tract,SIM6,36085013203,0.075949
census_tract,SIM6,36085014607,0.025316
census_tract,SIM6,36085012804,0.025316
census_tract,SIM6,36061006200,0.012658
census_tract,SIM6,36085013204,0.037975
census_tract,SIM6,36085011203,0.063291
census_tract,SIM6,36061010000,0.025316
census_tract,SIM6,36085002001,0.012658
census_tract,SIM6,36061011203,0.012658
census_tract,SIM6,36085017012,0.025316
census_tract,SIM6,36061006400,0.050633
census_tract,SIM6,36085007002,0.050633
census_tract,SIM6,36085014604,0.012658
census_tract,SIM6,36085013400,0.025316
census_tract,SIM6,36061031900,0.025316
census_tract,SIM6,36061007200,0.012658
census_tract,SIM6,36061001501,0.012658
census_tract,SIM6,36085014605,0.012658
census_tract,SIM6,36061011202,0.012658
census_tract,SIM6,36061009200,0.012658
census_tract,SIM6,36061008200,0.012658
census_tract,SIM6,36061005600,0.012658
census_tract,SIM6,36085015601,0.012658
census_tract,SIM6,36085015400,0.037975
census_tract,SIM6,36085012805,0.012658
census_tract,SIM6,36061004400,0.012658
census_tract,SIM6,36085011201,0.037975
census_tract,SIM6,36061008000,0.012658
census_tract,SIM6,36085014608,0.037975
census_tract,SIM6,36085011204,0.012658
census_tract,SIM6,36061010200,0.012658
census_tract,SIM6,36061002500,0.012658
census_tract,SIM6,36085015603,0.025316
census_tract,SIM6,36061007400,0.012658
census_tract,SIM6,36085013201,0.012658
census_tract,SIM6,36047012600,0.012658
census_tract,SIM6,36047012000,0.012658
census_tract,SIM6,36085002002,0.012658
census_tract,SIM6,36061009400,0.012658
census_tract,S74,36085002100,0.074074
census_tract,S74,36085017702,0.042328
census_tract,S74,36085012200,0.031746
census_tract,S74,36085022602,0.132275
census_tract,S74,36085002900,0.031746
census_tract,S74,36085011401,0.010582
census_tract,S74,36085020806,0.042328
census_tract,S74,36085020805,0.058201
census_tract,S74,36085018100,0.074074
census_tract,S74,36085027900,0.089947
census_tract,S74,36085022601,0.015873
census_tract,S74,36085000300,0.026455
census_tract,S74,36085014606,0.015873
census_tract,S74,36085013800,0.042328
census_tract,S74,36085011402,0.015873
census_tract,S74,36085017007,0.026455
census_tract,S74,36085022801,0.037037
census_tract,S74,36085005000,0.026455
census_tract,S74,36085022802,0.010582
census_tract,S74,36085017013,0.005291
census_tract,S74,36085009602,0.010582
census_tract,S74,36085004004,0.010582
census_tract,S74,36085004003,0.015873
census_tract,S74,36085014605,0.010582
census_tract,S74,36085017012,0.010582
census_tract,S74,36085009601,0.021164
census_tract,S74,36085014607,0.010582
census_tract,S74,36085003300,0.026455
census_tract,S74,36085004700,0.021164
census_tract,S74,36085014608,0.010582
census_tract,S74,36085017701,0.015873
census_tract,S74,36085017016,0.010582
census_tract,S74,36085002700,0.005291
census_tract,S74,36085020803,0.005291
census_tract,S74,36085013400,0.005291
census_tract,Q50,36005046203,0.150943
census_tract,Q50,36005009000,0.056604
census_tract,Q50,36005046207,0.075472
census_tract,Q50,36081086900,0.056604
census_tract,Q50,36005046205,0.09434
census_tract,Q50,36081087100,0.037736
census_tract,Q50,36005035600,0.018868
census_tract,Q50,36005030201,0.113208
census_tract,Q50,36005018400,0.018868
census_tract,Q50,36005027401,0.037736
census_tract,Q50,36081090700,0.037736
census_tract,Q50,36005046204,0.037736
census_tract,Q50,36081094500,0.018868
census_tract,Q50,36081103900,0.037736
census_tract,Q50,36005027600,0.056604
census_tract,Q50,36005026400,0.018868
census_tract,Q50,36005030202,0.056604
census_tract,Q50,36005016400,0.018868
census_tract,Q50,36005019400,0.018868
census_tract,Q50,36081088902,0.018868
census_tract,Q50,36005030000,0.018868
census_tract,Q58,36081048500,0.016949
census_tract,Q58,36081058700,0.033898
census_tract,Q58,36081049900,0.050847
census_tract,Q58,36081049700,0.016949
census_tract,Q58,36081038302,0.016949
census_tract,Q58,36081047900,0.016949
census_tract,Q58,36081084902,0.067797
census_tract,Q58,36081047500,0.050847
census_tract,Q58,36081084901,0.033898
census_tract,Q58,36081047100,0.033898
census_tract,Q58,36081043701,0.033898
census_tract,Q58,36081055100,0.050847
census_tract,Q58,36081049302,0.067797
census_tract,Q58,36081061301,0.050847
census_tract,Q58,36081059300,0.033898
census_tract,Q58,36081043900,0.050847
census_tract,Q58,36081080301,0.016949
census_tract,Q58,36081052100,0.033898
census_tract,Q58,36081042700,0.016949
census_tract,Q58,36081051700,0.033898
census_tract,Q58,36081054900,0.033898
census_tract,Q58,36081041300,0.033898
census_tract,Q58,36081059900,0.033898
census_tract,Q58,36081047300,0.033898
census_tract,Q58,36081046100,0.033898
census_tract,Q58,36081079702,0.016949
census_tract,Q58,36081041100,0.050847
census_tract,Q58,36081058900,0.016949
census_tract,Q58,36081055300,0.016949
census_tract,Q18,36081049301,0.034483
census_tract,Q18,36081008700,0.103448
census_tract,Q18,36081014700,0.051724
census_tract,Q18,36081025700,0.051724
census_tract,Q18,36081008300,0.068966
census_tract,Q18,36081051700,0.017241
census_tract,Q18,36081029500,0.068966
census_tract,Q18,36081024300,0.068966
census_tract,Q18,36081049302,0.034483
census_tract,Q18,36081051100,0.051724
census_tract,Q18,36081007300,0.017241
census_tract,Q18,36081024900,0.017241
census_tract,Q18,36081006502,0.017241
census_tract,Q18,36081007100,0.034483
census_tract,Q18,36081025900,0.068966
census_tract,Q18,36081051500,0.034483
census_tract,Q18,36081024700,0.051724
census_tract,Q18,36081051300,0.034483
census_tract,Q18,36081015500,0.017241
census_tract,Q18,36081006300,0.034483
census_tract,Q18,36081016300,0.034483
census_tract,Q18,36081026300,0.017241
census_tract,Q18,36081014900,0.017241
census_tract,Q18,36081007900,0.034483
census_tract,Q18,36081015100,0.017241
census_tract,Q46,36081133300,0.075472
census_tract,Q46,36081156700,0.075472
census_tract,Q46,36081157101,0.075472
census_tract,Q46,36081157902,0.037736
census_tract,Q46,36081124700,0.018868
census_tract,Q46,36081128300,0.056604
census_tract,Q46,36081127700,0.037736
census_tract,Q46,36081157901,0.056604
census_tract,Q46,36081021601,0.018868
census_tract,Q46,36081129104,0.056604
census_tract,Q46,36081124100,0.018868
census_tract,Q46,36081129103,0.056604
census_tract,Q46,36081155104,0.150943
census_tract,Q46,36081126500,0.018868
census_tract,Q46,36081077905,0.037736
census_tract,Q46,36081130100,0.018868
census_tract,Q46,36081129102,0.113208
census_tract,Q46,36081077903,0.018868
census_tract,Q46,36081075701,0.037736
census_tract,Q46,36081125700,0.018868
census_tract,SIM26,36085020803,0.058824
census_tract,SIM26,36085022601,0.156863
census_tract,SIM26,36061011900,0.039216
census_tract,SIM26,36061011203,0.039216
census_tract,SIM26,36061012101,0.019608
census_tract,SIM26,36085024401,0.215686
census_tract,SIM26,36085029102,0.039216
census_tract,SIM26,36085022602,0.039216
census_tract,SIM26,36061008200,0.019608
census_tract,SIM26,36085024800,0.078431
census_tract,SIM26,36085020805,0.039216
census_tract,SIM26,36085024402,0.058824
census_tract,SIM26,36061011202,0.019608
census_tract,SIM26,36061009200,0.019608
census_tract,SIM26,36061009400,0.039216
census_tract,SIM26,36061010200,0.019608
census_tract,SIM26,36061008400,0.019608
census_tract,SIM26,36061011300,0.019608
census_tract,SIM26,36061010000,0.019608
census_tract,SIM26,36061011500,0.019608
census_tract,SIM26,36061011700,0.019608
census_tract,Q25,36081093900,0.067568
census_tract,Q25,36081020800,0.040541
census_tract,Q25,36081077908,0.027027
census_tract,Q25,36081125700,0.027027
census_tract,Q25,36081126700,0.013514
census_tract,Q25,36081092500,0.027027
census_tract,Q25,36081086900,0.067568
census_tract,Q25,36081045000,0.013514
census_tract,Q25,36081083700,0.040541
census_tract,Q25,36081084500,0.040541
census_tract,Q25,36081079701,0.013514
census_tract,Q25,36081122702,0.067568
census_tract,Q25,36081085300,0.040541
census_tract,Q25,36081080900,0.027027
census_tract,Q25,36081024000,0.027027
census_tract,Q25,36081092900,0.040541
census_tract,Q25,36081044800,0.027027
census_tract,Q25,36081077906,0.027027
census_tract,Q25,36081090700,0.094595
census_tract,Q25,36081023600,0.027027
census_tract,Q25,36081120300,0.013514
census_tract,Q25,36081077905,0.027027
census_tract,Q25,36081044601,0.013514
census_tract,Q25,36081087100,0.013514
census_tract,Q25,36081094700,0.027027
census_tract,Q25,36081085900,0.013514
census_tract,Q25,36081121500,0.027027
census_tract,Q25,36081120500,0.027027
census_tract,Q25,36081091900,0.027027
census_tract,Q25,36081085700,0.013514
census_tract,Q25,36081088902,0.013514
census_tract,Q25,36081044602,0.013514
census_tract,Q25,36081023000,0.013514
census_tract,Q55,36081062900,0.068182
census_tract,Q55,36081063900,0.068182
census_tract,Q55,36081057700,0.068182
census_tract,Q55,36081055100,0.068182
census_tract,Q55,36081013200,0.045455
census_tract,Q55,36081058300,0.022727
census_tract,Q55,36081013000,0.113636
census_tract,Q55,36047043900,0.045455
census_tract,Q55,36081055300,0.045455
census_tract,Q55,36081056100,0.045455
census_tract,Q55,36081055700,0.045455
census_tract,Q55,36081064102,0.181818
census_tract,Q55,36081063301,0.022727
census_tract,Q55,36081063500,0.045455
census_tract,Q55,36081062500,0.045455
census_tract,Q55,36081058100,0.022727
census_tract,Q55,36081062700,0.022727
census_tract,Q55,36081063302,0.022727
census_tract,M7,36061018900,0.059829
census_tract,M7,36061010400,0.025641
census_tract,M7,36061021800,0.042735
census_tract,M7,36061022800,0.017094
census_tract,M7,36061007100,0.008547
census_tract,M7,36061014300,0.025641
census_tract,M7,36061018500,0.017094
census_tract,M7,36061019000,0.008547
census_tract,M7,36061020000,0.025641
census_tract,M7,36061013700,0.025641
census_tract,M7,36061015302,0.034188
census_tract,M7,36061022400,0.017094
census_tract,M7,36061018100,0.017094
census_tract,M7,36061016100,0.034188
census_tract,M7,36061009600,0.025641
census_tract,M7,36061019300,0.042735
census_tract,M7,36061008700,0.008547
census_tract,M7,36061005400,0.034188
census_tract,M7,36061015700,0.017094
census_tract,M7,36061017700,0.034188
census_tract,M7,36061013100,0.008547
census_tract,M7,36061023200,0.017094
census_tract,M7,36061017300,0.025641
census_tract,M7,36061010100,0.017094
census_tract,M7,36061007600,0.025641
census_tract,M7,36061008400,0.017094
census_tract,M7,36061020800,0.017094
census_tract,M7,36061014900,0.017094
census_tract,M7,36061014500,0.025641
census_tract,M7,36061022000,0.017094
census_tract,M7,36061023600,0.025641
census_tract,M7,36061021400,0.017094
census_tract,M7,36061009100,0.008547
census_tract,M7,36061016500,0.025641
census_tract,M7,36061021200,0.025641
census_tract,M7,36061020102,0.025641
census_tract,M7,36061010900,0.008547
census_tract,M7,36061023000,0.017094
census_tract,M7,36061005800,0.017094
census_tract,M7,36061022200,0.008547
census_tract,M7,36061012500,0.008547
census_tract,M7,36061019701,0.008547
census_tract,M7,36061011900,0.008547
census_tract,M7,36061019702,0.017094
census_tract,M7,36061009500,0.008547
census_tract,M7,36061011201,0.008547
census_tract,M7,36061016900,0.025641
census_tract,M7,36061022600,0.008547
census_tract,M7,36061008100,0.008547
census_tract,M7,36061011300,0.008547
census_tract,Q53-SBS,36081026700,0.088889
census_tract,Q53-SBS,36081003800,0.044444
census_tract,Q53-SBS,36081089201,0.066667
census_tract,Q53-SBS,36081001800,0.044444
census_tract,Q53-SBS,36081068300,0.022222
census_tract,Q53-SBS,36081094201,0.044444
census_tract,Q53-SBS,36081107201,0.088889
census_tract,Q53-SBS,36081107202,0.044444
census_tract,Q53-SBS,36081047500,0.022222
census_tract,Q53-SBS,36081093800,0.111111
census_tract,Q53-SBS,36081063700,0.022222
census_tract,Q53-SBS,36081046901,0.022222
census_tract,Q53-SBS,36081002200,0.022222
census_tract,Q53-SBS,36081047300,0.044444
census_tract,Q53-SBS,36081067900,0.022222
census_tract,Q53-SBS,36081005400,0.022222
census_tract,Q53-SBS,36081002000,0.022222
census_tract,Q53-SBS,36081005800,0.022222
census_tract,Q53-SBS,36081069500,0.022222
census_tract,Q53-SBS,36081048500,0.022222
census_tract,Q53-SBS,36081064102,0.022222
census_tract,Q53-SBS,36081026100,0.022222
census_tract,Q53-SBS,36081063900,0.022222
census_tract,Q53-SBS,36081008800,0.022222
census_tract,Q53-SBS,36081070300,0.022222
census_tract,Q53-SBS,36081008600,0.022222
census_tract,Q53-SBS,36081025900,0.022222
census_tract,Q53-SBS,36081088400,0.022222
census_tract,Q53+,36081026700,0.088889
census_tract,Q53+,36081003800,0.044444
census_tract,Q53+,36081089201,0.066667
census_tract,Q53+,36081001800,0.044444
census_tract,Q53+,36081068300,0.022222
census_tract,Q53+,36081094201,0.044444
census_tract,Q53+,36081107201,0.088889
census_tract,Q53+,36081107202,0.044444
census_tract,Q53+,36081047500,0.022222
census_tract,Q53+,36081093800,0.111111
census_tract,Q53+,36081063700,0.022222
census_tract,Q53+,36081046901,0.022222
census_tract,Q53+,36081002200,0.022222
census_tract,Q53+,36081047300,0.044444
census_tract,Q53+,36081067900,0.022222
census_tract,Q53+,36081005400,0.022222
census_tract,Q53+,36081002000,0.022222
census_tract,Q53+,36081005800,0.022222
census_tract,Q53+,36081069500,0.022222
census_tract,Q53+,36081048500,0.022222
census_tract,Q53+,36081064102,0.022222
census_tract,Q53+,36081026100,0.022222
census_tract,Q53+,36081063900,0.022222
census_tract,Q53+,36081008800,0.022222
census_tract,Q53+,36081070300,0.022222
census_tract,Q53+,36081008600,0.022222
census_tract,Q53+,36081025900,0.022222
census_tract,Q53+,36081088400,0.022222
census_tract,QM64,36081040400,0.097561
census_tract,QM64,36081075701,0.02439
census_tract,QM64,36061010803,0.04878
census_tract,QM64,36081053000,0.02439
census_tract,QM64,36081021601,0.04878
census_tract,QM64,36081052800,0.02439
census_tract,QM64,36081076902,0.02439
census_tract,QM64,36061006400,0.04878
census_tract,QM64,36061009400,0.02439
census_tract,QM64,36081060800,0.02439
census_tract,QM64,36061005600,0.02439
census_tract,QM64,36061008200,0.02439
census_tract,QM64,36081060600,0.02439
census_tract,QM64,36081037600,0.02439
census_tract,QM64,36081053200,0.02439
census_tract,QM64,36061006800,0.02439
census_tract,QM64,36081044000,0.04878
census_tract,QM64,36081062200,0.04878
census_tract,QM64,36061007400,0.04878
census_tract,QM64,36061007002,0.02439
census_tract,QM64,36081020600,0.02439
census_tract,QM64,36081038400,0.02439
census_tract,QM64,36081059600,0.02439
census_tract,QM64,36081052400,0.02439
census_tract,QM64,36081044400,0.04878
census_tract,QM64,36081039400,0.02439
census_tract,QM64,36061010200,0.02439
census_tract,QM64,36081068300,0.02439
census_tract,QM64,36081060000,0.02439
census_tract,QM64,36081040000,0.02439
census_tract,QM64,36081020200,0.02439
census_tract,Q11,36081088400,0.273973
census_tract,Q11,36081006202,0.013699
census_tract,Q11,36081065501,0.041096
census_tract,Q11,36081089201,0.082192
census_tract,Q11,36081005800,0.041096
census_tract,Q11,36081047500,0.027397
census_tract,Q11,36081069702,0.027397
census_tract,Q11,36081003800,0.013699
census_tract,Q11,36081002200,0.013699
census_tract,Q11,36081001400,0.027397
census_tract,Q11,36081068700,0.027397
census_tract,Q11,36081008800,0.027397
census_tract,Q11,36081063900,0.041096
census_tract,Q11,36081063700,0.013699
census_tract,Q11,36081070300,0.027397
census_tract,Q11,36081067900,0.041096
census_tract,Q11,36081006201,0.054795
census_tract,Q11,36081069500,0.027397
census_tract,Q11,36081008600,0.027397
census_tract,Q11,36081064102,0.027397
census_tract,Q11,36081064101,0.013699
census_tract,Q11,36081001800,0.027397
census_tract,Q11,36081004001,0.013699
census_tract,Q11,36081002000,0.041096
census_tract,Q11,36081005400,0.013699
census_tract,Q11,36081068300,0.013699
census_tract,M57,36061011201,0.047619
census_tract,M57,36061010802,0.047619
census_tract,M57,36061015900,0.119048
census_tract,M57,36061015101,0.047619
census_tract,M57,36061011203,0.071429
census_tract,M57,36061013700,0.119048
census_tract,M57,36061015501,0.047619
census_tract,M57,36061015102,0.071429
census_tract,M57,36061011202,0.071429
census_tract,M57,36061010601,0.119048
census_tract,M57,36061013900,0.071429
census_tract,M57,36061010803,0.047619
census_tract,M57,36061015502,0.047619
census_tract,M57,36061013502,0.047619
census_tract,M57,36061014700,0.02381
census_tract,Q74,36081134701,0.03125
census_tract,Q74,36081138501,0.09375
census_tract,Q74,36081077906,0.0625
census_tract,Q74,36081080900,0.125
census_tract,Q74,36081075702,0.0625
census_tract,Q74,36081073900,0.125
census_tract,Q74,36081141700,0.0625
census_tract,Q74,36081122702,0.0625
census_tract,Q74,36081122703,0.125
census_tract,Q74,36081077902,0.03125
census_tract,Q74,36081139900,0.03125
census_tract,Q74,36081122704,0.03125
census_tract,Q74,36081140300,0.03125
census_tract,Q74,36081140902,0.03125
census_tract,Q74,36081134702,0.03125
census_tract,Q74,36081134100,0.03125
census_tract,Q74,36081136700,0.03125
census_tract,S92,36085029102,0.285714
census_tract,S92,36085029104,0.038961
census_tract,S92,36085018901,0.181818
census_tract,S92,36085022802,0.025974
census_tract,S92,36085005902,0.025974
census_tract,S92,36085027301,0.077922
census_tract,S92,36085003300,0.025974
census_tract,S92,36085014700,0.012987
census_tract,S92,36085029105,0.142857
census_tract,S92,36085000300,0.051948
census_tract,S92,36085016901,0.012987
census_tract,S92,36085018701,0.012987
census_tract,S92,36085015100,0.025974
census_tract,S92,36085005901,0.012987
census_tract,S92,36085004700,0.012987
census_tract,S92,36085002100,0.012987
census_tract,S92,36085025100,0.025974
census_tract,S92,36085003900,0.012987
census_tract,X38,36047017600,0.027778
census_tract,X38,36061031900,0.027778
census_tract,X38,36061010400,0.013889
census_tract,X38,36047029400,0.055556
census_tract,X38,36047017200,0.013889
census_tract,X38,36047015400,0.055556
census_tract,X38,36061007400,0.027778
census_tract,X38,36061006400,0.041667
census_tract,X38,36047032600,0.041667
census_tract,X38,36061007600,0.027778
census_tract,X38,36061005600,0.041667
census_tract,X38,36061000202,0.027778
census_tract,X38,36047016800,0.013889
census_tract,X38,36061006800,0.027778
census_tract,X38,36047014000,0.013889
census_tract,X38,36047028600,0.027778
census_tract,X38,36047034800,0.027778
census_tract,X38,36061011202,0.027778
census_tract,X38,36047014200,0.013889
census_tract,X38,36047015000,0.013889
census_tract,X38,36047034200,0.055556
census_tract,X38,36047017000,0.027778
census_tract,X38,36047031401,0.055556
census_tract,X38,36061008200,0.027778
census_tract,X38,36047035200,0.027778
census_tract,X38,36047015200,0.013889
census_tract,X38,36061031704,0.013889
census_tract,X38,36061009400,0.013889
census_tract,X38,36047034000,0.027778
census_tract,X38,36061010200,0.013889
census_tract,X38,36047016600,0.013889
census_tract,X38,36061004400,0.013889
census_tract,X38,36047001801,0.013889
census_tract,X38,36047032800,0.013889
census_tract,X38,36061009600,0.013889
census_tract,X38,36047017400,0.013889
census_tract,X38,36047030400,0.027778
census_tract,X38,36061002500,0.013889
census_tract,X38,36061008400,0.013889
census_tract,X38,36047012600,0.013889
census_tract,X27,36061031900,0.013514
census_tract,X27,36061003300,0.054054
census_tract,X27,36061031704,0.013514
census_tract,X27,36047003400,0.054054
census_tract,X27,36047003600,0.013514
census_tract,X27,36061004700,0.013514
census_tract,X27,36061005800,0.013514
census_tract,X27,36047004400,0.040541
census_tract,X27,36061010400,0.013514
census_tract,X27,36061002100,0.054054
census_tract,X27,36061001300,0.067568
census_tract,X27,36047005601,0.040541
census_tract,X27,36047005201,0.027027
census_tract,X27,36061007400,0.027027
census_tract,X27,36047002200,0.013514
census_tract,X27,36047007000,0.054054
census_tract,X27,36061007600,0.027027
census_tract,X27,36061005600,0.027027
census_tract,X27,36047005602,0.081081
census_tract,X27,36047004600,0.027027
census_tract,X27,36061005400,0.013514
census_tract,X27,36047005202,0.027027
census_tract,X27,36047001801,0.027027
census_tract,X27,36061011202,0.027027
census_tract,X27,36061008200,0.027027
census_tract,X27,36061004900,0.013514
census_tract,X27,36047003800,0.027027
census_tract,X27,36061009400,0.013514
census_tract,X27,36061010200,0.013514
census_tract,X27,36047006800,0.013514
census_tract,X27,36061006300,0.013514
census_tract,X27,36061009600,0.013514
census_tract,X27,36061005700,0.013514
census_tract,X27,36047005000,0.027027
census_tract,X27,36047005400,0.027027
census_tract,X27,36061006100,0.013514
census_tract,X27,36061008400,0.013514
census_tract,SIM3,36085018901,0.05
census_tract,SIM3,36085025100,0.083333
census_tract,SIM3,36061010400,0.033333
census_tract,SIM3,36047016400,0.016667
census_tract,SIM3,36061008400,0.033333
census_tract,SIM3,36085015100,0.05
census_tract,SIM3,36061011201,0.033333
census_tract,SIM3,36085024700,0.033333
census_tract,SIM3,36061006400,0.066667
census_tract,SIM3,36085020702,0.033333
census_tract,SIM3,36085030301,0.066667
census_tract,SIM3,36085030302,0.016667
census_tract,SIM3,36047012600,0.016667
census_tract,SIM3,36061031900,0.033333
census_tract,SIM3,36047012000,0.016667
census_tract,SIM3,36061006800,0.033333
census_tract,SIM3,36085017701,0.016667
census_tract,SIM3,36061005800,0.016667
census_tract,SIM3,36085021300,0.05
census_tract,SIM3,36061001501,0.016667
census_tract,SIM3,36085018701,0.033333
census_tract,SIM3,36061014300,0.033333
census_tract,SIM3,36061006200,0.016667
census_tract,SIM3,36085019700,0.033333
census_tract,SIM3,36061009600,0.016667
census_tract,SIM3,36061007600,0.033333
census_tract,SIM3,36061004400,0.016667
census_tract,SIM3,36061005600,0.033333
census_tract,SIM3,36085014700,0.016667
census_tract,SIM3,36085016901,0.033333
census_tract,SIM3,36061002500,0.016667
census_tract,Q47,36081028900,0.092308
census_tract,Q47,36081067700,0.046154
census_tract,Q47,36081030904,0.076923
census_tract,Q47,36081049900,0.061538
census_tract,Q47,36081024300,0.030769
census_tract,Q47,36081050700,0.030769
census_tract,Q47,36081030903,0.107692
census_tract,Q47,36081062100,0.030769
census_tract,Q47,36081026700,0.061538
census_tract,Q47,36081048302,0.046154
census_tract,Q47,36081032900,0.046154
census_tract,Q47,36081067100,0.030769
census_tract,Q47,36081065703,0.015385
census_tract,Q47,36081049700,0.015385
census_tract,Q47,36081026502,0.015385
census_tract,Q47,36081048900,0.046154
census_tract,Q47,36081066302,0.030769
census_tract,Q47,36081066301,0.015385
census_tract,Q47,36081065501,0.061538
census_tract,Q47,36081034700,0.076923
census_tract,Q47,36081063700,0.015385
census_tract,Q47,36081049301,0.015385
census_tract,Q47,36081035700,0.015385
census_tract,Q47,36081047900,0.015385
census_tract,Q41,36081089201,0.231884
census_tract,Q41,36081019800,0.043478
census_tract,Q41,36081016400,0.028986
census_tract,Q41,36081046000,0.028986
census_tract,Q41,36081020200,0.014493
census_tract,Q41,36081006202,0.014493
census_tract,Q41,36081005800,0.043478
census_tract,Q41,36081010000,0.028986
census_tract,Q41,36081017000,0.043478
census_tract,Q41,36081020800,0.072464
census_tract,Q41,36081008800,0.028986
census_tract,Q41,36081009400,0.043478
census_tract,Q41,36081019600,0.028986
census_tract,Q41,36081006201,0.057971
census_tract,Q41,36081021200,0.028986
census_tract,Q41,36081020400,0.043478
census_tract,Q41,36081008600,0.043478
census_tract,Q41,36081010600,0.014493
census_tract,Q41,36081005400,0.014493
census_tract,Q41,36081044601,0.057971
census_tract,Q41,36081004002,0.014493
census_tract,Q41,36081086400,0.014493
census_tract,Q41,36081010400,0.014493
census_tract,Q41,36081016600,0.014493
census_tract,Q41,36081024000,0.014493
census_tract,Q41,36081010200,0.014493
census_tract,S62,36085029102,0.192982
census_tract,S62,36085029104,0.026316
census_tract,S62,36085005902,0.035088
census_tract,S62,36085007500,0.017544
census_tract,S62,36085001700,0.035088
census_tract,S62,36085018901,0.122807
census_tract,S62,36085022802,0.017544
census_tract,S62,36085004700,0.017544
census_tract,S62,36085027301,0.052632
census_tract,S62,36085005901,0.026316
census_tract,S62,36085014700,0.061404
census_tract,S62,36085018701,0.026316
census_tract,S62,36085003300,0.026316
census_tract,S62,36085003900,0.035088
census_tract,S62,36085015100,0.035088
census_tract,S62,36085000300,0.070175
census_tract,S62,36085016901,0.061404
census_tract,S62,36085029105,0.096491
census_tract,S62,36085002100,0.008772
census_tract,S62,36085025100,0.017544
census_tract,S62,36085001100,0.017544
census_tract,S96,36085023100,0.125
census_tract,S96,36085031901,0.083333
census_tract,S96,36085020702,0.055556
census_tract,S96,36085010500,0.027778
census_tract,S96,36085029102,0.111111
census_tract,S96,36085021300,0.097222
census_tract,S96,36085029105,0.097222
census_tract,S96,36085020701,0.055556
census_tract,S96,36085013301,0.013889
census_tract,S96,36085032300,0.055556
census_tract,S96,36085029104,0.027778
census_tract,S96,36085000300,0.055556
census_tract,S96,36085006700,0.055556
census_tract,S96,36085030301,0.013889
census_tract,S96,36085030302,0.013889
census_tract,S96,36085013302,0.041667
census_tract,S96,36085023900,0.055556
census_tract,S96,36085002100,0.013889
census_tract,Q10,36081018000,0.023256
census_tract,Q10,36081021601,0.046512
census_tract,Q10,36081013600,0.023256
census_tract,Q10,36081084602,0.093023
census_tract,Q10,36081010600,0.046512
census_tract,Q10,36081017800,0.023256
census_tract,Q10,36081071600,0.162791
census_tract,Q10,36081013400,0.023256
census_tract,Q10,36081081800,0.162791
census_tract,Q10,36081015802,0.023256
census_tract,Q10,36081084000,0.046512
census_tract,Q10,36081015600,0.023256
census_tract,Q10,36081012000,0.046512
census_tract,Q10,36081077500,0.023256
census_tract,Q10,36081016600,0.069767
census_tract,Q10,36081012200,0.023256
census_tract,Q10,36081013800,0.023256
census_tract,Q10,36081010200,0.046512
census_tract,Q10,36081014400,0.023256
census_tract,Q10,36081016800,0.023256
census_tract,Q10,36081014800,0.023256
census_tract,SIM5,36061031704,0.013699
census_tract,SIM5,36061001501,0.054795
census_tract,SIM5,36085011201,0.041096
census_tract,SIM5,36047012200,0.013699
census_tract,SIM5,36047016400,0.013699
census_tract,SIM5,36061000900,0.041096
census_tract,SIM5,36085017012,0.027397
census_tract,SIM5,36085012200,0.013699
census_tract,SIM5,36085015603,0.027397
census_tract,SIM5,36085007400,0.054795
census_tract,SIM5,36085012806,0.027397
census_tract,SIM5,36085013203,0.082192
census_tract,SIM5,36085013201,0.013699
census_tract,SIM5,36061000700,0.041096
census_tract,SIM5,36085013204,0.041096
census_tract,SIM5,36085007002,0.054795
census_tract,SIM5,36047005900,0.013699
census_tract,SIM5,36085014607,0.027397
census_tract,SIM5,36047012600,0.013699
census_tract,SIM5,36085014604,0.013699
census_tract,SIM5,36085013400,0.027397
census_tract,SIM5,36085015601,0.013699
census_tract,SIM5,36047007200,0.013699
census_tract,SIM5,36085012804,0.027397
census_tract,SIM5,36085015400,0.041096
census_tract,SIM5,36085011203,0.068493
census_tract,SIM5,36085014605,0.013699
census_tract,SIM5,36085014608,0.041096
census_tract,SIM5,36085012805,0.013699
census_tract,SIM5,36047013600,0.013699
census_tract,SIM5,36061031900,0.013699
census_tract,SIM5,36047012000,0.013699
census_tract,SIM5,36061001300,0.013699
census_tract,SIM5,36047001801,0.013699
census_tract,SIM5,36085011204,0.013699
census_tract,SIM5,36085002002,0.013699
census_tract,SIM5,36085002001,0.013699
census_tract,QM35,36081138502,0.047619
census_tract,QM35,36081133300,0.079365
census_tract,QM35,36081155104,0.015873
census_tract,QM35,36081137700,0.079365
census_tract,QM35,36081127700,0.031746
census_tract,QM35,36081152902,0.126984
census_tract,QM35,36081157902,0.015873
census_tract,QM35,36081129103,0.047619
census_tract,QM35,36081155103,0.063492
census_tract,QM35,36081134702,0.031746
census_tract,QM35,36081124100,0.031746
census_tract,QM35,36081136700,0.079365
census_tract,QM35,36081134701,0.031746
census_tract,QM35,36081077904,0.015873
census_tract,QM35,36081152901,0.031746
census_tract,QM35,36081126500,0.015873
census_tract,QM35,36061010801,0.015873
census_tract,QM35,36081150701,0.015873
census_tract,QM35,36081077903,0.015873
census_tract,QM35,36061008800,0.015873
census_tract,QM35,36061009800,0.015873
census_tract,QM35,36081077905,0.047619
census_tract,QM35,36081125700,0.015873
census_tract,QM35,36081150702,0.015873
census_tract,QM35,36061007800,0.015873
census_tract,QM35,36081138501,0.015873
census_tract,QM35,36081129104,0.015873
census_tract,QM35,36081124700,0.015873
census_tract,QM35,36081126700,0.015873
census_tract,QM35,36081128300,0.015873
census_tract,Q101,36081005500,0.022222
census_tract,Q101,36081012301,0.066667
census_tract,Q101,36081012100,0.044444
census_tract,Q101,36081001901,0.044444
census_tract,Q101,36081015700,0.111111
census_tract,Q101,36081011700,0.044444
census_tract,Q101,36081000701,0.066667
census_tract,Q101,36081014700,0.022222
census_tract,Q101,36081015500,0.088889
census_tract,Q101,36081000101,0.088889
census_tract,Q101,36081014300,0.044444
census_tract,Q101,36081017102,0.066667
census_tract,Q101,36081006502,0.022222
census_tract,Q101,36081011900,0.044444
census_tract,Q101,36081000702,0.044444
census_tract,Q101,36081001902,0.088889
census_tract,Q101,36081013700,0.022222
census_tract,Q101,36081003100,0.022222
census_tract,Q101,36081014900,0.022222
census_tract,Q101,36081014100,0.022222
census_tract,Q37,36081064102,0.040816
census_tract,Q37,36081084000,0.061224
census_tract,Q37,36081011800,0.061224
census_tract,Q37,36081081800,0.061224
census_tract,Q37,36081077300,0.122449
census_tract,Q37,36081010000,0.163265
census_tract,Q37,36081013000,0.122449
census_tract,Q37,36081086400,0.061224
census_tract,Q37,36081083800,0.122449
census_tract,Q37,36081077500,0.040816
census_tract,Q37,36081012601,0.061224
census_tract,Q37,36081012400,0.040816
census_tract,Q37,36081008600,0.020408
census_tract,Q37,36081010200,0.020408
census_tract,Q61,36081099100,0.15625
census_tract,Q61,36081102900,0.15625
census_tract,Q61,36081086900,0.15625
census_tract,Q61,36081098700,0.09375
census_tract,Q61,36081104700,0.125
census_tract,Q61,36081103300,0.0625
census_tract,Q61,36081088902,0.0625
census_tract,Q61,36081087100,0.09375
census_tract,Q61,36081088903,0.09375
census_tract,SIM32,36085029102,0.222222
census_tract,SIM32,36061003300,0.066667
census_tract,SIM32,36061001300,0.111111
census_tract,SIM32,36085029105,0.111111
census_tract,SIM32,36085027301,0.066667
census_tract,SIM32,36061002100,0.066667
census_tract,SIM32,36085029104,0.044444
census_tract,SIM32,36085018704,0.022222
census_tract,SIM32,36047012600,0.022222
census_tract,SIM32,36085018902,0.044444
census_tract,SIM32,36047012000,0.022222
census_tract,SIM32,36085018901,0.044444
census_tract,SIM32,36085018703,0.022222
census_tract,SIM32,36085017701,0.022222
census_tract,SIM32,36085016901,0.022222
census_tract,SIM32,36085018701,0.044444
census_tract,SIM32,36061031900,0.022222
census_tract,SIM32,36085017300,0.022222
census_tract,Q51,36081042400,0.071429
census_tract,Q51,36081010200,0.071429
census_tract,Q51,36081053000,0.035714
census_tract,Q51,36081019000,0.035714
census_tract,Q51,36081043200,0.071429
census_tract,Q51,36081037600,0.035714
census_tract,Q51,36081053200,0.035714
census_tract,Q51,36081026400,0.035714
census_tract,Q51,36081019400,0.035714
census_tract,Q51,36081038400,0.107143
census_tract,Q51,36081042600,0.035714
census_tract,Q51,36081019200,0.035714
census_tract,Q51,36081036600,0.035714
census_tract,Q51,36081027600,0.035714
census_tract,Q51,36081027200,0.035714
census_tract,Q51,36081039800,0.035714
census_tract,Q51,36081086400,0.035714
census_tract,Q51,36081004002,0.071429
census_tract,Q51,36081017400,0.035714
census_tract,Q51,36081039400,0.035714
census_tract,Q51,36081009400,0.035714
census_tract,Q51,36081017200,0.035714
census_tract,M55,36061006300,0.089552
census_tract,M55,36061003300,0.089552
census_tract,M55,36061007600,0.074627
census_tract,M55,36061005900,0.029851
census_tract,M55,36061004700,0.044776
census_tract,M55,36061005800,0.074627
census_tract,M55,36061001300,0.089552
census_tract,M55,36061002100,0.089552
census_tract,M55,36061008400,0.074627
census_tract,M55,36061005400,0.074627
census_tract,M55,36061009600,0.044776
census_tract,M55,36061006500,0.029851
census_tract,M55,36061005700,0.029851
census_tract,M55,36061004900,0.059701
census_tract,M55,36061000900,0.044776
census_tract,M55,36061003700,0.014925
census_tract,M55,36061005501,0.029851
census_tract,M55,36061031900,0.014925
census_tract,S42,36085000900,0.139535
census_tract,S42,36085007700,0.302326
census_tract,S42,36085000700,0.232558
census_tract,S42,36085006700,0.046512
census_tract,S42,36085000300,0.186047
census_tract,S42,36085008100,0.069767
census_tract,S42,36085007500,0.023256
census_tract,T102,36005003900,0.125
census_tract,T102,36005008300,0.125
census_tract,T102,36005008900,0.1875
census_tract,T102,36005002702,0.125
census_tract,T102,36005008500,0.0625
census_tract,T102,36061019600,0.125
census_tract,T102,36005002500,0.0625
census_tract,T102,36005003100,0.0625
census_tract,T102,36005003300,0.0625
census_tract,T102,36005002300,0.0625
census_tract,Q5,36081044400,0.032258
census_tract,Q5,36081042600,0.048387
census_tract,Q5,36081061800,0.080645
census_tract,Q5,36081062600,0.048387
census_tract,Q5,36081065600,0.032258
census_tract,Q5,36081028200,0.048387
census_tract,Q5,36081065401,0.048387
census_tract,Q5,36081063800,0.145161
census_tract,Q5,36081041400,0.048387
census_tract,Q5,36081061602,0.032258
census_tract,Q5,36081024600,0.016129
census_tract,Q5,36081044601,0.016129
census_tract,Q5,36081025800,0.016129
census_tract,Q5,36081043200,0.032258
census_tract,Q5,36081035200,0.048387
census_tract,Q5,36081033401,0.032258
census_tract,Q5,36081026600,0.032258
census_tract,Q5,36081036600,0.032258
census_tract,Q5,36081020800,0.032258
census_tract,Q5,36081063200,0.048387
census_tract,Q5,36081025402,0.048387
census_tract,Q5,36081035800,0.032258
census_tract,Q5,36081043400,0.016129
census_tract,Q5,36081063000,0.016129
census_tract,Q5,36081044000,0.016129
census_tract,QM7,36061001501,0.096774
census_tract,QM7,36081127700,0.064516
census_tract,QM7,36081133300,0.096774
census_tract,QM7,36061000900,0.064516
census_tract,QM7,36061007001,0.032258
census_tract,QM7,36081124100,0.064516
census_tract,QM7,36081077904,0.032258
census_tract,QM7,36081134701,0.129032
census_tract,QM7,36061007800,0.032258
census_tract,QM7,36061000700,0.064516
census_tract,QM7,36081126500,0.032258
census_tract,QM7,36081077903,0.032258
census_tract,QM7,36081077905,0.096774
census_tract,QM7,36061001300,0.064516
census_tract,QM7,36081125700,0.032258
census_tract,QM7,36081124700,0.032258
census_tract,QM7,36081126700,0.032258
census_tract,S44,36085023900,0.042735
census_tract,S44,36085000700,0.08547
census_tract,S44,36085008100,0.111111
census_tract,S44,36085030301,0.051282
census_tract,S44,36085009702,0.008547
census_tract,S44,36085021300,0.076923
census_tract,S44,36085009701,0.025641
census_tract,S44,36085013302,0.059829
census_tract,S44,36085029104,0.059829
census_tract,S44,36085027301,0.034188
census_tract,S44,36085020100,0.008547
census_tract,S44,36085027702,0.076923
census_tract,S44,36085006700,0.017094
census_tract,S44,36085024700,0.042735
census_tract,S44,36085030302,0.025641
census_tract,S44,36085010500,0.08547
census_tract,S44,36085012500,0.025641
census_tract,S44,36085022802,0.017094
census_tract,S44,36085000300,0.034188
census_tract,S44,36085014100,0.017094
census_tract,S44,36085029105,0.025641
census_tract,S44,36085029106,0.042735
census_tract,S44,36085027706,0.025641
census_tract,T403,36047025901,0.045455
census_tract,T403,36047050900,0.090909
census_tract,T403,36047056500,0.045455
census_tract,T403,36081001901,0.181818
census_tract,T403,36047056900,0.090909
census_tract,T403,36047056301,0.045455
census_tract,T403,36047057500,0.045455
census_tract,T403,36047024100,0.045455
census_tract,T403,36081000702,0.090909
census_tract,T403,36047050100,0.090909
census_tract,T403,36047053102,0.045455
census_tract,T403,36047025700,0.045455
census_tract,T403,36047025100,0.045455
census_tract,T403,36047024300,0.045455
census_tract,T403,36047051300,0.045455
census_tract,Q29,36081047500,0.026316
census_tract,Q29,36081026901,0.105263
census_tract,Q29,36081027101,0.026316
census_tract,Q29,36081067700,0.078947
census_tract,Q29,36081046100,0.052632
census_tract,Q29,36081062100,0.078947
census_tract,Q29,36081063302,0.026316
census_tract,Q29,36081066301,0.131579
census_tract,Q29,36081065703,0.026316
census_tract,Q29,36081045700,0.026316
census_tract,Q29,36081046700,0.026316
census_tract,Q29,36081065501,0.105263
census_tract,Q29,36081068300,0.078947
census_tract,Q29,36081067900,0.052632
census_tract,Q29,36081068700,0.026316
census_tract,Q29,36081045900,0.026316
census_tract,Q29,36081063500,0.078947
census_tract,Q29,36081046901,0.026316
census_tract,SIM35,36085015100,0.05
census_tract,SIM35,36085005901,0.016667
census_tract,SIM35,36085002002,0.033333
census_tract,SIM35,36061001501,0.083333
census_tract,SIM35,36085024700,0.033333
census_tract,SIM35,36047012200,0.016667
census_tract,SIM35,36047016400,0.016667
census_tract,SIM35,36085025100,0.016667
census_tract,SIM35,36085020100,0.05
census_tract,SIM35,36061000900,0.066667
census_tract,SIM35,36085014700,0.15
census_tract,SIM35,36085002001,0.033333
census_tract,SIM35,36047005900,0.016667
census_tract,SIM35,36085020702,0.033333
census_tract,SIM35,36085012100,0.016667
census_tract,SIM35,36061000700,0.033333
census_tract,SIM35,36047013600,0.033333
census_tract,SIM35,36047012600,0.033333
census_tract,SIM35,36085016901,0.033333
census_tract,SIM35,36085004700,0.033333
census_tract,SIM35,36085021300,0.05
census_tract,SIM35,36047007200,0.016667
census_tract,SIM35,36085005000,0.016667
census_tract,SIM35,36085004004,0.016667
census_tract,SIM35,36047005602,0.016667
census_tract,SIM35,36047012000,0.016667
census_tract,SIM35,36047001801,0.05
census_tract,SIM35,36061031900,0.016667
census_tract,Q102,36081005100,0.137931
census_tract,Q102,36061023802,0.206897
census_tract,Q102,36081001901,0.068966
census_tract,Q102,36081003302,0.068966
census_tract,Q102,36081004300,0.068966
census_tract,Q102,36061023804,0.068966
census_tract,Q102,36081003100,0.068966
census_tract,Q102,36081017102,0.034483
census_tract,Q102,36081003900,0.068966
census_tract,Q102,36081004700,0.034483
census_tract,Q102,36081001902,0.068966
census_tract,Q102,36081008500,0.034483
census_tract,Q102,36061023803,0.068966
census_tract,Q20,36081091900,0.012195
census_tract,Q20,36081022002,0.04878
census_tract,Q20,36081044601,0.02439
census_tract,Q20,36081104700,0.036585
census_tract,Q20,36081024600,0.036585
census_tract,Q20,36081088902,0.036585
census_tract,Q20,36081085300,0.036585
census_tract,Q20,36081077906,0.02439
census_tract,Q20,36081021200,0.02439
census_tract,Q20,36081024000,0.02439
census_tract,Q20,36081092500,0.04878
census_tract,Q20,36081084902,0.012195
census_tract,Q20,36081077907,0.02439
census_tract,Q20,36081088903,0.036585
census_tract,Q20,36081079900,0.04878
census_tract,Q20,36081094500,0.036585
census_tract,Q20,36081077903,0.02439
census_tract,Q20,36081077902,0.036585
census_tract,Q20,36081116100,0.036585
census_tract,Q20,36081044400,0.036585
census_tract,Q20,36081080900,0.036585
census_tract,Q20,36081079300,0.036585
census_tract,Q20,36081021400,0.04878
census_tract,Q20,36081090700,0.036585
census_tract,Q20,36081077904,0.02439
census_tract,Q20,36081022001,0.036585
census_tract,Q20,36081079701,0.012195
census_tract,Q20,36081020800,0.012195
census_tract,Q20,36081086900,0.02439
census_tract,Q20,36081079702,0.012195
census_tract,Q20,36081080301,0.02439
census_tract,Q20,36081087100,0.02439
census_tract,Q20,36081080302,0.012195
census_tract,Q20,36081094700,0.012195
census_tract,Q3,36081033401,0.037975
census_tract,Q3,36081039400,0.025316
census_tract,Q3,36081071600,0.316456
census_tract,Q3,36081040400,0.025316
census_tract,Q3,36081036600,0.050633
census_tract,Q3,36081032000,0.050633
census_tract,Q3,36081040200,0.012658
census_tract,Q3,36081048000,0.050633
census_tract,Q3,36081046800,0.012658
census_tract,Q3,36081045800,0.012658
census_tract,Q3,36081047200,0.025316
census_tract,Q3,36081046000,0.050633
census_tract,Q3,36081052400,0.025316
census_tract,Q3,36081037600,0.012658
census_tract,Q3,36081033000,0.063291
census_tract,Q3,36081044400,0.012658
census_tract,Q3,36081050400,0.025316
census_tract,Q3,36081046200,0.025316
census_tract,Q3,36081046600,0.025316
census_tract,Q3,36081052800,0.012658
census_tract,Q3,36081035200,0.025316
census_tract,Q3,36081047000,0.012658
census_tract,Q3,36081040000,0.012658
census_tract,Q3,36081050201,0.012658
census_tract,Q3,36081039800,0.012658
census_tract,Q3,36081052600,0.012658
census_tract,Q3,36081030600,0.025316
census_tract,Q3,36081050000,0.012658
census_tract,Q85,36081044400,0.036364
census_tract,Q85,36081033405,0.090909
census_tract,Q85,36081066402,0.054545
census_tract,Q85,36081065402,0.018182
census_tract,Q85,36081028200,0.036364
census_tract,Q85,36081044601,0.018182
census_tract,Q85,36081033401,0.109091
census_tract,Q85,36081033000,0.109091
census_tract,Q85,36081033404,0.018182
census_tract,Q85,36081041400,0.018182
census_tract,Q85,36081043200,0.018182
census_tract,Q85,36081026600,0.036364
census_tract,Q85,36081033403,0.036364
census_tract,Q85,36081068000,0.054545
census_tract,Q85,36081068200,0.018182
census_tract,Q85,36081065401,0.127273
census_tract,Q85,36081020800,0.036364
census_tract,Q85,36081042600,0.036364
census_tract,Q85,36081024600,0.018182
census_tract,Q85,36081065000,0.018182
census_tract,Q85,36081032800,0.054545
census_tract,Q85,36081043400,0.018182
census_tract,Q85,36081025402,0.018182
census_tract,QM25,36081062900,0.047619
census_tract,QM25,36081066900,0.047619
census_tract,QM25,36081057700,0.047619
census_tract,QM25,36061001501,0.071429
census_tract,QM25,36081058300,0.047619
census_tract,QM25,36081066501,0.047619
census_tract,QM25,36061000900,0.047619
census_tract,QM25,36061001502,0.02381
census_tract,QM25,36061007001,0.02381
census_tract,QM25,36081060300,0.02381
census_tract,QM25,36081061301,0.071429
census_tract,QM25,36081067900,0.02381
census_tract,QM25,36081059300,0.047619
census_tract,QM25,36061007800,0.02381
census_tract,QM25,36061000700,0.02381
census_tract,QM25,36081067100,0.095238
census_tract,QM25,36081058700,0.02381
census_tract,QM25,36081062300,0.02381
census_tract,QM25,36081062500,0.02381
census_tract,QM25,36061001300,0.047619
census_tract,QM25,36081056100,0.02381
census_tract,QM25,36081062700,0.02381
census_tract,QM25,36081066701,0.02381
census_tract,QM25,36081058100,0.047619
census_tract,QM25,36081050500,0.02381
census_tract,QM25,36081050700,0.02381
census_tract,SIM15,36061031704,0.014286
census_tract,SIM15,36085018100,0.057143
census_tract,SIM15,36061001501,0.057143
census_tract,SIM15,36085002002,0.028571
census_tract,SIM15,36085009602,0.028571
census_tract,SIM15,36085013800,0.128571
census_tract,SIM15,36047012200,0.014286
census_tract,SIM15,36047016400,0.014286
census_tract,SIM15,36085017702,0.042857
census_tract,SIM15,36085012200,0.028571
census_tract,SIM15,36085014605,0.014286
census_tract,SIM15,36085017012,0.028571
census_tract,SIM15,36085027900,0.085714
census_tract,SIM15,36085002001,0.028571
census_tract,SIM15,36085014606,0.028571
census_tract,SIM15,36047013600,0.028571
census_tract,SIM15,36047012600,0.028571
census_tract,SIM15,36085017701,0.028571
census_tract,SIM15,36061002100,0.014286
census_tract,SIM15,36047007200,0.014286
census_tract,SIM15,36061001300,0.057143
census_tract,SIM15,36085013400,0.028571
census_tract,SIM15,36085011402,0.014286
census_tract,SIM15,36085005000,0.042857
census_tract,SIM15,36085004004,0.014286
census_tract,SIM15,36085009601,0.014286
census_tract,SIM15,36047005602,0.014286
census_tract,SIM15,36047012000,0.014286
census_tract,SIM15,36061000900,0.028571
census_tract,SIM15,36085013204,0.014286
census_tract,SIM15,36085014607,0.014286
census_tract,SIM15,36061031900,0.014286
census_tract,SIM15,36061000700,0.014286
census_tract,M50,36061012901,0.09375
census_tract,M50,36061012500,0.125
census_tract,M50,36061012700,0.15625
census_tract,M50,36061012902,0.21875
census_tract,M50,36061010000,0.09375
census_tract,M50,36061009800,0.15625
census_tract,M50,36061010200,0.09375
census_tract,M50,36061010400,0.0625
census_tract,QM42,36081071305,0.033333
census_tract,QM42,36081073900,0.033333
census_tract,QM42,36061009800,0.033333
census_tract,QM42,36081071900,0.1
census_tract,QM42,36081071303,0.1
census_tract,QM42,36081071100,0.1
census_tract,QM42,36081074100,0.066667
census_tract,QM42,36081063700,0.033333
census_tract,QM42,36081070300,0.066667
census_tract,QM42,36081064500,0.033333
census_tract,QM42,36081047500,0.033333
census_tract,QM42,36081072100,0.066667
census_tract,QM42,36061007800,0.033333
census_tract,QM42,36081071702,0.066667
census_tract,QM42,36061008800,0.033333
census_tract,QM42,36081072900,0.033333
census_tract,QM42,36081070700,0.033333
census_tract,QM42,36061010801,0.033333
census_tract,QM42,36081068700,0.033333
census_tract,QM42,36081074300,0.033333
census_tract,QM20,36081101700,0.181818
census_tract,QM20,36081099701,0.113636
census_tract,QM20,36081090700,0.022727
census_tract,QM20,36061011202,0.045455
census_tract,QM20,36081104700,0.090909
census_tract,QM20,36081103300,0.045455
census_tract,QM20,36081108500,0.022727
census_tract,QM20,36061010400,0.022727
census_tract,QM20,36061009600,0.045455
census_tract,QM20,36061008400,0.045455
census_tract,QM20,36061011203,0.045455
census_tract,QM20,36061007400,0.022727
census_tract,QM20,36081088902,0.068182
census_tract,QM20,36081099704,0.113636
census_tract,QM20,36061007200,0.022727
census_tract,QM20,36081088903,0.068182
census_tract,QM20,36061007600,0.022727
census_tract,X28,36061003300,0.05
census_tract,X28,36047017600,0.025
census_tract,X28,36061001300,0.0625
census_tract,X28,36047015400,0.05
census_tract,X28,36047029400,0.05
census_tract,X28,36047034200,0.0625
census_tract,X28,36061007600,0.025
census_tract,X28,36061006100,0.0125
census_tract,X28,36061008200,0.025
census_tract,X28,36047016600,0.0125
census_tract,X28,36047001801,0.0125
census_tract,X28,36061006300,0.025
census_tract,X28,36061002100,0.05
census_tract,X28,36047034000,0.025
census_tract,X28,36047030400,0.025
census_tract,X28,36047031401,0.05
census_tract,X28,36047028600,0.025
census_tract,X28,36061011202,0.025
census_tract,X28,36047015000,0.0125
census_tract,X28,36061004900,0.0125
census_tract,X28,36061009400,0.0125
census_tract,X28,36061005700,0.0125
census_tract,X28,36047017000,0.025
census_tract,X28,36061031704,0.0125
census_tract,X28,36061005800,0.0125
census_tract,X28,36047017200,0.0125
census_tract,X28,36061010400,0.0125
census_tract,X28,36047014200,0.0125
census_tract,X28,36061005600,0.025
census_tract,X28,36061007400,0.025
census_tract,X28,36047015200,0.0125
census_tract,X28,36061031900,0.0125
census_tract,X28,36061004700,0.0125
census_tract,X28,36047032600,0.0375
census_tract,X28,36047016800,0.0125
census_tract,X28,36047014000,0.0125
census_tract,X28,36047034800,0.0125
census_tract,X28,36047035200,0.0125
census_tract,X28,36061010200,0.0125
census_tract,X28,36061009600,0.0125
census_tract,X28,36047032800,0.0125
census_tract,X28,36047017400,0.0125
census_tract,X28,36061008400,0.0125
census_tract,X28,36047012600,0.0125
census_tract,QM16,36081089201,0.111111
census_tract,QM16,36061011201,0.027778
census_tract,QM16,36081093800,0.111111
census_tract,QM16,36081093401,0.055556
census_tract,QM16,36081091800,0.055556
census_tract,QM16,36081092200,0.055556
census_tract,QM16,36081107201,0.111111
census_tract,QM16,36061007200,0.027778
census_tract,QM16,36081092800,0.111111
census_tract,QM16,36061007400,0.027778
census_tract,QM16,36081094201,0.055556
census_tract,QM16,36081093402,0.055556
census_tract,QM16,36061009600,0.027778
census_tract,QM16,36061007600,0.055556
census_tract,QM16,36061011203,0.027778
census_tract,QM16,36061011202,0.027778
census_tract,QM16,36061010400,0.027778
census_tract,QM16,36061008400,0.027778
census_tract,SIM23,36061007600,0.068182
census_tract,SIM23,36061009400,0.045455
census_tract,SIM23,36085017600,0.136364
census_tract,SIM23,36061010900,0.022727
census_tract,SIM23,36061011202,0.022727
census_tract,SIM23,36085017011,0.045455
census_tract,SIM23,36061010100,0.045455
census_tract,SIM23,36085017013,0.045455
census_tract,SIM23,36061010300,0.022727
census_tract,SIM23,36085017005,0.045455
census_tract,SIM23,36085020806,0.022727
census_tract,SIM23,36061009600,0.045455
census_tract,SIM23,36061011201,0.022727
census_tract,SIM23,36085017009,0.045455
census_tract,SIM23,36061010200,0.022727
census_tract,SIM23,36085017007,0.068182
census_tract,SIM23,36061007400,0.022727
census_tract,SIM23,36061011100,0.045455
census_tract,SIM23,36085022602,0.022727
census_tract,SIM23,36085015602,0.045455
census_tract,SIM23,36085017015,0.022727
census_tract,SIM23,36061008400,0.022727
census_tract,SIM23,36061008200,0.022727
census_tract,SIM23,36061010400,0.022727
census_tract,SIM23,36061011700,0.022727
census_tract,SIM23,36085022801,0.022727
census_tract,QM21,36081027800,0.041667
census_tract,QM21,36081021601,0.083333
census_tract,QM21,36061005600,0.083333
census_tract,QM21,36081033404,0.083333
census_tract,QM21,36081019000,0.041667
census_tract,QM21,36061009400,0.083333
census_tract,QM21,36081022001,0.041667
census_tract,QM21,36081033403,0.083333
census_tract,QM21,36081019400,0.041667
census_tract,QM21,36061010200,0.041667
census_tract,QM21,36061007400,0.041667
census_tract,QM21,36081028802,0.041667
census_tract,QM21,36081019200,0.041667
census_tract,QM21,36061008200,0.041667
census_tract,QM21,36081027200,0.041667
census_tract,QM21,36061011203,0.041667
census_tract,QM21,36081033405,0.125
census_tract,T410,36081058700,0.041667
census_tract,T410,36047028501,0.041667
census_tract,T410,36081060701,0.041667
census_tract,T410,36081061301,0.083333
census_tract,T410,36047042300,0.041667
census_tract,T410,36047028700,0.041667
census_tract,T410,36047038900,0.083333
census_tract,T410,36047043900,0.083333
census_tract,T410,36081054900,0.083333
census_tract,T410,36047052700,0.041667
census_tract,T410,36081058500,0.041667
census_tract,T410,36047049100,0.041667
census_tract,T410,36047052900,0.083333
census_tract,T410,36047043100,0.083333
census_tract,T410,36047042100,0.041667
census_tract,T410,36047050900,0.041667
census_tract,T410,36081058900,0.041667
census_tract,T410,36047052500,0.041667
census_tract,Q72,36081068300,0.057143
census_tract,Q72,36081037501,0.028571
census_tract,Q72,36081035700,0.085714
census_tract,Q72,36081044302,0.057143
census_tract,Q72,36081033100,0.085714
census_tract,Q72,36081071701,0.085714
census_tract,Q72,36081035300,0.114286
census_tract,Q72,36081036100,0.028571
census_tract,Q72,36081027302,0.028571
census_tract,Q72,36081046300,0.028571
census_tract,Q72,36081034700,0.114286
census_tract,Q72,36081037502,0.085714
census_tract,Q72,36081045500,0.028571
census_tract,Q72,36081027301,0.028571
census_tract,Q72,36081046500,0.028571
census_tract,Q72,36081071702,0.028571
census_tract,Q72,36081046100,0.028571
census_tract,Q72,36081041100,0.028571
census_tract,Q72,36081045700,0.028571
census_tract,QM15,36081089201,0.163934
census_tract,QM15,36061011201,0.016393
census_tract,QM15,36081094203,0.032787
census_tract,QM15,36081006202,0.016393
census_tract,QM15,36081005800,0.016393
census_tract,QM15,36081003800,0.016393
census_tract,QM15,36081107201,0.065574
census_tract,QM15,36061007200,0.016393
census_tract,QM15,36081094202,0.032787
census_tract,QM15,36081088400,0.065574
census_tract,QM15,36081068700,0.016393
census_tract,QM15,36061007400,0.016393
census_tract,QM15,36081063700,0.016393
census_tract,QM15,36081067900,0.032787
census_tract,QM15,36081006201,0.065574
census_tract,QM15,36081096400,0.016393
census_tract,QM15,36081069500,0.016393
census_tract,QM15,36081063900,0.032787
census_tract,QM15,36081064102,0.016393
census_tract,QM15,36061009600,0.016393
census_tract,QM15,36081005400,0.016393
census_tract,QM15,36081064101,0.016393
census_tract,QM15,36081001800,0.016393
census_tract,QM15,36081001400,0.016393
census_tract,QM15,36061007600,0.032787
census_tract,QM15,36061011203,0.016393
census_tract,QM15,36081004001,0.016393
census_tract,QM15,36081002000,0.032787
census_tract,QM15,36081095400,0.016393
census_tract,QM15,36081008600,0.016393
census_tract,QM15,36061011202,0.016393
census_tract,QM15,36061010400,0.016393
census_tract,QM15,36061008400,0.016393
census_tract,QM15,36081070300,0.016393
census_tract,QM15,36081008800,0.016393
census_tract,QM15,36081097205,0.016393
census_tract,QM15,36081097204,0.016393
census_tract,T113,36005024800,0.125
census_tract,T113,36005025200,0.0625
census_tract,T113,36005035800,0.0625
census_tract,T113,36005035000,0.0625
census_tract,T113,36005048401,0.1875
census_tract,T113,36005022000,0.125
census_tract,T113,36005029600,0.0625
census_tract,T113,36005046208,0.0625
census_tract,T113,36005025400,0.0625
census_tract,T113,36005028800,0.125
census_tract,T113,36005025000,0.0625
census_tract,M98,36061013800,0.028571
census_tract,M98,36061027300,0.228571
census_tract,M98,36061026300,0.085714
census_tract,M98,36061028100,0.085714
census_tract,M98,36061019800,0.028571
census_tract,M98,36061015801,0.028571
census_tract,M98,36061026500,0.057143
census_tract,M98,36061014601,0.028571
census_tract,M98,36061026100,0.085714
census_tract,M98,36061011800,0.028571
census_tract,M98,36061015602,0.028571
census_tract,M98,36061012000,0.028571
census_tract,M98,36061014000,0.028571
census_tract,M98,36061014801,0.028571
census_tract,M98,36061012800,0.028571
census_tract,M98,36061017200,0.028571
census_tract,M98,36061018200,0.028571
census_tract,M98,36061012602,0.028571
census_tract,M98,36061018800,0.028571
census_tract,M98,36061024200,0.028571
census_tract,M98,36061017000,0.028571
census_tract,Q49,36081028300,0.066667
census_tract,Q49,36081028700,0.033333
census_tract,Q49,36081036500,0.066667
census_tract,Q49,36081027702,0.166667
census_tract,Q49,36081032900,0.033333
census_tract,Q49,36081028900,0.1
census_tract,Q49,36081026700,0.066667
census_tract,Q49,36081034700,0.066667
census_tract,Q49,36081028100,0.066667
census_tract,Q49,36081033900,0.1
census_tract,Q49,36081036100,0.066667
census_tract,Q49,36081035100,0.033333
census_tract,Q49,36081035300,0.033333
census_tract,Q49,36081028500,0.033333
census_tract,Q49,36081036300,0.033333
census_tract,Q49,36081027900,0.033333
census_tract,M72,36061012601,0.052632
census_tract,M72,36061015301,0.052632
census_tract,M72,36061015900,0.157895
census_tract,M72,36061012800,0.078947
census_tract,M72,36061012400,0.078947
census_tract,M72,36061015502,0.052632
census_tract,M72,36061012602,0.052632
census_tract,M72,36061012200,0.105263
census_tract,M72,36061015700,0.131579
census_tract,M72,36061013000,0.052632
census_tract,M72,36061014300,0.131579
census_tract,M72,36061015102,0.052632
census_tract,Q80,36081021601,0.090909
census_tract,Q80,36081013600,0.030303
census_tract,Q80,36081010600,0.060606
census_tract,Q80,36081013200,0.030303
census_tract,Q80,36081083800,0.060606
census_tract,Q80,36081084601,0.060606
census_tract,Q80,36081013400,0.030303
census_tract,Q80,36081071600,0.060606
census_tract,Q80,36081015802,0.030303
census_tract,Q80,36081015600,0.030303
census_tract,Q80,36081012000,0.060606
census_tract,Q80,36081077500,0.060606
census_tract,Q80,36081016600,0.090909
census_tract,Q80,36081012200,0.060606
census_tract,Q80,36081077300,0.030303
census_tract,Q80,36081013800,0.030303
census_tract,Q80,36081010200,0.060606
census_tract,Q80,36081014400,0.060606
census_tract,Q80,36081014000,0.030303
census_tract,Q80,36081014800,0.030303
census_tract,QM8,36081138502,0.041667
census_tract,QM8,36081155104,0.013889
census_tract,QM8,36081133300,0.069444
census_tract,QM8,36081137700,0.069444
census_tract,QM8,36061001501,0.041667
census_tract,QM8,36081127700,0.027778
census_tract,QM8,36081152902,0.111111
census_tract,QM8,36081157902,0.013889
census_tract,QM8,36061000900,0.027778
census_tract,QM8,36061007001,0.013889
census_tract,QM8,36081129103,0.041667
census_tract,QM8,36081155103,0.055556
census_tract,QM8,36081136700,0.069444
census_tract,QM8,36081124100,0.027778
census_tract,QM8,36081134702,0.027778
census_tract,QM8,36081077904,0.013889
census_tract,QM8,36081134701,0.055556
census_tract,QM8,36061007800,0.013889
census_tract,QM8,36061000700,0.027778
census_tract,QM8,36081152901,0.027778
census_tract,QM8,36081126500,0.013889
census_tract,QM8,36081077903,0.013889
census_tract,QM8,36081150701,0.013889
census_tract,QM8,36081077905,0.041667
census_tract,QM8,36061001300,0.027778
census_tract,QM8,36081150702,0.013889
census_tract,QM8,36081125700,0.013889
census_tract,QM8,36081138501,0.013889
census_tract,QM8,36081129104,0.013889
census_tract,QM8,36081124700,0.013889
census_tract,QM8,36081126700,0.013889
census_tract,QM8,36081128300,0.013889
census_tract,Q112,36081010400,0.017857
census_tract,Q112,36081015801,0.053571
census_tract,Q112,36081044601,0.035714
census_tract,Q112,36081009400,0.017857
census_tract,Q112,36081020400,0.071429
census_tract,Q112,36081024600,0.089286
census_tract,Q112,36081010000,0.017857
census_tract,Q112,36081005400,0.053571
census_tract,Q112,36081015802,0.071429
census_tract,Q112,36081009800,0.053571
census_tract,Q112,36081004401,0.053571
census_tract,Q112,36081025402,0.017857
census_tract,Q112,36081024000,0.017857
census_tract,Q112,36081011200,0.017857
census_tract,Q112,36081005800,0.071429
census_tract,Q112,36081010600,0.035714
census_tract,Q112,36047120000,0.035714
census_tract,Q112,36081023600,0.035714
census_tract,Q112,36081004002,0.017857
census_tract,Q112,36047119600,0.035714
census_tract,Q112,36047120200,0.035714
census_tract,Q112,36081008600,0.017857
census_tract,Q112,36081019800,0.017857
census_tract,Q112,36081009600,0.017857
census_tract,Q112,36081020600,0.017857
census_tract,Q112,36081005000,0.017857
census_tract,Q112,36081015200,0.017857
census_tract,Q112,36081025401,0.017857
census_tract,Q112,36081020200,0.017857
census_tract,SIM9,36085011201,0.05
census_tract,SIM9,36085015603,0.066667
census_tract,SIM9,36061003900,0.033333
census_tract,SIM9,36061031703,0.033333
census_tract,SIM9,36061005501,0.016667
census_tract,SIM9,36061002100,0.016667
census_tract,SIM9,36085015601,0.05
census_tract,SIM9,36085012200,0.016667
census_tract,SIM9,36085007400,0.066667
census_tract,SIM9,36085012806,0.033333
census_tract,SIM9,36085013201,0.016667
census_tract,SIM9,36085013204,0.05
census_tract,SIM9,36085007002,0.066667
census_tract,SIM9,36061001300,0.016667
census_tract,SIM9,36085013203,0.05
census_tract,SIM9,36047012600,0.016667
census_tract,SIM9,36061005700,0.016667
census_tract,SIM9,36085013400,0.033333
census_tract,SIM9,36061006900,0.016667
census_tract,SIM9,36085012804,0.033333
census_tract,SIM9,36085015400,0.05
census_tract,SIM9,36085011203,0.083333
census_tract,SIM9,36085012805,0.016667
census_tract,SIM9,36061003700,0.033333
census_tract,SIM9,36047012000,0.016667
census_tract,SIM9,36061006100,0.016667
census_tract,SIM9,36085011204,0.016667
census_tract,SIM9,36061006300,0.016667
census_tract,SIM9,36085002002,0.016667
census_tract,SIM9,36061005400,0.016667
census_tract,SIM9,36061006700,0.016667
census_tract,Q8,36081046000,0.042254
census_tract,Q8,36081010800,0.042254
census_tract,Q8,36081003800,0.056338
census_tract,Q8,36081044601,0.056338
census_tract,Q8,36047120200,0.028169
census_tract,Q8,36047121000,0.070423
census_tract,Q8,36081015200,0.028169
census_tract,Q8,36081004200,0.028169
census_tract,Q8,36081020800,0.070423
census_tract,Q8,36081011200,0.014085
census_tract,Q8,36047111600,0.014085
census_tract,Q8,36047119400,0.028169
census_tract,Q8,36047118800,0.042254
census_tract,Q8,36081020600,0.028169
census_tract,Q8,36081011600,0.014085
census_tract,Q8,36081024000,0.028169
census_tract,Q8,36081005200,0.042254
census_tract,Q8,36081015600,0.028169
census_tract,Q8,36081011800,0.014085
census_tract,Q8,36047119600,0.028169
census_tract,Q8,36047120000,0.028169
census_tract,Q8,36047107001,0.098592
census_tract,Q8,36047122000,0.028169
census_tract,Q8,36081015400,0.028169
census_tract,Q8,36081011000,0.028169
census_tract,Q8,36081004001,0.042254
census_tract,Q8,36081012000,0.014085
census_tract,Q8,36081021200,0.014085
census_tract,Q8,36047107800,0.014085
census_tract,Q13,36081118500,0.02439
census_tract,Q13,36081112300,0.097561
census_tract,Q13,36081085300,0.04878
census_tract,Q13,36081109700,0.04878
census_tract,Q13,36081099703,0.121951
census_tract,Q13,36081144700,0.02439
census_tract,Q13,36081099704,0.097561
census_tract,Q13,36081117100,0.02439
census_tract,Q13,36081145900,0.02439
census_tract,Q13,36081146300,0.073171
census_tract,Q13,36081146700,0.097561
census_tract,Q13,36081099900,0.04878
census_tract,Q13,36081118700,0.02439
census_tract,Q13,36081085700,0.02439
census_tract,Q13,36081109300,0.073171
census_tract,Q13,36081117500,0.02439
census_tract,Q13,36081085500,0.02439
census_tract,Q13,36081145101,0.02439
census_tract,Q13,36081112900,0.02439
census_tract,Q13,36081116700,0.02439
census_tract,Q13,36081087100,0.02439
census_tract,T232,36061001600,0.166667
census_tract,T232,36061006500,0.333333
census_tract,T232,36061005502,0.166667
census_tract,T232,36061004300,0.166667
census_tract,T232,36061001800,0.166667
census_tract,SIM22,36061011900,0.051282
census_tract,SIM22,36085017007,0.076923
census_tract,SIM22,36061011203,0.051282
census_tract,SIM22,36085015602,0.076923
census_tract,SIM22,36061012101,0.025641
census_tract,SIM22,36085022801,0.102564
census_tract,SIM22,36085014604,0.051282
census_tract,SIM22,36085017012,0.076923
census_tract,SIM22,36085015601,0.051282
census_tract,SIM22,36061011700,0.025641
census_tract,SIM22,36085014607,0.025641
census_tract,SIM22,36085020806,0.051282
census_tract,SIM22,36061008200,0.025641
census_tract,SIM22,36061011202,0.025641
census_tract,SIM22,36085017011,0.051282
census_tract,SIM22,36061009200,0.025641
census_tract,SIM22,36085015603,0.025641
census_tract,SIM22,36061009400,0.051282
census_tract,SIM22,36061008400,0.025641
census_tract,SIM22,36061011300,0.025641
census_tract,SIM22,36061010200,0.025641
census_tract,SIM22,36061010000,0.025641
census_tract,SIM22,36061011500,0.025641
census_tract,T426,36047113400,0.0625
census_tract,T426,36047092000,0.0625
census_tract,T426,36047114400,0.125
census_tract,T426,36047109800,0.0625
census_tract,T426,36047097400,0.125
census_tract,T426,36047091000,0.125
census_tract,T426,36047113200,0.125
census_tract,T426,36047110400,0.0625
census_tract,T426,36047036700,0.125
census_tract,T426,36047098200,0.0625
census_tract,T426,36047096800,0.0625
census_tract,S86,36085012806,0.109091
census_tract,S86,36085017702,0.163636
census_tract,S86,36085012805,0.036364
census_tract,S86,36085013400,0.072727
census_tract,S86,36085012804,0.272727
census_tract,S86,36085017701,0.054545
census_tract,S86,36085018100,0.2
census_tract,S86,36085002100,0.018182
census_tract,S86,36085002900,0.054545
census_tract,S86,36085000300,0.018182
census_tract,SIM3C,36085018901,0.041667
census_tract,SIM3C,36085002002,0.027778
census_tract,SIM3C,36085025100,0.069444
census_tract,SIM3C,36061001300,0.097222
census_tract,SIM3C,36061004700,0.013889
census_tract,SIM3C,36047016400,0.013889
census_tract,SIM3C,36061010400,0.027778
census_tract,SIM3C,36085015100,0.041667
census_tract,SIM3C,36061008400,0.027778
census_tract,SIM3C,36061011201,0.027778
census_tract,SIM3C,36085024700,0.027778
census_tract,SIM3C,36061003300,0.041667
census_tract,SIM3C,36085002001,0.027778
census_tract,SIM3C,36085020702,0.027778
census_tract,SIM3C,36085030301,0.055556
census_tract,SIM3C,36085030302,0.013889
census_tract,SIM3C,36047012600,0.013889
census_tract,SIM3C,36061006100,0.013889
census_tract,SIM3C,36047012000,0.013889
census_tract,SIM3C,36061002100,0.027778
census_tract,SIM3C,36061005800,0.013889
census_tract,SIM3C,36085021300,0.041667
census_tract,SIM3C,36085018701,0.027778
census_tract,SIM3C,36061014300,0.027778
census_tract,SIM3C,36085005000,0.013889
census_tract,SIM3C,36085019700,0.027778
census_tract,SIM3C,36061009600,0.013889
census_tract,SIM3C,36085004004,0.013889
census_tract,SIM3C,36061003700,0.013889
census_tract,SIM3C,36061007600,0.027778
census_tract,SIM3C,36061004900,0.013889
census_tract,SIM3C,36085014700,0.013889
census_tract,SIM3C,36061006300,0.013889
census_tract,SIM3C,36061005600,0.027778
census_tract,SIM3C,36085016901,0.027778
census_tract,SIM3C,36061005400,0.013889
census_tract,SIM3C,36061005700,0.013889
census_tract,S81,36085011201,0.171429
census_tract,S81,36085011203,0.2
census_tract,S81,36085000800,0.057143
census_tract,S81,36085000300,0.028571
census_tract,S81,36085011402,0.142857
census_tract,S81,36085007002,0.171429
census_tract,S81,36085007400,0.028571
census_tract,S81,36085001800,0.142857
census_tract,S81,36085002100,0.057143
census_tract,Q48,36081155104,0.076923
census_tract,Q48,36081133300,0.076923
census_tract,Q48,36081156700,0.076923
census_tract,Q48,36081157101,0.076923
census_tract,Q48,36081155103,0.134615
census_tract,Q48,36081128300,0.057692
census_tract,Q48,36081127700,0.038462
census_tract,Q48,36081124700,0.019231
census_tract,Q48,36081021601,0.019231
census_tract,Q48,36081124100,0.019231
census_tract,Q48,36081129104,0.057692
census_tract,Q48,36081129103,0.057692
census_tract,Q48,36081126500,0.019231
census_tract,Q48,36081077905,0.038462
census_tract,Q48,36081130100,0.019231
census_tract,Q48,36081129102,0.115385
census_tract,Q48,36081077903,0.019231
census_tract,Q48,36081075701,0.038462
census_tract,Q48,36081125700,0.019231
census_tract,Q48,36081157902,0.019231
census_tract,T320,36081001902,0.125
census_tract,T320,36081017902,0.125
census_tract,T320,36081026501,0.0625
census_tract,T320,36081018300,0.0625
census_tract,T320,36081026100,0.125
census_tract,T320,36081025302,0.125
census_tract,T320,36081025301,0.0625
census_tract,T320,36081018102,0.0625
census_tract,T320,36081026300,0.125
census_tract,T320,36081026700,0.0625
census_tract,T320,36081018101,0.0625
census_tract,M66,36061015501,0.115385
census_tract,M66,36061012000,0.076923
census_tract,M66,36061015101,0.038462
census_tract,M66,36061011600,0.115385
census_tract,M66,36061012200,0.153846
census_tract,M66,36061011800,0.192308
census_tract,M66,36061015301,0.076923
census_tract,M66,36061014300,0.038462
census_tract,M66,36061014900,0.153846
census_tract,M66,36061015302,0.038462
census_tract,QM6,36081133300,0.0625
census_tract,QM6,36081156700,0.020833
census_tract,QM6,36081127700,0.041667
census_tract,QM6,36081157101,0.0625
census_tract,QM6,36081157902,0.020833
census_tract,QM6,36061011202,0.020833
census_tract,QM6,36061008400,0.041667
census_tract,QM6,36081155101,0.041667
census_tract,QM6,36081129104,0.020833
census_tract,QM6,36081157901,0.041667
census_tract,QM6,36081124100,0.041667
census_tract,QM6,36061011203,0.041667
census_tract,QM6,36081129102,0.0625
census_tract,QM6,36081129103,0.041667
census_tract,QM6,36081077904,0.020833
census_tract,QM6,36061009600,0.041667
census_tract,QM6,36081126500,0.020833
census_tract,QM6,36081077903,0.020833
census_tract,QM6,36081155104,0.083333
census_tract,QM6,36081077905,0.0625
census_tract,QM6,36061007400,0.020833
census_tract,QM6,36081130100,0.020833
census_tract,QM6,36061010400,0.020833
census_tract,QM6,36061007200,0.020833
census_tract,QM6,36081125700,0.020833
census_tract,QM6,36061007600,0.020833
census_tract,QM6,36081128300,0.020833
census_tract,QM6,36081124700,0.020833
census_tract,QM6,36081126700,0.020833
census_tract,S93,36085014700,0.023256
census_tract,S93,36085002002,0.046512
census_tract,S93,36085004004,0.023256
census_tract,S93,36047013800,0.023256
census_tract,S93,36047006000,0.046512
census_tract,S93,36085018901,0.325581
census_tract,S93,36085015100,0.046512
census_tract,S93,36047014200,0.023256
census_tract,S93,36085002001,0.046512
census_tract,S93,36047016200,0.023256
census_tract,S93,36085016901,0.069767
census_tract,S93,36085004700,0.046512
census_tract,S93,36047005800,0.023256
census_tract,S93,36085005000,0.046512
census_tract,S93,36085027301,0.093023
census_tract,S93,36085025100,0.046512
census_tract,S93,36047016000,0.023256
census_tract,S93,36085018701,0.023256
census_tract,M79-SBS,36061014200,0.148148
census_tract,M79-SBS,36061016700,0.148148
census_tract,M79-SBS,36061014000,0.148148
census_tract,M79-SBS,36061013800,0.037037
census_tract,M79-SBS,36061013603,0.074074
census_tract,M79-SBS,36061016500,0.185185
census_tract,M79-SBS,36061013602,0.111111
census_tract,M79-SBS,36061014300,0.074074
census_tract,M79-SBS,36061013203,0.037037
census_tract,M79-SBS,36061013400,0.037037
census_tract,M79+,36061014200,0.148148
census_tract,M79+,36061016700,0.148148
census_tract,M79+,36061014000,0.148148
census_tract,M79+,36061013800,0.037037
census_tract,M79+,36061013603,0.074074
census_tract,M79+,36061016500,0.185185
census_tract,M79+,36061013602,0.111111
census_tract,M79+,36061014300,0.074074
census_tract,M79+,36061013203,0.037037
census_tract,M79+,36061013400,0.037037
census_tract,Q38,36081067700,0.086957
census_tract,Q38,36081071701,0.043478
census_tract,Q38,36081069702,0.021739
census_tract,Q38,36081071702,0.043478
census_tract,Q38,36081072100,0.021739
census_tract,Q38,36081061301,0.086957
census_tract,Q38,36081069500,0.065217
census_tract,Q38,36081069300,0.108696
census_tract,Q38,36081060300,0.065217
census_tract,Q38,36081065900,0.173913
census_tract,Q38,36081065702,0.043478
census_tract,Q38,36081066301,0.065217
census_tract,Q38,36081074300,0.043478
census_tract,Q38,36081065703,0.021739
census_tract,Q38,36081060701,0.043478
census_tract,Q38,36081074500,0.043478
census_tract,Q38,36081071900,0.021739
census_tract,Q64,36081122703,0.12
census_tract,Q64,36081077906,0.08
census_tract,Q64,36081080900,0.24
census_tract,Q64,36081075702,0.08
census_tract,Q64,36081073900,0.16
census_tract,Q64,36081122702,0.12
census_tract,Q64,36081077902,0.12
census_tract,Q64,36081122704,0.08
census_tract,Q4,36081044400,0.045455
census_tract,Q4,36081042400,0.068182
census_tract,Q4,36081038400,0.068182
census_tract,Q4,36081053000,0.045455
census_tract,Q4,36081044601,0.022727
census_tract,Q4,36081041400,0.022727
census_tract,Q4,36081060800,0.068182
census_tract,Q4,36081043200,0.068182
census_tract,Q4,36081026600,0.022727
census_tract,Q4,36081060600,0.045455
census_tract,Q4,36081037600,0.022727
census_tract,Q4,36081053200,0.045455
census_tract,Q4,36081020800,0.045455
census_tract,Q4,36081060000,0.045455
census_tract,Q4,36081042600,0.022727
census_tract,Q4,36081062200,0.090909
census_tract,Q4,36081059800,0.045455
census_tract,Q4,36081036600,0.022727
census_tract,Q4,36081039800,0.022727
census_tract,Q4,36081025402,0.022727
census_tract,Q4,36081024600,0.022727
census_tract,Q4,36081043400,0.022727
census_tract,Q4,36081059600,0.022727
census_tract,Q4,36081039400,0.045455
census_tract,Q4,36081052800,0.022727
census_tract,Q103,36081004500,0.02439
census_tract,Q103,36081008700,0.146341
census_tract,Q103,36081008300,0.04878
census_tract,Q103,36081003700,0.146341
census_tract,Q103,36081000103,0.02439
census_tract,Q103,36081001903,0.097561
census_tract,Q103,36081008500,0.04878
census_tract,Q103,36081000701,0.073171
census_tract,Q103,36081008100,0.02439
census_tract,Q103,36081003900,0.097561
census_tract,Q103,36081000101,0.097561
census_tract,Q103,36081002500,0.073171
census_tract,Q103,36081000702,0.073171
census_tract,Q103,36081003302,0.02439
census_tract,Q44-SBS,36081103900,0.063492
census_tract,Q44-SBS,36005007800,0.015873
census_tract,Q44-SBS,36081116100,0.031746
census_tract,Q44-SBS,36081020800,0.015873
census_tract,Q44-SBS,36005021800,0.047619
census_tract,Q44-SBS,36081077902,0.015873
census_tract,Q44-SBS,36005007600,0.015873
census_tract,Q44-SBS,36005009000,0.063492
census_tract,Q44-SBS,36081022002,0.031746
census_tract,Q44-SBS,36081079701,0.015873
census_tract,Q44-SBS,36081044400,0.047619
census_tract,Q44-SBS,36081079900,0.031746
census_tract,Q44-SBS,36081079702,0.015873
census_tract,Q44-SBS,36005009200,0.031746
census_tract,Q44-SBS,36081024600,0.015873
census_tract,Q44-SBS,36081080301,0.031746
census_tract,Q44-SBS,36081077906,0.015873
census_tract,Q44-SBS,36005021602,0.015873
census_tract,Q44-SBS,36081024000,0.047619
census_tract,Q44-SBS,36081104700,0.015873
census_tract,Q44-SBS,36081088902,0.031746
census_tract,Q44-SBS,36005009600,0.015873
census_tract,Q44-SBS,36081080900,0.031746
census_tract,Q44-SBS,36081079300,0.031746
census_tract,Q44-SBS,36005033400,0.015873
census_tract,Q44-SBS,36081085300,0.015873
census_tract,Q44-SBS,36081021200,0.015873
census_tract,Q44-SBS,36081087100,0.031746
census_tract,Q44-SBS,36081084902,0.015873
census_tract,Q44-SBS,36081077904,0.015873
census_tract,Q44-SBS,36081088903,0.015873
census_tract,Q44-SBS,36005006000,0.031746
census_tract,Q44-SBS,36081023800,0.031746
census_tract,Q44-SBS,36081077907,0.015873
census_tract,Q44-SBS,36005007200,0.031746
census_tract,Q44-SBS,36005036100,0.015873
census_tract,Q44-SBS,36081077903,0.015873
census_tract,Q44-SBS,36081080302,0.015873
census_tract,Q44-SBS,36081022001,0.015873
census_tract,Q44+,36081103900,0.063492
census_tract,Q44+,36005007800,0.015873
census_tract,Q44+,36081116100,0.031746
census_tract,Q44+,36081020800,0.015873
census_tract,Q44+,36005021800,0.047619
census_tract,Q44+,36081077902,0.015873
census_tract,Q44+,36005007600,0.015873
census_tract,Q44+,36005009000,0.063492
census_tract,Q44+,36081022002,0.031746
census_tract,Q44+,36081079701,0.015873
census_tract,Q44+,36081044400,0.047619
census_tract,Q44+,36081079900,0.031746
census_tract,Q44+,36081079702,0.015873
census_tract,Q44+,36005009200,0.031746
census_tract,Q44+,36081024600,0.015873
census_tract,Q44+,36081080301,0.031746
census_tract,Q44+,36081077906,0.015873
census_tract,Q44+,36005021602,0.015873
census_tract,Q44+,36081024000,0.047619
census_tract,Q44+,36081104700,0.015873
census_tract,Q44+,36081088902,0.031746
census_tract,Q44+,36005009600,0.015873
census_tract,Q44+,36081080900,0.031746
census_tract,Q44+,36081079300,0.031746
census_tract,Q44+,36005033400,0.015873
census_tract,Q44+,36081085300,0.015873
census_tract,Q44+,36081021200,0.015873
census_tract,Q44+,36081087100,0.031746
census_tract,Q44+,36081084902,0.015873
census_tract,Q44+,36081077904,0.015873
census_tract,Q44+,36081088903,0.015873
census_tract,Q44+,36005006000,0.031746
census_tract,Q44+,36081023800,0.031746
census_tract,Q44+,36081077907,0.015873
census_tract,Q44+,36005007200,0.031746
census_tract,Q44+,36005036100,0.015873
census_tract,Q44+,36081077903,0.015873
census_tract,Q44+,36081080302,0.015873
census_tract,Q44+,36081022001,0.015873
census_tract,T117,36005042000,0.05
census_tract,T117,36005038000,0.05
census_tract,T117,36005039400,0.05
census_tract,T117,36005044200,0.05
census_tract,T117,36005039000,0.05
census_tract,T117,36005041400,0.05
census_tract,T117,36005040800,0.05
census_tract,T117,36005039200,0.05
census_tract,T117,36005033802,0.05
census_tract,T117,36005023000,0.1
census_tract,T117,36005037800,0.05
census_tract,T117,36005022403,0.05
census_tract,T117,36005043400,0.05
census_tract,T117,36005033601,0.05
census_tract,T117,36005022401,0.05
census_tract,T117,36005033000,0.05
census_tract,T117,36005037400,0.05
census_tract,T117,36005042200,0.05
census_tract,T117,36005022000,0.05
census_tract,Q63,36081030903,0.023256
census_tract,Q63,36081028300,0.023256
census_tract,Q63,36081038100,0.046512
census_tract,Q63,36081037700,0.046512
census_tract,Q63,36081033700,0.023256
census_tract,Q63,36081033900,0.023256
census_tract,Q63,36081005500,0.023256
census_tract,Q63,36081027702,0.023256
census_tract,Q63,36081087100,0.046512
census_tract,Q63,36081035100,0.023256
census_tract,Q63,36081016300,0.023256
census_tract,Q63,36081001901,0.046512
census_tract,Q63,36081037502,0.023256
census_tract,Q63,36081016100,0.023256
census_tract,Q63,36081025500,0.046512
census_tract,Q63,36081017102,0.046512
census_tract,Q63,36081037300,0.046512
census_tract,Q63,36081029100,0.023256
census_tract,Q63,36081029700,0.023256
census_tract,Q63,36081030906,0.046512
census_tract,Q63,36081029500,0.023256
census_tract,Q63,36081037900,0.023256
census_tract,Q63,36081027302,0.023256
census_tract,Q63,36081036100,0.023256
census_tract,Q63,36081001902,0.046512
census_tract,Q63,36081032700,0.023256
census_tract,Q63,36081086900,0.046512
census_tract,Q63,36081028900,0.023256
census_tract,Q63,36081036500,0.023256
census_tract,Q63,36081028100,0.023256
census_tract,Q63,36081029300,0.023256
census_tract,Q63,36081028700,0.023256
census_tract,Q63,36081035300,0.023256
census_tract,M9,36061002800,0.071429
census_tract,M9,36061006400,0.053571
census_tract,M9,36061002202,0.035714
census_tract,M9,36061001800,0.089286
census_tract,M9,36061001501,0.035714
census_tract,M9,36061002201,0.035714
census_tract,M9,36061004400,0.107143
census_tract,M9,36061006600,0.017857
census_tract,M9,36061000800,0.053571
census_tract,M9,36061002902,0.017857
census_tract,M9,36061002100,0.071429
census_tract,M9,36061002601,0.053571
census_tract,M9,36061006200,0.035714
census_tract,M9,36061002700,0.053571
census_tract,M9,36061001401,0.017857
census_tract,M9,36061007001,0.017857
census_tract,M9,36061002602,0.035714
census_tract,M9,36061031704,0.053571
census_tract,M9,36061006000,0.053571
census_tract,M9,36061003001,0.035714
census_tract,M9,36061000600,0.035714
census_tract,M9,36061003002,0.017857
census_tract,M90,36081061301,0.125
census_tract,M90,36081058700,0.0625
census_tract,M90,36081058900,0.125
census_tract,M90,36047028700,0.125
census_tract,M90,36081054900,0.125
census_tract,M90,36047043100,0.125
census_tract,M90,36047043900,0.125
census_tract,M90,36081060701,0.0625
census_tract,M90,36047042300,0.0625
census_tract,M90,36047042100,0.0625
census_tract,S89,36085015602,0.068966
census_tract,S89,36085029104,0.172414
census_tract,S89,36085022802,0.034483
census_tract,S89,36085014604,0.068966
census_tract,S89,36085023900,0.068966
census_tract,S89,36085017012,0.068966
census_tract,S89,36085027706,0.034483
census_tract,S89,36085027702,0.172414
census_tract,S89,36085029106,0.034483
census_tract,S89,36085015603,0.034483
census_tract,S89,36085030302,0.034483
census_tract,S89,36085029105,0.034483
census_tract,S89,36085017011,0.068966
census_tract,S89,36085027301,0.034483
census_tract,S89,36085015601,0.034483
census_tract,S89,36085024700,0.034483
census_tract,QM44,36081122703,0.2
census_tract,QM44,36081077906,0.08
census_tract,QM44,36081080900,0.16
census_tract,QM44,36081075702,0.08
census_tract,QM44,36081122702,0.08
census_tract,QM44,36061008800,0.08
census_tract,QM44,36081077902,0.04
census_tract,QM44,36061010801,0.04
census_tract,QM44,36061009800,0.04
census_tract,QM44,36081073900,0.12
census_tract,QM44,36081071303,0.04
census_tract,QM44,36081122704,0.04
census_tract,SIM4,36085018701,0.016129
census_tract,SIM4,36085017016,0.032258
census_tract,SIM4,36085030301,0.016129
census_tract,SIM4,36061001300,0.096774
census_tract,SIM4,36047012200,0.016129
census_tract,SIM4,36047016400,0.016129
census_tract,SIM4,36085029104,0.112903
census_tract,SIM4,36085017012,0.032258
census_tract,SIM4,36085027705,0.016129
census_tract,SIM4,36085027706,0.032258
census_tract,SIM4,36085022802,0.048387
census_tract,SIM4,36047005900,0.016129
census_tract,SIM4,36085029106,0.064516
census_tract,SIM4,36047013600,0.032258
census_tract,SIM4,36085027702,0.145161
census_tract,SIM4,36047012600,0.032258
census_tract,SIM4,36085029105,0.032258
census_tract,SIM4,36047007200,0.016129
census_tract,SIM4,36085018901,0.016129
census_tract,SIM4,36085027301,0.064516
census_tract,SIM4,36047005602,0.016129
census_tract,SIM4,36047012000,0.016129
census_tract,SIM4,36047001801,0.048387
census_tract,SIM4,36061003300,0.032258
census_tract,SIM4,36061002100,0.032258
census_tract,Q52-SBS,36081047500,0.046512
census_tract,Q52-SBS,36081003800,0.046512
census_tract,Q52-SBS,36081089201,0.069767
census_tract,Q52-SBS,36081096400,0.069767
census_tract,Q52-SBS,36081001800,0.046512
census_tract,Q52-SBS,36081107201,0.093023
census_tract,Q52-SBS,36081094202,0.069767
census_tract,Q52-SBS,36081107202,0.046512
census_tract,Q52-SBS,36081097204,0.046512
census_tract,Q52-SBS,36081094203,0.069767
census_tract,Q52-SBS,36081063700,0.023256
census_tract,Q52-SBS,36081095400,0.023256
census_tract,Q52-SBS,36081067900,0.023256
census_tract,Q52-SBS,36081005400,0.023256
census_tract,Q52-SBS,36081002200,0.023256
census_tract,Q52-SBS,36081002000,0.023256
census_tract,Q52-SBS,36081005800,0.023256
census_tract,Q52-SBS,36081069500,0.023256
census_tract,Q52-SBS,36081064102,0.023256
census_tract,Q52-SBS,36081063900,0.023256
census_tract,Q52-SBS,36081097206,0.023256
census_tract,Q52-SBS,36081008800,0.023256
census_tract,Q52-SBS,36081008600,0.023256
census_tract,Q52-SBS,36081070300,0.023256
census_tract,Q52-SBS,36081068300,0.023256
census_tract,Q52-SBS,36081088400,0.023256
census_tract,Q52-SBS,36081097205,0.023256
census_tract,Q52+,36081047500,0.046512
census_tract,Q52+,36081003800,0.046512
census_tract,Q52+,36081089201,0.069767
census_tract,Q52+,36081096400,0.069767
census_tract,Q52+,36081001800,0.046512
census_tract,Q52+,36081107201,0.093023
census_tract,Q52+,36081094202,0.069767
census_tract,Q52+,36081107202,0.046512
census_tract,Q52+,36081097204,0.046512
census_tract,Q52+,36081094203,0.069767
census_tract,Q52+,36081063700,0.023256
census_tract,Q52+,36081095400,0.023256
census_tract,Q52+,36081067900,0.023256
census_tract,Q52+,36081005400,0.023256
census_tract,Q52+,36081002200,0.023256
census_tract,Q52+,36081002000,0.023256
census_tract,Q52+,36081005800,0.023256
census_tract,Q52+,36081069500,0.023256
census_tract,Q52+,36081064102,0.023256
census_tract,Q52+,36081063900,0.023256
census_tract,Q52+,36081097206,0.023256
census_tract,Q52+,36081008800,0.023256
census_tract,Q52+,36081008600,0.023256
census_tract,Q52+,36081070300,0.023256
census_tract,Q52+,36081068300,0.023256
census_tract,Q52+,36081088400,0.023256
census_tract,Q52+,36081097205,0.023256
census_tract,Q31,36081142900,0.027027
census_tract,Q31,36081112300,0.054054
census_tract,Q31,36081127700,0.027027
census_tract,Q31,36081099704,0.040541
census_tract,Q31,36081044400,0.013514
census_tract,Q31,36081134100,0.094595
census_tract,Q31,36081109700,0.027027
census_tract,Q31,36081099703,0.027027
census_tract,Q31,36081144700,0.040541
census_tract,Q31,36081024600,0.027027
census_tract,Q31,36081045600,0.040541
census_tract,Q31,36081044601,0.013514
census_tract,Q31,36081145102,0.040541
census_tract,Q31,36081145900,0.040541
census_tract,Q31,36081141700,0.094595
census_tract,Q31,36081020800,0.027027
census_tract,Q31,36081045800,0.040541
census_tract,Q31,36081145101,0.027027
census_tract,Q31,36081147100,0.013514
census_tract,Q31,36081109300,0.040541
census_tract,Q31,36081146700,0.040541
census_tract,Q31,36081143500,0.027027
census_tract,Q31,36081046000,0.040541
census_tract,Q31,36081124700,0.040541
census_tract,Q31,36081045400,0.013514
census_tract,Q31,36081133900,0.013514
census_tract,Q31,36081112900,0.013514
census_tract,Q31,36081126700,0.027027
census_tract,Q31,36081024000,0.027027
census_tract,Q67,36081019903,0.019231
census_tract,Q67,36081021900,0.019231
census_tract,Q67,36081051700,0.038462
census_tract,Q67,36081066701,0.057692
census_tract,Q67,36081060701,0.057692
census_tract,Q67,36081001901,0.115385
census_tract,Q67,36081061301,0.076923
census_tract,Q67,36081019901,0.038462
census_tract,Q67,36081000702,0.019231
census_tract,Q67,36081051100,0.076923
census_tract,Q67,36081066501,0.038462
census_tract,Q67,36081020500,0.076923
census_tract,Q67,36081065702,0.038462
census_tract,Q67,36081051500,0.038462
census_tract,Q67,36081000104,0.057692
census_tract,Q67,36081023501,0.019231
census_tract,Q67,36081019902,0.057692
census_tract,Q67,36081018700,0.038462
census_tract,Q67,36081065900,0.038462
census_tract,Q67,36081049500,0.019231
census_tract,Q67,36081060300,0.019231
census_tract,Q67,36081022900,0.038462
census_tract,Q42,36081042400,0.071429
census_tract,Q42,36081043400,0.178571
census_tract,Q42,36081024000,0.071429
census_tract,Q42,36081044400,0.107143
census_tract,Q42,36081041400,0.178571
census_tract,Q42,36081020800,0.035714
census_tract,Q42,36081044000,0.25
census_tract,Q42,36081024600,0.071429
census_tract,Q42,36081044601,0.035714
census_tract,Q87,36081044400,0.05
census_tract,Q87,36081062600,0.075
census_tract,Q87,36081065600,0.05
census_tract,Q87,36081028200,0.05
census_tract,Q87,36081061800,0.05
census_tract,Q87,36081063800,0.15
census_tract,Q87,36081061602,0.05
census_tract,Q87,36081044601,0.025
census_tract,Q87,36081041400,0.025
census_tract,Q87,36081043200,0.025
census_tract,Q87,36081035200,0.025
census_tract,Q87,36081026600,0.05
census_tract,Q87,36081036600,0.025
census_tract,Q87,36081020800,0.05
census_tract,Q87,36081063200,0.075
census_tract,Q87,36081042600,0.05
census_tract,Q87,36081024600,0.025
census_tract,Q87,36081035800,0.05
census_tract,Q87,36081033401,0.025
census_tract,Q87,36081043400,0.025
census_tract,Q87,36081063000,0.025
census_tract,Q87,36081025402,0.025
census_tract,QM65,36081033401,0.054054
census_tract,QM65,36081035200,0.081081
census_tract,QM65,36081075701,0.027027
census_tract,QM65,36081027800,0.027027
census_tract,QM65,36061001501,0.081081
census_tract,QM65,36081021601,0.054054
census_tract,QM65,36081061800,0.027027
census_tract,QM65,36081033404,0.027027
census_tract,QM65,36081019000,0.027027
census_tract,QM65,36061000900,0.054054
census_tract,QM65,36081028400,0.027027
census_tract,QM65,36081076902,0.027027
census_tract,QM65,36061007001,0.027027
census_tract,QM65,36061007800,0.027027
census_tract,QM65,36061000700,0.054054
census_tract,QM65,36081022001,0.027027
census_tract,QM65,36081062600,0.027027
census_tract,QM65,36081019400,0.027027
census_tract,QM65,36081063200,0.027027
census_tract,QM65,36081028802,0.027027
census_tract,QM65,36081029400,0.027027
census_tract,QM65,36081033000,0.027027
census_tract,QM65,36081019200,0.027027
census_tract,QM65,36061001300,0.081081
census_tract,QM65,36081027200,0.027027
census_tract,QM65,36081033403,0.027027
census_tract,QM65,36081063000,0.027027
census_tract,T103,36005026601,0.142857
census_tract,T103,36005026602,0.142857
census_tract,T103,36005009600,0.142857
census_tract,T103,36005030000,0.071429
census_tract,T103,36005022200,0.142857
census_tract,T103,36005027600,0.071429
census_tract,T103,36005009200,0.071429
census_tract,T103,36005021602,0.071429
census_tract,T103,36005020200,0.071429
census_tract,T103,36005020000,0.071429
census_tract,QM32,36081088903,0.029412
census_tract,QM32,36081090700,0.058824
census_tract,QM32,36081099100,0.176471
census_tract,QM32,36081099701,0.058824
census_tract,QM32,36081099704,0.235294
census_tract,QM32,36081094500,0.029412
census_tract,QM32,36081103900,0.117647
census_tract,QM32,36061008800,0.058824
census_tract,QM32,36081102900,0.029412
census_tract,QM32,36061009800,0.029412
census_tract,QM32,36081099705,0.088235
census_tract,QM32,36081088902,0.029412
census_tract,QM32,36061010801,0.029412
census_tract,QM32,36081098700,0.029412
census_tract,Q65,36081020800,0.054545
census_tract,Q65,36081124100,0.072727
census_tract,Q65,36081120701,0.036364
census_tract,Q65,36081044800,0.054545
census_tract,Q65,36081044602,0.054545
census_tract,Q65,36081117100,0.018182
census_tract,Q65,36081126700,0.054545
census_tract,Q65,36081118500,0.036364
census_tract,Q65,36081087100,0.036364
census_tract,Q65,36081126500,0.036364
census_tract,Q65,36081121500,0.036364
census_tract,Q65,36081116700,0.036364
census_tract,Q65,36081118700,0.036364
census_tract,Q65,36081024000,0.036364
census_tract,Q65,36081085700,0.036364
census_tract,Q65,36081045200,0.018182
census_tract,Q65,36081122703,0.090909
census_tract,Q65,36081119300,0.018182
census_tract,Q65,36081086300,0.018182
census_tract,Q65,36081120702,0.036364
census_tract,Q65,36081044601,0.018182
census_tract,Q65,36081121100,0.054545
census_tract,Q65,36081045000,0.018182
census_tract,Q65,36081125700,0.018182
census_tract,Q65,36081085500,0.018182
census_tract,Q65,36081119100,0.018182
census_tract,Q65,36081085300,0.018182
census_tract,Q65,36081023600,0.018182
census_tract,QM11,36081068300,0.108108
census_tract,QM11,36081071701,0.054054
census_tract,QM11,36061001501,0.081081
census_tract,QM11,36081072100,0.081081
census_tract,QM11,36081071900,0.054054
census_tract,QM11,36061000900,0.054054
census_tract,QM11,36061001502,0.027027
census_tract,QM11,36061007001,0.027027
census_tract,QM11,36081071303,0.081081
census_tract,QM11,36061007800,0.027027
census_tract,QM11,36061000700,0.027027
census_tract,QM11,36081044302,0.054054
census_tract,QM11,36081047500,0.027027
census_tract,QM11,36081075702,0.027027
census_tract,QM11,36081073900,0.027027
census_tract,QM11,36081074500,0.054054
census_tract,QM11,36061001300,0.054054
census_tract,QM11,36081071702,0.027027
census_tract,QM11,36081043702,0.027027
census_tract,QM11,36081071304,0.027027
census_tract,QM11,36081043701,0.027027
census_tract,QM11,36081068700,0.027027
census_tract,Q40,36081018200,0.208333
census_tract,Q40,36081023800,0.083333
census_tract,Q40,36081079000,0.083333
census_tract,Q40,36081019200,0.083333
census_tract,Q40,36081079200,0.125
census_tract,Q40,36081020400,0.083333
census_tract,Q40,36081019400,0.125
census_tract,Q40,36081019600,0.041667
census_tract,Q40,36081024000,0.041667
census_tract,Q40,36081021200,0.041667
census_tract,Q40,36081018800,0.041667
census_tract,Q40,36081018600,0.041667
census_tract,Q7,36081004200,0.036364
census_tract,Q7,36081084000,0.072727
census_tract,Q7,36081079000,0.054545
census_tract,Q7,36081086400,0.090909
census_tract,Q7,36081000600,0.054545
census_tract,Q7,36081018401,0.054545
census_tract,Q7,36081018000,0.054545
census_tract,Q7,36081078800,0.054545
census_tract,Q7,36081081400,0.036364
census_tract,Q7,36081004002,0.036364
census_tract,Q7,36081017800,0.018182
census_tract,Q7,36081005400,0.036364
census_tract,Q7,36081003600,0.036364
census_tract,Q7,36081008600,0.018182
census_tract,Q7,36081003400,0.018182
census_tract,Q7,36047118202,0.018182
census_tract,Q7,36081081800,0.018182
census_tract,Q7,36081018200,0.036364
census_tract,Q7,36081010000,0.018182
census_tract,Q7,36081009600,0.018182
census_tract,Q7,36081010200,0.018182
census_tract,Q7,36047118000,0.036364
census_tract,Q7,36081004001,0.018182
census_tract,Q7,36081029400,0.018182
census_tract,Q7,36081009400,0.036364
census_tract,Q7,36081071600,0.036364
census_tract,Q7,36081016800,0.018182
census_tract,Q7,36081000400,0.018182
census_tract,Q7,36081016600,0.018182
census_tract,QM1,36081127700,0.066667
census_tract,QM1,36081133300,0.1
census_tract,QM1,36061008400,0.066667
census_tract,QM1,36061011202,0.033333
census_tract,QM1,36081124100,0.066667
census_tract,QM1,36081077904,0.033333
census_tract,QM1,36081134701,0.133333
census_tract,QM1,36061009600,0.066667
census_tract,QM1,36081126500,0.033333
census_tract,QM1,36081077903,0.033333
census_tract,QM1,36081077905,0.1
census_tract,QM1,36061011203,0.033333
census_tract,QM1,36061007400,0.033333
census_tract,QM1,36061010400,0.033333
census_tract,QM1,36061007200,0.033333
census_tract,QM1,36081125700,0.033333
census_tract,QM1,36061007600,0.033333
census_tract,QM1,36081124700,0.033333
census_tract,QM1,36081126700,0.033333
census_tract,T340,36047119800,0.107143
census_tract,T340,36047036700,0.071429
census_tract,T340,36081012800,0.035714
census_tract,T340,36047117000,0.071429
census_tract,T340,36047119200,0.035714
census_tract,T340,36081014400,0.071429
census_tract,T340,36081021602,0.035714
census_tract,T340,36081012602,0.035714
census_tract,T340,36081002600,0.035714
census_tract,T340,36047117400,0.035714
census_tract,T340,36047118400,0.035714
census_tract,T340,36047114201,0.035714
census_tract,T340,36081012400,0.035714
census_tract,T340,36081000400,0.035714
census_tract,T340,36081001200,0.035714
census_tract,T340,36081014202,0.035714
census_tract,T340,36047118000,0.035714
census_tract,T340,36081001400,0.035714
census_tract,T340,36081001000,0.035714
census_tract,T340,36081001800,0.035714
census_tract,T340,36047117800,0.035714
census_tract,T340,36081000200,0.035714
census_tract,T340,36047118201,0.035714
census_tract,Q75,36081134701,0.025
census_tract,Q75,36081138501,0.125
census_tract,Q75,36081044400,0.025
census_tract,Q75,36081127700,0.05
census_tract,Q75,36081139900,0.075
census_tract,Q75,36081024600,0.05
census_tract,Q75,36081136700,0.075
census_tract,Q75,36081044601,0.025
census_tract,Q75,36081020800,0.05
census_tract,Q75,36081134100,0.1
census_tract,Q75,36081134702,0.05
census_tract,Q75,36081046000,0.075
census_tract,Q75,36081124700,0.05
census_tract,Q75,36081045400,0.025
census_tract,Q75,36081140300,0.025
census_tract,Q75,36081140902,0.05
census_tract,Q75,36081024000,0.05
census_tract,Q75,36081126700,0.025
census_tract,Q75,36081141700,0.05
census_tract,Q82,36081056800,0.241379
census_tract,Q82,36081048000,0.034483
census_tract,Q82,36081047802,0.034483
census_tract,Q82,36081054000,0.137931
census_tract,Q82,36081046000,0.103448
census_tract,Q82,36081054800,0.068966
census_tract,Q82,36081054200,0.137931
census_tract,Q82,36081049201,0.034483
census_tract,Q82,36081058000,0.034483
census_tract,Q82,36081047801,0.068966
census_tract,Q82,36081049202,0.034483
census_tract,Q82,36081046600,0.034483
census_tract,Q82,36081046800,0.034483
census_tract,T434,36047117800,0.166667
census_tract,T434,36047117400,0.083333
census_tract,T434,36047119800,0.25
census_tract,T434,36047117000,0.166667
census_tract,T434,36047114201,0.083333
census_tract,T434,36047119200,0.083333
census_tract,T434,36047036700,0.166667
census_tract,Q43,36081044602,0.065217
census_tract,Q43,36081023800,0.043478
census_tract,Q43,36081047802,0.021739
census_tract,Q43,36081157101,0.130435
census_tract,Q43,36081047801,0.043478
census_tract,Q43,36081157903,0.086957
census_tract,Q43,36081046000,0.021739
census_tract,Q43,36081156700,0.043478
census_tract,Q43,36081024000,0.043478
census_tract,Q43,36081046600,0.021739
census_tract,Q43,36081054800,0.021739
census_tract,Q43,36081020800,0.043478
census_tract,Q43,36081157901,0.043478
census_tract,Q43,36081157902,0.043478
census_tract,Q43,36081130100,0.108696
census_tract,Q43,36081157102,0.043478
census_tract,Q43,36081048000,0.021739
census_tract,Q43,36081162100,0.021739
census_tract,Q43,36081023600,0.021739
census_tract,Q43,36081055200,0.065217
census_tract,Q43,36081045400,0.021739
census_tract,Q43,36081046800,0.021739
census_tract,Q109,36081094203,0.125
census_tract,Q109,36081096400,0.125
census_tract,Q109,36081107201,0.25
census_tract,Q109,36081071600,0.25
census_tract,Q109,36081094202,0.125
census_tract,Q109,36081095400,0.125
census_tract,T430,36047028900,0.04
census_tract,T430,36047117000,0.04
census_tract,T430,36047117602,0.08
census_tract,T430,36047114600,0.04
census_tract,T430,36047039700,0.08
census_tract,T430,36047028700,0.08
census_tract,T430,36047119800,0.12
census_tract,T430,36047117400,0.08
census_tract,T430,36047117201,0.04
census_tract,T430,36047036900,0.08
census_tract,T430,36047114201,0.04
census_tract,T430,36047037500,0.04
census_tract,T430,36047039300,0.04
census_tract,T430,36047040100,0.04
census_tract,T430,36047036700,0.08
census_tract,T430,36047117800,0.04
census_tract,T430,36047037300,0.04
census_tract,T433,36047036700,0.1
census_tract,T433,36047028900,0.05
census_tract,T433,36047028501,0.05
census_tract,T433,36047039700,0.05
census_tract,T433,36047028700,0.05
census_tract,T433,36047036900,0.1
census_tract,T433,36047038900,0.1
census_tract,T433,36047037300,0.05
census_tract,T433,36047037500,0.05
census_tract,T433,36047049100,0.05
census_tract,T433,36047052700,0.05
census_tract,T433,36047039300,0.05
census_tract,T433,36047040100,0.05
census_tract,T433,36047052900,0.1
census_tract,T433,36047050900,0.05
census_tract,T433,36047052500,0.05
census_tract,T323,36081000702,0.222222
census_tract,T323,36081000701,0.333333
census_tract,T323,36081001901,0.222222
census_tract,T323,36081001902,0.222222
census_tract,Q97,36081100803,0.5
census_tract,Q97,36081071600,0.5
census_tract,Q70-SBS,36081033100,0.428571
census_tract,Q70-SBS,36081026100,0.285714
census_tract,Q70-SBS,36081026700,0.285714
census_tract,Q70+,36081033100,0.428571
census_tract,Q70+,36081026100,0.285714
census_tract,Q70+,36081026700,0.285714
census_tract,Q108,36081003100,0.5
census_tract,Q108,36081001902,0.5
census_tract,T260,36061011900,0.6
census_tract,T260,36061009903,0.4
census_tract,T204,36061022301,0.25
census_tract,T204,36061025100,0.25
census_tract,T204,36061022900,0.25
census_tract,T204,36061024100,0.25
census_tract,T321,36081087100,0.6
census_tract,T321,36081038302,0.4
census_tract,T300,36081076902,0.5
census_tract,T300,36081044601,0.5
census_tract,Q96,36081001901,0.333333
census_tract,Q96,36081002500,0.333333
census_tract,Q96,36081001902,0.166667
census_tract,Q96,36081003301,0.166667
census_tract,T354,36081094202,0.5
census_tract,T354,36081100803,0.5
census_tract,YOAS,36061007002,0.5
census_tract,YOAS,36061007600,0.5
census_tract,T127,36005042300,0.5
census_tract,T127,36005042100,0.5
nta,Bx23,BX1004,0.893617
nta,Bx23,BX2891,0.085106
nta,Bx23,BX1202,0.021277
nta,BX23,BX1004,0.893617
nta,BX23,BX2891,0.085106
nta,BX23,BX1202,0.021277
nta,Q89,QN1201,0.12766
nta,Q89,QN1204,0.382979
nta,Q89,QN1306,0.085106
nta,Q89,QN1307,0.085106
nta,Q89,QN1203,0.042553
nta,Q89,QN1202,0.085106
nta,Q89,QN1205,0.085106
nta,Q89,QN1305,0.106383
nta,M104,MN0701,0.171053
nta,M104,MN0702,0.236842
nta,M104,MN0502,0.171053
nta,M104,MN0901,0.210526
nta,M104,MN0703,0.144737
nta,M104,MN0902,0.065789
nta,BM5,BK0504,0.254545
nta,BM5,QN1003,0.036364
nta,BM5,BK0503,0.218182
nta,BM5,MN0502,0.109091
nta,BM5,QN1002,0.036364
nta,BM5,MN0604,0.054545
nta,BM5,MN0501,0.072727
nta,BM5,QN0503,0.018182
nta,BM5,QN0504,0.018182
nta,BM5,MN0603,0.072727
nta,BM5,QN0601,0.036364
nta,BM5,BK0505,0.036364
nta,BM5,QN8291,0.018182
nta,BM5,QN0905,0.018182
nta,BM2,BK1803,0.355556
nta,BM2,MN0101,0.088889
nta,BM2,BK1701,0.011111
nta,BM2,BK0504,0.122222
nta,BM2,MN0604,0.033333
nta,BM2,BK1401,0.044444
nta,BM2,BK1801,0.1
nta,BM2,MN0501,0.055556
nta,BM2,BK1702,0.011111
nta,BM2,MN0191,0.011111
nta,BM2,MN0502,0.066667
nta,BM2,MN0602,0.055556
nta,BM2,MN0102,0.022222
nta,BM2,BK1402,0.022222
nta,Bx42,BX1161,0.01087
nta,Bx42,BX1002,0.413043
nta,Bx42,BX1102,0.032609
nta,Bx42,BX0501,0.141304
nta,Bx42,BX1101,0.043478
nta,Bx42,BX0904,0.043478
nta,Bx42,BX0502,0.086957
nta,Bx42,BX0602,0.086957
nta,Bx42,BX0601,0.054348
nta,Bx42,BX1001,0.065217
nta,Bx42,BX0901,0.01087
nta,Bx42,BX1091,0.01087
nta,BX42,BX1161,0.01087
nta,BX42,BX1002,0.413043
nta,BX42,BX1102,0.032609
nta,BX42,BX0501,0.141304
nta,BX42,BX1101,0.043478
nta,BX42,BX0904,0.043478
nta,BX42,BX0502,0.086957
nta,BX42,BX0602,0.086957
nta,BX42,BX0601,0.054348
nta,BX42,BX1001,0.065217
nta,BX42,BX0901,0.01087
nta,BX42,BX1091,0.01087
nta,M103,MN0802,0.132075
nta,M103,MN0303,0.075472
nta,M103,MN0602,0.075472
nta,M103,MN0101,0.009434
nta,M103,MN0301,0.056604
nta,M103,MN1101,0.09434
nta,M103,MN0604,0.09434
nta,M103,MN1102,0.122642
nta,M103,MN0803,0.056604
nta,M103,MN0603,0.122642
nta,M103,MN0801,0.075472
nta,M103,MN0201,0.037736
nta,M103,MN0102,0.009434
nta,M103,MN0202,0.018868
nta,M103,MN0302,0.018868
nta,Bx41,BX0603,0.160714
nta,Bx41,BX0302,0.142857
nta,Bx41,BX0702,0.035714
nta,Bx41,BX0503,0.071429
nta,Bx41,BX0102,0.142857
nta,Bx41,BX0703,0.142857
nta,Bx41,BX0401,0.089286
nta,Bx41,BX0502,0.107143
nta,Bx41,BX0301,0.035714
nta,Bx41,BX0101,0.017857
nta,Bx41,BX1201,0.035714
nta,Bx41,BX0403,0.017857
nta,BX41,BX0603,0.160714
nta,BX41,BX0302,0.142857
nta,BX41,BX0702,0.035714
nta,BX41,BX0503,0.071429
nta,BX41,BX0102,0.142857
nta,BX41,BX0703,0.142857
nta,BX41,BX0401,0.089286
nta,BX41,BX0502,0.107143
nta,BX41,BX0301,0.035714
nta,BX41,BX0101,0.017857
nta,BX41,BX1201,0.035714
nta,BX41,BX0403,0.017857
nta,B4,BK1103,0.109375
nta,B4,BK1001,0.140625
nta,B4,BK1301,0.117188
nta,B4,BK1503,0.28125
nta,B4,BK1303,0.085938
nta,B4,BK1101,0.132812
nta,B4,BK1501,0.03125
nta,B4,BK1002,0.09375
nta,B4,BK1302,0.007812
nta,Bx4,BX0202,0.218182
nta,Bx4,BX0102,0.2
nta,Bx4,BX0901,0.218182
nta,Bx4,BX0904,0.090909
nta,Bx4,BX1001,0.163636
nta,Bx4,BX0903,0.090909
nta,Bx4,BX0303,0.018182
nta,BX4,BX0202,0.218182
nta,BX4,BX0102,0.2
nta,BX4,BX0901,0.218182
nta,BX4,BX0904,0.090909
nta,BX4,BX1001,0.163636
nta,BX4,BX0903,0.090909
nta,BX4,BX0303,0.018182
nta,Bx33,BX0101,0.645161
nta,Bx33,BX0401,0.032258
nta,Bx33,MN1002,0.225806
nta,Bx33,MN1102,0.096774
nta,BX33,BX0101,0.645161
nta,BX33,BX0401,0.032258
nta,BX33,MN1002,0.225806
nta,BX33,MN1102,0.096774
nta,M3,MN0902,0.037037
nta,M3,MN0903,0.067901
nta,M3,MN0202,0.04321
nta,M3,MN6491,0.154321
nta,M3,MN0802,0.092593
nta,M3,MN1001,0.08642
nta,M3,MN0502,0.104938
nta,M3,MN1202,0.067901
nta,M3,MN1201,0.117284
nta,M3,MN1002,0.04321
nta,M3,MN0501,0.067901
nta,M3,MN1291,0.012346
nta,M3,MN0602,0.024691
nta,M3,MN1101,0.04321
nta,M3,MN0303,0.018519
nta,M3,MN0901,0.012346
nta,M3,MN0703,0.006173
nta,Bx2,BX0502,0.113402
nta,Bx2,BX0801,0.113402
nta,Bx2,BX0702,0.195876
nta,Bx2,BX0403,0.092784
nta,Bx2,BX0401,0.154639
nta,Bx2,BX0802,0.061856
nta,Bx2,BX0503,0.072165
nta,Bx2,BX0101,0.082474
nta,Bx2,BX0102,0.061856
nta,Bx2,BX0701,0.030928
nta,Bx2,BX0703,0.020619
nta,BX2,BX0502,0.113402
nta,BX2,BX0801,0.113402
nta,BX2,BX0702,0.195876
nta,BX2,BX0403,0.092784
nta,BX2,BX0401,0.154639
nta,BX2,BX0802,0.061856
nta,BX2,BX0503,0.072165
nta,BX2,BX0101,0.082474
nta,BX2,BX0102,0.061856
nta,BX2,BX0701,0.030928
nta,BX2,BX0703,0.020619
nta,B20,BK0402,0.151786
nta,B20,BK0503,0.303571
nta,B20,BK0502,0.116071
nta,B20,QN0502,0.214286
nta,B20,BK0505,0.142857
nta,B20,BK0501,0.017857
nta,B20,BK1601,0.053571
nta,B54,BK0301,0.163934
nta,B54,BK0302,0.131148
nta,B54,BK0401,0.245902
nta,B54,BK0202,0.081967
nta,B54,BK0204,0.131148
nta,B54,BK0203,0.163934
nta,B54,BK0402,0.04918
nta,B54,QN0502,0.032787
nta,B68,BK5591,0.079208
nta,B68,BK1402,0.128713
nta,B68,BK1302,0.168317
nta,B68,BK0701,0.069307
nta,B68,BK1403,0.079208
nta,B68,BK1301,0.029703
nta,B68,BK1303,0.138614
nta,B68,BK1501,0.178218
nta,B68,BK1204,0.069307
nta,B68,BK1203,0.059406
nta,M1,MN0502,0.126866
nta,M1,MN1001,0.052239
nta,M1,MN0501,0.08209
nta,M1,MN1002,0.126866
nta,M1,MN0202,0.097015
nta,M1,MN6491,0.164179
nta,M1,MN0802,0.11194
nta,M1,MN0201,0.044776
nta,M1,MN1102,0.089552
nta,M1,MN0602,0.029851
nta,M1,MN0303,0.014925
nta,M1,MN1101,0.059701
nta,B9,BK1801,0.117117
nta,B9,BK0703,0.09009
nta,B9,BK0702,0.027027
nta,B9,BK1403,0.171171
nta,B9,BK1204,0.225225
nta,B9,BK1001,0.162162
nta,B9,BK1202,0.117117
nta,B9,BK1802,0.072072
nta,B9,BK1201,0.018018
nta,Bx31,BX1203,0.228571
nta,Bx31,BX1102,0.128571
nta,Bx31,BX1271,0.014286
nta,Bx31,BX1103,0.1
nta,Bx31,BX1201,0.028571
nta,Bx31,BX1202,0.357143
nta,Bx31,BX2691,0.028571
nta,Bx31,BX1001,0.1
nta,Bx31,BX1161,0.014286
nta,BX31,BX1203,0.228571
nta,BX31,BX1102,0.128571
nta,BX31,BX1271,0.014286
nta,BX31,BX1103,0.1
nta,BX31,BX1201,0.028571
nta,BX31,BX1202,0.357143
nta,BX31,BX2691,0.028571
nta,BX31,BX1001,0.1
nta,BX31,BX1161,0.014286
nta,B24,QN0202,0.38961
nta,B24,BK0101,0.220779
nta,B24,BK0102,0.142857
nta,B24,BK0104,0.220779
nta,B24,BK0103,0.012987
nta,B24,QN0271,0.012987
nta,Bx7,BX0803,0.324324
nta,Bx7,MN1202,0.22973
nta,Bx7,BX0802,0.175676
nta,Bx7,MN1203,0.148649
nta,Bx7,MN1201,0.108108
nta,Bx7,MN1292,0.013514
nta,BX7,BX0803,0.324324
nta,BX7,MN1202,0.22973
nta,BX7,BX0802,0.175676
nta,BX7,MN1203,0.148649
nta,BX7,MN1201,0.108108
nta,BX7,MN1292,0.013514
nta,Bx19,BX0101,0.075949
nta,Bx19,BX0601,0.050633
nta,Bx19,BX0602,0.050633
nta,Bx19,BX0603,0.037975
nta,Bx19,BX0401,0.037975
nta,Bx19,BX0303,0.126582
nta,Bx19,MN0903,0.151899
nta,Bx19,BX0202,0.139241
nta,Bx19,BX2791,0.063291
nta,Bx19,MN1002,0.075949
nta,Bx19,BX0102,0.126582
nta,Bx19,BX0201,0.063291
nta,BX19,BX0101,0.075949
nta,BX19,BX0601,0.050633
nta,BX19,BX0602,0.050633
nta,BX19,BX0603,0.037975
nta,BX19,BX0401,0.037975
nta,BX19,BX0303,0.126582
nta,BX19,MN0903,0.151899
nta,BX19,BX0202,0.139241
nta,BX19,BX2791,0.063291
nta,BX19,MN1002,0.075949
nta,BX19,BX0102,0.126582
nta,BX19,BX0201,0.063291
nta,M31,MN0801,0.263158
nta,M31,MN0502,0.175439
nta,M31,MN0604,0.192982
nta,M31,MN0803,0.245614
nta,M31,MN0402,0.122807
nta,B11,BK0702,0.192771
nta,B11,BK1401,0.120482
nta,B11,BK1201,0.060241
nta,B11,BK0703,0.072289
nta,B11,BK1204,0.120482
nta,B11,BK1202,0.240964
nta,B11,BK1402,0.036145
nta,B11,BK1403,0.156627
nta,B7,BK1602,0.113402
nta,B7,BK1703,0.134021
nta,B7,BK1601,0.134021
nta,B7,BK1704,0.113402
nta,B7,BK1801,0.216495
nta,B7,BK1502,0.092784
nta,B7,BK1802,0.020619
nta,B7,BK0302,0.061856
nta,B7,BK1501,0.051546
nta,B7,BK1702,0.020619
nta,B7,BK1403,0.030928
nta,B7,BK0402,0.010309
nta,Bx32,BX0401,0.225806
nta,Bx32,BX0101,0.096774
nta,Bx32,BX0502,0.112903
nta,Bx32,BX0701,0.16129
nta,Bx32,BX0503,0.064516
nta,Bx32,BX0102,0.080645
nta,Bx32,BX0403,0.145161
nta,Bx32,BX0501,0.080645
nta,Bx32,BX0801,0.016129
nta,Bx32,BX0702,0.016129
nta,BX32,BX0401,0.225806
nta,BX32,BX0101,0.096774
nta,BX32,BX0502,0.112903
nta,BX32,BX0701,0.16129
nta,BX32,BX0503,0.064516
nta,BX32,BX0102,0.080645
nta,BX32,BX0403,0.145161
nta,BX32,BX0501,0.080645
nta,BX32,BX0801,0.016129
nta,BX32,BX0702,0.016129
nta,B8,BK1602,0.02649
nta,B8,BK1704,0.099338
nta,B8,BK1091,0.033113
nta,B8,BK1402,0.10596
nta,B8,BK1701,0.046358
nta,B8,BK1703,0.059603
nta,B8,BK1101,0.15894
nta,B8,BK1401,0.033113
nta,B8,BK1001,0.07947
nta,B8,BK1702,0.13245
nta,B8,BK1102,0.092715
nta,B8,BK1202,0.072848
nta,B8,BK1204,0.019868
nta,B8,BK1203,0.019868
nta,B8,BK1061,0.019868
nta,B41,BK1801,0.278846
nta,B41,BK1401,0.201923
nta,B41,BK1701,0.019231
nta,B41,BK0602,0.086538
nta,B41,BK1802,0.173077
nta,B41,BK5591,0.038462
nta,B41,BK0203,0.009615
nta,B41,BK0202,0.096154
nta,B41,BK0902,0.067308
nta,B41,BK0801,0.028846
nta,Bx30,BX1104,0.105263
nta,Bx30,BX1201,0.026316
nta,Bx30,BX1004,0.552632
nta,Bx30,BX1103,0.052632
nta,Bx30,BX1202,0.25
nta,Bx30,BX1101,0.013158
nta,BX30,BX1104,0.105263
nta,BX30,BX1201,0.026316
nta,BX30,BX1004,0.552632
nta,BX30,BX1103,0.052632
nta,BX30,BX1202,0.25
nta,BX30,BX1101,0.013158
nta,Bx38,BX0702,0.186047
nta,Bx38,BX0703,0.174419
nta,Bx38,BX1004,0.325581
nta,Bx38,BX0701,0.046512
nta,Bx38,BX1103,0.05814
nta,Bx38,BX1202,0.093023
nta,Bx38,BX1201,0.104651
nta,Bx38,BX2791,0.011628
nta,BX38,BX0702,0.186047
nta,BX38,BX0703,0.174419
nta,BX38,BX1004,0.325581
nta,BX38,BX0701,0.046512
nta,BX38,BX1103,0.05814
nta,BX38,BX1202,0.093023
nta,BX38,BX1201,0.104651
nta,BX38,BX2791,0.011628
nta,M4,MN1201,0.131579
nta,M4,MN6491,0.164474
nta,M4,MN1001,0.026316
nta,M4,MN0802,0.098684
nta,M4,MN0502,0.111842
nta,M4,MN0903,0.098684
nta,M4,MN0501,0.019737
nta,M4,MN1202,0.111842
nta,M4,MN0703,0.026316
nta,M4,MN0901,0.111842
nta,M4,MN1101,0.046053
nta,M4,MN0902,0.052632
nta,M15,MN1102,0.114754
nta,M15,MN0302,0.040984
nta,M15,MN0101,0.106557
nta,M15,MN0603,0.122951
nta,M15,MN0801,0.122951
nta,M15,MN0301,0.114754
nta,M15,MN0303,0.065574
nta,M15,MN1101,0.065574
nta,M15,MN0604,0.065574
nta,M15,MN0803,0.098361
nta,M15,MN0102,0.008197
nta,M15,MN0602,0.057377
nta,M15,MN0661,0.016393
nta,B100,BK1802,0.661017
nta,B100,BK1502,0.20339
nta,B100,BK1801,0.101695
nta,B100,BK1891,0.033898
nta,Bx22,BX0903,0.266667
nta,Bx22,BX0702,0.12
nta,Bx22,BX0701,0.106667
nta,Bx22,BX0904,0.16
nta,Bx22,BX1101,0.133333
nta,Bx22,BX2791,0.053333
nta,Bx22,BX0603,0.106667
nta,Bx22,BX0801,0.013333
nta,Bx22,BX1001,0.013333
nta,Bx22,BX0503,0.013333
nta,Bx22,BX0902,0.013333
nta,BX22,BX0903,0.266667
nta,BX22,BX0702,0.12
nta,BX22,BX0701,0.106667
nta,BX22,BX0904,0.16
nta,BX22,BX1101,0.133333
nta,BX22,BX2791,0.053333
nta,BX22,BX0603,0.106667
nta,BX22,BX0801,0.013333
nta,BX22,BX1001,0.013333
nta,BX22,BX0503,0.013333
nta,BX22,BX0902,0.013333
nta,B14,BK1602,0.340909
nta,B14,BK0505,0.25
nta,B14,BK0502,0.306818
nta,B14,BK0802,0.056818
nta,B14,BK0901,0.022727
nta,B14,BK0891,0.022727
nta,Bx40,BX1002,0.383721
nta,Bx40,BX1102,0.034884
nta,Bx40,BX0501,0.162791
nta,Bx40,BX1101,0.046512
nta,Bx40,BX0904,0.046512
nta,Bx40,BX0502,0.093023
nta,Bx40,BX0602,0.093023
nta,Bx40,BX0601,0.05814
nta,Bx40,BX1001,0.069767
nta,Bx40,BX0901,0.011628
nta,BX40,BX1002,0.383721
nta,BX40,BX1102,0.034884
nta,BX40,BX0501,0.162791
nta,BX40,BX1101,0.046512
nta,BX40,BX0904,0.046512
nta,BX40,BX0502,0.093023
nta,BX40,BX0602,0.093023
nta,BX40,BX0601,0.05814
nta,BX40,BX1001,0.069767
nta,BX40,BX0901,0.011628
nta,Bx28,BX0702,0.158416
nta,Bx28,BX0703,0.158416
nta,Bx28,BX1004,0.405941
nta,Bx28,BX0701,0.049505
nta,Bx28,BX1103,0.049505
nta,Bx28,BX1202,0.079208
nta,Bx28,BX1201,0.089109
nta,Bx28,BX2791,0.009901
nta,BX28,BX0702,0.158416
nta,BX28,BX0703,0.158416
nta,BX28,BX1004,0.405941
nta,BX28,BX0701,0.049505
nta,BX28,BX1103,0.049505
nta,BX28,BX1202,0.079208
nta,BX28,BX1201,0.089109
nta,BX28,BX2791,0.009901
nta,B1,BK1301,0.091837
nta,B1,BK1501,0.081633
nta,B1,BK1303,0.204082
nta,B1,BK1103,0.112245
nta,B1,BK1302,0.030612
nta,B1,BK1101,0.081633
nta,B1,BK1091,0.05102
nta,B1,BK1001,0.081633
nta,B1,BK1102,0.071429
nta,B1,BK1503,0.142857
nta,B1,BK1002,0.05102
nta,M101,MN0802,0.090323
nta,M101,MN0303,0.03871
nta,M101,MN0602,0.051613
nta,M101,MN1001,0.051613
nta,M101,MN1101,0.064516
nta,M101,MN1201,0.090323
nta,M101,MN0903,0.077419
nta,M101,MN0604,0.064516
nta,M101,MN1202,0.058065
nta,M101,MN1102,0.109677
nta,M101,MN0803,0.03871
nta,M101,MN0902,0.058065
nta,M101,MN0603,0.083871
nta,M101,MN1291,0.045161
nta,M101,MN0801,0.051613
nta,M101,MN0901,0.025806
nta,BxM9,MN0502,0.157895
nta,BxM9,BX1002,0.578947
nta,BxM9,MN0501,0.078947
nta,BxM9,MN6491,0.052632
nta,BxM9,MN0802,0.052632
nta,BxM9,MN1102,0.052632
nta,BxM9,MN0803,0.026316
nta,BXM9,MN0502,0.157895
nta,BXM9,BX1002,0.578947
nta,BXM9,MN0501,0.078947
nta,BXM9,MN6491,0.052632
nta,BXM9,MN0802,0.052632
nta,BXM9,MN1102,0.052632
nta,BXM9,MN0803,0.026316
nta,M10,MN0701,0.102273
nta,M10,MN1002,0.318182
nta,M10,MN6491,0.238636
nta,M10,MN0502,0.022727
nta,M10,MN1001,0.147727
nta,M10,MN0702,0.113636
nta,M10,MN0703,0.056818
nta,B47,BK0302,0.221239
nta,B47,BK1801,0.088496
nta,B47,BK1704,0.159292
nta,B47,BK1703,0.070796
nta,B47,BK0802,0.061947
nta,B47,BK1802,0.168142
nta,B47,BK1601,0.070796
nta,B47,BK1803,0.053097
nta,B47,BK0401,0.061947
nta,B47,BK1602,0.026549
nta,B47,BK0402,0.017699
nta,B37,BK1001,0.382716
nta,B37,BK0702,0.37037
nta,B37,BK0601,0.197531
nta,B37,BK0202,0.049383
nta,BM3,BK1503,0.311111
nta,BM3,MN0101,0.088889
nta,BM3,BK1502,0.077778
nta,BM3,BK1403,0.111111
nta,BM3,MN0604,0.033333
nta,BM3,BK1402,0.066667
nta,BM3,BK1401,0.044444
nta,BM3,MN0501,0.055556
nta,BM3,MN0191,0.011111
nta,BM3,BK1203,0.055556
nta,BM3,MN0502,0.066667
nta,BM3,MN0602,0.055556
nta,BM3,MN0102,0.022222
nta,Bx6,BX0401,0.084746
nta,Bx6,MN1201,0.152542
nta,Bx6,BX0202,0.152542
nta,Bx6,BX0201,0.322034
nta,Bx6,BX0301,0.169492
nta,Bx6,BX0491,0.050847
nta,Bx6,MN0903,0.050847
nta,Bx6,BX0402,0.016949
nta,BX6,BX0401,0.084746
nta,BX6,MN1201,0.152542
nta,BX6,BX0202,0.152542
nta,BX6,BX0201,0.322034
nta,BX6,BX0301,0.169492
nta,BX6,BX0491,0.050847
nta,BX6,MN0903,0.050847
nta,BX6,BX0402,0.016949
nta,B82,BK1103,0.188811
nta,B82,BK1501,0.076923
nta,B82,BK1803,0.251748
nta,B82,BK1801,0.125874
nta,B82,BK0504,0.090909
nta,B82,BK1502,0.062937
nta,B82,BK1302,0.062937
nta,B82,BK1101,0.034965
nta,B82,BK1301,0.048951
nta,B82,BK1102,0.013986
nta,B82,BK1802,0.013986
nta,B82,BK0503,0.006993
nta,B82,BK1403,0.020979
nta,B12,BK1602,0.186441
nta,B12,BK1601,0.050847
nta,B12,BK0901,0.033898
nta,B12,BK0902,0.338983
nta,B12,BK0502,0.033898
nta,B12,BK1701,0.118644
nta,B12,BK0891,0.050847
nta,B12,BK1704,0.067797
nta,B12,BK1703,0.033898
nta,B12,BK0802,0.016949
nta,B12,BK1401,0.067797
nta,Bx17,BX0101,0.261538
nta,Bx17,BX0202,0.123077
nta,Bx17,BX0603,0.2
nta,Bx17,BX0391,0.061538
nta,Bx17,BX0602,0.123077
nta,Bx17,BX0301,0.092308
nta,Bx17,BX0303,0.030769
nta,Bx17,BX0102,0.107692
nta,BX17,BX0101,0.261538
nta,BX17,BX0202,0.123077
nta,BX17,BX0603,0.2
nta,BX17,BX0391,0.061538
nta,BX17,BX0602,0.123077
nta,BX17,BX0301,0.092308
nta,BX17,BX0303,0.030769
nta,BX17,BX0102,0.107692
nta,B38,BK0401,0.168675
nta,B38,QN0502,0.253012
nta,B38,BK0203,0.096386
nta,B38,BK0301,0.13253
nta,B38,BK0202,0.120482
nta,B38,BK0204,0.072289
nta,B38,BK0302,0.144578
nta,B38,BK0402,0.012048
nta,Bx3,BX0801,0.3
nta,Bx3,BX0701,0.2
nta,Bx3,BX0501,0.28
nta,Bx3,MN1202,0.12
nta,Bx3,BX0702,0.02
nta,Bx3,BX0802,0.04
nta,Bx3,MN1201,0.04
nta,BX3,BX0801,0.3
nta,BX3,BX0701,0.2
nta,BX3,BX0501,0.28
nta,BX3,MN1202,0.12
nta,BX3,BX0702,0.02
nta,BX3,BX0802,0.04
nta,BX3,MN1201,0.04
nta,M2,MN0502,0.118056
nta,M2,MN0501,0.076389
nta,M2,MN1001,0.104167
nta,M2,MN0202,0.048611
nta,M2,MN1002,0.173611
nta,M2,MN6491,0.166667
nta,M2,MN0802,0.104167
nta,M2,MN1291,0.034722
nta,M2,MN1201,0.076389
nta,M2,MN0602,0.027778
nta,M2,MN1101,0.048611
nta,M2,MN0303,0.013889
nta,M2,MN0903,0.006944
nta,M125,MN0901,0.125
nta,M125,BX0101,0.225
nta,M125,MN1102,0.3
nta,M125,MN1001,0.2
nta,M125,MN0902,0.1
nta,M125,BX0102,0.05
nta,B35,BK1701,0.107527
nta,B35,BK1602,0.086022
nta,B35,BK1703,0.182796
nta,B35,BK0702,0.075269
nta,B35,BK1402,0.064516
nta,B35,BK1704,0.096774
nta,B35,BK1203,0.11828
nta,B35,BK1202,0.086022
nta,B35,BK1401,0.053763
nta,B35,BK0703,0.064516
nta,B35,BK1201,0.064516
nta,B84,BK0503,0.615385
nta,B84,BK0505,0.038462
nta,B84,BK0504,0.346154
nta,Bx39,BX0902,0.216867
nta,Bx39,BX1203,0.156627
nta,Bx39,BX0901,0.072289
nta,Bx39,BX1201,0.192771
nta,Bx39,BX0903,0.048193
nta,Bx39,BX0904,0.048193
nta,Bx39,BX1101,0.168675
nta,Bx39,BX1104,0.096386
nta,BX39,BX0902,0.216867
nta,BX39,BX1203,0.156627
nta,BX39,BX0901,0.072289
nta,BX39,BX1201,0.192771
nta,BX39,BX0903,0.048193
nta,BX39,BX0904,0.048193
nta,BX39,BX1101,0.168675
nta,BX39,BX1104,0.096386
nta,M106,MN0702,0.333333
nta,M106,MN6491,0.121212
nta,M106,MN1101,0.515152
nta,M106,MN0802,0.030303
nta,Bx5,BX0903,0.164179
nta,Bx5,BX1002,0.164179
nta,Bx5,BX1004,0.059701
nta,Bx5,BX0902,0.223881
nta,Bx5,BX1003,0.059701
nta,Bx5,BX0202,0.074627
nta,Bx5,BX0901,0.149254
nta,Bx5,BX2891,0.074627
nta,Bx5,BX0201,0.014925
nta,Bx5,BX1202,0.014925
nta,BX5,BX0903,0.164179
nta,BX5,BX1002,0.164179
nta,BX5,BX1004,0.059701
nta,BX5,BX0902,0.223881
nta,BX5,BX1003,0.059701
nta,BX5,BX0202,0.074627
nta,BX5,BX0901,0.149254
nta,BX5,BX2891,0.074627
nta,BX5,BX0201,0.014925
nta,BX5,BX1202,0.014925
nta,Bx1,BX0502,0.123596
nta,Bx1,BX0801,0.11236
nta,Bx1,BX0702,0.213483
nta,Bx1,BX0401,0.202247
nta,Bx1,BX0403,0.101124
nta,Bx1,BX0802,0.067416
nta,Bx1,BX0503,0.078652
nta,Bx1,BX0701,0.033708
nta,Bx1,BX0703,0.022472
nta,Bx1,BX0101,0.044944
nta,BX1,BX0502,0.123596
nta,BX1,BX0801,0.11236
nta,BX1,BX0702,0.213483
nta,BX1,BX0401,0.202247
nta,BX1,BX0403,0.101124
nta,BX1,BX0802,0.067416
nta,BX1,BX0503,0.078652
nta,BX1,BX0701,0.033708
nta,BX1,BX0703,0.022472
nta,BX1,BX0101,0.044944
nta,BxM1,MN0603,0.068966
nta,BxM1,BX0803,0.517241
nta,BxM1,MN0801,0.068966
nta,BxM1,MN0802,0.086207
nta,BxM1,BX0802,0.051724
nta,BxM1,MN0803,0.034483
nta,BxM1,MN0604,0.051724
nta,BxM1,MN1101,0.017241
nta,BxM1,MN1292,0.017241
nta,BxM1,MN1203,0.068966
nta,BxM1,MN1202,0.017241
nta,BXM1,MN0603,0.068966
nta,BXM1,BX0803,0.517241
nta,BXM1,MN0801,0.068966
nta,BXM1,MN0802,0.086207
nta,BXM1,BX0802,0.051724
nta,BXM1,MN0803,0.034483
nta,BXM1,MN0604,0.051724
nta,BXM1,MN1101,0.017241
nta,BXM1,MN1292,0.017241
nta,BXM1,MN1203,0.068966
nta,BXM1,MN1202,0.017241
nta,B70,BK1061,0.046154
nta,B70,BK0703,0.246154
nta,B70,BK0702,0.153846
nta,B70,BK1201,0.123077
nta,B70,BK1002,0.138462
nta,B70,BK1001,0.261538
nta,B70,BK1091,0.030769
nta,B74,BK1302,1.0
nta,L90,BK0104,0.5625
nta,L90,BK0401,0.25
nta,L90,BK0402,0.125
nta,L90,BK0102,0.0625
nta,B6,BK1401,0.058065
nta,B6,BK1801,0.129032
nta,B6,BK1803,0.232258
nta,B6,BK1101,0.103226
nta,B6,BK0503,0.135484
nta,B6,BK1103,0.077419
nta,B6,BK1204,0.083871
nta,B6,BK1702,0.070968
nta,B6,BK1403,0.083871
nta,B6,BK1102,0.019355
nta,B6,BK1301,0.006452
nta,B13,QN0574,0.04386
nta,B13,QN0503,0.087719
nta,B13,BK0505,0.359649
nta,B13,BK0501,0.096491
nta,B13,QN0502,0.245614
nta,B13,BK0401,0.087719
nta,B13,BK0504,0.061404
nta,B13,BK0571,0.008772
nta,B13,BK0402,0.008772
nta,B26,BK0301,0.185185
nta,B26,BK1601,0.024691
nta,B26,BK0302,0.197531
nta,B26,BK0402,0.234568
nta,B26,BK0203,0.123457
nta,B26,BK0204,0.08642
nta,B26,BK0202,0.123457
nta,B26,QN0502,0.024691
nta,B64,BK1002,0.3
nta,B64,BK1103,0.12
nta,B64,BK1102,0.19
nta,B64,BK1001,0.2
nta,B64,BK1302,0.05
nta,B64,BK1091,0.03
nta,B64,BK1301,0.11
nta,B65,BK0802,0.627119
nta,B65,BK0202,0.20339
nta,B65,BK0801,0.101695
nta,B65,BK0602,0.050847
nta,B65,BK0201,0.016949
nta,B63,BK0702,0.163636
nta,B63,BK0602,0.190909
nta,B63,BK0703,0.118182
nta,B63,BK1001,0.281818
nta,B63,BK0201,0.054545
nta,B63,BK0202,0.118182
nta,B63,BK0771,0.027273
nta,B63,BK0601,0.018182
nta,B63,BK0701,0.027273
nta,BM1,BK1802,0.314607
nta,BM1,MN0101,0.089888
nta,BM1,BK1801,0.146067
nta,BM1,BK1403,0.101124
nta,BM1,MN0604,0.033708
nta,BM1,BK1401,0.044944
nta,BM1,MN0501,0.05618
nta,BM1,MN0191,0.011236
nta,BM1,BK1402,0.05618
nta,BM1,MN0502,0.067416
nta,BM1,MN0602,0.05618
nta,BM1,MN0102,0.022472
nta,B3,BK1891,0.068966
nta,B3,BK1103,0.218391
nta,B3,BK1501,0.172414
nta,B3,BK1502,0.195402
nta,B3,BK1503,0.045977
nta,B3,BK1802,0.298851
nta,B32,BK0101,0.3
nta,B32,BK0102,0.5
nta,B32,QN0201,0.2
nta,B46-SBS,BK0302,0.296296
nta,B46-SBS,BK1801,0.259259
nta,B46-SBS,BK1703,0.111111
nta,B46-SBS,BK0902,0.037037
nta,B46-SBS,BK0901,0.148148
nta,B46-SBS,BK1702,0.074074
nta,B46-SBS,BK1802,0.074074
nta,B46+,BK0302,0.296296
nta,B46+,BK1801,0.259259
nta,B46+,BK1703,0.111111
nta,B46+,BK0902,0.037037
nta,B46+,BK0901,0.148148
nta,B46+,BK1702,0.074074
nta,B46+,BK1802,0.074074
nta,Bx9,BX2691,0.112676
nta,Bx9,BX0601,0.140845
nta,Bx9,BX0802,0.211268
nta,Bx9,BX0701,0.140845
nta,Bx9,BX0803,0.098592
nta,Bx9,BX0603,0.15493
nta,Bx9,BX0801,0.056338
nta,Bx9,BX2791,0.042254
nta,Bx9,BX0702,0.028169
nta,Bx9,BX0602,0.014085
nta,BX9,BX2691,0.112676
nta,BX9,BX0601,0.140845
nta,BX9,BX0802,0.211268
nta,BX9,BX0701,0.140845
nta,BX9,BX0803,0.098592
nta,BX9,BX0603,0.15493
nta,BX9,BX0801,0.056338
nta,BX9,BX2791,0.042254
nta,BX9,BX0702,0.028169
nta,BX9,BX0602,0.014085
nta,B17,BK1803,0.65625
nta,B17,BK1704,0.104167
nta,B17,BK1703,0.09375
nta,B17,BK0901,0.09375
nta,B17,BK0902,0.020833
nta,B17,BK1893,0.03125
nta,BxM4,BX1203,0.129032
nta,BxM4,BX0502,0.064516
nta,BxM4,BX1271,0.064516
nta,BxM4,BX0702,0.112903
nta,BxM4,BX0703,0.096774
nta,BxM4,MN1101,0.016129
nta,BxM4,MN0802,0.064516
nta,BxM4,BX0403,0.064516
nta,BxM4,BX0401,0.064516
nta,BxM4,BX0701,0.032258
nta,BxM4,MN0502,0.096774
nta,BxM4,MN6491,0.080645
nta,BxM4,MN0501,0.064516
nta,BxM4,MN1001,0.016129
nta,BxM4,BX0503,0.016129
nta,BxM4,MN1102,0.016129
nta,BXM4,BX1203,0.129032
nta,BXM4,BX0502,0.064516
nta,BXM4,BX1271,0.064516
nta,BXM4,BX0702,0.112903
nta,BXM4,BX0703,0.096774
nta,BXM4,MN1101,0.016129
nta,BXM4,MN0802,0.064516
nta,BXM4,BX0403,0.064516
nta,BXM4,BX0401,0.064516
nta,BXM4,BX0701,0.032258
nta,BXM4,MN0502,0.096774
nta,BXM4,MN6491,0.080645
nta,BXM4,MN0501,0.064516
nta,BXM4,MN1001,0.016129
nta,BXM4,BX0503,0.016129
nta,BXM4,MN1102,0.016129
nta,Bx24,BX1161,0.222222
nta,Bx24,BX1003,0.577778
nta,Bx24,BX2891,0.066667
nta,Bx24,BX1001,0.111111
nta,Bx24,BX1002,0.022222
nta,BX24,BX1161,0.222222
nta,BX24,BX1003,0.577778
nta,BX24,BX2891,0.066667
nta,BX24,BX1001,0.111111
nta,BX24,BX1002,0.022222
nta,B16,BK1202,0.228814
nta,B16,BK1001,0.330508
nta,B16,BK5591,0.042373
nta,B16,BK1203,0.09322
nta,B16,BK1402,0.025424
nta,B16,BK1201,0.008475
nta,B16,BK0701,0.033898
nta,B16,BK0902,0.050847
nta,B16,BK1401,0.042373
nta,B16,BK1002,0.127119
nta,B16,BK0703,0.016949
nta,Bx10,BX0702,0.155844
nta,Bx10,BX0803,0.454545
nta,Bx10,BX0801,0.155844
nta,Bx10,BX0802,0.077922
nta,Bx10,BX0703,0.155844
nta,BX10,BX0702,0.155844
nta,BX10,BX0803,0.454545
nta,BX10,BX0801,0.155844
nta,BX10,BX0802,0.077922
nta,BX10,BX0703,0.155844
nta,Bx36,BX0903,0.112676
nta,Bx36,MN1202,0.112676
nta,Bx36,BX0501,0.169014
nta,Bx36,BX0901,0.112676
nta,Bx36,BX0602,0.126761
nta,Bx36,BX0904,0.056338
nta,Bx36,BX1101,0.014085
nta,Bx36,BX0502,0.098592
nta,Bx36,BX0902,0.070423
nta,Bx36,BX0601,0.126761
nta,BX36,BX0903,0.112676
nta,BX36,MN1202,0.112676
nta,BX36,BX0501,0.169014
nta,BX36,BX0901,0.112676
nta,BX36,BX0602,0.126761
nta,BX36,BX0904,0.056338
nta,BX36,BX1101,0.014085
nta,BX36,BX0502,0.098592
nta,BX36,BX0902,0.070423
nta,BX36,BX0601,0.126761
nta,Bx29,BX1003,0.666667
nta,Bx29,BX2891,0.333333
nta,BX29,BX1003,0.666667
nta,BX29,BX2891,0.333333
nta,B103,BK1801,0.12
nta,B103,BK1803,0.426667
nta,B103,BK1702,0.013333
nta,B103,BK1401,0.066667
nta,B103,BK1203,0.066667
nta,B103,BK0601,0.08
nta,B103,BK1701,0.013333
nta,B103,BK0202,0.173333
nta,B103,BK1402,0.04
nta,BxM10,MN0802,0.04878
nta,BxM10,BX1102,0.195122
nta,BxM10,MN0501,0.073171
nta,BxM10,BX1101,0.121951
nta,BxM10,BX1202,0.121951
nta,BxM10,MN0803,0.073171
nta,BxM10,MN0502,0.146341
nta,BxM10,MN6491,0.04878
nta,BxM10,BX1103,0.073171
nta,BxM10,MN1102,0.04878
nta,BxM10,MN1101,0.02439
nta,BxM10,BX0601,0.02439
nta,BXM10,MN0802,0.04878
nta,BXM10,BX1102,0.195122
nta,BXM10,MN0501,0.073171
nta,BXM10,BX1101,0.121951
nta,BXM10,BX1202,0.121951
nta,BXM10,MN0803,0.073171
nta,BXM10,MN0502,0.146341
nta,BXM10,MN6491,0.04878
nta,BXM10,BX1103,0.073171
nta,BXM10,MN1102,0.04878
nta,BXM10,MN1101,0.02439
nta,BXM10,BX0601,0.02439
nta,M100,MN0901,0.058824
nta,M100,MN1202,0.279412
nta,M100,MN1203,0.191176
nta,M100,MN0903,0.117647
nta,M100,MN1201,0.220588
nta,M100,MN0902,0.102941
nta,M100,MN1292,0.014706
nta,M100,MN1291,0.014706
nta,B44,BK1502,0.080292
nta,B44,BK1702,0.043796
nta,B44,BK0301,0.175182
nta,B44,BK1801,0.043796
nta,B44,BK0802,0.072993
nta,B44,BK1503,0.175182
nta,B44,BK1401,0.043796
nta,B44,BK1403,0.043796
nta,B44,BK1701,0.10219
nta,B44,BK0102,0.014599
nta,B44,BK0103,0.051095
nta,B44,BK0902,0.080292
nta,B44,BK1802,0.029197
nta,B44,BK0901,0.043796
nta,Bx26,BX1103,0.209677
nta,Bx26,BX1202,0.064516
nta,Bx26,BX0702,0.225806
nta,Bx26,BX1004,0.33871
nta,Bx26,BX2791,0.032258
nta,Bx26,BX0603,0.016129
nta,Bx26,BX1104,0.112903
nta,BX26,BX1103,0.209677
nta,BX26,BX1202,0.064516
nta,BX26,BX0702,0.225806
nta,BX26,BX1004,0.33871
nta,BX26,BX2791,0.032258
nta,BX26,BX0603,0.016129
nta,BX26,BX1104,0.112903
nta,Bx13,BX0403,0.023256
nta,Bx13,MN1201,0.046512
nta,Bx13,BX0401,0.209302
nta,Bx13,BX0402,0.348837
nta,Bx13,MN1202,0.139535
nta,Bx13,BX0301,0.139535
nta,Bx13,BX0491,0.093023
nta,BX13,BX0403,0.023256
nta,BX13,MN1201,0.046512
nta,BX13,BX0401,0.209302
nta,BX13,BX0402,0.348837
nta,BX13,MN1202,0.139535
nta,BX13,BX0301,0.139535
nta,BX13,BX0491,0.093023
nta,B46,BK1703,0.149533
nta,B46,BK1801,0.186916
nta,B46,BK0802,0.056075
nta,B46,BK0104,0.037383
nta,B46,BK0102,0.046729
nta,B46,BK0302,0.214953
nta,B46,BK0901,0.056075
nta,B46,BK1702,0.065421
nta,B46,BK1802,0.046729
nta,B46,BK0401,0.056075
nta,B46,BK0902,0.028037
nta,B46,BK0103,0.056075
nta,M102,MN0802,0.122807
nta,M102,MN0303,0.052632
nta,M102,MN0602,0.070175
nta,M102,MN1101,0.087719
nta,M102,MN1002,0.175439
nta,M102,MN1001,0.078947
nta,M102,MN1102,0.087719
nta,M102,MN0604,0.087719
nta,M102,MN0803,0.052632
nta,M102,MN0603,0.114035
nta,M102,MN0801,0.070175
nta,Bx18A,BX0402,0.333333
nta,Bx18A,BX0501,0.380952
nta,Bx18A,BX0403,0.285714
nta,BX18A,BX0402,0.333333
nta,BX18A,BX0501,0.380952
nta,BX18A,BX0403,0.285714
nta,M116,MN0703,0.261905
nta,M116,MN1001,0.285714
nta,M116,MN1102,0.428571
nta,M116,MN0901,0.02381
nta,B61,BK0601,0.609756
nta,B61,BK0602,0.182927
nta,B61,BK0701,0.109756
nta,B61,BK0202,0.036585
nta,B61,BK0201,0.060976
nta,M35,MN1191,0.73913
nta,M35,MN1102,0.26087
nta,M21,MN0303,0.119048
nta,M21,MN0302,0.357143
nta,M21,MN0202,0.142857
nta,M21,MN0201,0.309524
nta,M21,MN0203,0.071429
nta,Bx4A,BX0303,0.04878
nta,Bx4A,BX0901,0.292683
nta,Bx4A,BX1102,0.04878
nta,Bx4A,BX0904,0.292683
nta,Bx4A,BX0202,0.097561
nta,Bx4A,BX1001,0.170732
nta,Bx4A,BX0903,0.04878
nta,BX4A,BX0303,0.04878
nta,BX4A,BX0901,0.292683
nta,BX4A,BX1102,0.04878
nta,BX4A,BX0904,0.292683
nta,BX4A,BX0202,0.097561
nta,BX4A,BX1001,0.170732
nta,BX4A,BX0903,0.04878
nta,Bx27,BX0303,0.046512
nta,Bx27,BX0901,0.325581
nta,Bx27,BX0902,0.534884
nta,Bx27,BX0202,0.093023
nta,BX27,BX0303,0.046512
nta,BX27,BX0901,0.325581
nta,BX27,BX0902,0.534884
nta,BX27,BX0202,0.093023
nta,B69,BK0202,0.077778
nta,B69,BK0701,0.133333
nta,B69,BK0203,0.111111
nta,B69,BK1203,0.111111
nta,B69,BK0602,0.266667
nta,B69,BK0204,0.1
nta,B69,BK0801,0.111111
nta,B69,BK0771,0.044444
nta,B69,BK0261,0.033333
nta,B69,BK0702,0.011111
nta,M20,MN0101,0.189873
nta,M20,MN0201,0.037975
nta,M20,MN0401,0.101266
nta,M20,MN0203,0.164557
nta,M20,MN6491,0.025316
nta,M20,MN0502,0.21519
nta,M20,MN0102,0.101266
nta,M20,MN0501,0.063291
nta,M20,MN0701,0.075949
nta,M20,MN0191,0.025316
nta,B15,BK1602,0.153846
nta,B15,BK1704,0.055944
nta,B15,BK0802,0.153846
nta,B15,BK0505,0.13986
nta,B15,BK0503,0.202797
nta,B15,BK0302,0.216783
nta,B15,QN1003,0.020979
nta,B15,QN8381,0.020979
nta,B15,BK1601,0.013986
nta,B15,QN1002,0.006993
nta,B15,QN1001,0.006993
nta,B15,BK0401,0.006993
nta,B111,BK1601,0.166667
nta,B111,BK0502,0.166667
nta,B111,QN0502,0.166667
nta,B111,BK0402,0.5
nta,Bx12-SBS,BX1004,0.142857
nta,Bx12-SBS,BX0701,0.228571
nta,Bx12-SBS,BX1102,0.142857
nta,Bx12-SBS,BX0603,0.057143
nta,Bx12-SBS,MN1203,0.114286
nta,Bx12-SBS,BX0503,0.057143
nta,Bx12-SBS,BX2791,0.057143
nta,Bx12-SBS,BX1003,0.028571
nta,Bx12-SBS,BX2891,0.057143
nta,Bx12-SBS,BX1161,0.028571
nta,Bx12-SBS,BX1202,0.028571
nta,Bx12-SBS,BX1101,0.057143
nta,BX12+,BX1004,0.142857
nta,BX12+,BX0701,0.228571
nta,BX12+,BX1102,0.142857
nta,BX12+,BX0603,0.057143
nta,BX12+,MN1203,0.114286
nta,BX12+,BX0503,0.057143
nta,BX12+,BX2791,0.057143
nta,BX12+,BX1003,0.028571
nta,BX12+,BX2891,0.057143
nta,BX12+,BX1161,0.028571
nta,BX12+,BX1202,0.028571
nta,BX12+,BX1101,0.057143
nta,B60,BK1803,0.141791
nta,B60,BK0503,0.059701
nta,B60,BK0402,0.179104
nta,B60,BK0104,0.179104
nta,B60,BK1602,0.149254
nta,B60,BK0102,0.08209
nta,B60,BK1601,0.104478
nta,B60,BK0401,0.104478
nta,M34A-SBS,MN0501,0.206897
nta,M34A-SBS,MN0502,0.172414
nta,M34A-SBS,MN0603,0.413793
nta,M34A-SBS,MN0402,0.137931
nta,M34A-SBS,MN0401,0.034483
nta,M34A-SBS,MN0602,0.034483
nta,M34A+,MN0501,0.206897
nta,M34A+,MN0502,0.172414
nta,M34A+,MN0603,0.413793
nta,M34A+,MN0402,0.137931
nta,M34A+,MN0401,0.034483
nta,M34A+,MN0602,0.034483
nta,B57,BK0202,0.126316
nta,B57,BK0302,0.021053
nta,B57,BK0601,0.305263
nta,B57,BK0104,0.084211
nta,B57,BK0203,0.073684
nta,B57,QN0501,0.084211
nta,B57,BK0301,0.052632
nta,B57,BK0401,0.073684
nta,B57,QN0502,0.031579
nta,B57,BK0261,0.042105
nta,B57,BK0204,0.010526
nta,B57,BK0103,0.073684
nta,B57,BK0201,0.021053
nta,Bx25,BX1103,0.188406
nta,Bx25,BX1202,0.057971
nta,Bx25,BX1004,0.405797
nta,Bx25,BX0702,0.202899
nta,Bx25,BX2791,0.028986
nta,Bx25,BX0603,0.014493
nta,Bx25,BX1104,0.101449
nta,BX25,BX1103,0.188406
nta,BX25,BX1202,0.057971
nta,BX25,BX1004,0.405797
nta,BX25,BX0702,0.202899
nta,BX25,BX2791,0.028986
nta,BX25,BX0603,0.014493
nta,BX25,BX1104,0.101449
nta,B36,BK1302,0.530864
nta,B36,BK1301,0.08642
nta,B36,BK1503,0.333333
nta,B36,BK1303,0.012346
nta,B36,BK1501,0.037037
nta,M14A-SBS,MN0501,0.047619
nta,M14A-SBS,MN0302,0.333333
nta,M14A-SBS,MN0401,0.071429
nta,M14A-SBS,MN0602,0.071429
nta,M14A-SBS,MN0303,0.285714
nta,M14A-SBS,MN0203,0.119048
nta,M14A-SBS,MN0202,0.047619
nta,M14A-SBS,MN0601,0.02381
nta,M14A+,MN0501,0.047619
nta,M14A+,MN0302,0.333333
nta,M14A+,MN0401,0.071429
nta,M14A+,MN0602,0.071429
nta,M14A+,MN0303,0.285714
nta,M14A+,MN0203,0.119048
nta,M14A+,MN0202,0.047619
nta,M14A+,MN0601,0.02381
nta,B93,BK0204,0.25
nta,B93,BK0203,0.166667
nta,B93,BK0301,0.25
nta,B93,BK0202,0.333333
nta,Bx11,BX0403,0.203704
nta,Bx11,BX0901,0.203704
nta,Bx11,BX0303,0.185185
nta,Bx11,MN1202,0.12963
nta,Bx11,BX0302,0.111111
nta,Bx11,BX0904,0.018519
nta,Bx11,BX0903,0.037037
nta,Bx11,BX0402,0.018519
nta,Bx11,BX0492,0.037037
nta,Bx11,BX0391,0.037037
nta,Bx11,MN1201,0.018519
nta,BX11,BX0403,0.203704
nta,BX11,BX0901,0.203704
nta,BX11,BX0303,0.185185
nta,BX11,MN1202,0.12963
nta,BX11,BX0302,0.111111
nta,BX11,BX0904,0.018519
nta,BX11,BX0903,0.037037
nta,BX11,BX0402,0.018519
nta,BX11,BX0492,0.037037
nta,BX11,BX0391,0.037037
nta,BX11,MN1201,0.018519
nta,BxM3,BX2691,0.153846
nta,BxM3,BX0801,0.134615
nta,BxM3,MN1101,0.019231
nta,BxM3,MN0802,0.076923
nta,BxM3,BX0803,0.134615
nta,BxM3,BX0701,0.096154
nta,BxM3,MN0502,0.115385
nta,BxM3,MN6491,0.096154
nta,BxM3,MN0501,0.076923
nta,BxM3,BX0702,0.057692
nta,BxM3,MN1001,0.019231
nta,BxM3,MN1102,0.019231
nta,BXM3,BX2691,0.153846
nta,BXM3,BX0801,0.134615
nta,BXM3,MN1101,0.019231
nta,BXM3,MN0802,0.076923
nta,BXM3,BX0803,0.134615
nta,BXM3,BX0701,0.096154
nta,BXM3,MN0502,0.115385
nta,BXM3,MN6491,0.096154
nta,BXM3,MN0501,0.076923
nta,BXM3,BX0702,0.057692
nta,BXM3,MN1001,0.019231
nta,BXM3,MN1102,0.019231
nta,B44-SBS,BK1401,0.05
nta,B44-SBS,BK0301,0.175
nta,B44-SBS,BK0902,0.05
nta,B44-SBS,BK1503,0.15
nta,B44-SBS,BK0802,0.05
nta,B44-SBS,BK1502,0.1
nta,B44-SBS,BK1701,0.15
nta,B44-SBS,BK0103,0.125
nta,B44-SBS,BK1403,0.05
nta,B44-SBS,BK0102,0.05
nta,B44-SBS,BK1801,0.025
nta,B44-SBS,BK1802,0.025
nta,B44+,BK1401,0.05
nta,B44+,BK0301,0.175
nta,B44+,BK0902,0.05
nta,B44+,BK1503,0.15
nta,B44+,BK0802,0.05
nta,B44+,BK1502,0.1
nta,B44+,BK1701,0.15
nta,B44+,BK0103,0.125
nta,B44+,BK1403,0.05
nta,B44+,BK0102,0.05
nta,B44+,BK1801,0.025
nta,B44+,BK1802,0.025
nta,B2,BK1802,0.571429
nta,B2,BK1502,0.428571
nta,BxM2,BX0803,0.545455
nta,BxM2,BX0802,0.054545
nta,BxM2,MN1101,0.018182
nta,BxM2,MN0501,0.036364
nta,BxM2,MN0502,0.109091
nta,BxM2,MN0802,0.036364
nta,BxM2,MN0701,0.072727
nta,BxM2,MN0702,0.036364
nta,BxM2,MN6491,0.054545
nta,BxM2,MN1001,0.018182
nta,BxM2,MN1102,0.018182
nta,BXM2,BX0803,0.545455
nta,BXM2,BX0802,0.054545
nta,BXM2,MN1101,0.018182
nta,BXM2,MN0501,0.036364
nta,BXM2,MN0502,0.109091
nta,BXM2,MN0802,0.036364
nta,BXM2,MN0701,0.072727
nta,BXM2,MN0702,0.036364
nta,BXM2,MN6491,0.054545
nta,BXM2,MN1001,0.018182
nta,BXM2,MN1102,0.018182
nta,M11,MN0703,0.1
nta,M11,MN0401,0.158333
nta,M11,MN0902,0.116667
nta,M11,MN0701,0.1
nta,M11,MN0203,0.041667
nta,M11,MN0901,0.125
nta,M11,MN0402,0.133333
nta,M11,MN0702,0.158333
nta,M11,MN0903,0.066667
nta,BM4,BK1502,0.108434
nta,BM4,BK1503,0.096386
nta,BM4,MN0101,0.096386
nta,BM4,BK1891,0.048193
nta,BM4,BK1403,0.144578
nta,BM4,MN0604,0.036145
nta,BM4,BK1802,0.036145
nta,BM4,BK1402,0.072289
nta,BM4,BK1401,0.048193
nta,BM4,MN0501,0.060241
nta,BM4,MN0191,0.012048
nta,BM4,BK1801,0.024096
nta,BM4,BK1203,0.060241
nta,BM4,MN0502,0.072289
nta,BM4,MN0602,0.060241
nta,BM4,MN0102,0.024096
nta,BxM6,MN0502,0.272727
nta,BxM6,BX0901,0.090909
nta,BxM6,MN0501,0.136364
nta,BxM6,MN6491,0.090909
nta,BxM6,MN0802,0.090909
nta,BxM6,BX0904,0.181818
nta,BxM6,MN1102,0.090909
nta,BxM6,MN0803,0.045455
nta,BXM6,MN0502,0.272727
nta,BXM6,BX0901,0.090909
nta,BXM6,MN0501,0.136364
nta,BXM6,MN6491,0.090909
nta,BXM6,MN0802,0.090909
nta,BXM6,BX0904,0.181818
nta,BXM6,MN1102,0.090909
nta,BXM6,MN0803,0.045455
nta,B67,BK0103,0.036585
nta,B67,BK0701,0.146341
nta,B67,BK0602,0.268293
nta,B67,BK1203,0.121951
nta,B67,BK0202,0.256098
nta,B67,BK0771,0.04878
nta,B67,BK0261,0.04878
nta,B67,BK0203,0.012195
nta,B67,BK0801,0.04878
nta,B67,BK0702,0.012195
nta,Bx8,BX1201,0.191489
nta,Bx8,BX1002,0.414894
nta,Bx8,BX1104,0.085106
nta,Bx8,BX1001,0.06383
nta,Bx8,BX1103,0.031915
nta,Bx8,BX1003,0.085106
nta,Bx8,BX1102,0.12766
nta,BX8,BX1201,0.191489
nta,BX8,BX1002,0.414894
nta,BX8,BX1104,0.085106
nta,BX8,BX1001,0.06383
nta,BX8,BX1103,0.031915
nta,BX8,BX1003,0.085106
nta,BX8,BX1102,0.12766
nta,B48,BK0902,0.043478
nta,B48,BK0102,0.086957
nta,B48,BK0802,0.119565
nta,B48,BK0204,0.043478
nta,B48,BK0301,0.163043
nta,B48,BK0103,0.130435
nta,B48,BK0104,0.163043
nta,B48,BK0101,0.163043
nta,B48,BK0901,0.086957
nta,B62,BK0101,0.168317
nta,B62,BK0103,0.118812
nta,B62,QN0105,0.069307
nta,B62,BK0203,0.09901
nta,B62,BK0202,0.148515
nta,B62,QN0201,0.059406
nta,B62,BK0102,0.227723
nta,B62,BK0204,0.029703
nta,B62,QN0102,0.069307
nta,B62,BK0261,0.009901
nta,B49,BK0901,0.053435
nta,B49,BK0802,0.091603
nta,B49,BK1401,0.114504
nta,B49,BK1503,0.282443
nta,B49,BK1303,0.022901
nta,B49,BK1403,0.10687
nta,B49,BK1502,0.091603
nta,B49,BK1701,0.091603
nta,B49,BK0301,0.030534
nta,B49,BK0902,0.083969
nta,B49,BK1402,0.030534
nta,Bx21,BX1161,0.085714
nta,Bx21,BX1102,0.157143
nta,Bx21,BX0301,0.157143
nta,Bx21,BX1101,0.128571
nta,Bx21,BX0303,0.114286
nta,Bx21,BX0101,0.1
nta,Bx21,BX0601,0.1
nta,Bx21,BX1001,0.042857
nta,Bx21,BX0102,0.114286
nta,BX21,BX1161,0.085714
nta,BX21,BX1102,0.157143
nta,BX21,BX0301,0.157143
nta,BX21,BX1101,0.128571
nta,BX21,BX0303,0.114286
nta,BX21,BX0101,0.1
nta,BX21,BX0601,0.1
nta,BX21,BX1001,0.042857
nta,BX21,BX0102,0.114286
nta,BxM18,BX0803,0.537037
nta,BxM18,MN0101,0.111111
nta,BxM18,MN0102,0.148148
nta,BxM18,BX0802,0.055556
nta,BxM18,MN0502,0.074074
nta,BxM18,MN0501,0.074074
nta,BXM18,BX0803,0.537037
nta,BXM18,MN0101,0.111111
nta,BXM18,MN0102,0.148148
nta,BXM18,BX0802,0.055556
nta,BXM18,MN0502,0.074074
nta,BXM18,MN0501,0.074074
nta,M22,MN0101,0.186047
nta,M22,MN0102,0.232558
nta,M22,MN0301,0.348837
nta,M22,MN0302,0.232558
nta,B25,BK0203,0.128205
nta,B25,BK0302,0.179487
nta,B25,BK0202,0.179487
nta,B25,BK1601,0.153846
nta,B25,BK0201,0.076923
nta,B25,BK0204,0.076923
nta,B25,BK0502,0.025641
nta,B25,BK0301,0.179487
nta,B31,BK1502,0.571429
nta,B31,BK1503,0.261905
nta,B31,BK1891,0.166667
nta,Bx46,BX0201,0.785714
nta,Bx46,BX0202,0.142857
nta,Bx46,BX0102,0.071429
nta,BX46,BX0201,0.785714
nta,BX46,BX0202,0.142857
nta,BX46,BX0102,0.071429
nta,Bx16,BX1203,0.447761
nta,Bx16,BX1271,0.089552
nta,Bx16,BX0703,0.134328
nta,Bx16,BX1202,0.313433
nta,Bx16,BX2691,0.014925
nta,BX16,BX1203,0.447761
nta,BX16,BX1271,0.089552
nta,BX16,BX0703,0.134328
nta,BX16,BX1202,0.313433
nta,BX16,BX2691,0.014925
nta,Bx18B,BX0402,0.272727
nta,Bx18B,BX0403,0.272727
nta,Bx18B,BX0501,0.454545
nta,BX18B,BX0402,0.272727
nta,BX18B,BX0403,0.272727
nta,BX18B,BX0501,0.454545
nta,B43,BK0302,0.15534
nta,B43,BK0101,0.242718
nta,B43,BK0301,0.126214
nta,B43,BK0901,0.097087
nta,B43,BK0104,0.174757
nta,B43,BK0902,0.106796
nta,B43,BK0103,0.009709
nta,B43,BK0802,0.087379
nta,Bx34,BX0703,0.255814
nta,Bx34,BX1203,0.186047
nta,Bx34,BX1271,0.116279
nta,Bx34,BX0702,0.27907
nta,Bx34,BX0701,0.093023
nta,Bx34,BX2691,0.069767
nta,BX34,BX0703,0.255814
nta,BX34,BX1203,0.186047
nta,BX34,BX1271,0.116279
nta,BX34,BX0702,0.27907
nta,BX34,BX0701,0.093023
nta,BX34,BX2691,0.069767
nta,B106,BK0103,0.333333
nta,B106,MN0302,0.333333
nta,B106,BK0102,0.333333
nta,B90,BK1203,0.107143
nta,B90,BK1204,0.25
nta,B90,BK1501,0.142857
nta,B90,BK1302,0.214286
nta,B90,BK1402,0.035714
nta,B90,BK1103,0.142857
nta,B90,BK1202,0.071429
nta,B90,BK1301,0.035714
nta,M23-SBS,MN0401,0.483871
nta,M23-SBS,MN0602,0.193548
nta,M23-SBS,MN0501,0.129032
nta,M23-SBS,MN0601,0.193548
nta,M23+,MN0401,0.483871
nta,M23+,MN0602,0.193548
nta,M23+,MN0501,0.129032
nta,M23+,MN0601,0.193548
nta,B52,BK0302,0.211268
nta,B52,BK0301,0.183099
nta,B52,BK0203,0.15493
nta,B52,BK0402,0.183099
nta,B52,BK0204,0.098592
nta,B52,BK0202,0.140845
nta,B52,QN0502,0.028169
nta,M14D-SBS,MN0501,0.045455
nta,M14D-SBS,MN0401,0.181818
nta,M14D-SBS,MN0303,0.363636
nta,M14D-SBS,MN0602,0.068182
nta,M14D-SBS,MN0601,0.068182
nta,M14D-SBS,MN0202,0.045455
nta,M14D-SBS,MN0302,0.159091
nta,M14D-SBS,MN0203,0.068182
nta,M14D+,MN0501,0.045455
nta,M14D+,MN0401,0.181818
nta,M14D+,MN0303,0.363636
nta,M14D+,MN0602,0.068182
nta,M14D+,MN0601,0.068182
nta,M14D+,MN0202,0.045455
nta,M14D+,MN0302,0.159091
nta,M14D+,MN0203,0.068182
nta,Bx20,BX0803,0.475
nta,Bx20,BX0802,0.3
nta,Bx20,MN1203,0.2
nta,Bx20,MN1292,0.025
nta,BX20,BX0803,0.475
nta,BX20,BX0802,0.3
nta,BX20,MN1203,0.2
nta,BX20,MN1292,0.025
nta,B45,BK0802,0.566667
nta,B45,BK0801,0.2
nta,B45,BK0203,0.05
nta,B45,BK0201,0.033333
nta,B45,BK0602,0.016667
nta,B45,BK0202,0.1
nta,B45,BK0204,0.033333
nta,M15-SBS,MN1102,0.142857
nta,M15-SBS,MN0303,0.047619
nta,M15-SBS,MN0661,0.02381
nta,M15-SBS,MN0801,0.071429
nta,M15-SBS,MN0803,0.095238
nta,M15-SBS,MN0602,0.047619
nta,M15-SBS,MN0603,0.142857
nta,M15-SBS,MN0101,0.142857
nta,M15-SBS,MN0604,0.095238
nta,M15-SBS,MN0301,0.095238
nta,M15-SBS,MN1101,0.071429
nta,M15-SBS,MN0302,0.02381
nta,M15+,MN1102,0.142857
nta,M15+,MN0303,0.047619
nta,M15+,MN0661,0.02381
nta,M15+,MN0801,0.071429
nta,M15+,MN0803,0.095238
nta,M15+,MN0602,0.047619
nta,M15+,MN0603,0.142857
nta,M15+,MN0101,0.142857
nta,M15+,MN0604,0.095238
nta,M15+,MN0301,0.095238
nta,M15+,MN1101,0.071429
nta,M15+,MN0302,0.02381
nta,B82-SBS,BK1803,0.23913
nta,B82-SBS,BK1103,0.152174
nta,B82-SBS,BK0504,0.152174
nta,B82-SBS,BK1102,0.021739
nta,B82-SBS,BK1801,0.195652
nta,B82-SBS,BK1403,0.021739
nta,B82-SBS,BK1501,0.065217
nta,B82-SBS,BK1502,0.065217
nta,B82-SBS,BK1101,0.065217
nta,B82-SBS,BK1802,0.021739
nta,B82+,BK1803,0.23913
nta,B82+,BK1103,0.152174
nta,B82+,BK0504,0.152174
nta,B82+,BK1102,0.021739
nta,B82+,BK1801,0.195652
nta,B82+,BK1403,0.021739
nta,B82+,BK1501,0.065217
nta,B82+,BK1502,0.065217
nta,B82+,BK1101,0.065217
nta,B82+,BK1802,0.021739
nta,Bx15,BX0102,0.181818
nta,Bx15,BX0602,0.212121
nta,Bx15,BX0302,0.333333
nta,Bx15,BX0603,0.151515
nta,Bx15,BX0301,0.121212
nta,BX15,BX0102,0.181818
nta,BX15,BX0602,0.212121
nta,BX15,BX0302,0.333333
nta,BX15,BX0603,0.151515
nta,BX15,BX0301,0.121212
nta,BxM8,MN0802,0.046512
nta,BxM8,MN0803,0.023256
nta,BxM8,BX0903,0.046512
nta,BxM8,MN0501,0.069767
nta,BxM8,BX1003,0.372093
nta,BxM8,BX2891,0.023256
nta,BxM8,MN0502,0.139535
nta,BxM8,BX1002,0.139535
nta,BxM8,MN6491,0.046512
nta,BxM8,MN1102,0.046512
nta,BxM8,BX0902,0.023256
nta,BxM8,BX0901,0.023256
nta,BXM8,MN0802,0.046512
nta,BXM8,MN0803,0.023256
nta,BXM8,BX0903,0.046512
nta,BXM8,MN0501,0.069767
nta,BXM8,BX1003,0.372093
nta,BXM8,BX2891,0.023256
nta,BXM8,MN0502,0.139535
nta,BXM8,BX1002,0.139535
nta,BXM8,MN6491,0.046512
nta,BXM8,MN1102,0.046512
nta,BXM8,BX0902,0.023256
nta,BXM8,BX0901,0.023256
nta,M12,MN0401,0.45
nta,M12,MN0203,0.1
nta,M12,MN0402,0.375
nta,M12,MN0502,0.075
nta,L92,MN0501,0.047619
nta,L92,MN0302,0.333333
nta,L92,MN0401,0.071429
nta,L92,MN0602,0.071429
nta,L92,MN0303,0.285714
nta,L92,MN0203,0.119048
nta,L92,MN0601,0.02381
nta,L92,MN0202,0.047619
nta,BxM11,MN0802,0.073171
nta,BxM11,MN1101,0.02439
nta,BxM11,BX1101,0.02439
nta,BxM11,BX1201,0.195122
nta,BxM11,MN6491,0.073171
nta,BxM11,BX1203,0.195122
nta,BxM11,MN0501,0.097561
nta,BxM11,BX1104,0.097561
nta,BxM11,MN0502,0.146341
nta,BxM11,BX2791,0.073171
nta,BXM11,MN0802,0.073171
nta,BXM11,MN1101,0.02439
nta,BXM11,BX1101,0.02439
nta,BXM11,BX1201,0.195122
nta,BXM11,MN6491,0.073171
nta,BXM11,BX1203,0.195122
nta,BXM11,MN0501,0.097561
nta,BXM11,BX1104,0.097561
nta,BXM11,MN0502,0.146341
nta,BXM11,BX2791,0.073171
nta,M34-SBS,MN0501,0.176471
nta,M34-SBS,MN0401,0.294118
nta,M34-SBS,MN0502,0.058824
nta,M34-SBS,MN0603,0.441176
nta,M34-SBS,MN0602,0.029412
nta,M34+,MN0501,0.176471
nta,M34+,MN0401,0.294118
nta,M34+,MN0502,0.058824
nta,M34+,MN0603,0.441176
nta,M34+,MN0602,0.029412
nta,Bx6-SBS,BX0401,0.083333
nta,Bx6-SBS,MN1201,0.138889
nta,Bx6-SBS,BX0201,0.472222
nta,Bx6-SBS,BX0202,0.138889
nta,Bx6-SBS,BX0301,0.111111
nta,Bx6-SBS,BX0491,0.027778
nta,Bx6-SBS,MN0903,0.027778
nta,BX6+,BX0401,0.083333
nta,BX6+,MN1201,0.138889
nta,BX6+,BX0201,0.472222
nta,BX6+,BX0202,0.138889
nta,BX6+,BX0301,0.111111
nta,BX6+,BX0491,0.027778
nta,BX6+,MN0903,0.027778
nta,BxM7,MN0502,0.1875
nta,BxM7,MN0803,0.03125
nta,BxM7,BX1004,0.4375
nta,BxM7,MN0501,0.09375
nta,BxM7,MN6491,0.09375
nta,BxM7,MN0802,0.0625
nta,BxM7,MN1102,0.0625
nta,BxM7,MN1101,0.03125
nta,BXM7,MN0502,0.1875
nta,BXM7,MN0803,0.03125
nta,BXM7,BX1004,0.4375
nta,BXM7,MN0501,0.09375
nta,BXM7,MN6491,0.09375
nta,BXM7,MN0802,0.0625
nta,BXM7,MN1102,0.0625
nta,BXM7,MN1101,0.03125
nta,B94,QN0201,0.545455
nta,B94,BK0101,0.454545
nta,Bx12,BX1004,0.09375
nta,Bx12,BX1101,0.03125
nta,Bx12,BX1102,0.1875
nta,Bx12,BX0603,0.125
nta,Bx12,BX2891,0.15625
nta,Bx12,BX0701,0.1875
nta,Bx12,MN1203,0.0625
nta,Bx12,BX1003,0.046875
nta,Bx12,BX0503,0.046875
nta,Bx12,BX2791,0.03125
nta,Bx12,BX1161,0.015625
nta,Bx12,BX1202,0.015625
nta,BX12,BX1004,0.09375
nta,BX12,BX1101,0.03125
nta,BX12,BX1102,0.1875
nta,BX12,BX0603,0.125
nta,BX12,BX2891,0.15625
nta,BX12,BX0701,0.1875
nta,BX12,MN1203,0.0625
nta,BX12,BX1003,0.046875
nta,BX12,BX0503,0.046875
nta,BX12,BX2791,0.03125
nta,BX12,BX1161,0.015625
nta,BX12,BX1202,0.015625
nta,B83,BK0504,0.305085
nta,B83,BK1601,0.033898
nta,B83,BK0502,0.20339
nta,B83,BK0503,0.40678
nta,B83,BK0501,0.033898
nta,B83,BK5693,0.016949
nta,J90,QN0905,0.333333
nta,J90,BK0501,0.222222
nta,J90,QN0902,0.388889
nta,J90,QN0901,0.055556
nta,B96,BK0902,0.222222
nta,B96,BK0901,0.222222
nta,B96,BK1401,0.111111
nta,B96,BK1701,0.277778
nta,B96,BK0802,0.111111
nta,B96,BK1702,0.055556
nta,Bx35,BX0403,0.066667
nta,Bx35,BX0303,0.222222
nta,Bx35,BX0301,0.133333
nta,Bx35,BX0401,0.2
nta,Bx35,MN1202,0.155556
nta,Bx35,BX0302,0.111111
nta,Bx35,BX0402,0.066667
nta,Bx35,MN1201,0.022222
nta,Bx35,BX0202,0.022222
nta,BX35,BX0403,0.066667
nta,BX35,BX0303,0.222222
nta,BX35,BX0301,0.133333
nta,BX35,BX0401,0.2
nta,BX35,MN1202,0.155556
nta,BX35,BX0302,0.111111
nta,BX35,BX0402,0.066667
nta,BX35,MN1201,0.022222
nta,BX35,BX0202,0.022222
nta,Bx41-SBS,BX0702,0.041667
nta,Bx41-SBS,BX0603,0.083333
nta,Bx41-SBS,BX1201,0.083333
nta,Bx41-SBS,BX0302,0.166667
nta,Bx41-SBS,BX0503,0.041667
nta,Bx41-SBS,BX0502,0.166667
nta,Bx41-SBS,BX0703,0.166667
nta,Bx41-SBS,BX0301,0.083333
nta,Bx41-SBS,BX0102,0.041667
nta,Bx41-SBS,BX0401,0.041667
nta,Bx41-SBS,BX0101,0.041667
nta,Bx41-SBS,BX0403,0.041667
nta,BX41+,BX0702,0.041667
nta,BX41+,BX0603,0.083333
nta,BX41+,BX1201,0.083333
nta,BX41+,BX0302,0.166667
nta,BX41+,BX0503,0.041667
nta,BX41+,BX0502,0.166667
nta,BX41+,BX0703,0.166667
nta,BX41+,BX0301,0.083333
nta,BX41+,BX0102,0.041667
nta,BX41+,BX0401,0.041667
nta,BX41+,BX0101,0.041667
nta,BX41+,BX0403,0.041667
nta,B102,BK1503,0.210526
nta,B102,BK1502,0.263158
nta,B102,BK1303,0.210526
nta,B102,BK1302,0.315789
nta,B42,BK1803,1.0
nta,B39,MN0302,0.571429
nta,B39,BK0102,0.428571
nta,BX92,MN1002,0.5
nta,BX92,BX0102,0.125
nta,BX92,BX0101,0.25
nta,BX92,BX0401,0.125
nta,B99,BK1602,0.375
nta,B99,BK0503,0.375
nta,B99,BK0802,0.0625
nta,B99,BK0901,0.0625
nta,B99,BK1704,0.125
nta,B116,BK0902,0.333333
nta,B116,BK0801,0.333333
nta,B116,BK0602,0.333333
nta,CPAS,MN0502,0.333333
nta,CPAS,MN0603,0.333333
nta,CPAS,QN0701,0.333333
nta,BX95,BX0701,0.25
nta,BX95,BX0702,0.25
nta,BX95,BX1271,0.125
nta,BX95,BX0703,0.25
nta,BX95,BX2691,0.125
nta,ECAS,MN0501,1.0
nta,Q24,BK0502,0.13
nta,Q24,QN0902,0.09
nta,Q24,QN0903,0.07
nta,Q24,QN0904,0.09
nta,Q24,BK0402,0.13
nta,Q24,QN1201,0.09
nta,Q24,BK0501,0.16
nta,Q24,QN0905,0.06
nta,Q24,BK0302,0.07
nta,Q24,BK1601,0.09
nta,Q24,BK0505,0.02
nta,S66,SI0106,0.13
nta,S66,SI0104,0.32
nta,S66,SI0102,0.05
nta,S66,SI0105,0.4
nta,S66,SI0101,0.1
nta,M86-SBS,MN0702,0.322581
nta,M86-SBS,MN0803,0.387097
nta,M86-SBS,MN6491,0.064516
nta,M86-SBS,MN0802,0.225806
nta,M86+,MN0702,0.322581
nta,M86+,MN0803,0.387097
nta,M86+,MN6491,0.064516
nta,M86+,MN0802,0.225806
nta,Q100,QN0101,0.5
nta,Q100,QN0151,0.083333
nta,Q100,QN0102,0.125
nta,Q100,QN0105,0.125
nta,Q100,QN0201,0.083333
nta,Q100,QN0103,0.083333
nta,M42,MN0402,0.3125
nta,M42,MN0502,0.28125
nta,M42,MN0401,0.0625
nta,M42,MN0603,0.28125
nta,M42,MN0604,0.0625
nta,SIM33C,SI0201,0.038961
nta,SIM33C,BK1061,0.012987
nta,SIM33C,SI0204,0.103896
nta,SIM33C,MN6491,0.025974
nta,SIM33C,SI0203,0.077922
nta,SIM33C,MN0101,0.090909
nta,SIM33C,MN0201,0.038961
nta,SIM33C,MN0202,0.038961
nta,SIM33C,MN0502,0.090909
nta,SIM33C,SI0105,0.077922
nta,SIM33C,MN0501,0.077922
nta,SIM33C,SI0107,0.181818
nta,SIM33C,MN0102,0.064935
nta,SIM33C,SI0103,0.038961
nta,SIM33C,BK1001,0.025974
nta,SIM33C,BK1002,0.012987
nta,QM17,QN1003,0.095238
nta,QM17,MN0502,0.119048
nta,QM17,QN1402,0.238095
nta,QM17,QN1401,0.333333
nta,QM17,QN1403,0.095238
nta,QM17,MN0603,0.02381
nta,QM17,MN0501,0.071429
nta,QM17,MN0604,0.02381
nta,S48,SI0104,0.304348
nta,S48,SI0105,0.152174
nta,S48,SI0102,0.054348
nta,S48,SI0107,0.326087
nta,S48,SI0106,0.054348
nta,S48,SI0101,0.108696
nta,QM12,QN0602,0.527778
nta,QM12,MN0502,0.138889
nta,QM12,QN0503,0.027778
nta,QM12,QN0601,0.138889
nta,QM12,MN0501,0.083333
nta,QM12,QN0401,0.027778
nta,QM12,MN0603,0.027778
nta,QM12,MN0604,0.027778
nta,SIM10,SI0201,0.166667
nta,SIM10,SI0302,0.25641
nta,SIM10,MN0502,0.089744
nta,SIM10,SI0202,0.115385
nta,SIM10,SI0301,0.089744
nta,SIM10,MN6491,0.025641
nta,SIM10,MN0603,0.012821
nta,SIM10,MN0602,0.076923
nta,SIM10,MN0101,0.012821
nta,SIM10,MN0501,0.051282
nta,SIM10,SI0103,0.025641
nta,SIM10,MN0191,0.012821
nta,SIM10,SI9593,0.038462
nta,SIM10,MN0601,0.012821
nta,SIM10,BK1001,0.012821
nta,T464,BK1503,0.1
nta,T464,BK1402,0.05
nta,T464,BK5591,0.05
nta,T464,BK1401,0.225
nta,T464,BK1403,0.125
nta,T464,BK1502,0.15
nta,T464,BK1302,0.1
nta,T464,BK1501,0.05
nta,T464,BK0902,0.05
nta,T464,BK1303,0.1
nta,S57,SI0202,0.111111
nta,S57,SI0105,0.198413
nta,S57,SI0301,0.238095
nta,S57,SI0203,0.269841
nta,S57,SI0106,0.18254
nta,Q39,QN0271,0.04918
nta,Q39,QN0201,0.065574
nta,Q39,QN0501,0.262295
nta,Q39,QN0202,0.327869
nta,Q39,QN0502,0.229508
nta,Q39,QN0503,0.032787
nta,Q39,QN0203,0.032787
nta,Q9,QN1001,0.545455
nta,Q9,QN1201,0.454545
nta,Q60,QN1202,0.068182
nta,Q60,QN0602,0.170455
nta,Q60,QN0805,0.068182
nta,Q60,QN0401,0.147727
nta,Q60,QN0601,0.079545
nta,Q60,QN0202,0.136364
nta,Q60,MN0801,0.022727
nta,Q60,QN0901,0.045455
nta,Q60,QN0203,0.125
nta,Q60,QN0201,0.011364
nta,Q60,QN1201,0.102273
nta,Q60,QN0105,0.011364
nta,Q60,QN0271,0.011364
nta,Q113,QN1203,0.111111
nta,Q113,QN1201,0.111111
nta,Q113,QN1204,0.083333
nta,Q113,QN1202,0.083333
nta,Q113,QN1306,0.111111
nta,Q113,QN1401,0.388889
nta,Q113,QN1307,0.111111
nta,Q16,QN0704,0.4
nta,Q16,QN0703,0.355556
nta,Q16,QN0707,0.177778
nta,Q16,QN0761,0.044444
nta,Q16,QN1101,0.022222
nta,Q98,QN0401,0.2
nta,Q98,QN0502,0.285714
nta,Q98,QN0501,0.2
nta,Q98,QN8191,0.028571
nta,Q98,QN0707,0.142857
nta,Q98,QN0402,0.057143
nta,Q98,QN0602,0.057143
nta,Q98,QN0706,0.028571
nta,Q104,QN0202,0.206897
nta,Q104,QN0103,0.206897
nta,Q104,QN0105,0.206897
nta,Q104,QN0104,0.241379
nta,Q104,QN0161,0.068966
nta,Q104,QN0102,0.068966
nta,SIM11,SI0201,0.232143
nta,SIM11,MN0602,0.125
nta,SIM11,MN0604,0.071429
nta,SIM11,SI0202,0.160714
nta,SIM11,SI0301,0.089286
nta,SIM11,MN0501,0.035714
nta,SIM11,SI0103,0.035714
nta,SIM11,BK1001,0.017857
nta,SIM11,MN0191,0.035714
nta,SIM11,MN0101,0.017857
nta,SIM11,MN0603,0.053571
nta,SIM11,MN0502,0.071429
nta,SIM11,BK1002,0.017857
nta,SIM11,MN0601,0.017857
nta,SIM11,MN0301,0.017857
nta,Q35,QN1403,0.477273
nta,Q35,BK1801,0.090909
nta,Q35,BK1891,0.090909
nta,Q35,BK5691,0.090909
nta,Q35,QN8492,0.113636
nta,Q35,BK1802,0.090909
nta,Q35,BK1401,0.045455
nta,S46,SI0107,0.238532
nta,S46,SI0104,0.247706
nta,S46,SI0102,0.045872
nta,S46,SI0106,0.220183
nta,S46,SI0204,0.155963
nta,S46,SI0101,0.091743
nta,S78,SI0302,0.111111
nta,S78,SI0304,0.146667
nta,S78,SI0201,0.173333
nta,S78,SI0301,0.066667
nta,S78,SI0202,0.124444
nta,S78,SI9593,0.026667
nta,S78,SI0305,0.182222
nta,S78,SI0103,0.044444
nta,S78,SI0102,0.084444
nta,S78,SI0101,0.035556
nta,S78,SI0104,0.004444
nta,Q30,QN1103,0.176471
nta,Q30,QN1191,0.039216
nta,Q30,QN0803,0.137255
nta,Q30,QN1201,0.215686
nta,Q30,QN1104,0.117647
nta,Q30,QN0804,0.039216
nta,Q30,QN1102,0.117647
nta,Q30,QN0802,0.058824
nta,Q30,QN0805,0.019608
nta,Q30,QN1101,0.078431
nta,QM24,QN0503,0.170732
nta,QM24,QN0501,0.097561
nta,QM24,QN0502,0.243902
nta,QM24,QN0504,0.219512
nta,QM24,MN0502,0.121951
nta,QM24,MN0501,0.073171
nta,QM24,MN0603,0.02439
nta,QM24,MN0604,0.02439
nta,QM24,QN0574,0.02439
nta,Q54,BK0104,0.166667
nta,Q54,QN0572,0.011905
nta,Q54,QN0501,0.059524
nta,Q54,QN1201,0.119048
nta,Q54,QN0503,0.035714
nta,Q54,QN0504,0.083333
nta,Q54,QN0502,0.095238
nta,Q54,QN0901,0.095238
nta,Q54,QN0571,0.02381
nta,Q54,QN0602,0.083333
nta,Q54,BK0102,0.130952
nta,Q54,QN0902,0.047619
nta,Q54,QN0573,0.02381
nta,Q54,QN0601,0.011905
nta,Q54,QN0805,0.011905
nta,SIM34,SI0105,0.269841
nta,SIM34,MN0102,0.111111
nta,SIM34,MN0201,0.031746
nta,SIM34,BK0703,0.015873
nta,SIM34,BK1061,0.015873
nta,SIM34,SI0107,0.238095
nta,SIM34,BK0601,0.015873
nta,SIM34,BK1001,0.079365
nta,SIM34,MN0202,0.015873
nta,SIM34,SI0203,0.015873
nta,SIM34,BK0702,0.063492
nta,SIM34,MN0101,0.095238
nta,SIM34,BK1002,0.015873
nta,SIM34,MN0191,0.015873
nta,Q6,QN1306,0.086957
nta,Q6,QN1201,0.326087
nta,Q6,QN8381,0.130435
nta,Q6,QN1202,0.108696
nta,Q6,QN1203,0.195652
nta,Q6,QN1204,0.152174
nta,Q14,QN0303,0.12963
nta,Q14,QN0501,0.148148
nta,Q14,QN0402,0.222222
nta,Q14,QN0504,0.185185
nta,Q14,QN0302,0.055556
nta,Q14,QN0502,0.148148
nta,Q14,QN0401,0.092593
nta,Q14,QN0601,0.018519
nta,Q121,QN1401,0.315789
nta,Q121,QN1402,0.421053
nta,Q121,QN8381,0.105263
nta,Q121,QN1403,0.105263
nta,Q121,QN1002,0.052632
nta,Q28,QN1102,0.097561
nta,Q28,QN0703,0.268293
nta,Q28,QN0704,0.219512
nta,Q28,QN1101,0.317073
nta,Q28,QN0707,0.097561
nta,S76,SI0202,0.260563
nta,S76,SI0102,0.190141
nta,S76,SI0203,0.161972
nta,S76,SI0301,0.140845
nta,S76,SI0201,0.098592
nta,S76,SI0103,0.056338
nta,S76,SI0101,0.042254
nta,S76,SI9592,0.035211
nta,S76,SI0104,0.014085
nta,S90,SI0107,0.578947
nta,S90,SI0101,0.157895
nta,S90,SI0106,0.105263
nta,S90,SI0104,0.052632
nta,S90,SI0204,0.105263
nta,Q1,QN1303,0.261905
nta,Q1,QN1201,0.285714
nta,Q1,QN1206,0.095238
nta,Q1,QN1302,0.166667
nta,Q1,QN0804,0.166667
nta,Q1,QN0805,0.02381
nta,Q69,QN0201,0.075472
nta,Q69,QN0105,0.226415
nta,Q69,QN0103,0.056604
nta,Q69,QN0101,0.490566
nta,Q69,QN0102,0.113208
nta,Q69,QN0301,0.037736
nta,S54,SI0203,0.391304
nta,S54,SI0104,0.057971
nta,S54,SI0302,0.268116
nta,S54,SI0106,0.094203
nta,S54,SI0105,0.144928
nta,S54,SI0301,0.043478
nta,Q66,QN0301,0.229508
nta,Q66,QN0303,0.098361
nta,Q66,QN0201,0.065574
nta,Q66,QN0105,0.180328
nta,Q66,QN0104,0.114754
nta,Q66,QN0707,0.081967
nta,Q66,QN0103,0.065574
nta,Q66,QN0203,0.04918
nta,Q66,QN0302,0.081967
nta,Q66,QN0161,0.032787
nta,Q56,QN0902,0.222222
nta,Q56,QN1201,0.185185
nta,Q56,BK0501,0.271605
nta,Q56,QN0905,0.135802
nta,Q56,BK0571,0.123457
nta,Q56,BK1601,0.024691
nta,Q56,BK0502,0.024691
nta,Q56,QN0805,0.012346
nta,Q2,QN1303,0.45
nta,Q2,QN1206,0.325
nta,Q2,QN0804,0.05
nta,Q2,QN1205,0.075
nta,Q2,QN1201,0.1
nta,SIM8,MN0502,0.1875
nta,SIM8,MN0604,0.03125
nta,SIM8,MN0402,0.03125
nta,SIM8,SI0204,0.46875
nta,SIM8,SI0303,0.125
nta,SIM8,SI0302,0.03125
nta,SIM8,SI0291,0.0625
nta,SIM8,SI0107,0.03125
nta,SIM8,SI0304,0.03125
nta,SIM30,MN0502,0.174603
nta,SIM30,SI0104,0.31746
nta,SIM30,SI0106,0.031746
nta,SIM30,SI0107,0.15873
nta,SIM30,MN0402,0.047619
nta,SIM30,SI0105,0.111111
nta,SIM30,SI0102,0.079365
nta,SIM30,MN6491,0.015873
nta,SIM30,SI0103,0.031746
nta,SIM30,SI0204,0.015873
nta,SIM30,MN0401,0.015873
nta,Q17,QN0804,0.222222
nta,Q17,QN1201,0.095238
nta,Q17,QN0707,0.142857
nta,Q17,QN0803,0.190476
nta,Q17,QN0802,0.047619
nta,Q17,QN0706,0.15873
nta,Q17,QN0705,0.095238
nta,Q17,QN1101,0.031746
nta,Q17,QN0805,0.015873
nta,Q23,QN0602,0.561404
nta,Q23,QN0402,0.192982
nta,Q23,QN0503,0.017544
nta,Q23,QN0302,0.157895
nta,Q23,QN0303,0.070175
nta,QM68,QN1303,0.113636
nta,QM68,QN0602,0.045455
nta,QM68,MN0604,0.045455
nta,QM68,QN1206,0.045455
nta,QM68,QN0805,0.068182
nta,QM68,QN0901,0.022727
nta,QM68,QN1302,0.136364
nta,QM68,QN1301,0.090909
nta,QM68,MN0602,0.068182
nta,QM68,QN1201,0.045455
nta,QM68,MN0502,0.068182
nta,QM68,MN0501,0.068182
nta,QM68,QN0804,0.136364
nta,QM68,MN0603,0.022727
nta,QM68,QN0401,0.022727
nta,Q90,QN0707,0.411765
nta,Q90,QN8081,0.176471
nta,Q90,QN0302,0.352941
nta,Q90,QN8191,0.058824
nta,S79-SBS,SI0201,0.170213
nta,S79-SBS,BK1061,0.021277
nta,S79-SBS,SI0302,0.234043
nta,S79-SBS,SI0204,0.148936
nta,S79-SBS,SI0291,0.021277
nta,S79-SBS,SI0301,0.106383
nta,S79-SBS,SI0202,0.12766
nta,S79-SBS,BK1001,0.085106
nta,S79-SBS,SI0103,0.042553
nta,S79-SBS,SI9593,0.042553
nta,S79+,SI0201,0.170213
nta,S79+,BK1061,0.021277
nta,S79+,SI0302,0.234043
nta,S79+,SI0204,0.148936
nta,S79+,SI0291,0.021277
nta,S79+,SI0301,0.106383
nta,S79+,SI0202,0.12766
nta,S79+,BK1001,0.085106
nta,S79+,SI0103,0.042553
nta,S79+,SI9593,0.042553
nta,Q115,QN1203,0.210526
nta,Q115,QN1201,0.210526
nta,Q115,QN1202,0.263158
nta,Q115,QN1204,0.236842
nta,Q115,QN1306,0.078947
nta,S51,SI0202,0.280374
nta,S51,SI0102,0.168224
nta,S51,SI0201,0.196262
nta,S51,SI0103,0.196262
nta,S51,SI9561,0.093458
nta,S51,SI0101,0.056075
nta,S51,SI9592,0.009346
nta,SIM31,SI0204,0.222222
nta,SIM31,MN0604,0.027778
nta,SIM31,BK0703,0.013889
nta,SIM31,SI0203,0.180556
nta,SIM31,BK1061,0.013889
nta,SIM31,MN0502,0.111111
nta,SIM31,SI0302,0.027778
nta,SIM31,MN0501,0.041667
nta,SIM31,MN0602,0.083333
nta,SIM31,SI0291,0.027778
nta,SIM31,BK0601,0.013889
nta,SIM31,BK1001,0.027778
nta,SIM31,MN0191,0.027778
nta,SIM31,MN0603,0.027778
nta,SIM31,BK0702,0.027778
nta,SIM31,MN0101,0.013889
nta,SIM31,SI0105,0.055556
nta,SIM31,BK1002,0.013889
nta,SIM31,MN0601,0.027778
nta,SIM31,MN0301,0.013889
nta,Q88,QN0401,0.057143
nta,Q88,QN1303,0.185714
nta,Q88,QN0706,0.185714
nta,Q88,QN0802,0.042857
nta,Q88,QN0803,0.185714
nta,Q88,QN0891,0.071429
nta,Q88,QN1104,0.128571
nta,Q88,QN1101,0.028571
nta,Q88,QN0402,0.042857
nta,Q88,QN0602,0.028571
nta,Q88,QN0601,0.028571
nta,Q88,QN1191,0.014286
nta,QM4,QN0802,0.258065
nta,QM4,QN0801,0.225806
nta,QM4,QN0602,0.193548
nta,QM4,MN0502,0.193548
nta,QM4,MN0501,0.064516
nta,QM4,MN0603,0.032258
nta,QM4,MN0604,0.032258
nta,M8,MN0202,0.238095
nta,M8,MN0303,0.380952
nta,M8,MN0203,0.380952
nta,S59,SI0302,0.240741
nta,S59,SI0304,0.203704
nta,S59,SI0107,0.067901
nta,S59,SI0106,0.12963
nta,S59,SI0305,0.141975
nta,S59,SI0204,0.197531
nta,S59,SI0291,0.012346
nta,S59,SI0105,0.006173
nta,Q84,QN1201,0.098039
nta,Q84,QN1205,0.411765
nta,Q84,QN1203,0.019608
nta,Q84,QN1304,0.294118
nta,Q84,QN1305,0.098039
nta,Q84,QN1202,0.078431
nta,SIM25,SI0304,0.244898
nta,SIM25,MN0502,0.244898
nta,SIM25,MN0604,0.040816
nta,SIM25,MN0402,0.040816
nta,SIM25,SI0305,0.183673
nta,SIM25,SI0204,0.040816
nta,SIM25,SI0303,0.163265
nta,SIM25,MN0401,0.020408
nta,SIM25,SI0391,0.020408
nta,QM40,QN0401,0.222222
nta,QM40,QN0601,0.166667
nta,QM40,QN0602,0.166667
nta,QM40,MN0603,0.111111
nta,QM40,MN0604,0.111111
nta,QM40,QN0402,0.222222
nta,S91,SI0204,0.444444
nta,S91,SI0105,0.138889
nta,S91,SI0203,0.25
nta,S91,SI0104,0.097222
nta,S91,SI0101,0.055556
nta,S91,SI0102,0.013889
nta,QM10,QN0601,0.125
nta,QM10,QN0401,0.166667
nta,QM10,QN0602,0.125
nta,QM10,MN0502,0.208333
nta,QM10,QN0402,0.166667
nta,QM10,MN0501,0.125
nta,QM10,MN0603,0.041667
nta,QM10,MN0604,0.041667
nta,S40,SI0101,0.206186
nta,S40,SI0106,0.237113
nta,S40,SI0104,0.103093
nta,S40,SI0107,0.371134
nta,S40,SI0204,0.041237
nta,S40,SI0191,0.041237
nta,Q59,BK0102,0.311688
nta,Q59,QN0601,0.038961
nta,Q59,BK0104,0.207792
nta,Q59,QN0401,0.168831
nta,Q59,QN0501,0.272727
nta,QM31,QN0804,0.083333
nta,QM31,QN0803,0.291667
nta,QM31,QN0802,0.25
nta,QM31,QN0801,0.208333
nta,QM31,MN0604,0.083333
nta,QM31,MN0603,0.083333
nta,QM2,QN0702,0.307692
nta,QM2,QN0704,0.096154
nta,QM2,QN0701,0.057692
nta,QM2,MN0502,0.134615
nta,QM2,QN0703,0.25
nta,QM2,MN0604,0.038462
nta,QM2,MN0501,0.038462
nta,QM2,QN0707,0.057692
nta,QM2,MN0603,0.019231
nta,Q12,QN0707,0.108696
nta,Q12,QN1103,0.217391
nta,Q12,QN1191,0.043478
nta,Q12,QN0704,0.282609
nta,Q12,QN1102,0.173913
nta,Q12,QN1101,0.152174
nta,Q12,QN0705,0.021739
nta,S61,SI0105,0.238532
nta,S61,SI0104,0.165138
nta,S61,SI0204,0.293578
nta,S61,SI0102,0.045872
nta,S61,SI0203,0.165138
nta,S61,SI0101,0.091743
nta,X37,BK1001,0.492754
nta,X37,BK0702,0.072464
nta,X37,MN0502,0.130435
nta,X37,MN0191,0.028986
nta,X37,MN0501,0.101449
nta,X37,MN0602,0.072464
nta,X37,MN0302,0.028986
nta,X37,MN0101,0.028986
nta,X37,BK0601,0.014493
nta,X37,MN0301,0.014493
nta,X37,MN0601,0.014493
nta,M60-SBS,QN0104,0.028571
nta,M60-SBS,QN0301,0.028571
nta,M60-SBS,MN1001,0.114286
nta,M60-SBS,MN0901,0.2
nta,M60-SBS,QN0302,0.085714
nta,M60-SBS,QN0101,0.142857
nta,M60-SBS,QN8081,0.142857
nta,M60-SBS,MN1102,0.171429
nta,M60-SBS,MN0703,0.057143
nta,M60-SBS,MN1191,0.028571
nta,M60+,QN0104,0.028571
nta,M60+,QN0301,0.028571
nta,M60+,MN1001,0.114286
nta,M60+,MN0901,0.2
nta,M60+,QN0302,0.085714
nta,M60+,QN0101,0.142857
nta,M60+,QN8081,0.142857
nta,M60+,MN1102,0.171429
nta,M60+,MN0703,0.057143
nta,M60+,MN1191,0.028571
nta,Q83,QN1205,0.416667
nta,Q83,QN1201,0.291667
nta,Q83,QN1202,0.083333
nta,Q83,QN1303,0.0625
nta,Q83,QN1304,0.145833
nta,S84,SI0203,0.095238
nta,S84,SI0391,0.166667
nta,S84,SI0303,0.261905
nta,S84,SI0305,0.309524
nta,S84,SI0102,0.047619
nta,S84,SI0302,0.02381
nta,S84,SI0101,0.02381
nta,S84,SI0291,0.047619
nta,S84,SI0104,0.02381
nta,SIM1C,SI0201,0.146067
nta,SIM1C,SI0302,0.213483
nta,SIM1C,MN0502,0.078652
nta,SIM1C,SI0202,0.101124
nta,SIM1C,SI0301,0.089888
nta,SIM1C,MN0101,0.078652
nta,SIM1C,MN6491,0.022472
nta,SIM1C,MN0201,0.033708
nta,SIM1C,MN0202,0.033708
nta,SIM1C,MN0102,0.05618
nta,SIM1C,MN0501,0.067416
nta,SIM1C,SI0103,0.022472
nta,SIM1C,SI9593,0.033708
nta,SIM1C,BK1001,0.011236
nta,SIM1C,BK1002,0.011236
nta,Q32,QN0301,0.196721
nta,Q32,MN0501,0.065574
nta,Q32,QN0202,0.213115
nta,Q32,QN0401,0.032787
nta,Q32,QN0203,0.163934
nta,Q32,MN0502,0.213115
nta,Q32,MN0604,0.032787
nta,Q32,MN0802,0.032787
nta,Q32,QN0105,0.016393
nta,Q32,MN0801,0.016393
nta,Q32,QN0201,0.016393
nta,Q114,QN1203,0.086957
nta,Q114,QN1401,0.521739
nta,Q114,QN1201,0.086957
nta,Q114,QN1204,0.065217
nta,Q114,QN1202,0.065217
nta,Q114,QN1306,0.086957
nta,Q114,QN1307,0.086957
nta,Q76,QN1101,0.244186
nta,Q76,QN0701,0.127907
nta,Q76,QN0702,0.139535
nta,Q76,QN0704,0.034884
nta,Q76,QN0804,0.174419
nta,Q76,QN0703,0.069767
nta,Q76,QN0891,0.046512
nta,Q76,QN1201,0.093023
nta,Q76,QN0803,0.023256
nta,Q76,QN1206,0.046512
nta,M5,MN0703,0.064516
nta,M5,MN0901,0.096774
nta,M5,MN0502,0.16129
nta,M5,MN0702,0.16129
nta,M5,MN1201,0.16129
nta,M5,MN0903,0.120968
nta,M5,MN6491,0.024194
nta,M5,MN0701,0.112903
nta,M5,MN0902,0.048387
nta,M5,MN0501,0.040323
nta,M5,MN1202,0.008065
nta,QM63,QN0602,0.037736
nta,QM63,QN1205,0.075472
nta,QM63,MN0604,0.037736
nta,QM63,QN1307,0.339623
nta,QM63,QN1305,0.075472
nta,QM63,QN0901,0.037736
nta,QM63,QN1203,0.09434
nta,QM63,MN0602,0.056604
nta,QM63,MN0502,0.056604
nta,QM63,MN0501,0.056604
nta,QM63,QN1202,0.075472
nta,QM63,QN1204,0.018868
nta,QM63,MN0603,0.018868
nta,QM63,QN0401,0.018868
nta,QM36,QN1302,0.178571
nta,QM36,QN0803,0.071429
nta,QM36,QN0804,0.035714
nta,QM36,QN1301,0.321429
nta,QM36,QN1104,0.214286
nta,QM36,MN0604,0.071429
nta,QM36,MN0603,0.071429
nta,QM36,QN0891,0.035714
nta,Q36,QN1103,0.274194
nta,Q36,QN1206,0.032258
nta,Q36,QN1302,0.177419
nta,Q36,QN1301,0.16129
nta,Q36,QN1303,0.241935
nta,Q36,QN1201,0.064516
nta,Q36,QN0804,0.048387
nta,Q19,QN0104,0.06
nta,Q19,QN0102,0.24
nta,Q19,QN0171,0.02
nta,Q19,QN0301,0.06
nta,Q19,QN0101,0.16
nta,Q19,QN0707,0.1
nta,Q19,QN0302,0.28
nta,Q19,QN0103,0.08
nta,Q111,QN1203,0.1
nta,Q111,QN1306,0.3
nta,Q111,QN1201,0.1
nta,Q111,QN1204,0.075
nta,Q111,QN1202,0.075
nta,Q111,QN1307,0.35
nta,SIM2,SI0304,0.25
nta,SIM2,SI0105,0.014706
nta,SIM2,MN0102,0.073529
nta,SIM2,BK0703,0.014706
nta,SIM2,BK1061,0.014706
nta,SIM2,SI0305,0.161765
nta,SIM2,SI0204,0.044118
nta,SIM2,SI0303,0.117647
nta,SIM2,BK0601,0.014706
nta,SIM2,BK1001,0.073529
nta,SIM2,MN0101,0.073529
nta,SIM2,SI0391,0.029412
nta,SIM2,BK0702,0.058824
nta,SIM2,BK1002,0.014706
nta,SIM2,MN0191,0.014706
nta,SIM2,SI0107,0.014706
nta,SIM2,SI0203,0.014706
nta,SIM24,SI0304,0.230769
nta,SIM24,MN0501,0.153846
nta,SIM24,MN0502,0.282051
nta,SIM24,MN0401,0.102564
nta,SIM24,SI0303,0.153846
nta,SIM24,SI0107,0.025641
nta,SIM24,SI0305,0.025641
nta,SIM24,SI0391,0.025641
nta,SIM7,SI0201,0.180556
nta,SIM7,SI0302,0.277778
nta,SIM7,MN0102,0.041667
nta,SIM7,MN0202,0.055556
nta,SIM7,MN0101,0.041667
nta,SIM7,SI0301,0.097222
nta,SIM7,SI0202,0.138889
nta,SIM7,SI0103,0.027778
nta,SIM7,BK1001,0.013889
nta,SIM7,MN0203,0.027778
nta,SIM7,SI9593,0.041667
nta,SIM7,MN0201,0.027778
nta,SIM7,BK1002,0.013889
nta,SIM7,MN0501,0.013889
nta,Q110,QN1201,0.4
nta,Q110,QN1303,0.3
nta,Q110,QN1302,0.1
nta,Q110,QN1206,0.175
nta,Q110,QN1301,0.025
nta,Q26,QN1101,0.175439
nta,Q26,QN0701,0.403509
nta,Q26,QN0705,0.22807
nta,Q26,QN0707,0.192982
nta,S55,SI0304,0.582278
nta,S55,SI0204,0.113924
nta,S55,SI0303,0.139241
nta,S55,SI0302,0.101266
nta,S55,SI0291,0.037975
nta,S55,SI0305,0.012658
nta,S55,SI0203,0.012658
nta,S98,SI0104,0.166667
nta,S98,SI0106,0.041667
nta,S98,SI0107,0.604167
nta,S98,SI0105,0.083333
nta,S98,SI0101,0.083333
nta,S98,SI0102,0.020833
nta,Q45,QN0803,0.285714
nta,Q45,QN0804,0.071429
nta,Q45,QN0802,0.285714
nta,Q45,QN0901,0.035714
nta,Q45,QN0801,0.214286
nta,Q45,QN0602,0.071429
nta,Q45,QN0805,0.035714
nta,S94,SI0107,0.184211
nta,S94,SI0204,0.407895
nta,S94,SI0106,0.236842
nta,S94,SI0104,0.065789
nta,S94,SI0101,0.065789
nta,S94,SI0105,0.013158
nta,S94,SI0291,0.026316
nta,M96,MN0803,0.083333
nta,M96,MN0702,0.458333
nta,M96,MN1101,0.333333
nta,M96,MN0802,0.125
nta,QM18,QN0601,0.043478
nta,QM18,MN0502,0.108696
nta,QM18,QN0602,0.173913
nta,QM18,QN0901,0.130435
nta,QM18,QN1001,0.304348
nta,QM18,MN0603,0.021739
nta,QM18,MN0501,0.065217
nta,QM18,QN0903,0.086957
nta,QM18,QN0902,0.043478
nta,QM18,MN0604,0.021739
nta,SIM1,SI0201,0.180556
nta,SIM1,MN0101,0.097222
nta,SIM1,MN0201,0.027778
nta,SIM1,SI0302,0.277778
nta,SIM1,SI0301,0.097222
nta,SIM1,SI0202,0.125
nta,SIM1,SI0103,0.027778
nta,SIM1,BK1001,0.013889
nta,SIM1,MN0202,0.013889
nta,SIM1,MN0102,0.083333
nta,SIM1,SI9593,0.041667
nta,SIM1,BK1002,0.013889
nta,SIM33,BK1061,0.019608
nta,SIM33,MN0202,0.078431
nta,SIM33,MN0101,0.058824
nta,SIM33,MN0102,0.058824
nta,SIM33,SI0204,0.156863
nta,SIM33,SI0107,0.27451
nta,SIM33,BK1001,0.039216
nta,SIM33,SI0203,0.117647
nta,SIM33,SI0105,0.117647
nta,SIM33,MN0201,0.019608
nta,SIM33,BK1002,0.019608
nta,SIM33,MN0501,0.019608
nta,SIM33,MN0203,0.019608
nta,Q27,QN1304,0.101124
nta,Q27,QN1104,0.101124
nta,Q27,QN1101,0.11236
nta,Q27,QN0705,0.146067
nta,Q27,QN1303,0.269663
nta,Q27,QN0707,0.089888
nta,Q27,QN1191,0.022472
nta,Q27,QN1102,0.157303
nta,Q77,QN1306,0.163934
nta,Q77,QN1206,0.131148
nta,Q77,QN1304,0.04918
nta,Q77,QN1305,0.180328
nta,Q77,QN1205,0.196721
nta,Q77,QN1303,0.114754
nta,Q77,QN1204,0.032787
nta,Q77,QN1201,0.065574
nta,Q77,QN1371,0.016393
nta,Q77,QN0804,0.04918
nta,Q22,QN1401,0.323077
nta,Q22,QN1403,0.169231
nta,Q22,QN1402,0.507692
nta,S56,SI0304,0.434211
nta,S56,SI0303,0.302632
nta,S56,SI0391,0.052632
nta,S56,SI0204,0.118421
nta,S56,SI0302,0.026316
nta,S56,SI0291,0.052632
nta,S56,SI0203,0.013158
nta,QM5,QN1191,0.042254
nta,QM5,QN1301,0.084507
nta,QM5,QN0803,0.15493
nta,QM5,QN1104,0.197183
nta,QM5,QN0804,0.028169
nta,QM5,MN0502,0.084507
nta,QM5,QN1103,0.169014
nta,QM5,QN0802,0.084507
nta,QM5,QN0801,0.070423
nta,QM5,MN0604,0.014085
nta,QM5,MN0501,0.028169
nta,QM5,MN0603,0.014085
nta,QM5,QN1102,0.014085
nta,QM5,QN0891,0.014085
nta,SIM4C,BK1061,0.010309
nta,SIM4C,SI0204,0.298969
nta,SIM4C,MN0101,0.061856
nta,SIM4C,MN6491,0.020619
nta,SIM4C,SI0303,0.123711
nta,SIM4C,SI0391,0.030928
nta,SIM4C,BK0702,0.041237
nta,SIM4C,MN0201,0.030928
nta,SIM4C,MN0202,0.030928
nta,SIM4C,MN0502,0.072165
nta,SIM4C,SI0291,0.030928
nta,SIM4C,MN0102,0.061856
nta,SIM4C,MN0501,0.061856
nta,SIM4C,BK1001,0.051546
nta,SIM4C,SI0304,0.020619
nta,SIM4C,BK0601,0.010309
nta,SIM4C,SI0302,0.020619
nta,SIM4C,BK0703,0.010309
nta,SIM4C,BK1002,0.010309
nta,S52,SI0201,0.39823
nta,S52,SI0104,0.070796
nta,S52,SI0101,0.256637
nta,S52,SI0102,0.141593
nta,S52,SI0103,0.106195
nta,S52,SI0202,0.026549
nta,Q15,QN0704,0.325581
nta,Q15,QN0707,0.139535
nta,Q15,QN0702,0.534884
nta,QM34,QN0503,0.2
nta,QM34,QN0501,0.114286
nta,QM34,MN0604,0.057143
nta,QM34,QN0502,0.285714
nta,QM34,QN0504,0.257143
nta,QM34,MN0603,0.057143
nta,QM34,QN0574,0.028571
nta,Q33,QN0301,0.454545
nta,Q33,QN0401,0.181818
nta,Q33,QN8081,0.227273
nta,Q33,QN0302,0.090909
nta,Q33,QN0101,0.045455
nta,S53,SI0104,0.244444
nta,S53,SI0201,0.377778
nta,S53,BK1001,0.077778
nta,S53,SI0105,0.088889
nta,S53,SI0106,0.2
nta,S53,SI0203,0.011111
nta,Q86,QN1201,0.117647
nta,Q86,QN1305,0.215686
nta,Q86,QN1307,0.372549
nta,Q86,QN1203,0.039216
nta,Q86,QN1202,0.078431
nta,Q86,QN1306,0.039216
nta,Q86,QN1205,0.117647
nta,Q86,QN1204,0.019608
nta,SIM6,MN0602,0.088608
nta,SIM6,SI0202,0.164557
nta,SIM6,SI0201,0.113924
nta,SIM6,SI0301,0.088608
nta,SIM6,SI0302,0.227848
nta,SIM6,MN0603,0.037975
nta,SIM6,MN0604,0.050633
nta,SIM6,SI0103,0.012658
nta,SIM6,MN0191,0.025316
nta,SIM6,MN0101,0.012658
nta,SIM6,MN0502,0.050633
nta,SIM6,MN0501,0.025316
nta,SIM6,SI9593,0.037975
nta,SIM6,MN0601,0.012658
nta,SIM6,SI9592,0.012658
nta,SIM6,MN0301,0.012658
nta,SIM6,BK1001,0.012658
nta,SIM6,BK1002,0.012658
nta,S74,SI0102,0.111111
nta,S74,SI0203,0.222222
nta,S74,SI0202,0.05291
nta,S74,SI0305,0.132275
nta,S74,SI0201,0.068783
nta,S74,SI0303,0.142857
nta,S74,SI0304,0.021164
nta,S74,SI0101,0.026455
nta,S74,SI0302,0.058201
nta,S74,SI0301,0.042328
nta,S74,SI0391,0.037037
nta,S74,SI0291,0.010582
nta,S74,SI0103,0.026455
nta,S74,SI0104,0.047619
nta,Q50,BX1004,0.528302
nta,Q50,BX0903,0.056604
nta,Q50,QN0707,0.113208
nta,Q50,BX1202,0.018868
nta,Q50,BX1002,0.075472
nta,Q50,BX1003,0.056604
nta,Q50,QN0701,0.056604
nta,Q50,QN0702,0.037736
nta,Q50,BX2891,0.056604
nta,Q58,QN0401,0.237288
nta,Q58,QN0502,0.237288
nta,Q58,QN0501,0.186441
nta,Q58,QN8191,0.016949
nta,Q58,QN0707,0.118644
nta,Q58,QN0402,0.186441
nta,Q58,QN0706,0.016949
nta,Q18,QN0501,0.206897
nta,Q18,QN0102,0.206897
nta,Q18,QN0104,0.206897
nta,Q18,QN0203,0.275862
nta,Q18,QN0103,0.103448
nta,Q46,QN0803,0.075472
nta,Q46,QN1302,0.169811
nta,Q46,QN1301,0.245283
nta,Q46,QN0802,0.075472
nta,Q46,QN0891,0.056604
nta,Q46,QN0804,0.037736
nta,Q46,QN0901,0.018868
nta,Q46,QN1104,0.226415
nta,Q46,QN0801,0.056604
nta,Q46,QN0602,0.037736
nta,SIM26,SI0304,0.215686
nta,SIM26,MN0502,0.176471
nta,SIM26,MN0604,0.078431
nta,SIM26,MN0402,0.039216
nta,SIM26,SI0305,0.392157
nta,SIM26,SI0204,0.039216
nta,SIM26,SI0303,0.039216
nta,SIM26,MN0401,0.019608
nta,Q25,QN0701,0.283784
nta,Q25,QN1201,0.121622
nta,Q25,QN0801,0.108108
nta,Q25,QN0802,0.108108
nta,Q25,QN0707,0.175676
nta,Q25,QN0805,0.054054
nta,Q25,QN0706,0.067568
nta,Q25,QN0705,0.081081
nta,Q55,QN0503,0.363636
nta,Q55,QN0502,0.204545
nta,Q55,QN0902,0.159091
nta,Q55,BK0402,0.045455
nta,Q55,QN0574,0.045455
nta,Q55,QN8291,0.181818
nta,M7,MN0703,0.119658
nta,M7,MN0502,0.145299
nta,M7,MN1001,0.145299
nta,M7,MN1002,0.162393
nta,M7,MN0203,0.008547
nta,M7,MN6491,0.025641
nta,M7,MN0701,0.094017
nta,M7,MN0702,0.162393
nta,M7,MN0401,0.025641
nta,M7,MN0501,0.102564
nta,M7,MN0901,0.008547
nta,Q53-SBS,QN0401,0.222222
nta,Q53-SBS,QN0904,0.044444
nta,Q53-SBS,QN1003,0.088889
nta,Q53-SBS,QN0905,0.088889
nta,Q53-SBS,QN1402,0.044444
nta,Q53-SBS,QN1403,0.2
nta,Q53-SBS,QN8491,0.044444
nta,Q53-SBS,QN0503,0.044444
nta,Q53-SBS,QN0504,0.022222
nta,Q53-SBS,QN1002,0.088889
nta,Q53-SBS,QN0601,0.044444
nta,Q53-SBS,QN8291,0.022222
nta,Q53-SBS,QN0203,0.044444
nta,Q53+,QN0401,0.222222
nta,Q53+,QN0904,0.044444
nta,Q53+,QN1003,0.088889
nta,Q53+,QN0905,0.088889
nta,Q53+,QN1402,0.044444
nta,Q53+,QN1403,0.2
nta,Q53+,QN8491,0.044444
nta,Q53+,QN0503,0.044444
nta,Q53+,QN0504,0.022222
nta,Q53+,QN1002,0.088889
nta,Q53+,QN0601,0.044444
nta,Q53+,QN8291,0.022222
nta,Q53+,QN0203,0.044444
nta,QM64,QN1205,0.292683
nta,QM64,QN0602,0.04878
nta,QM64,MN0604,0.04878
nta,QM64,QN0901,0.04878
nta,QM64,MN0602,0.073171
nta,QM64,MN0502,0.073171
nta,QM64,QN1304,0.146341
nta,QM64,MN0501,0.073171
nta,QM64,QN1202,0.073171
nta,QM64,MN0603,0.02439
nta,QM64,QN1201,0.073171
nta,QM64,QN0401,0.02439
nta,Q11,QN1003,0.424658
nta,Q11,QN0573,0.041096
nta,Q11,QN1002,0.109589
nta,Q11,QN0401,0.041096
nta,Q11,QN0601,0.109589
nta,Q11,QN0904,0.027397
nta,Q11,QN0905,0.123288
nta,Q11,QN0503,0.054795
nta,Q11,QN0504,0.041096
nta,Q11,QN8291,0.027397
nta,M57,MN0502,0.238095
nta,M57,MN0604,0.285714
nta,M57,MN0701,0.357143
nta,M57,MN0402,0.119048
nta,Q74,QN0803,0.09375
nta,Q74,QN1102,0.15625
nta,Q74,QN0801,0.21875
nta,Q74,QN0602,0.1875
nta,Q74,QN1101,0.09375
nta,Q74,QN0802,0.21875
nta,Q74,QN1104,0.03125
nta,S92,SI0204,0.545455
nta,S92,SI0105,0.272727
nta,S92,SI0291,0.025974
nta,S92,SI0104,0.090909
nta,S92,SI0101,0.051948
nta,S92,SI0102,0.012987
nta,X38,BK1102,0.125
nta,X38,MN0191,0.027778
nta,X38,MN0502,0.125
nta,X38,BK1103,0.083333
nta,X38,BK1091,0.055556
nta,X38,MN0501,0.097222
nta,X38,MN0602,0.069444
nta,X38,BK1302,0.194444
nta,X38,MN0302,0.027778
nta,X38,BK1002,0.041667
nta,X38,BK1001,0.041667
nta,X38,BK1301,0.055556
nta,X38,MN0101,0.013889
nta,X38,MN0601,0.013889
nta,X38,BK0702,0.013889
nta,X38,MN0301,0.013889
nta,X27,MN0191,0.013514
nta,X27,MN0102,0.108108
nta,X27,MN0101,0.081081
nta,X27,BK1001,0.459459
nta,X27,MN0201,0.027027
nta,X27,MN0501,0.108108
nta,X27,MN0502,0.121622
nta,X27,BK0702,0.040541
nta,X27,MN0202,0.040541
nta,SIM3,SI0105,0.3
nta,SIM3,MN0502,0.116667
nta,SIM3,BK1061,0.016667
nta,SIM3,SI0106,0.116667
nta,SIM3,MN0602,0.1
nta,SIM3,SI0107,0.083333
nta,SIM3,BK1001,0.016667
nta,SIM3,MN0191,0.033333
nta,SIM3,BK1002,0.016667
nta,SIM3,SI0203,0.016667
nta,SIM3,MN0501,0.083333
nta,SIM3,MN0101,0.016667
nta,SIM3,MN6491,0.033333
nta,SIM3,MN0603,0.016667
nta,SIM3,MN0601,0.016667
nta,SIM3,MN0301,0.016667
nta,Q47,QN0301,0.276923
nta,Q47,QN0504,0.2
nta,Q47,QN0401,0.138462
nta,Q47,QN0203,0.138462
nta,Q47,QN0302,0.138462
nta,Q47,QN0501,0.030769
nta,Q47,QN0573,0.061538
nta,Q47,QN0503,0.015385
nta,Q41,QN1003,0.304348
nta,Q41,QN1202,0.086957
nta,Q41,QN1001,0.217391
nta,Q41,QN1201,0.246377
nta,Q41,QN1002,0.144928
nta,S62,SI0204,0.368421
nta,S62,SI0104,0.157895
nta,S62,SI0102,0.04386
nta,S62,SI0105,0.324561
nta,S62,SI0291,0.017544
nta,S62,SI0101,0.087719
nta,S96,SI0107,0.347222
nta,S96,SI0106,0.25
nta,S96,SI0104,0.097222
nta,S96,SI0204,0.236111
nta,S96,SI0101,0.055556
nta,S96,SI0102,0.013889
nta,Q10,QN1001,0.55814
nta,Q10,QN0901,0.139535
nta,Q10,QN8381,0.162791
nta,Q10,QN0903,0.093023
nta,Q10,QN0902,0.046512
nta,SIM5,MN0101,0.164384
nta,SIM5,SI0202,0.178082
nta,SIM5,BK0703,0.013699
nta,SIM5,BK1061,0.013699
nta,SIM5,SI0302,0.246575
nta,SIM5,SI0201,0.123288
nta,SIM5,SI0301,0.09589
nta,SIM5,BK0601,0.013699
nta,SIM5,BK1001,0.027397
nta,SIM5,BK0702,0.027397
nta,SIM5,SI9593,0.041096
nta,SIM5,MN0191,0.013699
nta,SIM5,BK1002,0.013699
nta,SIM5,SI9592,0.013699
nta,SIM5,SI0103,0.013699
nta,QM35,QN1191,0.047619
nta,QM35,QN0803,0.142857
nta,QM35,QN1301,0.095238
nta,QM35,QN1104,0.222222
nta,QM35,QN0804,0.031746
nta,QM35,QN1103,0.190476
nta,QM35,QN0802,0.095238
nta,QM35,QN0801,0.079365
nta,QM35,MN0604,0.031746
nta,QM35,MN0603,0.031746
nta,QM35,QN1102,0.015873
nta,QM35,QN0891,0.015873
nta,Q101,QN0105,0.044444
nta,Q101,QN0101,0.222222
nta,Q101,QN0201,0.333333
nta,Q101,QN0104,0.311111
nta,Q101,QN0161,0.066667
nta,Q101,QN0103,0.022222
nta,Q37,QN8291,0.040816
nta,Q37,QN1001,0.489796
nta,Q37,QN0903,0.061224
nta,Q37,QN0901,0.163265
nta,Q37,QN0902,0.22449
nta,Q37,QN1002,0.020408
nta,Q61,QN0702,0.46875
nta,Q61,QN0707,0.3125
nta,Q61,QN0704,0.21875
nta,SIM32,SI0204,0.444444
nta,SIM32,MN0102,0.133333
nta,SIM32,MN0101,0.111111
nta,SIM32,SI0203,0.133333
nta,SIM32,BK1001,0.022222
nta,SIM32,BK1002,0.022222
nta,SIM32,SI0105,0.111111
nta,SIM32,MN0191,0.022222
nta,Q51,QN1205,0.5
nta,Q51,QN1001,0.214286
nta,Q51,QN1203,0.142857
nta,Q51,QN1202,0.071429
nta,Q51,QN1002,0.071429
nta,M55,MN0202,0.208955
nta,M55,MN0102,0.179104
nta,M55,MN0501,0.223881
nta,M55,MN0201,0.119403
nta,M55,MN0101,0.134328
nta,M55,MN0502,0.119403
nta,M55,MN0191,0.014925
nta,S42,SI0101,0.930233
nta,S42,SI0104,0.069767
nta,T102,BX0101,0.5
nta,T102,BX0202,0.1875
nta,T102,BX0201,0.1875
nta,T102,MN1102,0.125
nta,Q5,QN1201,0.096774
nta,Q5,QN1205,0.177419
nta,Q5,QN1305,0.225806
nta,Q5,QN1307,0.258065
nta,Q5,QN1203,0.048387
nta,Q5,QN1202,0.16129
nta,Q5,QN1204,0.032258
nta,QM7,MN0101,0.290323
nta,QM7,QN0804,0.064516
nta,QM7,QN0803,0.225806
nta,QM7,MN0603,0.064516
nta,QM7,QN0802,0.193548
nta,QM7,QN0801,0.16129
nta,S44,SI0107,0.119658
nta,S44,SI0101,0.230769
nta,S44,SI0191,0.008547
nta,S44,SI0106,0.196581
nta,S44,SI0104,0.153846
nta,S44,SI0204,0.264957
nta,S44,SI0105,0.008547
nta,S44,SI0291,0.017094
nta,T403,BK0301,0.227273
nta,T403,BK0103,0.136364
nta,T403,BK0101,0.227273
nta,T403,QN0201,0.272727
nta,T403,BK0104,0.090909
nta,T403,BK0102,0.045455
nta,Q29,QN0401,0.394737
nta,Q29,QN0504,0.368421
nta,Q29,QN0503,0.105263
nta,Q29,QN0573,0.105263
nta,Q29,QN0601,0.026316
nta,SIM35,SI0105,0.3
nta,SIM35,SI0104,0.066667
nta,SIM35,SI0201,0.05
nta,SIM35,MN0101,0.183333
nta,SIM35,SI0106,0.116667
nta,SIM35,BK0703,0.016667
nta,SIM35,BK1061,0.016667
nta,SIM35,SI0103,0.05
nta,SIM35,BK0601,0.016667
nta,SIM35,BK1001,0.083333
nta,SIM35,BK0702,0.066667
nta,SIM35,BK1002,0.016667
nta,SIM35,MN0191,0.016667
nta,Q102,QN0105,0.482759
nta,Q102,MN0801,0.344828
nta,Q102,QN0201,0.137931
nta,Q102,QN0161,0.034483
nta,Q20,QN0701,0.146341
nta,Q20,QN0805,0.134146
nta,Q20,QN1201,0.158537
nta,Q20,QN0704,0.073171
nta,Q20,QN0707,0.195122
nta,Q20,QN0801,0.170732
nta,Q20,QN0706,0.085366
nta,Q20,QN0871,0.036585
nta,Q3,QN1204,0.101266
nta,Q3,QN1205,0.253165
nta,Q3,QN8381,0.316456
nta,Q3,QN1306,0.075949
nta,Q3,QN1206,0.075949
nta,Q3,QN1201,0.113924
nta,Q3,QN0804,0.063291
nta,Q85,QN1201,0.109091
nta,Q85,QN1204,0.363636
nta,Q85,QN1307,0.181818
nta,Q85,QN1306,0.072727
nta,Q85,QN1203,0.036364
nta,Q85,QN1202,0.072727
nta,Q85,QN1205,0.072727
nta,Q85,QN1305,0.090909
nta,QM25,QN0503,0.166667
nta,QM25,QN0501,0.095238
nta,QM25,MN0101,0.214286
nta,QM25,QN0502,0.238095
nta,QM25,QN0504,0.214286
nta,QM25,MN0603,0.047619
nta,QM25,QN0574,0.02381
nta,SIM15,MN0101,0.171429
nta,SIM15,SI0203,0.214286
nta,SIM15,SI0201,0.114286
nta,SIM15,SI0301,0.142857
nta,SIM15,BK0703,0.014286
nta,SIM15,BK1061,0.014286
nta,SIM15,SI0202,0.071429
nta,SIM15,SI0302,0.085714
nta,SIM15,SI0103,0.042857
nta,SIM15,BK1001,0.071429
nta,SIM15,MN0102,0.014286
nta,SIM15,BK0702,0.014286
nta,SIM15,BK1002,0.014286
nta,SIM15,MN0191,0.014286
nta,M50,MN0402,0.46875
nta,M50,MN0502,0.28125
nta,M50,MN0604,0.25
nta,QM42,QN0602,0.633333
nta,QM42,MN0604,0.066667
nta,QM42,QN0503,0.033333
nta,QM42,QN0601,0.166667
nta,QM42,QN0401,0.033333
nta,QM42,MN0603,0.066667
nta,QM20,QN0703,0.409091
nta,QM20,QN0701,0.022727
nta,QM20,MN0502,0.159091
nta,QM20,QN0704,0.159091
nta,QM20,QN0702,0.045455
nta,QM20,QN1101,0.022727
nta,QM20,MN0604,0.045455
nta,QM20,MN0501,0.045455
nta,QM20,QN0707,0.068182
nta,QM20,MN0603,0.022727
nta,X28,MN0102,0.1
nta,X28,BK1102,0.1125
nta,X28,MN0101,0.075
nta,X28,BK1091,0.05
nta,X28,BK1103,0.075
nta,X28,BK1302,0.1625
nta,X28,MN0501,0.0875
nta,X28,MN0202,0.05
nta,X28,MN0502,0.1125
nta,X28,BK1002,0.0375
nta,X28,BK0702,0.0125
nta,X28,BK1301,0.05
nta,X28,MN0201,0.025
nta,X28,BK1001,0.0375
nta,X28,MN0191,0.0125
nta,QM16,QN1003,0.111111
nta,QM16,MN0502,0.138889
nta,QM16,QN1403,0.5
nta,QM16,QN8492,0.055556
nta,QM16,MN0603,0.027778
nta,QM16,MN0501,0.083333
nta,QM16,QN1402,0.055556
nta,QM16,MN0604,0.027778
nta,SIM23,MN0501,0.136364
nta,SIM23,MN0502,0.25
nta,SIM23,SI0304,0.227273
nta,SIM23,SI0302,0.090909
nta,SIM23,SI0303,0.159091
nta,SIM23,MN0401,0.090909
nta,SIM23,SI0305,0.022727
nta,SIM23,SI0391,0.022727
nta,QM21,QN1203,0.208333
nta,QM21,QN0901,0.083333
nta,QM21,MN0501,0.125
nta,QM21,QN1204,0.291667
nta,QM21,MN0502,0.166667
nta,QM21,QN0805,0.041667
nta,QM21,QN1202,0.041667
nta,QM21,MN0604,0.041667
nta,T410,QN0502,0.291667
nta,T410,BK0302,0.083333
nta,T410,QN0571,0.041667
nta,T410,BK0401,0.25
nta,T410,BK0402,0.083333
nta,T410,BK0102,0.083333
nta,T410,BK0104,0.041667
nta,T410,BK0103,0.125
nta,Q72,QN0401,0.171429
nta,Q72,QN0402,0.142857
nta,Q72,QN0302,0.342857
nta,Q72,QN8081,0.085714
nta,Q72,QN0601,0.114286
nta,Q72,QN0301,0.057143
nta,Q72,QN0303,0.085714
nta,QM15,QN1003,0.311475
nta,QM15,MN0502,0.081967
nta,QM15,QN1402,0.131148
nta,QM15,QN1002,0.065574
nta,QM15,QN0904,0.032787
nta,QM15,QN1403,0.065574
nta,QM15,MN0603,0.016393
nta,QM15,QN0601,0.04918
nta,QM15,MN0501,0.04918
nta,QM15,QN0503,0.04918
nta,QM15,QN0504,0.032787
nta,QM15,QN8291,0.016393
nta,QM15,QN0905,0.081967
nta,QM15,MN0604,0.016393
nta,T113,BX1102,0.5
nta,T113,BX1202,0.3125
nta,T113,BX1103,0.0625
nta,T113,BX0601,0.125
nta,M98,MN0803,0.057143
nta,M98,MN1202,0.371429
nta,M98,MN1201,0.171429
nta,M98,MN1102,0.114286
nta,M98,MN0802,0.142857
nta,M98,MN0801,0.057143
nta,M98,MN1101,0.085714
nta,Q49,QN0301,0.633333
nta,Q49,QN0302,0.3
nta,Q49,QN0401,0.066667
nta,M72,MN0801,0.184211
nta,M72,MN0701,0.447368
nta,M72,MN0802,0.236842
nta,M72,MN6491,0.131579
nta,Q80,QN0901,0.30303
nta,Q80,QN1001,0.363636
nta,Q80,QN0902,0.151515
nta,Q80,QN8381,0.060606
nta,Q80,QN0903,0.121212
nta,QM8,QN1191,0.041667
nta,QM8,QN1301,0.083333
nta,QM8,QN0803,0.152778
nta,QM8,QN1104,0.194444
nta,QM8,MN0101,0.125
nta,QM8,QN0804,0.027778
nta,QM8,QN1103,0.166667
nta,QM8,MN0603,0.027778
nta,QM8,QN0802,0.083333
nta,QM8,QN0801,0.069444
nta,QM8,QN1102,0.013889
nta,QM8,QN0891,0.013889
nta,Q112,QN1001,0.285714
nta,Q112,QN1201,0.267857
nta,Q112,QN1002,0.232143
nta,Q112,QN1202,0.071429
nta,Q112,QN0904,0.017857
nta,Q112,BK0505,0.107143
nta,Q112,QN0903,0.017857
nta,SIM9,SI0202,0.216667
nta,SIM9,SI0302,0.166667
nta,SIM9,MN0102,0.05
nta,SIM9,MN0101,0.05
nta,SIM9,MN0202,0.066667
nta,SIM9,SI0201,0.15
nta,SIM9,SI0301,0.116667
nta,SIM9,BK1001,0.016667
nta,SIM9,MN0203,0.033333
nta,SIM9,SI9593,0.05
nta,SIM9,MN0201,0.033333
nta,SIM9,BK1002,0.016667
nta,SIM9,SI9592,0.016667
nta,SIM9,MN0501,0.016667
nta,Q8,QN1201,0.239437
nta,Q8,QN0903,0.183099
nta,Q8,QN0904,0.197183
nta,Q8,BK0505,0.225352
nta,Q8,BK0503,0.028169
nta,Q8,BK0502,0.028169
nta,Q8,BK0504,0.098592
nta,Q13,QN0705,0.04878
nta,Q13,QN1102,0.365854
nta,Q13,QN0707,0.121951
nta,Q13,QN0703,0.219512
nta,Q13,QN0704,0.073171
nta,Q13,QN1101,0.121951
nta,Q13,QN0761,0.04878
nta,T232,MN0301,0.166667
nta,T232,MN0202,0.5
nta,T232,MN0201,0.166667
nta,T232,MN0302,0.166667
nta,SIM22,MN0502,0.230769
nta,SIM22,SI0303,0.128205
nta,SIM22,MN0604,0.102564
nta,SIM22,SI0302,0.358974
nta,SIM22,MN0402,0.051282
nta,SIM22,SI0391,0.102564
nta,SIM22,MN0401,0.025641
nta,T426,BK0502,0.1875
nta,T426,BK1602,0.1875
nta,T426,BK0503,0.25
nta,T426,BK1803,0.25
nta,T426,BK1601,0.125
nta,S86,SI0301,0.145455
nta,S86,SI0203,0.418182
nta,S86,SI0202,0.345455
nta,S86,SI0102,0.072727
nta,S86,SI0101,0.018182
nta,SIM3C,SI0105,0.25
nta,SIM3C,SI0201,0.041667
nta,SIM3C,MN0101,0.097222
nta,SIM3C,MN0201,0.041667
nta,SIM3C,BK1061,0.013889
nta,SIM3C,MN0502,0.097222
nta,SIM3C,SI0106,0.097222
nta,SIM3C,MN0102,0.069444
nta,SIM3C,SI0103,0.041667
nta,SIM3C,SI0107,0.069444
nta,SIM3C,BK1001,0.013889
nta,SIM3C,MN0202,0.041667
nta,SIM3C,BK1002,0.013889
nta,SIM3C,MN0501,0.083333
nta,SIM3C,MN6491,0.027778
nta,S81,SI0202,0.514286
nta,S81,SI0103,0.057143
nta,S81,SI0101,0.028571
nta,S81,SI0201,0.2
nta,S81,SI9561,0.142857
nta,S81,SI0102,0.057143
nta,Q48,QN1301,0.230769
nta,Q48,QN0803,0.076923
nta,Q48,QN1302,0.173077
nta,Q48,QN0891,0.057692
nta,Q48,QN0804,0.038462
nta,Q48,QN0802,0.076923
nta,Q48,QN0901,0.019231
nta,Q48,QN1104,0.230769
nta,Q48,QN0801,0.057692
nta,Q48,QN0602,0.038462
nta,T320,QN0201,0.125
nta,T320,QN0202,0.5
nta,T320,QN0401,0.125
nta,T320,QN0203,0.25
nta,M66,MN0701,0.423077
nta,M66,MN0802,0.230769
nta,M66,MN0801,0.307692
nta,M66,MN6491,0.038462
nta,QM6,QN0803,0.0625
nta,QM6,QN1302,0.104167
nta,QM6,QN0804,0.041667
nta,QM6,QN1301,0.1875
nta,QM6,MN0502,0.125
nta,QM6,QN1104,0.125
nta,QM6,QN0802,0.125
nta,QM6,MN0604,0.041667
nta,QM6,QN0801,0.104167
nta,QM6,MN0501,0.041667
nta,QM6,MN0603,0.020833
nta,QM6,QN0891,0.020833
nta,S93,SI0105,0.534884
nta,S93,SI0201,0.093023
nta,S93,SI0103,0.069767
nta,S93,BK1001,0.162791
nta,S93,SI0104,0.046512
nta,S93,SI0204,0.093023
nta,M79-SBS,MN0802,0.296296
nta,M79-SBS,MN0702,0.333333
nta,M79-SBS,MN0803,0.222222
nta,M79-SBS,MN6491,0.074074
nta,M79-SBS,MN0801,0.074074
nta,M79+,MN0802,0.296296
nta,M79+,MN0702,0.333333
nta,M79+,MN0803,0.222222
nta,M79+,MN6491,0.074074
nta,M79+,MN0801,0.074074
nta,Q38,QN0504,0.391304
nta,Q38,QN0601,0.282609
nta,Q38,QN0602,0.130435
nta,Q38,QN0502,0.086957
nta,Q38,QN0501,0.065217
nta,Q38,QN0571,0.043478
nta,Q64,QN0802,0.32
nta,Q64,QN0801,0.44
nta,Q64,QN0602,0.24
nta,Q4,QN1201,0.136364
nta,Q4,QN1205,0.477273
nta,Q4,QN1202,0.068182
nta,Q4,QN1304,0.318182
nta,Q103,QN0105,0.414634
nta,Q103,QN0102,0.219512
nta,Q103,QN0201,0.365854
nta,Q44-SBS,QN0702,0.063492
nta,Q44-SBS,BX0903,0.142857
nta,Q44-SBS,QN0707,0.15873
nta,Q44-SBS,QN1201,0.174603
nta,Q44-SBS,BX0901,0.063492
nta,Q44-SBS,QN0801,0.111111
nta,Q44-SBS,QN0805,0.047619
nta,Q44-SBS,QN0706,0.079365
nta,Q44-SBS,BX0904,0.015873
nta,Q44-SBS,QN0704,0.031746
nta,Q44-SBS,BX1001,0.015873
nta,Q44-SBS,QN0871,0.031746
nta,Q44-SBS,BX2791,0.015873
nta,Q44-SBS,BX0601,0.047619
nta,Q44+,QN0702,0.063492
nta,Q44+,BX0903,0.142857
nta,Q44+,QN0707,0.15873
nta,Q44+,QN1201,0.174603
nta,Q44+,BX0901,0.063492
nta,Q44+,QN0801,0.111111
nta,Q44+,QN0805,0.047619
nta,Q44+,QN0706,0.079365
nta,Q44+,BX0904,0.015873
nta,Q44+,QN0704,0.031746
nta,Q44+,BX1001,0.015873
nta,Q44+,QN0871,0.031746
nta,Q44+,BX2791,0.015873
nta,Q44+,BX0601,0.047619
nta,T117,BX1203,0.25
nta,T117,BX1201,0.4
nta,T117,BX1101,0.2
nta,T117,BX1104,0.1
nta,T117,BX0601,0.05
nta,Q63,QN0301,0.325581
nta,Q63,QN0303,0.139535
nta,Q63,QN0105,0.023256
nta,Q63,QN0707,0.093023
nta,Q63,QN0104,0.093023
nta,Q63,QN0201,0.093023
nta,Q63,QN0203,0.069767
nta,Q63,QN0161,0.046512
nta,Q63,QN0302,0.116279
nta,M9,MN0303,0.214286
nta,M9,MN0602,0.053571
nta,M9,MN0302,0.178571
nta,M9,MN0101,0.089286
nta,M9,MN0601,0.160714
nta,M9,MN0603,0.071429
nta,M9,MN0301,0.160714
nta,M9,MN0102,0.071429
nta,M90,QN0502,0.4375
nta,M90,BK0302,0.125
nta,M90,BK0401,0.25
nta,M90,BK0402,0.125
nta,M90,QN0571,0.0625
nta,S89,SI0302,0.344828
nta,S89,SI0204,0.482759
nta,S89,SI0291,0.034483
nta,S89,SI0107,0.103448
nta,S89,SI0106,0.034483
nta,QM44,QN0802,0.32
nta,QM44,QN0801,0.28
nta,QM44,QN0602,0.24
nta,QM44,MN0603,0.08
nta,QM44,MN0604,0.08
nta,SIM4,SI0105,0.032258
nta,SIM4,SI0303,0.032258
nta,SIM4,SI0107,0.016129
nta,SIM4,MN0101,0.096774
nta,SIM4,BK0703,0.016129
nta,SIM4,BK1061,0.016129
nta,SIM4,SI0204,0.467742
nta,SIM4,SI0302,0.032258
nta,SIM4,SI0291,0.048387
nta,SIM4,BK0601,0.016129
nta,SIM4,BK1001,0.080645
nta,SIM4,BK0702,0.064516
nta,SIM4,BK1002,0.016129
nta,SIM4,MN0102,0.064516
nta,Q52-SBS,QN0401,0.069767
nta,Q52-SBS,QN0904,0.046512
nta,Q52-SBS,QN1003,0.093023
nta,Q52-SBS,QN1402,0.325581
nta,Q52-SBS,QN0905,0.093023
nta,Q52-SBS,QN1403,0.093023
nta,Q52-SBS,QN8491,0.046512
nta,Q52-SBS,QN0503,0.046512
nta,Q52-SBS,QN0504,0.023256
nta,Q52-SBS,QN1002,0.093023
nta,Q52-SBS,QN0601,0.046512
nta,Q52-SBS,QN8291,0.023256
nta,Q52+,QN0401,0.069767
nta,Q52+,QN0904,0.046512
nta,Q52+,QN1003,0.093023
nta,Q52+,QN1402,0.325581
nta,Q52+,QN0905,0.093023
nta,Q52+,QN1403,0.093023
nta,Q52+,QN8491,0.046512
nta,Q52+,QN0503,0.046512
nta,Q52+,QN0504,0.023256
nta,Q52+,QN1002,0.093023
nta,Q52+,QN0601,0.046512
nta,Q52+,QN8291,0.023256
nta,Q31,QN1101,0.22973
nta,Q31,QN1102,0.256757
nta,Q31,QN0804,0.067568
nta,Q31,QN0703,0.067568
nta,Q31,QN1201,0.148649
nta,Q31,QN0803,0.108108
nta,Q31,QN0805,0.054054
nta,Q31,QN0802,0.067568
nta,Q67,QN0202,0.25
nta,Q67,QN0501,0.269231
nta,Q67,QN0571,0.057692
nta,Q67,QN0201,0.192308
nta,Q67,QN0502,0.076923
nta,Q67,QN0504,0.115385
nta,Q67,QN0271,0.038462
nta,Q42,QN1205,0.25
nta,Q42,QN1201,0.321429
nta,Q42,QN1202,0.428571
nta,Q87,QN1201,0.15
nta,Q87,QN1305,0.275
nta,Q87,QN1307,0.25
nta,Q87,QN1203,0.05
nta,Q87,QN1202,0.1
nta,Q87,QN1205,0.15
nta,Q87,QN1204,0.025
nta,QM65,QN1204,0.162162
nta,QM65,QN1205,0.081081
nta,QM65,QN0602,0.054054
nta,QM65,QN1203,0.162162
nta,QM65,MN0101,0.27027
nta,QM65,QN0901,0.054054
nta,QM65,QN1305,0.108108
nta,QM65,MN0603,0.054054
nta,QM65,QN0805,0.027027
nta,QM65,QN1202,0.027027
nta,T103,BX1003,0.357143
nta,T103,BX1001,0.285714
nta,T103,BX0904,0.214286
nta,T103,BX2891,0.071429
nta,T103,BX0903,0.071429
nta,QM32,QN0704,0.029412
nta,QM32,QN0701,0.088235
nta,QM32,QN0702,0.352941
nta,QM32,QN0703,0.382353
nta,QM32,MN0603,0.058824
nta,QM32,MN0604,0.058824
nta,QM32,QN0707,0.029412
nta,Q65,QN1201,0.181818
nta,Q65,QN0802,0.272727
nta,Q65,QN0705,0.181818
nta,Q65,QN0805,0.090909
nta,Q65,QN0704,0.072727
nta,Q65,QN0707,0.109091
nta,Q65,QN0706,0.036364
nta,Q65,QN0791,0.054545
nta,QM11,QN0401,0.135135
nta,QM11,QN0601,0.108108
nta,QM11,MN0101,0.243243
nta,QM11,QN0602,0.351351
nta,QM11,MN0603,0.054054
nta,QM11,QN0402,0.108108
nta,Q40,QN1203,0.583333
nta,Q40,QN1201,0.25
nta,Q40,QN1202,0.166667
nta,Q7,QN0904,0.109091
nta,Q7,QN1001,0.418182
nta,Q7,QN1203,0.2
nta,Q7,QN0905,0.072727
nta,Q7,QN1002,0.090909
nta,Q7,BK0501,0.018182
nta,Q7,BK0571,0.036364
nta,Q7,QN1204,0.018182
nta,Q7,QN8381,0.036364
nta,QM1,QN0804,0.066667
nta,QM1,QN0803,0.233333
nta,QM1,MN0502,0.2
nta,QM1,QN0802,0.2
nta,QM1,QN0801,0.166667
nta,QM1,MN0604,0.033333
nta,QM1,MN0501,0.066667
nta,QM1,MN0603,0.033333
nta,T340,BK0502,0.142857
nta,T340,BK1601,0.071429
nta,T340,QN0902,0.25
nta,T340,BK0501,0.25
nta,T340,QN0901,0.035714
nta,T340,QN0905,0.214286
nta,T340,BK0571,0.035714
nta,Q75,QN0803,0.175
nta,Q75,QN1102,0.225
nta,Q75,QN1201,0.275
nta,Q75,QN0804,0.05
nta,Q75,QN1104,0.075
nta,Q75,QN0802,0.075
nta,Q75,QN0805,0.025
nta,Q75,QN1101,0.1
nta,Q82,QN1303,0.655172
nta,Q82,QN1206,0.068966
nta,Q82,QN1201,0.137931
nta,Q82,QN0804,0.137931
nta,T434,BK0501,0.5
nta,T434,BK0502,0.333333
nta,T434,BK1601,0.166667
nta,Q43,QN1201,0.26087
nta,Q43,QN1206,0.043478
nta,Q43,QN1302,0.347826
nta,Q43,QN0804,0.065217
nta,Q43,QN1301,0.173913
nta,Q43,QN1303,0.086957
nta,Q43,QN0805,0.021739
nta,Q109,QN1402,0.5
nta,Q109,QN1403,0.25
nta,Q109,QN8381,0.25
nta,T430,BK0302,0.16
nta,T430,BK0501,0.36
nta,T430,BK0402,0.12
nta,T430,BK0502,0.12
nta,T430,BK1601,0.2
nta,T430,BK0401,0.04
nta,T433,BK1601,0.25
nta,T433,BK0302,0.2
nta,T433,BK0402,0.1
nta,T433,BK0401,0.15
nta,T433,BK0104,0.05
nta,T433,BK0102,0.1
nta,T433,BK0103,0.15
nta,T323,QN0201,1.0
nta,Q97,QN1401,0.5
nta,Q97,QN8381,0.5
nta,Q70-SBS,QN8081,0.428571
nta,Q70-SBS,QN0203,0.285714
nta,Q70-SBS,QN0401,0.285714
nta,Q70+,QN8081,0.428571
nta,Q70+,QN0203,0.285714
nta,Q70+,QN0401,0.285714
nta,Q108,QN0105,0.5
nta,Q108,QN0201,0.5
nta,T260,MN0502,0.6
nta,T260,MN0401,0.4
nta,T204,MN0902,0.25
nta,T204,MN1201,0.5
nta,T204,MN0903,0.25
nta,T321,QN0707,0.6
nta,T321,QN8191,0.4
nta,T300,QN0602,0.5
nta,T300,QN1201,0.5
nta,Q96,QN0201,0.5
nta,Q96,QN0105,0.5
nta,T354,QN1402,0.5
nta,T354,QN1401,0.5
nta,YOAS,MN0603,0.5
nta,YOAS,MN0501,0.5
nta,T127,BX0703,1.0
cdta,Bx23,BX10,0.893617
cdta,Bx23,BX28,0.085106
cdta,Bx23,BX12,0.021277
cdta,BX23,BX10,0.893617
cdta,BX23,BX28,0.085106
cdta,BX23,BX12,0.021277
cdta,Q89,QN12,0.723404
cdta,Q89,QN13,0.276596
cdta,M104,MN07,0.552632
cdta,M104,MN05,0.171053
cdta,M104,MN09,0.276316
cdta,BM5,BK05,0.509091
cdta,BM5,QN10,0.072727
cdta,BM5,MN05,0.181818
cdta,BM5,MN06,0.127273
cdta,BM5,QN05,0.036364
cdta,BM5,QN06,0.036364
cdta,BM5,QN82,0.018182
cdta,BM5,QN09,0.018182
cdta,BM2,BK18,0.455556
cdta,BM2,MN01,0.122222
cdta,BM2,BK17,0.022222
cdta,BM2,BK05,0.122222
cdta,BM2,MN06,0.088889
cdta,BM2,BK14,0.066667
cdta,BM2,MN05,0.122222
cdta,Bx42,BX11,0.086957
cdta,Bx42,BX10,0.48913
cdta,Bx42,BX05,0.228261
cdta,Bx42,BX09,0.054348
cdta,Bx42,BX06,0.141304
cdta,BX42,BX11,0.086957
cdta,BX42,BX10,0.48913
cdta,BX42,BX05,0.228261
cdta,BX42,BX09,0.054348
cdta,BX42,BX06,0.141304
cdta,M103,MN08,0.264151
cdta,M103,MN03,0.150943
cdta,M103,MN06,0.292453
cdta,M103,MN01,0.018868
cdta,M103,MN11,0.216981
cdta,M103,MN02,0.056604
cdta,Bx41,BX06,0.160714
cdta,Bx41,BX03,0.178571
cdta,Bx41,BX07,0.178571
cdta,Bx41,BX05,0.178571
cdta,Bx41,BX01,0.160714
cdta,Bx41,BX04,0.107143
cdta,Bx41,BX12,0.035714
cdta,BX41,BX06,0.160714
cdta,BX41,BX03,0.178571
cdta,BX41,BX07,0.178571
cdta,BX41,BX05,0.178571
cdta,BX41,BX01,0.160714
cdta,BX41,BX04,0.107143
cdta,BX41,BX12,0.035714
cdta,B4,BK11,0.242188
cdta,B4,BK10,0.234375
cdta,B4,BK13,0.210938
cdta,B4,BK15,0.3125
cdta,Bx4,BX02,0.218182
cdta,Bx4,BX01,0.2
cdta,Bx4,BX09,0.4
cdta,Bx4,BX10,0.163636
cdta,Bx4,BX03,0.018182
cdta,BX4,BX02,0.218182
cdta,BX4,BX01,0.2
cdta,BX4,BX09,0.4
cdta,BX4,BX10,0.163636
cdta,BX4,BX03,0.018182
cdta,Bx33,BX01,0.645161
cdta,Bx33,BX04,0.032258
cdta,Bx33,MN10,0.225806
cdta,Bx33,MN11,0.096774
cdta,BX33,BX01,0.645161
cdta,BX33,BX04,0.032258
cdta,BX33,MN10,0.225806
cdta,BX33,MN11,0.096774
cdta,M3,MN09,0.117284
cdta,M3,MN02,0.04321
cdta,M3,MN64,0.154321
cdta,M3,MN08,0.092593
cdta,M3,MN10,0.12963
cdta,M3,MN05,0.17284
cdta,M3,MN12,0.197531
cdta,M3,MN06,0.024691
cdta,M3,MN11,0.04321
cdta,M3,MN03,0.018519
cdta,M3,MN07,0.006173
cdta,Bx2,BX05,0.185567
cdta,Bx2,BX08,0.175258
cdta,Bx2,BX07,0.247423
cdta,Bx2,BX04,0.247423
cdta,Bx2,BX01,0.14433
cdta,BX2,BX05,0.185567
cdta,BX2,BX08,0.175258
cdta,BX2,BX07,0.247423
cdta,BX2,BX04,0.247423
cdta,BX2,BX01,0.14433
cdta,B20,BK04,0.151786
cdta,B20,BK05,0.580357
cdta,B20,QN05,0.214286
cdta,B20,BK16,0.053571
cdta,B54,BK03,0.295082
cdta,B54,BK04,0.295082
cdta,B54,BK02,0.377049
cdta,B54,QN05,0.032787
cdta,B68,BK55,0.079208
cdta,B68,BK14,0.207921
cdta,B68,BK13,0.336634
cdta,B68,BK07,0.069307
cdta,B68,BK15,0.178218
cdta,B68,BK12,0.128713
cdta,M1,MN05,0.208955
cdta,M1,MN10,0.179104
cdta,M1,MN02,0.141791
cdta,M1,MN64,0.164179
cdta,M1,MN08,0.11194
cdta,M1,MN11,0.149254
cdta,M1,MN06,0.029851
cdta,M1,MN03,0.014925
cdta,B9,BK18,0.189189
cdta,B9,BK07,0.117117
cdta,B9,BK14,0.171171
cdta,B9,BK12,0.36036
cdta,B9,BK10,0.162162
cdta,Bx31,BX12,0.628571
cdta,Bx31,BX11,0.242857
cdta,Bx31,BX26,0.028571
cdta,Bx31,BX10,0.1
cdta,BX31,BX12,0.628571
cdta,BX31,BX11,0.242857
cdta,BX31,BX26,0.028571
cdta,BX31,BX10,0.1
cdta,B24,QN02,0.402597
cdta,B24,BK01,0.597403
cdta,Bx7,BX08,0.5
cdta,Bx7,MN12,0.5
cdta,BX7,BX08,0.5
cdta,BX7,MN12,0.5
cdta,Bx19,BX01,0.202532
cdta,Bx19,BX06,0.139241
cdta,Bx19,BX04,0.037975
cdta,Bx19,BX03,0.126582
cdta,Bx19,MN09,0.151899
cdta,Bx19,BX02,0.202532
cdta,Bx19,BX27,0.063291
cdta,Bx19,MN10,0.075949
cdta,BX19,BX01,0.202532
cdta,BX19,BX06,0.139241
cdta,BX19,BX04,0.037975
cdta,BX19,BX03,0.126582
cdta,BX19,MN09,0.151899
cdta,BX19,BX02,0.202532
cdta,BX19,BX27,0.063291
cdta,BX19,MN10,0.075949
cdta,M31,MN08,0.508772
cdta,M31,MN05,0.175439
cdta,M31,MN06,0.192982
cdta,M31,MN04,0.122807
cdta,B11,BK07,0.26506
cdta,B11,BK14,0.313253
cdta,B11,BK12,0.421687
cdta,B7,BK16,0.247423
cdta,B7,BK17,0.268041
cdta,B7,BK18,0.237113
cdta,B7,BK15,0.14433
cdta,B7,BK03,0.061856
cdta,B7,BK14,0.030928
cdta,B7,BK04,0.010309
cdta,Bx32,BX04,0.370968
cdta,Bx32,BX01,0.177419
cdta,Bx32,BX05,0.258065
cdta,Bx32,BX07,0.177419
cdta,Bx32,BX08,0.016129
cdta,BX32,BX04,0.370968
cdta,BX32,BX01,0.177419
cdta,BX32,BX05,0.258065
cdta,BX32,BX07,0.177419
cdta,BX32,BX08,0.016129
cdta,B8,BK16,0.02649
cdta,B8,BK17,0.337748
cdta,B8,BK10,0.13245
cdta,B8,BK14,0.139073
cdta,B8,BK11,0.251656
cdta,B8,BK12,0.112583
cdta,B41,BK18,0.451923
cdta,B41,BK14,0.201923
cdta,B41,BK17,0.019231
cdta,B41,BK06,0.086538
cdta,B41,BK55,0.038462
cdta,B41,BK02,0.105769
cdta,B41,BK09,0.067308
cdta,B41,BK08,0.028846
cdta,Bx30,BX11,0.171053
cdta,Bx30,BX12,0.276316
cdta,Bx30,BX10,0.552632
cdta,BX30,BX11,0.171053
cdta,BX30,BX12,0.276316
cdta,BX30,BX10,0.552632
cdta,Bx38,BX07,0.406977
cdta,Bx38,BX10,0.325581
cdta,Bx38,BX11,0.05814
cdta,Bx38,BX12,0.197674
cdta,Bx38,BX27,0.011628
cdta,BX38,BX07,0.406977
cdta,BX38,BX10,0.325581
cdta,BX38,BX11,0.05814
cdta,BX38,BX12,0.197674
cdta,BX38,BX27,0.011628
cdta,M4,MN12,0.243421
cdta,M4,MN64,0.164474
cdta,M4,MN10,0.026316
cdta,M4,MN08,0.098684
cdta,M4,MN05,0.131579
cdta,M4,MN09,0.263158
cdta,M4,MN07,0.026316
cdta,M4,MN11,0.046053
cdta,M15,MN11,0.180328
cdta,M15,MN03,0.221311
cdta,M15,MN01,0.114754
cdta,M15,MN06,0.262295
cdta,M15,MN08,0.221311
cdta,B100,BK18,0.79661
cdta,B100,BK15,0.20339
cdta,Bx22,BX09,0.44
cdta,Bx22,BX07,0.226667
cdta,Bx22,BX11,0.133333
cdta,Bx22,BX27,0.053333
cdta,Bx22,BX06,0.106667
cdta,Bx22,BX08,0.013333
cdta,Bx22,BX10,0.013333
cdta,Bx22,BX05,0.013333
cdta,BX22,BX09,0.44
cdta,BX22,BX07,0.226667
cdta,BX22,BX11,0.133333
cdta,BX22,BX27,0.053333
cdta,BX22,BX06,0.106667
cdta,BX22,BX08,0.013333
cdta,BX22,BX10,0.013333
cdta,BX22,BX05,0.013333
cdta,B14,BK16,0.340909
cdta,B14,BK05,0.556818
cdta,B14,BK08,0.079545
cdta,B14,BK09,0.022727
cdta,Bx40,BX10,0.453488
cdta,Bx40,BX11,0.081395
cdta,Bx40,BX05,0.255814
cdta,Bx40,BX09,0.05814
cdta,Bx40,BX06,0.151163
cdta,BX40,BX10,0.453488
cdta,BX40,BX11,0.081395
cdta,BX40,BX05,0.255814
cdta,BX40,BX09,0.05814
cdta,BX40,BX06,0.151163
cdta,Bx28,BX07,0.366337
cdta,Bx28,BX10,0.405941
cdta,Bx28,BX11,0.049505
cdta,Bx28,BX12,0.168317
cdta,Bx28,BX27,0.009901
cdta,BX28,BX07,0.366337
cdta,BX28,BX10,0.405941
cdta,BX28,BX11,0.049505
cdta,BX28,BX12,0.168317
cdta,BX28,BX27,0.009901
cdta,B1,BK13,0.326531
cdta,B1,BK15,0.22449
cdta,B1,BK11,0.265306
cdta,B1,BK10,0.183673
cdta,M101,MN08,0.180645
cdta,M101,MN03,0.03871
cdta,M101,MN06,0.2
cdta,M101,MN10,0.051613
cdta,M101,MN11,0.174194
cdta,M101,MN12,0.193548
cdta,M101,MN09,0.16129
cdta,BxM9,MN05,0.236842
cdta,BxM9,BX10,0.578947
cdta,BxM9,MN64,0.052632
cdta,BxM9,MN08,0.078947
cdta,BxM9,MN11,0.052632
cdta,BXM9,MN05,0.236842
cdta,BXM9,BX10,0.578947
cdta,BXM9,MN64,0.052632
cdta,BXM9,MN08,0.078947
cdta,BXM9,MN11,0.052632
cdta,M10,MN07,0.272727
cdta,M10,MN10,0.465909
cdta,M10,MN64,0.238636
cdta,M10,MN05,0.022727
cdta,B47,BK03,0.221239
cdta,B47,BK18,0.309735
cdta,B47,BK17,0.230088
cdta,B47,BK08,0.061947
cdta,B47,BK16,0.097345
cdta,B47,BK04,0.079646
cdta,B37,BK10,0.382716
cdta,B37,BK07,0.37037
cdta,B37,BK06,0.197531
cdta,B37,BK02,0.049383
cdta,BM3,BK15,0.388889
cdta,BM3,MN01,0.122222
cdta,BM3,BK14,0.222222
cdta,BM3,MN06,0.088889
cdta,BM3,MN05,0.122222
cdta,BM3,BK12,0.055556
cdta,Bx6,BX04,0.152542
cdta,Bx6,MN12,0.152542
cdta,Bx6,BX02,0.474576
cdta,Bx6,BX03,0.169492
cdta,Bx6,MN09,0.050847
cdta,BX6,BX04,0.152542
cdta,BX6,MN12,0.152542
cdta,BX6,BX02,0.474576
cdta,BX6,BX03,0.169492
cdta,BX6,MN09,0.050847
cdta,B82,BK11,0.237762
cdta,B82,BK15,0.13986
cdta,B82,BK18,0.391608
cdta,B82,BK05,0.097902
cdta,B82,BK13,0.111888
cdta,B82,BK14,0.020979
cdta,B12,BK16,0.237288
cdta,B12,BK09,0.372881
cdta,B12,BK05,0.033898
cdta,B12,BK17,0.220339
cdta,B12,BK08,0.067797
cdta,B12,BK14,0.067797
cdta,Bx17,BX01,0.369231
cdta,Bx17,BX02,0.123077
cdta,Bx17,BX06,0.323077
cdta,Bx17,BX03,0.184615
cdta,BX17,BX01,0.369231
cdta,BX17,BX02,0.123077
cdta,BX17,BX06,0.323077
cdta,BX17,BX03,0.184615
cdta,B38,BK04,0.180723
cdta,B38,QN05,0.253012
cdta,B38,BK02,0.289157
cdta,B38,BK03,0.277108
cdta,Bx3,BX08,0.34
cdta,Bx3,BX07,0.22
cdta,Bx3,BX05,0.28
cdta,Bx3,MN12,0.16
cdta,BX3,BX08,0.34
cdta,BX3,BX07,0.22
cdta,BX3,BX05,0.28
cdta,BX3,MN12,0.16
cdta,M2,MN05,0.194444
cdta,M2,MN10,0.277778
cdta,M2,MN02,0.048611
cdta,M2,MN64,0.166667
cdta,M2,MN08,0.104167
cdta,M2,MN12,0.111111
cdta,M2,MN06,0.027778
cdta,M2,MN11,0.048611
cdta,M2,MN03,0.013889
cdta,M2,MN09,0.006944
cdta,M125,MN09,0.225
cdta,M125,BX01,0.275
cdta,M125,MN11,0.3
cdta,M125,MN10,0.2
cdta,B35,BK17,0.387097
cdta,B35,BK16,0.086022
cdta,B35,BK07,0.139785
cdta,B35,BK14,0.11828
cdta,B35,BK12,0.268817
cdta,B84,BK05,1.0
cdta,Bx39,BX09,0.385542
cdta,Bx39,BX12,0.349398
cdta,Bx39,BX11,0.26506
cdta,BX39,BX09,0.385542
cdta,BX39,BX12,0.349398
cdta,BX39,BX11,0.26506
cdta,M106,MN07,0.333333
cdta,M106,MN64,0.121212
cdta,M106,MN11,0.515152
cdta,M106,MN08,0.030303
cdta,Bx5,BX09,0.537313
cdta,Bx5,BX10,0.283582
cdta,Bx5,BX02,0.089552
cdta,Bx5,BX28,0.074627
cdta,Bx5,BX12,0.014925
cdta,BX5,BX09,0.537313
cdta,BX5,BX10,0.283582
cdta,BX5,BX02,0.089552
cdta,BX5,BX28,0.074627
cdta,BX5,BX12,0.014925
cdta,Bx1,BX05,0.202247
cdta,Bx1,BX08,0.179775
cdta,Bx1,BX07,0.269663
cdta,Bx1,BX04,0.303371
cdta,Bx1,BX01,0.044944
cdta,BX1,BX05,0.202247
cdta,BX1,BX08,0.179775
cdta,BX1,BX07,0.269663
cdta,BX1,BX04,0.303371
cdta,BX1,BX01,0.044944
cdta,BxM1,MN06,0.12069
cdta,BxM1,BX08,0.568966
cdta,BxM1,MN08,0.189655
cdta,BxM1,MN11,0.017241
cdta,BxM1,MN12,0.103448
cdta,BXM1,MN06,0.12069
cdta,BXM1,BX08,0.568966
cdta,BXM1,MN08,0.189655
cdta,BXM1,MN11,0.017241
cdta,BXM1,MN12,0.103448
cdta,B70,BK10,0.476923
cdta,B70,BK07,0.4
cdta,B70,BK12,0.123077
cdta,B74,BK13,1.0
cdta,L90,BK01,0.625
cdta,L90,BK04,0.375
cdta,B6,BK14,0.141935
cdta,B6,BK18,0.36129
cdta,B6,BK11,0.2
cdta,B6,BK05,0.135484
cdta,B6,BK12,0.083871
cdta,B6,BK17,0.070968
cdta,B6,BK13,0.006452
cdta,B13,QN05,0.377193
cdta,B13,BK05,0.526316
cdta,B13,BK04,0.096491
cdta,B26,BK03,0.382716
cdta,B26,BK16,0.024691
cdta,B26,BK04,0.234568
cdta,B26,BK02,0.333333
cdta,B26,QN05,0.024691
cdta,B64,BK10,0.53
cdta,B64,BK11,0.31
cdta,B64,BK13,0.16
cdta,B65,BK08,0.728814
cdta,B65,BK02,0.220339
cdta,B65,BK06,0.050847
cdta,B63,BK07,0.336364
cdta,B63,BK06,0.209091
cdta,B63,BK10,0.281818
cdta,B63,BK02,0.172727
cdta,BM1,BK18,0.460674
cdta,BM1,MN01,0.123596
cdta,BM1,BK14,0.202247
cdta,BM1,MN06,0.089888
cdta,BM1,MN05,0.123596
cdta,B3,BK18,0.367816
cdta,B3,BK11,0.218391
cdta,B3,BK15,0.413793
cdta,B32,BK01,0.8
cdta,B32,QN02,0.2
cdta,B46-SBS,BK03,0.296296
cdta,B46-SBS,BK18,0.333333
cdta,B46-SBS,BK17,0.185185
cdta,B46-SBS,BK09,0.185185
cdta,B46+,BK03,0.296296
cdta,B46+,BK18,0.333333
cdta,B46+,BK17,0.185185
cdta,B46+,BK09,0.185185
cdta,Bx9,BX26,0.112676
cdta,Bx9,BX06,0.309859
cdta,Bx9,BX08,0.366197
cdta,Bx9,BX07,0.169014
cdta,Bx9,BX27,0.042254
cdta,BX9,BX26,0.112676
cdta,BX9,BX06,0.309859
cdta,BX9,BX08,0.366197
cdta,BX9,BX07,0.169014
cdta,BX9,BX27,0.042254
cdta,B17,BK18,0.6875
cdta,B17,BK17,0.197917
cdta,B17,BK09,0.114583
cdta,BxM4,BX12,0.193548
cdta,BxM4,BX05,0.080645
cdta,BxM4,BX07,0.241935
cdta,BxM4,MN11,0.032258
cdta,BxM4,MN08,0.064516
cdta,BxM4,BX04,0.129032
cdta,BxM4,MN05,0.16129
cdta,BxM4,MN64,0.080645
cdta,BxM4,MN10,0.016129
cdta,BXM4,BX12,0.193548
cdta,BXM4,BX05,0.080645
cdta,BXM4,BX07,0.241935
cdta,BXM4,MN11,0.032258
cdta,BXM4,MN08,0.064516
cdta,BXM4,BX04,0.129032
cdta,BXM4,MN05,0.16129
cdta,BXM4,MN64,0.080645
cdta,BXM4,MN10,0.016129
cdta,Bx24,BX11,0.222222
cdta,Bx24,BX10,0.711111
cdta,Bx24,BX28,0.066667
cdta,BX24,BX11,0.222222
cdta,BX24,BX10,0.711111
cdta,BX24,BX28,0.066667
cdta,B16,BK12,0.330508
cdta,B16,BK10,0.457627
cdta,B16,BK55,0.042373
cdta,B16,BK14,0.067797
cdta,B16,BK07,0.050847
cdta,B16,BK09,0.050847
cdta,Bx10,BX07,0.311688
cdta,Bx10,BX08,0.688312
cdta,BX10,BX07,0.311688
cdta,BX10,BX08,0.688312
cdta,Bx36,BX09,0.352113
cdta,Bx36,MN12,0.112676
cdta,Bx36,BX05,0.267606
cdta,Bx36,BX06,0.253521
cdta,Bx36,BX11,0.014085
cdta,BX36,BX09,0.352113
cdta,BX36,MN12,0.112676
cdta,BX36,BX05,0.267606
cdta,BX36,BX06,0.253521
cdta,BX36,BX11,0.014085
cdta,Bx29,BX10,0.666667
cdta,Bx29,BX28,0.333333
cdta,BX29,BX10,0.666667
cdta,BX29,BX28,0.333333
cdta,B103,BK18,0.546667
cdta,B103,BK17,0.026667
cdta,B103,BK14,0.106667
cdta,B103,BK12,0.066667
cdta,B103,BK06,0.08
cdta,B103,BK02,0.173333
cdta,BxM10,MN08,0.121951
cdta,BxM10,BX11,0.390244
cdta,BxM10,MN05,0.219512
cdta,BxM10,BX12,0.121951
cdta,BxM10,MN64,0.04878
cdta,BxM10,MN11,0.073171
cdta,BxM10,BX06,0.02439
cdta,BXM10,MN08,0.121951
cdta,BXM10,BX11,0.390244
cdta,BXM10,MN05,0.219512
cdta,BXM10,BX12,0.121951
cdta,BXM10,MN64,0.04878
cdta,BXM10,MN11,0.073171
cdta,BXM10,BX06,0.02439
cdta,M100,MN09,0.279412
cdta,M100,MN12,0.720588
cdta,B44,BK15,0.255474
cdta,B44,BK17,0.145985
cdta,B44,BK03,0.175182
cdta,B44,BK18,0.072993
cdta,B44,BK08,0.072993
cdta,B44,BK14,0.087591
cdta,B44,BK01,0.065693
cdta,B44,BK09,0.124088
cdta,Bx26,BX11,0.322581
cdta,Bx26,BX12,0.064516
cdta,Bx26,BX07,0.225806
cdta,Bx26,BX10,0.33871
cdta,Bx26,BX27,0.032258
cdta,Bx26,BX06,0.016129
cdta,BX26,BX11,0.322581
cdta,BX26,BX12,0.064516
cdta,BX26,BX07,0.225806
cdta,BX26,BX10,0.33871
cdta,BX26,BX27,0.032258
cdta,BX26,BX06,0.016129
cdta,Bx13,BX04,0.674419
cdta,Bx13,MN12,0.186047
cdta,Bx13,BX03,0.139535
cdta,BX13,BX04,0.674419
cdta,BX13,MN12,0.186047
cdta,BX13,BX03,0.139535
cdta,B46,BK17,0.214953
cdta,B46,BK18,0.233645
cdta,B46,BK08,0.056075
cdta,B46,BK01,0.140187
cdta,B46,BK03,0.214953
cdta,B46,BK09,0.084112
cdta,B46,BK04,0.056075
cdta,M102,MN08,0.245614
cdta,M102,MN03,0.052632
cdta,M102,MN06,0.27193
cdta,M102,MN11,0.175439
cdta,M102,MN10,0.254386
cdta,Bx18A,BX04,0.619048
cdta,Bx18A,BX05,0.380952
cdta,BX18A,BX04,0.619048
cdta,BX18A,BX05,0.380952
cdta,M116,MN07,0.261905
cdta,M116,MN10,0.285714
cdta,M116,MN11,0.428571
cdta,M116,MN09,0.02381
cdta,B61,BK06,0.792683
cdta,B61,BK07,0.109756
cdta,B61,BK02,0.097561
cdta,M35,MN11,1.0
cdta,M21,MN03,0.47619
cdta,M21,MN02,0.52381
cdta,Bx4A,BX03,0.04878
cdta,Bx4A,BX09,0.634146
cdta,Bx4A,BX11,0.04878
cdta,Bx4A,BX02,0.097561
cdta,Bx4A,BX10,0.170732
cdta,BX4A,BX03,0.04878
cdta,BX4A,BX09,0.634146
cdta,BX4A,BX11,0.04878
cdta,BX4A,BX02,0.097561
cdta,BX4A,BX10,0.170732
cdta,Bx27,BX03,0.046512
cdta,Bx27,BX09,0.860465
cdta,Bx27,BX02,0.093023
cdta,BX27,BX03,0.046512
cdta,BX27,BX09,0.860465
cdta,BX27,BX02,0.093023
cdta,B69,BK02,0.322222
cdta,B69,BK07,0.188889
cdta,B69,BK12,0.111111
cdta,B69,BK06,0.266667
cdta,B69,BK08,0.111111
cdta,M20,MN01,0.316456
cdta,M20,MN02,0.202532
cdta,M20,MN04,0.101266
cdta,M20,MN64,0.025316
cdta,M20,MN05,0.278481
cdta,M20,MN07,0.075949
cdta,B15,BK16,0.167832
cdta,B15,BK17,0.055944
cdta,B15,BK08,0.153846
cdta,B15,BK05,0.342657
cdta,B15,BK03,0.216783
cdta,B15,QN10,0.034965
cdta,B15,QN83,0.020979
cdta,B15,BK04,0.006993
cdta,B111,BK16,0.166667
cdta,B111,BK05,0.166667
cdta,B111,QN05,0.166667
cdta,B111,BK04,0.5
cdta,Bx12-SBS,BX10,0.171429
cdta,Bx12-SBS,BX07,0.228571
cdta,Bx12-SBS,BX11,0.228571
cdta,Bx12-SBS,BX06,0.057143
cdta,Bx12-SBS,MN12,0.114286
cdta,Bx12-SBS,BX05,0.057143
cdta,Bx12-SBS,BX27,0.057143
cdta,Bx12-SBS,BX28,0.057143
cdta,Bx12-SBS,BX12,0.028571
cdta,BX12+,BX10,0.171429
cdta,BX12+,BX07,0.228571
cdta,BX12+,BX11,0.228571
cdta,BX12+,BX06,0.057143
cdta,BX12+,MN12,0.114286
cdta,BX12+,BX05,0.057143
cdta,BX12+,BX27,0.057143
cdta,BX12+,BX28,0.057143
cdta,BX12+,BX12,0.028571
cdta,B60,BK18,0.141791
cdta,B60,BK05,0.059701
cdta,B60,BK04,0.283582
cdta,B60,BK01,0.261194
cdta,B60,BK16,0.253731
cdta,M34A-SBS,MN05,0.37931
cdta,M34A-SBS,MN06,0.448276
cdta,M34A-SBS,MN04,0.172414
cdta,M34A+,MN05,0.37931
cdta,M34A+,MN06,0.448276
cdta,M34A+,MN04,0.172414
cdta,B57,BK02,0.273684
cdta,B57,BK03,0.073684
cdta,B57,BK06,0.305263
cdta,B57,BK01,0.157895
cdta,B57,QN05,0.115789
cdta,B57,BK04,0.073684
cdta,Bx25,BX11,0.289855
cdta,Bx25,BX12,0.057971
cdta,Bx25,BX10,0.405797
cdta,Bx25,BX07,0.202899
cdta,Bx25,BX27,0.028986
cdta,Bx25,BX06,0.014493
cdta,BX25,BX11,0.289855
cdta,BX25,BX12,0.057971
cdta,BX25,BX10,0.405797
cdta,BX25,BX07,0.202899
cdta,BX25,BX27,0.028986
cdta,BX25,BX06,0.014493
cdta,B36,BK13,0.62963
cdta,B36,BK15,0.37037
cdta,M14A-SBS,MN05,0.047619
cdta,M14A-SBS,MN03,0.619048
cdta,M14A-SBS,MN04,0.071429
cdta,M14A-SBS,MN06,0.095238
cdta,M14A-SBS,MN02,0.166667
cdta,M14A+,MN05,0.047619
cdta,M14A+,MN03,0.619048
cdta,M14A+,MN04,0.071429
cdta,M14A+,MN06,0.095238
cdta,M14A+,MN02,0.166667
cdta,B93,BK02,0.75
cdta,B93,BK03,0.25
cdta,Bx11,BX04,0.259259
cdta,Bx11,BX09,0.259259
cdta,Bx11,BX03,0.333333
cdta,Bx11,MN12,0.148148
cdta,BX11,BX04,0.259259
cdta,BX11,BX09,0.259259
cdta,BX11,BX03,0.333333
cdta,BX11,MN12,0.148148
cdta,BxM3,BX26,0.153846
cdta,BxM3,BX08,0.269231
cdta,BxM3,MN11,0.038462
cdta,BxM3,MN08,0.076923
cdta,BxM3,BX07,0.153846
cdta,BxM3,MN05,0.192308
cdta,BxM3,MN64,0.096154
cdta,BxM3,MN10,0.019231
cdta,BXM3,BX26,0.153846
cdta,BXM3,BX08,0.269231
cdta,BXM3,MN11,0.038462
cdta,BXM3,MN08,0.076923
cdta,BXM3,BX07,0.153846
cdta,BXM3,MN05,0.192308
cdta,BXM3,MN64,0.096154
cdta,BXM3,MN10,0.019231
cdta,B44-SBS,BK14,0.1
cdta,B44-SBS,BK03,0.175
cdta,B44-SBS,BK09,0.05
cdta,B44-SBS,BK15,0.25
cdta,B44-SBS,BK08,0.05
cdta,B44-SBS,BK17,0.15
cdta,B44-SBS,BK01,0.175
cdta,B44-SBS,BK18,0.05
cdta,B44+,BK14,0.1
cdta,B44+,BK03,0.175
cdta,B44+,BK09,0.05
cdta,B44+,BK15,0.25
cdta,B44+,BK08,0.05
cdta,B44+,BK17,0.15
cdta,B44+,BK01,0.175
cdta,B44+,BK18,0.05
cdta,B2,BK18,0.571429
cdta,B2,BK15,0.428571
cdta,BxM2,BX08,0.6
cdta,BxM2,MN11,0.036364
cdta,BxM2,MN05,0.145455
cdta,BxM2,MN08,0.036364
cdta,BxM2,MN07,0.109091
cdta,BxM2,MN64,0.054545
cdta,BxM2,MN10,0.018182
cdta,BXM2,BX08,0.6
cdta,BXM2,MN11,0.036364
cdta,BXM2,MN05,0.145455
cdta,BXM2,MN08,0.036364
cdta,BXM2,MN07,0.109091
cdta,BXM2,MN64,0.054545
cdta,BXM2,MN10,0.018182
cdta,M11,MN07,0.358333
cdta,M11,MN04,0.291667
cdta,M11,MN09,0.308333
cdta,M11,MN02,0.041667
cdta,BM4,BK15,0.204819
cdta,BM4,MN01,0.13253
cdta,BM4,BK18,0.108434
cdta,BM4,BK14,0.26506
cdta,BM4,MN06,0.096386
cdta,BM4,MN05,0.13253
cdta,BM4,BK12,0.060241
cdta,BxM6,MN05,0.409091
cdta,BxM6,BX09,0.272727
cdta,BxM6,MN64,0.090909
cdta,BxM6,MN08,0.136364
cdta,BxM6,MN11,0.090909
cdta,BXM6,MN05,0.409091
cdta,BXM6,BX09,0.272727
cdta,BXM6,MN64,0.090909
cdta,BXM6,MN08,0.136364
cdta,BXM6,MN11,0.090909
cdta,B67,BK01,0.036585
cdta,B67,BK07,0.207317
cdta,B67,BK06,0.268293
cdta,B67,BK12,0.121951
cdta,B67,BK02,0.317073
cdta,B67,BK08,0.04878
cdta,Bx8,BX12,0.191489
cdta,Bx8,BX10,0.56383
cdta,Bx8,BX11,0.244681
cdta,BX8,BX12,0.191489
cdta,BX8,BX10,0.56383
cdta,BX8,BX11,0.244681
cdta,B48,BK09,0.130435
cdta,B48,BK01,0.543478
cdta,B48,BK08,0.119565
cdta,B48,BK02,0.043478
cdta,B48,BK03,0.163043
cdta,B62,BK01,0.514851
cdta,B62,QN01,0.138614
cdta,B62,BK02,0.287129
cdta,B62,QN02,0.059406
cdta,B49,BK09,0.137405
cdta,B49,BK08,0.091603
cdta,B49,BK14,0.251908
cdta,B49,BK15,0.374046
cdta,B49,BK13,0.022901
cdta,B49,BK17,0.091603
cdta,B49,BK03,0.030534
cdta,Bx21,BX11,0.371429
cdta,Bx21,BX03,0.271429
cdta,Bx21,BX01,0.214286
cdta,Bx21,BX06,0.1
cdta,Bx21,BX10,0.042857
cdta,BX21,BX11,0.371429
cdta,BX21,BX03,0.271429
cdta,BX21,BX01,0.214286
cdta,BX21,BX06,0.1
cdta,BX21,BX10,0.042857
cdta,BxM18,BX08,0.592593
cdta,BxM18,MN01,0.259259
cdta,BxM18,MN05,0.148148
cdta,BXM18,BX08,0.592593
cdta,BXM18,MN01,0.259259
cdta,BXM18,MN05,0.148148
cdta,M22,MN01,0.418605
cdta,M22,MN03,0.581395
cdta,B25,BK02,0.461538
cdta,B25,BK03,0.358974
cdta,B25,BK16,0.153846
cdta,B25,BK05,0.025641
cdta,B31,BK15,0.833333
cdta,B31,BK18,0.166667
cdta,Bx46,BX02,0.928571
cdta,Bx46,BX01,0.071429
cdta,BX46,BX02,0.928571
cdta,BX46,BX01,0.071429
cdta,Bx16,BX12,0.850746
cdta,Bx16,BX07,0.134328
cdta,Bx16,BX26,0.014925
cdta,BX16,BX12,0.850746
cdta,BX16,BX07,0.134328
cdta,BX16,BX26,0.014925
cdta,Bx18B,BX04,0.545455
cdta,Bx18B,BX05,0.454545
cdta,BX18B,BX04,0.545455
cdta,BX18B,BX05,0.454545
cdta,B43,BK03,0.281553
cdta,B43,BK01,0.427184
cdta,B43,BK09,0.203883
cdta,B43,BK08,0.087379
cdta,Bx34,BX07,0.627907
cdta,Bx34,BX12,0.302326
cdta,Bx34,BX26,0.069767
cdta,BX34,BX07,0.627907
cdta,BX34,BX12,0.302326
cdta,BX34,BX26,0.069767
cdta,B106,BK01,0.666667
cdta,B106,MN03,0.333333
cdta,B90,BK12,0.428571
cdta,B90,BK15,0.142857
cdta,B90,BK13,0.25
cdta,B90,BK14,0.035714
cdta,B90,BK11,0.142857
cdta,M23-SBS,MN04,0.483871
cdta,M23-SBS,MN06,0.387097
cdta,M23-SBS,MN05,0.129032
cdta,M23+,MN04,0.483871
cdta,M23+,MN06,0.387097
cdta,M23+,MN05,0.129032
cdta,B52,BK03,0.394366
cdta,B52,BK02,0.394366
cdta,B52,BK04,0.183099
cdta,B52,QN05,0.028169
cdta,M14D-SBS,MN05,0.045455
cdta,M14D-SBS,MN04,0.181818
cdta,M14D-SBS,MN03,0.522727
cdta,M14D-SBS,MN06,0.136364
cdta,M14D-SBS,MN02,0.113636
cdta,M14D+,MN05,0.045455
cdta,M14D+,MN04,0.181818
cdta,M14D+,MN03,0.522727
cdta,M14D+,MN06,0.136364
cdta,M14D+,MN02,0.113636
cdta,Bx20,BX08,0.775
cdta,Bx20,MN12,0.225
cdta,BX20,BX08,0.775
cdta,BX20,MN12,0.225
cdta,B45,BK08,0.766667
cdta,B45,BK02,0.216667
cdta,B45,BK06,0.016667
cdta,M15-SBS,MN11,0.214286
cdta,M15-SBS,MN03,0.166667
cdta,M15-SBS,MN06,0.309524
cdta,M15-SBS,MN08,0.166667
cdta,M15-SBS,MN01,0.142857
cdta,M15+,MN11,0.214286
cdta,M15+,MN03,0.166667
cdta,M15+,MN06,0.309524
cdta,M15+,MN08,0.166667
cdta,M15+,MN01,0.142857
cdta,B82-SBS,BK18,0.456522
cdta,B82-SBS,BK11,0.23913
cdta,B82-SBS,BK05,0.152174
cdta,B82-SBS,BK14,0.021739
cdta,B82-SBS,BK15,0.130435
cdta,B82+,BK18,0.456522
cdta,B82+,BK11,0.23913
cdta,B82+,BK05,0.152174
cdta,B82+,BK14,0.021739
cdta,B82+,BK15,0.130435
cdta,Bx15,BX01,0.181818
cdta,Bx15,BX06,0.363636
cdta,Bx15,BX03,0.454545
cdta,BX15,BX01,0.181818
cdta,BX15,BX06,0.363636
cdta,BX15,BX03,0.454545
cdta,BxM8,MN08,0.069767
cdta,BxM8,BX09,0.093023
cdta,BxM8,MN05,0.209302
cdta,BxM8,BX10,0.511628
cdta,BxM8,BX28,0.023256
cdta,BxM8,MN64,0.046512
cdta,BxM8,MN11,0.046512
cdta,BXM8,MN08,0.069767
cdta,BXM8,BX09,0.093023
cdta,BXM8,MN05,0.209302
cdta,BXM8,BX10,0.511628
cdta,BXM8,BX28,0.023256
cdta,BXM8,MN64,0.046512
cdta,BXM8,MN11,0.046512
cdta,M12,MN04,0.825
cdta,M12,MN02,0.1
cdta,M12,MN05,0.075
cdta,L92,MN05,0.047619
cdta,L92,MN03,0.619048
cdta,L92,MN04,0.071429
cdta,L92,MN06,0.095238
cdta,L92,MN02,0.166667
cdta,BxM11,MN08,0.073171
cdta,BxM11,MN11,0.02439
cdta,BxM11,BX11,0.121951
cdta,BxM11,BX12,0.390244
cdta,BxM11,MN64,0.073171
cdta,BxM11,MN05,0.243902
cdta,BxM11,BX27,0.073171
cdta,BXM11,MN08,0.073171
cdta,BXM11,MN11,0.02439
cdta,BXM11,BX11,0.121951
cdta,BXM11,BX12,0.390244
cdta,BXM11,MN64,0.073171
cdta,BXM11,MN05,0.243902
cdta,BXM11,BX27,0.073171
cdta,M34-SBS,MN05,0.235294
cdta,M34-SBS,MN04,0.294118
cdta,M34-SBS,MN06,0.470588
cdta,M34+,MN05,0.235294
cdta,M34+,MN04,0.294118
cdta,M34+,MN06,0.470588
cdta,Bx6-SBS,BX04,0.111111
cdta,Bx6-SBS,MN12,0.138889
cdta,Bx6-SBS,BX02,0.611111
cdta,Bx6-SBS,BX03,0.111111
cdta,Bx6-SBS,MN09,0.027778
cdta,BX6+,BX04,0.111111
cdta,BX6+,MN12,0.138889
cdta,BX6+,BX02,0.611111
cdta,BX6+,BX03,0.111111
cdta,BX6+,MN09,0.027778
cdta,BxM7,MN05,0.28125
cdta,BxM7,MN08,0.09375
cdta,BxM7,BX10,0.4375
cdta,BxM7,MN64,0.09375
cdta,BxM7,MN11,0.09375
cdta,BXM7,MN05,0.28125
cdta,BXM7,MN08,0.09375
cdta,BXM7,BX10,0.4375
cdta,BXM7,MN64,0.09375
cdta,BXM7,MN11,0.09375
cdta,B94,QN02,0.545455
cdta,B94,BK01,0.454545
cdta,Bx12,BX10,0.140625
cdta,Bx12,BX11,0.234375
cdta,Bx12,BX06,0.125
cdta,Bx12,BX28,0.15625
cdta,Bx12,BX07,0.1875
cdta,Bx12,MN12,0.0625
cdta,Bx12,BX05,0.046875
cdta,Bx12,BX27,0.03125
cdta,Bx12,BX12,0.015625
cdta,BX12,BX10,0.140625
cdta,BX12,BX11,0.234375
cdta,BX12,BX06,0.125
cdta,BX12,BX28,0.15625
cdta,BX12,BX07,0.1875
cdta,BX12,MN12,0.0625
cdta,BX12,BX05,0.046875
cdta,BX12,BX27,0.03125
cdta,BX12,BX12,0.015625
cdta,B83,BK05,0.949153
cdta,B83,BK16,0.033898
cdta,B83,BK56,0.016949
cdta,J90,QN09,0.777778
cdta,J90,BK05,0.222222
cdta,B96,BK09,0.444444
cdta,B96,BK14,0.111111
cdta,B96,BK17,0.333333
cdta,B96,BK08,0.111111
cdta,Bx35,BX04,0.333333
cdta,Bx35,BX03,0.466667
cdta,Bx35,MN12,0.177778
cdta,Bx35,BX02,0.022222
cdta,BX35,BX04,0.333333
cdta,BX35,BX03,0.466667
cdta,BX35,MN12,0.177778
cdta,BX35,BX02,0.022222
cdta,Bx41-SBS,BX07,0.208333
cdta,Bx41-SBS,BX06,0.083333
cdta,Bx41-SBS,BX12,0.083333
cdta,Bx41-SBS,BX03,0.25
cdta,Bx41-SBS,BX05,0.208333
cdta,Bx41-SBS,BX01,0.083333
cdta,Bx41-SBS,BX04,0.083333
cdta,BX41+,BX07,0.208333
cdta,BX41+,BX06,0.083333
cdta,BX41+,BX12,0.083333
cdta,BX41+,BX03,0.25
cdta,BX41+,BX05,0.208333
cdta,BX41+,BX01,0.083333
cdta,BX41+,BX04,0.083333
cdta,B102,BK15,0.473684
cdta,B102,BK13,0.526316
cdta,B42,BK18,1.0
cdta,B39,MN03,0.571429
cdta,B39,BK01,0.428571
cdta,BX92,MN10,0.5
cdta,BX92,BX01,0.375
cdta,BX92,BX04,0.125
cdta,B99,BK16,0.375
cdta,B99,BK05,0.375
cdta,B99,BK08,0.0625
cdta,B99,BK09,0.0625
cdta,B99,BK17,0.125
cdta,B116,BK09,0.333333
cdta,B116,BK08,0.333333
cdta,B116,BK06,0.333333
cdta,CPAS,MN05,0.333333
cdta,CPAS,MN06,0.333333
cdta,CPAS,QN07,0.333333
cdta,BX95,BX07,0.75
cdta,BX95,BX12,0.125
cdta,BX95,BX26,0.125
cdta,ECAS,MN05,1.0
cdta,Q24,BK05,0.31
cdta,Q24,QN09,0.31
cdta,Q24,BK04,0.13
cdta,Q24,QN12,0.09
cdta,Q24,BK03,0.07
cdta,Q24,BK16,0.09
cdta,S66,SI01,1.0
cdta,M86-SBS,MN07,0.322581
cdta,M86-SBS,MN08,0.612903
cdta,M86-SBS,MN64,0.064516
cdta,M86+,MN07,0.322581
cdta,M86+,MN08,0.612903
cdta,M86+,MN64,0.064516
cdta,Q100,QN01,0.916667
cdta,Q100,QN02,0.083333
cdta,M42,MN04,0.375
cdta,M42,MN05,0.28125
cdta,M42,MN06,0.34375
cdta,SIM33C,SI02,0.220779
cdta,SIM33C,BK10,0.051948
cdta,SIM33C,MN64,0.025974
cdta,SIM33C,MN01,0.155844
cdta,SIM33C,MN02,0.077922
cdta,SIM33C,MN05,0.168831
cdta,SIM33C,SI01,0.298701
cdta,QM17,QN10,0.095238
cdta,QM17,MN05,0.190476
cdta,QM17,QN14,0.666667
cdta,QM17,MN06,0.047619
cdta,S48,SI01,1.0
cdta,QM12,QN06,0.666667
cdta,QM12,MN05,0.222222
cdta,QM12,QN05,0.027778
cdta,QM12,QN04,0.027778
cdta,QM12,MN06,0.055556
cdta,SIM10,SI02,0.282051
cdta,SIM10,SI03,0.346154
cdta,SIM10,MN05,0.141026
cdta,SIM10,MN64,0.025641
cdta,SIM10,MN06,0.102564
cdta,SIM10,MN01,0.025641
cdta,SIM10,SI01,0.025641
cdta,SIM10,SI95,0.038462
cdta,SIM10,BK10,0.012821
cdta,T464,BK15,0.3
cdta,T464,BK14,0.4
cdta,T464,BK55,0.05
cdta,T464,BK13,0.2
cdta,T464,BK09,0.05
cdta,S57,SI02,0.380952
cdta,S57,SI01,0.380952
cdta,S57,SI03,0.238095
cdta,Q39,QN02,0.47541
cdta,Q39,QN05,0.52459
cdta,Q9,QN10,0.545455
cdta,Q9,QN12,0.454545
cdta,Q60,QN12,0.170455
cdta,Q60,QN06,0.25
cdta,Q60,QN08,0.068182
cdta,Q60,QN04,0.147727
cdta,Q60,QN02,0.284091
cdta,Q60,MN08,0.022727
cdta,Q60,QN09,0.045455
cdta,Q60,QN01,0.011364
cdta,Q113,QN12,0.388889
cdta,Q113,QN13,0.222222
cdta,Q113,QN14,0.388889
cdta,Q16,QN07,0.977778
cdta,Q16,QN11,0.022222
cdta,Q98,QN04,0.257143
cdta,Q98,QN05,0.485714
cdta,Q98,QN81,0.028571
cdta,Q98,QN07,0.171429
cdta,Q98,QN06,0.057143
cdta,Q104,QN02,0.206897
cdta,Q104,QN01,0.793103
cdta,SIM11,SI02,0.392857
cdta,SIM11,MN06,0.267857
cdta,SIM11,SI03,0.089286
cdta,SIM11,MN05,0.107143
cdta,SIM11,SI01,0.035714
cdta,SIM11,BK10,0.035714
cdta,SIM11,MN01,0.053571
cdta,SIM11,MN03,0.017857
cdta,Q35,QN14,0.477273
cdta,Q35,BK18,0.272727
cdta,Q35,BK56,0.090909
cdta,Q35,QN84,0.113636
cdta,Q35,BK14,0.045455
cdta,S46,SI01,0.844037
cdta,S46,SI02,0.155963
cdta,S78,SI03,0.506667
cdta,S78,SI02,0.297778
cdta,S78,SI95,0.026667
cdta,S78,SI01,0.168889
cdta,Q30,QN11,0.529412
cdta,Q30,QN08,0.254902
cdta,Q30,QN12,0.215686
cdta,QM24,QN05,0.756098
cdta,QM24,MN05,0.195122
cdta,QM24,MN06,0.04878
cdta,Q54,BK01,0.297619
cdta,Q54,QN05,0.333333
cdta,Q54,QN12,0.119048
cdta,Q54,QN09,0.142857
cdta,Q54,QN06,0.095238
cdta,Q54,QN08,0.011905
cdta,SIM34,SI01,0.507937
cdta,SIM34,MN01,0.222222
cdta,SIM34,MN02,0.047619
cdta,SIM34,BK07,0.079365
cdta,SIM34,BK10,0.111111
cdta,SIM34,BK06,0.015873
cdta,SIM34,SI02,0.015873
cdta,Q6,QN13,0.086957
cdta,Q6,QN12,0.782609
cdta,Q6,QN83,0.130435
cdta,Q14,QN03,0.185185
cdta,Q14,QN05,0.481481
cdta,Q14,QN04,0.314815
cdta,Q14,QN06,0.018519
cdta,Q121,QN14,0.842105
cdta,Q121,QN83,0.105263
cdta,Q121,QN10,0.052632
cdta,Q28,QN11,0.414634
cdta,Q28,QN07,0.585366
cdta,S76,SI02,0.521127
cdta,S76,SI01,0.302817
cdta,S76,SI03,0.140845
cdta,S76,SI95,0.035211
cdta,S90,SI01,0.894737
cdta,S90,SI02,0.105263
cdta,Q1,QN13,0.428571
cdta,Q1,QN12,0.380952
cdta,Q1,QN08,0.190476
cdta,Q69,QN02,0.075472
cdta,Q69,QN01,0.886792
cdta,Q69,QN03,0.037736
cdta,S54,SI02,0.391304
cdta,S54,SI01,0.297101
cdta,S54,SI03,0.311594
cdta,Q66,QN03,0.409836
cdta,Q66,QN02,0.114754
cdta,Q66,QN01,0.393443
cdta,Q66,QN07,0.081967
cdta,Q56,QN09,0.358025
cdta,Q56,QN12,0.185185
cdta,Q56,BK05,0.419753
cdta,Q56,BK16,0.024691
cdta,Q56,QN08,0.012346
cdta,Q2,QN13,0.45
cdta,Q2,QN12,0.5
cdta,Q2,QN08,0.05
cdta,SIM8,MN05,0.1875
cdta,SIM8,MN06,0.03125
cdta,SIM8,MN04,0.03125
cdta,SIM8,SI02,0.53125
cdta,SIM8,SI03,0.1875
cdta,SIM8,SI01,0.03125
cdta,SIM30,MN05,0.174603
cdta,SIM30,SI01,0.730159
cdta,SIM30,MN04,0.063492
cdta,SIM30,MN64,0.015873
cdta,SIM30,SI02,0.015873
cdta,Q17,QN08,0.47619
cdta,Q17,QN12,0.095238
cdta,Q17,QN07,0.396825
cdta,Q17,QN11,0.031746
cdta,Q23,QN06,0.561404
cdta,Q23,QN04,0.192982
cdta,Q23,QN05,0.017544
cdta,Q23,QN03,0.22807
cdta,QM68,QN13,0.340909
cdta,QM68,QN06,0.045455
cdta,QM68,MN06,0.136364
cdta,QM68,QN12,0.090909
cdta,QM68,QN08,0.204545
cdta,QM68,QN09,0.022727
cdta,QM68,MN05,0.136364
cdta,QM68,QN04,0.022727
cdta,Q90,QN07,0.411765
cdta,Q90,QN80,0.176471
cdta,Q90,QN03,0.352941
cdta,Q90,QN81,0.058824
cdta,S79-SBS,SI02,0.468085
cdta,S79-SBS,BK10,0.106383
cdta,S79-SBS,SI03,0.340426
cdta,S79-SBS,SI01,0.042553
cdta,S79-SBS,SI95,0.042553
cdta,S79+,SI02,0.468085
cdta,S79+,BK10,0.106383
cdta,S79+,SI03,0.340426
cdta,S79+,SI01,0.042553
cdta,S79+,SI95,0.042553
cdta,Q115,QN12,0.921053
cdta,Q115,QN13,0.078947
cdta,S51,SI02,0.476636
cdta,S51,SI01,0.420561
cdta,S51,SI95,0.102804
cdta,SIM31,SI02,0.430556
cdta,SIM31,MN06,0.166667
cdta,SIM31,BK07,0.041667
cdta,SIM31,BK10,0.055556
cdta,SIM31,MN05,0.152778
cdta,SIM31,SI03,0.027778
cdta,SIM31,BK06,0.013889
cdta,SIM31,MN01,0.041667
cdta,SIM31,SI01,0.055556
cdta,SIM31,MN03,0.013889
cdta,Q88,QN04,0.1
cdta,Q88,QN13,0.185714
cdta,Q88,QN07,0.185714
cdta,Q88,QN08,0.3
cdta,Q88,QN11,0.171429
cdta,Q88,QN06,0.057143
cdta,QM4,QN08,0.483871
cdta,QM4,QN06,0.193548
cdta,QM4,MN05,0.258065
cdta,QM4,MN06,0.064516
cdta,M8,MN02,0.619048
cdta,M8,MN03,0.380952
cdta,S59,SI03,0.58642
cdta,S59,SI01,0.203704
cdta,S59,SI02,0.209877
cdta,Q84,QN12,0.607843
cdta,Q84,QN13,0.392157
cdta,SIM25,SI03,0.612245
cdta,SIM25,MN05,0.244898
cdta,SIM25,MN06,0.040816
cdta,SIM25,MN04,0.061224
cdta,SIM25,SI02,0.040816
cdta,QM40,QN04,0.444444
cdta,QM40,QN06,0.333333
cdta,QM40,MN06,0.222222
cdta,S91,SI02,0.694444
cdta,S91,SI01,0.305556
cdta,QM10,QN06,0.25
cdta,QM10,QN04,0.333333
cdta,QM10,MN05,0.333333
cdta,QM10,MN06,0.083333
cdta,S40,SI01,0.958763
cdta,S40,SI02,0.041237
cdta,Q59,BK01,0.519481
cdta,Q59,QN06,0.038961
cdta,Q59,QN04,0.168831
cdta,Q59,QN05,0.272727
cdta,QM31,QN08,0.833333
cdta,QM31,MN06,0.166667
cdta,QM2,QN07,0.769231
cdta,QM2,MN05,0.173077
cdta,QM2,MN06,0.057692
cdta,Q12,QN07,0.413043
cdta,Q12,QN11,0.586957
cdta,S61,SI01,0.541284
cdta,S61,SI02,0.458716
cdta,X37,BK10,0.492754
cdta,X37,BK07,0.072464
cdta,X37,MN05,0.231884
cdta,X37,MN01,0.057971
cdta,X37,MN06,0.086957
cdta,X37,MN03,0.043478
cdta,X37,BK06,0.014493
cdta,M60-SBS,QN01,0.171429
cdta,M60-SBS,QN03,0.114286
cdta,M60-SBS,MN10,0.114286
cdta,M60-SBS,MN09,0.2
cdta,M60-SBS,QN80,0.142857
cdta,M60-SBS,MN11,0.2
cdta,M60-SBS,MN07,0.057143
cdta,M60+,QN01,0.171429
cdta,M60+,QN03,0.114286
cdta,M60+,MN10,0.114286
cdta,M60+,MN09,0.2
cdta,M60+,QN80,0.142857
cdta,M60+,MN11,0.2
cdta,M60+,MN07,0.057143
cdta,Q83,QN12,0.791667
cdta,Q83,QN13,0.208333
cdta,S84,SI02,0.142857
cdta,S84,SI03,0.761905
cdta,S84,SI01,0.095238
cdta,SIM1C,SI02,0.247191
cdta,SIM1C,SI03,0.303371
cdta,SIM1C,MN05,0.146067
cdta,SIM1C,MN01,0.134831
cdta,SIM1C,MN64,0.022472
cdta,SIM1C,MN02,0.067416
cdta,SIM1C,SI01,0.022472
cdta,SIM1C,SI95,0.033708
cdta,SIM1C,BK10,0.022472
cdta,Q32,QN03,0.196721
cdta,Q32,MN05,0.278689
cdta,Q32,QN02,0.393443
cdta,Q32,QN04,0.032787
cdta,Q32,MN06,0.032787
cdta,Q32,MN08,0.04918
cdta,Q32,QN01,0.016393
cdta,Q114,QN12,0.304348
cdta,Q114,QN14,0.521739
cdta,Q114,QN13,0.173913
cdta,Q76,QN11,0.244186
cdta,Q76,QN07,0.372093
cdta,Q76,QN08,0.244186
cdta,Q76,QN12,0.139535
cdta,M5,MN07,0.33871
cdta,M5,MN09,0.266129
cdta,M5,MN05,0.201613
cdta,M5,MN12,0.169355
cdta,M5,MN64,0.024194
cdta,QM63,QN06,0.037736
cdta,QM63,QN12,0.264151
cdta,QM63,MN06,0.113208
cdta,QM63,QN13,0.415094
cdta,QM63,QN09,0.037736
cdta,QM63,MN05,0.113208
cdta,QM63,QN04,0.018868
cdta,QM36,QN13,0.5
cdta,QM36,QN08,0.142857
cdta,QM36,QN11,0.214286
cdta,QM36,MN06,0.142857
cdta,Q36,QN11,0.274194
cdta,Q36,QN12,0.096774
cdta,Q36,QN13,0.580645
cdta,Q36,QN08,0.048387
cdta,Q19,QN01,0.56
cdta,Q19,QN03,0.34
cdta,Q19,QN07,0.1
cdta,Q111,QN12,0.35
cdta,Q111,QN13,0.65
cdta,SIM2,SI03,0.558824
cdta,SIM2,SI01,0.029412
cdta,SIM2,MN01,0.161765
cdta,SIM2,BK07,0.073529
cdta,SIM2,BK10,0.102941
cdta,SIM2,SI02,0.058824
cdta,SIM2,BK06,0.014706
cdta,SIM24,SI03,0.435897
cdta,SIM24,MN05,0.435897
cdta,SIM24,MN04,0.102564
cdta,SIM24,SI01,0.025641
cdta,SIM7,SI02,0.319444
cdta,SIM7,SI03,0.375
cdta,SIM7,MN01,0.083333
cdta,SIM7,MN02,0.111111
cdta,SIM7,SI01,0.027778
cdta,SIM7,BK10,0.027778
cdta,SIM7,SI95,0.041667
cdta,SIM7,MN05,0.013889
cdta,Q110,QN12,0.575
cdta,Q110,QN13,0.425
cdta,Q26,QN11,0.175439
cdta,Q26,QN07,0.824561
cdta,S55,SI03,0.835443
cdta,S55,SI02,0.164557
cdta,S98,SI01,1.0
cdta,Q45,QN08,0.892857
cdta,Q45,QN09,0.035714
cdta,Q45,QN06,0.071429
cdta,S94,SI01,0.565789
cdta,S94,SI02,0.434211
cdta,M96,MN08,0.208333
cdta,M96,MN07,0.458333
cdta,M96,MN11,0.333333
cdta,QM18,QN06,0.217391
cdta,QM18,MN05,0.173913
cdta,QM18,QN09,0.26087
cdta,QM18,QN10,0.304348
cdta,QM18,MN06,0.043478
cdta,SIM1,SI02,0.305556
cdta,SIM1,MN01,0.180556
cdta,SIM1,MN02,0.041667
cdta,SIM1,SI03,0.375
cdta,SIM1,SI01,0.027778
cdta,SIM1,BK10,0.027778
cdta,SIM1,SI95,0.041667
cdta,SIM33,BK10,0.078431
cdta,SIM33,MN02,0.117647
cdta,SIM33,MN01,0.117647
cdta,SIM33,SI02,0.27451
cdta,SIM33,SI01,0.392157
cdta,SIM33,MN05,0.019608
cdta,Q27,QN13,0.370787
cdta,Q27,QN11,0.393258
cdta,Q27,QN07,0.235955
cdta,Q77,QN13,0.52459
cdta,Q77,QN12,0.42623
cdta,Q77,QN08,0.04918
cdta,Q22,QN14,1.0
cdta,S56,SI03,0.815789
cdta,S56,SI02,0.184211
cdta,QM5,QN11,0.422535
cdta,QM5,QN13,0.084507
cdta,QM5,QN08,0.352113
cdta,QM5,MN05,0.112676
cdta,QM5,MN06,0.028169
cdta,SIM4C,BK10,0.072165
cdta,SIM4C,SI02,0.329897
cdta,SIM4C,MN01,0.123711
cdta,SIM4C,MN64,0.020619
cdta,SIM4C,SI03,0.195876
cdta,SIM4C,BK07,0.051546
cdta,SIM4C,MN02,0.061856
cdta,SIM4C,MN05,0.134021
cdta,SIM4C,BK06,0.010309
cdta,S52,SI02,0.424779
cdta,S52,SI01,0.575221
cdta,Q15,QN07,1.0
cdta,QM34,QN05,0.885714
cdta,QM34,MN06,0.114286
cdta,Q33,QN03,0.545455
cdta,Q33,QN04,0.181818
cdta,Q33,QN80,0.227273
cdta,Q33,QN01,0.045455
cdta,S53,SI01,0.533333
cdta,S53,SI02,0.388889
cdta,S53,BK10,0.077778
cdta,Q86,QN12,0.372549
cdta,Q86,QN13,0.627451
cdta,SIM6,MN06,0.189873
cdta,SIM6,SI02,0.278481
cdta,SIM6,SI03,0.316456
cdta,SIM6,SI01,0.012658
cdta,SIM6,MN01,0.037975
cdta,SIM6,MN05,0.075949
cdta,SIM6,SI95,0.050633
cdta,SIM6,MN03,0.012658
cdta,SIM6,BK10,0.025316
cdta,S74,SI01,0.21164
cdta,S74,SI02,0.354497
cdta,S74,SI03,0.433862
cdta,Q50,BX10,0.660377
cdta,Q50,BX09,0.056604
cdta,Q50,QN07,0.207547
cdta,Q50,BX12,0.018868
cdta,Q50,BX28,0.056604
cdta,Q58,QN04,0.423729
cdta,Q58,QN05,0.423729
cdta,Q58,QN81,0.016949
cdta,Q58,QN07,0.135593
cdta,Q18,QN05,0.206897
cdta,Q18,QN01,0.517241
cdta,Q18,QN02,0.275862
cdta,Q46,QN08,0.301887
cdta,Q46,QN13,0.415094
cdta,Q46,QN09,0.018868
cdta,Q46,QN11,0.226415
cdta,Q46,QN06,0.037736
cdta,SIM26,SI03,0.647059
cdta,SIM26,MN05,0.176471
cdta,SIM26,MN06,0.078431
cdta,SIM26,MN04,0.058824
cdta,SIM26,SI02,0.039216
cdta,Q25,QN07,0.608108
cdta,Q25,QN12,0.121622
cdta,Q25,QN08,0.27027
cdta,Q55,QN05,0.613636
cdta,Q55,QN09,0.159091
cdta,Q55,BK04,0.045455
cdta,Q55,QN82,0.181818
cdta,M7,MN07,0.376068
cdta,M7,MN05,0.247863
cdta,M7,MN10,0.307692
cdta,M7,MN02,0.008547
cdta,M7,MN64,0.025641
cdta,M7,MN04,0.025641
cdta,M7,MN09,0.008547
cdta,Q53-SBS,QN04,0.222222
cdta,Q53-SBS,QN09,0.133333
cdta,Q53-SBS,QN10,0.177778
cdta,Q53-SBS,QN14,0.244444
cdta,Q53-SBS,QN84,0.044444
cdta,Q53-SBS,QN05,0.066667
cdta,Q53-SBS,QN06,0.044444
cdta,Q53-SBS,QN82,0.022222
cdta,Q53-SBS,QN02,0.044444
cdta,Q53+,QN04,0.222222
cdta,Q53+,QN09,0.133333
cdta,Q53+,QN10,0.177778
cdta,Q53+,QN14,0.244444
cdta,Q53+,QN84,0.044444
cdta,Q53+,QN05,0.066667
cdta,Q53+,QN06,0.044444
cdta,Q53+,QN82,0.022222
cdta,Q53+,QN02,0.044444
cdta,QM64,QN12,0.439024
cdta,QM64,QN06,0.04878
cdta,QM64,MN06,0.146341
cdta,QM64,QN09,0.04878
cdta,QM64,MN05,0.146341
cdta,QM64,QN13,0.146341
cdta,QM64,QN04,0.02439
cdta,Q11,QN10,0.534247
cdta,Q11,QN05,0.136986
cdta,Q11,QN04,0.041096
cdta,Q11,QN06,0.109589
cdta,Q11,QN09,0.150685
cdta,Q11,QN82,0.027397
cdta,M57,MN05,0.238095
cdta,M57,MN06,0.285714
cdta,M57,MN07,0.357143
cdta,M57,MN04,0.119048
cdta,Q74,QN08,0.53125
cdta,Q74,QN11,0.28125
cdta,Q74,QN06,0.1875
cdta,S92,SI02,0.571429
cdta,S92,SI01,0.428571
cdta,X38,BK11,0.208333
cdta,X38,MN01,0.041667
cdta,X38,MN05,0.222222
cdta,X38,BK10,0.138889
cdta,X38,MN06,0.083333
cdta,X38,BK13,0.25
cdta,X38,MN03,0.041667
cdta,X38,BK07,0.013889
cdta,X27,MN01,0.202703
cdta,X27,BK10,0.459459
cdta,X27,MN02,0.067568
cdta,X27,MN05,0.22973
cdta,X27,BK07,0.040541
cdta,SIM3,SI01,0.5
cdta,SIM3,MN05,0.2
cdta,SIM3,BK10,0.05
cdta,SIM3,MN06,0.133333
cdta,SIM3,MN01,0.05
cdta,SIM3,SI02,0.016667
cdta,SIM3,MN64,0.033333
cdta,SIM3,MN03,0.016667
cdta,Q47,QN03,0.415385
cdta,Q47,QN05,0.307692
cdta,Q47,QN04,0.138462
cdta,Q47,QN02,0.138462
cdta,Q41,QN10,0.666667
cdta,Q41,QN12,0.333333
cdta,S62,SI02,0.385965
cdta,S62,SI01,0.614035
cdta,S96,SI01,0.763889
cdta,S96,SI02,0.236111
cdta,Q10,QN10,0.55814
cdta,Q10,QN09,0.27907
cdta,Q10,QN83,0.162791
cdta,SIM5,MN01,0.178082
cdta,SIM5,SI02,0.30137
cdta,SIM5,BK07,0.041096
cdta,SIM5,BK10,0.054795
cdta,SIM5,SI03,0.342466
cdta,SIM5,BK06,0.013699
cdta,SIM5,SI95,0.054795
cdta,SIM5,SI01,0.013699
cdta,QM35,QN11,0.47619
cdta,QM35,QN08,0.365079
cdta,QM35,QN13,0.095238
cdta,QM35,MN06,0.063492
cdta,Q101,QN01,0.666667
cdta,Q101,QN02,0.333333
cdta,Q37,QN82,0.040816
cdta,Q37,QN10,0.510204
cdta,Q37,QN09,0.44898
cdta,Q61,QN07,1.0
cdta,SIM32,SI02,0.577778
cdta,SIM32,MN01,0.266667
cdta,SIM32,BK10,0.044444
cdta,SIM32,SI01,0.111111
cdta,Q51,QN12,0.714286
cdta,Q51,QN10,0.285714
cdta,M55,MN02,0.328358
cdta,M55,MN01,0.328358
cdta,M55,MN05,0.343284
cdta,S42,SI01,1.0
cdta,T102,BX01,0.5
cdta,T102,BX02,0.375
cdta,T102,MN11,0.125
cdta,Q5,QN12,0.516129
cdta,Q5,QN13,0.483871
cdta,QM7,MN01,0.290323
cdta,QM7,QN08,0.645161
cdta,QM7,MN06,0.064516
cdta,S44,SI01,0.717949
cdta,S44,SI02,0.282051
cdta,T403,BK03,0.227273
cdta,T403,BK01,0.5
cdta,T403,QN02,0.272727
cdta,Q29,QN04,0.394737
cdta,Q29,QN05,0.578947
cdta,Q29,QN06,0.026316
cdta,SIM35,SI01,0.533333
cdta,SIM35,SI02,0.05
cdta,SIM35,MN01,0.2
cdta,SIM35,BK07,0.083333
cdta,SIM35,BK10,0.116667
cdta,SIM35,BK06,0.016667
cdta,Q102,QN01,0.517241
cdta,Q102,MN08,0.344828
cdta,Q102,QN02,0.137931
cdta,Q20,QN07,0.5
cdta,Q20,QN08,0.341463
cdta,Q20,QN12,0.158537
cdta,Q3,QN12,0.544304
cdta,Q3,QN83,0.316456
cdta,Q3,QN13,0.075949
cdta,Q3,QN08,0.063291
cdta,Q85,QN12,0.654545
cdta,Q85,QN13,0.345455
cdta,QM25,QN05,0.738095
cdta,QM25,MN01,0.214286
cdta,QM25,MN06,0.047619
cdta,SIM15,MN01,0.2
cdta,SIM15,SI02,0.4
cdta,SIM15,SI03,0.228571
cdta,SIM15,BK07,0.028571
cdta,SIM15,BK10,0.1
cdta,SIM15,SI01,0.042857
cdta,M50,MN04,0.46875
cdta,M50,MN05,0.28125
cdta,M50,MN06,0.25
cdta,QM42,QN06,0.8
cdta,QM42,MN06,0.133333
cdta,QM42,QN05,0.033333
cdta,QM42,QN04,0.033333
cdta,QM20,QN07,0.704545
cdta,QM20,MN05,0.204545
cdta,QM20,QN11,0.022727
cdta,QM20,MN06,0.068182
cdta,X28,MN01,0.1875
cdta,X28,BK11,0.1875
cdta,X28,BK10,0.125
cdta,X28,BK13,0.2125
cdta,X28,MN05,0.2
cdta,X28,MN02,0.075
cdta,X28,BK07,0.0125
cdta,QM16,QN10,0.111111
cdta,QM16,MN05,0.222222
cdta,QM16,QN14,0.555556
cdta,QM16,QN84,0.055556
cdta,QM16,MN06,0.055556
cdta,SIM23,MN05,0.386364
cdta,SIM23,SI03,0.522727
cdta,SIM23,MN04,0.090909
cdta,QM21,QN12,0.541667
cdta,QM21,QN09,0.083333
cdta,QM21,MN05,0.291667
cdta,QM21,QN08,0.041667
cdta,QM21,MN06,0.041667
cdta,T410,QN05,0.333333
cdta,T410,BK03,0.083333
cdta,T410,BK04,0.333333
cdta,T410,BK01,0.25
cdta,Q72,QN04,0.314286
cdta,Q72,QN03,0.485714
cdta,Q72,QN80,0.085714
cdta,Q72,QN06,0.114286
cdta,QM15,QN10,0.377049
cdta,QM15,MN05,0.131148
cdta,QM15,QN14,0.196721
cdta,QM15,QN09,0.114754
cdta,QM15,MN06,0.032787
cdta,QM15,QN06,0.04918
cdta,QM15,QN05,0.081967
cdta,QM15,QN82,0.016393
cdta,T113,BX11,0.5625
cdta,T113,BX12,0.3125
cdta,T113,BX06,0.125
cdta,M98,MN08,0.257143
cdta,M98,MN12,0.542857
cdta,M98,MN11,0.2
cdta,Q49,QN03,0.933333
cdta,Q49,QN04,0.066667
cdta,M72,MN08,0.421053
cdta,M72,MN07,0.447368
cdta,M72,MN64,0.131579
cdta,Q80,QN09,0.575758
cdta,Q80,QN10,0.363636
cdta,Q80,QN83,0.060606
cdta,QM8,QN11,0.416667
cdta,QM8,QN13,0.083333
cdta,QM8,QN08,0.347222
cdta,QM8,MN01,0.125
cdta,QM8,MN06,0.027778
cdta,Q112,QN10,0.517857
cdta,Q112,QN12,0.339286
cdta,Q112,QN09,0.035714
cdta,Q112,BK05,0.107143
cdta,SIM9,SI02,0.366667
cdta,SIM9,SI03,0.283333
cdta,SIM9,MN01,0.1
cdta,SIM9,MN02,0.133333
cdta,SIM9,BK10,0.033333
cdta,SIM9,SI95,0.066667
cdta,SIM9,MN05,0.016667
cdta,Q8,QN12,0.239437
cdta,Q8,QN09,0.380282
cdta,Q8,BK05,0.380282
cdta,Q13,QN07,0.512195
cdta,Q13,QN11,0.487805
cdta,T232,MN03,0.333333
cdta,T232,MN02,0.666667
cdta,SIM22,MN05,0.230769
cdta,SIM22,SI03,0.589744
cdta,SIM22,MN06,0.102564
cdta,SIM22,MN04,0.076923
cdta,T426,BK05,0.4375
cdta,T426,BK16,0.3125
cdta,T426,BK18,0.25
cdta,S86,SI03,0.145455
cdta,S86,SI02,0.763636
cdta,S86,SI01,0.090909
cdta,SIM3C,SI01,0.458333
cdta,SIM3C,SI02,0.041667
cdta,SIM3C,MN01,0.166667
cdta,SIM3C,MN02,0.083333
cdta,SIM3C,BK10,0.041667
cdta,SIM3C,MN05,0.180556
cdta,SIM3C,MN64,0.027778
cdta,S81,SI02,0.714286
cdta,S81,SI01,0.142857
cdta,S81,SI95,0.142857
cdta,Q48,QN13,0.403846
cdta,Q48,QN08,0.307692
cdta,Q48,QN09,0.019231
cdta,Q48,QN11,0.230769
cdta,Q48,QN06,0.038462
cdta,T320,QN02,0.875
cdta,T320,QN04,0.125
cdta,M66,MN07,0.423077
cdta,M66,MN08,0.538462
cdta,M66,MN64,0.038462
cdta,QM6,QN08,0.354167
cdta,QM6,QN13,0.291667
cdta,QM6,MN05,0.166667
cdta,QM6,QN11,0.125
cdta,QM6,MN06,0.0625
cdta,S93,SI01,0.651163
cdta,S93,SI02,0.186047
cdta,S93,BK10,0.162791
cdta,M79-SBS,MN08,0.592593
cdta,M79-SBS,MN07,0.333333
cdta,M79-SBS,MN64,0.074074
cdta,M79+,MN08,0.592593
cdta,M79+,MN07,0.333333
cdta,M79+,MN64,0.074074
cdta,Q38,QN05,0.586957
cdta,Q38,QN06,0.413043
cdta,Q64,QN08,0.76
cdta,Q64,QN06,0.24
cdta,Q4,QN12,0.681818
cdta,Q4,QN13,0.318182
cdta,Q103,QN01,0.634146
cdta,Q103,QN02,0.365854
cdta,Q44-SBS,QN07,0.333333
cdta,Q44-SBS,BX09,0.222222
cdta,Q44-SBS,QN12,0.174603
cdta,Q44-SBS,QN08,0.190476
cdta,Q44-SBS,BX10,0.015873
cdta,Q44-SBS,BX27,0.015873
cdta,Q44-SBS,BX06,0.047619
cdta,Q44+,QN07,0.333333
cdta,Q44+,BX09,0.222222
cdta,Q44+,QN12,0.174603
cdta,Q44+,QN08,0.190476
cdta,Q44+,BX10,0.015873
cdta,Q44+,BX27,0.015873
cdta,Q44+,BX06,0.047619
cdta,T117,BX12,0.65
cdta,T117,BX11,0.3
cdta,T117,BX06,0.05
cdta,Q63,QN03,0.581395
cdta,Q63,QN01,0.162791
cdta,Q63,QN07,0.093023
cdta,Q63,QN02,0.162791
cdta,M9,MN03,0.553571
cdta,M9,MN06,0.285714
cdta,M9,MN01,0.160714
cdta,M90,QN05,0.5
cdta,M90,BK03,0.125
cdta,M90,BK04,0.375
cdta,S89,SI03,0.344828
cdta,S89,SI02,0.517241
cdta,S89,SI01,0.137931
cdta,QM44,QN08,0.6
cdta,QM44,QN06,0.24
cdta,QM44,MN06,0.16
cdta,SIM4,SI01,0.048387
cdta,SIM4,SI03,0.064516
cdta,SIM4,MN01,0.16129
cdta,SIM4,BK07,0.080645
cdta,SIM4,BK10,0.112903
cdta,SIM4,SI02,0.516129
cdta,SIM4,BK06,0.016129
cdta,Q52-SBS,QN04,0.069767
cdta,Q52-SBS,QN09,0.139535
cdta,Q52-SBS,QN10,0.186047
cdta,Q52-SBS,QN14,0.418605
cdta,Q52-SBS,QN84,0.046512
cdta,Q52-SBS,QN05,0.069767
cdta,Q52-SBS,QN06,0.046512
cdta,Q52-SBS,QN82,0.023256
cdta,Q52+,QN04,0.069767
cdta,Q52+,QN09,0.139535
cdta,Q52+,QN10,0.186047
cdta,Q52+,QN14,0.418605
cdta,Q52+,QN84,0.046512
cdta,Q52+,QN05,0.069767
cdta,Q52+,QN06,0.046512
cdta,Q52+,QN82,0.023256
cdta,Q31,QN11,0.486486
cdta,Q31,QN08,0.297297
cdta,Q31,QN07,0.067568
cdta,Q31,QN12,0.148649
cdta,Q67,QN02,0.480769
cdta,Q67,QN05,0.519231
cdta,Q42,QN12,1.0
cdta,Q87,QN12,0.475
cdta,Q87,QN13,0.525
cdta,QM65,QN12,0.432432
cdta,QM65,QN06,0.054054
cdta,QM65,MN01,0.27027
cdta,QM65,QN09,0.054054
cdta,QM65,QN13,0.108108
cdta,QM65,MN06,0.054054
cdta,QM65,QN08,0.027027
cdta,T103,BX10,0.642857
cdta,T103,BX09,0.285714
cdta,T103,BX28,0.071429
cdta,QM32,QN07,0.882353
cdta,QM32,MN06,0.117647
cdta,Q65,QN12,0.181818
cdta,Q65,QN08,0.363636
cdta,Q65,QN07,0.454545
cdta,QM11,QN04,0.243243
cdta,QM11,QN06,0.459459
cdta,QM11,MN01,0.243243
cdta,QM11,MN06,0.054054
cdta,Q40,QN12,1.0
cdta,Q7,QN09,0.181818
cdta,Q7,QN10,0.509091
cdta,Q7,QN12,0.218182
cdta,Q7,BK05,0.054545
cdta,Q7,QN83,0.036364
cdta,QM1,QN08,0.666667
cdta,QM1,MN05,0.266667
cdta,QM1,MN06,0.066667
cdta,T340,BK05,0.428571
cdta,T340,BK16,0.071429
cdta,T340,QN09,0.5
cdta,Q75,QN08,0.325
cdta,Q75,QN11,0.4
cdta,Q75,QN12,0.275
cdta,Q82,QN13,0.655172
cdta,Q82,QN12,0.206897
cdta,Q82,QN08,0.137931
cdta,T434,BK05,0.833333
cdta,T434,BK16,0.166667
cdta,Q43,QN12,0.304348
cdta,Q43,QN13,0.608696
cdta,Q43,QN08,0.086957
cdta,Q109,QN14,0.75
cdta,Q109,QN83,0.25
cdta,T430,BK03,0.16
cdta,T430,BK05,0.48
cdta,T430,BK04,0.16
cdta,T430,BK16,0.2
cdta,T433,BK16,0.25
cdta,T433,BK03,0.2
cdta,T433,BK04,0.25
cdta,T433,BK01,0.3
cdta,T323,QN02,1.0
cdta,Q97,QN14,0.5
cdta,Q97,QN83,0.5
cdta,Q70-SBS,QN80,0.428571
cdta,Q70-SBS,QN02,0.285714
cdta,Q70-SBS,QN04,0.285714
cdta,Q70+,QN80,0.428571
cdta,Q70+,QN02,0.285714
cdta,Q70+,QN04,0.285714
cdta,Q108,QN01,0.5
cdta,Q108,QN02,0.5
cdta,T260,MN05,0.6
cdta,T260,MN04,0.4
cdta,T204,MN09,0.5
cdta,T204,MN12,0.5
cdta,T321,QN07,0.6
cdta,T321,QN81,0.4
cdta,T300,QN06,0.5
cdta,T300,QN12,0.5
cdta,Q96,QN02,0.5
cdta,Q96,QN01,0.5
cdta,T354,QN14,1.0
cdta,YOAS,MN06,0.5
cdta,YOAS,MN05,0.5
cdta,T127,BX07,1.0
