stop_id,name,lat,lng,routes
984067,BRUCKNER BLVD/WILKINSON AV,40.85286,-73.826879,BX23 Bx23
500649,140 AV/180 ST,40.671578,-73.763914,Q85 Q89
403147,BROADWAY/W 116 ST,40.807957,-73.96422,M104 M4 M60+ M60-SBS
401824,E 34 ST /PARK AV,40.746929,-73.981102,BM5 M34+ M34-SBS M34A+ M34A-SBS
350101,E 80 ST / FLATLANDS AV,40.635351,-73.91317,B103 BM2
104349,E 180 ST/WEBSTER AV,40.852216,-73.898028,BX40 BX42 Bx40 Bx42
403434,3 AV/E 85 ST,40.778468,-73.954121,BXM1 BXM10 BxM1 BxM10 M102 M103
102798,WEBSTER AV/EAST MOSHOLU PKWY NORTH,40.86942,-73.880178,BX41 Bx41
300400,BAY RIDGE PKWY/15 AV,40.617884,-74.003335,B4
100230,WESTCHESTER AV/WHITE PLAINS RD,40.83278,-73.862939,BX4 BX4A Bx4 Bx4A
403716,W 135 ST/SAINT NICHOLAS AV,40.817043,-73.947771,BX33 Bx33
400034,MADISON AV/E 83 ST,40.778793,-73.960206,M1 M2 M3 M4
100108,GRAND CONCOURSE/E 181 ST,40.854276,-73.902425,BX1 BX2 Bx1 Bx2
302022,BROADWAY/HULL ST,40.680211,-73.905914,B20 Q24
304409,MYRTLE AV/DE KALB AV,40.69799,-73.925645,B54 M90 T410
308305,NEPTUNE AV/W 5 ST,40.579893,-73.972057,B68
400107,5 AV/E 109 ST,40.796533,-73.94957,M1 M2
300938,60 ST/16 AV,40.624591,-73.991653,B9
102097,EASTCHESTER RD/PELHAM PKWY,40.85784,-73.843611,BX31 Bx31
302346,GREENPOINT AV/KINGSLAND AV,40.732576,-73.943261,B24
100475,HENRY HUDSON PKWY WEST/W 249 ST,40.897,-73.908291,BX10 BX7 Bx10 Bx7
101328,SOUTHERN BLVD/FREEMAN ST,40.830046,-73.891826,BX19 Bx19
402334,YORK AV/E 72 ST,40.767166,-73.95344,M31
504228,VAN DAM ST/REVIEW AV,40.734543,-73.938017,B24
307618,50 ST/7 AV,40.642193,-74.005596,B11
300707,SARATOGA AV/BLAKE AV,40.664923,-73.9163,B7
102140,JEROME AV/E 192 ST,40.865447,-73.898909,BX32 Bx32
301746,REMSEN AV/AVENUE A,40.651406,-73.918291,B17 B8
303318,FLATBUSH AV/AURELIA CT,40.629867,-73.944699,B41
101742,ASCH LOOP/CO-OP CITY BLVD,40.870433,-73.826154,BX23 BX26 BX28 BX30 Bx23 Bx26 Bx28 Bx30
101866,EAST GUN HILL RD/WHITE PLAINS RD,40.877136,-73.865806,BX28 BX38 Bx28 Bx38
400128,5 AV/E 62 ST,40.766094,-73.971754,BXM3 BXM4 BxM3 BxM4 M1 M2 M3 M4
401769,2 AV/E 46 ST,40.752481,-73.970371,M15
350159,QUENTIN RD / BEDFORD AV,40.609303,-73.948122,B100
101552,STARLING AV/PURDY ST,40.836224,-73.852783,BX22 Bx22
306604,MOTHER GASTON BLVD/BLAKE AV,40.666298,-73.906146,B14
102370,E 180 ST/BATHGATE AV,40.850828,-73.894489,BX40 BX42 Bx40 Bx42
404260,BROADWAY/W 113 ST,40.806258,-73.964954,M104 M4
104063,EAST TREMONT AV/BARKLEY AV,40.830961,-73.826384,BX40 BX42 Bx40 Bx42
101688,JEROME AV/MORRIS AV,40.870974,-73.893892,BX28 BX38 Bx28 Bx38
305515,86 ST/12 AV,40.615395,-74.016309,B1 X28 X38
903360,FT GEORGE AV/FORT GEORGE HILL,40.857096,-73.927473,M101
450064,5 AV/W 58 ST,40.763824,-73.973479,BXM10 BXM11 BXM6 BXM7 BXM8 BXM9 BxM10 BxM11 BxM6 BxM7 BxM8 BxM9
403982,FREDERICK DOUGLASS BLVD/W 135 ST,40.816771,-73.946213,M10
300445,KINGS HWY/CONEY ISLAND AV,40.607467,-73.961376,B7 B82 B82+ B82-SBS
450046,5 AV/W 51 ST,40.759315,-73.976742,BXM10 BXM6 BXM7 BXM8 BXM9 BxM10 BxM6 BxM7 BxM8 BxM9
303151,BROADWAY/KOSSUTH PL,40.692974,-73.928075,B47 T430 T433
101362,SOUTHERN BLVD/TIFFANY ST,40.818478,-73.894129,BX19 Bx19
302981,3 AV/49 ST,40.648157,-74.014436,B37
300891,18 AV/47 ST,40.629261,-73.980171,B11 B8
403711,E 135 ST/MADISON AV,40.812302,-73.936529,BX33 Bx33 M1
306239,CORTELYOU RD / E 18 ST,40.642462,-73.961532,B103 BM1 BM2 BM3 BM4
100379,E 163 ST/FOX ST,40.82091,-73.893001,BX6 Bx6
300432,BAY PKWY/78 ST,40.606366,-73.989185,B6 B82 B82+ B82-SBS
301319,ALBANY AV/WINTHROP ST,40.657693,-73.939559,B12
403976,SAINT NICHOLAS AV/W 184 ST,40.851369,-73.932102,M3
103914,E 135 ST/ST ANN'S AV,40.804846,-73.918554,BX17 Bx17
303033,LAFAYETTE AV/STUYVESANT AV,40.691884,-73.933411,B38
103714,WEST KINGSBRIDGE RD/SEDGWICK AV,40.869439,-73.90377,BX3 BX9 Bx3 Bx9
350244,FLATLANDS AV / WILLIAMS AV,40.650061,-73.891029,BM2
400041,MADISON AV/E 98 ST,40.788413,-73.95318,M1 M106 M2 M3 M4
404135,FREDERICK DOUGLASS BLVD/W 158 ST,40.830451,-73.936359,M10
402659,W 125 ST/MALCOLM X  BLVD,40.807514,-73.945026,M101 M125
306636,39 ST/9 AV,40.645704,-73.994843,B35
402216,E 57 ST/2 AV,40.759086,-73.96486,M31 M57
306881,ASHFORD ST/WORTMAN AV,40.659995,-73.878701,B20 B6 B84
102775,E 241 ST/BAYCHESTER AV,40.901826,-73.846959,BX39 BXM11 Bx39 BxM11
307984,EASTERN PKWY/UTICA AV,40.668552,-73.931509,B14 B99
404079,E 106 ST/LEXINGTON AV,40.792464,-73.946569,M106
400616,BROADWAY/W 151 ST,40.830413,-73.947322,M4 M5
100298,MACDONOUGH PL/COUNTRY CLUB,40.842607,-73.825077,BX5 Bx5 Q50
103954,SEDGWICK AV/STEVENSON PL 2,40.882384,-73.892363,BX1 BX10 BX2 Bx1 Bx10 Bx2
403422,LEXINGTON AV/E 68 ST,40.767713,-73.964248,M101 M102 M103
100704,HENRY HUDSON PKWY WEST/W 227 ST,40.88167,-73.917338,BX10 BX20 BXM1 BXM18 BXM2 Bx10 Bx20 BxM1 BxM18 BxM2
305907,36 ST/3 AV,40.655395,-74.00613,B70
305932,8 AV/58 ST,40.636442,-74.008676,B70
305994,MERMAID AV/W 36 ST,40.574828,-74.001634,B74
308292,BUSKWICK AV/GRAND ST,40.711673,-73.940631,L90
300578,GLENWOOD RD/E 103 ST,40.648241,-73.897469,B6 B60
301551,SUTTER AV/CRESCENT ST,40.673111,-73.86928,B13 B14
901502,WYCKOFF AV / PALMETTO ST,40.699291,-73.910755,B26
300049,13 AV/77 ST,40.619307,-74.008353,B64
307811,DEAN ST/TROY AV,40.676076,-73.936146,B15 B65
300061,BAY RIDGE AV/6 AV,40.632552,-74.018875,B64
308527,WYCKOFF AV/STARR ST,40.706018,-73.922072,L90
300580,GLENWOOD RD/E 108 ST,40.650551,-73.893811,B6
305348,5 AV/BAY RIDGE AV,40.633754,-74.020803,B63
350154,OCEAN AV / DITMAS AV,40.639481,-73.959109,BM1 BM3 BM4
300247,AVENUE U/E 56 ST,40.611915,-73.919338,B3 B47
505252,21 ST/44 DR,40.747857,-73.947515,B32
901093,KINGS PLAZA,40.60914,-73.921443,B46 B46+ B46-SBS
100567,EASTFORDHAM RD/BATHGATE AV,40.859851,-73.887646,BX12 BX22 BX9 Bx12 Bx22 Bx9
307499,60 ST/15 AV,40.62643,-73.994423,B9
301793,REMSEN AV/AVENUE K,40.636494,-73.901976,B17
101194,BAINBRIDGE AV/E 212 ST,40.883393,-73.877837,BX16 BX34 BXM4 Bx16 Bx34 BxM4
103356,WATERS PL/EASTCHESTER RD,40.846261,-73.844137,BX21 BX24 Bx21 Bx24
307638,CATON AV/SAINT PAULS PL,40.651613,-73.962646,B16
100652,BAINBRIDGE AV/RESERVOIR OVAL E,40.877311,-73.879677,BX10 BX16 BX28 BX34 BX38 Bx10 Bx16 Bx28 Bx34 Bx38
102529,EAST TREMONT AV/BRYANT AV,40.840849,-73.881822,BX36 Bx36
400467,SAINT NICHOLAS AV/W 150 ST,40.827466,-73.942831,M3
301979,BROADWAY/CHAUNCEY ST,40.68289,-73.910345,B20 Q24
100822,CITY ISLAND AV/BEACH ST,40.851731,-73.78899,BX29 Bx29
300020,OCEAN PKWY/SHORE PKWY,40.585483,-73.966323,B1 B36 B4
303023,LAFAYETTE AV/GRAND AV,40.688541,-73.962427,B38
401306,FREDERICK DOUGLASS BLVD/W 154 ST,40.828306,-73.938048,M10
350076,CORTELYOU RD/STRATFORD RD,40.639681,-73.968061,B103 BM1 BM2 BM3 BM4
305453,5 AV/BAY RIDGE AV,40.633191,-74.021217,B63
405181,3 AV/E 116 ST,40.797798,-73.94004,M101 M103 M98
308367,60 ST/9 AV,40.633937,-74.007119,B9
402805,LEXINGTON AV/E 122 ST,40.802094,-73.939144,M101 M103
307823,DEAN ST/KINGSTON AV,40.676348,-73.941156,B65
102044,EASTCHESTER RD/MACE AV,40.862897,-73.843299,BX31 BXM10 Bx31 BxM10
302489,WYCKOFF AV/MADISON ST,40.698442,-73.909242,B26
405437,10 AV/W 207 ST,40.864759,-73.918751,M100
901009,EMMONS AV/NOSTRAND AV,40.584028,-73.938408,B44
401749,2 AV/E 96 ST,40.784201,-73.947265,BXM10 BxM10
304072,FLATLANDS AV / E 105 ST,40.647569,-73.894388,B103 B82 B82+ B82-SBS BM2
902255,GRAND CONCOURSE/McCLELLAN ST,40.833092,-73.919377,BX1 BX2 Bx1 Bx2
803061,W 205 ST/PAUL AV,40.877071,-73.890065,BX22 BX25 BX26 Bx22 Bx25 Bx26
350088,E 66 ST / BASSETT AV,40.609939,-73.907128,B100 BM1
306898,SHORE PKWY/NOSTRAND AV,40.585419,-73.938723,B4 B44 B44+ B44-SBS
400268,W 155 ST/EDGECOMBE AV,40.830182,-73.939846,BX6 Bx6 M2
100884,OGDEN AV/W 162 ST,40.831913,-73.929871,BX13 Bx13
303178,BROADWAY/PARK AV,40.698656,-73.93836,B46 B47
402811,LEXINGTON AV/E 110 ST,40.794544,-73.944667,M101 M102 M103
101295,UNDERCLIFF AV/W 172 ST,40.845071,-73.924631,BX18A Bx18A
306541,56 ST/12 AV,40.632199,-73.998112,B16
100617,BROADWAY/W 240 ST,40.886686,-73.899919,BX9 Bx9
304435,MYRTLE AV/WALWORTH ST,40.694778,-73.954721,B54
400123,5 AV/E 75 ST,40.774356,-73.965776,M1 M2 M3 M4
303493,NOSTRAND AV/AVENUE S,40.604746,-73.942804,B44
404010,E 8 ST/LAFAYETTE ST,40.730069,-73.991279,M1 M2 M3 M8
803059,E 120 ST/PLEASANT AV,40.797614,-73.93101,M116
302777,39 ST/9 AV,40.645918,-73.994923,B35
306633,9 ST/4 AV,40.670368,-73.988987,B61
100035,GRAND CONCOURSE/E 175 ST,40.846739,-73.908556,BX1 BX2 Bx1 Bx2
300632,GLENWOOD RD/E 37 ST,40.634454,-73.94142,B6
404353,MAIN RDWY/ICAHN STADIUM,40.792872,-73.92339,M35
100261,WESTCHESTER AV/SIMPSON ST,40.82431,-73.892769,BX4 Bx4
308326,5 AV/57 ST,40.641361,-74.01411,B63
103525,WEST BURNSIDE AV/JEROME AV,40.853857,-73.907519,BX40 BX42 Bx40 Bx42
100162,UNIVERSITY AV/W 192 ST,40.86722,-73.901763,BX3 Bx3
302915,3 AV/3 ST,40.675185,-73.9878,B103 B37
400890,WEST HOUSTON ST/GREENE ST,40.72623,-73.998164,M21
102903,METROPOLITAN AV/RED OAK DR,40.840094,-73.857459,BX4A Bx4A
300256,AVENUE U/GERRITSEN AV,40.601558,-73.935453,B3
300927,60 ST/5 AV,40.639261,-74.015951,B9
306940,3 AV/99 ST,40.614688,-74.034783,B63
102073,E 233 ST/BUSSING AV,40.892152,-73.853665,BX31 Bx31
100219,WESTCHESTER AV/WHITLOCK AV,40.827495,-73.886273,BX27 BX4 BX4A Bx27 Bx4 Bx4A
308062,GRAND ARMY PLAZA/FLATBUSH AV,40.673095,-73.969547,B69
404138,BROADWAY/W 63 ST,40.771637,-73.98234,M104 M20
307812,DEAN ST/SCHENECTADY AV,40.675896,-73.932818,B15 B65
301985,DECATUR ST/WILSON AV,40.690007,-73.906254,B111 B20
302711,CHURCH AV/TROY AV,40.65142,-73.935751,B35
104330,PELHAM PKWY/WHITE PLAINS RD,40.857267,-73.86777,BX12+ Bx12-SBS
304986,WILSON AV/HALSEY ST,40.691487,-73.909418,B60
400716,W 34 ST/BROADWAY,40.749982,-73.98805,M34+ M34-SBS M34A+ M34A-SBS
308311,E 98 ST/SUTTER AV,40.665096,-73.922981,B47
304654,FLUSHING AV/STEUBEN ST,40.697849,-73.963529,B57
102583,EAST TREMONT AV/LATTING ST,40.838507,-73.835571,BX40 BX42 Bx40 Bx42
100966,RADIO DR/GRISWOLD AV,40.843952,-73.819378,BX24 Bx24
101712,ALLERTON AV/LODOVICK AV,40.865011,-73.837152,BX25 BX26 Bx25 Bx26
803194,RIVERBANK STATE PARK RDWY/RIVERBANK STATE PARK,40.826815,-73.955386,BX19 Bx19 M11
103391,BRUCKNER BLVD/HAVEMEYER AV,40.827309,-73.846393,BX5 Bx5
303182,BROADWAY/DE KALB AV,40.693587,-73.92936,B47 T430 T433
101369,E 149 ST/CONCORD AV,40.813155,-73.90855,BX17 BX19 Bx17 Bx19
302831,NOSTRAND AV/AVENUE W,40.596019,-73.941155,B36 B44
100703,HENRY HUDSON PKWY WEST/W 232 ST,40.884585,-73.915078,BX10 BX20 BXM1 BXM18 BXM2 Bx10 Bx20 BxM1 BxM18 BxM2
401142,GRAND ST/JACKSON ST,40.71408,-73.980611,L92 M14A+ M14A-SBS
450451,2 AV/E 121 ST,40.800382,-73.935453,BXM10 BXM6 BXM7 BXM8 BXM9 BxM10 BxM6 BxM7 BxM8 BxM9
301934,DE KALB AV/FORT GREENE PL,40.689826,-73.976966,B38 B93
404334,LENOX AV/W 125 ST,40.80804,-73.945118,M102 M7
300190,AVENUE U/W 12 ST,40.595808,-73.983231,B3
301769,AVENUE L/E 85 ST,40.633101,-73.903786,B17
350090,E 66 ST / DAKOTA PL,40.607408,-73.908875,B100 BM1
101455,BOSTON RD/SOUTHERN BLVD,40.837153,-73.888206,BX11 BX21 Bx11 Bx21
450059,5 AV/W 48 ST,40.757419,-73.978122,BM1 BM2 BM3 BM4 BM5 BXM3 BXM4 BxM3 BxM4
101718,BAYCHESTER AV/DARROW PL,40.878532,-73.832806,BX23 BX25 BX28 BX30 BX38 Bx23 Bx25 Bx28 Bx30 Bx38 Q50
303459,NOSTRAND AV/SAINT JOHNS PL,40.670871,-73.950508,B44 B44+ B44-SBS
300624,AVENUE H / UTICA AV,40.63296,-73.928229,B103 B6 BM2
300159,AVENUE S/FLATBUSH AV,40.612861,-73.926402,B2
400125,5 AV/E 69 ST,40.77028,-73.96876,BXM11 BXM3 BXM4 BxM11 BxM3 BxM4 M1 M2 M3 M4
300163,FLATBUSH AV/AVENUE T,40.611476,-73.92407,B41 B46 B9
301126,E 98 ST/LENOX RD,40.659733,-73.91717,B15
300716,THOMAS S BOYLAND ST/FULTON ST,40.678306,-73.913515,B7
100077,RIVERDALE AV/W 236 ST,40.886238,-73.907112,BX7 BXM1 BXM2 Bx7 BxM1 BxM2
300286,77 ST/RIDGE BLVD,40.630524,-74.030709,B4
802021,BAINBRIDGE AV/E 206 ST,40.874442,-73.879381,BX28 BX38 Bx28 Bx38
401387,HUDSON ST/HORATIO ST,40.738853,-74.00559,M11 M12
303375,NOSTRAND AV/AVENUE M,40.619822,-73.945468,B44 BM4
303461,NOSTRAND AV/CARROLL ST,40.666866,-73.950851,B44 B96
402525,AMSTERDAM AV/W 153 ST,40.830343,-73.943814,M101
402608,BROADWAY/W 215 ST,40.869669,-73.91619,BX20 BX7 Bx20 Bx7
450082,MADISON AV/E 23 ST,40.741173,-73.987686,BXM10 BXM6 BXM7 BXM8 BXM9 BxM10 BxM6 BxM7 BxM8 BxM9
302826,NOSTRAND AV/AVENUE W,40.595788,-73.940882,B36 B44
302445,JAY ST/WILLOUGHBY ST,40.692314,-73.987319,B26 B62
403777,3 AV/E 97 ST,40.78573,-73.948748,BXM1 BXM10 BXM7 BxM1 BxM10 BxM7 M101 M102 M103 M98
402135,E 23 ST / 2 AV,40.737898,-73.981026,BM1 BM2 BM3 BM4 SIM10 SIM11 SIM3 SIM31 SIM6
303258,LIVINGSTON ST/HOYT ST,40.689844,-73.986081,B41 B45 B67 B93
401755,2 AV/E 82 ST,40.775053,-73.95387,M15
403267,CENTRAL PARK NORTH/5 AV,40.797362,-73.950273,M2 M3 M4
103228,EAST TREMONT AV/SAMPSON AV,40.820575,-73.818219,BX42 BXM9 Bx42 BxM9
301737,REMSEN AV/AVENUE K,40.637162,-73.902393,B17
101924,EAST GUN HILL RD/EASTCHESTER RD,40.868414,-73.842234,BX28 BX38 Bx28 Bx38
103692,CROSBY AV/DUDLEY AV,40.841801,-73.829991,BX8 Bx8
802131,WHITE PLAINS RD/EAST GUN HILL RD,40.877403,-73.866076,BX41 Bx41
101873,EAST GUN HILL RD/BURKE AV,40.871794,-73.849,BX28 BX38 Bx28 Bx38
303823,LORIMER ST/GRAND ST,40.711314,-73.948841,B48
401823,E 34 ST /MADISON AV,40.747644,-73.98283,BM5
100737,OGDEN AV/UNIVERSITY AV,40.843611,-73.923774,BX13 Bx13
403116,BROADWAY/W 103 ST,40.79932,-73.968241,M104
100280,STORY AV/METCALF AV,40.822549,-73.870532,BX5 Bx5
301694,FORT HAMILTON PKWY/62 ST,40.632238,-74.006971,B16
300389,STILLWELL AV/HIGHLAWN AV,40.602964,-73.986333,B4
300299,BAY RIDGE PKWY/15 AV,40.617684,-74.003181,B4
305173,MANHATTAN AV/NORMAN AV,40.725111,-73.95163,B43 B62
307206,PENNSYLVANIA AV / GENEVA LOOP,40.645647,-73.879523,B82 B83 BM2 BM5
305597,BERGEN ST/NEW YORK AV,40.676019,-73.947596,B65
103943,CHARLES CRIMI RD/SUBWAY OVERPASS,40.852828,-73.825972,BX29 Bx29
303990,BEDFORD AV/AVENUE D,40.640238,-73.954329,B49
104112,GRAND CONCOURSE/EAST TREMONT AV,40.849554,-73.905648,BX1 BX2 BXM4 Bx1 Bx2 BxM4
101406,BOSTON RD/PROSPECT AV,40.833606,-73.895962,BX21 Bx21
308152,AVENUE N/UTICA AV,40.618908,-73.926421,B41
308057,NOSTRAND AV / AVENUE L,40.621809,-73.946045,B44 B44+ B44-SBS BM4
307398,ASHFORD ST/STANLEY AV,40.660855,-73.87951,B20 B6 B84
100474,HENRY HUDSON PKWY WEST/W 252 ST,40.89913,-73.9077,BX10 BX7 BXM1 BXM18 BXM2 Bx10 Bx7 BxM1 BxM18 BxM2
350058,AVENUE M / ROCKAWAY PKY,40.637133,-73.893498,B103 BM2
300004,ORIENTAL BLVD/FALMOUTH ST,40.577718,-73.9462,B1 B49
402845,LEXINGTON AV/E 40 ST,40.749766,-73.977317,M101 M102 M103
306979,STILLWELL AV/AVENUE Z,40.584708,-73.98287,B64
305228,VAN BRUNT ST/SUMMIT ST,40.682959,-74.006333,B61
303300,FLATBUSH AV/PARK PL,40.677359,-73.972665,B116 B41 B69
402102,CHERRY ST/JACKSON ST,40.712296,-73.980525,M22
400619,BROADWAY/W 157 ST,40.834257,-73.944519,M4 M5 T204
307260,FULTON ST/ROCKAWAY AV,40.678189,-73.910359,B25
300309,STILLWELL AV/80 ST,40.602772,-73.986532,B4
403667,W 178 ST/FORT WASHINGTON AV,40.84843,-73.938117,BX36 Bx36
404180,5 AV/W 45 ST,40.755268,-73.979638,M1 M2 M3
300869,AVENUE D/BROOKLYN AV,40.641342,-73.943158,B8
302298,BEDFORD AV/S 4 ST,40.712146,-73.962724,B62
405361,EAST HOUSTON ST/CROSBY ST,40.725263,-73.995918,M21
405530,LEXINGTON AV/E 37 ST,40.748126,-73.978535,M101 M102 M103
400747,BROADWAY/W 63 ST,40.77147,-73.981943,BXM2 BxM2 M104 M5 M7
307995,GOLD ST/SANDS ST,40.699462,-73.983031,B57 B62
403424,LEXINGTON AV/E 50 ST,40.756659,-73.972382,BXM1 BxM1 M101 M102 M103
103472,MORRIS AV/E 142 ST,40.814161,-73.924983,BX32 Bx32
300147,AVENUE R/GERRITSEN AV,40.60749,-73.941693,B2 B31
401150,GRAND ST/CLINTON ST,40.716095,-73.986873,L92 M14A+ M14A-SBS
301679,13 AV/39 ST,40.6404,-73.986628,B16
104503,FOOD CENTER DR/TERMINAL,40.809978,-73.876657,BX46 BX6 BX6+ Bx46 Bx6 Bx6-SBS
304440,MYRTLE AV/GRAND AV,40.69368,-73.964502,B54
301033,LINDEN BLVD/EUCLID AV,40.668075,-73.870267,B15 B20
101185,NEREID AV/CARPENTER AV,40.899725,-73.857316,BX16 Bx16
405015,MAIN RDWY/OPP PARKS & RECREATION,40.799485,-73.922512,M35
306382,GLENWOOD RD/E 100 ST,40.646791,-73.899644,B6 B60 B82
103034,E 170 ST/JEROME AV,40.840362,-73.917902,BX18A BX18B Bx18A Bx18B
402868,BOWERY/CANAL ST,40.715915,-73.996422,M103
308681,WYTHE AV/N 9 ST,40.720443,-73.959495,B32
504107,PUTNAM AV/FRESH POND RD,40.706427,-73.897352,B13 B20 M90 Q58 Q98 T410
103060,BARTOW AV/GUNTHER AV,40.866888,-73.837711,BX28 BX38 Bx28 Bx38
307122,PITKIN AV/THOMAS S BOYLAND ST,40.669262,-73.913114,B12 B14
101497,WHITE PLAINS RD/MORRIS PK AV,40.845557,-73.866194,BX22 BX39 Bx22 Bx39
304008,OCEAN AV / AVENUE S,40.603781,-73.952413,B49 BM3
404920,FORT WASHINGTON AV/W 165 ST,40.841726,-73.942351,M4
303156,BROADWAY/ARION PL,40.69807,-73.937041,B46 B47
303860,LORIMER ST/MONTROSE AV,40.705948,-73.948129,B48
150085,LAYTON AV/CLARENCE AV,40.835369,-73.818691,BXM9 BxM9
400237,ADAM C POWELL BLVD/W 135 ST,40.815549,-73.943309,M2
504178,SUMMERFIELD ST/FOREST AV,40.699001,-73.898368,B20
902201,W 167 ST/W 168 ST,40.838829,-73.928122,BX18B Bx18B
401718,1 AV/E 93 ST,40.781562,-73.945891,M15
100484,BROADWAY/W 228 ST,40.875752,-73.90825,BX20 BX7 BX9 Bx20 Bx7 Bx9
102174,MORRIS AV/E 149 ST,40.817542,-73.922753,BX32 Bx32
103641,BARTOW AV/EDSON AV,40.868117,-73.833907,BX25 BX26 BX28 BX38 Bx25 Bx26 Bx28 Bx38
901473,MACKENZIE LOOP (no G-A-R: use 300000),40.578205,-73.939748,B1
100459,HENRY HUDSON PKWY EAST/W 246 ST,40.893731,-73.907892,BX10 BX7 BXM1 BXM18 BXM2 Bx10 Bx7 BxM1 BxM18 BxM2
401259,CENTRAL PARK WEST/W 97 ST,40.792222,-73.964215,M10
103575,CASTLE HILL AV/ZEREGA AV,40.841362,-73.853036,BX4A Bx4A
303713,EMPIRE BLVD/NOSTRAND AV,40.663842,-73.950528,B43
303693,UTICA AV/FOSTER AV,40.63989,-73.92924,B46
303728,THROOP AV/MACDONOUGH ST,40.68167,-73.940615,B43
300068,NARROWS AV/MACKAY PL,40.63658,-74.034621,B64 B9
303674,UTICA AV/DEAN ST,40.675505,-73.930565,B46
308602,DIVISION AV/DRIGGS AV,40.707708,-73.962213,B62
102243,KATONAH AV/E 237 ST,40.899102,-73.867389,BX31 BX34 BXM4 Bx31 Bx34 BxM4
402666,COOPER SQ/E 6 ST,40.728395,-73.990611,M103
401819,W 34 ST/8 AV,40.751988,-73.993312,M34+ M34-SBS M34A+ M34A-SBS SIM23 SIM24
100052,GRAND CONCOURSE/E 206 ST,40.876301,-73.88551,BX1 BX2 Bx1 Bx2
302310,BROADWAY/MARCY AV,40.708638,-73.958417,B106 B24 B46 B60 Q54
504111,GATES AV/GRANDVIEW AV,40.707497,-73.904122,B13
303295,FLATBUSH AV/ATLANTIC AV,40.684187,-73.977626,B41 B67
303556,RALPH AV/SAINT JOHNS PL,40.670198,-73.922535,B45 B47 B65
303967,DEAN ST/BEDFORD AV,40.676985,-73.952934,B49 B65
306728,ROCKAWAY AV/PITKIN AV,40.670002,-73.910745,B12 B60
305392,ATLANTIC AV/NEVINS ST,40.686331,-73.983042,B63
401086,COLUMBUS AV/W 106 ST,40.798915,-73.963235,M11 M7
300339,OCEAN AV/VOORHIES AV,40.586611,-73.948857,B4
403165,BROADWAY/W 79 ST,40.783599,-73.980392,M104
306558,MCDONALD AV/TERRACE PL,40.653053,-73.981501,B67 B69
100064,W 231 ST/BAILEY AV,40.878232,-73.90277,BX1 BX10 BX2 Bx1 Bx10 Bx2
901537,MCDONALD AV/AV I,40.626053,-73.976325,B90
100510,BRONXWOOD AV/E 216 ST,40.879904,-73.857941,BX8 Bx8
101752,BAYCHESTER AV/ALDRICH ST,40.869955,-73.832531,BX23 BX25 BX28 BX30 BX38 Bx23 Bx25 Bx28 Bx30 Bx38 Q50
104269,BOSTON RD/BOLLER AV,40.88196,-73.836739,BX30 Bx30
103466,WEBSTER AV/E 235 ST,40.89812,-73.862301,BX16 Bx16
308222,BATH AV/21 AV,40.59974,-73.999211,B64
300334,VOORHIES AV/E 14 ST,40.585677,-73.95473,B4 B49
307798,DRIGGS AV/N 9 ST,40.717935,-73.955549,B62
402694,3 AV/E 82 ST,40.776582,-73.955559,M101 M102 M103
101496,WHITE PLAINS RD/VAN NEST AV,40.844084,-73.865589,BX22 BX39 Bx22 Bx39
300261,AVENUE U/BEDFORD AV,40.599919,-73.947094,B3
402154,W 23 ST/8 AV,40.745547,-73.998888,M23+ M23-SBS
307460,ADAMS ST/BROOKLYN SUPREME COURT,40.692973,-73.989171,B25 B38 B52
401417,AMSTERDAM AV/W 65 ST,40.774341,-73.984619,M11
401310,FREDERICK DOUGLASS BLVD/W 145 ST,40.822522,-73.942285,M10
104238,DEVOE AV/LEBANON ST,40.84152,-73.876332,BX9 Bx9
307127,NOSTRAND AV / KINGS HWY,40.615741,-73.944652,B44+ B44-SBS BM4
305613,BERGEN ST/HOYT ST,40.686049,-73.988606,B65
401331,CENTRAL PARK WEST/W 97 ST,40.792268,-73.964384,M10 M106 M96
101743,CO-OP CITY BLVD/BELLAMY LOOP NORTH,40.874311,-73.824299,BX23 BX25 BX28 BX38 BXM7 Bx23 Bx25 Bx28 Bx38 BxM7 Q50
301580,JUNIUS ST/SUTTER AV,40.667997,-73.902622,B14 T426
402688,3 AV/E 67 ST,40.767113,-73.962513,M101 M102 M103 M98
307840,FLATBUSH AV / NOSTRAND AV,40.632512,-73.947447,B103
100270,WESTCHESTER AV/SAINT ANN'S AV,40.816075,-73.91173,BX4 Bx4
400331,5 AV/W 17 ST,40.73767,-73.992523,M1 M2 M3 M55
405297,7 AV/W 44 ST,40.757476,-73.985927,M104 M20 M7
305427,5 AV/PROSPECT AV,40.664173,-73.990499,B63
307318,NOSTRAND AV/AVENUE V,40.599455,-73.94165,B36
305272,GRAHAM AV/DRIGGS AV,40.72263,-73.947342,B43
803003,146 ST/LENOX AV,40.821204,-73.936042,M1
101750,BAYCHESTER AV/DARROW PL,40.878654,-73.833085,BX23 BX25 BX28 BX30 BX38 Bx23 Bx25 Bx28 Bx30 Bx38 Q50
405265,W 14 ST/9 AV,40.741148,-74.005521,M11 M12 M14D+ M14D-SBS
305365,5 AV/34 ST,40.654298,-74.000645,B63
303476,NOSTRAND AV/CLARENDON RD,40.64283,-73.948804,B44
308183,86 ST/W 7 ST,40.592441,-73.977976,B1 B4
103187,CROSBY AV/BAISLEY AV,40.836028,-73.827492,BX8 Bx8
301410,CLARKSON AV/NOSTRAND AV,40.655431,-73.950929,B12
306465,LAFAYETTE AV/MARCUS GARVEY BLVD,40.691212,-73.939268,B38
405220,WATER ST / PINE ST,40.705789,-74.006696,BM1 BM2 BM3 BM4
307649,FOUNTAIN AV /FLATLANDS AV,40.660278,-73.867195,B13 B84 Q8
306834,YORK AV/NAVY ST,40.701369,-73.981239,B62
101693,BEDFORD PARK BLVD/MARION AV,40.868327,-73.884641,BX25 BX26 Bx25 Bx26
302693,CHURCH AV / E 3 ST,40.643612,-73.97723,B103 B35 BM3 BM4
102971,GRAND CONCOURSE/BEDFORD PARK BLVD,40.8722,-73.887478,BX1 BX2 BXM4 Bx1 Bx2 BxM4
400003,4 AV/E 13 ST,40.733936,-73.98972,M1 M2 M3
100678,HENRY HUDSON PKWY EAST/W 232 ST,40.884438,-73.914562,BX10 BX20 BXM1 BXM18 BXM2 Bx10 Bx20 BxM1 BxM18 BxM2
101869,EAST GUN HILL RD/PAULDING AV,40.874562,-73.857673,BX28 BX38 Bx28 Bx38
303945,ROGERS AV/CLARKSON AV,40.65552,-73.952902,B44+ B44-SBS B49
402091,MADISON ST/PIKE ST,40.712393,-73.992032,M22
303930,OCEAN AV / GLENWOOD RD,40.633171,-73.957618,B49 BM1 BM3 BM4
300018,OCEAN PKWY/NEPTUNE AV,40.580219,-73.967568,B1
101812,SOUNDVIEW AV/OBRIEN AV,40.811464,-73.856223,BX27 Bx27
306894,SAINT JOHNS PL/ROCHESTER AV,40.670525,-73.928595,B45
308213,5 AV/DOUGLASS ST,40.678052,-73.979439,B63
307094,UTICA AV/SAINT JOHNS PL,40.670935,-73.930844,B46
308225,BATH AV/21 AV,40.599976,-73.999276,B64
102766,WHITE PLAINS RD/E 233 ST,40.893227,-73.857336,BX39 Bx39 T117
306419,STILLWELL AV/NEPTUNE AV,40.579067,-73.982011,B64 B68
102495,EAST TREMONT AV/PROSPECT AV,40.84416,-73.888708,BX36 Bx36
101422,MORRIS PARK AV/HONE AV,40.848877,-73.85448,BX21 BXM10 Bx21 BxM10 T113
307090,UTICA AV/BERGEN ST,40.675351,-73.930421,B46
301623,FORT HAMILTON PKWY/72 ST,40.62739,-74.013927,B16
100536,WILLIAMSBRIDGE RD/ASTOR AV,40.85937,-73.857414,BX8 Bx8
305633,7 AV/GARFIELD PL,40.672529,-73.976766,B67 B69
300361,AVENUE Z/OCEAN AV,40.58853,-73.949817,B36 B4
300536,BEDFORD AV/CAMPUS RD,40.632483,-73.952713,B11 B6
302599,GERRITSEN AV / LOIS AV,40.587907,-73.919466,B31 BM4
401948,3 AV/E 104 ST,40.79054,-73.945358,M101 M102 M103
103279,BARTOW AV/CO-OP CITY BLVD,40.869678,-73.825894,BX23 BX26 BX28 BX30 BXM7 Bx23 Bx26 Bx28 Bx30 BxM7 Q50
306370,AVENUE X/OCEAN PKWY,40.591099,-73.965802,B1
103400,PAUL AV/W 205 ST,40.876681,-73.889931,BX10 BX28 BX38 Bx10 Bx28 Bx38
101377,E 149 ST/GRAND CONCOURSE,40.818589,-73.927078,BX19 BX92 Bx19
550523,30 AV/21 ST,40.770058,-73.927899,B62 Q18
404113,W 135 ST/ADAM C POWELL BLVD,40.814999,-73.943104,BX33 Bx33
301078,LEWIS AV/BAINBRIDGE ST,40.68089,-73.934565,B15
302474,HALSEY ST/HOWARD AV,40.685176,-73.920038,B26
404171,LEXINGTON AV/E 59 ST,40.762106,-73.968336,M101 M102 M103
300240,AVENUE U /E 71 ST,40.619812,-73.907728,B3 BM1
301798,SEAVIEW AV/E 91 ST,40.630757,-73.894216,B17
403906,E 14 ST/IRVING PL,40.734417,-73.989702,L92 M14A+ M14A-SBS M14D+ M14D-SBS
300823,FOSTER AV/CONEY ISLAND AV,40.632406,-73.96639,B8
103985,BOSTON RD/E 165 ST,40.825653,-73.907363,BX21 Bx21
300054,BAY RIDGE AV/12 AV,40.62526,-74.006365,B64
404321,LEXINGTON AV/E 83 ST,40.777227,-73.957311,M101 M102 M103
101774,BEDFORD PARK BLVD/BRIGGS AV,40.870705,-73.886044,BX25 BX26 BX34 Bx25 Bx26 Bx34
403704,W 155 ST/BROADWAY,40.832753,-73.945564,BX6 Bx6
300596,COZINE AV/ALABAMA AV,40.652974,-73.890175,B6
985006,S BROADWAY/PROSPECT ST,40.932045,-73.899141,BXM3 BxM3
302513,PUTNAM AV/FRANKLIN AV,40.68341,-73.955972,B26
402000,E 116 ST/1 AV,40.796005,-73.935171,M116
303517,LIVINGSTON ST/COURT ST,40.691341,-73.99088,B45
104077,CASTLE HILL AV/HERMANY AV,40.82461,-73.849396,BX22 BX5 Bx22 Bx5
100107,GRAND CONCOURSE/E 182 ST,40.855821,-73.90123,BX1 BX2 Bx1 Bx2
308119,9 ST/6 AV,40.668298,-73.984301,B61
300656,BAY PKWY/63 ST,40.61481,-73.980564,B6
901013,SARATOGA AV/HALSEY ST,40.685841,-73.917823,B7
102426,E 174 ST/HARROD AV,40.834143,-73.875226,BX11 Bx11
402028,EAST HOUSTON ST/MOTT ST,40.724449,-73.993704,M21
302771,CHURCH AV/CHESTER AV,40.641445,-73.982859,B35
405472,ALLEN ST/E HOUSTON ST,40.722486,-73.989021,M15 M15+ M15-SBS
300080,BAY RIDGE AV/7 AV,40.630779,-74.015733,B64
101745,CO-OP CITY BLVD/CARVER LOOP,40.879303,-73.826141,BX23 BX25 BX28 BX30 BX38 BXM7 Bx23 Bx25 Bx28 Bx30 Bx38 BxM7 Q50
303880,FRANKLIN AV/BERGEN ST,40.676929,-73.955757,B48
300215,AVENUE U/E 35 ST,40.606099,-73.92812,B3
307005,FLATLANDS AV/LOUISIANA AV,40.650979,-73.890005,B82 B82+ B82-SBS
302743,CHURCH AV/E 55 ST,40.65252,-73.925501,B35
306337,SANDS ST/PEARL ST,40.699922,-73.987598,B67 B69
300996,60 ST/20 AV,40.619663,-73.983221,B9
300771,KINGS HWY/AVENUE H,40.632863,-73.929791,B7
903025,GRAND ST/FDR DR,40.713355,-73.978278,L92 M14A+ M14A-SBS M22
101307,E 149 ST/GRAND CONCOURSE,40.818377,-73.926861,BX19 BX2 BX92 Bx19 Bx2
304087,PENNSYLVANIA AV/VANDALIA AV,40.651709,-73.885341,B82
103208,HENRY HUDSON PKWY WEST/W 246 ST,40.893316,-73.908526,BX10 BX20 BX7 Bx10 Bx20 Bx7
300410,4 AV/BAY RIDGE PKWY,40.630536,-74.025309,B4
404168,5 AV/E 96 ST,40.787639,-73.95615,BXM3 BXM4 BXM7 BxM3 BxM4 BxM7 M1 M2 M3 M4
302051,LINDEN BLVD / LOGAN ST,40.666186,-73.872435,B20 BM5
400036,MADISON AV/E 86 ST,40.781155,-73.958483,M1 M2 M3 M4
104315,WESTCHESTER AV/NOBLE AV,40.830706,-73.870182,BX4 BX4A Bx4 Bx4A
306584,49 ST/4 AV,40.646977,-74.011809,B11
101027,3 AV/E 166 ST,40.828592,-73.906796,BX15 Bx15
301333,EAST NEW YORK AV/UNION ST,40.667597,-73.92141,B12 B14
503639,61 ST/75 AV,40.698349,-73.893955,B13
303785,BROOKLYN AV/MONTGOMERY ST,40.664816,-73.945481,B43
308596,GATES AV/WYCKOFF AV,40.699861,-73.911815,B52 B54 M90 T410
101354,SOUTHERN BLVD/E 172 ST,40.834168,-73.889764,BX19 Bx19
400325,5 AV/W 31 ST,40.746263,-73.986268,M1 M2 M3 M55
303393,NEW YORK AV/CLARKSON AV,40.655908,-73.947114,B44
103599,CROTONA AV/CROTONA PARK,40.839932,-73.895573,BX17 Bx17
901014,QUENTIN RD/CONEY ISLAND AV,40.607951,-73.961295,B7
102549,EAST BURNSIDE AV/GRAND CONCOURSE,40.852012,-73.903203,BX40 BX42 Bx40 Bx42
306438,EMPIRE BLVD/UTICA AV,40.663602,-73.93216,B12
104018,FORDHAM PLAZA/BUS TERMINAL,40.860164,-73.890964,BX17 Bx17
401410,10 AV/W 49 ST,40.764272,-73.991957,M11
404853,AMSTERDAM AV/W 161 ST,40.835239,-73.940199,M100 M101 M3
102995,W 231 ST/CORLEAR AV,40.880164,-73.907304,BX1 BX10 BX2 BX20 BX7 Bx1 Bx10 Bx2 Bx20 Bx7
302016,SCHAEFER ST/CENTRAL AV,40.6885,-73.909058,B20
303333,VETERANS AV /E 64 ST,40.619623,-73.915485,B41 BM1
307490,FORT HAMILTON PKWY/83 ST,40.621767,-74.02264,B16 B70
983070,CONEY ISLAND AV/TURNER PL,40.645186,-73.970331,B103 BM3 BM4
403617,E 57 ST / LEXINGTON AV,40.76126,-73.969737,BM1 BM2 BM3 BM4 BM5 M31 M57
307987,LEWIS AV/LAFAYETTE AV,40.691818,-73.936744,B15
305525,BATH AV/18 AV,40.603642,-74.005877,B64
307128,CROPSEY AV/14 AV,40.607348,-74.017391,B8
300811,18 AV/55 ST,40.625092,-73.984077,B8
103303,WHITE PLAINS RD/MACE AV,40.863343,-73.867488,BX39 Bx39
150015,BOSTON RD/HOLLAND AV,40.863353,-73.865199,BX30 Bx30
100829,CITY ISLAND AV / ROCHELLE ST,40.839053,-73.783635,BX29 BXM8 Bx29 BxM8
450067,6 AV/W 46 ST,40.757659,-73.981913,BXM2 BxM2
306280,NEPTUNE AV/OCEAN PKWY,40.580344,-73.968131,B36
802118,RESEARCH AV/AMPERE AV,40.846008,-73.819252,BX24 Bx24
450055,5 AV/W 34 ST,40.748726,-73.984482,BXM18 BXM6 BXM7 BXM8 BxM18 BxM6 BxM7 BxM8
300916,CROPSEY AV/BAY 7 ST,40.607215,-74.016122,B8
308076,LINCOLN RD/FLATBUSH AV,40.660662,-73.962371,B48
300549,AVENUE H / E 45 ST,40.632548,-73.933051,B103 B6 BM2
300421,CROPSEY AV/26 AV,40.590742,-73.99164,B6 B82
402645,AMSTERDAM AV/W 143 ST,40.823629,-73.948866,M100 M101
984010,SEDGWICK AV / STEVENSON PL,40.882625,-73.893018,BXM3 BxM3
100466,RIVERDALE AV/W 261 ST,40.910285,-73.903085,BX10 BX7 BXM1 BXM18 BXM2 Bx10 Bx7 BxM1 BxM18 BxM2
405477,BOWERY/SPRING ST,40.720859,-73.993749,M103
303811,CLASSON AV/MYRTLE AV,40.693904,-73.961003,B48
301603,SHORE RD/3 AV,40.612824,-74.036255,B16
802167,Parking Ramp/Access Rd,40.865119,-73.828095,BX5 Bx5
801068,SENECA AV/CORNELIA ST,40.700947,-73.904496,B38
100501,WILLIAMSBRIDGE RD/ALLERTON AV,40.865362,-73.859418,BX8 Bx8
304092,FLATLANDS AV/E 105 ST,40.647412,-73.895075,B60 B82 B82+ B82-SBS
101725,CO-OP CITY BLVD/BELLAMY LOOP SOUTH,40.872141,-73.824749,BX23 BX25 BX28 BX38 Bx23 Bx25 Bx28 Bx38 Q50
401074,MALCOLM X BLVD/W 122 ST,40.805595,-73.947252,M102 M7
308560,BEARD ST/OTSEGO ST,40.672266,-74.011209,B57 B61
303073,DE KALB AV/WYCKOFF AV,40.704149,-73.919426,B38
300835,AVENUE D/NEW YORK AV,40.641085,-73.945216,B8
305095,VAN DYKE ST/VAN BRUNT ST,40.675698,-74.014662,B61
301536,SUTTER AV/WILLIAMS AV,40.668825,-73.898468,B14
302794,SURF AV/W 29 ST,40.57275,-73.995094,B36 X28 X38
102246,VAN CORTLANDT PARK EAST/E 242 ST,40.902431,-73.868289,BX31 BX34 Bx31 Bx34
307370,PITKIN AV/BRISTOL ST,40.669408,-73.912998,B12 B14
403418,LEXINGTON AV/E 96 ST,40.78548,-73.95133,BXM1 BxM1 M101 M102 M103 M98
100677,HENRY HUDSON PKWY EAST/W 227 ST,40.881143,-73.917119,BX10 BX20 BXM1 BXM18 BXM2 Bx10 Bx20 BxM1 BxM18 BxM2
102632,PENNYFIELD AV/FORT SCHUYLER,40.809173,-73.801764,BX40 Bx40
300266,AVENUE U/E 13 ST,40.598651,-73.958664,B3
102125,MORRIS AV/E 172 ST,40.84043,-73.909779,BX32 Bx32
401496,9 AV/W 44 ST,40.759839,-73.99172,M11
103324,BRONX PARK EAST/BRADY AV,40.852736,-73.868699,BX22 Bx22
307373,UTICA AV/SAINT JOHNS PL,40.670219,-73.931072,B46
308129,NEPTUNE AV/BRIGHTON 10 ST,40.582407,-73.957472,B4
302894,3 AV/50 ST,40.647693,-74.014261,B37
308783,PENNSYLVANIA AV/LIBERTY AV,40.674699,-73.896556,B20 B83
100246,WESTCHESTER AV/WHITE PLAINS RD,40.833124,-73.862536,BX4 BX4A Bx4 Bx4A
303376,NOSTRAND AV/AVENUE L,40.621818,-73.945831,B44 B44+ B44-SBS BM4
401021,AMSTERDAM AV/W 72 ST,40.778731,-73.98142,BXM2 BxM2 M11 M7
403837,MADISON AV/E 61 ST,40.764726,-73.970463,M1 M2
300733,BROADWAY/HALSEY ST,40.685949,-73.915792,B7 Q24 T430 T433
303313,FLATBUSH AV/DITMAS AV,40.640291,-73.955569,B41
305925,8 AV/46 ST,40.643115,-74.001672,B70
301504,EUCLID AV/BELMONT AV,40.673887,-73.871607,B13
103807,E 161 ST/RIVER AV,40.827816,-73.925724,BX6 BX6+ Bx6 Bx6-SBS
400285,ADAM C POWELL BLVD/W 120 ST,40.805602,-73.950997,M2
401690,1 AV/E 23 ST,40.737053,-73.978368,M15
300608,FLATLANDS AV/E 94 ST,40.642084,-73.903226,B17 B6 B82
300492,BAY PKWY/BENSON AV,40.600058,-73.99592,B6 B82
301725,4 AV/100 ST,40.612591,-74.033902,B16 B37
405540,9 AV/W 40 ST,40.756938,-73.993896,M34A+ M34A-SBS
301185,AVENUE I/E 3 ST,40.626196,-73.973731,B11
401147,GRAND ST/COLUMBIA ST,40.714486,-73.981455,L92 M14A+ M14A-SBS
306863,GERRITSEN AV / COYLE ST,40.603882,-73.937546,B31 BM4
350080,E 105 ST / AVENUE K,40.644162,-73.890717,B103 BM2
103795,BAY PLAZA BLVD/CO-OP CITY BLVD,40.866795,-73.827849,BX12 BX12+ BX5 Bx12 Bx12-SBS Bx5
101473,E 136 ST/LINCOLN AV,40.809653,-73.928362,BX21 BX32 Bx21 Bx32
307521,19 ST/8 AV,40.658211,-73.985302,B61 B67 B69
981012,5 AV/W 27 ST,40.743842,-73.988048,BM1 BM2 BXM11 BXM18 BXM3 BXM4 BxM11 BxM18 BxM3 BxM4
301986,DECATUR ST/KNICKERBOCKER AV,40.691472,-73.904816,B20
307637,BROADWAY/JEFFERSON ST,40.697354,-73.935803,B46 B47 T410 T433
104282,SAINT ANN'S AV/E 146 ST,40.812396,-73.914062,BX17 Bx17
401857,WATERSIDE PLAZA/WATERSIDE 1,40.738058,-73.973463,M34+ M34-SBS M34A+ M34A-SBS
305112,ATLANTIC AV/COURT ST,40.689565,-73.992204,B61 B63
100057,SEDGWICK AV/HILLMAN AV,40.882463,-73.891351,BX1 BX10 BX2 Bx1 Bx10 Bx2
103365,WHITE PLAINS RD/LYDIG AV,40.854406,-73.867643,BX39 Bx39
401599,EAST HOUSTON ST/MANGIN ST,40.718835,-73.975614,M14D+ M14D-SBS M21
505305,SENECA AV/CORNELIA ST,40.701134,-73.90482,B38
308865,PENNSYLVANIA AV/VANDALIA AV,40.650686,-73.88462,B82+ B82-SBS
104268,BOSTON RD/PALMER AV,40.882023,-73.836933,BX30 Bx30
308850,KINGS HWY/NOSTRAND AV,40.616049,-73.944742,B7 B82 B82+ B82-SBS
300685,KINGS HWY/SCHENECTADY AV,40.631186,-73.931311,B7
306830,AVENUE L/BEDFORD AV,40.621443,-73.950365,B9
404147,W 133 ST/AMSTERDAM AV,40.81782,-73.953564,M11
101146,WEBSTER AV/NEREID AV,40.900897,-73.861513,BX16 Bx16
302377,FULTON ST/CLASSON AV,40.681579,-73.958134,B25
504241,SENECA AV/CORNELIA ST,40.70102,-73.904586,B38
100363,E 161 ST/RIVER AV,40.827792,-73.926096,BX13 BX6 BX6+ Bx13 Bx6 Bx6-SBS
300743,SARATOGA AV/SAINT MARKS AV,40.673073,-73.916857,B7
300588,WORTMAN AV/JEROME ST,40.659099,-73.879784,B20
101694,BEDFORD PARK BLVD/WEBSTER AV,40.866887,-73.883398,BX25 BX26 Bx25 Bx26
300251,AVENUE U/KIMBALL ST,40.608205,-73.925176,B3
402607,BROADWAY/W 218 ST,40.870885,-73.914603,BX20 BX7 Bx20 Bx7
308048,KENT AV/HOOPER ST,40.701222,-73.9634,B62
402745,AMSTERDAM AV/W 181 ST,40.848358,-73.930616,M101
300609,FLATLANDS AV/E 92 ST,40.641064,-73.904852,B17 B6 B82
503628,48 ST/50 AV,40.737562,-73.917873,B24
102586,EAST TREMONT AV/BAISLEY AV,40.834743,-73.830093,BX40 BX42 Bx40 Bx42
102160,MORRIS AV/E 172 ST,40.839906,-73.910244,BX32 Bx32
100591,BROADWAY/W 254 ST,40.901211,-73.896678,BX9 BXM3 Bx9 BxM3
401917,YORK AV/E 88 ST,40.776997,-73.946434,M31
302883,3 AV/BAY RIDGE PKWY,40.631727,-74.027597,B37
300473,KINGS HWY/E 13 ST,40.608115,-73.95995,B7 B82
401194,E 14 ST/AVENUE A,40.730404,-73.980445,M14A+ M14A-SBS M14D+ M14D-SBS
308074,LINCOLN RD/FLATBUSH AV,40.660843,-73.961463,B16
101209,PROSPECT AV/E 156 ST,40.817602,-73.902364,BX17 Bx17
450102,MADISON AV/E 51 ST,40.75856,-73.974951,BXM6 BXM9 BxM6 BxM9 M3 M4
307666,18 AV/57 ST,40.624055,-73.985112,B8
306556,20 ST/10 AV,40.655362,-73.981947,B67 B69
300980,OCEAN AV / AVENUE L,40.620754,-73.955621,B49 B9 BM3
303411,BEDFORD AV/FULTON ST,40.681039,-73.953342,B44 B44+ B44-SBS
307181,FOUNTAIN AV/BROOKLYN DEVELOPMENTAL CENTER,40.656485,-73.864376,B13 B84 Q8
300415,78 ST/COLONIAL RD,40.630687,-74.034366,B4
100632,EAST KINGSBRIDGE RD/E 192 ST,40.863722,-73.894364,BX9 Bx9
300227,AVENUE U / E 66 ST,40.617199,-73.911031,B100 B3
308595,CROPSEY AV/BAY 31 ST,40.597032,-73.998301,B6 B82 X28 X38
300138,E 16 ST/AVENUE R,40.605994,-73.956899,B2 B31
102762,WHITE PLAINS RD/E 225 ST,40.88773,-73.860536,BX39 BXM11 Bx39 BxM11 T117
400609,BROADWAY/W 137 ST,40.82124,-73.954014,M4 M5 T204
103699,WILLIAMSBRIDGE RD/PELHAM PKWY NORTH,40.858005,-73.856477,BX8 Bx8 T113
301105,MARCUS GARVEY BLVD/HALSEY ST,40.68326,-73.938179,B15
405100,1 AV/E 82 ST,40.774585,-73.950985,M15
302258,GREENPOINT AV/HUMBOLDT ST,40.731492,-73.945982,B24
302766,CHURCH AV / E 7 ST,40.645523,-73.973344,B103 B35 BM3 BM4
102659,EAST TREMONT AV/SAMPSON AV,40.8204,-73.817902,BX42 BXM9 Bx42 BxM9
802088,E 161 ST/SHERMAN AV,40.826089,-73.920193,BX13 BX6 BX6+ Bx13 Bx6 Bx6-SBS
405065,WEST ST/CHAMBERS ST,40.717479,-74.01255,M20
100827,CITY ISLAND AV/PELL PL,40.842177,-73.784701,BX29 Bx29
400461,SAINT NICHOLAS AV/W 164 ST,40.837543,-73.940115,M100 M3
305756,CONEY ISLAND AV/AVENUE N,40.614868,-73.963434,B68
901729,ATLANTIC AV/SNEDIKER AV,40.675643,-73.902848,B111
102996,W 231 ST/TIBBETT AV,40.881046,-73.908774,BX1 BX10 BX2 BX20 BX7 Bx1 Bx10 Bx2 Bx20 Bx7
306726,ROCKAWAY AV/SUTTER AV,40.667492,-73.910099,B60
308188,MANHATTAN AV/INDIA ST,40.732402,-73.954724,B43 B62 B94 T403
402838,LEXINGTON AV/E 56 ST,40.760207,-73.96977,BXM1 BxM1 M101 M102 M103
104332,WEST FORDHAM RD/CEDAR AV,40.861762,-73.911586,BX12 BX12+ Bx12 Bx12-SBS
102498,EAST TREMONT AV/VYSE AV,40.841076,-73.882483,BX36 Bx36
305049,WILSON AV/JEFFERSON AV,40.692577,-73.91154,B60
103924,EDWARD L GRANT HWY/UNIVERSITY AV,40.843774,-73.923082,BX11 BX35 Bx11 Bx35
103498,GOULDEN AV/W 197 ST,40.871569,-73.897334,BX22 Bx22
402103,JACKSON ST/MADISON ST,40.713361,-73.980705,L92 M14A+ M14A-SBS M22
303539,SAINT JOHNS PL/BEDFORD AV,40.671822,-73.954838,B45
302031,PENNSYLVANIA AV/BELMONT AV,40.670326,-73.895557,B20 B83
100707,KAPPOCK ST/JOHNSON AV,40.877355,-73.918021,BX10 BX20 BXM1 BXM18 BXM2 Bx10 Bx20 BxM1 BxM18 BxM2
306216,VANDALIA AV /VAN SICLEN AV,40.653278,-73.881447,B83 BM5
305738,PROSPECT PARK SOUTHWEST/REEVE PL,40.653608,-73.973039,B68
306161,RALPH AV/FARRAGUT RD,40.637906,-73.919149,B47
102742,WEBSTER AV/E 187 ST,40.859065,-73.893682,BX41 Bx41
300803,18 AV/72 ST,40.615327,-73.993898,B8
308915,NAVY YARD DR/4 ROW,40.699507,-73.970693,B67
400798,BROADWAY/W 175 ST,40.846487,-73.938292,BX7 Bx7 M100 M5
405460,12 AV/W 55 ST,40.769942,-73.994246,M12
307306,RALPH AV/EASTERN PKWY NORTH,40.668654,-73.922674,B15 B47
402634,3 AV/E 31 ST,40.743707,-73.979544,M101 M102 M103
306325,FLATBUSH AV/EMPIRE BLVD,40.663012,-73.962211,B41
103537,BARTOW AV/REAR OF PATHMARK,40.868975,-73.823465,BX23 BX25 BX26 BX28 BX30 BX38 Bx23 Bx25 Bx26 Bx28 Bx30 Bx38 Q50
350086,E 66 ST / 56 DR,40.606298,-73.910734,B100 BM1
503419,JAMAICA AV/121 ST,40.700496,-73.828743,J90 T340
303269,VETERANS AV/AVENUE T,40.62002,-73.910961,B41
301077,TROY AV/FULTON ST,40.679541,-73.934854,B15
400629,FORT WASHINGTON AV/W 177 ST,40.847906,-73.939407,M4
103077,PENNYFIELD AV/THROGS NECK EXPWY,40.818769,-73.809856,BX8 Bx8
402005,E 116 ST/MADISON AV,40.800172,-73.94517,M102 M116
101738,HUTCHINSON RIVER PKWY/EINSTEIN LOOP NORTH,40.865768,-73.823166,BX23 BX26 BX28 BX30 Bx23 Bx26 Bx28 Bx30 Q50
404299,MADISON AV / E 48 ST,40.756697,-73.976284,BM1 BM2 BM3 BM4 BM5 SIM23 SIM24 SIM25 SIM26 SIM30 X27 X28 X37 X38
404081,5 AV/E 98 ST,40.789185,-73.95499,BXM11 BXM2 BxM11 BxM2 M1 M106 M2 M3 M4
300175,AVENUE R/NOSTRAND AV,40.607452,-73.943023,B2 B31
100467,RIVERDALE AV/W 263 ST,40.912354,-73.902535,BXM1 BXM18 BXM2 BxM1 BxM18 BxM2
305513,86 ST/7 AV,40.618174,-74.020913,B1 X28 X38
400045,MADISON AV/E 106 ST,40.793434,-73.949511,M1 M106 M2 M3 M4
801071,FRONT ST/YORK ST,40.702573,-73.99201,B25
300374,NEPTUNE AV/OCEAN PKWY,40.580502,-73.96715,B4
301553,SUTTER AV/GRANT AV,40.673794,-73.864501,B14
400323,5 AV/W 36 ST,40.749477,-73.983921,M1 M2 M3 M4 M5 M55 SIM10 SIM31
104310,E 233 ST/WEBSTER AV,40.895269,-73.863423,BX31 Bx31
350030,AVENUE K / E 29 ST,40.624238,-73.947183,BM1 BM4
103152,DREISER LOOP/DEFOE PL,40.876197,-73.82947,BX23 BX25 BX28 BX30 BX38 Bx23 Bx25 Bx28 Bx30 Bx38
504220,GREENPOINT AV/43 ST,40.740994,-73.921613,B24
303464,NOSTRAND AV/LEFFERTS AV,40.661981,-73.950861,B44 B96
102294,E 169 ST/BOSTON RD,40.831173,-73.900555,BX35 Bx35
401738,2 AV/E 125 ST,40.802473,-73.933855,M15+ M15-SBS
405248,BROADWAY/W 97 ST,40.795174,-73.971197,M104
350125,FILLMORE AV / E 34 ST,40.610412,-73.934867,B100
300364,SHEEPSHEAD BAY RD/VOORHIES AV,40.585419,-73.951591,B4 B49
303699,UTICA AV/FLATLANDS AV,40.626322,-73.927785,B46 B46+ B46-SBS
103678,LANE AV/BENSON AV,40.840796,-73.84329,BX4 BX4A Bx4 Bx4A
301290,49 ST/14 AV,40.633931,-73.990207,B11
307795,CHURCH AV/ROGERS AV,40.650717,-73.952873,B35
100114,GRAND CONCOURSE/MOUNT EDEN AV,40.843088,-73.912273,BX1 BX2 BXM4 Bx1 Bx2 BxM4
102593,EAST TREMONT AV/CROSS BRONX EXPWY,40.82238,-73.819283,BX40 BXM9 Bx40 BxM9
102590,EAST TREMONT AV/PHILIP AV,40.827933,-73.823709,BX40 BX42 Bx40 Bx42
307011,EASTERN PKWY/SCHENECTADY AV,40.6687,-73.934069,B17
303092,DE KALB AV/CLASSON AV,40.69036,-73.960713,B38 B93
303923,OCEAN AV / AVENUE N,40.616362,-73.954423,B49 BM3
308638,MYRTLE AV/FLEET PL,40.693501,-73.981498,B54
350199,AVENUE X / BEDFORD AV,40.593359,-73.945612,BM3
504132,COOPER AV/64 LN,40.698271,-73.890309,B13
100865,CITY ISLAND AV / FORDHAM ST,40.847481,-73.786374,BX29 BXM8 Bx29 BxM8
308071,VANDERBILT AV/PLAZA ST EAST,40.675102,-73.969897,B69
403677,W 125 ST/BROADWAY,40.816175,-73.958569,M125
104090,EAST FORDHAM RD/3 AV,40.861077,-73.890088,BX22 BX9 Bx22 Bx9
308973,58 ST/ 2 AV,40.644691,-74.021817,B11
802065,TREMONT AV/LANE AV,40.840268,-73.843224,BX4 Bx4
400124,5 AV/E 72 ST,40.772446,-73.967247,BXM10 BXM6 BXM7 BXM8 BXM9 BxM10 BxM6 BxM7 BxM8 BxM9 M1 M2 M3 M4
801074,STILLWELL/TERMINAL,40.576864,-73.981026,B68 B74
402862,BOWERY/BLEECKER ST,40.725346,-73.992211,M103
100726,JEROME AV/E 205 ST,40.875794,-73.888278,BX10 Bx10
301431,CRESCENT ST/LIBERTY AV,40.678074,-73.870557,B13
100753,CLAREMONT PKWY/3 AV,40.83809,-73.901107,BX11 Bx11
400026,MADISON AV/E 63 ST,40.766274,-73.969329,M3 M4
101958,WEBSTER AV/EAST GUN HILL RD,40.878381,-73.871586,BX41 BX41+ Bx41 Bx41-SBS
104531,ASCH LOOP/ADLER PL,40.870969,-73.827955,BX23 BX26 BX28 BX30 Bx23 Bx26 Bx28 Bx30
308239,4 AV/BAY RIDGE AV,40.63467,-74.023455,B9
101246,PROSPECT AV/BOSTON RD,40.833615,-73.896504,BX17 Bx17
450331,WATER ST/JOHN ST,40.706599,-74.005496,M15
102572,EAST TREMONT AV/DOGWOOD DR,40.841455,-73.861323,BX40 BX42 Bx40 Bx42
305688,WEST BRIGHTON AV/OCEAN PKWY,40.576254,-73.968966,B102 B68
306005,MERMAID AV/W 24 ST,40.575906,-73.990709,B74
450062,5 AV/W 54 ST,40.76116,-73.975377,BM1 BM2 BM3 BM4 BM5
450202,STATE ST / BATTERY PL,40.704472,-74.014153,BM1 BM2 BM3 BM4
450097,MADISON AV/E 44 ST,40.754032,-73.9783,BXM10 BXM7 BXM8 BxM10 BxM7 BxM8
402039,AVENUE C/E 11 ST,40.726278,-73.97714,M14D+ M14D-SBS M9
403687,W 145 ST/ADAM C POWELL BLVD,40.821648,-73.939352,BX19 Bx19
403653,W 181 ST/SAINT NICHOLAS AV,40.849311,-73.933514,BX11 BX13 BX3 BX35 BX36 Bx11 Bx13 Bx3 Bx35 Bx36
101969,BOSTON RD/WICKHAM AV,40.879585,-73.842255,BX30 Bx30
400258,BROADWAY/W 168 ST,40.841041,-73.939971,M2 M3
307627,LINDEN BLVD/AUTUMN AV,40.668758,-73.866234,B13 B15 B20
450457,MADISON AV/E 29 ST,40.7444,-73.985316,BXM11 BXM18 BXM3 BXM4 BxM11 BxM18 BxM3 BxM4
306571,20 ST/PROSPECT PARK WEST,40.656833,-73.984311,B67 B69
400097,5 AV/W 128 ST,40.808076,-73.941141,M1
305883,8 AV/73 ST,40.628211,-74.017078,B70
400021,MADISON AV/E 50 ST,40.757739,-73.975556,M1 M2
308356,V A HOSPITAL/BAY 3,40.607531,-74.023155,B70
450413,MADISON AV/71 ST,40.771024,-73.965917,BXM10 BXM6 BXM7 BXM8 BXM9 BxM10 BxM6 BxM7 BxM8 BxM9
104542,WEST FORDHAM RD/UNIVERSITY AV,40.862696,-73.904803,BX12 Bx12
400110,5 AV/E 104 ST,40.792922,-73.952153,M1 M106 M2 M3 M4
401224,8 AV/W 17 ST,40.741899,-74.000808,M20
100088,SEDGWICK AV/FORT INDEPENDENCE ST,40.878632,-73.897751,BX1 BX2 BXM3 Bx1 Bx2 BxM3
403432,3 AV/E 72 ST,40.770075,-73.960281,M101 M102 M103 M98
102391,ROSEDALE AV/E 174 ST,40.834851,-73.8699,BX11 Bx11
308900,FULTON ST/SHEFFIELD AV,40.67704,-73.898058,B20
101225,CROTONA AV/E 183 ST,40.852023,-73.884493,BX17 Bx17
103405,SOUNDVIEW AV/CORNELL AV,40.807544,-73.852337,BX39 Bx39
403639,PARK ROW/BEEKMAN ST,40.711591,-74.007131,M103
400354,MADISON AV / E 34 ST,40.747888,-73.982775,BM1 BM2 BM3 BM4 BM5 M3 M4 SIM11 SIM31 SIM33C SIM4C SIM6
401970,E 106 ST/2 AV,40.790769,-73.942597,M106
402673,3 AV/E 26 ST,40.741067,-73.981419,M101 M102 M103
150130,WHITE PLAINS RD/E 232 ST,40.892664,-73.857797,BXM11 BxM11
300959,AVENUE L/E 22 ST,40.621137,-73.953146,B9
104569,EDWARD L GRANT HWY/UNIVERSITY AV,40.84396,-73.922796,BX11 BX13 BX35 Bx11 Bx13 Bx35
400400,SAINT NICHOLAS AV/W 133 ST,40.815562,-73.948647,M3
302033,PENNSYLVANIA AV/BLAKE AV,40.667548,-73.894844,B20 B83
307669,SHORE PKWY/COYLE ST,40.585988,-73.933881,B4 B44
100080,PAUL AV/BEDFORD PARK BLVD,40.874629,-73.891539,BX10 BX22 BX25 BX26 BX28 BX38 Bx10 Bx22 Bx25 Bx26 Bx28 Bx38
901730,ATLANTIC AV/SNEDIKER AV,40.6756,-73.902592,B111
304991,WILSON AV/GROVE ST,40.696398,-73.918044,B60
302787,W 37 ST/NEPTUNE AV,40.57719,-74.003225,B36 B74
300273,AVENUE U/McDONALD AV,40.597063,-73.97304,B3
402502,E 125 ST/3 AV,40.803935,-73.936221,M101 M125
402518,AMSTERDAM AV/W 138 ST,40.821041,-73.950578,M100 M101
403107,BROADWAY/W 82 ST,40.785994,-73.978167,M104
102655,HARDING AV/CALHOUN AV,40.815665,-73.817186,BX42 Bx42
306526,36 ST/CHURCH AV,40.641281,-73.982751,B16
902119,WEBSTER AV/E 170 ST,40.835369,-73.907954,BX41+ Bx41-SBS
404264,AVENUE C/E 23 ST,40.735175,-73.975191,M23+ M23-SBS M9
403462,BROADWAY/W 135 ST,40.820447,-73.954599,M4 M5
303146,RALPH AV/HANCOCK ST,40.685927,-73.923249,B47
302806,W 5 ST/NEPTUNE AV,40.579542,-73.971856,B36
401359,7 AV/ W 36 ST,40.752378,-73.989688,M20 M7 Q32
303361,ROCKAWAY PKWY/AVENUE J,40.642308,-73.89902,B42
104061,GRAND CONCOURSE/E 187 ST,40.860215,-73.898624,BX1 BX2 Bx1 Bx2
307909,SMITH ST/2 ST,40.6797,-73.995149,B57
405412,W 43 ST/8 AV,40.75877,-73.99116,M34A+ M34A-SBS
304722,SANDS ST/JAY ST,40.700212,-73.987083,B67 B69
100022,GRAND CONCOURSE/E 153 ST,40.821103,-73.925751,BX1 BX2 Bx1 Bx2
350226,GERRITSEN AV / HARING ST,40.608076,-73.942164,B100 BM4
301326,LEFFERTS AV/SCHENECTADY AV,40.663282,-73.934705,B12
901201,South conduit en EB/lefferts bl,40.663419,-73.823215,B15
103006,W 195 ST/RESERVOIR AV,40.869627,-73.898682,BX32 Bx32
100431,E 161 ST/MELROSE AV,40.824404,-73.914216,BX13 BX6 BX6+ Bx13 Bx6 Bx6-SBS
303399,NEW YORK AV/MONTGOMERY ST,40.665545,-73.948062,B44
100647,BOSTON RD/E 178 ST,40.840915,-73.879477,BX9 Bx9
301095,MARCUS GARVEY BLVD/PARK AV,40.698204,-73.94118,B15
400127,5 AV/E 63 ST,40.766715,-73.971292,M1 M2 M3 M4
302749,CHURCH AV/TROY AV,40.651511,-73.936602,B35
103934,JEROME AV/EAST MOSHOLU PKWY NORTH,40.880279,-73.884125,BX10 BX95 Bx10 T127
401833,E 23 ST/1 AV,40.736691,-73.978245,M34+ M34-SBS M34A+ M34A-SBS SIM10 SIM11 SIM3 SIM31 SIM6
305029,MONTROSE AV/BUSHWICK AV,40.707574,-73.940004,B60
450036,GREENWICH ST/BATTERY PL,40.704931,-74.014819,BXM18 BxM18
308878,5 AV/37 ST,40.652269,-74.002921,B63
307577,GREENE AV/CUMBERLAND ST,40.685925,-73.972816,B52
300478,KINGS HWY/McDONALD AV,40.604265,-73.971906,B82 B82+ B82-SBS
103731,EAST TREMONT AV/ST LAWRENCE AV,40.840051,-73.868324,BX36 BX40 BX42 Bx36 Bx40 Bx42
306906,NOSTRAND AV/FLATBUSH AV,40.632685,-73.947721,B44+ B44-SBS B96
300795,18 AV/BENSON AV,40.605339,-74.004548,B8
402555,BROADWAY/W 215 ST,40.869668,-73.915951,BX20 BX7 Bx20 Bx7
305708,CONEY ISLAND AV/AVENUE O,40.612906,-73.962794,B68
403171,BROADWAY/W 65 ST,40.773284,-73.982406,M104 M5
306581,50 ST/5 AV,40.644861,-74.010021,B11
305703,CONEY ISLAND AV/AVENUE T,40.6009,-73.961259,B68
101335,SOUTHERN BLVD/EAST TREMONT AV,40.843057,-73.885462,BX19 Bx19
401793,ALLEN ST/CANAL ST,40.714855,-73.992805,M15
302319,METROPOLITAN AV/GRAHAM AV,40.714457,-73.944476,B24 L90
404949,AMSTERDAM AV/W 161 ST,40.835536,-73.940181,M100 M101 M3
300887,18 AV/E 5 ST,40.632526,-73.973573,B8
405471,E 126 ST/2 AV,40.803247,-73.932491,M15
102320,WEBSTER AV/E 167 ST,40.830888,-73.91047,BX41 BX41+ Bx41 Bx41-SBS
301402,EAST NEW YORK AV/TROY AV,40.662433,-73.937773,B12
307167,60 ST/7 AV,40.637079,-74.012045,B9
104114,RANDALL AV/CROSS BRONX EXPWY SERVICE RD,40.8244,-73.825237,BX42 Bx42
302493,HALSEY ST/KNICKERBOCKER AV,40.692732,-73.90839,B26
306808,BEDFORD AV/N 5 ST,40.716917,-73.958627,B62
405290,COLUMBUS AV/W 63 ST,40.771841,-73.983006,M11
404833,E 23 ST / PARK AV SOUTH,40.740394,-73.986612,BM1 BM2 BM3 BM4 M23+ M23-SBS SIM10 SIM11 SIM3 SIM31 SIM6 X37 X38
402829,LEXINGTON AV/E 74 ST,40.771396,-73.961556,M101 M102 M103
103973,GRAND CONCOURSE/E 177 ST,40.849184,-73.906546,BX1 BX2 BXM4 Bx1 Bx2 BxM4
303766,TOMPKINS AV/WILLOUGHBY AV,40.693906,-73.946081,B43
100449,BROADWAY/W 225 ST,40.8749,-73.909201,BX20 BX7 Bx20 Bx7
803171,JEROME ST/FLATLANDS AV,40.656495,-73.878192,B84
302431,FULTON ST/BOND ST,40.689671,-73.982815,B25 B26 B52
307166,60 ST/7 AV,40.636607,-74.01154,B9
103801,EAST FORDHAM RD/DECATUR AV,40.861898,-73.891895,BX22 BX9 Bx22 Bx9
307815,DEAN ST/FLATBUSH AV,40.681669,-73.975281,B65
302596,GERRITSEN AV / LOIS AV,40.58808,-73.919945,B31 BM4
404271,E 14 ST/UNIVERSITY PL,40.735177,-73.991881,M14A+ M14A-SBS M14D+ M14D-SBS
306680,3 AV/SHORE RD,40.612763,-74.036053,B63
308866,GLENWOOD RD/E 102 ST,40.647473,-73.8988,B6 B82
303219,FLATBUSH AV/E 48 ST,40.61528,-73.928647,B41 B9
307041,SHORE PKWY/BEDFORD AV,40.584712,-73.943311,B4
300830,FOSTER AV/FLATBUSH AV,40.638358,-73.953178,B49 B8
303244,FLATBUSH AV/MIDWOOD ST,40.659854,-73.960476,B41
405333,1 AV/E 109 ST,40.791732,-73.938483,M15
104536,MARCONI ST/911 CALL CENTER,40.855109,-73.837728,BX24 Bx24
302702,CHURCH AV/BEDFORD AV,40.650455,-73.955969,B35
302417,FULTON ST/FRANKLIN AV,40.681189,-73.955841,B25
400408,SAINT NICHOLAS AV/W 151 ST,40.828325,-73.942272,M3
300500,CROPSEY AV/26 AV,40.590053,-73.991456,B82
308572,4 AV/63 ST,40.639096,-74.020474,B9
403690,W 145 ST/ADAM C POWELL BLVD,40.821618,-73.938795,BX19 Bx19
350243,WILLIAMS AV / FLATLANDS AV,40.650381,-73.891446,B103 BM2
303275,AVENUE N/E 55 ST,40.619286,-73.922483,B41
308800,UTICA AV/CHURCH AV,40.650968,-73.930412,B46
102304,E 167 ST/BRYANT AV,40.826804,-73.889273,BX27 BX4A Bx27 Bx4A
104066,TURNBULL AV/ PUGSLEY AV,40.823059,-73.855739,BX5 Bx5
308456,WYTHE AV/S 5 ST,40.712032,-73.9662,B32 Q59
306258,VAN SICLEN AV/WORTMAN AV,40.65736,-73.883471,B83
300653,BAY PKWY/McDONALD AV,40.620765,-73.97541,B6
400019,MADISON AV/E 46 ST,40.755267,-73.977407,BXM11 BxM11 M1 M2
300123,BRIGHTON BEACH AV/BRIGHTON 3 ST,40.57701,-73.963782,B1 B68
100370,E 163 ST/3 AV,40.824064,-73.908925,BX6 BX6+ Bx6 Bx6-SBS
305300,GRAHAM AV/MEEKER AV,40.719586,-73.945703,B43
551923,21 ST/44 DR,40.747794,-73.947564,B62
503438,JAMAICA AV/85 ST,40.692605,-73.858618,J90 T340
350111,FILLMORE AV / COLEMAN ST,40.613677,-73.929836,B100
802110,E 163 ST/INTERVALE AV,40.821064,-73.896763,BX6+ Bx6-SBS
306600,GRAHAM AV/COOK ST,40.70264,-73.942345,B43
403652,W 181 ST/AMSTERDAM AV,40.848237,-73.931,BX11 BX13 BX3 BX35 BX36 Bx11 Bx13 Bx3 Bx35 Bx36
300126,BRIGHTON BEACH AV/BRIGHTON 12 ST,40.578158,-73.957712,B1
981050,MADISON AV/E 84 ST,40.779634,-73.959594,BXM11 BXM2 BXM3 BXM4 BxM11 BxM2 BxM3 BxM4
300754,LENOX RD/E 98 ST,40.659872,-73.917761,B7
305460,5 AV/86 ST,40.621449,-74.026438,B1 B63
404995,1 AV/E 29 ST,40.740529,-73.975807,M15+ M15-SBS
100170,FORT INDEPENDENCE ST/BAILEY PL,40.880716,-73.899081,BX3 Bx3
100038,GRAND CONCOURSE/E 179 ST,40.85093,-73.904494,BX1 BX2 Bx1 Bx2
307939,W 33 ST/BAY VIEW AV,40.579173,-74.000482,B36 B74
306870,REMSEN AV/AVENUE B,40.649807,-73.916502,B17 B8
100416,HUNTS POINT AV/FAILE ST,40.815915,-73.887208,BX6 Bx6
403853,WEST HOUSTON ST/HUDSON ST,40.728889,-74.007303,M21
101169,DYRE AV/BOSTON RD,40.885069,-73.831237,BX16 Bx16
101149,NEREID AV/BYRON AV,40.897757,-73.852785,BX16 BX39 Bx16 Bx39
308714,NOSTRAND AV/AVENUE U,40.600551,-73.942008,B44
100565,EAST FORDHAM RD/CAMBERLENG AV,40.858134,-73.882985,BX12 BX17 BX22 BX9 Bx12 Bx17 Bx22 Bx9
400241,ADAM C POWELL BLVD/W 145 ST,40.821878,-73.938687,M2
902169,E 170 ST/GRAND CONCOURSE,40.838512,-73.913583,BX18A BX18B Bx18A Bx18B
400426,SAINT NICHOLAS AV/W 187 ST,40.853358,-73.930644,M3
301032,LINDEN BLVD/CRESCENT ST,40.668838,-73.868549,B13 B15 B20
308672,FRANKLIN ST/GREENPOINT AV,40.730114,-73.957546,B32
104533,MARCONI ST/WATERS PL,40.846761,-73.842598,BX24 Bx24
303574,WASHINGTON AV/BERGEN ST,40.678838,-73.963871,B45
401335,CENTRAL PARK WEST/W 90 ST,40.787619,-73.96777,M10
301570,SUTTER AV/ASHFORD ST,40.670975,-73.884767,B14
300610,FLATLANDS AV/REMSEN AV,40.640398,-73.905913,B6 B82 B82+ B82-SBS
450409,3 AV/E 120 ST,40.800675,-73.937943,BXM10 BXM6 BXM7 BXM8 BXM9 BxM10 BxM6 BxM7 BxM8 BxM9
303238,FLATBUSH AV/CORTELYOU RD,40.64423,-73.957829,B41
150139,BRUCKNER BLVD/WILKINSON AV,40.852365,-73.827039,BX23 Bx23 Q50
101705,ALLERTON AV/PEARSALL AV,40.86527,-73.851533,BX25 BX26 Bx25 Bx26
302356,OLD FULTON ST/HENRY ST,40.701021,-73.991449,B25
301070,BERGEN ST/BUFFALO AV,40.67481,-73.925429,B15 B65
103654,SEDGWICK AV/WEST TREMONT AV,40.852982,-73.91835,BX18A BX40 BX42 Bx18A Bx40 Bx42
402339,YORK AV/E 84 ST,40.774863,-73.947842,M31
404963,ADAM C POWELL BLVD/W 119 ST,40.805343,-73.950713,M2
102322,E 167 ST/FINDLAY AV,40.831227,-73.913162,BX35 Bx35
305951,7 AV/92 ST,40.61419,-74.023068,B70 B8
102047,EASTCHESTER RD/EAST GUN HILL RD,40.868303,-73.842396,BX31 BXM10 Bx31 BxM10
405077,AMSTERDAM AV/W 176 ST,40.84515,-73.932962,M101
307114,GRAHAM AV/MEEKER AV,40.719327,-73.945397,B43
301919,FLUSHING AV/WASHINGTON AV,40.697647,-73.967907,B57
401099,COLUMBUS AV/W 72 ST,40.777356,-73.978925,BXM2 BxM2 M11 M7
150113,IRWIN AV/JOHNSON AV,40.879452,-73.912386,BXM1 BXM18 BXM2 BxM1 BxM18 BxM2
308761,SEAVIEW AV/E 108 ST,40.638947,-73.881526,B17
402680,3 AV/E 45 ST,40.752407,-73.973161,M101 M102 M103
403647,ALLEN ST/DELANCEY ST,40.719411,-73.990466,B39 M15
303557,SAINT JOHNS PL/RALPH AV,40.670227,-73.923231,B45
302462,PUTNAM AV/NOSTRAND AV,40.683851,-73.950477,B26
103913,WEST MOSHOLU PKWY SOUTH/JEROME AV,40.879128,-73.885581,BX28 BX38 Bx28 Bx38
103122,WHITE PLAINS RD/E 222 ST,40.885843,-73.861635,BX39 BX8 Bx39 Bx8
301925,FLUSHING AV/WASHINGTON AV,40.697784,-73.968426,B57
402854,3 AV/E 23 ST,40.738982,-73.983129,M101 M102 M103
103892,BAINBRIDGE AV/EAST MOSHOLU PKWY SOUTH,40.872101,-73.882595,BX34 Bx34
101485,CASTLE HILL AV/BRUCKNER BLVD,40.827891,-73.850054,BX22 Bx22
801030,LINCOLN RD/FLATBUSH AV,40.660869,-73.961137,B16 B43 B48
403485,BROADWAY/W 220 ST,40.8722,-73.913179,BX20 BX7 BXM1 Bx20 Bx7 BxM1
402004,E 116 ST/PARK AV,40.799171,-73.942827,M102 M116
303026,LAFAYETTE AV/BEDFORD AV,40.689433,-73.954685,B38 B93
300104,86 ST/23 AV,40.600576,-73.991795,B1
902210,EASTCHESTER RD/SACKETT AV,40.849583,-73.845028,BX21 BX31 Bx21 Bx31
100961,CAMPBELL DR/AGAR PL,40.839129,-73.817273,BX24 Bx24
305412,ATLANTIC AV/4 AV,40.684422,-73.978557,B37 B63
402507,W 125 ST/MALCOLM X BLVD,40.808026,-73.945964,M101 M125
301139,NEW LOTS AV/GEORGIA AV,40.661128,-73.894559,B15
307771,AVENUE X / BATCHELDER ST,40.594203,-73.938037,BM3
305768,CONEY ISLAND AV/AVENUE Z,40.586986,-73.960457,B68
307386,AVENUE R/E 22 ST,40.606643,-73.95065,B2 B31
401842,E 34 ST/PARK AV,40.747234,-73.981547,M34+ M34-SBS M34A+ M34A-SBS
405152,W 14 ST/WASHINGTON ST,40.741852,-74.007401,M11 M12 M14D+ M14D-SBS
308182,SURF AV/W 19 ST,40.575159,-73.985119,B36
305724,CONEY ISLAND AV/CHURCH AV,40.646768,-73.970833,B68
101931,EAST GUN HILL RD/PAULDING AV,40.874873,-73.858386,BX28 BX38 Bx28 Bx38
102079,E 229 ST/SCHIEFFELIN AV,40.884696,-73.842912,BX31 Bx31
308211,5 AV/PROSPECT PL,40.680557,-73.977567,B63
902162,BRYANT AV/HOME ST,40.828892,-73.889107,BX35 Bx35
308079,BAY PKWY/CROPSEY AV,40.597429,-73.998547,B6
307824,BERGEN ST/ALBANY AV,40.675534,-73.939214,B65
300186,25 AV/BENSON AV,40.596462,-73.988603,B3
304085,PENNSYLVANIA AV /SCHROEDERS AV,40.647838,-73.881509,B82 B82+ B82-SBS B83 BM2 BM5
101557,CASTLE HILL AV/BRUCKNER BLVD,40.826582,-73.849847,BX22 BX5 Bx22 Bx5
305396,ATLANTIC AV/BOERUM PL,40.689271,-73.991016,B61 B63
400808,BROADWAY/W 178 ST,40.848425,-73.937697,BX7 Bx7 M100 M5
301343,EAST NEW YORK AV/JUNIUS ST,40.67504,-73.904496,B12
100276,STORY AV/COLGATE AV,40.82128,-73.879856,BX5 Bx5
102089,EASTCHESTER RD/HAMMERSLEY AV,40.87088,-73.843523,BX31 Bx31
301069,BUFFALO AV/SAINT MARKS AV,40.674151,-73.924975,B15 B65
300950,OCEAN PKWY SOUTH/AVENUE M,40.616909,-73.968976,B9
307983,KINGS HWY/BEDFORD AV,40.612821,-73.949455,B7 B82
100700,HENRY HUDSON PKWY WEST/W 239 ST,40.889717,-73.909022,BX10 BX20 BXM1 BXM18 BXM2 Bx10 Bx20 BxM1 BxM18 BxM2
401294,W 14 ST/7 AV,40.738287,-73.999271,L92 M14A+ M14A-SBS M14D+ M14D-SBS M7
302802,SURF AV/W 10 ST,40.575351,-73.977435,B102 B36
102227,BAINBRIDGE AV/BEDFORD PARK BLVD,40.870411,-73.885159,BX34 Bx34
307646,FLATBUSH AV/OCEAN AV,40.662643,-73.962143,B16 B41
308792,FLATBUSH AV/AVENUE T,40.611077,-73.924197,B2 B9
303457,NOSTRAND AV/BERGEN ST,40.675671,-73.950037,B44
400042,MADISON AV/E 101 ST,40.790304,-73.951799,M1 M106 M2 M3 M4
404846,8 AV/W 49 ST,40.761902,-73.986239,M104 M20
300303,BAY RIDGE PKWY/19 AV,40.611947,-73.993655,B4
306762,CLASSON AV/PARK AV,40.696521,-73.9616,B48 B62
350094,E 66 ST / OHIO WALK,40.614057,-73.907589,B100 BM1
104049,GRAND CONCOURSE/E 172 ST,40.841146,-73.912351,BX1 BX2 Bx1 Bx2
303488,NOSTRAND AV / KINGS HWY,40.616327,-73.945017,B44 B44+ B44-SBS BM4
504123,GATES AV/FAIRVIEW AV,40.70656,-73.904968,B13
103328,WARING AV/WHITE PLAINS RD,40.861402,-73.867293,BX39 Bx39
101276,MACOMBS RD/FEATHERBED LN,40.845489,-73.917228,BX18B Bx18B
403782,PARK AV SOUTH/E 23 ST,40.740471,-73.985939,M1 M2 M3
300774,KINGS HWY/AVENUE J,40.628024,-73.932551,B7
403350,WORTH ST/MOTT ST,40.713757,-73.999037,M22
302059,BROADWAY/GREENE AV,40.691176,-73.925105,B47 Q24
300405,BAY RIDGE PKWY/10 AV,40.624474,-74.014292,B4
308837,BEDFORD AV/N 8 ST,40.718383,-73.957057,B62
102319,WEBSTER AV/E 168 ST,40.831809,-73.909943,BX41 Bx41
401786,2 AV/E 3 ST,40.725343,-73.990108,M15
401348,BROADWAY/W 63 ST,40.770882,-73.982338,BXM2 BxM2 M10
300118,OCEAN PKWY/WEST AV,40.581609,-73.967352,B1 B36 B4
100084,W 231 ST/BROADWAY,40.878698,-73.904415,BX1 BX10 BX2 Bx1 Bx10 Bx2
104116,E 161 ST/MORRIS AV,40.82569,-73.918605,BX13 BX6 Bx13 Bx6
403821,LEXINGTON AV / E 34 ST,40.746315,-73.97997,BXM1 BxM1 M101 M102 M103
902103,BROADWAY/ISHAM ST-W 211 ST,40.868104,-73.919548,BX20 BX7 Bx20 Bx7
301016,3 AV/65 ST,40.63926,-74.023651,B37
101389,3 AV/E 140 ST,40.812096,-73.925062,BX2 BX21 Bx2 Bx21
100463,RIVERDALE AV/W 256 ST,40.904303,-73.904843,BX10 BX7 BXM1 BXM18 BXM2 Bx10 Bx7 BxM1 BxM18 BxM2
303159,BROADWAY/COOK ST,40.70234,-73.944549,B46
302424,FULTON ST/ADELPHI ST,40.684791,-73.97047,B25 B26
300865,AVENUE D/E 46 ST,40.641938,-73.933634,B8
401729,1 AV/E 120 ST,40.798936,-73.933223,M15
306115,DWIGHT ST/VAN DYKE ST,40.673779,-74.011781,B57 B61
300074,BAY RIDGE AV/RIDGE BLVD,40.636379,-74.028312,B64 B9
301815,E 80 ST/PAERDEGAT 10 ST,40.629486,-73.904635,B17
305357,5 AV/52 ST,40.644183,-74.011174,B63
405383,7 AV/W 12 ST,40.737149,-74.000795,M20
504127,FRESH POND RD/CATALPA AV,40.703742,-73.895737,B13 B20 QM24 QM25 QM34
300602,FLATLANDS AV/E 101 ST,40.645385,-73.898091,B60
403894,W 14 ST/5 AV,40.736229,-73.993956,L92 M14A+ M14A-SBS M14D+ M14D-SBS
404330,W 181 ST/WADSWORTH AV,40.849838,-73.935187,BX11 BX13 BX3 Bx11 Bx13 Bx3
301961,PENNSYLVANIA AV/RIVERDALE AV,40.66308,-73.893563,B20 B83
403787,E 126 ST/3 AV,40.804579,-73.935704,M35
403797,7 AV/W 50 ST,40.761052,-73.983447,BXM2 BxM2 M20 M7
308340,5 AV/72 ST,40.631418,-74.021937,B63
305504,86 ST/11 AV,40.616992,-74.018579,B1
104491,LONGWOOD AV/BARRY ST,40.814442,-73.893263,BX46 Bx46
305175,MANHATTAN AV/DRIGGS AV,40.722292,-73.950016,B43 B48 B62
102789,WHITE PLAINS RD/E 219 ST,40.88372,-73.862908,BX39 BXM11 Bx39 BxM11 T117
104002,BAINBRIDGE AV/E 210 ST,40.879802,-73.878867,BX10 BX16 BX28 BX34 BX38 Bx10 Bx16 Bx28 Bx34 Bx38
308047,FLATLANDS AV/E 77 ST,40.633944,-73.915509,B6 B82
100621,BROADWAY/W 231 ST,40.87906,-73.904768,BX9 Bx9
102189,E 138 ST/WILLIS AV,40.808859,-73.922533,BX33 Bx33
401440,AMSTERDAM AV/W 116 ST,40.807099,-73.960724,M11
405172,WEST HOUSTON ST/GREENE ST,40.725949,-73.998326,M21
307581,CHURCH AV/E 5 ST,40.644458,-73.975219,B35
306359,CRESCENT ST/JAMAICA AV,40.689202,-73.873875,B13
301576,SUTTER AV/PENNSYLVANIA AV,40.669366,-73.895667,B14
103969,GRAND CONCOURSE/E 170 ST,40.838994,-73.913297,BX1 BX2 Bx1 Bx2
307487,7 AV SERVICE RD SOUTH/77 ST,40.625286,-74.019489,B70
308084,4 AV/39 ST,40.652917,-74.005712,B70
350089,E 66 ST / BASSETT AV,40.609603,-73.907077,B100 BM1
400457,SAINT NICHOLAS AV/W 172 ST,40.843215,-73.938316,M3
301593,PITKIN AV/AMBOY ST,40.669124,-73.91492,B12 B14
303003,3 AV/92 ST,40.619129,-74.03298,B37
303732,THROOP AV/GATES AV,40.68756,-73.941781,B43
101728,ASCH LOOP/BARTOW AV,40.869347,-73.830642,BX23 BX26 BX28 BX30 Bx23 Bx26 Bx28 Bx30
306288,SHELL RD/AVENUE X,40.589732,-73.974303,B4 B90
103726,E 222 ST/BARNES AV,40.884605,-73.858431,BX8 Bx8
300293,BAY RIDGE PKWY/FORT HAMILTON PKWY,40.625839,-74.016671,B4
306205,MILL AV/AVENUE T,40.616783,-73.915464,B47
308100,8 AV/44 ST,40.644672,-73.999906,B70
303999,OCEAN AV / AVENUE J,40.625537,-73.956549,B49 BM1 BM3 BM4 T464
405341,2 AV/E 22 ST,40.737536,-73.981193,M15
103809,JEROME AV/E 161 ST,40.829736,-73.93051,BX13 BX6 Bx13 Bx6
302947,FULTON ST/BOND ST,40.689709,-73.983099,B25 B26 B38 B52
404085,12 AV/W 23 ST,40.748873,-74.008035,M23+ M23-SBS
100060,SEDGWICK AV/GILES PL,40.880924,-73.896698,BX1 BX2 BXM3 Bx1 Bx2 BxM3
300714,THOMAS S BOYLAND ST/DEAN ST,40.675255,-73.913774,B7
100590,BROADWAY/LAKEVIEW PL,40.898547,-73.896955,BX9 BXM3 Bx9 BxM3
402054,AVENUE C/E 20 ST,40.732795,-73.974542,M23+ M23-SBS M9
100044,GRAND CONCOURSE/E 187 ST,40.860569,-73.897865,BX1 BX2 Bx1 Bx2
100054,EAST MOSHOLU PKWY SOUTH/JEROME AV,40.879494,-73.8856,BX1 BX2 BX28 BX38 Bx1 Bx2 Bx28 Bx38
308577,BROADWAY/WYTHE AV,40.710673,-73.96693,B32 Q59
401994,E 116 ST/2 AV,40.796991,-73.937987,M116
102119,MORRIS AV/E 166 ST,40.830416,-73.915671,BX32 Bx32
306563,MCDONALD AV/ALBEMARLE RD,40.644796,-73.979879,B67 B69
301039,NEW LOTS AV/LINWOOD ST,40.667082,-73.881197,B15
102899,METROPOLITAN AV/MAPLE DR,40.839943,-73.857195,BX4A Bx4A
307532,FLATLANDS AV/AVENUE L,40.622937,-73.932716,B82
100337,STORY AV/BOLTON AV,40.824164,-73.859675,BX5 Bx5
101540,WHITE PLAINS RD/PELHAM PKWY,40.856843,-73.867681,BX39 Bx39 T117
402660,E 125 ST/5 AV,40.806201,-73.941853,M101 M125
402505,E 125 ST/MADISON AV,40.805979,-73.940999,M101 M125
301122,RALPH AV/EAST NEW YORK AV,40.666875,-73.922761,B15
301776,REMSEN AV/E 51 ST,40.66194,-73.930306,B17
300451,KINGS HWY/BEDFORD AV,40.612831,-73.949277,B7 B82
102066,E 233 ST/CARPENTER AV,40.894531,-73.860608,BX31 Bx31
401826,E 34 ST /3 AV,40.745599,-73.977973,BM5 M34+ M34-SBS M34A+ M34A-SBS
301675,DAHILL RD/12 AV,40.64585,-73.981164,B16
303230,FLATBUSH AV/AVENUE I,40.629409,-73.943955,B41
102986,VALENTINE AV/E 178 ST,40.849573,-73.900822,BX40 BX42 Bx40 Bx42
305479,HARWAY AV/27 AV,40.590341,-73.988424,B64
103781,GRAND CONCOURSE/CROSS BRONX EXPWY OVERPASS,40.845254,-73.910632,BX1 BX2 Bx1 Bx2
505250,11 ST/45 AV,40.747628,-73.949777,B32
301628,FORT HAMILTON PKWY/62 ST,40.632246,-74.006665,B16
100062,HEATH AV/SUMMIT PL,40.877891,-73.901519,BX1 BX2 Bx1 Bx2
402705,3 AV/E 112 ST,40.795775,-73.941518,M101 M102 M103
401624,COLUMBIA ST/RIVINGTON ST,40.71778,-73.979762,M14D+ M14D-SBS M21
303926,OCEAN AV /AVENUE K,40.62357,-73.955771,B49 BM1 BM3 BM4
402082,PARK ROW/SPRUCE ST,40.711867,-74.006112,BM1 BM2 BM3 BM4 M22
404864,HARRISON ST/WEST ST,40.718895,-74.012053,M20
301588,MOTHER GASTON BLVD/BELMONT AV,40.669326,-73.906658,B14
300530,AVENUE J/E 18 ST,40.62547,-73.958147,B11 B6
405182,FREDERICK DOUGLASS BLVD/W 125 ST,40.810331,-73.950969,M10
308857,NOSTRAND AV/AVENUE R,40.607249,-73.943139,B44 B44+ B44-SBS
101727,ASCH LOOP/ALCOTT PL,40.871552,-73.830462,BX23 BX26 BX28 BX30 BXM7 Bx23 Bx26 Bx28 Bx30 BxM7
400098,5 AV/W 125 ST,40.805922,-73.942725,BXM2 BXM3 BXM4 BxM2 BxM3 BxM4 M1
100069,RIVERDALE AV/W 236 ST,40.88695,-73.90696,BX7 Bx7
150125,W 230 ST/CORLEAR AV,40.879176,-73.909066,BXM1 BXM18 BXM2 BxM1 BxM18 BxM2
300119,OCEAN PKWY/NEPTUNE AV,40.58051,-73.967694,B1
301566,SUTTER AV/MONTAUK AV,40.672,-73.877796,B14
303471,NOSTRAND AV/LINDEN BLVD,40.652275,-73.949816,B44
102976,3 AV/WESTCHESTER AV,40.816626,-73.916626,BX21 BX41 Bx21 Bx41
102821,WEBSTER AV/E 170 ST,40.836305,-73.907476,BX41 Bx41
300224,AVENUE U/E 59 ST,40.614158,-73.915782,B3 B47
308725,FULTON ST/ASHLAND PL,40.68772,-73.978091,B38
305183,DRIGGS AV/GRAND ST,40.71363,-73.96005,B62
104093,E 163 ST/TRINITY AV,40.823129,-73.905286,BX6 Bx6
401596,AVENUE D/E 4 ST,40.721056,-73.978055,M14D+ M14D-SBS
300013,BRIGHTON BEACH AV/BRIGHTON 5 ST,40.577402,-73.962835,B1 B68
803193,AV A/E 14 ST,40.730267,-73.980555,L92
300621,AVENUE H / E 56 ST,40.633287,-73.922724,B103 B6 BM2
308910,FRANKLIN ST/CALYER ST,40.727084,-73.957278,B32
100583,BROADWAY/W 234 ST,40.881534,-73.90279,BX9 Bx9
300617,FLATLANDS AV/E 76 ST,40.63355,-73.916374,B6 B82
400088,MALCOLM X BLVD/W 145 ST,40.820359,-73.93646,BX92 M1 M102 M7
300817,18 AV/McDONALD AV,40.63058,-73.977328,B8
302294,BROADWAY/ROEBLING ST,40.709362,-73.960501,B32 B62 Q59
450420,CHURCH ST / BARCLAY ST,40.71266,-74.009635,BM1 BM2 BM3 BM4
300211,AVENUE U/BRAGG ST,40.600974,-73.936315,B3
306480,MEEKER AV/STEWART AV,40.72671,-73.934225,B48
300493,BAY PKWY/BATH AV,40.598676,-73.997292,B6 B82 B82+ B82-SBS
302737,CHURCH AV/E 96 ST,40.655549,-73.915813,B35
102675,EAST TREMONT AV/SILVER ST,40.843062,-73.848498,BX40 BX42 BX4A Bx40 Bx42 Bx4A
450104,MADISON AV/E 52 ST,40.75885,-73.97471,BXM10 BXM8 BxM10 BxM8 M1 M2
100138,GRAND CONCOURSE/E 149 ST,40.818702,-73.927286,BX1 Bx1
100842,PELHAM PKWY/WHITE PLAINS RD,40.857292,-73.867321,BX12 Bx12
301116,SAINT MARKS AV/ROCHESTER AV,40.673914,-73.927351,B15 B65
403846,8 AV/W  57 ST,40.76674,-73.982683,M10 M12
300010,BRIGHTON BEACH AV/BRIGHTON 14 ST,40.577957,-73.956381,B1
350106,EMMONS AV / NOSTRAND AV,40.583736,-73.939081,BM3
306921,LIVONIA AV/ASHFORD ST,40.666382,-73.883617,B84
101732,ERSKINE PL/EARHART LA,40.860826,-73.822669,BX26 BX28 BX30 Bx26 Bx28 Bx30
102151,JEROME AV/W 181 ST,40.855896,-73.905564,BX32 Bx32
301947,ASHFORD ST /LINDEN BLVD,40.662493,-73.880728,B20 B6 B84 BM5
303603,UTICA AV/AVENUE D,40.641743,-73.929131,B46 B46+ B46-SBS
104274,GEIGERICH PL/LOCUST POINT DR,40.816774,-73.800411,BX8 Bx8
303683,UTICA AV/WINTHROP ST,40.658046,-73.931185,B46 B46+ B46-SBS
100613,BROADWAY/LAKEVIEW PL,40.898713,-73.897286,BX9 BXM3 Bx9 BxM3
400071,CHURCH ST / LIBERTY ST,40.709803,-74.011469,BM1 BM2 BM3 BM4 X27 X28
402687,3 AV/E 65 ST,40.765599,-73.963509,M101 M102 M103
102602,PENNYFIELD AV/HARDING AV,40.816903,-73.809273,BX8 BXM9 Bx8 BxM9
306533,CADMAN PLAZA WEST/MONTAGUE ST,40.693473,-73.990373,B103 B52
308306,NEPTUNE AV/W 6 ST,40.580064,-73.974502,B68 B90
902100,FOOD CENTER DR/TERMINAL,40.810093,-73.876076,BX46 BX6 BX6+ Bx46 Bx6 Bx6-SBS
401139,GRAND ST/CLINTON ST,40.715758,-73.986415,L92 M14A+ M14A-SBS
303329,AVENUE N/E 54 ST,40.619147,-73.922663,B41
101160,BOSTON RD/CONNER ST,40.885811,-73.828096,BX16 BX30 Bx16 Bx30
308219,BATH AV/15 AV,40.607828,-74.012828,B64
401404,10 AV/W 34 ST,40.754475,-73.999157,M11
102206,E 138 ST/CYPRESS AV,40.805785,-73.914832,BX33 Bx33
901830,NEW LOTS AV/VAN SICLEN AV,40.664056,-73.888206,B99
802137,HUGH GRANT CIRCLE/CROSS BRONX EXPWY SERVICE RD,40.832718,-73.860488,BX11 Bx11
101687,JEROME AV/E 196 ST,40.869163,-73.896059,BX28 BX38 Bx28 Bx38
503643,62 ST/MYRTLE AV,40.700794,-73.89328,B13
405480,3 AV/E 57 ST,40.76014,-73.967523,M101 M102 M103
405586,11 AV/W 44 ST,40.762035,-73.997557,M12
305763,CONEY ISLAND AV/AVENUE U,40.598405,-73.961337,B68
300171,AVENUE R/E 32 ST,40.611251,-73.937836,B2
101759,ALLERTON AV/FISH AV,40.865312,-73.847149,BX25 BX26 Bx25 Bx26
304209,GATES AV/THROOP AV,40.687251,-73.941654,B52
102622,HARDING AV/CALHOUN AV,40.815624,-73.817984,BX42 Bx42
301755,EAST NEW YORK AV/SCHENECTADY AV,40.66261,-73.934919,B17
405072,BROADWAY/TIEMANN PL,40.814899,-73.95853,M104 M4
100152,UNIVERSITY AV/WEST TREMONT AV,40.850268,-73.915494,BX3 BX36 Bx3 Bx36
306847,ASHFORD ST/WORTMAN AV,40.659801,-73.878726,B20 B6 B84
400632,FORT WASHINGTON AV/W 183 ST,40.852396,-73.937654,M4 M98
302282,KINGSLAND AV/MASPETH AV,40.715886,-73.940115,B24
303532,WASHINGTON AV/DEAN ST,40.679483,-73.964164,B45
100559,E 180 ST/DALY AV,40.844777,-73.881784,BX40 BX42 BX9 Bx40 Bx42 Bx9
103166,CLARENCE AV/PHILIP AV,40.831259,-73.816395,BX8 Bx8
302781,39 ST/5 AV,40.651232,-74.003752,B35 B70
300758,KINGS HWY/E 92 ST,40.65604,-73.921512,B7
306198,RALPH AV/FLATLANDS AV,40.631281,-73.918616,B47
101723,CO-OP CITY BLVD/CARVER LOOP,40.879393,-73.825075,BX23 BX25 BX28 BX30 BX38 BXM7 Bx23 Bx25 Bx28 Bx30 Bx38 BxM7 Q50
450391,WATER ST / COENTIES SLIP EAST,40.70323,-74.010937,BM1 BM2 BM3 BM4
302957,3 AV/UNION ST,40.67811,-73.985687,B37
308101,8 AV/43 ST,40.644794,-73.999911,B70
300568,FLATLANDS AV/REMSEN AV,40.640161,-73.906024,B6 B82 B82+ B82-SBS
303308,FLATBUSH AV/CATON AV,40.652597,-73.959366,B41
400337,E 8 ST/MERCER ST,40.730576,-73.99259,M1 M2 M3 M55 M8
303670,MALCOLM X BLVD/DECATUR ST,40.681627,-73.928886,B46
400316,5 AV/W 56 ST,40.762175,-73.974612,M1 M2 M3
400290,CENTRAL PARK NORTH/ADAM C POWELL BLVD,40.799173,-73.95486,M2 M3 M4
302789,W 33 ST/BAY VIEW AV,40.580685,-74.000763,B36 B74
306944,FLATLANDS AV/E 98 ST,40.643994,-73.900251,B60
104323,E 163 ST/INTERVALE AV,40.82094,-73.896667,BX6 BX6+ Bx6 Bx6-SBS
402215,E 57 ST / 3 AV,40.760058,-73.96725,BM1 BM2 BM3 BM4 BM5 M31 M57 QM63 QM64 QM68
100319,PELHAM PKWY/ST PAUL AV,40.855472,-73.830704,BX12 Bx12
304665,FLUSHING AV/BEAVER ST,40.70119,-73.93958,B57
404327,PEARL ST / PEARL ST,40.710832,-74.000822,M15
100324,BRUCKNER BLVD/MIDDLETOWN RD,40.844904,-73.826192,BX5 Bx5
803054,E 126 ST/2 AV,40.80315,-73.932264,M15 M15+ M15-SBS
102049,EASTCHESTER RD/HAMMERSLEY AV,40.871651,-73.843579,BX31 Bx31
401502,9 AV/W 30 ST,40.75072,-73.998371,M11
307152,MYRTLE AV/VANDERBILT AV,40.693235,-73.970746,B54
101063,3 AV/E 154 ST,40.818704,-73.914396,BX15 BX21 Bx15 Bx21
102386,E 174 ST/LONGFELLOW AV,40.835974,-73.883921,BX11 Bx11
303808,CLASSON AV/LAFAYETTE AV,40.688776,-73.959918,B48
104035,WEST FARMS RD/E 167 ST,40.82707,-73.889631,BX35 Bx35
402623,BROADWAY/W 187 ST,40.853917,-73.933943,BX7 Bx7 M100
305013,S 4 ST/HEWES ST,40.70797,-73.952029,B60
984071,MORRIS PARK AV/1300 MORRIS PARK AV,40.851023,-73.845688,BXM10 BxM10
103665,E 229 ST/E 229 DR S,40.886176,-73.845255,BX31 Bx31
303947,ROGERS AV/FENIMORE ST,40.658828,-73.95326,B49
300831,ROGERS AV/FOSTER AV,40.638798,-73.951109,B49 B8
400358,MADISON AV/E 45 ST,40.755015,-73.977583,BXM3 BXM4 BxM3 BxM4 M3 M4
303853,LORIMER ST/MEEKER AV,40.716994,-73.949923,B48
307953,W 5 ST/WEST BRIGHTON AV,40.576301,-73.972971,B36
401047,MALCOLM X BLVD/W 119 ST,40.804171,-73.947943,M102 M7
350084,E 105 ST / AVENUE M,40.641133,-73.887654,B103 BM2
301742,REMSEN AV/FOSTER AV,40.645197,-73.911336,B17
401343,CENTRAL PARK WEST/W 72 ST,40.776132,-73.976188,M10
303547,SAINT JOHNS PL/SCHENECTADY AV,40.670665,-73.933844,B45
401239,8 AV/W 52 ST,40.763788,-73.984867,M104 M20
305678,7 AV/11 ST,40.665459,-73.982889,B67 B69
100531,BRONXWOOD AV/ADEE AV,40.869254,-73.861565,BX8 Bx8
103674,DREISER LOOP / DEFOE PL,40.875965,-73.829432,BX23 BX25 BX28 BX30 BX38 BXM7 Bx23 Bx25 Bx28 Bx30 Bx38 BxM7
100823,CITY ISLAND AV / DITMARS ST,40.849494,-73.787585,BX29 BXM8 Bx29 BxM8
403154,BROADWAY/W 102 ST,40.798434,-73.969289,M104
305099,VAN BRUNT ST/VERONA ST,40.680191,-74.009468,B61
101250,PROSPECT AV/E 166 ST,40.825398,-73.899317,BX17 Bx17
301531,POWELL ST/DUMONT AV,40.6654,-73.902785,B14
305626,7 AV/PROSPECT AV,40.661697,-73.985795,B67 B69
300737,SARATOGA AV/BAINBRIDGE ST,40.682281,-73.917127,B7
450123,5 AV/W 50 ST,40.758663,-73.977155,M1 M2 M3
405003,E 92 ST/YORK AV,40.779755,-73.944535,M31 M86+ M86-SBS
901773,BROADWAY/HOOPER ST,40.707047,-73.954089,B106
303223,FLATBUSH AV/FLATLANDS AV,40.621551,-73.935578,B41 B9
300564,FLATLANDS AV/E 82 ST,40.636307,-73.911845,B6 B82
306340,BEDFORD AV/CAMPUS RD,40.631963,-73.952858,B11 B6
307256,FULTON ST/HOWARD AV,40.678615,-73.918564,B25
102059,E 229 ST/SCHIEFFELIN AV,40.885334,-73.843395,BX31 Bx31
403910,W 165 ST/AMSTERDAM AV,40.837687,-73.93804,M2
308364,GREENPOINT AV/FRANKLIN ST,40.729908,-73.958027,B24
405527,4 AV/E 10 ST,40.731354,-73.990292,M1 M2 M3
300077,BAY RIDGE AV/5 AV,40.633496,-74.02121,B64
302948,FULTON ST/FLATBUSH AV EXT,40.688965,-73.981252,B25 B26 B38 B52
403832,FREDERICK DOUGLASS BLVD/W 138 ST,40.818645,-73.944849,M10
401727,1 AV/E 116 ST,40.796303,-73.935089,M116 M15 M15+ M15-SBS
801195,kings hwy/e 35 st,40.620224,-73.94143,B82+ B82-SBS
400224,CENTRAL PARK NORTH/MALCOLM X BLVD,40.798395,-73.952601,M2 M3 M4
405124,SOUTH END AV/GATEWAY PLAZA,40.710619,-74.016257,M20
303830,LORIMER ST/DRIGGS AV,40.721633,-73.95054,B48
404165,W 207 ST/10 AV,40.864244,-73.918515,BX12 BX12+ Bx12 Bx12-SBS
405120,GREENWICH ST/HORATIO ST,40.738674,-74.006416,M11
405434,10 AV/W 215 ST,40.869287,-73.915263,M100
300033,86 ST/24 AV,40.599207,-73.989229,B1
304406,MYRTLE AV/BUSHWICK AV,40.697313,-73.931794,B54
300440,KINGS HWY/MCDONALD AV,40.604153,-73.972421,B82 B82+ B82-SBS B90
100472,RIVERDALE AV/W 256 ST,40.90409,-73.905127,BX10 BX7 BXM1 BXM18 BXM2 Bx10 Bx7 BxM1 BxM18 BxM2
305810,VANDERBILT AV/DE KALB AV,40.68935,-73.969,B69
103947,WEST FORDHAM RD/CEDAR AV,40.861666,-73.911486,BX12 BX12+ Bx12 Bx12-SBS
802080,CROTONA AV/TREMONT AV,40.845322,-73.891254,BX17 Bx17
400120,5 AV/E 81 ST,40.778479,-73.962774,BXM2 BxM2 M1 M2 M3 M4
305043,WILSON AV/GREENE AV,40.697289,-73.919863,B60
104251,E 138 ST/WALNUT AV,40.803107,-73.908753,BX33 Bx33
308186,MANHATTAN AV/INDIA ST,40.732637,-73.954599,B43 B62
305410,ATLANTIC AV/NEVINS ST,40.68592,-73.982507,B63 B65
306218,VAN SICLEN AV/COZINE AV,40.656615,-73.882654,B83
100808,PELHAM PKWY/WHITE PLAINS RD,40.856715,-73.867834,BX12 Bx12
400265,EDGECOMBE AV/W 160 ST,40.833653,-73.938817,M2
401989,W 116 ST/5 AV,40.800666,-73.94671,M102 M116
102671,EAST TREMONT AV/DUDLEY AV,40.839515,-73.836621,BX40 BX42 Bx40 Bx42
305858,PROSPECT PARK WEST/19 ST,40.65694,-73.983781,B61
104308,WEBSTER AV/E 179 ST,40.850311,-73.899501,BX41 Bx41
404170,W 207 ST/10 AV,40.864421,-73.918721,BX12 BX12+ Bx12 Bx12-SBS
302252,WEST ST/KENT ST,40.730348,-73.959276,B24
308318,MCDONALD AV/AVENUE X,40.590454,-73.974029,B90
901145,BEARD ST/OTSEGO ST,40.672325,-74.011323,B57
101193,BAINBRIDGE AV/JEROME AV,40.886691,-73.877897,BX16 BX34 BXM4 Bx16 Bx34 BxM4
104502,FOOD CENTER DR/BALDOR,40.810311,-73.874247,BX46 BX6 BX6+ Bx46 Bx6 Bx6-SBS
305141,DIVISION AV/BERRY ST,40.70716,-73.96598,B62
401265,CENTRAL PARK WEST/W 108 ST,40.799706,-73.958746,M10
301100,MARCUS GARVEY BLVD/LAFAYETTE AV,40.690883,-73.939701,B15
405358,LEXINGTON AV/E 85 ST,40.779281,-73.955768,M101 M103
101696,ALLERTON AV/BRONX PARK EAST,40.865322,-73.869932,BX25 BX26 Bx25 Bx26
104657,E 180 ST/MORRIS PARK AV,40.840796,-73.87274,BX40 BX42 Bx40 Bx42
308039,FORT HAMILTON PKWY/95 ST,40.615101,-74.029071,B8
306466,DE KALB AV/MARCUS GARVEY BLVD,40.692704,-73.939907,B38
100090,SEDGWICK AV/STEVENSON PL 1,40.882913,-73.894366,BX1 BX2 Bx1 Bx2
306551,MCDONALD AV/ALBEMARLE RD,40.645476,-73.979895,B67 B69
301549,SUTTER AV/FOUNTAIN AV,40.672353,-73.874256,B14
400039,MADISON AV/E 93 ST,40.785636,-73.955205,M1 M2 M3 M4
904918,E 92 ST/YORK AV,40.779873,-73.944774,M31
901055,SMITH ST/LIVINGSTON ST,40.690715,-73.987693,B61 B65
100131,GRAND CONCOURSE/E 165 ST,40.831124,-73.920651,BX1 BX2 BXM4 Bx1 Bx2 BxM4
301286,49 ST/18 AV,40.628542,-73.981288,B11
302878,3 AV/86 ST,40.623772,-74.030832,B37
300357,EMMONS AV / E 26 ST,40.583864,-73.942887,B4 BM3
101162,HOLLERS AV/ROPES AV,40.888055,-73.81792,BX16 Bx16
100644,E 180 ST/MOHEGAN AV,40.845561,-73.883747,BX9 Bx9
308359,V A HOSPITAL/BAY 2,40.608332,-74.023352,B8
400448,SAINT NICHOLAS AV/W 192 ST,40.856246,-73.928691,M3
300488,BAY PKWY/79 ST,40.605937,-73.989707,B6 B82 B82+ B82-SBS
303609,UTICA AV/LINDEN BLVD,40.65417,-73.930519,B46
101769,ALLERTON AV/WHITE PLAINS RD,40.865506,-73.867871,BX25 BX26 Bx25 Bx26
103910,E 163 ST/3 AV,40.824299,-73.909103,BX13 BX6 BX6+ Bx13 Bx6 Bx6-SBS
101061,3 AV/E 158 ST,40.821236,-73.912453,BX15 BX21 Bx15 Bx21
308774,MYRTLE AV/MARCY AV,40.695398,-73.949412,B54
450048,3 AV/E 41 ST,40.749971,-73.974926,BXM1 BxM1
150022,BOSTON RD/THWAITES PL,40.858387,-73.867748,BX30 BXM11 Bx30 BxM11
401252,CENTRAL PARK WEST/W 81 ST,40.78223,-73.97152,M10
300378,AVENUE Z/WEST ST,40.586331,-73.969315,B4
103920,BOSTON RD/E 168 ST,40.829837,-73.901833,BX21 Bx21
302844,AVENUE Z/HUBBARD ST,40.587055,-73.96328,B36
300799,18 AV/81 ST,40.610167,-73.999132,B8
308686,SANDS ST/NAVY ST,40.699654,-73.980579,B67
306156,RALPH AV/AVENUE K,40.62701,-73.917975,B47
400061,W 139 ST/5 AV,40.815616,-73.936283,M1
901475,GATEWAY PLAZA 2/BAY 2,40.652687,-73.876588,B13 B83
307894,OCEAN AV / AVENUE U,40.599136,-73.951547,B102 B49 BM3 T464
102734,WEBSTER AV/E 173 ST,40.843041,-73.903506,BX41 Bx41
303385,NEW YORK AV/AVENUE D,40.641022,-73.94553,B44 B96
402697,3 AV/E 91 ST,40.782086,-73.951458,BXM1 BxM1 M101 M102 M103
306114,DWIGHT ST/DIKEMAN ST,40.674574,-74.010824,B57 B61
302833,NOSTRAND AV/AVENUE Y,40.591347,-73.940284,B36 B44
902030,SOUTHERN BLVD/BOTANICAL GARDENS,40.861203,-73.880674,BX19 Bx19
304205,GATES AV/MALCOLM X BLVD,40.68853,-73.930617,B52
305838,VANDERBILT AV/ATLANTIC AV,40.681922,-73.967541,B69
103161,EDGEWATER PARK/EDGEWATER PARK OVAL,40.822635,-73.81103,BX8 BXM9 Bx8 BxM9
104280,SAINT ANN'S AV/E 146 ST,40.81198,-73.914225,BX17 Bx17
306855,ASHFORD ST /LINDEN BLVD,40.662645,-73.880638,B20 B6 B84 BM5
301547,SUTTER AV/ATKINS AV,40.671854,-73.877952,B14
300178,AVENUE R/BEDFORD AV,40.606955,-73.947815,B2 B31
306454,CHURCH AV/E 93 ST,40.653939,-73.918309,B35 B8
100344,STORY AV/BOYNTON AV,40.821762,-73.877189,BX5 Bx5
404008,AMSTERDAM AV/W 190 ST,40.853438,-73.927069,M101
302478,HALSEY ST/EVERGREEN AV,40.688769,-73.912155,B26
405420,E 125 ST/2 AV,40.802838,-73.933881,M125 M35
306420,AVENUE H / E 56 ST,40.633178,-73.922408,B103 B6 BM2
104368,WESTCHESTER AV/LANE AV,40.839766,-73.843223,BX21 Bx21 T103
300094,86 ST/13 AV,40.613803,-74.013665,B1 B64
308480,SHORE PKWY/BRIGHAM ST,40.585495,-73.931629,B44 B44+ B44-SBS
306567,AVENUE Z/E 28 ST,40.589322,-73.941402,B36
305215,COURT ST/ATLANTIC AV,40.689856,-73.992366,B57
307119,WORTMAN AV/VAN SICLEN AV,40.657472,-73.883656,B20
103489,SEDGWICK AV/W 231 ST,40.875672,-73.900564,BX3 Bx3
401708,1 AV/E 70 ST,40.766741,-73.956738,M15
902211,EAST GUN HILL RD/SEYMOUR AV,40.870364,-73.845979,BX28 BX38 Bx28 Bx38
302315,METROPOLITAN AV/UNION AV,40.714022,-73.951176,B24 L90
450446,5 AV/E 85 ST,40.78078,-73.961086,BXM10 BXM11 BXM6 BXM7 BXM8 BXM9 BxM10 BxM11 BxM6 BxM7 BxM8 BxM9
307311,AVENUE U/E 38 ST,40.607522,-73.925925,B3
101563,CASTLE HILL AV/LACOMBE AV,40.817004,-73.847699,BX22 Bx22
101461,BOSTON RD/E 166 ST,40.827073,-73.905269,BX21 Bx21
300132,ORIENTAL BLVD/OCEAN AV,40.577327,-73.947381,B1 B49
308255,3 AV/72 ST,40.634093,-74.02664,B37
401840,E 34 ST/3 AV,40.746026,-73.97858,BM5 M34+ M34-SBS M34A+ M34A-SBS QM1 QM10 QM12 QM2 QM20 QM24 QM4 QM5 QM6
306261,VANDALIA AV/VAN SICLEN AV,40.653673,-73.881875,B83 BM5
150036,BRUCKNER BLVD/TREMONT AV,40.833218,-73.828722,BXM8 BxM8 Q50
400133,5 AV/W 47 ST,40.756592,-73.978751,M1 M2 M3 Q32
300691,KINGS HWY/AVENUE D,40.642247,-73.925316,B7
103353,ROSEDALE AV/LAFAYETTE AV,40.82123,-73.866687,BX27 Bx27
101771,KAZIMIROFF BLVD/BOTANICAL GARDENS,40.86688,-73.880788,BX25 BX26 Bx25 Bx26
301179,50 ST/16 AV,40.630239,-73.985805,B11
103501,WHITE PLAINS RD/NEREID AV,40.898664,-73.854339,BX39 BXM11 Bx39 BxM11 T117
308301,NEPTUNE AV/W 12 ST,40.579404,-73.979394,B68
101036,3 AV/E 180 ST,40.850925,-73.893834,BX15 Bx15
306173,CLARKSON AV/E 92 ST,40.658803,-73.923614,B47
402707,3 AV/E 118 ST,40.799578,-73.938718,M101 M103
103556,MORRIS AV/E 144 ST,40.815293,-73.923974,BX32 Bx32
300012,BRIGHTON BEACH AV/CONEY ISLAND AV,40.577968,-73.960253,B1 B102 B68 T464
305699,CONEY ISLAND AV/AVENUE X,40.591965,-73.960573,B68
400031,MADISON AV/E 74 ST,40.77345,-73.964142,M1 M2 M3 M4
301189,CONEY ISLAND AV/AVENUE I,40.626702,-73.965676,B11 B68
305040,WILSON AV/SUYDAM ST,40.700229,-73.925,B60
504109,PUTNAM AV/FOREST AV,40.705216,-73.901966,B13 B20 Q58 Q98
102985,WHITE PLAINS RD/LAFAYETTE AV,40.822144,-73.858232,BX36 BX39 BX5 Bx36 Bx39 Bx5
300838,AVENUE D/E 39 ST,40.641439,-73.939497,B8
401096,COLUMBUS AV/W 78 ST,40.780996,-73.976309,M11 M7
101154,E 233 ST/BAYCHESTER AV,40.888451,-73.841455,BX16 Bx16
402679,3 AV/E 42 ST,40.751085,-73.974122,M101 M102 M103
405299,W 58 ST/BROADWAY,40.767155,-73.981981,M12
504435,GREENPOINT AV/BORDEN AV,40.736716,-73.93162,B24
102030,BAINBRIDGE AV/E 206 ST,40.87506,-73.879546,BX10 BX16 Bx10 Bx16
302856,MERMAID AV/W 17 ST,40.576647,-73.985165,B74
401740,2 AV/E 119 ST,40.798669,-73.93661,M15
306589,FLATLANDS AV/ROCKAWAY PKWY,40.643623,-73.900785,B17 B82
450093,MADISON AV/E 37 ST,40.749401,-73.98165,BXM10 BxM10
303627,MALCOLM X BLVD/GATES AV,40.688899,-73.930162,B46+ B46-SBS
308266,3 AV/72 ST,40.633684,-74.026925,B37
504105,FRESH POND RD/CATALPA AV,40.704114,-73.895669,B13 B20 QM24 QM25 QM34
403695,W 145 ST/AMSTERDAM AV,40.825231,-73.947373,BX19 Bx19
401772,2 AV/E 39 ST,40.747638,-73.97388,M15
302592,GERRITSEN AV / GOTHAM AV,40.592009,-73.924272,B31 BM4
101490,STARLING AV/PURDY ST,40.83634,-73.853098,BX22 Bx22
405092,MANHATTAN AV/W 113 ST,40.803344,-73.957959,M116 M3 M7
300883,CONEY ISLAND AV/NEWKIRK AV,40.633998,-73.967138,B68 B8
404936,PARK AV SOUTH/E 18 ST,40.736788,-73.988625,M1 M2 M3
303357,ROCKAWAY PKWY/AVENUE N,40.63545,-73.891382,B42
303323,FLATBUSH AV/FLATLANDS AV,40.620949,-73.935247,B41 B9
103529,WEST BURNSIDE AV/SEDGWICK AV,40.854796,-73.91657,BX40 BX42 Bx40 Bx42
307541,FULTON ST/MARCUS GARVEY BLVD,40.679832,-73.937977,B25
308157,FLUSHING AV/CYPRESS AV,40.709611,-73.921545,B57
102578,EAST TREMONT AV/OVERING ST,40.843027,-73.847942,BX40 BX42 BX4A Bx40 Bx42 Bx4A
300277,AVENUE U/W 10 ST,40.596109,-73.981686,B3
101724,CO-OP CITY BLVD/BELLAMY LOOP NORTH,40.873841,-73.824577,BX23 BX25 BX28 BX38 BXM7 Bx23 Bx25 Bx28 Bx38 BxM7 Q50
300957,OCEAN AV/AVENUE M,40.618887,-73.954963,B49 B9 T464
150166,CO-OP CITY BLVD/DREISER LOOP,40.878657,-73.828142,BX30 Bx30 Q50
403112,BROADWAY/W 93 ST,40.792967,-73.972806,M104
100328,BRUCKNER BLVD/BAISLEY AV,40.837186,-73.825896,BX5 BXM8 Bx5 BxM8 Q50
450367,BATTERY PL/WASHINGTON ST,40.704768,-74.01555,M20 X27 X28
102285,E 167 ST/FINDLAY AV,40.831039,-73.912926,BX35 Bx35
307809,RODNEY ST/GRAND ST,40.711723,-73.954316,B24
101218,CROTONA AV/CLAREMONT PKWY,40.83641,-73.897722,BX17 Bx17
103125,MELROSE AV/E 160 ST,40.823727,-73.914192,BX41+ Bx41-SBS
307313,POLY PL/VETERANS HOSPITAL,40.607339,-74.020721,B8
403295,BROADWAY/W 190 ST,40.85622,-73.933026,BX7 Bx7 M100
302759,CHURCH AV/FLATBUSH AV,40.650341,-73.959407,B35
306716,FLATBUSH AV/GRAND ARMY PLAZA,40.672222,-73.969008,B41
100811,PELHAM PKWY/WILLIAMSBRIDGE RD,40.857026,-73.85623,BX12 BX12+ Bx12 Bx12-SBS
401754,2 AV/E 84 ST,40.776302,-73.952953,M15
307482,AVENUE J/CONEY ISLAND AV,40.624846,-73.964992,B11 B6
450035,MADISON AV/E 70 ST,40.770392,-73.96637,BXM11 BXM3 BXM4 BxM11 BxM3 BxM4
104068,HUGH J GRANT CIR/CROSS BRONX SERVICE RD,40.833592,-73.861187,BX11 BX4 BX4A Bx11 Bx4 Bx4A Q44+ Q44-SBS
104113,CO-OP CITY BLVD/BAY PLAZA BLVD,40.868138,-73.826902,BX25 BX38 Bx25 Bx38
306696,THORNTON ST/THROOP AV,40.700619,-73.944255,B43
304995,WILSON AV/DE KALB AV,40.699871,-73.924157,B60
308449,CRESCENT ST/MCKINLEY AV,40.67976,-73.871,B13
550671,21 ST/41 AV,40.754074,-73.942414,B62 Q100 Q66 Q69 Q96
100744,W 170 ST/EDWARD L GRANT HWY,40.840265,-73.921646,BX18A Bx18A
402677,3 AV/E 37 ST,40.747988,-73.97637,M101 M102 M103
302610,GERRITSEN AV/AVENUE V,40.60005,-73.93299,B31 BM4
307200,BAY RIDGE AV/NARROWS AV,40.638,-74.03353,B64 B9
305211,JAY ST/FULTON ST,40.691633,-73.987375,B57 B67
302416,FULTON ST/BEDFORD AV,40.680795,-73.953757,B25 B49
403530,W 34 ST/DYER AV,40.754416,-73.998474,M34+ M34-SBS
101177,BAYCHESTER AV/PITMAN AV,40.896567,-73.844945,BX16 Bx16
400043,MADISON AV/E 102 ST,40.791371,-73.951022,M1 M106 M2 M3 M4
308314,LINDEN BLVD/THOMAS BOYLAND ST,40.654434,-73.909594,B8
101478,CASTLE HILL AV/NORTON AV,40.814728,-73.846917,BX22 Bx22
307572,GREENE AV/CLASSON AV,40.687391,-73.960122,B52
307075,60 ST/BAY PKWY,40.616964,-73.978741,B9
100485,BROADWAY/W 225 ST,40.87436,-73.91019,BX20 BX7 Bx20 Bx7
103543,WESTCHESTER AV/DORIS ST,40.835231,-73.848662,BX4 Bx4
403216,E 34 ST/2 AV,40.74504,-73.976264,M34+ M34-SBS M34A+ M34A-SBS
400115,5 AV/E 94 ST,40.786559,-73.956865,M1 M2 M3 M4
401806,WORTH ST/CENTRE ST,40.715354,-74.002503,M22
403372,COLUMBUS AV/W 75 ST,40.779052,-73.977743,M11 M7
300242,AVENUE U / E 66 ST,40.617336,-73.911126,B100 B3
903088,DELANCEY ST/COLUMBIA ST,40.716404,-73.980285,M14D+ M14D-SBS
901445,SHORE RD/4 AV,40.611716,-74.035076,B16 B37
303595,UTICA AV/AVENUE K,40.625699,-73.927479,B46+ B46-SBS
308259,3 AV/BALTIC ST,40.681718,-73.982998,B103 B37
300065,BAY RIDGE AV/RIDGE BLVD,40.636711,-74.029008,B64 B9
405343,2 AV/E 41 ST,40.749242,-73.972721,M15
100014,BEDFORD PK BLVD/GRAND CONCOURSE,40.872562,-73.888156,BX25 BX26 Bx25 Bx26
303394,NEW YORK AV/WINTHROP ST,40.657582,-73.947307,B44 B96
307004,EASTERN PKWY/UTICA AV,40.668537,-73.931235,B14 B17
306862,GERRITSEN AV / BATCHELDER ST,40.605967,-73.939861,B31 BM4
100089,SEDGWICK AV/GILES PL,40.881547,-73.89643,BX1 BX2 BXM3 Bx1 Bx2 BxM3
104554,WEBSTER AV/CLAREMONT PKWY,40.841814,-73.904078,BX41+ Bx41-SBS
300153,AVENUE R/E 36 ST,40.612882,-73.935039,B2
300638,BEDFORD AV/GLENWOOD RD,40.633085,-73.953001,B11 B6
103701,WHITE PLAINS RD/BRUCKNER BLVD,40.826428,-73.859856,BX36 BX39 Bx36 Bx39
103075,SEDGWICK AV/WEST TREMONT AV,40.852777,-73.918604,BX18B Bx18B
301962,PENNSYLVANIA AV/LIVONIA AV,40.665216,-73.894109,B20 B83
400118,5 AV/E 87 ST,40.782189,-73.960033,BXM3 BXM4 BxM3 BxM4 M1 M2 M3 M4
307553,FRANKLIN AV/GREENE AV,40.687399,-73.956963,B48 B52
401608,8 AV/BLEECKER ST,40.737379,-74.004929,L92 M14A+ M14A-SBS M20
302413,FULTON ST/TOMPKINS AV,40.680063,-73.943102,B25
983012,E 16 ST / KINGS HWY,40.608935,-73.957405,B100
401315,FREDERICK DOUGLASS BLVD/W 133 ST,40.814919,-73.947829,M10
503792,LINDEN BLVD/79 ST,40.670625,-73.85657,B15 BM5
300043,86 ST/15 AV,40.611706,-74.009829,B1
300749,SARATOGA AV/BLAKE AV,40.664381,-73.916275,B7
901172,pearl st/prospect st,40.700316,-73.987811,B67
902079,macombs/bridge ap,40.827866,-73.93063,BX6 Bx6
303738,THROOP AV/PARK AV,40.698563,-73.943925,B43
101747,DREISER LOOP/DEBS PL,40.876805,-73.828439,BX23 BX25 BX28 BX30 BX38 Bx23 Bx25 Bx28 Bx30 Bx38
308863,FLATLANDS AV/E 81 ST,40.635918,-73.912525,B82
104257,BAYCHESTER AV/STRANG AV,40.890232,-73.842718,BX16 Bx16
400486,CENTRAL PARK NORTH/CENTRAL PARK WEST,40.800357,-73.957727,M3 M4
304664,FLUSHING AV/BROADWAY,40.700651,-73.942056,B43 B57
300307,STILLWELL AV/KINGS HWY,40.606167,-73.987168,B4
405612,1 AV/E 97 ST,40.784147,-73.943991,M15
902023,WESTCHESTER AV/EAST TREMONT AV,40.840747,-73.841989,BX24 Bx24
302810,AVENUE Z/OCEAN PKWY,40.586675,-73.965476,B36
402538,BROADWAY/W 181 ST,40.850064,-73.935752,BX7 Bx7 M100
305087,E 108 ST/GLENWOOD RD,40.65067,-73.894445,B60
308187,MANHATTAN AV/CLAY ST,40.736393,-73.955196,B43
550462,WOODHAVEN BLVD/63 DR,40.722715,-73.867426,BM5 Q11 QM15
702305,ROCKAWAY PKWY/RUTLAND RD,40.664203,-73.923659,B99
301575,SUTTER AV/VERMONT ST,40.669658,-73.893712,B14
301332,EAST NEW YORK AV/RALPH AV,40.666947,-73.922893,B12 B47
102621,HARDING AV/EAST TREMONT AV,40.81609,-73.81539,BX40 BXM9 Bx40 BxM9
301064,RALPH AV/EAST NEW YORK AV,40.666994,-73.922658,B15
402624,BROADWAY/W 185 ST,40.852515,-73.934671,BX7 Bx7 M100
901258,PALMETTO ST/SAINT NICHOLAS AV,40.700503,-73.91004,B52 B54
301099,MARCUS GARVEY BLVD/DE KALB AV,40.692355,-73.939992,B15
302367,FULTON ST/ROCKWELL PL,40.687969,-73.978767,B25 B26
306461,BROADWAY/BEDFORD AV,40.710192,-73.963556,B32 Q59
307214,KINGSLAND AV/LOMBARDY ST,40.721524,-73.940907,B24
505218,PALMETTO ST/SAINT NICHOLAS AV,40.700419,-73.910235,B52 B54
300452,KINGS HWY/E 27 ST,40.614047,-73.947586,B7 B82
350149,GLENWOOD RD / E 80 ST,40.636998,-73.915156,B103 BM2
300002,ORIENTAL BLVD/JAFFRAY ST,40.578066,-73.943029,B1 B49
400250,EDGECOMBE AV/W 160 ST,40.834045,-73.938133,M2
305806,VANDERBILT AV/PACIFIC ST,40.681238,-73.967457,B69
100018,PAUL AV/WEST MOSHOLU PKWY SOUTH,40.880392,-73.886081,BX10 BX28 BX38 Bx10 Bx28 Bx38
303239,FLATBUSH AV/TILDEN AV,40.64689,-73.958018,B41
301881,WYCKOFF AV/HARMAN ST,40.702268,-73.916072,B13
401036,W 106 ST/AMSTERDAM AV,40.800184,-73.965359,M116 M7
308970,AVENUE U/W 8 ST,40.596283,-73.979251,B3
307820,DEAN ST/NOSTRAND AV,40.676827,-73.949985,B65
403380,DELANCEY ST/COLUMBIA ST,40.71645,-73.980468,M14D+ M14D-SBS M21
100809,PELHAM PKWY/MULINER AV,40.856878,-73.861761,BX12 Bx12
401282,FREDERICK DOUGLASS BLVD/W 143 ST,40.821759,-73.942574,M10
103902,WHITE PLAINS RD/ARCHER ST,40.838162,-73.863537,BX36 BX39 Bx36 Bx39
307920,KINGS PLAZA/AVENUE U,40.609564,-73.921817,B46 B46+ B46-SBS
103911,HUNTS POINT AV/SOUTHERN BLVD,40.820553,-73.891175,BX5 Bx5 T102
402670,3 AV/E 17 ST,40.735511,-73.985465,M101 M102 M103
402772,AMSTERDAM AV/W 172 ST,40.842043,-73.935378,M101
104256,MUNDY LA/NEREID AV,40.900501,-73.839901,BX16 Bx16
301714,SHORE RD/88 ST,40.624295,-74.040876,B16 X27 X37
303558,SAINT JOHNS PL/BUFFALO AV,40.670383,-73.925993,B45
300560,FLATLANDS AV/RALPH AV,40.632435,-73.917964,B6 B82 B82+ B82-SBS
400028,MADISON AV/E 67 ST,40.768812,-73.967483,M1 M2 M3 M4
350105,EMMONS AV / COYLE ST,40.583948,-73.934113,BM3
303569,STERLING PL/BEDFORD AV,40.672865,-73.954732,B45
305286,BOX ST/MANHATTAN AV,40.737197,-73.955757,B43
308664,VANDALIA AV/ERSKINE ST,40.657724,-73.868357,B13 B84 Q8
102086,EASTCHESTER RD/BOSTON RD,40.877142,-73.846553,BX31 Bx31
303372,NOSTRAND AV/MARINE PKWY,40.614446,-73.944373,B44
401094,COLUMBUS AV/W 84 ST,40.784895,-73.973466,M11 M7
100702,HENRY HUDSON PKWY WEST/W 236 ST,40.88681,-73.91255,BX10 BX20 BXM1 BXM18 BXM2 Bx10 Bx20 BxM1 BxM18 BxM2
101749,DREISER LOOP/CO-OP CITY BLVD,40.878117,-73.829397,BX23 BX25 BX28 BX30 BX38 Bx23 Bx25 Bx28 Bx30 Bx38
303237,FLATBUSH AV/CLARENDON RD,40.643075,-73.957614,B41
307496,AVENUE J/E 8 ST,40.624466,-73.968425,B6
306965,50 ST/18 AV,40.627499,-73.981263,B11
404066,SAINT NICHOLAS AV/W 167 ST,40.840598,-73.93952,BX7 Bx7 M100 M3
300109,86 ST/AVENUE V,40.593719,-73.98043,B1 B4
103912,WEST MOSHOLU PKWY SOUTH/JEROME AV,40.879312,-73.885816,BX1 BX2 Bx1 Bx2
300940,60 ST/18 AV,40.621777,-73.986992,B9
307696,SMITH ST/W 9 ST,40.674894,-73.997673,B57
302467,HALSEY ST/THROOP AV,40.682831,-73.940495,B26
103063,BARTOW AV/CO-OP CITY BLVD,40.869281,-73.825871,BX23 BX25 BX26 BX28 BX30 BX38 BXM7 Bx23 Bx25 Bx26 Bx28 Bx30 Bx38 BxM7 Q50
304701,FLUSHING AV/EVERGREEN AV,40.702678,-73.934108,B57
102811,WEBSTER AV/E 180 ST,40.851594,-73.898635,BX40 BX41 BX42 Bx40 Bx41 Bx42
100947,WESTCHESTER AV/ROBERTS AV,40.84543,-73.83423,BX24 BX8 Bx24 Bx8
308355,CROPSEY AV/BROOKLYN CAMPUS,40.609103,-74.023816,B70
302684,39 ST/8 AV,40.647018,-73.996987,B35
403447,W 135 ST/BROADWAY,40.819614,-73.954283,M11
300200,AVENUE U/CONEY ISLAND AV,40.5983,-73.960394,B3
300820,18 AV/E 8 ST,40.634276,-73.969538,B8
101553,CASTLE HILL AV/WESTCHESTER AV,40.833834,-73.851581,BX22 Bx22
350114,FILLMORE AV / E 34 ST,40.61052,-73.9344,B100
403679,DELANCEY ST/ESSEX ST,40.718689,-73.988295,B106 B39
306562,MCDONALD AV / CATON AV,40.646982,-73.980405,B103 B67 B69 BM3 BM4
101833,ROSEDALE AV/STORY AV,40.823446,-73.867159,BX27 Bx27
450105,MADISON AV/E 53 ST,40.759829,-73.974017,BXM3 BXM4 BxM3 BxM4
404049,CENTRAL PARK WEST/W 63 ST,40.770657,-73.979873,M10 M20
401965,W 96 ST/BROADWAY,40.7946,-73.971451,M106 M96
803175,FLATLANDS AV/ATKINS AV,40.659353,-73.870585,B84
102390,E 174 ST/FTELEY AV,40.834384,-73.872323,BX11 Bx11
102653,HARDING AV/BALCOM AV,40.814788,-73.821567,BX42 Bx42
300223,AVENUE U/E 57 ST,40.613232,-73.917202,B3 B47
306953,PARK AV/NAVY ST,40.696137,-73.979899,B62
307989,NEW LOTS AV/PENNSYLVANIA AV,40.66201,-73.892557,B15 B83 B99
303135,RALPH AV/STERLING PL,40.671305,-73.922289,B47
102791,WHITE PLAINS RD/E 215 ST,40.880731,-73.865005,BX39 Bx39
103320,WHITE PLAINS RD/SEWARD AV,40.820229,-73.857714,BX39 Bx39
104106,EAST TREMONT AV/ROOSEVELT AV,40.825678,-73.821224,BX40 BXM9 Bx40 BxM9
401858,WATERSIDE PLAZA/WATERSIDE 2,40.739144,-73.972885,M34+ M34-SBS M34A+ M34A-SBS
403417,LEXINGTON AV/E 106 ST,40.791892,-73.946585,M101 M102 M103 M98
301054,HEGEMAN AV/CHESTER ST,40.656215,-73.908149,B15
102223,BAINBRIDGE AV/EAST FORDHAM RD,40.862264,-73.8933,BX34 Bx34
300130,ORIENTAL BLVD/BEAUMONT ST,40.576998,-73.950519,B1 B49
404835,BROADWAY/ISHAM ST,40.868199,-73.919491,BX20 BX7 Bx20 Bx7
303482,NOSTRAND AV/AVENUE I,40.628817,-73.947348,B44
101722,DREISER LOOP/CO-OP CITY BLVD,40.878342,-73.828056,BX23 BX25 BX28 BX30 BX38 Bx23 Bx25 Bx28 Bx30 Bx38
308277,SMITH ST/LIVINGSTON ST,40.690703,-73.9877,B62
306852,COZINE AV/VAN SICLEN AV,40.656079,-73.882626,B6
308361,NOSTRAND AV/AVENUE V,40.597747,-73.941419,B36 B44
303398,NEW YORK AV/EMPIRE BL,40.663936,-73.947987,B44 B96
401797,PEARL ST/FRANKFORT ST,40.709399,-74.001915,M15 SIM15 SIM35 SIM5
305679,7 AV/13 ST,40.664274,-73.983884,B67 B69
104080,EAST FORDHAM RD/CAMBRELENG AV,40.857651,-73.882903,BX12 BX17 BX22 BX9 Bx12 Bx17 Bx22 Bx9
400046,MADISON AV/E 107 ST,40.794551,-73.948694,M1 M2 M3 M4
306755,PARK AV/CARLTON AV,40.695867,-73.972961,B62
305743,CONEY ISLAND AV / BEVERLY RD,40.643525,-73.97028,B103 B68 BM3 BM4
403942,CONVENT AV/W 129 ST,40.814223,-73.953176,M104
100304,PELHAM PKWY/EASTCHESTER RD,40.857836,-73.844305,BX12 BX12+ Bx12 Bx12-SBS
901727,SHELL RD/NEPTUNE AV,40.579873,-73.976339,B90
301492,CYPRESS HILLS ST/JAMAICA AV,40.688745,-73.875937,B13
103514,AILEEN RYAN OVAL/METROPOLITAN AV,40.838708,-73.859449,BX22 Bx22
308333,5 AV/14 ST,40.666231,-73.988559,B63
303996,OCEAN AV / GLENWOOD RD,40.632646,-73.957912,B49 BM1 BM3 BM4
100470,RIVERDALE AV/W 260 ST,40.908491,-73.903786,BX10 BX7 Bx10 Bx7
307689,GATES AV/CENTRAL AV,40.694104,-73.917491,B52
803062,RIVERSIDE DR WEST/157-10 RIVERSIDE DR,40.836205,-73.948478,BX6 BX6+ Bx6 Bx6-SBS
504171,DECATUR ST/CYPRESS AV,40.696427,-73.899555,B20
505056,GREENPOINT AV/38 ST,40.738131,-73.928573,B24
401407,10 AV/W 42 ST,40.759847,-73.995181,M11
300115,AVENUE X/E 3 ST,40.590783,-73.967099,B1
100419,HUNTS POINT AV/SENECA AV,40.818922,-73.889324,BX6 BX6+ Bx6 Bx6-SBS
304943,BROADWAY/BEDFORD AV,40.710389,-73.964353,B32 Q59
404303,5 AV/E 78 ST,40.776252,-73.964412,BXM3 BXM4 BxM3 BxM4
100464,RIVERDALE AV/W 259 ST,40.907002,-73.903952,BX10 BX7 BXM1 BXM18 BXM2 Bx10 Bx7 BxM1 BxM18 BxM2
404972,CHAMBERS ST/HUDSON ST,40.715717,-74.009541,M20 M22
301043,NEW LOTS AV/MILLER AV,40.663782,-73.888834,B15 B83
100256,WESTCHESTER AV/ELDER AV,40.828652,-73.879059,BX27 BX4 BX4A Bx27 Bx4 Bx4A
302975,3 AV/37 ST,40.655125,-74.007095,B37 B70
308616,BROOKLYN BRIDGE PARK/PIER 6,40.69307,-74.000829,B63
402653,W 125 ST/AMSTERDAM AV,40.812602,-73.955693,M100 M101 M125
402109,MADISON ST/RUTGERS ST,40.712684,-73.990419,M22
150008,BOSTON RD/ARNOW AV,40.867643,-73.859753,BX30 Bx30
302430,FULTON ST/HUDSON AV,40.688635,-73.980164,B25 B26 B52
300060,OVINGTON AV/6 AV,40.631427,-74.018741,B64
403913,3 AV/E 14 ST,40.733689,-73.986787,M101 M102 M103
403870,E 14 ST/2 AV,40.732484,-73.985195,L92 M14A+ M14A-SBS M14D+ M14D-SBS
301671,CATON AV/OCEAN PKWY,40.647839,-73.974537,B16
306573,19 ST/PROSPECT PARK WEST,40.656665,-73.982737,B67 B69
100949,WESTCHESTER AV/MAHAN AV,40.849025,-73.830544,BX24 Bx24
402145,E 23 ST / 3 AV,40.738993,-73.983279,BM1 BM2 BM3 BM4 M23+ M23-SBS SIM10 SIM11 SIM3 SIM31 SIM6 X37 X38
102361,EAST TREMONT AV/GRAND CONCOURSE,40.849534,-73.906343,BX36 Bx36
308216,5 AV/3 ST,40.672566,-73.983583,B63
301397,EAST NEW YORK AV/E 95 ST,40.665092,-73.927538,B12
102115,MORRIS AV/E 158 ST,40.824098,-73.919181,BX32 Bx32
101443,MORRIS PARK AV/BARNES AV,40.845906,-73.862979,BX21 Bx21
305171,MANHATTAN AV/CALYER ST,40.727818,-73.953172,B43 B62
302038,PENNSYLVANIA AV/HEGEMAN AV,40.659661,-73.891535,B20
402090,MADISON ST/MARKET ST,40.712207,-73.994092,M15 M22
306470,CROPSEY AV/BAY 17 ST,40.602849,-74.007998,B8
300446,KINGS HWY/E 13 ST,40.607908,-73.960227,B7 B82
401024,AMSTERDAM AV/W 79 ST,40.78328,-73.978085,M11 M7 M79+ M79-SBS
102310,E 169 ST/PROSPECT AV,40.829707,-73.897916,BX35 Bx35
400363,MADISON AV/E 57 ST,40.762387,-73.972075,M3 M4 Q32
308521,KINGS HWY/E 92 ST,40.6564,-73.921148,B7
100221,WESTCHESTER AV/ELDER AV,40.828514,-73.879317,BX27 BX4 BX4A Bx27 Bx4 Bx4A
308799,UTICA AV/MONTGOMERY ST,40.66373,-73.93172,B46
306869,AVENUE B/RALPH AV,40.64718,-73.919813,B8
801171,GATEWAY DR/ERSKINE ST,40.65287,-73.867,B83
303870,FRANKLIN AV/WILLOUGHBY AV,40.692455,-73.957668,B48
308938,FLUSHING AV/WHIPPLE ST,40.700229,-73.946364,B57
400242,ADAM C POWELL BLVD/W 147 ST,40.823169,-73.937752,M2
104537,MARCONI ST/HUTCHINSON METRO CENTER,40.852648,-73.839821,BX24 Bx24
305729,PROSPECT PARK SOUTHWEST/TERRACE PL,40.656765,-73.973777,B68
984018,METROPOLITAN AV/UNIONPORT RD,40.838598,-73.860694,BXM6 BxM6
300019,OCEAN PKWY/WEST AV,40.581414,-73.967253,B1 B36 B4
405444,11 AV/W 50 ST,40.765989,-73.994643,M12
350194,AVENUE K /UTICA AV,40.625961,-73.927349,BM1
100211,WESTCHESTER AV/REV J POLITE AV,40.82088,-73.899106,BX4 Bx4
303152,BROADWAY/DE KALB AV,40.694074,-73.929979,B47
101066,3 AV/E 150 ST,40.816142,-73.917547,BX15 BX21 Bx15 Bx21 M125
305503,86 ST/12 AV,40.615664,-74.016381,B1 X28 X38
103694,WEBSTER AV/E 171 ST,40.838358,-73.906035,BX41 Bx41
307814,DEAN ST/ROCHESTER AV,40.675621,-73.92789,B15 B65
400396,MANHATTAN AV/W 121 ST,40.808447,-73.954236,M3
400468,SAINT NICHOLAS AV/W 148 ST,40.82571,-73.943669,M3
902170,E 170 ST/GRAND CONCOURSE,40.838712,-73.913443,BX18B Bx18B
303043,DE KALB AV/WYCKOFF AV,40.704487,-73.918961,B13 B38
100451,BROADWAY/EXTERIOR ST,40.876732,-73.90643,BX20 BX7 BX9 Bx20 Bx7 Bx9
303782,BROOKLYN AV/EASTERN PKWY,40.669856,-73.945009,B43
304005,OCEAN AV / AVENUE P,40.61124,-73.953851,B49 BM3
307827,BERGEN ST/CLASSON AV,40.677654,-73.959513,B65
301963,PENNSYLVANIA AV/DUMONT AV,40.666585,-73.894466,B20 B83
904303,CRESCENT ST/JAMAICA AV,40.689194,-73.874013,J90
302601,GERRITSEN AV / CYRUS AV,40.590241,-73.922032,B31 BM4
300011,BRIGHTON BEACH AV/BRIGHTON 12 ST,40.578369,-73.958173,B1
301562,SUTTER AV/CRESCENT ST,40.673127,-73.869917,B14
402612,BROADWAY/W 204 ST,40.866919,-73.92352,BX7 Bx7
301092,BROADWAY/PARK ST,40.699257,-73.939185,B15 B46 B47
103241,VALENTINE AV/E 192 ST,40.863865,-73.894754,BX22 BX34 Bx22 Bx34
104501,FOOD CENTER DR/HUNTS POINT MARKET,40.808635,-73.871865,BX46 BX6 BX6+ Bx46 Bx6 Bx6-SBS
301649,12 AV/DAHILL RD,40.645623,-73.981193,B16
102411,RANDALL AV/OLMSTEAD AV,40.818675,-73.851558,BX36 Bx36
306064,COURT ST/W 9 ST,40.674938,-73.999538,B57 B61
104499,RYAWA AV/HALLECK ST,40.805571,-73.879129,BX46 BX6 BX6+ Bx46 Bx6 Bx6-SBS
300975,AVENUE L/NOSTRAND AV,40.622076,-73.946188,B9
104494,TIFFANY ST/OAK POINT AV,40.809527,-73.89009,BX46 Bx46
100807,EAST FORDHAM RD/SOUTHERN BLVD,40.856465,-73.880146,BX12 BX12+ BX22 Bx12 Bx12-SBS Bx22
301045,NEW LOTS AV/PENNSYLVANIA AV,40.661934,-73.89303,B15 B99
401374,7 AV SOUTH/BEDFORD ST,40.730467,-74.00473,M20
303490,NOSTRAND AV/AVENUE P,40.611777,-73.944126,B44 BM4
301115,ROCHESTER AV/BERGEN ST,40.674586,-73.927855,B15 B65
400154,BROADWAY/W 3 ST,40.727539,-73.9951,M1 M55
901547,MCDONALD AV/AV U,40.596874,-73.973232,B90
103124,MELROSE AV/E 155 ST,40.820113,-73.915985,BX41 Bx41
102145,JEROME AV/W 192 ST,40.865702,-73.898866,BX32 Bx32
401459,AMSTERDAM AV/W 129 ST,40.814859,-73.95525,M100 M101 M11
303886,FRANKLIN AV/CARROLL ST,40.667707,-73.95908,B48
402744,AMSTERDAM AV/W 179 ST,40.847008,-73.931612,M101
350245,E 105 ST / FLATLANDS AV,40.647353,-73.894586,B103 BM2
303944,ROGERS AV/LENOX RD,40.654269,-73.952774,B49
404339,MALCOLM X BLVD/W 139 ST,40.816345,-73.939396,M102 M7
901280,ROGERS AV/SAINT JOHNS PL,40.671595,-73.952992,B44+ B44-SBS
100374,E 163 ST/PROSPECT AV,40.821893,-73.900189,BX6 BX6+ Bx6 Bx6-SBS
100171,W 238 ST/ORLOFF AV,40.883001,-73.897776,BX3 Bx3
100135,GRAND CONCOURSE/E 156 ST,40.823109,-73.924629,BX1 BX2 Bx1 Bx2
402033,EAST HOUSTON ST/NORFOLK ST,40.721682,-73.984971,M21 M9
102266,VALENTINE AV/E 196 ST,40.86717,-73.89212,BX34 Bx34
400636,FORT WASHINGTON AV/CABRINI BLVD,40.859129,-73.934142,M4 M98
401398,10 AV/W 21 ST,40.746615,-74.004825,M11
401469,COLUMBUS AV/CATHEDRAL PKWY,40.801443,-73.961388,M11
903063,8 AV/W 12 ST,40.737765,-74.004512,M12
402508,W 125 ST/ADAM C POWELL BLVD,40.809228,-73.948781,M101 M125
100366,E 161 ST/CONCOURSE VILLAGE EAST,40.825343,-73.918099,BX13 BX6 Bx13 Bx6
403293,PEARL ST / PECK SLIP,40.708771,-74.002757,BM1 BM2 BM3 BM4 QM65
305767,CONEY ISLAND AV/AVENUE Y,40.589116,-73.960625,B68
302849,W 5 ST/NEPTUNE AV,40.579431,-73.972005,B36 B68
301814,E 80 ST / PAERDEGAT 7 ST,40.630722,-73.907257,B103 B17 BM2
306055,COURT ST/AMITY ST,40.688094,-73.993217,B57
101716,BAYCHESTER AV/ALDRICH ST,40.870415,-73.832488,BX23 BX25 BX28 BX30 BX38 Bx23 Bx25 Bx28 Bx30 Bx38 Q50
302853,SURF AV/W 10 ST,40.575543,-73.978433,B36
104511,LONGWOOD AV/TIFFANY ST,40.813434,-73.891252,BX46 Bx46
303141,RALPH AV/FULTON ST,40.678743,-73.921588,B47
300877,FOSTER AV/E 22 ST,40.637102,-73.956936,B49 B8
401577,W 14 ST/6 AV,40.737093,-73.996431,L92 M14A+ M14A-SBS M14D+ M14D-SBS
405155,3 AV/E 9 ST,40.730389,-73.989235,M101 M102 M103
301611,86 ST/COLONIAL RD,40.624571,-74.036135,B16
100680,HENRY HUDSON PKWY EAST/W 238 ST,40.888566,-73.909655,BX10 BX20 Bx10 Bx20
400116,5 AV/E 92 ST,40.785205,-73.957824,M1 M2 M3 M4
303083,DE KALB AV/LEWIS AV,40.693023,-73.937474,B38
303597,UTICA AV/AVENUE I,40.630868,-73.928032,B46
300499,CROPSEY AV/25 AV,40.59198,-73.993018,B82 X28 X38
103288,PLIMPTON AV/W 170 ST,40.841368,-73.92375,BX13 Bx13
103737,3 AV/EAST TREMONT AV,40.847019,-73.89588,BX15 Bx15
104067,BAYCHESTER AV/356 BAYCHESTER AV,40.867939,-73.831158,BX12 BX23 Bx12 Bx23 Q50
300368,EMMONS AV / E 14 ST,40.583276,-73.954241,B4 BM3
405650,3 AV/E 24 ST,40.739601,-73.98251,M101 M102 M103
301120,SAINT JOHNS PL/RALPH AV,40.670049,-73.922612,B15
101236,CROTONA AV/E 189 ST,40.855825,-73.882751,BX17 Bx17
801179,BUSHWICK AV/GRAND ST,40.712041,-73.940667,L90
305677,7 AV/9 ST,40.666648,-73.981897,B67 B69
802164,pelhambruck sb rp,40.856264,-73.82654,BX29 Bx29
304670,FLUSHING AV/KNICKERBOCKER AV,40.704793,-73.928385,B57
303215,FLATBUSH AV/KINGS PLAZA,40.609251,-73.92154,B41
304024,WEST END AV/ORIENTAL BLVD,40.577017,-73.953015,B49
303536,SAINT JOHNS PL/WASHINGTON AV,40.673423,-73.962414,B45
305811,VANDERBILT AV/WILLOUGHBY AV,40.691867,-73.969504,B69
102053,EASTCHESTER RD/CHESTER ST,40.879281,-73.847463,BX31 Bx31
504224,GREENPOINT AV/HUNTERS POINT AV,40.737418,-73.93044,B24
103171,OTIS AV/LOGAN AV,40.833521,-73.825437,BX8 Bx8
308624,MYRTLE AV/CLASSON AV,40.69399,-73.96156,B54
104377,CEDAR AV/W 179 ST,40.855608,-73.917293,BX40 BX42 Bx40 Bx42
303254,FLATBUSH AV/ATLANTIC AV,40.684771,-73.977818,B41 B45 B67
100762,CLAREMONT PKWY/CROTONA PARK EAST,40.835389,-73.895119,BX11 Bx11
303386,NEW YORK AV/CLARENDON RD,40.64377,-73.945819,B44
403791,W 125 ST/OLD BROADWAY,40.815198,-73.958031,M125
402544,BROADWAY/W 193 ST,40.858522,-73.93156,BX7 Bx7 M100
303847,NASSAU AV/HUMBOLDT ST,40.725594,-73.945331,B48
400950,7 AV/W 54 ST,40.763718,-73.981405,M104 M7
301781,REMSEN AV/KINGS HWY,40.654716,-73.922258,B17 B47
300802,18 AV/BAY RIDGE PKWY,40.613623,-73.99562,B8
300697,KINGS HWY/REMSEN AV,40.654987,-73.92166,B7
303160,BROADWAY/LEONARD ST,40.702982,-73.945695,B46
306109,LORRAINE ST/CLINTON ST,40.673275,-74.002765,B57 B61
150164,W 230 ST/TIBBETT AV,40.879533,-73.909867,BXM1 BXM18 BXM2 BxM1 BxM18 BxM2
307241,FULTON ST/ROCKAWAY AV,40.67836,-73.911216,B25
300557,RALPH AV/FARRAGUT RD,40.636984,-73.919226,B47
503377,JAMAICA AV/75 ST,40.691422,-73.866092,J90 T340
301295,49 ST/10 AV,40.638943,-73.998559,B11
103664,E 229 ST/E 229 DR S,40.886398,-73.845399,BX31 Bx31
350046,AVENUE M / E 102 ST,40.639604,-73.889484,B103 BM2
303801,CLASSON AV/BERGEN ST,40.677813,-73.958943,B48
104479,RIVER AV/E 151 ST,40.822541,-73.928776,BX13 Bx13
306191,RALPH AV/TILDEN AV,40.648436,-73.920421,B47
103165,CLARENCE AV/RANDALL AV,40.829764,-73.815127,BX8 Bx8
308153,AVENUE N/E 48 ST,40.618868,-73.928964,B41
304400,MYRTLE AV/MARCY AV,40.695293,-73.949344,B54
100017,PAUL AV/W 205 ST,40.876836,-73.88971,BX10 BX28 BX38 Bx10 Bx28 Bx38
405576,AVENUE A/E 5 ST,40.724805,-73.984499,M14A+ M14A-SBS
801020,CROPSEY AV/V A HOSPITAL,40.609134,-74.023885,B70
450228,3 AV/E 33 ST,40.744963,-73.978601,BXM1 BxM1 M102 M103 YOAS
102682,EAST TREMONT AV/UNIONPORT RD,40.841344,-73.863418,BX40 BX42 Bx40 Bx42
101255,PROSPECT AV/E 152 ST,40.81482,-73.903621,BX17 Bx17
400364,MADISON AV/E 60  ST,40.76457,-73.970598,M3 M4
401612,AVENUE A/E 5 ST,40.724575,-73.984651,L92
940040,E 57 ST/MADISON AV,40.762273,-73.972213,M31 M57
400135,5 AV/W 42 ST,40.753348,-73.981034,M1 M2 M3 M55
300169,E 36 ST/AVENUE R,40.612956,-73.934819,B2
302050,LINDEN BLVD/ATKINS AV,40.665214,-73.874651,B20
100139,GRAND CONCOURSE/E 144 ST,40.816194,-73.928408,BX1 Bx1
801168,GATEWAY CENTER TERMINAL/GATEWAY DR,40.652693,-73.87689,B83
307252,FULTON ST/SCHENECTADY AV,40.679398,-73.932497,B25
401589,AVENUE C/E 12 ST,40.726979,-73.976815,M14D+ M14D-SBS M9
100527,BRONXWOOD AV/TILDEN ST,40.876534,-73.860078,BX8 Bx8
307915,WILLIAMSBURG BRIDGE PLAZA/LANE 4,40.709278,-73.959521,B44 B44+ B44-SBS
104318,WESTCHESTER AV/COLGATE AV,40.828428,-73.881734,BX27 BX4 BX4A Bx27 Bx4 Bx4A
400335,E 8 ST/5 AV,40.731996,-73.995926,M1 M2 M3 M55
305177,DRIGGS AV/UNION AV,40.720497,-73.95261,B62
305059,ROCKAWAY AV/SUMPTER ST,40.680706,-73.911368,B60
300073,BAY RIDGE AV/COLONIAL RD,40.637191,-74.030921,B64 B9 X27 X37
401032,AMSTERDAM AV/W 98 ST,40.795601,-73.969106,M11 M7
303664,MALCOLM X BLVD/LAFAYETTE AV,40.691897,-73.930931,B46
102615,BALCOM AV/RANDALL AV,40.822735,-73.827644,BX42 Bx42
102999,BOSTON RD/DYRE AV,40.88482,-73.831179,BX30 Bx30
403590,PEARL ST/FULTON ST,40.707631,-74.004,M15 M15+ M15-SBS SIM15 SIM35 SIM5
305484,BATH AV/24 AV,40.595905,-73.993374,B64
307677,GATES AV/MARCY AV,40.686569,-73.947043,B52
403106,BROADWAY/W 79 ST,40.784084,-73.979583,M104
303723,KINGSTON AV/BERGEN ST,40.675966,-73.94151,B43
102195,E 138 ST/WALNUT AV,40.802794,-73.908667,BX33 Bx33
104087,BEDFORD PARK BLVD/JEROME AV,40.873741,-73.889941,BX10 BX25 BX26 BX28 BX38 Bx10 Bx25 Bx26 Bx28 Bx38
102088,EASTCHESTER RD/BURKE AV,40.872908,-73.844218,BX31 BXM10 Bx31 BxM10
901463,CADMAN PLAZA WEST/TILLARY ST,40.695231,-73.990816,B26 B52
100843,EAST FORDHAM RD/SOUTHERN BLVD,40.85731,-73.880492,BX12 BX12+ BX22 Bx12 Bx12-SBS Bx22
308457,WILSON AV/WOODBINE ST,40.694629,-73.914918,B60
405620,WEST HOUSTON ST/VARICK ST,40.728563,-74.004555,M21
303402,NEW YORK AV/EASTERN PKWY,40.670227,-73.947618,B44
401279,1 AV/E 120 ST,40.798954,-73.933223,M116
401973,LEXINGTON AV/E 104 ST,40.79057,-73.947556,M101 M102 M103
102574,EAST TREMONT AV/PURDY ST,40.842195,-73.855321,BX40 BX42 Bx40 Bx42
307904,CLASSON AV/GATES AV,40.685529,-73.95927,B48
303351,ROCKAWAY PKWY/AVENUE M,40.637137,-73.893562,B42
405631,10 AV/W 40 ST,40.75823,-73.996424,M11
301028,ELDERT LN/LINDEN BLVD,40.669213,-73.862711,B13 B15 B20
303978,BEDFORD AV/MAPLE ST,40.660172,-73.956906,B49
303038,DE KALB AV/EVERGREEN AV,40.696344,-73.926966,B38
300565,FLATLANDS AV/E 84 ST,40.637481,-73.910039,B6 B82
504130,FRESH POND RD/MYRTLE AV,40.700945,-73.894779,B13 B20 QM24 QM25 QM34
305159,MANHATTAN AV/GREENPOINT AV,40.730535,-73.95422,B43 B62
301310,PARKSIDE AV/FLATBUSH AV,40.655518,-73.960028,B12
303425,BEDFORD AV/HEWES ST,40.702845,-73.959584,B44 B44+ B44-SBS
400327,5 AV/W 26 ST,40.743534,-73.988188,M1 M2 M3 M55
305723,CONEY ISLAND AV/TURNER PL,40.645222,-73.970463,B68
304962,ROCKAWAY AV/NEWPORT ST,40.659816,-73.908141,B60
306112,LORRAINE ST/COLUMBIA ST,40.674751,-74.008022,B57 B61
103453,WESTCHESTER AV/HAVEMEYER AV,40.834998,-73.848855,BX4 Bx4
405467,SAINT NICHOLAS AV/W 153 ST,40.829356,-73.942043,M3
103066,EASTCHESTER RD/IVES ST,40.850092,-73.844805,BX21 BX31 Bx21 Bx31
100705,HENRY HUDSON PKWY WEST/INDEPENDENCE AV,40.880844,-73.918943,BX10 BX20 BXM1 BXM18 BXM2 Bx10 Bx20 BxM1 BxM18 BxM2
100039,GRAND CONCOURSE/E BURNSIDE AV,40.852124,-73.90358,BX1 BX2 BXM4 Bx1 Bx2 BxM4
301409,CLARKSON AV/NEW YORK AV,40.655672,-73.947017,B12
100636,EAST FORDHAM RD/BATHGATE AV,40.859601,-73.887654,BX12 BX17 BX22 BX9 Bx12 Bx17 Bx22 Bx9
100021,GRAND CONCOURSE/E 149 ST,40.818856,-73.927096,BX1 BX2 Bx1 Bx2
307533,FLATLANDS AV/FLATBUSH AV,40.621319,-73.935232,B82
304200,GATES AV/EVERGREEN AV,40.69192,-73.919766,B52
402843,LEXINGTON AV/E 45 ST,40.753095,-73.974905,M101 M102 M103 SIM11 SIM22 SIM26 SIM6
302874,3 AV/94 ST,40.61779,-74.033272,B37
306421,7 AV/19 ST,40.660006,-73.987518,B67 B69
104294,BAYCHESTER AV/750 BAYCHESTER AV,40.874686,-73.834037,BX25 BX30 BX38 Bx25 Bx30 Bx38
101315,E 149 ST/JACKSON AV,40.813105,-73.908684,BX17 BX19 Bx17 Bx19
301620,FORT HAMILTON PKWY/77 ST,40.624941,-74.017623,B16 B70
803120,SOUTH FERRY/TERMINAL,40.70191,-74.013846,M15+ M15-SBS
302311,RODNEY ST/S 5 ST,40.708916,-73.956082,B24 Q54
305674,7 AV/GARFIELD PL,40.672109,-73.97735,B67 B69
401085,MANHATTAN AV/W 106 ST,40.798802,-73.961459,M116 M7
103507,SOUTHERN BLVD/HUNTS POINT AV,40.82082,-73.891607,BX19 Bx19
307596,GREENE AV/WASHINGTON AV,40.686704,-73.965978,B52
103802,MELROSE AV/E 149 ST,40.816259,-73.91772,BX41 BX41+ Bx41 Bx41-SBS
103689,WILLIAMSBRIDGE RD/ROBERTS AV,40.842557,-73.844422,BX24 BX31 Bx24 Bx31
302899,3 AV/39 ST,40.653657,-74.008061,B37
503885,STARR ST/METROPOLITAN AV,40.713339,-73.914687,B38
308369,FLATBUSH AV/CHURCH AV,40.649697,-73.958641,B41
102209,E 138 ST/WILLIS AV,40.809367,-73.923348,BX33 Bx33 M125
400277,ADAM C POWELL BLVD/W 140 ST,40.818303,-73.941721,M2
405054,VESEY ST/NORTH END AV,40.714631,-74.015692,M22
981004,FRANKFORT ST / PEARL ST,40.709861,-74.00223,BM1 BM2 BM3 BM4
301731,SEAVIEW AV/E 95 ST,40.632648,-73.8917,B17
400271,ADAM C POWELL BLVD/W 154 ST,40.827574,-73.935345,M2
901469,CROPSEY AV/BAY 38 ST,40.593014,-73.993795,B82
503707,METROPOLITAN AV/STARR ST,40.71335,-73.914305,B38
402094,MADISON ST/CLINTON ST,40.712865,-73.986455,M22
300419,CROPSEY AV/BAY 46 ST,40.588211,-73.989591,B82
102152,JEROME AV/WEST BURNSIDE AV,40.853965,-73.907288,BX32 Bx32
300762,KINGS HWY/SNYDER AV,40.650701,-73.923737,B7
404915,FREDERICK DOUGLASS BLVD/W 116 ST,40.804152,-73.955672,M10
405485,W 34 ST/HUDSON BLVD E,40.755349,-74.000813,M34+ M34-SBS
102667,EAST TREMONT AV/HASKIN ST,40.834531,-73.829233,BX40 BX42 Bx40 Bx42
300844,AVENUE D/KINGS HWY,40.642293,-73.925681,B8
350056,AVENUE M / REMSEN AV,40.633589,-73.898951,B103 BM2
101765,ALLERTON AV/WILLIAMSBRIDGE RD,40.865566,-73.86024,BX25 BX26 Bx25 Bx26
301143,NEW LOTS AV/MILLER AV,40.663727,-73.888661,B15 B83
307258,FULTON ST/KINGSTON AV,40.679965,-73.941071,B25
300696,KINGS HWY/CHURCH AV,40.65226,-73.922863,B7
401448,AMSTERDAM AV/W 133 ST,40.81785,-73.952922,M101
403749,LEXINGTON AV/E 98 ST,40.787269,-73.949971,M101 M102 M103
402161,12 AV/W 46 ST,40.764287,-73.998337,M12 M50
101547,WHITE PLAINS RD/VAN NEST AV,40.843493,-73.865576,BX22 BX39 Bx22 Bx39
100102,GRAND CONCOURSE/E 192 ST,40.863998,-73.896254,BX1 BX2 Bx1 Bx2
308697,ROGERS AV/LINCOLN PL,40.671093,-73.953088,B49
300090,13 AV/77 ST,40.618933,-74.008958,B64
400094,5 AV/W 135 ST,40.812365,-73.938045,M1
100866,CITY ISLAND AV / DITMARS ST,40.849584,-73.787107,BX29 BXM8 Bx29 BxM8
104240,EAST FORDHAM RD/ELM PL,40.861917,-73.893921,BX12 BX22 Bx12 Bx22
306209,AVENUE U/E 54 ST,40.611147,-73.920646,B3 B47
400056,MADISON AV/E 129 ST,40.808511,-73.938536,M1
307099,18 AV/60 ST,40.622145,-73.987248,B8
504392,FLUSHING AV/61 ST,40.720895,-73.904176,B57
303076,DE KALB AV/WILSON AV,40.699717,-73.923783,B38
103313,WHITE PLAINS RD/SEWARD AV,40.819518,-73.857824,BX39 Bx39
405323,1 AV/25 ST,40.737991,-73.977607,M15 M15+ M15-SBS
403689,W 145 ST/MALCOLM X BLVD,40.820557,-73.936347,BX19 Bx19
100525,BRONXWOOD AV/E 216 ST,40.87937,-73.858503,BX8 Bx8
103050,NEREID AV/EDSON AV,40.899049,-73.846789,BX16 BX39 BXM11 Bx16 Bx39 BxM11
300906,18 AV/79 ST,40.6109,-73.998599,B8
100071,HENRY HUDSON PKWY EAST/W 239 ST,40.88952,-73.908064,BX10 BX20 BX7 BXM1 BXM18 BXM2 Bx10 Bx20 Bx7 BxM1 BxM18 BxM2
308809,UTICA AV/AVENUE H,40.632759,-73.928288,B46
802025,BAY PLAZA BLVD/J C PENNY,40.865989,-73.827298,BX12 BX12+ Bx12 Bx12-SBS
308591,7 AV/79 ST,40.623646,-74.018997,B16
303704,UTICA AV/FILLMORE AV,40.614579,-73.926533,B46
400007,PARK AV SOUTH/E 21 ST,40.738976,-73.987053,M1 M2 M3
401702,1 AV/E 52 ST,40.755395,-73.964983,M15
101719,DREISER LOOP/CO-OP CITY BLVD,40.877836,-73.829694,BX23 BX25 BX28 BX38 Bx23 Bx25 Bx28 Bx38
306177,WINTHROP ST/ROCKAWAY PKWY,40.662962,-73.921461,B47
402620,BROADWAY/W 192 ST,40.857503,-73.932283,BX7 Bx7 M100
402134,E 23 ST / 3 AV,40.738697,-73.982969,BM1 BM2 BM3 BM4 M23+ M23-SBS SIM10 SIM11 SIM3 SIM31 SIM6 X37 X38
403682,W 145 ST/AMSTERDAM AV,40.825272,-73.947941,BX19 Bx19
307854,EMMONS AV / BRIGHAM ST,40.584346,-73.932453,B4 B44 BM3
301000,60 ST/16 AV,40.624838,-73.99179,B9
104277,SAINT ANN'S AV/E 138 ST,40.806692,-73.917435,BX17 Bx17
308206,5 AV/7 ST,40.67057,-73.985025,B63
307210,FLATBUSH AV/SAINT MARKS AV,40.680035,-73.974402,B41 B67
301429,CRESCENT ST/PITKIN AV,40.675584,-73.869956,B13
401055,LENOX AV/W 135 ST,40.814194,-73.940599,BX92 M102 M7
404881,9 AV/W 23 ST,40.746264,-74.001642,M11
901019,EASTERN PKWY/UTICA AV,40.668556,-73.931625,B17
307518,13 AV/56 ST,40.630907,-73.996513,B16
307938,PROSPECT PARK SOUTHWEST/BARTEL PRITCHARD SQ,40.660853,-73.97939,B68
100821,CITY ISLAND AV / CROSS ST,40.853321,-73.790292,BXM8 BxM8
350204,EMMONS AV / E 19 ST,40.583692,-73.949834,BM3
302482,HALSEY ST/IRVING AV,40.694769,-73.906243,B26
901759,ADAMS ST/WILLOUGHBY ST,40.692364,-73.98883,B93
300037,86 ST/20 AV,40.604568,-73.998095,B1
350035,AVENUE K /E 43 ST,40.625984,-73.934671,BM1
102287,WEBSTER AV/E 167 ST,40.831044,-73.910249,BX35 BX41 BX41+ Bx35 Bx41 Bx41-SBS
402704,3 AV/E 109 ST,40.793765,-73.943005,M101 M102 M103
301087,LEWIS AV/DEKALB AV,40.693402,-73.937059,B15
402753,BOWERY/BAYARD ST,40.715391,-73.996465,M103
305888,8 AV/62 ST,40.634543,-74.01043,B70
401026,AMSTERDAM AV/W 83 ST,40.785955,-73.976152,M11 M7
303977,BEDFORD AV/LEFFERTS AV,40.661624,-73.957094,B49
303094,DE KALB AV/WASHINGTON AV,40.689678,-73.966584,B38 B93
306182,CLARKSON AV/E 96 ST,40.660455,-73.92126,B47
104048,WEST FARMS RD/VYSE AV,40.827017,-73.889887,BX35 Bx35
302841,AVENUE Z/E 13 ST,40.587789,-73.956597,B36
306222,VAN SICLEN AV/HEGEMAN AV,40.662323,-73.886912,B83
405370,MOUNT MORRIS PARK WEST/W 121 ST,40.804662,-73.945674,M1
302869,SURF AV/W 37 ST,40.573284,-74.00223,B36 X28 X38
302288,METROPOLITAN AV/MACRI SQ,40.714091,-73.952005,B24 Q59
803067,MARGARET CORBIN DR/CLOISTERS,40.865166,-73.930841,M4
301567,SUTTER AV/BERRIMAN ST,40.671724,-73.879661,B14
404979,BATTERY PL/3 PL,40.70727,-74.017356,M20
100030,GRAND CONCOURSE/E 169 ST,40.83657,-73.915371,BX1 BX2 Bx1 Bx2
304977,ROCKAWAY AV/MARION ST,40.68203,-73.911514,B60
400099,MOUNT MORRIS PARK WEST/W 124 ST,40.80619,-73.944603,M1
301554,DREW ST/SUTTER AV,40.673898,-73.862079,B14
400037,MADISON AV/E 89 ST,40.782676,-73.957373,M1 M2 M3 M4
306861,GERRITSEN AV / FILLMORE AV,40.606591,-73.940264,B31 BM4
401780,2 AV/E 20 ST,40.735746,-73.982489,M15
301658,CATON AV/RUGBY RD,40.650014,-73.966687,B16
303460,NOSTRAND AV/EASTERN PKWY,40.669288,-73.950627,B44 B96
101469,3 AV/E 148 ST,40.815342,-73.919123,BX21 Bx21
403984,W 57 ST/9 AV,40.767697,-73.98534,M12 M31 M57
303314,FLATBUSH AV / FOSTER AV,40.638118,-73.953572,B103 B41 BM2
302829,NOSTRAND AV/GRAVESEND NECK RD,40.599972,-73.941874,B36
308040,92 ST/FORT HAMILTON PKWY,40.617177,-74.02776,B8
901628,WILLIAMSBURG BRIDGE PLAZA/LANE 2,40.709623,-73.959635,B24
302779,39 ST/7 AV,40.64886,-73.999823,B35 B70
101138,BAINBRIDGE AV/JEROME AV,40.886702,-73.877737,BX16 BX34 BXM4 Bx16 Bx34 BxM4
304007,OCEAN AV /AVENUE R,40.606128,-73.952845,B49 BM3
103620,E 206 ST/ROCHAMBEAU AV,40.874929,-73.880302,BX10 BX16 Bx10 Bx16
103595,SEDGWICK AV/DICKINSON AV,40.882628,-73.888885,BX1 BX10 BX2 Bx1 Bx10 Bx2
307385,AVENUE R/E 28 ST,40.607275,-73.945017,B2 B31
901540,MCDONALD AV/AV P,40.609048,-73.973123,B90
100113,GRAND CONCOURSE/E 174 ST,40.844861,-73.911551,BX1 BX2 Bx1 Bx2
404105,2 AV/E 12 ST,40.730796,-73.986156,M15
301315,CLARKSON AV/NEW YORK AV,40.655537,-73.94675,B12
103942,ORCHARD BEACH CIR/ORCHARD BEACH BAY,40.866216,-73.796991,BX12 Bx12
504110,FOREST AV/WOODBINE ST,40.706731,-73.902919,B13
300285,77 ST/COLONIAL RD,40.63116,-74.033383,B4
504102,FRESH POND RD/MYRTLE AV,40.701221,-73.894632,B13 B20
102793,WHITE PLAINS RD/EAST GUN HILL RD,40.877875,-73.866663,BX39 BX41 BX41+ BXM11 Bx39 Bx41 Bx41-SBS BxM11 T117
403757,W 135 ST/AMSTERDAM AV,40.819159,-73.95262,M11
405457,12 AV/W 33 ST,40.756398,-74.005125,M12
101414,MORRIS PARK AV/EAST TREMONT AV,40.840129,-73.873289,BX21 Bx21
350123,FILLMORE AV / E 57 ST,40.614816,-73.919832,B100
308315,LORING AV/DREW ST,40.668064,-73.86097,B14 B15
308884,LIVINGSTON ST/NEVINS ST,40.687645,-73.980853,B41
401326,CENTRAL PARK WEST/W 108 ST,40.799136,-73.959367,M10
305990,MERMAID AV/W 25 ST,40.575821,-73.992685,B74
102090,EASTCHESTER RD/EAST GUN HILL RD,40.868942,-73.842392,BX31 BXM10 Bx31 BxM10
305231,VAN BRUNT ST/KING ST,40.678434,-74.011643,B61
308985,HEGEMAN ST/HERZL ST,40.655526,-73.912141,B35
103118,WHITE PLAINS RD/E 222 ST,40.885535,-73.861661,BX39 Bx39
300396,BAY RIDGE PKWY/19 AV,40.612406,-73.99427,B4
100564,SOUTHERN BLVD/E 189 ST,40.856408,-73.880682,BX19 BX9 Bx19 Bx9
302589,GERRITSEN AV/CHANNEL AV,40.594765,-73.92743,B31
103057,EAST MOSHOLU PKWY SOUTH/GRAND CONCOURSE,40.878707,-73.884969,BX28 BX38 Bx28 Bx38
303702,UTICA AV/AVENUE N,40.618576,-73.926961,B46 B46+ B46-SBS
103329,WHITE PLAINS RD/MACE AV,40.863351,-73.867279,BX39 Bx39
300520,BAY PKWY/62 ST,40.61574,-73.979307,B6
400620,BROADWAY/W 159 ST,40.835516,-73.9436,M4 M5
103540,EAST FORDHAM RD/HOFFMAN ST,40.858624,-73.885659,BX12 BX17 BX22 BX9 Bx12 Bx17 Bx22 Bx9
100731,BAINBRIDGE AV/VAN CORTLANDT AV EAST,40.876954,-73.879804,BX10 BX16 BX28 BX34 BX38 BXM4 Bx10 Bx16 Bx28 Bx34 Bx38 BxM4
401687,1 AV/E 14 ST,40.732122,-73.981946,M15
300302,BAY RIDGE PKWY/18 AV,40.613434,-73.996128,B4
307971,STANLEY AV/SHERIDAN AV,40.666053,-73.863201,B13 B14 B20
305895,8 AV/50 ST,40.641315,-74.003391,B70
305936,8 AV/67 ST,40.631282,-74.014054,B70
307665,FRANKLIN AV/LEFFERTS PL,40.680474,-73.955643,B49
305582,SAINT MARKS AV/RALPH AV,40.673638,-73.922269,B45 B65
405135,E 116 ST/3 AV,40.798172,-73.940408,M102 M116
103772,BERGEN AV/WESTCHESTER AV,40.816234,-73.915859,M125
102134,JEROME AV/E 181 ST,40.855695,-73.905639,BX32 Bx32
101973,BOSTON RD/STEENWICK AV,40.884598,-73.83143,BX30 Bx30
101355,SOUTHERN BLVD/JENNINGS ST,40.832528,-73.890724,BX19 Bx19
305310,GRAHAM AV/JOHNSON AV,40.706289,-73.943117,B43
305072,ROCKAWAY AV/LOTT AV,40.657836,-73.907782,B60
300007,ORIENTAL BLVD/BEAUMONT ST,40.577148,-73.951388,B1 B49
306292,COZINE AV/CRESCENT ST,40.662247,-73.86717,B13
102037,EASTCHESTER RD/MORRIS PARK AV,40.851322,-73.844096,BX31 Bx31
100983,WESTCHESTER AV/BUHRE AV,40.847094,-73.832252,BX24 Bx24 T103
403466,SAINT NICHOLAS AV/FORT GEORGE HILL,40.857071,-73.927934,M3
300525,AVENUE J/OCEAN PKWY,40.624186,-73.969805,B6
400334,5 AV/W 10 ST,40.733223,-73.995749,M1 M2 M3 M55
350027,AVENUE H / E 32 ST,40.631852,-73.946005,BM2
306087,LORRAINE ST/COLUMBIA ST,40.674455,-74.007354,B57 B61
301973,JAMAICA AV/BROADWAY,40.677028,-73.90004,B20 Q24 T340 T430 T434
303624,MALCOLM X BLVD/BAINBRIDGE ST,40.681561,-73.928702,B46
100571,EAST KINGSBRIDGE RD/E 192 ST,40.863823,-73.894194,BX22 BX9 Bx22 Bx9
306857,LIVONIA AV/ASHFORD ST,40.66642,-73.883387,B6 B84
104504,HALLECK ST/VIELE AV,40.807666,-73.879994,BX46 BX6 BX6+ Bx46 Bx6 Bx6-SBS
101173,E 233 ST/SETON AV,40.888887,-73.836864,BX16 Bx16
301135,NEW LOTS AV/SACKMAN ST,40.658019,-73.901509,B15
100775,SHAKESPEARE AV/W 169 ST,40.839023,-73.922795,BX18B Bx18B
308769,PENNSYLVANIA AV / SCHROEDERS AV,40.647614,-73.881684,B82 B82+ B82-SBS BM2 BM5
400482,MANHATTAN AV/W 116 ST,40.804751,-73.957121,M116 M3 M7
401681,ALLEN ST/STANTON ST,40.721896,-73.988839,M15
302502,HALSEY ST/PATCHEN AV,40.684508,-73.926806,B26
102968,EAST KINGSBRIDGE RD/GRAND CONCOURSE,40.866058,-73.894031,BX22 BX28 BX38 BX9 Bx22 Bx28 Bx38 Bx9
100562,SOUTHERN BLVD/E 183 ST,40.851175,-73.88217,BX19 BX9 Bx19 Bx9
302035,PENNSYLVANIA AV/LIVONIA AV,40.664297,-73.893995,B20 B83
403436,3 AV/E 106 ST,40.79189,-73.944367,M101 M102 M103 M98
301879,WYCKOFF AV/DE KALB AV,40.704324,-73.91937,B13 L90
303249,FLATBUSH AV/STERLING PL,40.676181,-73.971681,B41 B69
300567,FLATLANDS AV/E 88 ST,40.6394,-73.907063,B6 B82
308570,4 AV/DEAN ST,40.683316,-73.979312,B103 B37
403444,HUDSON ST/NORTH MOORE ST,40.720023,-74.008576,M20
100469,RIVERDALE AV/ W 261 ST,40.910355,-73.903266,BX10 BX7 BXM1 BXM18 BXM2 Bx10 Bx7 BxM1 BxM18 BxM2
308742,3 AV/16 ST,40.667434,-73.994261,B37
901732,LIVINGSTON ST/HOYT ST,40.689825,-73.985858,B103
306778,PARK AV/VANDERBILT AV,40.696165,-73.970883,B62
400352,MADISON AV/E 30 ST,40.74551,-73.984493,M1 M2 M3
402764,AMSTERDAM AV/W 188 ST,40.852241,-73.927959,M101
103302,WHITE PLAINS RD/ALLERTON AV,40.865602,-73.867483,BX39 BXM11 Bx39 BxM11 T117
300158,AVENUE S/COLEMAN ST,40.611975,-73.927775,B2
403118,BROADWAY/W 108 ST,40.803132,-73.967242,M104
303563,SAINT JOHNS PL/ALBANY AV,40.671124,-73.939661,B45
400190,MADISON AV/E 35 ST,40.748313,-73.982456,M1 M2
307361,MILL AV/AVENUE U,40.615711,-73.914026,B100 B47
304660,FLUSHING AV/NOSTRAND AV,40.699365,-73.952752,B57
104664,E 180 ST/MORRIS PARK AV,40.84098,-73.872995,BX40 BX42 Bx40 Bx42
104110,RAWLINS AV/KEARNEY AV,40.839595,-73.824037,BX24 Bx24
101320,SOUTHERN BLVD/E 156 ST,40.815124,-73.897299,BX19 Bx19
308729,LIVINGSTON ST/NEVINS ST,40.687651,-73.980839,B45 B67
404341,LENOX AV/W 116 ST,40.802336,-73.94928,M102 M7
308747,3 AV/21 ST,40.66413,-73.997764,B37
350047,AVENUE M / E 102 ST,40.639583,-73.889731,B103 BM2
300497,CROPSEY AV/24 AV,40.593924,-73.994851,B82 B82+ B82-SBS
300935,60 ST/13 AV,40.628862,-73.99871,B9
103321,WHITE PLAINS RD/WESTCHESTER AV,40.833367,-73.862704,BX36 BX39 Bx36 Bx39
103588,AMENDOLA PL/WESTCHESTER AV,40.852227,-73.827258,BX12 Bx12
100706,KAPPOCK ST/KNOLLS CRES,40.878995,-73.916827,BX10 BX20 BXM1 BXM18 BXM2 Bx10 Bx20 BxM1 BxM18 BxM2
300882,FOSTER AV/CONEY ISLAND AV,40.63245,-73.966617,B8
401877,YORK AV/E 79 ST,40.77158,-73.950235,M31 M79+ M79-SBS
300899,18 AV/64 ST,40.619513,-73.989907,B8
402519,AMSTERDAM AV/W 140 ST,40.822402,-73.949594,M101
308247,4 AV/65 ST,40.637908,-74.021666,B9
405589,DYCKMAN ST/NAGLE AV,40.86154,-73.924652,M100
102588,EAST TREMONT AV/BARKLEY AV,40.830835,-73.826413,BX40 BX42 Bx40 Bx42
405140,MAIN RDWY/OPP GOLF CENTER PARKING,40.794984,-73.921694,M35
308936,ALBANY AV/RUTLAND RD,40.659991,-73.939673,B12
307942,BRIGHTON BEACH AV/OCEAN PKWY,40.576218,-73.967609,B1 B102 B68 T464
300025,AVENUE X/McDONALD AV,40.59019,-73.974001,B1
400109,5 AV/E 106 ST,40.794176,-73.951287,M1 M106 M2 M3 M4
300045,86 ST/13 AV,40.614061,-74.013726,B1 B64
300862,AVENUE D/E 52 ST,40.642327,-73.927299,B8
100369,ELTON AV/E 161 ST,40.82372,-73.911709,BX13 BX6 Bx13 Bx6
401275,FREDERICK DOUGLASS BLVD/W 129 ST,40.812894,-73.949048,M10
300260,AVENUE U/E 27 ST,40.60013,-73.945188,B3
304429,MYRTLE AV/LEWIS AV,40.696699,-73.938232,B54
904049,TREMONT AV/LANE AV,40.840854,-73.842493,BX31 Bx31
103966,BAILEY AV/VAN CORTLANDT PK SOUTH,40.88534,-73.8948,BX10 Bx10
402106,MADISON ST/MONTGOMERY ST,40.713092,-73.985553,M22
450054,5 AV/W 26 ST,40.743613,-73.988216,BM3 BM4
301050,NEW LOTS AV/POWELL ST,40.658211,-73.901379,B15
100543,WILLIAMSBRIDGE RD/SILVER ST,40.844076,-73.845989,BX24 BX31 BX8 Bx24 Bx31 Bx8
104243,HARDING AV/EAST TREMONT AV,40.816013,-73.816094,BX42 Bx42
301060,E 98 ST/CLARKSON AV,40.661604,-73.919048,B15
303445,NOSTRAND AV/WILLOUGHBY AV,40.693268,-73.952203,B44
103653,WHITE PLAINS RD/STORY AV,40.82388,-73.858819,BX36 BX5 Bx36 Bx5
303818,LORIMER ST/BROADWAY,40.703994,-73.947916,B48
303319,FLATBUSH AV/E 35 ST,40.627646,-73.942302,B41
101795,MORRISON AV/WATSON AV,40.826763,-73.874022,BX27 Bx27
902159,WEST FARMS RD/JENNINGS ST,40.830358,-73.885702,BX35 Bx35
350019,56 DR / STRICKLAND AV,40.60866,-73.913789,B100 BM1
100027,GRAND CONCOURSE/E 165 ST,40.83132,-73.91994,BX1 BX2 BXM4 Bx1 Bx2 BxM4
100199,UNIVERSITY AV/G W BRIDGE ENTRANCE RAMP,40.845313,-73.922556,BX3 BX36 Bx3 Bx36
305514,86 ST/11 AV,40.616501,-74.018139,B1
101713,BARTOW AV/GUNTHER AV,40.866986,-73.837144,BX25 BX26 BX28 BX38 Bx25 Bx26 Bx28 Bx38
101840,MORRISON AV/WESTCHESTER AV,40.829402,-73.874506,BX27 Bx27
308344,AVENUE L/REMSEN AV,40.635107,-73.900944,B17
405016,MAIN RDWY/T B T A,40.798576,-73.921361,M35
300064,BAY RIDGE AV/3 AV,40.635935,-74.026507,B64 B9 X27 X37
400081,CLEVELAND  PL/SPRING ST,40.722433,-73.997008,M1
404360,RIVERSIDE DR/W 160 ST,40.837201,-73.947183,BX6 Bx6
100318,PELHAM PKWY/STILLWELL AV,40.856475,-73.838814,BX12 BX12+ Bx12 Bx12-SBS
303916,OCEAN AV / AVENUE U,40.599613,-73.951253,B102 B49 BM3 T464
402816,LEXINGTON AV/E 100 ST,40.78827,-73.949209,M101 M102 M103
305739,PROSPECT PARK SOUTHWEST/GREENWOOD AV,40.65231,-73.972694,B68
104241,MORRIS PARK AV/WILLIAMSBRIDGE RD,40.85033,-73.851583,BXM10 BxM10
308424,WILSON AV/GATES AV,40.695075,-73.915925,B60
301029,LINDEN BLVD/ELDERT LN,40.66955,-73.864083,B13 B14 B15 B20 BM5
104050,GRAND CONCOURSE/FIELD PL,40.858473,-73.899618,BX1 BX2 Bx1 Bx2
300620,GLENWOOD RD/E 58 ST,40.633443,-73.920618,B6
100517,E 226 ST/WHITE PLAINS RD,40.888497,-73.859879,BX8 Bx8
300320,AVENUE Z/SHELL RD,40.585738,-73.973945,B4
303685,UTICA AV/LENOX RD,40.655001,-73.930853,B46
307631,FULTON ST/EASTERN PKWY,40.678066,-73.908188,B25
103234,THROGS NECK EXPWY/VETERANS MEMORIAL PARK,40.824917,-73.815646,BX8 Bx8
306564,MCDONALD AV/CHURCH AV,40.641942,-73.97933,B67 B69
103936,UNIONPORT RD/METROPOLITAN AV,40.839265,-73.861233,BX22 Bx22
303938,ROGERS AV/CLARENDON RD,40.643413,-73.951607,B49
401463,AMSTERDAM AV/W 120 ST,40.809048,-73.959563,M11
305022,S 5 ST/KEAP ST,40.708103,-73.954799,B60
402835,LEXINGTON AV/E 62 ST,40.763812,-73.967079,M101 M102 M103
304213,GATES AV/BEDFORD AV,40.685761,-73.954837,B52
100428,E 163 ST/TRINITY AV,40.823544,-73.906235,BX6 Bx6
300394,BAY RIDGE PKWY/21 AV,40.609747,-73.989859,B4
302818,AVENUE Z/OCEAN AV,40.588494,-73.948888,B36
305167,MANHATTAN AV/FREEMAN ST,40.734065,-73.954997,B43 B62
307535,FLATLANDS AV/TROY AV,40.622865,-73.932785,B82
305002,JOHNSON AV/MORGAN AV,40.707706,-73.932772,B60
303986,BEDFORD AV/SNYDER AV,40.648377,-73.955844,B49
403419,LEXINGTON AV/E 86 ST,40.779426,-73.955739,BXM1 BxM1 M102 M98
450091,MADISON AV/E 36 ST,40.74913,-73.981915,BXM6 BXM9 BxM6 BxM9
307098,ASHFORD ST/NEW LOTS AV,40.665791,-73.883146,B6 B84 B99
150123,VAN CORTLANDT AV W/BAILEY AV,40.88574,-73.894886,BXM3 BxM3
303296,FLATBUSH AV/5 AV,40.682509,-73.976463,B67
104011,SEDGWICK AV/CEDAR AV,40.852316,-73.920217,BX40 BX42 Bx40 Bx42
303367,NOSTRAND AV/AVENUE S,40.605421,-73.942735,B44
104291,EAST GUN HILL RD/WHITE PLAINS RD,40.877521,-73.866829,BX28 BX38 Bx28 Bx38
305496,BATH AV/16 AV,40.606955,-74.01111,B64
400233,ADAM C POWELL BLVD/W 127 ST,40.810475,-73.947009,M2
101734,EARHART LN/ERSKINE PL,40.861338,-73.82271,BX23 BX26 BX28 BX30 Bx23 Bx26 Bx28 Bx30 Q50
102645,DEWEY AV/CALHOUN AV,40.82151,-73.821773,BX42 Bx42
303960,BEDFORD AV/ATLANTIC AV,40.679153,-73.952972,B49
300026,86 ST/VAN SICKLEN ST,40.591307,-73.976136,B1 B4
308044,ROCKAWAY PKWY/GLENWOOD RD,40.645075,-73.902291,B42 B6 B82
303698,UTICA AV/AVENUE J,40.627782,-73.927946,B46
102778,WHITE PLAINS RD/E 239 ST,40.90008,-73.853004,BX39 Bx39
403151,BROADWAY/W 108 ST,40.803163,-73.967726,M104
901067,POSTAL FACILITY RD/BROOKLYN MAIL FACILITY,40.66491,-73.86333,B14 B20
450176,CHURCH ST/PARK PL,40.713187,-74.009252,BM3 BM4
103443,WEST KINGSBRIDGE RD/BAILEY AV,40.873121,-73.905507,BX9 Bx9
301689,57 ST/12 AV,40.63209,-73.999243,B16
103544,EAST TREMONT AV/HARDING AV,40.81622,-73.815576,BX40 BX42 BXM9 Bx40 Bx42 BxM9
307548,GREENE AV/ADELPHI ST,40.686169,-73.970051,B52
102396,WHITE PLAINS RD/WATSON AV,40.828107,-73.86066,BX36 BX39 Bx36 Bx39
305067,ROCKAWAY AV/BLAKE AV,40.665335,-73.909681,B60
901494,UTICA AV/FILLMORE AV (NON-PUBLIC/FOR RELIEFS),40.614579,-73.926533,B46+ B46-SBS
403847,6 AV/W BROADWAY,40.720944,-74.005145,BXM18 BxM18 M55 X27 X28
303959,BEDFORD AV/DEAN ST,40.67736,-73.952627,B49
302680,39 ST/4 AV,40.652335,-74.005795,B35 B70
301541,SUTTER AV/HENDRIX ST,40.670328,-73.888401,B14
404895,6 AV/SPRING ST,40.725672,-74.003915,M21
402643,AMSTERDAM AV/W 148 ST,40.826908,-73.946446,M100 M101
102543,WEST BURNSIDE AV/LORING PL SOUTH,40.853877,-73.914574,BX40 BX42 Bx40 Bx42
304711,FLUSHING AV/BEDFORD AV,40.698955,-73.957463,B57
104015,EAST FORDHAM RD/3 AV,40.861137,-73.890431,BX12 BX12+ Bx12 Bx12-SBS
901029,ROCKAWAY AV/HEGEMAN AV,40.656047,-73.907383,B8
401380,VARICK ST/NORTH MOORE ST,40.719658,-74.006955,M20
306935,MYRTLE AV/NORTH PORTLAND AV,40.693411,-73.976311,B54
307897,VAN SINDEREN AV/FULTON ST,40.678111,-73.903408,B111 B20 B83 Q24 Q56 T340
308336,5 AV/33 ST,40.654416,-74.000735,B63
405069,AMSTERDAM AV/W 175 ST,40.84381,-73.934076,M101
100264,WESTCHESTER AV/E 163 ST,40.821181,-73.898798,BX4 Bx4
450543,MADISON AV/E 80 ST,40.777087,-73.961481,BXM2 BXM3 BXM4 BxM2 BxM3 BxM4
405249,BROADWAY/W 97 ST,40.794932,-73.971848,M104
304413,MYRTLE AV/MENAHAN ST,40.699018,-73.915784,B54
100828,CITY ISLAND AV/PILOT ST,40.841409,-73.784509,BX29 BXM8 Bx29 BxM8
305608,BERGEN ST/5 AV,40.681477,-73.976882,B65
301788,REMSEN AV/FOSTER AV,40.644569,-73.91097,B17
300550,AVENUE H/E 48 ST,40.632656,-73.930408,B6
307511,HALSEY ST/MARCUS GARVEY BLVD,40.683164,-73.938482,B26
301496,CRESCENT ST/RIDGEWOOD AV,40.685109,-73.872714,B13
305021,S 5 ST/RODNEY ST,40.708536,-73.955981,B60
308727,MILL ST/CLINTON ST,40.675002,-74.001462,B57 B61
553141,WOODHAVEN BLVD/METROPOLITAN AV,40.71208,-73.859987,BM5 Q11 Q52+ Q52-SBS Q53+ Q53-SBS QM15
300290,BAY RIDGE PKWY/5 AV,40.629496,-74.022812,B4
302254,GREENPOINT AV/MANHATTAN AV,40.730102,-73.954444,B24
100151,UNIVERSITY AV/W 176 ST,40.84892,-73.917381,BX18B BX3 BX36 Bx18B Bx3 Bx36
403720,W 135 ST/MALCOLM X BLVD,40.813836,-73.940328,BX33 Bx33
300474,KINGS HWY/CONEY ISLAND AV,40.607249,-73.962372,B82 B82+ B82-SBS
301783,REMSEN AV/CHURCH AV,40.652524,-73.919799,B17 B8
102169,MORRIS AV/E 161 ST,40.825265,-73.918675,BX32 Bx32
403342,2 AV/E 94 ST,40.782675,-73.948302,M15
450109,MADISON AV/E 60 ST,40.764005,-73.97096,BXM10 BXM8 BxM10 BxM8
302963,3 AV/14 ST,40.668252,-73.993832,B37
300122,BRIGHTON BEACH AV/BRIGHTON 1 PL,40.576643,-73.966356,B1 B68
504416,JACKSON AV/47 AV,40.744572,-73.948998,B32 B62 B94 Q101 T323 T403
303778,BROOKLYN AV/ATLANTIC AV,40.67776,-73.944267,B43
100204,WESTCHESTER AV/SAINT ANN'S AV,40.816026,-73.912148,BX4 Bx4
103105,KATONAH AV/E 242 ST,40.902789,-73.86831,BX31 BX34 Bx31 Bx34
101929,EAST GUN HILL RD/BOSTON RD,40.873478,-73.854028,BX28 BX38 Bx28 Bx38
405564,11 AV/W 29 ST,40.752582,-74.004396,M12
400065,MALCOLM X BLVD/W 145 ST,40.82068,-73.935873,M1 M102 M7
100679,HENRY HUDSON PKWY EAST/W 235 ST,40.886072,-73.912529,BX10 BX20 BXM1 BXM18 BXM2 Bx10 Bx20 BxM1 BxM18 BxM2
301943,LINDEN BLVD/LOGAN ST,40.66647,-73.8729,B20 BM5
100056,SEDGWICK AV/DICKINSON AV,40.882852,-73.888859,BX1 BX10 BX2 Bx1 Bx10 Bx2
103186,CROSBY AV/WATERBURY AV,40.837996,-73.828786,BX8 Bx8
100076,RIVERDALE AV/W 238 ST,40.887911,-73.907577,BX7 Bx7
504115,GATES AV/SENECA AV,40.703019,-73.908746,B13
304646,NASSAU ST/GOLD ST,40.698278,-73.98252,B57 B69
303193,RALPH AV/FULTON ST,40.678513,-73.921744,B47
303875,FRANKLIN AV/MADISON ST,40.68374,-73.956246,B48
303466,NOSTRAND AV/RUTLAND RD,40.659055,-73.950546,B44
405074,AMSTERDAM AV/W 152 ST,40.829905,-73.944107,M100
404161,10 AV/W 19 ST,40.745426,-74.005684,M11
103261,HENRY HUDSON PKWY EAST/W 246 ST,40.893486,-73.907923,BX20 Bx20
401664,WATER ST/BROAD ST,40.703036,-74.010834,M15
305263,GRAHAM AV/GRAND ST,40.711973,-73.943884,B43
308080,9 ST/2 AV,40.672778,-73.993558,B61
306088,LORRAINE ST/HICKS ST,40.673983,-74.005656,B57 B61
305833,VANDERBILT AV/WILLOUGHBY AV,40.691255,-73.969544,B69
305373,5 AV/18 ST,40.663243,-73.991377,B63
101781,JEROME AV/WEST KINGSBRIDGE RD,40.867595,-73.897384,BX28 BX32 BX38 BX95 Bx28 Bx32 Bx38
305335,4 AV/MARINE AV,40.614236,-74.032305,B63
100187,UNIVERSITY AV/W 192 ST,40.867105,-73.902085,BX3 Bx3
102419,WHITE PLAINS RD/GLEASON AV,40.830809,-73.861634,BX36 BX39 Bx36 Bx39
302719,CHURCH AV/KINGS HWY,40.652394,-73.922293,B35
306982,HARWAY AV/BAY 50 ST,40.587645,-73.984241,B64
101697,ALLERTON AV/WHITE PLAINS RD,40.865351,-73.86687,BX25 BX26 Bx25 Bx26
303513,LEE AV/HEWES ST,40.70338,-73.95742,B44 B44+ B44-SBS
902151,WHITE PLAINS RD/PELHAM PKWY,40.857325,-73.867639,BX30 Bx30
101875,EAST GUN HILL RD/DEWITT PL,40.869944,-73.845334,BX28 BX38 Bx28 Bx38 T113
300366,SHEEPSHEAD BAY RD/EMMONS AV,40.583619,-73.950517,B4 B49
102418,WHITE PLAINS RD/WATSON AV,40.828688,-73.860722,BX36 BX39 Bx36 Bx39
301008,60 ST/8 AV,40.635751,-74.009847,B9
306155,RALPH AV /AVENUE L,40.624571,-73.917638,B47 BM1
150020,BOSTON RD/MATTHEWS AV,40.865355,-73.862679,BX30 Bx30
303422,BEDFORD AV/FLUSHING AV,40.698884,-73.956915,B44 B44+ B44-SBS
403703,W 155 ST/AMSTERDAM AV,40.831576,-73.942887,BX6 BX6+ Bx6 Bx6-SBS
306153,RALPH AV /AVENUE N,40.619781,-73.917171,B47 BM1
552838,28 AV/ULMER ST,40.772893,-73.837008,CPAS Q25
801026,LIVINGSTON ST/COURT ST,40.691439,-73.991194,B45
504238,SENECA AV/CORNELIA ST,40.701057,-73.90486,B38
103195,CLARENCE AV/PHILIP AV,40.831031,-73.816352,BX8 Bx8
308651,HARWAY AV/BAY 50 ST,40.587843,-73.984326,B64
307238,FULTON ST/VAN SINDEREN AV,40.677953,-73.903754,B20 B25 Q24 T340 T430 T434
100495,WILLIAMSBRIDGE RD/RHINELANDER AV,40.852588,-73.853022,BX8 Bx8
150055,EINSTEIN LOOP/ELGAR PL,40.864324,-73.822044,BXM7 BxM7
450060,5 AV/W 43 ST,40.754111,-73.980576,BXM10 BXM11 BXM18 BXM6 BXM7 BXM8 BXM9 BxM10 BxM11 BxM18 BxM6 BxM7 BxM8 BxM9 SIM23 SIM24
400122,5 AV/E 77 ST,40.77561,-73.964837,M1 M2 M3 M4
301759,TROY AV/CARROLL ST,40.666673,-73.936811,B17
400622,BROADWAY/W 163 ST,40.838005,-73.941772,M4 M5
403416,LEXINGTON AV/E 116 ST,40.798149,-73.942022,M101 M102 M103 M98
303790,EMPIRE BLVD/BEDFORD AV,40.663526,-73.957647,B43
300981,AVENUE M/OCEAN AV,40.618568,-73.955511,B9
303164,BROADWAY/HOOPER ST,40.707109,-73.95389,B46 T410 T433
402691,3 AV/E 75 ST,40.771857,-73.959001,M101 M102 M103
802091,PROSPECT AV/WESTCHESTER AV,40.819383,-73.901827,BX46 Bx46
100132,GRAND CONCOURSE/E 163 ST,40.828357,-73.922106,BX1 BX2 Bx1 Bx2
103516,AILEEN RYAN OVAL/METROPOLITAN AV,40.837847,-73.860239,BX22 Bx22
103028,PELHAM PKWY/STILLWELL AV,40.856696,-73.836552,BX12 BX12+ Bx12 Bx12-SBS
302765,CHURCH AV/CONEY ISLAND AV,40.64651,-73.97071,B35
303796,CLASSON AV/PRESIDENT ST,40.669925,-73.961793,B48
302470,HALSEY ST/STUYVESANT AV,40.683828,-73.931822,B26
301615,86 ST/5 AV,40.621293,-74.026112,B1 B16
100675,KAPPOCK ST/JOHNSON AV,40.87756,-73.9178,BX10 BX20 BXM1 BXM18 BXM2 Bx10 Bx20 BxM1 BxM18 BxM2
100540,WILLIAMSBRIDGE RD/RHINELANDER AV,40.852119,-73.852911,BX8 Bx8
100984,WESTCHESTER AV/ROBERTS AV,40.845604,-73.834137,BX24 BX8 Bx24 Bx8
400225,CENTRAL PARK NORTH/ADAM C POWELL BLVD,40.799354,-73.954975,M2 M3 M4
100977,COUNTRY CLUB RD/MC DONOUGH PL,40.842745,-73.825073,BX24 Bx24
301803,SEAVIEW AV/E 102 ST,40.635964,-73.886066,B17
401832,E 23 ST/2 AV,40.737663,-73.980554,M23+ M23-SBS M34+ M34-SBS M34A+ M34A-SBS M9
300875,FOSTER AV/FLATBUSH AV,40.638495,-73.953477,B8
302606,GERRITSEN AV/CHANNEL AV,40.595042,-73.927437,B31
404843,PIKE ST/MADISON ST,40.71288,-73.992288,M15
303537,SAINT JOHNS PL/CLASSON AV,40.672983,-73.960327,B45
102260,BAINBRIDGE AV/EAST MOSHOLU PKWY NORTH,40.872951,-73.880635,BX28 BX34 BX38 Bx28 Bx34 Bx38
100070,RIVERDALE AV/W 238 ST,40.888109,-73.907428,BX7 Bx7
102111,MORRIS AV/E 149 ST,40.817702,-73.922512,BX32 Bx32
402022,WEST HOUSTON ST/AVENUE OF THE AMERICAS,40.728226,-74.002663,M21
552988,8 ST/ASTORIA BLVD,40.772809,-73.932546,B62 Q103 Q18
300086,BAY RIDGE AV/13 AV,40.623729,-74.004056,B64
100676,KAPPOCK ST/KNOLLS CRES,40.879219,-73.916629,BX10 BX20 BXM1 BXM18 BXM2 Bx10 Bx20 BxM1 BxM18 BxM2
505101,GATES AV/CYPRESS AV,40.702312,-73.909309,B13
104312,WESTCHESTER AV/BRYANT AV,40.82626,-73.888662,BX27 BX4 BX4A Bx27 Bx4 Bx4A
350092,E 66 ST / MAYFAIR DR N,40.611666,-73.906543,B100 BM1
305793,8 AV/13 ST,40.663562,-73.98095,B61
100462,RIVERDALE AV/W 254 ST,40.901876,-73.905866,BX10 BX7 BXM1 BXM18 BXM2 Bx10 Bx7 BxM1 BxM18 BxM2
303406,NEW YORK AV/BERGEN ST,40.675821,-73.947087,B44
901834,BERGEN ST/5 AV,40.681572,-73.977125,B63
308815,ALABAMA AV/FULTON ST,40.67672,-73.899944,B12 B25
102977,WEBSTER AV/E 205 ST,40.872789,-73.875012,BX41 Bx41
308155,McDONALD AV/20 ST,40.654895,-73.981857,B67 B69
300924,3 AV/65 ST,40.639222,-74.02359,B37 X27 X37
302020,BROADWAY/CHAUNCEY ST,40.682435,-73.909794,B20 Q24
405508,E 23 ST/1 AV,40.736071,-73.97724,M23+ M23-SBS
300411,4 AV/77 ST,40.62957,-74.025708,B4
306943,49 ST/13 AV,40.63529,-73.992473,B11
300220,AVENUE U/FLATBUSH AV,40.610106,-73.921794,B3
305537,HARWAY AV/BAY 41 ST,40.591653,-73.990872,B64
303628,MALCOLM X BLVD/GREENE AV,40.691046,-73.930589,B46
404080,E 106 ST/MADISON AV,40.793835,-73.949832,M106
404335,MALCOLM X BLVD/W 142 ST,40.818795,-73.937266,M1 M102 M7
305672,7 AV/BERKELEY PL,40.675207,-73.975038,B67 B69
302864,SURF AV/W 29 ST,40.57292,-73.99508,B36 X38
402551,BROADWAY/W 204 ST,40.867016,-73.922896,BX7 Bx7
307125,MYRTLE AV/MARCUS GARVEY BLVD,40.696272,-73.940847,B54
306796,GOLD ST/YORK ST,40.701066,-73.982897,B62 B67
404100,EAST HOUSTON ST/RIDGE ST,40.720652,-73.981642,M21 M9
304113,FLATLANDS AV/E 57 ST,40.630235,-73.921638,B82
301599,EASTERN PKWY/ROCHESTER AV,40.668888,-73.928204,B14
100727,JEROME AV/EAST MOSHOLU PKWY NORTH,40.880473,-73.88375,BX10 BX95 Bx10
301384,JAMAICA AV/FANCHON PL,40.677717,-73.898425,B20 B83 Q24 Q56
300470,AVENUE P/OCEAN AV,40.610932,-73.954068,B7 B82 B82+ B82-SBS
102661,EAST TREMONT AV/SCHLEY AV,40.824702,-73.820257,BX40 Bx40
301751,REMSEN AV/CLARKSON AV,40.657941,-73.925541,B17
102131,JEROME AV/E 177 ST,40.850092,-73.910575,BX32 Bx32
404994,MADISON AV/E 66 ST,40.767836,-73.968184,M1 M2 M3 M4 M72
405561,BOWERY/E HOUSTON ST,40.724412,-73.992372,M103
100109,GRAND CONCOURSE/EAST BURNSIDE AV,40.852725,-73.903718,BX1 BX2 BXM4 Bx1 Bx2 BxM4
403763,W 125 ST/OLD BROADWAY,40.815072,-73.957587,M104 M125
100640,SOUTHERN BLVD/EAST FORDHAM RD,40.856252,-73.880972,BX19 BX9 Bx19 Bx9
303390,NEW YORK AV/CHURCH AV,40.651269,-73.94662,B44 B96
402662,E 125 ST/PARK AV,40.804825,-73.938662,M125
303340,FLATBUSH AV/FILLMORE AV,40.614695,-73.92828,B41 B9
306624,NEW YORK AV/EAST NEW YORK AV,40.662064,-73.947783,B44
307681,GATES AV/LEWIS AV,40.687873,-73.935615,B52
300640,BEDFORD AV/AVENUE I,40.628336,-73.952097,B11 B6
305438,5 AV/39 ST,40.651061,-74.004227,B63
403822,LEXINGTON AV/E 31 ST,40.744101,-73.981463,M101 M102 M103
401698,1 AV/E 42 ST,40.749251,-73.969332,M15
103539,E 229 ST/SCHIEFFELIN PL,40.884042,-73.842327,BX31 Bx31
303673,UTICA AV/ATLANTIC AV,40.677591,-73.930372,B46
306022,9 ST/4 AV,40.670274,-73.988461,B61
404876,W 168 ST/AUDUBON AV,40.840634,-73.938644,M2
308036,UTICA AV/FARRAGUT RD,40.637187,-73.928955,B46
505074,FLUSHING AV/58 DR,40.719503,-73.906633,B57
902203,RIVERDALE AV/W 231 ST,40.881264,-73.909381,BX1 BX2 Bx1 Bx2
102166,MORRIS AV/E 166 ST,40.830639,-73.915699,BX32 Bx32
403595,LEXINGTON AV/E 65 ST,40.765636,-73.965813,BXM1 BxM1
300363,E 16 ST/SHEEPSHEAD BAY RD,40.587307,-73.953339,B102 B4 B49
401771,2 AV/E 42 ST,40.749502,-73.972517,M15+ M15-SBS
401444,AMSTERDAM AV/W 125 ST,40.813745,-73.955868,M100 M101 M104 M11
101692,BEDFORD PARK BLVD/BAINBRIDGE AV,40.869884,-73.885322,BX25 BX26 Bx25 Bx26
302722,CHURCH AV/E 94 ST,40.654816,-73.916683,B35 B8
101772,BEDFORD PARK BLVD/WEBSTER AV,40.86787,-73.88402,BX25 BX26 Bx25 Bx26
300766,KINGS HWY/AVENUE D,40.642517,-73.92538,B7 B8
308927,KINGS HWY/AVENUE H,40.632903,-73.929616,B7
102013,BOSTON RD/BRUNER AV,40.879687,-73.842526,BX30 Bx30
300544,GLENWOOD RD/BROOKLYN AV,40.634312,-73.941658,B6
401414,AMSTERDAM AV/W 59 ST,40.770631,-73.987328,M11
100612,BROADWAY/W 254 ST,40.901274,-73.897016,BX9 BXM3 Bx9 BxM3
300262,AVENUE U/E 23 ST,40.599714,-73.948955,B3
300614,FLATLANDS AV/E 82 ST,40.63633,-73.912123,B6 B82 B82+ B82-SBS
400119,5 AV/E 84 ST,40.780435,-73.961321,M1 M2 M3 M4
403620,E 57 ST/MADISON AV,40.762047,-73.971943,M31 M57 SIM11 SIM22 SIM25 SIM26 SIM31 SIM6 SIM8
305035,MORGAN AV/THAMES ST,40.704663,-73.931494,B60
101214,PROSPECT AV/HOME ST,40.828223,-73.897943,BX17 Bx17
305364,5 AV/36 ST,40.65281,-74.00217,B63
405494,HELL GATE CIRCLE/Opp ODYSSEY House,40.784581,-73.927653,M35
308735,4 AV/4 ST,40.673308,-73.986535,B103
303349,ROCKAWAY PKWY/AVENUE K,40.640465,-73.897268,B42
307508,FLATLANDS AV/UTICA AV,40.625963,-73.927911,B82 B82+ B82-SBS
302371,FULTON ST/CLERMONT AV,40.683904,-73.968617,B25 B26
301721,3 AV/SHORE RD,40.612681,-74.035895,B16 X27 X37
101137,BAINBRIDGE AV/E 212 ST,40.883539,-73.877631,BX16 BX34 BXM4 Bx16 Bx34 BxM4
701185,PUTNAM AV/FOREST AV,40.705428,-73.901219,B20
304420,MYRTLE AV/KNICKERBOCKER AV,40.698871,-73.918265,B54 M90
505249,11 ST/47 AV,40.745277,-73.950541,B32
307578,BEDFORD AV/N 11 ST,40.720221,-73.955083,B62
307629,ELDERT LN/LORING AV,40.667652,-73.86246,B13 B14 B20
100641,SOUTHERN BLVD/E 187 ST,40.853173,-73.881852,BX19 BX9 Bx19 Bx9
901550,MCDONALD AV/AVENUE N,40.613919,-73.974003,B90
403670,W 179 ST/BROADWAY,40.849167,-73.937993,BX11 BX36 Bx11 Bx36 M98
308365,BAY PKWY/83 ST,40.603843,-73.991688,B6 B82
302695,CHURCH AV / OCEAN PKWY,40.645256,-73.97336,B103 B35 BM3 BM4
306172,CLARKSON AV/REMSEN AV,40.657878,-73.925025,B47
300569,FLATLANDS AV/E 92 ST,40.641223,-73.90424,B6 B82
102769,WHITE PLAINS RD/NEREID AV,40.898304,-73.854405,BX39 BXM11 Bx39 BxM11
308641,FLATBUSH AV/PACIFIC ST,40.683169,-73.976717,B41 B67
802156,RIVER AV/E 157 ST,40.825982,-73.926969,BX13 Bx13
302697,CHURCH AV/WESTMINSTER RD,40.647415,-73.968043,B35
405521,COLUMBUS CIRCLE/8 AV,40.767698,-73.982285,M104
402023,WEST HOUSTON ST/SULLIVAN ST,40.727478,-74.001098,M21
307089,UTICA AV/FLATBUSH AV,40.61344,-73.926412,B46
306262,VANDALIA AV /ARDSLEY LOOP,40.651586,-73.883106,B83 BM5
402642,AMSTERDAM AV/W 150 ST,40.82806,-73.945613,M101
404202,BROADWAY/RECTOR ST,40.70741,-74.012137,BXM18 BxM18 SIM4 SIM4C
302440,OLD FULTON ST/PROSPECT ST,40.70106,-73.991106,B25
403145,BROADWAY/W 122 ST,40.811738,-73.961462,M104 M4
300369,NEPTUNE AV/E 12 ST,40.582484,-73.957604,B4
304084,PENNSYLVANIA AV /GENEVA LOOP,40.646385,-73.87987,B82 B83 BM2 BM5
103309,WHITE PLAINS RD/MORRIS PK AV,40.844848,-73.866108,BX22 BX39 Bx22 Bx39
401951,E 106 ST/1 AV,40.789401,-73.939775,M106
303714,EMPIRE BLVD/NEW YORK AV,40.664019,-73.947655,B43
504138,CYPRESS HILLS ST/CYPRESS AV,40.692468,-73.882906,B13
400032,MADISON AV/E 77 ST,40.775322,-73.962739,M1 M2 M3 M4
101289,WEST TREMONT AV/UNIVERSITY AV,40.850906,-73.915779,BX18A Bx18A
103310,WHITE PLAINS RD/EAST TREMONT AV,40.840718,-73.864404,BX36 BX39 Bx36 Bx39
301405,ALBANY AV/FENIMORE ST,40.659453,-73.939751,B12
102906,METROPOLITAN AV/WOOD AV,40.835396,-73.861261,BX4A Bx4A
308889,LINDEN BLVD/EUCLID AV,40.668041,-73.869579,B13
901833,RIVERDALE AV/SARATOGA AV,40.660075,-73.91529,B99
306268,STILLWELL AV/AVENUE T,40.598292,-73.985441,B4
305718,CONEY ISLAND AV/DITMAS AV,40.635593,-73.967599,B68
302368,FULTON ST/LAFAYETTE AV,40.687146,-73.97669,B25 B26 B52
303544,SAINT JOHNS PL/KINGSTON AV,40.671086,-73.941623,B45
401575,W 14 ST/8 AV,40.739621,-74.002394,L92 M14A+ M14A-SBS M14D+ M14D-SBS
301170,50 ST/8 AV,40.640876,-74.003419,B11
150056,EINSTEIN LOOP/ELGAR PL,40.864219,-73.822122,BXM7 BxM7
300214,AVENUE U/E 33 ST,40.60495,-73.9299,B3
930105,2 AV/37 ST,40.656098,-74.009576,B35 B70
102244,KATONAH AV/E 239 ST,40.900605,-73.867714,BX31 BX34 Bx31 Bx34
103794,BAY PLAZA BLVD/BAY PLAZA DR,40.866285,-73.826858,BX25 BX38 Bx25 Bx38
403765,3 AV/E 93 ST,40.783505,-73.950493,M101 M102 M103
305752,CONEY ISLAND AV/AVENUE J,40.624418,-73.965241,B68
302908,3 AV/20 ST,40.664599,-73.996633,B37
308980,OTSEGO ST/CREAMER ST,40.674361,-74.009923,B57
104371,3 AV/CLAREMONT PKWY,40.838042,-73.90119,BX15 Bx15
300098,86 ST/17 AV,40.608331,-74.004599,B1
404823,CENTRE ST/GRAND ST,40.720448,-73.997887,M1
308848,RALPH AV/BERGEN AV,40.629914,-73.918285,B47
300660,BAY PKWY/71 ST,40.610265,-73.985298,B6
306958,EMPIRE BLVD/FLATBUSH AV,40.663138,-73.961778,B48
100723,W 205 ST/PAUL AV,40.876999,-73.889855,BX22 BX25 BX26 Bx22 Bx25 Bx26
404983,BATTERY PL/WEST ST,40.704998,-74.017384,M20
802024,BAY PLAZA BLVD/BARTOW AV,40.867349,-73.824572,BX25 BX38 Bx25 Bx38
402349,YORK AV/E 77 ST,40.769815,-73.951645,M31
308715,NOSTRAND AV/AVENUE X,40.594789,-73.940677,B36 B44
306722,ROCKAWAY AV/RIVERDALE AV,40.661332,-73.908529,B60
101731,HUNTER AV/BOLLER AV,40.862276,-73.825477,BX23 BX26 BX28 BX30 Bx23 Bx26 Bx28 Bx30 Q50
901741,NOSTRAND AV/FLATBUSH AV,40.632521,-73.94758,B96
100284,STORY AV/THIERIOT AV,40.823673,-73.862104,BX5 Bx5
400595,CATHEDRAL PKWY/MANHATTAN AV,40.801417,-73.959954,M4
302293,BROADWAY/MARCY AV,40.708202,-73.957591,B106 B24 B46
306553,MCDONALD AV/GREENWOOD AV,40.649876,-73.980715,B67 B69
306874,CHURCH AV/STORY ST,40.641969,-73.981612,B35
801077,GLENWOOD RD/E 96 ST,40.644854,-73.90264,B17
400231,ADAM C POWELL BLVD/W 123 ST,40.80752,-73.949175,M2
150040,CROSBY AV/WESTCHESTER AV,40.846915,-73.832051,BXM8 BxM8
904920,PIKE ST/SOUTH ST,40.710336,-73.991857,M15
102547,EAST BURNSIDE AV/JEROME AV,40.853609,-73.906964,BX40 BX42 Bx40 Bx42
306727,ROCKAWAY AV/BELMONT AV,40.668676,-73.910408,B60
104598,3 AV/CROSS BRONX EXPWY,40.84331,-73.898018,BX15 Bx15
100065,W 231 ST/BROADWAY,40.879254,-73.9054,BX1 BX10 BX2 BX20 BX7 Bx1 Bx10 Bx2 Bx20 Bx7
405318,WATER ST/PINE ST,40.705518,-74.006816,M15+ M15-SBS
302015,SCHAEFER ST/WILSON AV,40.690003,-73.907581,B20
303341,FLATBUSH AV/AVENUE S,40.613069,-73.926589,B41 B9 Q35
103177,CROSBY AV/MIDDLETOWN RD,40.844191,-73.830462,BX8 Bx8
104223,3 AV/E 189 ST,40.860483,-73.890837,BX15 Bx15
101542,BRONX PARK EAST/BRADY AV,40.852713,-73.868901,BX22 Bx22
400404,SAINT NICHOLAS AV/W 141 ST,40.821124,-73.946034,M3
300791,CROPSEY AV/16 AV,40.60502,-74.012147,B8 X28 X38
301550,SUTTER AV/EUCLID AV,40.67281,-73.871152,B13 B14
100155,UNIVERSITY AV/WEST BURNSIDE AV,40.854707,-73.911236,BX3 BX40 BX42 Bx3 Bx40 Bx42
405499,YORK AV/E 60 ST,40.759392,-73.959263,M31
100234,WESTCHESTER AV/CASTLE HILL AV,40.834155,-73.851827,BX4 Bx4 T103
101239,CROTONA AV/E 182 ST,40.850101,-73.886813,BX17 Bx17
306273,FLATBUSH AV/E 46 ST,40.616934,-73.930461,B41 B9
400484,MANHATTAN AV/W 112 ST,40.802216,-73.958968,M116 M3 M7
307599,ELDERT LN/LORING AV,40.668189,-73.862477,B13 B15 B20
300244,AVENUE U/MILL AV,40.615236,-73.914287,B3
305108,COLUMBIA ST/ATLANTIC AV,40.691443,-73.999437,B61
307737,NOSTRAND AV/CHURCH AV,40.650362,-73.949609,B44 B44+ B44-SBS B96
103917,SOUTHERN BLVD/EAST TREMONT AV,40.842926,-73.885763,BX19 Bx19
102579,EAST TREMONT AV/SAINT RAYMONDS AV,40.842609,-73.845686,BX40 BX42 BX4A Bx40 Bx42 Bx4A
302681,39 ST/5 AV,40.651303,-74.004083,B35 B70
308803,UTICA AV/AVENUE K,40.625673,-73.927481,B46
350133,FILLMORE AV / RYDER ST,40.61275,-73.931263,B100
150124,VAN CORTLANDT AV W/BAILEY AV,40.885543,-73.89483,BXM3 BxM3
104107,EAST TREMONT AV/PHILIP AV,40.828171,-73.823746,BX40 BX42 Bx40 Bx42
404978,MALCOLM X BLVD/W 119 ST,40.803636,-73.948676,M102 M7
403457,MADISON AV / E 40 ST,40.751633,-73.980114,BM1 BM2 BM3 BM4 BM5 M3 M4
101717,BAYCHESTER AV/DONIZETTI PL,40.876173,-73.833697,BX23 BX25 BX28 BX30 BX38 Bx23 Bx25 Bx28 Bx30 Bx38 Q50
404019,W 135 ST/RIVERSIDE DR,40.820863,-73.957,M11 M5
305733,PROSPECT PARK SOUTHWEST/BARTEL PRITCHARD SQ,40.660699,-73.979409,B68
405406,LEXINGTON AV/E 64 ST,40.765236,-73.966019,M101 M102 M103
301148,NEW LOTS AV/ESSEX ST,40.667599,-73.879711,B15
307246,FULTON ST/BUFFALO AV,40.679063,-73.924105,B25
400329,5 AV/W 23 ST,40.74124,-73.990062,M1 M2 M3 M55
306373,BAYVIEW AV/W 36 ST,40.580932,-74.002498,B36 B74
350069,AVENUE X / E 28 ST,40.593524,-73.942777,BM3
308121,9 ST/3 AV,40.671175,-73.990656,B61
303334,VETERANS AV /E 66 ST,40.619768,-73.913159,B41 BM1
300827,FOSTER AV/OCEAN AV,40.636454,-73.957974,B49 B8
307225,WORTMAN AV/VAN SICLEN AV,40.657675,-73.883371,B20
802060,LANE AV/BENSON AV,40.840285,-73.843243,BX4A Bx4A
301091,LEWIS AV/BROADWAY,40.698455,-73.938104,B15
302834,NOSTRAND AV/AVENUE Z,40.589656,-73.939965,B36 B44
305632,7 AV/3 ST,40.67075,-73.978241,B67 B69
102942,WHITE PLAINS RD/EAST GUN HILL RD,40.877512,-73.866027,BX39 BX41+ Bx39 Bx41-SBS T117
301614,86 ST/4 AV,40.622299,-74.027696,B1 B16
307832,AVENUE M/E 13 ST,40.617723,-73.961988,B9
305446,5 AV/56 ST,40.641555,-74.014114,B63
404013,RIVERSIDE DR/W 137 ST,40.822435,-73.955855,M11
308114,FLATLANDS AV/E 103 ST,40.646733,-73.896124,B60 B82
401507,9 AV/W 18 ST,40.7432,-74.003816,M11 M12 M14D+ M14D-SBS
300807,18 AV/64 ST,40.619927,-73.989251,B8
303087,DE KALB AV/MARCY AV,40.691717,-73.948892,B38
405289,FREDERICK DOUGLASS BLVD/W 121 ST,40.807524,-73.953286,M10
300146,AVENUE R/NOSTRAND AV,40.607307,-73.943357,B2 B31
300195,AVENUE U/McDONALD AV,40.59689,-73.973433,B3
300034,86 ST/23 AV,40.600524,-73.991422,B1
100643,SOUTHERN BLVD/E 182 ST,40.847976,-73.883339,BX19 BX9 Bx19 Bx9
404333,MALCOLM X BLVD/W 122 ST,40.806067,-73.946561,M102 M7
350104,E 80 ST / PAERDEGAT 4 ST,40.632041,-73.909462,B103 BM2
403317,ESSEX ST/GRAND ST,40.71682,-73.989005,L92 M14A+ M14A-SBS M9
300476,KINGS HWY/OCEAN PKWY,40.605847,-73.966597,B82
303917,OCEAN AV/AVENUE T,40.602564,-73.951904,B49
403950,W 145 ST/RIVERSIDE DR,40.827014,-73.951571,BX19 Bx19
101488,CASTLE HILL AV/GLEASON AV,40.832242,-73.851,BX22 Bx22
102702,EAST BURNSIDE AV/GRAND CONCOURSE,40.852663,-73.903962,BX40 BX42 Bx40 Bx42
400066,W 147 ST/MALCOLM X BLVD,40.821952,-73.935729,M1 M102 M7
400418,SAINT NICHOLAS AV/W 170 ST,40.842529,-73.938555,M3
308128,NEPTUNE AV/SHORE BLVD,40.583018,-73.954431,B4
103255,EDSON AV/BARTOW AV,40.868062,-73.833072,BX12 BX12+ BX5 Bx12 Bx12-SBS Bx5
303301,FLATBUSH AV/8 AV,40.675771,-73.971508,B41 B69
307096,NASSAU AV/MANHATTAN AV,40.72384,-73.950192,B48
302823,NOSTRAND AV/AVENUE Z,40.589929,-73.939713,B36 B44
301724,4 AV/99 ST,40.613509,-74.03312,B16 B37
503626,48 ST/48 AV,40.738971,-73.91758,B24
404076,E 106 ST/LEXINGTON AV,40.792011,-73.945969,M106
303456,NOSTRAND AV/PACIFIC ST,40.677335,-73.94988,B44
307829,BERGEN ST/VANDERBILT AV,40.679573,-73.968673,B65
402611,BROADWAY/ISHAM ST,40.868072,-73.919801,BX12 BX12+ Bx12 Bx12-SBS
301108,ALBANY AV/FULTON ST,40.679344,-73.938508,B15
102373,E 180 ST/CROTONA AV,40.847882,-73.888519,BX40 BX42 Bx40 Bx42
300587,WORTMAN AV/SCHENCK AV,40.658398,-73.881415,B20
308871,KINGS HWY/FLATBUSH AV,40.622325,-73.936666,B7 B82+ B82-SBS
101142,E 233 ST/KEPLER AV,40.896584,-73.870572,BX16 BX34 BXM4 Bx16 Bx34 BxM4
302378,FULTON ST/FRANKLIN AV,40.680982,-73.955289,B25
301059,E 98 ST/RIVERDALE AV,40.66,-73.917326,B15
103335,WHITE PLAINS RD/MAGENTA ST,40.875046,-73.866984,BX39 Bx39
300335,E 14 ST/SHEEPSHEAD BAY RD,40.587519,-73.955125,B102 B4 B49
400264,EDGECOMBE AV/W 162 ST,40.835011,-73.937775,M2
404947,LEXINGTON AV/E 92 ST,40.78294,-73.953141,M101 M102 M103
306819,AVENUE N/E 3 ST,40.614245,-73.97147,B9
100772,E 170 ST/JEROME AV,40.840227,-73.917484,BX11 Bx11
401785,2 AV/E 6 ST,40.727161,-73.988785,M15
103903,WHITE PLAINS RD/WOOD AV,40.835216,-73.863222,BX36 BX39 Bx36 Bx39
300226,AVENUE U / E 64 ST,40.616435,-73.912189,B100 B3
303660,BROADWAY/MYRTLE AV,40.696737,-73.934982,B46 B47 T410 T433
100924,OGDEN AV/W 166 ST,40.835332,-73.92814,BX13 Bx13
303928,OCEAN AV / AVENUE I,40.628,-73.956624,B49 BM1 BM3 BM4
308038,FORT HAMILTON PKWY/MARINE AV,40.613323,-74.030616,B8
307203,92 ST/GATLING PL,40.616926,-74.027344,B70 B8 S53 S79+ S79-SBS S93
101210,PROSPECT AV/WESTCHESTER AV,40.820222,-73.901265,BX17 Bx17
303408,NEW YORK AV/ATLANTIC AV,40.678703,-73.946818,B44
305598,BERGEN ST/NOSTRAND AV,40.676171,-73.950325,B65
405138,1 AV/E 60 ST,40.760125,-73.961495,M15
304083,SEAVIEW AV / PENNSYLVANIA AV,40.643015,-73.878354,B82 B82+ B82-SBS B83 BM2 BM5
305740,CONEY ISLAND AV/CATON PL,40.649732,-73.971963,B68
104235,EAST FORDHAM RD/VALENTINE AV,40.862237,-73.895647,BX12 Bx12
102584,EAST TREMONT AV/WATERBURY AV,40.836269,-73.833684,BX40 BX42 Bx40 Bx42
101767,ALLERTON AV/MATTHEWS AV,40.865554,-73.862986,BX25 BX26 Bx25 Bx26
302228,CORTELYOU RD / E 19 ST,40.643033,-73.960668,B103 BM1 BM2 BM3 BM4
300117,OCEAN PKWY/SHORE PKWY,40.584715,-73.966889,B1 B36 B4
103900,CROSS BRONX EXPWY SERVICE RD SOUTH/E 174 ST,40.834919,-73.867288,BX11 Bx11 Q44+ Q44-SBS
401462,AMSTERDAM AV/W 123 ST,40.811034,-73.958114,M11
402016,W 106 ST/COLUMBUS AV,40.799239,-73.962661,M116
903370,YORK AV/E 60 ST,40.759129,-73.959325,M31
305174,MANHATTAN AV/NASSAU AV,40.723452,-73.950693,B43 B62 B94 T403
308061,GRAND ARMY PLAZA/FLATBUSH AV,40.674107,-73.970688,B41
403458,MADISON AV/E 41 ST,40.752028,-73.979748,M1 M2 SIM31 SIM33C SIM4C
101275,MACOMBS RD/NELSON AV,40.848384,-73.916285,BX18B Bx18B
402348,YORK AV/E 79 ST,40.771081,-73.950753,M31
100087,HEATH AV/SUMMIT PL,40.878321,-73.900958,BX1 BX2 Bx1 Bx2
301691,57 ST/FORT HAMILTON PKWY,40.634494,-74.003217,B16
401193,E 14 ST/1 AV,40.731086,-73.982172,L92 M14A+ M14A-SBS M14D+ M14D-SBS
307228,BROADWAY/LAFAYETTE AV,40.692336,-73.927167,B47 Q24
901267,QUENTIN RD/E 16 ST,40.608453,-73.956546,B31
300388,STILLWELL AV/AVENUE S,40.600653,-73.985898,B4
300449,KINGS HWY/OCEAN AV,40.61054,-73.953732,B7 B82 B82+ B82-SBS
104221,SOUTHERN BLVD/E 163 ST,40.820842,-73.891773,BX19 Bx19
300912,18 AV/CROPSEY AV,40.602753,-74.007454,B8
304437,MYRTLE AV/FRANKLIN AV,40.694385,-73.958216,B54
103449,PAUL AV/BEDFORD PARK BLVD,40.874638,-73.891419,BX10 BX28 BX38 Bx10 Bx28 Bx38
101737,HUTCHINSON RIVER PKWY/EINSTEIN LOOP SOUTH,40.864923,-73.824001,BX23 BX26 BX28 BX30 Bx23 Bx26 Bx28 Bx30 Q50
301076,TROY AV/ATLANTIC AV,40.677953,-73.935747,B15
308053,AVENUE J/CONEY ISLAND AV,40.62483,-73.964229,B6
801172,4 AV/DEAN ST,40.68353,-73.979074,B37
103576,METROPOLITAN AV/PURDY ST,40.840554,-73.853638,BX4A Bx4A
102782,WHITE PLAINS RD/E 233 ST,40.893553,-73.857362,BX39 Bx39 T117
308421,5 AV/78 ST,40.626979,-74.023755,B63
300804,18 AV/70 ST,40.616444,-73.992778,B8
103703,EASTCHESTER RD/WATERS PL,40.846531,-73.844762,BX31 Bx31
305736,PROSPECT PARK SOUTHWEST/TERRACE PL,40.656027,-73.973766,B68
904302,JAMAICA AV/WOODHAVEN BLVD,40.693511,-73.85247,J90
303477,NOSTRAND AV/NEWKIRK AV,40.640085,-73.948517,B44+ B44-SBS B8 B96
100563,SOUTHERN BLVD/E 187 ST,40.853214,-73.881577,BX19 BX9 Bx19 Bx9
301067,BUFFALO AV/SAINT JOHNS PL,40.670684,-73.925307,B15 B45 B65
303290,LIVINGSTON ST / SMITH ST,40.690347,-73.987739,B103 B45 B67
404926,W 24 St/11 AV,40.749997,-74.007489,M12 M23+ M23-SBS
308680,WYTHE AV/N 12 ST,40.722116,-73.957694,B32
802008,BAINBRIDGE AV/E 206 ST,40.874804,-73.879385,BX28 BX34 BX38 Bx28 Bx34 Bx38
101956,WEBSTER AV/E 204 ST,40.871368,-73.876451,BX41 BX41+ Bx41 Bx41-SBS
307107,PENNSYLVANIA AV / SEAVIEW AV,40.644004,-73.87768,B82 B83 BM2 BM5
303695,UTICA AV/GLENWOOD RD,40.634834,-73.928705,B46
350036,AVENUE K /E 52 ST,40.62592,-73.925483,BM1
307628,ELDERT LN/LINDEN BLVD,40.669125,-73.862818,B13 B20
305066,ROCKAWAY AV/SUTTER AV,40.666862,-73.910071,B60
300298,BAY RIDGE PKWY/14 AV,40.618789,-74.004966,B4
303356,ROCKAWAY PKWY/SEAVIEW AV,40.633686,-73.889334,B42
400070,TRINITY PL/RECTOR ST,40.708017,-74.012775,BM1 BM2 BM3 BM4 M55 SIM1 SIM15 SIM1C SIM2 SIM32 SIM33C SIM34 SIM3C SIM4 SIM4C X27 X28
305512,86 ST/DAHLGREN PL,40.6193,-74.022767,B1 X28 X38
308335,5 AV/21 ST,40.661137,-73.993761,B63
504114,GATES AV/ONDERDONK AV,40.703933,-73.907814,B13
103121,WHITE PLAINS RD/E 228 ST,40.890014,-73.859326,BX39 Bx39
100589,BROADWAY/W 251 ST,40.89576,-73.89662,BX9 BXM3 Bx9 BxM3
307588,FLUSHING AV/NORTH PORTLAND AV,40.697995,-73.9764,B57 B69
303091,DE KALB AV/FRANKLIN AV,40.690759,-73.957179,B38
101967,BOSTON RD/EASTCHESTER RD,40.877114,-73.845761,BX30 Bx30
400475,SAINT NICHOLAS AV/W 130 ST,40.813469,-73.950237,M3
307853,FLATBUSH AV/PLAZA ST EAST,40.675168,-73.970874,B41 B69
308176,92 ST/7 AV,40.614897,-74.023174,B70 B8
102786,WHITE PLAINS RD/E 225 ST,40.887934,-73.860519,BX39 BX8 BXM11 Bx39 Bx8 BxM11 T117
303040,DE KALB AV/WILSON AV,40.699506,-73.923869,B38
403166,BROADWAY/W 76 ST,40.781642,-73.981411,M104
303579,ATLANTIC AV/SOUTH PORTLAND AV,40.68308,-73.973643,B45
350205,EMMONS AV / BRAGG ST,40.584073,-73.932364,BM3
302882,3 AV/78 ST,40.62957,-74.028528,B37
302071,FULTON ST/GEORGIA AV,40.676876,-73.899213,B12
301583,DUMONT AV/POWELL ST,40.665088,-73.903218,B14
102330,EDWARD L GRANT HWY/JESUP AV,40.840919,-73.921761,BX11 BX35 Bx11 Bx35
504181,SUMMERFIELD ST/WYCKOFF AV,40.694799,-73.902489,B20
300472,KINGS HWY/E 16 ST,40.608974,-73.957913,B7 B82 B82+ B82-SBS
405645,WATER ST/GOUVERNEUR LN,40.704628,-74.008244,M15 M15+ M15-SBS
901794,50 ST/19 AV,40.626344,-73.979344,B11
307491,FULTON ST/HOYT ST,40.69069,-73.985547,B25 B26 B38 B52
402638,AMSTERDAM AV/W 158 ST,40.833351,-73.941776,M100 M101 M3
402692,3 AV/E 77 ST,40.773208,-73.95799,M101 M102 M103
404012,W 135 ST/RIVERSIDE DR,40.821025,-73.957034,M11 M5
306814,PARK AV/NORTH PORTLAND AV,40.696406,-73.97688,B62
902222,EAST GUN HILL RD/TRYON AV,40.880231,-73.876708,BX28 BX38 Bx28 Bx38
101740,ASCH LOOP/BARTOW AV,40.869457,-73.830517,BX23 BX26 BX28 BX30 Bx23 Bx26 Bx28 Bx30
300690,KINGS HWY/FOSTER AV,40.639847,-73.925736,B7
306922,SURF AV/W 32 ST,40.572635,-73.997603,B36 X28 X38
101751,BAYCHESTER AV/DONIZETTI PL,40.876237,-73.833977,BX23 BX25 BX30 BX38 Bx23 Bx25 Bx30 Bx38 Q50
306206,MILL AV/AVENUE U,40.615413,-73.913979,B47
307384,AVENUE R/E 27 ST,40.606998,-73.94618,B2 B31
403772,3 AV/E 20 ST,40.736709,-73.984763,M101 M102 M103
305490,BATH AV/20 AV,40.601699,-74.00184,B64
901536,MCDONALD AV/18 AV,40.630809,-73.977198,B90
101188,WEBSTER AV/E 233 ST,40.895553,-73.863604,BX16 Bx16
302464,HALSEY ST/NOSTRAND AV,40.681803,-73.949387,B26
103960,BAILEY AV/W 233 ST,40.879488,-73.901173,BX10 Bx10
104281,SAINT ANN'S AV/E 149 ST,40.814112,-73.913075,BX17 Bx17
401330,CENTRAL PARK WEST/W 100 ST,40.79395,-73.963152,M10
300982,AVENUE M/E 18 ST,40.618347,-73.957575,B9
404336,MALCOLM X BLVD/W 127 ST,40.808753,-73.944937,M102 M7
303469,NOSTRAND AV/CLARKSON AV,40.655011,-73.950113,B44 B44+ B44-SBS
402762,BOWERY/E 3 ST,40.726723,-73.991525,M103
401781,2 AV/E 17 ST,40.733996,-73.983769,M15
101821,SOUNDVIEW AV/O'BRIEN AV,40.811317,-73.855945,BX27 Bx27
300535,BEDFORD AV/AVENUE I,40.628783,-73.951952,B11 B6
101564,CASTLE HILL AV/NORTON AV,40.814484,-73.847095,BX22 Bx22
405393,8 AV/W  56 ST,40.766284,-73.983072,M104 M20
405516,2 AV/E 95 ST,40.78368,-73.947583,M15+ M15-SBS
305906,36 ST/4 AV,40.654583,-74.004775,B70
304998,WILSON AV/MELROSE ST,40.702825,-73.929343,B60
401993,E 116 ST/3 AV,40.797712,-73.939691,M116
305182,DRIGGS AV/N 4 ST,40.715175,-73.958516,B62
150001,BAINBRIDGE AV/E 210 ST,40.879495,-73.878965,BXM4 BxM4
303771,TOMPKINS AV/GATES AV,40.686637,-73.944641,B43
308118,9 ST/7 AV,40.667142,-73.981908,B61
400330,5 AV/W 20 ST,40.739407,-73.99126,M1 M2 M3 M55
102072,E 233 ST/WHITE PLAINS RD,40.893135,-73.856867,BX31 Bx31
401999,E 116 ST/PLEASANT AV,40.795306,-73.93351,M116
401587,E 14 ST/AVENUE C,40.728428,-73.975827,M14D+ M14D-SBS
305234,BEARD ST/VAN BRUNT ST,40.674935,-74.015268,B61
300848,BEVERLY RD/E 59 ST,40.646805,-73.92083,B8
101811,SOUNDVIEW AV/PATTERSON AV,40.813436,-73.857956,BX27 Bx27
104057,LAFAYETTE AV/OLMSTEAD AV,40.822908,-73.851937,BX5 Bx5
403556,E 14 ST/IRVING PL,40.733947,-73.988902,L92 M14A+ M14A-SBS M14D+ M14D-SBS
308304,WEST BRIGHTON AV/W 2 ST,40.576633,-73.970457,B68
100066,W 231 ST/KINGSBRIDGE AV,40.880047,-73.906872,BX1 BX10 BX2 BX20 BX7 Bx1 Bx10 Bx2 Bx20 Bx7
101726,ASCH LOOP/CO-OP CITY BLVD,40.870737,-73.826128,BX23 BX26 BX28 BX30 Bx23 Bx26 Bx28 Bx30
100537,WILLIAMSBRIDGE RD/PELHAM PKWY NORTH,40.85767,-73.856517,BX8 Bx8 T113
302512,PUTNAM AV/BEDFORD AV,40.683605,-73.954185,B26
300893,18 AV/50 ST,40.627543,-73.981886,B8
306062,COURT ST/3 PL,40.678421,-73.997876,B57
301811,AVENUE L/E 86 ST,40.633323,-73.90371,B17
505530,21 ST/44 DR,40.748278,-73.947197,B62 Q103
450387,CHURCH ST/PARK PL,40.713055,-74.009355,BM1 BM2
303912,OCEAN AV/AVENUE Y,40.590973,-73.949679,B49
103101,BOSTON RD/PROVOST AV,40.885675,-73.828741,BX16 BX30 Bx16 Bx30
300764,KINGS HWY/BEVERLY RD,40.646798,-73.92459,B7
404191,MADISON AV/E 95 ST,40.786932,-73.954292,M1 M2 M3 M4
300809,18 AV/60 ST,40.621884,-73.987273,B8
403897,W 14 ST/8 AV,40.740027,-74.002966,L92 M12 M14A+ M14A-SBS M14D+ M14D-SBS
102494,EAST TREMONT AV/CROTONA AV,40.845195,-73.89081,BX36 Bx36
301320,ALBANY AV/HAWTHORNE ST,40.658811,-73.939518,B12
100425,E 163 ST/PROSPECT AV,40.822313,-73.90107,BX6 BX6+ Bx6 Bx6-SBS
350132,FILLMORE AV / RYDER ST,40.612868,-73.930732,B100
505511,21 ST/QUEENS PLAZA SOUTH,40.752,-73.944523,B62 Q103
307331,LINDEN BLVD/EMERALD ST,40.67014,-73.859523,B15
102281,E 167 ST/GRAND CONCOURSE,40.834222,-73.91726,BX35 Bx35
303163,BROADWAY/MONTROSE AV,40.706254,-73.951586,B46
303328,AVENUE N/E 52 ST,40.619022,-73.924594,B41
300706,SARATOGA AV/DUMONT AV,40.663424,-73.915916,B7
303929,OCEAN AV/AVENUE H,40.630833,-73.957225,B49 T464
300703,RIVERDALE AV/E 98 ST,40.659785,-73.916538,B7
350264,AVENUE M / E 98 ST,40.637428,-73.892805,B103 BM2
301749,REMSEN AV/KINGS HWY,40.655068,-73.922414,B17 B47
103532,UNIVERSITY AV/MORTON PL,40.852219,-73.913847,BX3 Bx3
102095,EASTCHESTER RD/ASTOR AV,40.859176,-73.843077,BX31 Bx31
306003,MERMAID AV/W 29 ST,40.575456,-73.994904,B74
302954,3 AV/WARREN ST,40.68206,-73.98295,B37
450063,5 AV/W 55 ST,40.761646,-73.975047,BXM3 BXM4 BxM3 BxM4 SIM1C SIM3 SIM30 SIM33C SIM3C SIM4C SIM8
308023,TOMPKINS AV/PUTNAM AV,40.68437,-73.944185,B43
405651,3 AV/E 85 ST,40.778284,-73.954265,BXM6 BXM9 BxM6 BxM9
505338,21 ST/45 RD,40.746445,-73.948019,B32
306585,4 AV/53 ST,40.644586,-74.014745,B11
300246,AVENUE U/E 57 ST,40.612863,-73.917909,B3 B47
308821,KINGS HWY/E 35 St,40.619846,-73.940893,B7 B82
300409,BAY RIDGE PKWY/5 AV,40.629463,-74.022455,B4
305346,5 AV/BAY RIDGE PKWY,40.629815,-74.022412,B63
303312,FLATBUSH AV/DORCHESTER RD,40.642062,-73.957312,B41
505269,WYCKOFF AV/CORNELIA ST,40.697876,-73.90807,B26
305561,DEAN ST/5 AV,40.682133,-73.976759,B65
101174,E 233 ST/MURDOCK AV,40.888787,-73.839695,BX16 Bx16
101735,HUNTER AV/EARHART LN,40.861864,-73.824292,BX23 BX26 BX28 BX30 Bx23 Bx26 Bx28 Bx30 Q50
400470,SAINT NICHOLAS AV/W 142 ST,40.822296,-73.945724,M3
308752,FLATBUSH AV/AV H,40.631746,-73.946603,B41
103003,WILLIAMSBRIDGE RD/EAST TREMONT AV,40.842408,-73.844482,BX24 BX8 Bx24 Bx8
400449,SAINT NICHOLAS AV/W 190 ST,40.854494,-73.930039,M3
304078,PENNSYLVANIA AV / VANDALIA AV,40.650557,-73.884852,B82 B82+ B82-SBS B83 BM2 BM5
103408,WHITE PLAINS RD/EAST GUN HILL RD,40.877204,-73.866477,BXM11 BxM11
307309,EAST NEW YORK AV/PORTAL ST,40.666331,-73.92471,B12
104230,HARDING AV/THROGS NECK BLVD,40.816548,-73.811762,BX40 Bx40
101352,SOUTHERN BLVD/E 174 ST,40.837467,-73.887719,BX19 Bx19
300003,ORIENTAL BLVD/HASTINGS ST,40.577909,-73.944643,B1 B49
300659,BAY PKWY/BAY RIDGE AV,40.611363,-73.984156,B6
305455,5 AV/BAY RIDGE PKWY,40.6292,-74.022848,B63
103683,EAST TREMONT AV/WESTCHESTER AV,40.840672,-73.842224,BX40 BX42 Bx40 Bx42
305671,7 AV/STERLING PL,40.676845,-73.973898,B69
303024,LAFAYETTE AV/CLASSON AV,40.688864,-73.959597,B38 B93
104313,WESTCHESTER AV/COLGATE AV,40.8283,-73.881774,BX27 BX4 BX4A Bx27 Bx4 Bx4A
101440,MORRIS PARK AV/HONE AV,40.848823,-73.854903,BX21 BXM10 Bx21 BxM10 T113
305003,JOHNSON AV/BOGART ST,40.707456,-73.934375,B60
103974,GRAND CONCOURSE/E 170 ST,40.838656,-73.914148,BX1 BX2 BXM4 Bx1 Bx2 BxM4
404028,BROADWAY/W 219 ST,40.87177,-73.913094,BX20 BX7 BXM1 Bx20 Bx7 BxM1 M100
405084,BROAD ST/WATER ST,40.702539,-74.011487,M15
301792,REMSEN AV/AVENUE J,40.638294,-73.903984,B17
308726,CLINTON ST/LORRAINE ST,40.673347,-74.002441,B57 B61
301707,86 ST/5 AV,40.621637,-74.026347,B16 S53 S93
300654,BAY PKWY/60 ST,40.616814,-73.978399,B6
100500,WILLIAMSBRIDGE RD/MACE AV,40.862923,-73.857891,BX8 Bx8
302793,W 33 ST/SURF AV,40.572991,-73.999298,B36
350049,AVENUE M / E 80 ST,40.6298,-73.904634,B103 BM2
307706,AVENUE J/OCEAN AV,40.625645,-73.956173,B11 B6
101167,ROPES AV/BOSTON RD,40.88997,-73.819647,BX16 Bx16
402831,LEXINGTON AV/E 70 ST,40.769067,-73.96332,BXM1 BxM1 M101 M102 M103
902097,UNDERCLIFF AV/W 176 ST,40.849816,-73.921532,BX18A Bx18A
300441,KINGS HWY/E 3 ST,40.604424,-73.969576,B82
350055,AVENUE M / REMSEN AV,40.633749,-73.898464,B103 BM2
302292,MARCY AV/S 4 ST,40.709501,-73.95729,B24 B60 Q54
101933,EAST GUN HILL RD/BARNES AV,40.876157,-73.862529,BX28 BX38 Bx28 Bx38
101530,VALENTINE AV/E 192 ST,40.864178,-73.894444,BX28 BX38 Bx28 Bx38
307157,BROADWAY/GREENE AV,40.691709,-73.925835,B47 Q24
305096,VAN BRUNT ST/DIKEMAN ST,40.676988,-74.013231,B61
403103,BROADWAY/W 73 ST,40.779589,-73.981517,M104
403980,MADISON AV/E 121 ST,40.803482,-73.942225,M1
101310,E 149 ST/COURTLANDT AV,40.816543,-73.919779,BX19 BX2 Bx19 Bx2
307585,53 ST/2 AV,40.647571,-74.018922,B11
303954,ROGERS AV/PRESIDENT ST,40.668544,-73.95334,B49
100385,SPOFFORD AV/BRYANT AV,40.814586,-73.885118,BX6 Bx6
308443,NOSTRAND AV/MONTGOMERY ST,40.665458,-73.950974,B44
301503,EUCLID AV/PITKIN AV,40.675032,-73.871889,B13
930032,ROCKAWAY AV/EAST NEW YORK AV,40.672357,-73.91122,B12 B60
305544,MERMAID AV/STILLWELL AV,40.577134,-73.981589,B64 B82
301537,SUTTER AV/GEORGIA AV,40.669087,-73.896694,B14
300928,60 ST/6 AV,40.63793,-74.013735,B9
307636,FLATBUSH AV/AVENUE T,40.61127,-73.924385,B41 B46
401495,9 AV/W 46 ST,40.760764,-73.99108,M11
303224,FLATBUSH AV/KINGS HWY,40.62228,-73.936301,B41 Q35
300717,THOMAS S BOYLAND ST/MACDOUGAL ST,40.680249,-73.913901,B7
303612,UTICA AV/WINTHROP ST,40.65814,-73.930984,B46+ B46-SBS
300613,FLATLANDS AV/E 84 ST,40.637259,-73.91077,B6 B82
103625,HALLECK ST/FOOD CENTER DR,40.809739,-73.880298,BX6 BX6+ Bx6 Bx6-SBS
100450,BROADWAY/W 228 ST,40.875698,-73.908194,BX20 BX7 BX9 Bx20 Bx7 Bx9
301967,PENNSYLVANIA AV/PITKIN AV,40.672234,-73.895908,B20 B83
308670,FRANKLIN ST/CALYER ST,40.72656,-73.957228,B32
503429,JAMAICA AV/104 ST,40.695242,-73.843423,J90 Q56 T340
303946,ROGERS AV/WINTHROP ST,40.657225,-73.953085,B49
306328,SMITH ST/FULTON ST,40.691215,-73.987395,B61 B65
303562,SAINT JOHNS PL/TROY AV,40.670988,-73.936889,B45
101813,SOUNDVIEW AV/GILDERSLEEVE AV,40.809388,-73.855424,BX27 BX39 Bx27 Bx39
306201,RALPH AV/AVENUE L,40.623968,-73.917908,B47 BM1
300770,KINGS HWY/UTICA AV,40.634364,-73.928319,B7
301044,NEW LOTS AV/WYONA ST,40.662832,-73.890977,B15 B83
403713,W 135 ST/MALCOLM X BLVD,40.814347,-73.941325,BX33 Bx33
402766,AMSTERDAM AV/W 184 ST,40.849558,-73.929899,M101
304090,FLATLANDS AV / WILLIAMS AV,40.650032,-73.891523,B103 B82 BM2
302376,FULTON ST/GRAND  AV,40.682232,-73.961323,B25 B26
308736,4 AV/10 ST,40.669918,-73.989286,B103
308855,KINGS HWY/RYDER ST,40.622176,-73.937256,B7 B82 B82+ B82-SBS
300540,GLENWOOD RD/FLATBUSH AV,40.634365,-73.949541,B11 B6
902004,WESTCHESTER AV/BENSON ST,40.839816,-73.843143,BX21 Bx21
401141,GRAND ST/EAST BROADWAY,40.714594,-73.982301,L92 M14A+ M14A-SBS
401848,W 34 ST/8 AV,40.752301,-73.993588,M34+ M34-SBS
401659,AVENUE A/E 11 ST,40.728676,-73.981509,L92 M14A+ M14A-SBS
404270,BROADWAY/W 220 ST,40.87245,-73.91256,M100
400126,5 AV/E 66 ST,40.768234,-73.970238,M1 M2 M3 M4
103067,MORRIS AV/E 141 ST,40.813996,-73.924973,BX32 Bx32
802188,BROADWAY/W 184 ST,40.852193,-73.934658,BX7 Bx7 M100
300489,BAY PKWY/80 ST,40.605152,-73.990615,B82
300626,AVENUE H/SCHENECTADY AV,40.632701,-73.931741,B6
102669,EAST TREMONT AV/WATERBURY AV,40.836933,-73.833956,BX40 BX42 Bx40 Bx42
902161,JENNINGS ST/BRYANT AV,40.831474,-73.887809,BX35 Bx35
301132,HEGEMAN AV/ROCKAWAY AV,40.65628,-73.906863,B15 B35
301051,NEW LOTS AV/CHRISTOPHER AV,40.657413,-73.903171,B15
300841,AVENUE D/SCHENECTADY AV,40.641909,-73.931861,B8
305409,ATLANTIC AV/BOND ST,40.686734,-73.984586,B63 B65
401722,1 AV/E 102 ST,40.787357,-73.941682,M15
403656,W 181 ST/SAINT NICHOLAS AV,40.849246,-73.933664,BX11 BX13 BX3 BX35 BX36 Bx11 Bx13 Bx3 Bx35 Bx36
101863,EAST GUN HILL RD/HULL AV,40.878753,-73.873097,BX28 BX38 Bx28 Bx38
305170,MANHATTAN AV/GREENPOINT AV,40.729832,-73.954159,B43 B62 B94 T403
100281,STORY AV/NOBLE AV,40.82284,-73.868299,BX5 Bx5
901010,WILLIAMSBURG BRIDGE PLAZA/LANE 4,40.70932,-73.959616,B44 B44+ B44-SBS
301768,AVENUE L/E 83 ST,40.632158,-73.905236,B17
405428,DYCKMAN ST/SHERMAN AV,40.863442,-73.925994,BXM1 BxM1 M100
308363,FLATLANDS AV/E 78 ST,40.634191,-73.915429,B6 B82
306286,13 AV/50 ST,40.634293,-73.992992,B16
404133,HUDSON ST/BARROW ST,40.731571,-74.006534,M20
303190,RALPH AV/MACON ST,40.68383,-73.922963,B47
302426,FULTON ST/GREENE AV,40.68573,-73.972824,B25 B26
306622,GRAHAM AV/BAYARD ST,40.720459,-73.946183,B43
301727,SEAVIEW AV/E 105 ST,40.637852,-73.8837,B17
400278,ADAM C POWELL BLVD/W 138 ST,40.817028,-73.942661,M2
405066,LEXINGTON AV/E 89 ST,40.78113,-73.954451,M101 M102 M103
303989,BEDFORD AV/CLARENDON RD,40.642552,-73.954576,B49
303824,LORIMER ST/POWERS ST,40.712204,-73.948996,B48
303813,CLASSON AV/FLUSHING AV,40.698573,-73.961729,B48 B62
402119,CHAMBERS ST/CHURCH ST,40.714935,-74.00773,M22
308368,60 ST/9 AV,40.634387,-74.007591,B9
104561,WEBSTER AV/EAST FORDHAM RD,40.861522,-73.891617,BX41 Bx41
303607,UTICA AV/SNYDER AV,40.650447,-73.930119,B46
300067,NARROWS AV/BAY RIDGE AV,40.637879,-74.034089,B64 B9
100633,EAST KINGSBRIDGE RD/E FORDHAM RD,40.862089,-73.893936,BX9 Bx9
308478,STILLWELL TERMINAL/BUS LOOP,40.577042,-73.981163,B82
504100,COOPER AV/64 PL,40.698206,-73.891016,B13
101867,EAST GUN HILL RD/BARNES AV,40.876006,-73.862295,BX28 BX38 Bx28 Bx38
302780,39 ST/6 AV,40.650183,-74.002014,B35 B70
403526,3 AV/E 11 ST,40.73168,-73.988278,M101 M102 M103
103946,BRUCKNER BLVD/WILKINSON AV,40.852799,-73.826828,BX29 BX5 Bx29 Bx5
402853,E 24 ST/LEXINGTON AV,40.739939,-73.983862,M101 M102 M103
306555,MCDONALD AV/TERRACE PL,40.653719,-73.981478,B67 B69
305449,5 AV/62 ST,40.638226,-74.01757,B63
403669,BROADWAY/179 ST,40.849327,-73.936507,BX3 Bx3
103690,THROGS NECK EXPWY/WISSMAN AV,40.819976,-73.810254,BX8 BXM9 Bx8 BxM9
305048,WILSON AV/PUTNAM AV,40.693555,-73.913241,B60
303966,DEAN ST/FRANKLIN AV,40.677433,-73.955064,B49 B65
308694,DREW ST/LINDEN BLVD,40.669266,-73.860939,B15
103984,LINCOLN AV/E 137 ST,40.809876,-73.927908,BX1 BX2 Bx1 Bx2
450492,3 AV/E 121 ST,40.801025,-73.937686,M101 M103
404361,EDWARD M MORGAN PL/W 157 ST,40.834572,-73.945529,BX6 BX6+ Bx6 Bx6-SBS
101872,EAST GUN HILL RD/PEARSALL AV,40.872503,-73.851272,BX28 BX38 Bx28 Bx38
100214,WESTCHESTER AV/SIMPSON ST,40.824006,-73.893119,BX4 Bx4
305837,VANDERBILT AV/FULTON ST,40.683907,-73.96808,B69
301030,LINDEN BLVD/SHERIDAN AV,40.669378,-73.864735,B13 B14 B15 B20
300910,18 AV/BENSON AV,40.605385,-74.004714,B8
102065,E 233 ST/WHITE PLAINS RD,40.89363,-73.857771,BX31 Bx31
401731,1 AV/E 125 ST,40.801611,-73.931268,M15 M15+ M15-SBS
401756,2 AV/E 78 ST,40.772922,-73.955434,M15+ M15-SBS
350040,AVENUE K /NEW YORK AV,40.624665,-73.943298,BM1
100461,HENRY HUDSON PKWY EAST/W 252 ST,40.899115,-73.906865,BX10 BX7 BXM1 BXM18 BXM2 Bx10 Bx7 BxM1 BxM18 BxM2
103215,MORRIS AV/E 174 ST,40.844533,-73.909509,BX32 Bx32
100341,STORY AV/SOUNDVIEW AV,40.822974,-73.868066,BX5 Bx5
400062,MALCOLM X BLVD/W 139 ST,40.81694,-73.938615,M1 M102 M7
400322,5 AV/W 39 ST,40.751407,-73.982463,M1 M2 M3 M55
304000,OCEAN AV / AVENUE K,40.62311,-73.956067,B49 BM3
300868,AVENUE D/E 38 ST,40.641462,-73.941223,B8
350184,NATIONAL DR / MILL AV,40.606942,-73.915935,B100 BM1
304014,OCEAN AV/AVENUE Y,40.590306,-73.94983,B49
101247,PROSPECT AV/RITTER PL,40.830697,-73.897099,BX17 Bx17
803115,GRAND ST/FDR DR,40.71335,-73.977745,M21
401716,1 AV/E 89 ST,40.779039,-73.947728,M15
303712,EMPIRE BLVD/ROGERS AV,40.663662,-73.953993,B43
404905,MADISON AV/E 69 ST,40.770133,-73.966573,M1 M2 M3 M4
304012,OCEAN AV / AVENUE W,40.594657,-73.950708,B49 BM3
400610,BROADWAY/W 139 ST,40.822815,-73.952874,M4 M5
403722,E 135 ST/MADISON AV,40.812103,-73.93625,BX33 Bx33
303859,LORIMER ST/MESEROLE ST,40.707287,-73.948328,B48
308876,PROSPECT ST/JAY ST,40.700594,-73.986386,B67
405291,7 AV/W 57 ST,40.765453,-73.98021,BXM2 BxM2 M104 M7
102450,WEST TREMONT AV/DAVIDSON AV,40.852046,-73.909954,BX36 Bx36
103229,EAST TREMONT AV/ MILES AV,40.818951,-73.817249,BX40 BX42 BXM9 Bx40 Bx42 BxM9
305395,ATLANTIC AV/SMITH ST,40.688815,-73.989478,B63
400333,5 AV/W 12 ST,40.734469,-73.994847,M1 M2 M3 M55
306659,DE KALB AV/RYERSON AV,40.69001,-73.963725,B38
100063,ALBANY CR/BAILEY AV,40.876877,-73.903177,BX2 Bx2
300429,BAY PKWY/86 ST,40.602335,-73.993317,B6 B82 B82+ B82-SBS
300210,AVENUE U/FORD ST,40.600818,-73.937719,B3
305519,BATH AV/14 AV,40.609123,-74.014975,B64
303696,UTICA AV/AVENUE H,40.632523,-73.928456,B46 B46+ B46-SBS
402510,W 125 ST/SAINT NICHOLAS AV,40.811005,-73.953007,M100 M101 M125
305407,ATLANTIC AV/SMITH ST,40.688371,-73.988811,B63 B65
350029,AVENUE K / BEDFORD AV,40.623948,-73.951426,BM1 BM4
303779,BROOKLYN AV/BERGEN ST,40.675479,-73.944478,B43
300137,E 16 ST/QUENTIN RD,40.607383,-73.957178,B2
303731,THROOP AV/MADISON ST,40.686084,-73.94149,B43
308226,BATH AV/19 AV,40.602874,-74.00408,B64
103352,ROSEDALE AV/SEWARD AV,40.819056,-73.866185,BX27 Bx27
305428,5 AV/18 ST,40.662385,-73.992373,B63
102979,E 233 ST/JEROME AV,40.895247,-73.87957,BX16 BX34 Bx16 Bx34
307600,ASHFORD ST/STANLEY AV,40.661418,-73.879809,B20 B6 B84
305612,BERGEN ST/BOND ST,40.685208,-73.986457,B65
302786,W 37 ST/MERMAID AV,40.574968,-74.002804,B36 B74
400324,5 AV/W 33 ST,40.747746,-73.985196,BXM3 BXM4 BxM3 BxM4 M1 M2 M3 M5 M55
306219,VAN SICLEN AV/WORTMAN AV,40.657762,-73.883609,B83
303229,FLATBUSH AV/E 35 ST,40.627818,-73.942215,B41
305885,8 AV/BAY RIDGE AV,40.630541,-74.014598,B70
803195,RIVERBANK STATE PARK RDWY/RIVERBANK STATE PARK,40.826647,-73.955503,BX19 Bx19 M11
300131,ORIENTAL BLVD/DOVER ST,40.577176,-73.948788,B1 B49
401090,COLUMBUS AV/W 94 ST,40.791289,-73.96879,M11 M7
450106,MADISON AV/E 54 ST,40.760291,-73.973714,BM1 BM2 BM3 BM4 BM5 BXM11 BxM11 X27 X28 X37 X38
308300,NEPTUNE AV/STILLWELL AV,40.579171,-73.981486,B68
402088,MADISON ST/OLIVER ST,40.711877,-73.997922,M15 M22
306160,RALPH AV/E 76 ST,40.636277,-73.919014,B47
100206,WESTCHESTER AV/JACKSON AV,40.816164,-73.90832,BX4 Bx4
303829,LORIMER ST/BAYARD ST,40.719412,-73.950219,B48
403150,BROADWAY/CATHEDRAL PKWY,40.804085,-73.967018,M104
307175,CADMAN PLAZA WEST/TILLARY ST,40.695995,-73.990899,B103 B52
403786,W 135 ST/AMSTERDAM AV,40.818923,-73.95253,M11
100227,WESTCHESTER AV/SAINT LAWRENCE AV,40.831479,-73.867565,BX4 BX4A Bx4 Bx4A
303942,ROGERS AV/CHURCH AV,40.651173,-73.95244,B44+ B44-SBS B49
304987,WILSON AV/HANCOCK ST,40.692547,-73.911273,B60
100055,WEST MOSHOLU PKWY SOUTH/PAUL AV,40.880437,-73.885902,BX1 BX2 Bx1 Bx2
401670,SAINT JAMES PL/ROBERT F WAGNER SR PL,40.710594,-74.000752,M15 M22
350082,E 105 ST / AVENUE L,40.642616,-73.888966,B103 BM2
402111,MADISON ST/MARKET ST,40.712325,-73.994744,M15
304408,MYRTLE AV/HART ST,40.697796,-73.927415,B54
300937,60 ST/15 AV,40.625925,-73.993854,B9
102242,KATONAH AV/E 234 ST,40.897036,-73.86699,BX31 BX34 BXM4 Bx31 Bx34 BxM4
400030,MADISON AV/E 72 ST,40.772141,-73.96508,M1 M2 M3 M4
400105,5 AV/W 112 ST,40.79786,-73.948595,M1
104299,HARDING AV/HOSMER AV,40.813235,-73.826535,BX42 Bx42
308214,5 AV/UNION ST,40.67615,-73.980723,B63
306566,MCDONALD AV/CORTELYOU RD,40.63816,-73.978939,B67 B69
102015,BOSTON RD/EASTCHESTER RD,40.876926,-73.847034,BX30 Bx30
303417,BEDFORD AV/LAFAYETTE AV,40.689351,-73.955002,B44 B44+ B44-SBS
400401,SAINT NICHOLAS AV/W 135 ST,40.816973,-73.948012,M3
102487,EAST BURNSIDE AV/VALENTINE AV,40.850314,-73.900837,BX40 BX42 Bx40 Bx42
305033,JOHNSON AV/MORGAN AV,40.707672,-73.932382,B60
102662,EAST TREMONT AV/RANDALL AV,40.826467,-73.821907,BX40 BX42 Bx40 Bx42
100101,GRAND CONCOURSE/EAST KINGSBRIDGE RD,40.866021,-73.894766,BX1 BX2 BXM4 Bx1 Bx2 BxM4
401308,FREDERICK DOUGLASS BLVD/W 150 ST,40.825949,-73.939723,M10
302736,CHURCH AV/E 98 ST,40.65664,-73.914132,B35
101327,SOUTHERN BLVD/E 167 ST,40.827187,-73.891876,BX19 Bx19
405429,DYCKMAN ST/FORT GEORGE HILL,40.861291,-73.92465,M100
306395,LAFAYETTE AV/PATCHEN AV,40.692493,-73.928106,B38
401225,8 AV/W 20 ST,40.743642,-73.999538,M20
301318,ALBANY AV/CLARKSON AV,40.656401,-73.939505,B12
101551,UNIONPORT RD/STARLING AV,40.836,-73.85617,BX22 Bx22
400362,MADISON AV/E 55  ST,40.761386,-73.972943,M3 M4 SIM25 SIM26 SIM30
901012,ROCKAWAY PKWY/SUBWAY STATION,40.645816,-73.901797,B6 T426
100068,RIVERDALE AV/GREYSTONE AV,40.884362,-73.90747,BX7 Bx7
401947,3 AV/E 102 ST,40.789273,-73.946287,M101 M102 M103
303918,OCEAN AV / AVENUE S,40.604258,-73.952144,B49 BM3
402696,3 AV/E 88 ST,40.780478,-73.952701,M101 M102 M103
303149,RALPH AV/BROADWAY,40.690793,-73.924309,B47
302995,3 AV/BAY RIDGE PKWY,40.631595,-74.027794,B37
305682,7 AV/18 ST,40.660157,-73.987605,B67 B69
401768,2 AV/E 50 ST,40.754623,-73.968787,M15 M15+ M15-SBS
400948,7 AV/W 58 ST,40.766137,-73.979694,M20
405286,W 34 ST/12 AV,40.756419,-74.003657,M34+ M34-SBS
100883,JEROME AV/W 161 ST,40.829981,-73.930187,BX13 Bx13
104327,MORRIS PARK AV/DELANCEY PL,40.846589,-73.859935,BX21 BXM10 Bx21 BxM10
104009,SEDGWICK AV/CEDAR AV,40.852361,-73.920087,BX40 BX42 Bx40 Bx42
101453,BOSTON RD/VYSE AV,40.839528,-73.883665,BX21 Bx21
901829,NEW LOTS AV/ASHFORD ST,40.666055,-73.883588,B99
303878,FRANKLIN AV/ATLANTIC AV,40.678802,-73.955283,B48 B49
306532,39 ST/13 AV,40.640389,-73.986038,B35
801042,SHORE RD/3 AV,40.612311,-74.035981,B63
403276,FREDERICK DOUGLASS BLVD/W 128 ST,40.811896,-73.950046,M10
402211,E 57 ST/5 AV,40.762773,-73.973746,M31 M57
401689,1 AV/E 20 ST,40.735109,-73.979751,M15
100851,E FORDHAM RD/JEROME AV,40.862689,-73.900802,BX12 Bx12
100730,BAINBRIDGE AV/E 210 ST,40.879441,-73.879107,BXM4 BxM4
302323,KINGSLAND AV/RICHARDSON ST,40.719724,-73.940626,B24
101773,BEDFORD PARK BLVD/MARION AV,40.869079,-73.884712,BX25 BX26 Bx25 Bx26
101416,MORRIS PARK AV/TAYLOR AV,40.843598,-73.870125,BX21 Bx21
306580,50 ST/4 AV,40.646192,-74.012223,B11
300480,KINGS HWY/W 2 ST,40.604628,-73.975529,B82
305702,CONEY ISLAND AV/AVENUE U,40.598193,-73.961045,B68
103989,THROGS NECK EXPWY/MEAGHER AV,40.821086,-73.81259,BX8 Bx8
308220,BATH AV/17 AV,40.604968,-74.008103,B64
300082,BAY RIDGE AV/FORT HAMILTON PKWY,40.628414,-74.011816,B64
401402,10 AV/W 30 ST,40.752373,-74.000606,M11
300794,18 AV/BATH AV,40.603758,-74.006201,B8
101254,PROSPECT AV/E 156 ST,40.81706,-73.902782,BX17 Bx17
102534,EAST TREMONT AV/ARTHUR AV,40.846483,-73.89374,BX36 Bx36
404932,BROADWAY/CORTLANDT ST,40.7097,-74.010188,BXM18 BxM18
303392,NEW YORK AV/LENOX RD,40.654648,-73.946956,B44
402826,LEXINGTON AV/E 79 ST,40.774914,-73.959031,BXM1 BxM1 M101 M102 M103 M98
300062,BAY RIDGE AV/5 AV,40.633457,-74.020864,B64
405488,3 AV/E 53 ST,40.757751,-73.969235,M101 M102 M103
100296,BRUCKNER BLVD/KEARNEY AV,40.839142,-73.824818,BX5 Bx5 Q50
103945,AMEDOLA PL/WILKINSON AV,40.852176,-73.827301,BX12 BX12+ BXM8 Bx12 Bx12-SBS BxM8
307816,DEAN ST/CARLTON AV,40.680718,-73.970739,B65
303802,CLASSON AV/ATLANTIC AV,40.679589,-73.958304,B48
302701,CHURCH AV/FLATBUSH AV,40.650362,-73.958218,B35
300471,E 18 ST/AVENUE P,40.61034,-73.955736,B7 B82
301753,REMSEN AV/RUTLAND RD,40.66125,-73.929239,B17
308612,AVENUE Z/E 15 ST,40.587986,-73.954732,B36
308413,CROPSEY AV/HART PL,40.580668,-73.985699,B82
306677,GRAHAM AV/JOHNSON AV,40.706923,-73.943059,B43 B60
405313,E 116 ST/LEXINGTON AV,40.798605,-73.941796,M116
102042,EASTCHESTER RD/ASTOR AV,40.859826,-73.842931,BX31 Bx31
403510,W 66 ST/CENTRAL PK W,40.772619,-73.979118,M20 M66
300105,86 ST/24 AV,40.599284,-73.989619,B1
405439,10 AV/W 202 ST,40.861233,-73.921398,M100
981005,E 57 ST / 2 AV,40.759729,-73.966051,BM1 BM2 BM3 BM4 BM5
300631,GLENWOOD RD/E 39 ST,40.634577,-73.93955,B6
304071,FLATLANDS AV/ E 103 ST,40.646732,-73.895698,B82
104234,BRONX RIVER AV/BRUCKNER BLVD,40.822484,-73.882739,BX5 Bx5
100820,CITY ISLAND AV/KILROE ST,40.854659,-73.791003,BX29 Bx29
307320,MYRTLE AV/BROADWAY,40.69693,-73.935966,B54
350183,NATIONAL DR / E 66 ST,40.604632,-73.913419,B100 BM1
102949,3 AV/E 180 ST,40.850826,-73.894052,BX15 Bx15
302764,CHURCH AV/WESTMINSTER RD,40.647267,-73.968782,B35
901011,KNAPP ST/SHORE PKWY,40.585064,-73.93134,B44
100082,W 231 ST/RIVERDALE AV,40.881211,-73.90921,BX10 BX20 BX7 Bx10 Bx20 Bx7
303515,LEE AV/LYNCH ST,40.701093,-73.954861,B44
300753,RIVERDALE AV/LEGION ST,40.659874,-73.916427,B7
403480,1 AV/E 34 ST,40.744157,-73.973165,M15 M15+ M15-SBS
100535,WILLIAMSBRIDGE RD/MACE AV,40.862717,-73.858017,BX8 Bx8
402229,W 57 ST/6 AV,40.764577,-73.977639,M31 M57
100033,GRAND CONCOURSE/MOUNT EDEN AV,40.843405,-73.911639,BX1 BX2 BXM4 Bx1 Bx2 BxM4
303175,BROADWAY/GERRY ST,40.702496,-73.945111,B46
301142,NEW LOTS AV/BRADFORD ST,40.663415,-73.889375,B15 B83
102440,E 180 ST/3 AV,40.850701,-73.893875,BX40 BX42 Bx40 Bx42
300267,AVENUE U/CONEY ISLAND AV,40.598317,-73.961653,B3
401344,CENTRAL PARK WEST/W 70 ST,40.774837,-73.97716,M10 M72
308854,EMPIRE BLVD/ROGERS AV,40.663759,-73.95372,B43
300545,GLENWOOD RD/E 38 ST,40.634432,-73.939702,B6
301740,REMSEN AV/GLENWOOD RD,40.642066,-73.90786,B17
101314,E 149 ST/TRINITY AV,40.81342,-73.910157,BX17 BX19 Bx17 Bx19
404251,1 AV/E 28 ST,40.740229,-73.976035,M15
902123,SOUNDVIEW AV/SOUNDVIEW FERRY,40.805744,-73.848798,BX27 Bx27
350102,E 80 ST / FLATLANDS AV,40.635753,-73.913447,B103 BM2
303837,NASSAU AV/MONITOR ST,40.725758,-73.94234,B48
401029,AMSTERDAM AV/W 91 ST,40.791085,-73.972405,M11 M7
402522,AMSTERDAM AV/W 147 ST,40.826778,-73.946404,M101
803170,FLATLANDS AV/ELTON ST,40.657656,-73.875257,B84
308103,GREENPOINT AV/FRANKLIN ST,40.729839,-73.957201,B24
301298,49 ST/7 AV,40.643231,-74.00561,B11
300582,COZINE AV/ALABAMA AV,40.653155,-73.889392,B6
405076,AMSTERDAM AV/W 167 ST,40.839672,-73.93697,M101
303492,NOSTRAND AV/AVENUE R,40.606969,-73.943227,B44 B44+ B44-SBS
100048,GRAND CONCOURSE/E 196 ST,40.867955,-73.892642,BX1 BX2 BXM4 Bx1 Bx2 BxM4
100161,UNIVERSITY AV/W 190 ST,40.865519,-73.903034,BX3 Bx3
308028,1 AV/56 ST,40.647142,-74.02267,B11
101703,ALLERTON AV/LACONIA AV,40.865364,-73.855326,BX25 BX26 Bx25 Bx26
308325,5 AV/63 ST,40.637957,-74.017644,B63
307269,POSTAL FACILITY RD/BROOKLYN MAIL FACILITY,40.664717,-73.862732,B13 B14
401762,2 AV/E 66 ST,40.764664,-73.961439,M15
301420,CRESCENT ST/COZINE AV,40.66257,-73.866734,B13
101165,NEREID AV/MUNDY LA,40.900482,-73.840125,BX16 Bx16
305922,8 AV/40 ST,40.64646,-73.998197,B70
401600,FDR DR/555 FDR DR,40.71675,-73.975842,M14D+ M14D-SBS M21
300107,86 ST/AVENUE U,40.595564,-73.983487,B1 B4
301532,POWELL ST/BLAKE AV,40.666938,-73.903175,B14
801194,KINGS HWY/AVENUE K,40.625559,-73.933602,B82+ B82-SBS
300834,AVENUE D/E 31 ST,40.640968,-73.947133,B8
403826,FREDERICK DOUGLASS BLVD/W 145 ST,40.82312,-73.941579,M10
300252,AVENUE U/E 37 ST,40.606823,-73.927309,B3
301175,50 ST/NEW UTRECHT AV,40.635485,-73.994491,B11
901340,STILLWELL AV/MERMAID AV,40.577038,-73.98159,B64
101368,E 149 ST/TINTON AV,40.812659,-73.906146,BX17 BX19 Bx17 Bx19
404056,RIVERSIDE DR/W 139 ST,40.823431,-73.955324,M11
505086,STANHOPE ST/ONDERDONK AV,40.707425,-73.913732,B38
401264,CENTRAL PARK WEST/W 106 ST,40.798297,-73.959714,M10
350096,E 66 ST / STRICKLAND AV,40.615806,-73.909348,B100 BM1
104285,E 138 ST/SAINT ANN'S AV,40.806642,-73.917271,BX17 BX33 Bx17 Bx33
300945,60 ST/23 AV,40.615377,-73.976386,B9
305634,7 AV/UNION ST,40.674858,-73.975088,B67 B69
101556,CASTLE HILL AV/CHATTERTON AV,40.828016,-73.850206,BX22 Bx22
405641,SAINT NICHOLAS AV/W 189 ST,40.854377,-73.929979,M3
401386,HUDSON ST/W 13 ST,40.740187,-74.005344,M11 M12
301057,E 98 ST/LOTT AV,40.657257,-73.914196,B15
303810,CLASSON AV/WILLOUGHBY AV,40.692806,-73.960763,B48
303019,LAFAYETTE AV/SOUTH PORTLAND AV,40.687206,-73.974215,B38
103541,UNDERCLIFF AV/SEDGWICK AV,40.842892,-73.926796,BX18A Bx18A
401916,YORK AV/E 91 ST,40.778847,-73.945062,M31 M86+ M86-SBS
100415,HUNTS POINT AV/SPOFFORD AV,40.814653,-73.885892,BX6 BX6+ Bx6 Bx6-SBS
101484,CASTLE HILL AV/QUIMBY AV,40.826079,-73.849609,BX22 BX5 Bx22 Bx5
300684,KINGS HWY/AVENUE I,40.630112,-73.932493,B7
300319,SHELL RD/AVENUE Y,40.58764,-73.974415,B4
504219,GREENPOINT AV/48 AV,40.739761,-73.924389,B24
102229,BAINBRIDGE AV/EAST MOSHOLU PKWY NORTH,40.872927,-73.880542,BX28 BX34 BX38 Bx28 Bx34 Bx38
401191,E 14 ST/3 AV,40.733008,-73.986729,L92 M14A+ M14A-SBS M14D+ M14D-SBS
306594,W 5 ST/WEST BRIGHTON AV,40.577103,-73.972618,B36 B68
404144,BROADWAY/W 207 ST,40.867837,-73.920569,BX12 BX12+ Bx12 Bx12-SBS
401936,W 96 ST/COLUMBUS AV,40.792604,-73.967161,M106 M96
104524,MELROSE AV/E 161 ST,40.824308,-73.913705,BX41 Bx41
101021,3 AV/E 153 ST,40.818712,-73.914144,BX15 BX21 Bx15 Bx21
102081,E 225 ST/SCHIEFFELIN PL,40.882492,-73.844913,BX31 Bx31
307582,4 AV/95 ST,40.616105,-74.031146,B8
301966,PENNSYLVANIA AV/BELMONT AV,40.670884,-73.895551,B20 B83
400060,5 AV/E 138 ST,40.814463,-73.936251,M1
307390,NEW LOTS AV/MOTHER GASTON BLVD,40.65701,-73.903759,B15
404977,CHAMBERS ST/CHURCH ST,40.714802,-74.007821,M22
302814,AVENUE Z/E 13 ST,40.587731,-73.955805,B36
305755,CONEY ISLAND AV/AVENUE M,40.617265,-73.963883,B68
100960,CAMPBELL DR/STADIUM AV,40.83791,-73.818838,BX24 Bx24
901721,BUSHWICK AV/DESALES Pl,40.681952,-73.904972,B111
307389,SHORE PKWY/STORAGE,40.594129,-73.997678,B6
305216,ATLANTIC AV/CLINTON ST,40.690391,-73.994744,B61 B63
300404,BAY RIDGE PKWY/11 AV,40.623164,-74.012115,B4
300379,AVENUE Z/W 2 ST,40.586131,-73.971148,B4
350207,VAN SICLEN AV /COZINE AV,40.656201,-73.882389,BM5
307647,FORT HAMILTON PKWY/83 ST,40.6218,-74.022276,B16 B70
307793,CHURCH AV/NOSTRAND AV,40.650853,-73.950008,B35
403781,CENTRAL PARK SOUTH/COLUMBUS CIRCLE,40.767567,-73.980989,M104 M20 M5 M7
305070,ROCKAWAY AV/RIVERDALE AV,40.660683,-73.908491,B60
306111,LORRAINE ST/HICKS ST,40.674226,-74.00628,B57 B61
100041,GRAND CONCOURSE/E 182 ST,40.856254,-73.900358,BX1 BX2 Bx1 Bx2
101744,CO-OP CITY BLVD/PEARTREE AV,40.880121,-73.823686,BX23 BX25 BX28 BX30 BX38 Bx23 Bx25 Bx28 Bx30 Bx38 Q50
100103,GRAND CONCOURSE/EAST FORDHAM RD,40.861909,-73.897737,BX1 BX2 BXM4 Bx1 Bx2 BxM4
350061,AVENUE T / MILL AV,40.616917,-73.915774,B100
401657,AVENUE A/E 5 ST,40.7251,-73.984118,L92 M14A+ M14A-SBS
404839,BROADWAY/DONGAN PL,40.863519,-73.93004,BX7 Bx7 M100
307690,GATES AV/WILSON AV,40.695572,-73.916057,B52
301674,CATON AV/McDONALD AV,40.64739,-73.980133,B16
100471,RIVERDALE AV/W 259 ST,40.90655,-73.90429,BX10 BX7 BXM1 BXM18 BXM2 Bx10 Bx7 BxM1 BxM18 BxM2
103081,ASCH LOOP/ALCOTT PL,40.871454,-73.830546,BX23 BX26 BX28 BX30 BXM7 Bx23 Bx26 Bx28 Bx30 BxM7
301418,FOUNTAIN AV/VANDALIA AV,40.659222,-73.866128,B13 B84
301797,REMSEN AV/SEAVIEW AV,40.630431,-73.895227,B17
403658,W 181 ST/AMSTERDAM AV,40.848163,-73.931184,BX11 BX13 BX3 BX35 BX36 Bx11 Bx13 Bx3 Bx35 Bx36
100752,CLAREMONT PKWY/WASHINGTON AV,40.838615,-73.902322,BX11 Bx11
306343,BUFFALO AV/PROSPECT PL,40.673264,-73.925056,B15 B45 B65
101460,BOSTON RD/E 168 ST,40.829374,-73.902632,BX21 Bx21
400240,ADAM C POWELL BLVD/W 143 ST,40.820515,-73.939681,M2
300491,BAY PKWY/86 ST,40.602119,-73.993777,B6 B82 B82+ B82-SBS
307360,FLATBUSH AV/SAINT MARKS AV,40.679494,-73.974272,B67
400038,MADISON AV/E 91 ST,40.78436,-73.956137,M1 M2 M3 M4
308911,N 14 ST/KENT AV,40.724076,-73.957514,B32
400091,W 139 ST/MALCOLM X BLVD,40.816381,-73.938746,M1
101059,3 AV/E 163 ST,40.823866,-73.908942,BX15 BX21 Bx15 Bx21
404211,5 AV/W 28 ST,40.744396,-73.987625,M1 M2 M3 M55
904980,JACKSON AV/45 AV,40.746666,-73.943613,B94
982460,MADISON AV/E 44 ST,40.753764,-73.978495,BXM18 BXM6 BXM9 BxM18 BxM6 BxM9
103657,BOSTON RD/ASTOR AV,40.859786,-73.867315,BX30 Bx30
101444,MORRIS PARK AV/WHITE PLAINS RD,40.845285,-73.866378,BX21 BXM10 Bx21 BxM10
302852,SURF AV/W 8 ST,40.575476,-73.977167,B102 B90 T464
103784,LONGSTREET AV/CHAFFEE AV,40.816201,-73.804619,BX8 Bx8
102577,EAST TREMONT AV/SAINT PETERS AV,40.842803,-73.84988,BX40 BX42 BX4A Bx40 Bx42 Bx4A
306215,VANDALIA AV /BETHEL LOOP,40.651984,-73.882364,B83 BM5
307249,FULTON ST/LEWIS AV,40.679682,-73.935381,B25
306053,COURT ST/SCHERMERHORN ST,40.691085,-73.991778,B57
306144,AVENUE U/E 54 ST,40.611007,-73.920407,B3 B47
300014,BRIGHTON BEACH AV/BRIGHTON 3 ST,40.577035,-73.964603,B1 B68
504409,JACKSON AV/21 ST,40.744723,-73.948151,B94 T323 T403
308435,NOSTRAND AV/FULTON ST,40.67997,-73.949642,B44 B44+ B44-SBS
308254,3 AV/82 ST,40.62627,-74.029832,B37
306908,REMSEN AV/FARRAGUT RD,40.643491,-73.909458,B17
307945,AVENUE N/MCDONALD AV,40.614018,-73.973548,B9
307426,JAY ST/TILLARY ST,40.695699,-73.987196,B57 B62
104329,PELHAM PKWY/WHITE PLAINS RD,40.856721,-73.867268,BX12+ Bx12-SBS
101166,MUNDY LN/PITMAN AV,40.897981,-73.839679,BX16 Bx16
301110,DEAN ST/ALBANY AV,40.676193,-73.93833,B15 B65
308303,NEPTUNE AV/W 6 ST,40.57982,-73.974228,B68
103272,METROPOLITAN AV/BENEDICT AV,40.833971,-73.860756,BX4A BXM6 Bx4A BxM6
306174,CLARKSON AV/E 94 ST,40.659758,-73.922135,B47
301038,NEW LOTS AV/BERRIMAN ST,40.668333,-73.87829,B15
100268,WESTCHESTER AV/JACKSON AV,40.816511,-73.907907,BX4 Bx4
104530,E 161 ST/MACOMBS DAM BRIDGE,40.829006,-73.928147,BX6 Bx6
400454,SAINT NICHOLAS AV/W 178 ST,40.847482,-73.935168,M3
303871,FRANKLIN AV/DE KALB AV,40.690331,-73.95725,B48
306181,ROCKAWAY PKWY/WINTHROP ST,40.662431,-73.921716,B47
401250,CENTRAL PARK WEST/W 77 ST,40.779818,-73.97319,M10
301646,36 ST/CLARA ST,40.642802,-73.985374,B16
403547,W 23 ST/10 AV,40.747919,-74.004511,M23+ M23-SBS
300465,KINGS HWY/NOSTRAND AV,40.616201,-73.944651,B7 B82 B82+ B82-SBS
101494,UNIONPORT RD/EAST TREMONT AV,40.841198,-73.863296,BX22 Bx22
301544,SUTTER AV/CLEVELAND ST,40.671097,-73.883213,B14
300529,AVENUE J/E 16 ST,40.625207,-73.960572,B11 B6
450090,MADISON AV/E 35 ST,40.748512,-73.982353,BXM7 BxM7
403111,BROADWAY/W 91 ST,40.791669,-73.973745,M104
100061,SEDGWICK AV/FORT INDEPENDENCE ST,40.878651,-73.897918,BX1 BX2 Bx1 Bx2
101216,PROSPECT AV/RITTER PL,40.831304,-73.896717,BX17 Bx17
401183,E 14 ST/AVENUE A,40.730455,-73.980421,M14A+ M14A-SBS M14D+ M14D-SBS
304994,WILSON AV/STANHOPE ST,40.698995,-73.922603,B60
400615,BROADWAY/W 149 ST,40.829167,-73.948237,M4 M5
305480,HARWAY AV/BAY 43 ST,40.591214,-73.989875,B64
308313,ROCKAWAY AV/HEGEMAN AV,40.655904,-73.907318,B8
402674,3 AV/E 29 ST,40.742894,-73.980105,M101 M102 M103
303475,NOSTRAND AV/BEVERLY RD,40.644798,-73.949011,B44 B96
101871,EAST GUN HILL RD/HERING AV,40.873109,-73.853148,BX28 BX38 Bx28 Bx38
403545,3 AV/E 60 ST,40.762558,-73.965738,M101 M102 M103
802161,WEBSTER AV/EAST TREMONT AV,40.847617,-73.901023,BX41+ Bx41-SBS
103403,WHITE PLAINS RD/PATTERSON AV,40.813211,-73.856331,BX39 Bx39
405447,11 AV/W 38 ST,40.758109,-74.000379,M12
504106,FRESH POND RD/68 AV,40.705542,-73.896375,B13 B20
301066,RALPH AV/SAINT JOHNS PL,40.670002,-73.922406,B15 B47
300358,EMMONS AV/DOOLEY ST,40.583818,-73.945198,B4
302383,FULTON ST/KINGSTON AV,40.67988,-73.941381,B25
101819,SOUNDVIEW AV/STEPHENS AV,40.807868,-73.852716,BX27 BX39 Bx27 Bx39
103017,GRAND CONCOURSE/MINERVA PL,40.8705,-73.890759,BX1 BX2 Bx1 Bx2
150148,E 241 ST/BARNES AV,40.902945,-73.849042,BXM11 BxM11
301565,SUTTER AV/LOGAN ST,40.672258,-73.875957,B14
308732,FRANKLIN ST/INDIA ST,40.731823,-73.957988,B32
300713,THOMAS S BOYLAND ST/SAINT MARKS AV,40.67352,-73.913929,B7
402331,YORK AV/E 66 ST,40.763333,-73.95624,M31
300469,KINGS HWY/E 22 ST,40.61136,-73.951457,B7 B82
307619,50 ST/13 AV,40.634173,-73.992311,B11
504227,GREENPOINT AV/STARR AV,40.735052,-73.936194,B24
300241,AVENUE U /E 69 ST,40.619083,-73.908828,B3 BM1
104326,UNIVERSITY AV/W 176 ST,40.848728,-73.918115,BX3 BX36 Bx3 Bx36
405339,MADISON ST/OLIVER ST,40.712048,-73.997597,M15
350274,FILLMORE AV / BURNETT ST,40.607663,-73.938871,B100
550454,WOODHAVEN BLVD/METROPOLITAN AV,40.71208,-73.859508,BM5 Q11 QM15
903254,EAST TREMONT AV/E 177 ST,40.839859,-73.878467,BX36 Bx36
307169,FRANKLIN AV/FLUSHING AV,40.698328,-73.958858,B48
100376,E 163 ST/WESTCHESTER AV,40.820906,-73.898496,BX6 Bx6
305705,CONEY ISLAND AV/AVENUE R,40.605665,-73.96162,B68
402503,E 125 ST/LEXINGTON AV,40.804584,-73.937761,M101 M125
101375,E 149 ST/MORRIS AV,40.817533,-73.923013,BX19 BX2 Bx19 Bx2
303903,SHORE BLVD/EMMONS AV,40.582935,-73.953936,B49
300009,BRIGHTON BEACH AV/CORBIN PL,40.577381,-73.954407,B1
801157,FLUSHING AV/CLERMONT AV,40.69781,-73.970924,B69
300055,BAY RIDGE AV/11 AV,40.6266,-74.008588,B64
802179,W 170 ST/EDWARD L GRANT HWY,40.840258,-73.921174,BX11 Bx11
504215,GREENPOINT AV/GALE AV,40.736248,-73.932714,B24
308307,NEPTUNE AV/SHELL RD,40.579819,-73.976528,B68
402205,W 57 ST/11 AV,40.77023,-73.991334,M12 M57
403169,BROADWAY/W 70 ST,40.776767,-73.982304,M104 M5
305749,CONEY ISLAND AV/FOSTER AV,40.631909,-73.966801,B68
103606,WESTCHESTER AV/INTERVALE AV,40.822265,-73.896646,BX4 Bx4
308102,8 AV/55 ST,40.638096,-74.00689,B70
307998,GOLD ST/TILLARY ST,40.696427,-73.983131,B57 B62
303360,ROCKAWAY PKWY/AVENUE K,40.640681,-73.89721,B42
401268,FREDERICK DOUGLASS BLVD/W 113 ST,40.802747,-73.956482,M10
104506,VIELE AV/FAILE ST,40.806841,-73.884705,BX46 Bx46
101729,HUTCHINSON RIVER PKWY/EINSTEIN LOOP NORTH,40.865644,-73.823627,BX23 BX26 BX28 BX30 Bx23 Bx26 Bx28 Bx30 Q50
404106,3 AV/E 14 ST,40.732955,-73.987502,M101 M102 M103
300816,18 AV/47 ST,40.629557,-73.979501,B8
100473,RIVERDALE AV/W 254 ST,40.901837,-73.906096,BX10 BX7 BXM1 BXM18 BXM2 Bx10 Bx7 BxM1 BxM18 BxM2
104644,BRUCKNER BLVD/BRONX RIVER AV,40.823239,-73.883043,BX5 Bx5
100646,BOSTON RD/E 180 ST,40.842561,-73.878332,BX9 Bx9 Q44+ Q44-SBS
300216,AVENUE U/E 37 ST,40.606834,-73.926992,B3
100849,EAST FORDHAM RD/VALENTINE AV,40.862346,-73.896016,BX12+ Bx12-SBS
303784,BROOKLYN AV/CARROLL ST,40.666576,-73.945318,B43
503642,62 ST/75 AV,40.698636,-73.892974,B13
103473,BRUCKNER BLVD/BUHRE AV,40.849136,-73.826853,BX24 BX5 Bx24 Bx5 Q50
150007,BOSTON RD/ARNOW AV,40.867846,-73.859347,BX30 Bx30
405079,AMSTERDAM AV/W 125 ST,40.812905,-73.956867,M11 M60+ M60-SBS
303000,3 AV/86 ST,40.623355,-74.031131,B37
150116,SEDGWICK AV/KINGSBRIDGE RD,40.86961,-73.904072,BXM3 BxM3
104059,HALLECK ST/FOOD CENTER DR,40.809619,-73.880502,BX6 BX6+ Bx6 Bx6-SBS
303307,FLATBUSH AV/PARKSIDE AV,40.655257,-73.959894,B41
307625,AVENUE N/E 5 ST,40.614385,-73.970145,B9
303864,LORIMER ST/LEE AV,40.700321,-73.953791,B48
400406,SAINT NICHOLAS AV/W 145 ST,40.824338,-73.944408,M3
301612,86 ST/RIDGE BLVD,40.623914,-74.033361,B16
104619,HUTCHINSON RIVER PKWY/BOLLER AV,40.863693,-73.825119,BX23 BX26 BX28 BX30 Bx23 Bx26 Bx28 Bx30
301978,BROADWAY/GRANITE ST,40.682028,-73.908833,B20 Q24
403297,YORK AV/E 69 ST,40.765019,-73.955171,M31
307432,E 96 ST/FLATLANDS AV,40.643356,-73.901563,B6 B82
307205,SURF AV/W 25 ST,40.57345,-73.992113,B36 X28 X38
550689,21 ST/30 AV,40.769815,-73.928066,B62 Q100 Q69
300522,BAY PKWY/McDONALD AV,40.621242,-73.97486,B6
104539,WATERS ST/MARCONI ST,40.846537,-73.84328,BX24 Bx24
102050,EASTCHESTER RD/BURKE AV,40.873254,-73.844203,BX31 BXM10 Bx31 BxM10
400336,E 8 ST/UNIVERSITY PL,40.731417,-73.994502,M1 M2 M3 M55 M8
303951,ROGERS AV/MONTGOMERY ST,40.665855,-73.953594,B49
300563,FLATLANDS AV/E 80 ST,40.635669,-73.912833,B6 B82+ B82-SBS
301945,LINDEN BLVD/SHEPHERD AV,40.664763,-73.876793,B20
307964,WASHINGTON AV/MONTGOMERY ST,40.667019,-73.9616,B48
984006,W 230 ST / BROADWAY,40.877199,-73.906891,BXM1 BXM18 BXM2 BxM1 BxM18 BxM2
102619,DEWEY AV/QUINCY AV,40.821389,-73.821639,BX42 Bx42
303387,NEW YORK AV/BEVERLY RD,40.645642,-73.946019,B44 B96
100254,WESTCHESTER AV/MANOR AV,40.829099,-73.876293,BX27 BX4 BX4A Bx27 Bx4 Bx4A
303332,AVENUE N/RALPH AV,40.619467,-73.917462,B41
307595,DEAN ST/3 AV,40.683863,-73.981211,B65
303592,UTICA AV/AVENUE N,40.619894,-73.926824,B46+ B46-SBS
103113,MELROSE AV/E 156 ST,40.820952,-73.915515,BX41 Bx41
100100,GRAND CONCOURSE/E 196 ST,40.86813,-73.893171,BX1 BX2 BXM4 Bx1 Bx2 BxM4
901799,39 ST/3 AV,40.653981,-74.008385,B70
300154,E 36 ST/FILLMORE AV,40.611424,-73.93333,B2
308713,NOSTRAND AV/FLATBUSH AV,40.632571,-73.947689,B44
306945,4 AV/97 ST,40.614527,-74.03233,B63 B8
403264,11 AV/W 42 ST,40.760639,-73.998508,M12
302724,CHURCH AV/ROCKAWAY PKWY,40.656401,-73.914223,B35 B8
103322,WHITE PLAINS RD/WOOD AV,40.835841,-73.863091,BX36 BX39 Bx36 Bx39
306522,14 AV/44 ST,40.636695,-73.98669,B16
302977,3 AV/41 ST,40.652491,-74.009197,B37
102123,MORRIS AV/E 170 ST,40.838216,-73.911123,BX32 Bx32
301521,PITKIN AV/SARATOGA AV,40.668716,-73.916831,B12 B14 B7
401305,FREDERICK DOUGLASS BLVD/W 155 ST,40.829091,-73.937451,M10
404356,SUNKEN GARDEN LOOP/EMPLOYMENT CENTER,40.786171,-73.931819,M35
305100,VAN BRUNT ST/SEABRING ST,40.68149,-74.007946,B61
307990,RALPH AV/EASTERN PKWY,40.668816,-73.922511,B15 B47
102247,KATONAH AV/E 239 ST,40.900042,-73.867694,BX31 BX34 Bx31 Bx34
401704,1 AV/E 57 ST,40.758829,-73.962462,M15 M15+ M15-SBS
305191,WYTHE AV/CLYMER ST,40.704836,-73.966339,B62 B67
103188,CROSBY AV/BRUCKNER BLVD,40.834379,-73.82636,BX8 Bx8
100608,BROADWAY/W 262 ST,40.910104,-73.89673,BX9 Bx9
308962,LIVINGSTON ST/NEVINS ST,40.688057,-73.981566,B41 B45 B67
102318,E 168 ST/PARK AV,40.831945,-73.908319,BX35 Bx35
404286,W 14 ST/HUDSON ST,40.74062,-74.004803,M14D+ M14D-SBS
804174,DELANCEY ST/ESSEX ST,40.71849,-73.988459,B106
307695,9 ST/2 AV,40.672384,-73.992997,B61
301846,FLUSHING AV/THAMES ST,40.705907,-73.925899,B57
303441,LEE AV/FLUSHING AV,40.699506,-73.953484,B44+ B44-SBS T403
302372,FULTON ST/CLINTON AV,40.683332,-73.966593,B26
306495,BERGEN ST/BEDFORD AV,40.676384,-73.953475,B65
104265,BAYCHESTER AV/750 BAYCHESTER AV,40.87415,-73.833733,BX25 BX30 BX38 Bx25 Bx30 Bx38
103800,JEROME AV/E 233 ST,40.894716,-73.88025,BX16 BX34 Bx16 Bx34
305629,7 AV/11 ST,40.665909,-73.982287,B67 B69
300101,86 ST/20 AV,40.604609,-73.998365,B1
801012,WILLIAMSBURG BRIDGE PLAZA/LANE 1,40.709649,-73.959518,B39 B60
102568,EAST TREMONT AV/COMMONWEALTH AV,40.839737,-73.868835,BX36 BX40 BX42 Bx36 Bx40 Bx42
300076,BAY RIDGE AV/4 AV,40.634412,-74.02321,B64
308853,NASSAU AV/MANHATTAN AV,40.723668,-73.950877,B62
308781,SEAVIEW AV/E 105 ST,40.637397,-73.883905,B17
101017,WILLIS AV/E 144 ST,40.813111,-73.919823,M125
305809,VANDERBILT AV/LAFAYETTE AV,40.687777,-73.968687,B69
401366,7 AV/W 20 ST,40.742028,-73.997286,M20 M7
403813,BROADWAY/RIVERSIDE DR,40.865142,-73.928072,BX7 Bx7 M100
305852,PROSPECT PARK WEST/9 ST,40.664314,-73.977194,B61
402545,BROADWAY/W 196 ST,40.86087,-73.930498,BX7 Bx7 M100
305725,CONEY ISLAND AV/CATON AV,40.648599,-73.971358,B68
303972,BEDFORD AV/EASTERN PKWY,40.670423,-73.955267,B49
101711,ALLERTON AV/WESTERVELT AV,40.865048,-73.839404,BX25 BX26 Bx25 Bx26
308210,5 AV/SAINT JOHNS PL,40.678656,-73.978851,B63
901534,ROCKAWAY PKWY/SUBWAY STATION,40.64576,-73.90157,B42
301138,NEW LOTS AV/MALTA ST,40.660517,-73.895929,B15
305721,CONEY ISLAND AV/SLOCUM PL,40.642011,-73.969451,B68
308802,UTICA AV/AVENUE N,40.61991,-73.926824,B46
801128,FLATBUSH AV/PACIFIC ST,40.683164,-73.976866,B116
901003,NARROWS AV/77 ST,40.631716,-74.036406,B4
303970,BEDFORD AV/STERLING PL,40.672862,-73.954383,B49
102159,MORRIS AV/EAST MOUNT EDEN AV,40.842446,-73.909674,BX32 Bx32
308537,18 AV/82 ST,40.609289,-74.00023,B8
305673,7 AV/UNION ST,40.674188,-73.975723,B67 B69
306550,MCDONALD AV/CHURCH AV,40.643391,-73.979491,B67 B69
308002,KINGS HWY/E 26 ST,40.613806,-73.948116,B7 B82
301736,REMSEN AV/AVENUE L,40.635607,-73.900663,B17
102965,W 239 ST/RIVERDALE AV,40.889139,-73.908577,BX7 Bx7
100322,BRUCKNER BLVD/WILLOW LN,40.849028,-73.8281,BX24 BX5 Bx24 Bx5 Q50
302032,PENNSYLVANIA AV/SUTTER AV,40.66909,-73.895237,B20 B83
305053,WILSON AV/COOPER ST,40.689397,-73.905958,B60
103561,LAYTON AV/VINCENT AV,40.834809,-73.820729,BX8 Bx8
303427,BEDFORD AV/TAYLOR ST,40.705825,-73.962904,B44 B44+ B44-SBS
100025,GRAND CONCOURSE/E 161 ST,40.826617,-73.922643,BX1 BX2 BXM4 Bx1 Bx2 BxM4
103031,E 233 ST/GUNTHER AV,40.89085,-73.849089,BX31 Bx31
450058,5 AV/W 40 ST,40.752142,-73.981916,BXM3 BXM4 BxM3 BxM4
301072,BERGEN ST/UTICA AV,40.675082,-73.930386,B15 B65
300304,BAY RIDGE PKWY/20 AV,40.610635,-73.99149,B4
100118,GRAND CONCOURSE/E 167 ST,40.834228,-73.918308,BX1 BX2 Bx1 Bx2
403139,MORNINGSIDE AV/W 125 ST,40.811475,-73.95402,M104
302843,AVENUE Z/CONEY ISLAND AV,40.587395,-73.960144,B36
301281,AVENUE I/OCEAN PKWY,40.626558,-73.971627,B11
305353,5 AV/60 ST,40.639689,-74.015843,B63
402851,LEXINGTON AV/E 28 ST,40.742375,-73.982721,M101 M102 M103 SIM11 SIM6
400274,ADAM C POWELL BLVD/W 148 ST,40.823366,-73.938028,M2
305111,ATLANTIC AV/CLINTON ST,40.690095,-73.994155,B61 B63
305842,VANDERBILT AV/PARK PL,40.676499,-73.969399,B69
306810,BEDFORD AV/N 9 ST,40.719151,-73.956234,B62
306760,PARK AV/RYERSON ST,40.695557,-73.964969,B62
100277,STORY AV/ELDER AV,40.821595,-73.877734,BX5 Bx5
101189,E 233 ST/KATONAH AV,40.896122,-73.866783,BX16 BX31 Bx16 Bx31
306843,LINDEN BLVD/ROCKAWAY PKWY,40.654227,-73.91209,B8
306167,RALPH AV/E 88 ST,40.651264,-73.920557,B47
405459,12 AV/W 52 ST,40.768082,-73.995597,M12
402819,LEXINGTON AV/E 94 ST,40.784406,-73.952025,M101 M102 M103
300798,18 AV/84 ST,40.608515,-74.000972,B8
300864,AVENUE D/E 48 ST,40.642055,-73.931652,B8
100483,W 230 ST/BROADWAY,40.877103,-73.907057,BX20 BX7 BXM1 BXM18 BXM2 Bx20 Bx7 BxM1 BxM18 BxM2
100180,FORT INDEPENDENCE ST/HEATH AV,40.878971,-73.899692,BX3 Bx3
450351,MADISON AV/E 99 ST,40.789292,-73.952573,BXM11 BXM2 BXM3 BXM4 BxM11 BxM2 BxM3 BxM4
103930,EASTTREMONT AV/E 177 ST,40.839852,-73.878243,BX21 Bx21
102121,MORRIS AV/E 167 ST,40.832995,-73.914154,BX32 Bx32
103280,WESTCHESTER AV/BURR AV,40.853336,-73.827133,BX24 BXM8 Bx24 BxM8 T103
401443,AMSTERDAM AV/W 123 ST,40.811144,-73.957808,M11
104279,SAINT ANN'S AV/SAINT MARY'S ST,40.810507,-73.915101,BX17 Bx17
400630,FORT WASHINGTON AV/W 179 ST,40.849229,-73.938932,M4
102187,E 138 ST/LINCOLN AV,40.810745,-73.92681,BX33 Bx33
504122,GATES AV/WOODWARD AV,40.705488,-73.906062,B13
303727,THROOP AV/FULTON ST,40.680207,-73.940327,B43
103441,SOUNDVIEW AV/LAFAYETTE AV,40.821122,-73.866015,BX27 Bx27
403433,3 AV/E 79 ST,40.774605,-73.95697,M101 M102 M103 M98
350052,AVENUE M / E 85 ST,40.631338,-73.902516,B103 BM2
103349,ROSEDALE AV/SEWARD AV,40.818397,-73.866219,BX27 Bx27
104490,LONGWOOD AV/SOUTHERN BLVD,40.816185,-73.896123,BX46 Bx46
305287,BOX ST/MANHATTAN AV,40.737195,-73.95567,B43
402861,BOWERY/E 4 ST,40.726844,-73.991677,M103
100240,WESTCHESTER AV/ZEREGA AV,40.836939,-73.846611,BX4 Bx4 T103
308695,ROGERS AV/STERLING ST,40.663262,-73.953775,B49
100627,WEST KINGSBRIDGE RD/KINGSBRIDGE TERR,40.87042,-73.904578,BX9 Bx9
302297,BEDFORD AV/BROADWAY,40.71073,-73.963616,B62
402130,E 23 ST/BROADWAY,40.741142,-73.98879,M23+ M23-SBS SIM10 SIM31 SIM33C SIM4C X28
307115,HEGEMAN AV/THOMAS S BOYLAND ST,40.655881,-73.90948,B15 B35 B8
401375,7 AV SOUTH/CLARKSON ST,40.729333,-74.005257,M20
101034,3 AV/E 175 ST,40.844489,-73.897255,BX15 Bx15
100505,BRONXWOOD AV/BURKE AV,40.87168,-73.861249,BX8 Bx8
302479,HALSEY ST/CENTRAL AV,40.69025,-73.910699,B26
300350,KNAPP ST/HARKNESS AV,40.58644,-73.93159,B4
304419,MYRTLE AV/IRVING AV,40.699179,-73.915286,B54
103931,SEDGWICK AV/FORT INDEPENDENCE ST,40.878264,-73.89817,BX3 Bx3
307531,FLATLANDS AV/SCHENECTADY AV,40.624261,-73.930685,B82
300271,AVENUE U/E 2 ST,40.597389,-73.970098,B3
300287,77 ST/3 AV,40.630003,-74.028522,B4
306452,PENNSYLVANIA AV /HORNELL LOOP,40.645109,-73.878449,B82 B83 BM2 BM5
403686,W 145 ST/FREDERICK DOUGLASS BLVD,40.822558,-73.941493,BX19 Bx19
350095,E 66 ST / OHIO WALK,40.613711,-73.907136,B100 BM1
301591,PITKIN AV/ROCKAWAY AV,40.669678,-73.911206,B12 B14
103970,GRAND CONCOURSE/FIELD PL,40.858876,-73.898793,BX1 BX2 Bx1 Bx2
303382,FARRAGUT RD/NOSTRAND AV,40.63623,-73.947573,B44
301983,DECATUR ST/EVERGREEN AV,40.687139,-73.909077,B20 B60
307486,7 AV SERVICE RD SOUTH/BAY RIDGE PKWY,40.626752,-74.018855,B70
100331,BRUCKNER BLVD/GIFFORD AV,40.831307,-73.831724,BX5 Bx5
100863,CITY ISLAND AV / WINTERS ST,40.843982,-73.785026,BX29 BXM8 Bx29 BxM8
301511,CRESCENT ST/STANLEY AV,40.665146,-73.867532,B13
103671,PAUL AV/WEST MOSHOLU PKWY SOUTH,40.880365,-73.886348,BX10 BX28 BX38 Bx10 Bx28 Bx38
100053,GRAND CONCOURSE/EAST MOSHOLU PKWY SOUTH,40.877992,-73.884717,BX1 BX2 BX28 BX38 Bx1 Bx2 Bx28 Bx38
301762,GLENWOOD RD/E 96 ST,40.64483,-73.902673,B17
305413,5 AV/DEAN ST,40.681882,-73.976787,B63
405026,9 AV/W 40 ST,40.756899,-73.993896,M11
401709,1 AV/E 72 ST,40.768087,-73.955742,M15
305380,5 AV/5 ST,40.671805,-73.983994,B63
902198,WHITE PLAINS RD/E 236 ST,40.895444,-73.856098,BX39 Bx39
104372,ZEREGA AV/CASTLE HILL AV,40.812847,-73.846145,BX22 Bx22
450436,3 AV/E 87 ST,40.779424,-73.953443,BXM7 BXM8 BxM7 BxM8
103696,WEBSTER AV/BOTANICAL SQ NORTH,40.868591,-73.881391,BX41 Bx41
400053,MADISON AV/E 123 ST,40.804757,-73.941344,BXM2 BXM3 BXM4 BxM2 BxM3 BxM4 M1
401633,E 14 ST/AVENUE C,40.72861,-73.975909,M14D+ M14D-SBS
300517,BAY PKWY/W 10 ST,40.611412,-73.983821,B6
301607,SHORE RD/OLIVER ST,40.619415,-74.040023,B16 X27 X37
306850,COZINE AV/PENNSYLVANIA AV,40.654256,-73.88686,B6
302892,3 AV/53 ST,40.646085,-74.015964,B37
100587,BROADWAY/W 242 ST,40.889761,-73.897936,BX9 Bx9
102962,3 AV/E 144 ST,40.813873,-73.921705,BX2 BX21 Bx2 Bx21
400033,MADISON AV/E 79 ST,40.776647,-73.961823,M1 M2 M3 M4
150117,SEDGWICK AV/W KINGSBRIDGE RD,40.869672,-73.903472,BXM3 BxM3
305271,GRAHAM AV/ENGERT AV,40.721765,-73.947018,B43
303440,NOSTRAND AV/AVENUE U,40.600949,-73.941896,B44 B44+ B44-SBS
401669,PEARL ST/PECK SLIP,40.708968,-74.002171,M15
301589,PITKIN AV/MOTHER GASTON BLVD,40.67023,-73.907496,B14
350083,E 105 ST / AVENUE L,40.642679,-73.889432,B103 BM2
300255,AVENUE U/STUART ST,40.602324,-73.93416,B3
102413,PUGSLEY AV/SEWARD AV,40.820192,-73.854506,BX36 Bx36
303029,LAFAYETTE AV/TOMPKINS AV,40.690557,-73.944948,B38
402809,LEXINGTON AV/E 114 ST,40.797178,-73.942746,M101 M102 M103
101421,MORRIS PARK AV/RADCLIFF AV,40.847849,-73.856703,BX21 Bx21
301414,WOODRUFF AV/OCEAN AV,40.654176,-73.961621,B12
303032,LAFAYETTE AV/LEWIS AV,40.691541,-73.936343,B38
305775,BRIGHTON BEACH AV/BRIGHTON 1 PL,40.576651,-73.965449,B1 B68
401232,8 AV/W 37 ST,40.75396,-73.992034,M20 M34A+ M34A-SBS
901828,NEW LOTS AV/VAN SICLEN AV,40.664064,-73.887856,B99
350118,FILLMORE AV / E 51 ST,40.614632,-73.925236,B100
401818,W 34 ST/9 AV,40.753106,-73.995857,M34+ M34-SBS M34A+ M34A-SBS SIM23 SIM24
103538,BARTOW AV/REAR OF PATHMARK,40.869305,-73.824081,BX23 BX26 BX28 BX30 Bx23 Bx26 Bx28 Bx30 Q50
104699,BAINBRIDGE AV/E 210 ST,40.879729,-73.878965,BX10 BX16 BX28 BX34 BX38 Bx10 Bx16 Bx28 Bx34 Bx38
101150,NEREID AV/BRUNER AV,40.898475,-73.849271,BX16 BX39 Bx16 Bx39
305299,GRAHAM AV/ENGERT AV,40.721162,-73.946867,B43
104328,WEST FORDHAM RD/JEROME AV,40.862736,-73.901377,BX12 Bx12
302036,PENNSYLVANIA AV/RIVERDALE AV,40.662925,-73.893653,B20 B83
400044,MADISON AV/E 104 ST,40.792159,-73.950447,M1 M106 M2 M3 M4
301626,FORT HAMILTON PKWY/66 ST,40.630267,-74.009619,B16
308345,GERRITSEN AV/FORD ST,40.605216,-73.939058,B31
402132,E 23 ST / PARK AV SOUTH,40.740033,-73.986163,BM1 BM2 BM3 BM4 SIM10 SIM3 SIM31 X37 X38
103318,WHITE PLAINS RD/PATTERSON AV,40.8139,-73.856254,BX39 Bx39
401393,BETHUNE ST/GREENWICH ST,40.736989,-74.006358,M11
301081,LEWIS AV/JEFFERSON AV,40.685359,-73.935455,B15
101746,DREISER LOOP/CO-OP CITY BLVD,40.87801,-73.828248,BX23 BX25 BX28 BX30 BX38 Bx23 Bx25 Bx28 Bx30 Bx38
401446,AMSTERDAM AV/W 129 ST,40.815135,-73.954899,M101 M11
402774,AMSTERDAM AV/W 168 ST,40.839549,-73.937226,M101
307501,86 ST/FORT HAMILTON PKWY,40.620732,-74.024776,B1 B16 S53 S93
403292,AMSTERDAM AV/LA SALLE ST,40.812755,-73.956592,M11
903340,FORT GEORGE AV/66 FORT GEORGE AV,40.858017,-73.926518,M101
405053,MURRAY ST/NORTH END AV,40.715482,-74.015376,M22
402517,AMSTERDAM AV/W 135 ST,40.819316,-73.95184,M100 M101
104017,FORDHAM PLAZA/BUS TERMINAL,40.860236,-73.890885,BX17 Bx17
101332,SOUTHERN BLVD/BOSTON RD,40.8372,-73.88775,BX19 Bx19
303672,MALCOLM X BLVD/CHAUNCEY ST,40.679421,-73.929,B46 B46+ B46-SBS
302317,METROPOLITAN AV/LEONARD ST,40.714212,-73.947213,B24
901200,south conduit en eb/cohancy st,40.665797,-73.834607,B15
302588,GERRITSEN AV / BIJOU AV,40.596131,-73.928901,B31 BM4
305933,8 AV/60 ST,40.635279,-74.009897,B70
405322,1 AV/E 15 ST,40.732139,-73.981946,M15+ M15-SBS
302477,HALSEY ST/BUSHWICK AV,40.687288,-73.91361,B26
308352,TILLARY ST/CADMAN PLAZA EAST,40.696092,-73.990591,B38
103915,IRWIN AV/JOHNSON AV,40.879431,-73.912366,BX10 BX20 Bx10 Bx20
303419,BEDFORD AV/WILLOUGHBY AV,40.693372,-73.955811,B44
302768,CHURCH AV/E 3 ST,40.643558,-73.977836,B35
103787,UNIONPORT RD/GUERLAIN ST,40.839389,-73.86183,BX22 Bx22
302598,GERRITSEN AV/GERRITSEN BEACH,40.587101,-73.918503,B31
400635,FORT WASHINGTON AV/W 190 ST,40.857335,-73.935335,M4 M98
101309,E 149 ST/MORRIS AV,40.817178,-73.922383,BX19 BX2 Bx19 Bx2
305028,MONTROSE AV/GRAHAM AV,40.707312,-73.942763,B60
401140,GRAND ST/PITT ST,40.715164,-73.984467,L92 M14A+ M14A-SBS
306854,ASHFORD ST /COZINE AV,40.658518,-73.877596,B6 B84 BM5
302750,CHURCH AV/E 42 ST,40.651424,-73.93845,B35
302742,CHURCH AV/KINGS HWY,40.652581,-73.923403,B35
103918,EAST TREMONT AV/BOSTON RD,40.840196,-73.880005,BX21 Bx21
307573,GREENE AV/GRAND AV,40.687092,-73.962958,B52
902102,E 163 ST/ 3 AV,40.824077,-73.908882,BX13 Bx13
103721,GRAND CONCOURSE/E 203 ST,40.874079,-73.886536,BX1 BX2 BXM4 Bx1 Bx2 BxM4
300759,KINGS HWY/REMSEN AV,40.654936,-73.922074,B7
302710,CHURCH AV/E 42 ST,40.651325,-73.937686,B35
902239,EAST FORDHAM RD/VALENTINE AV,40.862247,-73.895709,BX22 Bx22
103167,DEAN AV/LAFAYETTE AV,40.833126,-73.816852,BX8 Bx8
302281,KINGSLAND AV/WITHERS ST,40.717884,-73.940442,B24
100136,GRAND CONCOURSE/E 153 ST,40.82113,-73.925891,BX1 BX2 Bx1 Bx2
306858,COZINE AV /VAN SICLEN AV,40.656332,-73.882452,B6 BM5
303700,UTICA AV/AVENUE L,40.623182,-73.927453,B46
307040,SHORE PKWY/OCEAN AV,40.584308,-73.948082,B4
307194,60 ST/19 AV,40.620473,-73.984831,B9
302496,HALSEY ST/EVERGREEN AV,40.688341,-73.912728,B26
305528,BATH AV/20 AV,40.601167,-74.001296,B64
102592,EAST TREMONT AV/SCHLEY AV,40.823951,-73.820108,BX40 Bx40
100096,GRAND CONCOURSE/VAN CORTLANDT AV EAST,40.876996,-73.885681,BX1 BX2 Bx1 Bx2
400485,CATHEDRAL PKWY/MANHATTAN AV,40.801047,-73.959575,M3 M4
305628,7 AV/13 ST,40.664691,-73.983307,B67 B69
303511,LEE AV/ROSS ST,40.705599,-73.9599,B44
100606,RIVERDALE AV/W 263 ST,40.912377,-73.902533,BX10 BX7 Bx10 Bx7
801081,W 17 ST/NEPTUNE AV,40.578785,-73.985273,B82
300464,KINGS HWY/AVENUE N,40.617502,-73.943347,B7 B82
100260,WESTCHESTER AV/HOE AV,40.825369,-73.890606,BX4 Bx4
405331,1 AV/E 106 ST,40.789769,-73.939885,M15 M15+ M15-SBS
404309,MANHATTAN AV/W 116 ST,40.805214,-73.956566,M3
401685,1 AV/SAINT MARKS PL,40.727823,-73.985061,M15
100840,PELHAM PKWY/WILLIAMSBRIDGE RD,40.857548,-73.856642,BX12 BX12+ Bx12 Bx12-SBS
305873,7 AV/POLY PREP ENT,40.612347,-74.023602,B70 B8
402458,LEXINGTON AV/E 126 ST,40.804729,-73.937179,M35
301882,WYCKOFF AV/BLEECKER ST,40.701396,-73.914572,B13
300124,BRIGHTON BEACH AV/BRIGHTON 6 ST,40.577504,-73.961553,B1 B102 B68 T464
303276,AVENUE N/E 53 ST,40.619167,-73.924472,B41
300501,CROPSEY AV/BAY 44 ST,40.588727,-73.99039,B82 X28 X38
307113,AVENUE M/E 13 ST,40.617826,-73.961775,B9
902254,EAST TREMONT AV/3 AV,40.846651,-73.896086,BX36 Bx36
302586,GERRITSEN AV / WHITNEY AV,40.598609,-73.931669,B31 BM4
102056,E 225 ST/LACONIA AV,40.88401,-73.848902,BX31 Bx31
504104,FRESH POND RD/70 AV,40.702876,-73.895221,B13 B20
300615,FLATLANDS AV/E 80 ST,40.635345,-73.91372,B6 B82
303274,AVENUE N/E 57 ST,40.619409,-73.920541,B41
802169,CHARLES CIMI PL/WILKINSON AV,40.851997,-73.826235,BX5 Bx5
301602,SHORE RD/4 AV,40.611761,-74.03512,B16
100169,FORT INDEPENDENCE ST/GILES PL,40.878638,-73.898998,BX3 Bx3
400796,BROADWAY/W 171 ST,40.843509,-73.939006,BX7 Bx7 M100 M5
303854,LORIMER ST/SKILLMAN AV,40.715156,-73.9496,B48
300738,SARATOGA AV/MARION ST,40.680823,-73.916806,B7
303145,RALPH AV/HALSEY ST,40.684766,-73.923016,B47
300127,BRIGHTON BEACH AV/BRIGHTON 14 ST,40.577484,-73.955349,B1
300326,NEPTUNE AV/OCEAN PKWY,40.580395,-73.966949,B4
400067,W 147 ST/ADAM C POWELL BLVD,40.822853,-73.937867,M1 M102 M7
104070,KENNELLWORTH PL/AMPERE AV,40.846103,-73.82222,BX24 Bx24
303575,WASHINGTON AV/PACIFIC ST,40.680513,-73.964191,B45
303072,DE KALB AV/SAINT NICHOLAS AV,40.70519,-73.918371,B38
403694,W 145 ST/CONVENT AV,40.824665,-73.946033,BX19 Bx19
302359,CADMAN PLAZA WEST/CADMAN TOWER,40.698348,-73.991565,B25
300541,GLENWOOD RD/NOSTRAND AV,40.633953,-73.947823,B6
308059,VANDERBILT AV/PLAZA ST EAST,40.675179,-73.969641,B69
301745,REMSEN AV/AVENUE B,40.649261,-73.916153,B17
400284,ADAM C POWELL BLVD/W 122 ST,40.806837,-73.950097,M2
307493,TILLARY ST/JAY ST,40.695976,-73.986768,B54 B57 B62
403153,BROADWAY/W 104 ST,40.799738,-73.968497,M104
306974,EMPIRE BLVD/BROOKLYN AV,40.664092,-73.945064,B43
308016,HALSEY ST/BUSHWICK AV,40.686786,-73.914259,B26
304655,FLUSHING AV/CLASSON AV,40.698092,-73.962025,B57
305012,MESEROLE ST/UNION AV,40.707448,-73.950373,B60
303374,NOSTRAND AV/AVENUE N,40.617532,-73.94503,B44
307676,GATES AV/NOSTRAND AV,40.686129,-73.950865,B52
401934,W 96 ST/BROADWAY,40.794392,-73.971407,M106 M96
402153,W 23 ST/7 AV,40.744403,-73.996167,M23+ M23-SBS
301071,BERGEN ST/ROCHESTER AV,40.674932,-73.927631,B15 B65
401091,COLUMBUS AV/W 92 ST,40.790024,-73.969719,M11 M7
102087,EASTCHESTER RD/GIVAN AV,40.874365,-73.845051,BX31 Bx31
405125,WEST THAMES ST/SOUTH END AV,40.708324,-74.017266,M20
803011,W 179 ST/BROADWAY,40.848866,-73.936758,BX13 Bx13
400809,BROADWAY/W 176 ST,40.846657,-73.938432,BX7 Bx7 M100 M5
300566,FLATLANDS AV/E 86 ST,40.638457,-73.90852,B6 B82
400001,4 AV/E 9 ST,40.730955,-73.990418,M3
901758,LAFAYETTE AV/SOUTH PORTLAND AV,40.687162,-73.974443,B93
306189,RALPH AV/CHURCH AV,40.652592,-73.920823,B47
901701,23 ST/JACKSON AV,40.745906,-73.945602,B94 T403
103615,VAN CORTLANDT AV EAST/ROCHAMBEAU AV,40.876514,-73.880536,BXM4 BxM4
301180,50 ST/17 AV,40.62874,-73.983327,B11
101374,E 149 ST/COURTLANDT AV,40.816745,-73.919846,BX19 BX2 Bx19 Bx2
301958,PENNSYLVANIA AV/LINDEN BLVD,40.658316,-73.890316,B20
402626,BROADWAY/W 181 ST,40.849923,-73.936046,BX7 Bx7 M100
302491,WYCKOFF AV/WEIRFIELD ST,40.696369,-73.905571,B111 B26
102387,E 174 ST/BRONX RIVER AV,40.834207,-73.87889,BX11 Bx11
801143,MACKENZIE LOOP (Last stop),40.578107,-73.940647,B49
350043,AVENUE K / OCEAN AV,40.623326,-73.955643,BM1 BM4
103611,SOUTHERN BLVD/E 176 ST,40.84079,-73.885907,BX19 Bx19
307479,AVENUE J/E 18 ST,40.625517,-73.958932,B11 B6
102130,JEROME AV/E 176 ST,40.848547,-73.911669,BX32 Bx32
308660,FLATLANDS AV/ESSEX ST,40.658305,-73.873012,B84
303448,NOSTRAND AV/GREENE AV,40.688059,-73.951192,B44
101405,BOSTON RD/E 169 ST,40.831323,-73.899774,BX21 Bx21
402504,E 125 ST/PARK AV,40.805301,-73.939475,M101 M125
104073,W 169 ST/OGDEN AV,40.840112,-73.92516,BX13 Bx13
103162,THROGS NECK EXPWY/VETERANS MEMORIAL PARK,40.825071,-73.815501,BX8 Bx8
401269,FREDERICK DOUGLASS BLVD/W 116 ST,40.804742,-73.955025,M10
308557,FLATBUSH AV/KINGS HWY,40.622164,-73.936531,B41 Q35
504249,SENECA AV/DE KALB AV,40.707575,-73.915688,B38
304402,MYRTLE AV/THROOP AV,40.696012,-73.943079,B54
306549,MCDONALD AV/AVENUE C,40.641058,-73.979006,B67 B69
103311,WHITE PLAINS RD/ARCHER ST,40.837538,-73.863619,BX36 BX39 Bx36 Bx39
100948,WESTCHESTER AV/CROSBY AV,40.846829,-73.832468,BX24 Bx24 T103
103450,GOULDEN AV/BEDFORD PARK BLVD,40.875776,-73.893859,BX22 BX25 BX26 Bx22 Bx25 Bx26
104102,EAST FORDHAM RD/3 AV,40.860827,-73.889882,BX22 BX9 Bx22 Bx9
306521,14 AV/47 ST,40.635007,-73.988445,B16
403192,W 34 ST/10 AV,40.75433,-73.998776,M34+ M34-SBS
100129,MELROSE AV/E 152 ST,40.817929,-73.917028,BX41 Bx41
300408,BAY RIDGE PKWY/6 AV,40.628223,-74.020518,B4
100763,CLAREMONT PKWY/CROTONA AV,40.83654,-73.897614,BX11 Bx11
102224,BAINBRIDGE AV/E 194 ST,40.864895,-73.891929,BX34 Bx34
304960,ROCKAWAY AV/HEGEMAN AV,40.656179,-73.907213,B60
401195,E 14 ST/AVENUE B,40.72942,-73.978171,M14D+ M14D-SBS
103589,PELHAM PKWY/BRONXWOOD AV,40.857426,-73.861416,BX12 Bx12
305750,CONEY ISLAND AV/AVENUE H,40.629172,-73.966139,B68
101161,MCOWEN AV/BOSTON RD,40.889269,-73.820322,BX16 Bx16
400236,ADAM C POWELL BLVD/W 133 ST,40.81419,-73.9443,M2
401408,10 AV/W 45 ST,40.761749,-73.993798,M11
101548,UNIONPORT RD/EAST TREMONT AV,40.840999,-73.863405,BX22 Bx22
300031,86 ST/STILLWELL AV,40.596791,-73.985195,B1 B3 B4
405298,7 AV/W 17 ST,40.740352,-73.998492,M20 M7
504172,DECATUR ST/SENECA AV,40.697324,-73.89863,B20
305186,DRIGGS AV/BROADWAY,40.710029,-73.962321,B62
307702,60 ST/17 AV,40.623125,-73.989229,B9
400227,ADAM C POWELL BLVD/W 137 ST,40.816789,-73.942405,M2
403158,BROADWAY/W 94 ST,40.793162,-73.973094,M104
306554,MCDONALD AV/VANDERBILT ST,40.651955,-73.981126,B67 B69
302498,HALSEY ST/BROADWAY,40.685757,-73.915267,B26
401447,AMSTERDAM AV/W 131 ST,40.816685,-73.953761,M100 M101 M11
401261,CENTRAL PARK WEST/W 100 ST,40.794507,-73.962472,M10
307506,FULTON ST/MACDOUGAL ST,40.678922,-73.921386,B25
102571,EAST TREMONT AV/UNIONPORT RD,40.841218,-73.863692,BX40 BX42 Bx40 Bx42
350120,FILLMORE AV / E 53 ST,40.614779,-73.923331,B100
100854,W FORDHAM RD/SEDGWICK AV,40.862782,-73.908655,BX12 BX12+ Bx12 Bx12-SBS
902209,pelham py/connector-w,40.857402,-73.821609,BX12 BX12+ Bx12 Bx12-SBS
300765,KINGS HWY/CLARENDON RD,40.644852,-73.924957,B7 B8
308813,MALCOLM X BLVD/GATES AV,40.688876,-73.930158,B46
304086,PENNSYLVANIA AV /DELMAR LOOP NORTH,40.650155,-73.884029,B83 BM2 BM5
301669,CATON AV/CONEY ISLAND AV,40.648349,-73.971236,B16
405311,EAST HOUSTON ST/1 AV,40.723164,-73.988978,M21
300878,FOSTER AV/OCEAN AV,40.636205,-73.958803,B8
404857,PARK ROW/SAINT JAMES PL,40.713374,-73.998679,M103 M9
150006,BOSTON RD/ADEE AV,40.869652,-73.857255,BX30 Bx30
101438,MORRIS PARK AV/SEMINOLE AV,40.85113,-73.84805,BX21 Bx21
400055,MADISON AV/E 127 ST,40.807247,-73.939459,M1
401977,W 106 ST/BROADWAY,40.801329,-73.967601,M116
450352,5 AV/W 56 ST,40.76246,-73.974456,BXM18 BxM18
100098,GRAND CONCOURSE/BEDFORD PARK BLVD,40.872085,-73.888252,BX1 BX2 BXM4 Bx1 Bx2 BxM4
300521,BAY PKWY/60 ST,40.616625,-73.978441,B6
104538,MARCONI ST/LA FITNESS,40.849464,-73.84178,BX24 Bx24
103951,E 170 ST/GRAND CONCOURSE,40.83896,-73.914011,BX11 Bx11
102122,MORRIS AV/E 169 ST,40.835569,-73.91264,BX32 Bx32
303865,WALLABOUT ST/BEDFORD AV,40.699759,-73.957042,B48
404325,FREDERICK DOUGLASS BLVD/MACOMBS PL,40.825817,-73.939658,M10
104278,SAINT ANN'S AV/E 140 ST,40.808259,-73.916397,BX17 Bx17
302255,GREENPOINT AV/LEONARD ST,40.730249,-73.953066,B24 T403
102311,E 169 ST/BOSTON RD,40.831137,-73.900009,BX35 Bx35
405061,3 AV/E 21 ST,40.737436,-73.984124,M101 M102 M103
101512,RESERVOIR AV/W 195 ST,40.869501,-73.898932,BX22 BX32 Bx22 Bx32
301540,SUTTER AV/MILLER AV,40.670061,-73.890154,B14
304699,FLUSHING AV/MORGAN AV,40.703691,-73.931513,B57
308160,FLATLANDS AV/GEORGIA AV,40.651993,-73.888364,B82
402509,W 125 ST/FREDERICK DOUGLASS BLVD,40.810402,-73.951598,M101 M125
303703,UTICA AV/AVENUE O,40.616723,-73.926762,B46
303552,SAINT MARKS AV/BUFFALO AV,40.67377,-73.924316,B45 B65
306333,RALPH AV/E 86 ST,40.648302,-73.920249,B47
306271,W 37 ST/CANAL AV,40.579236,-74.0036,B36 B74
103662,E 233 ST/KATONAH AV,40.895954,-73.866552,BX16 BX31 Bx16 Bx31
302698,CHURCH AV/RUGBY RD,40.6481,-73.966292,B35
304412,MYRTLE AV/KNICKERBOCKER AV,40.698745,-73.918435,B54 M90 T410
100750,CLAY AV/E 171 ST,40.838632,-73.906391,BX11 Bx11
403895,W 14 ST/6 AV,40.737664,-73.997362,L92 M14A+ M14A-SBS M14D+ M14D-SBS
300328,NEPTUNE AV/BRIGHTON 6 ST,40.581349,-73.962444,B4
405394,BROADWAY/W 105 ST,40.80059,-73.967806,M104
102364,WEBSTER AV/EAST TREMONT AV,40.848051,-73.900694,BX41 BX41+ Bx41 Bx41-SBS
306565,MCDONALD AV/AVENUE C,40.639954,-73.97926,B67 B69
802117,E 161 ST/RIVER AV,40.827665,-73.926283,BX13 Bx13
302842,AVENUE Z/E 12 ST,40.587562,-73.958628,B36
306260,VAN SICLEN AV /FLATLANDS AV,40.654633,-73.882359,B83 BM5
400095,5 AV/W 132 ST,40.81062,-73.939282,M1
100504,BRONXWOOD AV/ADEE AV,40.869467,-73.861311,BX8 Bx8
103997,E 241 ST/WHITE PLAINS RD,40.903218,-73.849703,BX39 BXM11 Bx39 BxM11
302683,39 ST/7 AV,40.648374,-73.999232,B35 B70
307644,OCEAN AV/OPP 231 OCEAN AV,40.657494,-73.96234,B16
301568,SUTTER AV/ESSEX ST,40.671463,-73.881464,B14
302792,W 33 ST/MERMAID AV,40.575094,-73.999701,B36 B74
100558,E 180 ST/BOSTON RD,40.842681,-73.878252,BX40 BX42 BX9 Bx40 Bx42 Bx9
350247,AVENUE X / BROWN ST,40.594008,-73.93851,BM3
904304,CRESCENT ST/FULTON ST,40.683792,-73.872276,J90 T430
308666,KENT AV/METROPOLITAN AV,40.717695,-73.964402,B32
104094,E 163 ST/TINTON AV,40.822922,-73.903638,BX6 Bx6
303315,FLATBUSH AV/FARRAGUT RD,40.635683,-73.950848,B41
301561,SUTTER AV/AUTUMN AV,40.673408,-73.868057,B14
801192,CROPSEY AV/BAY 37 ST,40.593774,-73.994363,B82+ B82-SBS
801049,SHORE RD/MACKAY PL,40.637071,-74.036088,B64
402338,YORK AV/E 82 ST,40.773596,-73.948771,M31
100253,WESTCHESTER AV/MORRISON AV,40.829621,-73.874493,BX4 BX4A Bx4 Bx4A
308972,LINDEN BLVD/ESSEX ST,40.664144,-73.877134,B20
307828,BERGEN ST/WASHINGTON AV,40.678671,-73.964365,B65
450083,MADISON AV/E 24 ST,40.741405,-73.987516,BXM10 BxM10
104005,PALMER AV/STILLWELL AV,40.861354,-73.826067,BXM7 BxM7
100188,UNIVERSITY AV/W 190 ST,40.865122,-73.903489,BX3 Bx3
307806,SHORE PKWY / BRAGG ST,40.586625,-73.933255,B4 BM3
300962,AVENUE L/E 28 ST,40.621754,-73.947519,B9
307994,REMSEN AV/AVENUE A,40.650865,-73.917945,B17 B8
306559,MCDONALD AV/VANDERBILT ST,40.651248,-73.981106,B67 B69
504239,ONDERDONK AV/CATALPA AV,40.701487,-73.903094,B38
101876,EAST GUN HILL RD/EASTCHESTER RD,40.868531,-73.842619,BX28 BX38 Bx28 Bx38
103196,CLARENCE AV/RANDALL AV,40.829569,-73.815092,BX8 BXM9 Bx8 BxM9
102795,WEBSTER AV/EAST GUN HILL RD,40.878196,-73.871756,BX41 BX41+ Bx41 Bx41-SBS
404837,ADAM C POWELL BLVD/W 153 ST,40.826531,-73.935264,M2
104512,LONGWOOD AV/BARRY ST,40.814552,-73.893161,BX46 Bx46
308267,3 AV/80 ST,40.62804,-74.029261,B37
301608,SHORE RD/91 ST,40.622004,-74.040075,B16 X27 X37
104316,WESTCHESTER AV/NOBLE AV,40.8309,-73.869859,BX4 BX4A Bx4 Bx4A
801163,BEDFORD AV/GATES AV,40.685507,-73.954251,B44+ B44-SBS
303887,FRANKLIN AV/MONTGOMERY ST,40.665959,-73.959715,B48
405452,8 AV/W 12 ST,40.737903,-74.004356,M12
405380,MADISON AV/E 28 ST,40.744106,-73.9855,BM1 BM2 BM3 BM4 M1 M2 M3
301964,PENNSYLVANIA AV/BLAKE AV,40.668098,-73.894859,B20 B83
104495,VIELE AV/CASANOVA ST,40.806177,-73.887932,BX46 Bx46
301117,BUFFALO AV/PROSPECT PL,40.67322,-73.925214,B15
306901,LIVINGSTON ST / HOYT ST,40.68941,-73.985516,B103 B41 B45 B67 B93
402017,W 106 ST/AMSTERDAM AV,40.800678,-73.966059,M116
404040,6 AV/W 40 ST,40.75365,-73.984867,BXM2 BxM2 M5 M55 M7
102136,JEROME AV/E 183 ST,40.858603,-73.903684,BX32 Bx32
404324,WADSWORTH AV/W 181 ST,40.849738,-73.935135,BX11 BX13 BX3 BX35 BX36 Bx11 Bx13 Bx3 Bx35 Bx36
308205,THOMAS S BOYLAND ST/MACDONOUGH ST,40.684519,-73.914737,B7
450057,5 AV/W 39 ST,40.751679,-73.982272,BM1 BM2 BM3 BM4 BM5
102946,WEBSTER AV/BEDFORD PARK BLVD,40.867348,-73.883511,BX41 BX41+ Bx41 Bx41-SBS
103748,E 149 ST/BERGEN AV,40.815686,-73.916991,BX19 Bx19
100368,E 161 ST/MELROSE AV,40.824041,-73.913643,BX13 BX6 BX6+ Bx13 Bx6 Bx6-SBS
305676,7 AV/6 ST,40.668484,-73.980365,B67 B69
303788,EMPIRE BLVD/NOSTRAND AV,40.663963,-73.951411,B43
404092,COOPER SQ/E 7 ST,40.729314,-73.990194,M101 M102 M103
300447,KINGS HWY/E 16 ST,40.608965,-73.95758,B82 B82+ B82-SBS
305764,CONEY ISLAND AV/AVENUE V,40.595808,-73.961136,B68
101356,SOUTHERN BLVD/FREEMAN ST,40.830102,-73.891908,BX19 Bx19
300532,AVENUE J/E 22 ST,40.625918,-73.954054,B11 B6
300401,BAY RIDGE PKWY/14 AV,40.619186,-74.005498,B4
300590,COZINE AV /ASHFORD ST,40.658352,-73.877775,B6 B84 BM5
302509,HALSEY ST/MARCY AV,40.682243,-73.946469,B26
303920,OCEAN AV / QUENTIN RD,40.609118,-73.953072,B100 B49
100967,RESEARCH AV/AMPERE AV,40.846067,-73.819252,BX24 Bx24
308528,ERSKINE ST /GATEWAY PL,40.653684,-73.867107,B13 Q8
102644,LONGSTREET AV/CHAFFEE AV,40.816297,-73.804449,BX8 Bx8
305709,CONEY ISLAND AV/AVENUE N,40.615541,-73.963293,B68
306304,UTICA AV/EMPIRE BLVD,40.663714,-73.93172,B17 B46+ B46-SBS
450038,MADISON AV/ E 33 ST,40.74722,-73.983266,BXM18 BxM18 QM21
450094,MADISON AV/E 39 ST,40.750828,-73.980686,BXM11 BxM11
303085,DE KALB AV/THROOP AV,40.692428,-73.942596,B38
102267,VALENTINE AV/E 194 ST,40.865533,-73.893229,BX34 Bx34
903352,W 129 St/AMSTERDAM AV,40.814961,-73.954741,M104
300698,KINGS HWY/LINDEN BLVD,40.654162,-73.921981,B7
306779,PARK AV/CARLTON AV,40.696279,-73.973902,B62
303383,NEW YORK AV/FARRAGUT RD,40.636839,-73.945097,B44
306496,BEDFORD AV/WINTHROP ST,40.656782,-73.956574,B49
403851,SPRING ST/HUDSON ST,40.725735,-74.007198,M21
401182,E 14 ST/AVENUE B,40.729501,-73.978117,M14D+ M14D-SBS
303762,TOMPKINS AV/FLUSHING AV,40.699764,-73.947252,B43
401317,FREDERICK DOUGLASS BLVD/W 129 ST,40.812828,-73.949339,M10
302866,SURF AV/W 32 ST,40.572879,-73.998499,B36 X28
102055,EASTCHESTER RD/E 222 ST,40.881111,-73.848453,BX31 Bx31
307552,GREENE AV/CLASSON AV,40.687412,-73.95928,B52
403604,W 125 ST/AMSTERDAM AV,40.813693,-73.956392,M104 M125
305624,20 ST/8 AV,40.658161,-73.986513,B67 B69
901800,39 ST/3 AV,40.654062,-74.008517,B35 B70
101479,CASTLE HILL AV/LACOMBE AV,40.817262,-73.847486,BX22 Bx22
307699,TILLARY ST/ADAMS ST,40.696035,-73.988147,B26
401412,10 AV/W 55 ST,40.768029,-73.989275,M11 M31
102614,RANDALL AV/CROSS BRONX EXPWY,40.824444,-73.825411,BX42 Bx42
100629,WEST KINGSBRIDGE RD/UNIVERSITY AV,40.868262,-73.901233,BX3 BX32 BX9 Bx3 Bx32 Bx9
300879,FOSTER AV/E 18 ST,40.635248,-73.960789,B8
303815,LORIMER ST/LEE AV,40.700398,-73.953462,B48
802089,HALLECK ST/SPOFFORD AV,40.81514,-73.881866,BX6 BX6+ Bx6 Bx6-SBS
300222,AVENUE U/E 56 ST,40.612257,-73.918627,B3 B47
803034,SUNKEN GARDEN LOOP/CHARLES GAY CENTER,40.785524,-73.931402,M35
103908,BOSTON RD/ROPES AV,40.889697,-73.820597,BX16 Bx16
300308,STILLWELL AV/23 AV,40.604646,-73.986877,B4
401192,E 14 ST/2 AV,40.732083,-73.984535,L92 M14A+ M14A-SBS M14D+ M14D-SBS
303998,OCEAN AV / AVENUE I,40.628273,-73.957084,B49 BM1 BM3 BM4
301545,SUTTER AV/LINWOOD ST,40.671266,-73.882062,B14
102674,EAST TREMONT AV/SAINT RAYMONDS AV,40.842866,-73.845978,BX40 BX42 BX4A Bx40 Bx42 Bx4A
405231,E 23 ST/BROADWAY,40.741351,-73.989013,M23+ M23-SBS
801047,SANDS ST/PEARL ST,40.699912,-73.987652,B69
901314,21 ST/44 DR,40.74794,-73.94749,B32
306069,9 ST/5 AV,40.668915,-73.985988,B61
301572,SUTTER AV/SCHENCK AV,40.67044,-73.888351,B14
100259,WESTCHESTER AV/HOME ST,40.827447,-73.886598,BX27 BX4 BX4A Bx27 Bx4 Bx4A
102164,MORRIS AV/E 167 ST,40.832984,-73.914312,BX32 Bx32
302418,FULTON ST/CLASSON AV,40.681878,-73.958919,B25
302811,AVENUE Z/E 7 ST,40.587039,-73.96216,B36
307393,MARCUS GARVEY BLVD/BROADWAY,40.699716,-73.941451,B15
400394,MANHATTAN AV/W 116 ST,40.804877,-73.956842,M116 M7
350115,FILLMORE AV / E 37 ST,40.611931,-73.932171,B100
305487,BATH AV/BAY PKWY,40.598853,-73.997645,B64
303403,NEW YORK AV/SAINT JOHNS PL,40.671322,-73.947513,B44
304431,MYRTLE AV/THROOP AV,40.696108,-73.943397,B54
104058,LAFAYETTE AV/PUGSLEY AV,40.822391,-73.856033,BX36 BX5 Bx36 Bx5
306537,FORT HAMILTON PKWY/60 ST,40.632957,-74.005602,B16
300052,13 AV/71 ST,40.62276,-74.004769,B64
300450,KINGS HWY/E 22 ST,40.611336,-73.951181,B7 B82
102988,E 138 ST/WILLOW AV,40.804017,-73.91106,BX33 Bx33
503380,JAMAICA AV/85 ST,40.692489,-73.858582,J90 T340
403323,WEST HOUSTON ST/LAGUARDIA PL,40.726916,-73.999765,M21
306021,9 ST/5 AV,40.669432,-73.986637,B61
902212,WESTCHESTER AV/BRUCKNER BLVD,40.853265,-73.826752,BX12 BX12+ Bx12 Bx12-SBS
104089,EAST KINGSBRIDGE RD/E 192 ST,40.864013,-73.894256,BX28 Bx28
400423,SAINT NICHOLAS AV/W 181 ST,40.849572,-73.933416,M3
300559,RALPH AV/GLENWOOD RD,40.633991,-73.918924,B47 B6
301031,LINDEN BLVD/AUTUMN AV,40.669103,-73.866727,B13 B15 B20
103722,GRAND CONCOURSE/E 204 ST,40.87432,-73.88693,BX1 BX2 BXM4 Bx1 Bx2 BxM4
300150,AVENUE R/E 31 ST,40.610568,-73.938621,B2
100946,WESTCHESTER AV/MIDDLETOWN RD,40.843758,-73.836358,BX24 BX8 Bx24 Bx8 T103
901444,s 4 st/havemeyer st,40.710338,-73.958606,B39
300735,SARATOGA AV/HALSEY ST,40.685581,-73.917794,B7
303235,FLATBUSH AV / FOSTER AV,40.638683,-73.95362,B103 B41 BM2
301311,PARKSIDE AV/BEDFORD AV,40.655815,-73.956542,B12
100588,BROADWAY/W 246 ST,40.892228,-73.896911,BX9 BXM3 Bx9 BxM3
402543,BROADWAY/FAIRVIEW AV,40.856963,-73.932382,BX7 Bx7 M100
302912,3 AV/12 ST,40.66991,-73.992188,B37
303979,BEDFORD AV/RUTLAND RD,40.658717,-73.956778,B49
306701,EMMONS AV / FORD ST,40.58423,-73.934777,B4 B44 BM3
801094,UTICA AV/AVENUE H,40.63278,-73.928289,B46+ B46-SBS
300201,AVENUE U/E 13 ST,40.598604,-73.957872,B3
303352,ROCKAWAY PKWY/AVENUE N,40.635176,-73.891378,B42
303927,OCEAN AV / AVENUE J,40.625985,-73.956229,B49 BM1 BM3 BM4 T464
303845,NASSAU AV/KINGSLAND AV,40.725927,-73.942029,B48
308136,KINGSTON AV/UNION ST,40.668732,-73.942191,B43
303420,BEDFORD AV/MYRTLE AV,40.694473,-73.95603,B44
103659,CITY ISLAND RD/SHORE RD,40.864419,-73.813197,BX12 BX29 Bx12 Bx29
308599,DIVISION AV/LEE AV,40.707504,-73.961751,B62
103778,E 138 ST/GRAND CONCOURSE,40.813346,-73.930263,BX33 Bx33
100045,GRAND CONCOURSE/E FORDHAM RD,40.862958,-73.896434,BX1 BX2 BXM4 Bx1 Bx2 BxM4
305805,VANDERBILT AV/BERGEN ST,40.679702,-73.968013,B69
504133,COOPER AV/CYPRESS HILL ST,40.698714,-73.88835,B13
405049,5 AV/W 35 ST,40.74899,-73.984317,BXM10 BXM11 BXM9 BxM10 BxM11 BxM9 X27 X28 X37 X38
100869,CITY ISLAND AV/KILROE ST,40.854515,-73.790806,BX29 Bx29
306371,W 37 ST/BAY VIEW AV,40.580721,-74.003877,B36 B74
307591,FLATLANDS AV/SCHENECTADY AV,40.624296,-73.930583,B82
504126,FOREST AV/PUTNAM AV,40.704918,-73.902087,B13 Q39
306259,VAN SICLEN AV/COZINE AV,40.656349,-73.882683,B83
303791,WASHINGTON AV/EMPIRE BLVD,40.663103,-73.960971,B43 B48
402864,BOWERY/PRINCE ST,40.722055,-73.993513,M103
305716,CONEY ISLAND AV/FOSTER AV,40.63223,-73.966631,B68
304201,GATES AV/BUSHWICK AV,40.690696,-73.920979,B52
303542,SAINT JOHNS PL/NEW YORK AV,40.671394,-73.947232,B45
306960,JAY ST/FULTON ST,40.691711,-73.98725,B57 B62 B67
308965,CRESCENT ST/MCKINLEY AV,40.679442,-73.871025,B13
103937,GOULDEN AV/RESERVOIR AV,40.871182,-73.897458,BX22 Bx22
304011,OCEAN AV/AVENUE V,40.596946,-73.951078,B102 B49
102249,KATONAH AV/E 234 ST,40.897026,-73.867163,BX31 BX34 BXM4 Bx31 Bx34 BxM4
307975,STILLWELL AV/NEPTUNE AV,40.582191,-73.98241,B64
301052,HEGEMAN AV/WATKINS ST,40.656734,-73.904665,B15 B35
404986,BATTERY PL/3 PL,40.707616,-74.016909,M20
404916,BROADWAY/PRINCE ST,40.724012,-73.998084,M1 M55
553050,27 AV/2 ST,40.775144,-73.93493,B62 Q103 Q18 Q19
305680,7 AV/15 ST,40.663017,-73.984879,B67 B69
300097,86 ST/16 AV,40.61009,-74.007517,B1
103230,PENNYFIELD AV/LAWTON AV,40.818186,-73.809968,BX8 Bx8
101290,WEST TREMONT AV/LORING PL SOUTH,40.852034,-73.916808,BX18A Bx18A
504230,DE KALB AV/SENECA AV,40.707491,-73.915895,B38
305162,McGUINNESS BLVD/FREEMAN ST,40.734565,-73.952273,B32 B62
103393,BRUCKNER BLVD/ZEREGA AV,40.827582,-73.843919,BX5 Bx5
101707,ALLERTON AV/FISH AV,40.86525,-73.847326,BX25 BX26 Bx25 Bx26
403421,LEXINGTON AV/E 72 ST,40.770316,-73.962352,M101 M102 M103 M98
300412,78 ST/4 AV,40.628785,-74.026335,B4
405151,10 AV/W 16 ST,40.743645,-74.007041,M11
300420,CROPSEY AV/BAY 44 ST,40.58941,-73.990563,B82 X28 X38
103383,CROSS BRONX EXPWY/ROSEDALE AV,40.83562,-73.86977,BXM6 BxM6 Q44+ Q44-SBS
302881,3 AV/80 ST,40.628104,-74.029112,B37
301287,49 ST/17 AV,40.62978,-73.983334,B11
305172,MANHATTAN AV/MESEROLE AV,40.726763,-73.952574,B43 B62
102116,MORRIS AV/E 161 ST,40.825859,-73.918203,BX32 Bx32
401438,AMSTERDAM AV/W 112 ST,40.804556,-73.962579,M11
303400,NEW YORK AV/CARROLL ST,40.667329,-73.947887,B44 B96
402142,E 20 ST/1 AV,40.73495,-73.979534,M23+ M23-SBS
308700,EMMONS AV/HARING ST,40.583994,-73.938351,B4 B44
102363,EAST TREMONT AV/ANTHONY AV,40.848538,-73.902925,BX36 Bx36
306723,ROCKAWAY AV/LIVONIA AV,40.662364,-73.908801,B60
305940,7 AV SERVICE RD SOUTH/72 ST,40.629052,-74.017999,B70
102296,E 169 ST/PROSPECT AV,40.829136,-73.897241,BX35 Bx35
402223,E 57 ST/2 AV,40.75957,-73.965679,M31 M57
104600,3 AV/E 173 ST,40.840658,-73.899441,BX15 Bx15
100655,EAST GUN HILL RD/DE KALB AV,40.882485,-73.8807,BX10 Bx10
550680,21 ST/35 AV,40.76132,-73.935394,B62 Q66 Q69
300028,86 ST/W 9 ST,40.593826,-73.980239,B1 B4
301493,JAMAICA AV/CRESCENT ST,40.689224,-73.874067,B13 Q56
100421,E 163 ST/SIMPSON ST,40.82101,-73.893261,BX6 Bx6
303297,FLATBUSH AV/BERGEN ST,40.680464,-73.974971,B41 B67
103114,MELROSE AV/E 158 ST,40.822604,-73.91463,BX41 Bx41
403871,E 14 ST/3 AV,40.733546,-73.98758,L92 M14A+ M14A-SBS M14D+ M14D-SBS
100620,BROADWAY/W 234 ST,40.881798,-73.902826,BX9 Bx9
405435,10 AV/W 214 ST,40.869019,-73.915699,M100
100085,W 231 ST/BAILEY AV,40.878029,-73.902633,BX1 BX10 BX2 Bx1 Bx10 Bx2
308886,VAN SICLEN AV/LINDEN BL,40.660297,-73.88561,B83
308918,GLENWOOD RD/E 104 ST,40.648502,-73.89718,B6
100511,BRONXWOOD AV/E 218 ST,40.881303,-73.857168,BX8 Bx8
308418,5 AV/89 ST,40.619974,-74.02743,B63
301144,NEW LOTS AV/SCHENCK AV,40.664844,-73.886104,B15
100172,W 238 ST/BAILEY AV,40.884297,-73.898273,BX3 Bx3
101224,CROTONA AV/E 182 ST,40.850181,-73.88648,BX17 Bx17
903290,FORT WASHINGTON AV/CABRINI BLVD,40.859056,-73.934253,M4
308207,5 AV/3 ST,40.673007,-73.982988,B63
300291,BAY RIDGE PKWY/6 AV,40.627826,-74.019971,B4
103894,E 180 ST/SOUTHERN BLVD,40.846279,-73.884882,BX40 BX42 Bx40 Bx42
100223,WESTCHESTER AV/MANOR AV,40.828936,-73.876559,BX27 BX4 BX4A Bx27 Bx4 Bx4A
302289,MARCY AV/METROPOLITAN AV,40.713659,-73.954689,B24
308806,UTICA AV/UNION ST,40.668335,-73.931073,B46
102953,3 AV/E 169 ST,40.832911,-73.905044,BX15 Bx15
102170,MORRIS AV/E 158 ST,40.824001,-73.919371,BX32 Bx32
305730,PROSPECT PARK SOUTHWEST/11 AV,40.658945,-73.975444,B68
302968,3 AV/25 ST,40.662037,-73.99995,B37
100183,SEDGWICK AV/W 197 ST,40.872402,-73.902272,BX3 BXM3 Bx3 BxM3
101721,DREISER LOOP/DEBS PL,40.876844,-73.828125,BX23 BX25 BX28 BX30 BX38 Bx23 Bx25 Bx28 Bx30 Bx38
401703,1 AV/E 55 ST,40.75726,-73.963631,M15
308574,SEAVIEW AV/E 100 ST,40.635321,-73.887639,B17
301747,REMSEN AV/CHURCH AV,40.653114,-73.920191,B17
103486,BRONX STATE/BUS SHELTER,40.846085,-73.839623,BX21 Bx21
303153,BROADWAY/LAWTON ST,40.694911,-73.931411,B46 B47
350087,E 66 ST /AVENUE U,40.617293,-73.910735,BM1
402755,BOWERY/GRAND ST,40.718788,-73.994542,M103
803153,E 126 ST/2 AV,40.803873,-73.93388,M103
301088,LEWIS AV/PULASKI ST,40.694047,-73.937189,B15
301312,CLARKSON AV/BEDFORD AV,40.655014,-73.955872,B12
308939,FLUSHING AV/NORTH ELLIOT PL,40.698147,-73.977749,B57
306347,GLENWOOD RD/ALBANY AV,40.634568,-73.937435,B6
302483,HALSEY ST/WYCKOFF AV,40.696006,-73.905023,B26
100047,GRAND CONCOURSE/E KINGSBRIDGE RD,40.866628,-73.893663,BX1 BX2 BXM4 Bx1 Bx2 BxM4
304424,MYRTLE AV/HART ST,40.697824,-73.928158,B54
404030,COLUMBUS AV/W 61 ST,40.770015,-73.984342,M11
401056,MALCOLM X BLVD/W 137 ST,40.81575,-73.939483,M102 M7
304988,WILSON AV/CORNELIA ST,40.693449,-73.912855,B60
305445,5 AV/53 ST,40.643233,-74.012374,B63
101155,E 233 ST/MURDOCK AV,40.888592,-73.838741,BX16 Bx16
301594,PITKIN AV/STRAUSS ST,40.66885,-73.916762,B12 B14
403456,MADISON AV/E 38 ST,40.750211,-73.981103,M3 M4 Q32
300276,AVENUE U/W 8 ST,40.59637,-73.979331,B3
104500,FOOD CENTER DR/FARRAGUT ST,40.803403,-73.873471,BX46 BX6 BX6+ Bx46 Bx6 Bx6-SBS
301651,CATON AV/McDONALD AV,40.647264,-73.979852,B16
101425,MORRIS PARK AV/EASTCHESTER RD,40.851068,-73.844607,BX21 Bx21
902217,BAYCHESTER AV/DONIZETTI PL,40.876213,-73.833934,BX28 Bx28
803066,E 105 ST/FDR DR,40.788214,-73.938425,M106
302473,HALSEY ST/RALPH AV,40.68487,-73.922695,B26
401371,7 AV SOUTH/WAVERLY PL,40.735235,-74.001999,M20
403992,W 57 ST/10 AV,40.768866,-73.988149,M12 M31 M57
102757,WHITE PLAINS RD/E 215 ST,40.880382,-73.864544,BX39 Bx39
306255,VAN SICLEN AV/HEGEMAN AV,40.661699,-73.886714,B83
308543,ROCKAWAY PKWY/SKIDMORE AV,40.632944,-73.888478,B42
103151,PELHAM PKWY/JACOBI HOSP,40.85741,-73.847392,BX12 Bx12
300362,AVENUE Z/E 18 ST,40.5883,-73.95188,B36 B4 B49
300184,25 AV/HARWAY AV,40.593023,-73.992179,B3 B64
301006,60 ST/FORT HAMILTON PKWY,40.633344,-74.005865,B9
301174,50 ST/11 AV,40.636887,-73.996815,B11
300437,KINGS HWY/W 5 ST,40.604796,-73.977704,B82
405070,AMSTERDAM AV/W 165 ST,40.837603,-73.938646,M101
302715,CHURCH AV/UTICA AV,40.651655,-73.930572,B35
100326,BRUCKNER BLVD/CODDINGTON AV,40.841438,-73.826168,BX5 Bx5
303491,NOSTRAND AV/QUENTIN RD,40.609472,-73.9437,B44
306733,GERRITSEN AV / AVENUE X,40.596745,-73.929291,B31 BM4
300551,AVENUE H / UTICA AV,40.632817,-73.928468,B103 B6 BM2
405587,W 34 ST/11 AV,40.755718,-74.001884,M34+ M34-SBS
301096,MARCUS GARVEY BLVD/MYRTLE AV,40.696426,-73.940814,B15
300102,86 ST/21 AV,40.603292,-73.996289,B1
307927,FULTON ST/THOMAS S BOYLAND ST,40.678507,-73.913974,B25
401254,CENTRAL PARK WEST/W 87 ST,40.785681,-73.968984,M10
307201,60 ST/11 AV,40.63125,-74.002673,B9
802151,MARCONI ST /911 CALL  CENTER,40.854989,-73.83761,BX24 Bx24
302760,CHURCH AV/OCEAN AV,40.650056,-73.961454,B35
400892,W 157 ST/EDWARD M MORGAN PL,40.834496,-73.94579,BX6 BX6+ Bx6 Bx6-SBS
403359,E 34 ST/1 AV,40.743958,-73.973693,M34+ M34-SBS M34A+ M34A-SBS QM11 QM25 QM65 QM7 QM8
101420,MORRIS PARK AV/BRONXDALE AV,40.846474,-73.859599,BX21 BXM10 Bx21 BxM10
101714,BARTOW AV/ELY AV,40.86788,-73.834403,BX25 BX26 BX28 BX38 Bx25 Bx26 Bx28 Bx38
305687,WEST BRIGHTON AV/W 2 ST,40.576331,-73.970244,B68
101761,ALLERTON AV/PEARSALL AV,40.865424,-73.851827,BX25 BX26 Bx25 Bx26
930106,GREENPOINT AV/McGUINNESS BLVD,40.730444,-73.951075,B24
303272,VETERANS AV/RALPH AV,40.619634,-73.917083,B41
307912,MEEKER AV/MORGAN AV,40.722971,-73.939248,B24
303629,MALCOLM X BLVD/LAFAYETTE AV,40.692133,-73.930811,B46
301622,FORT HAMILTON PKWY/74 ST,40.626451,-74.015332,B16
103612,SOUTHERN BLVD/E 176 St,40.840198,-73.886237,BX19 Bx19
101015,WILLIS AV/E 140 ST,40.810634,-73.921632,M125
300886,18 AV/OCEAN PKWY,40.633349,-73.971811,B8
100582,BROADWAY/W 231 ST,40.878788,-73.904848,BX9 Bx9
308864,PENNSYLVANIA AV/VANDALIA AV,40.650558,-73.884532,B82
305834,VANDERBILT AV/DE KALB AV,40.689567,-73.969209,B69
101739,BARTOW AV/CO-OP CITY BLVD,40.869598,-73.828714,BX12 BX12+ Bx12 Bx12-SBS
301280,AVENUE I/E 7 ST,40.626744,-73.969973,B11
901620,METROPOLITAN AV/LORIMER ST,40.71408,-73.949205,L90
302604,GERRITSEN AV/EVERETT AV,40.593122,-73.9253,B31
302851,SURF AV/W 5 ST,40.575007,-73.974243,B36
402124,W 23 ST/10 AV,40.747425,-74.003764,M23+ M23-SBS
303604,UTICA AV/CLARENDON RD,40.644815,-73.929523,B46
305937,8 AV/BAY RIDGE AV,40.630164,-74.015207,B64 B70
400117,5 AV/E 90 ST,40.783993,-73.958712,M1 M2 M3 M4
100249,WESTCHESTER AV/SAINT LAWRENCE AV,40.83174,-73.867069,BX4 BX4A Bx4 Bx4A
100745,W 170 ST/JEROME AV,40.84021,-73.917817,BX18A BX18B Bx18A Bx18B
350048,AVENUE M / E 105 ST,40.640862,-73.887435,B103 BM2
102437,E 180 ST/CROTONA AV,40.848377,-73.889151,BX40 BX42 Bx40 Bx42
304207,GATES AV/LEWIS AV,40.687934,-73.935916,B52
100305,PELHAM PKWY/SEYMOUR AV,40.85806,-73.846615,BX12 Bx12
401337,CENTRAL PARK WEST/W 86 ST,40.78504,-73.96969,M10
308419,5 AV/83 ST,40.623896,-74.024834,B63
403776,SAINT NICHOLAS AV/W 137 ST,40.818358,-73.94731,M3
401579,E 14 ST/UNIVERSITY PL,40.735221,-73.991933,L92
405346,2 AV/E 78 ST,40.77276,-73.955567,M15
350217,QUENTIN RD / NOSTRAND AV,40.609933,-73.943885,B100
300172,AVENUE R/MARINE PKWY,40.610316,-73.939273,B2
303570,STERLING PL/FRANKLIN AV,40.673424,-73.957396,B45
308951,3 AV/59 ST,40.642592,-74.020259,B37
104001,3 AV/E 183 ST,40.853852,-73.891067,BX15 Bx15
305792,15 ST/8 AV,40.662113,-73.982057,B61
402345,YORK AV/E 86 ST,40.775777,-73.947318,M31
307073,60 ST/5 AV,40.639735,-74.016459,B9
403525,2 AV/E 28 ST,40.74081,-73.978848,M15+ M15-SBS
400479,MANHATTAN AV/W 122 ST,40.808628,-73.95429,M3
801107,n conduit av/cohancy st,40.665938,-73.822211,B15
308260,3 AV/DEAN ST,40.683945,-73.981543,B37
301606,SHORE RD/RIDGE BLVD,40.617525,-74.038876,B16 X27 X37
404854,LEXINGTON AV/E 77 ST,40.773296,-73.960162,M101 M102 M103
303533,WASHINGTON AV/BERGEN ST,40.678221,-73.963937,B45
300922,3 AV/BAY RIDGE AV,40.636042,-74.025826,B37
100148,UNIVERSITY AV/GEORGE WASHINGTON BRIDGE,40.845711,-73.921894,BX3 BX36 Bx3 Bx36
303848,NASSAU AV/NEWEL ST,40.724843,-73.947659,B48
400289,ADAM C POWELL BLVD/W 112 ST,40.80046,-73.95475,M2
402526,AMSTERDAM AV/W 155 ST,40.831683,-73.942827,M100 M101 M3
305305,GRAHAM AV/AINSLIE ST,40.7128,-73.944183,B43
308652,GRAVESEND NECK RD/E 29 ST,40.599885,-73.942643,B36
302492,HALSEY ST/IRVING AV,40.694345,-73.906828,B26
400111,5 AV/E 102 ST,40.79157,-73.953182,M1 M106 M2 M3 M4
305538,HARWAY AV/BAY 43 ST,40.59075,-73.989382,B64
901825,RIVERDALE AV/SARATOGA AV,40.65996,-73.915263,B99
401470,COLUMBUS AV/W 108 ST,40.800309,-73.962213,M11
403674,E 125 ST/1 AV,40.801794,-73.93155,M125
307253,FULTON ST/UTICA AV,40.67919,-73.928636,B25
405470,ALLEN ST/GRAND ST,40.717202,-73.991191,M15
801039,FLATBUSH AV/KINGS PLAZA,40.608306,-73.920622,B9
104556,WEBSTER AV/E 180 ST,40.852176,-73.898105,BX41+ Bx41-SBS
403802,10 AV/W 23 ST,40.747927,-74.003847,M11
300915,CROPSEY AV/15 AV,40.606596,-74.014948,B8 X28 X38
300259,AVENUE U/NOSTRAND AV,40.600492,-73.941683,B3
307739,KINGS HWY/W 10 ST,40.605596,-73.983466,B82
304662,FLUSHING AV/TOMPKINS AV,40.700024,-73.947375,B57
102676,EAST TREMONT AV/LURTING AV,40.842861,-73.850148,BX40 BX42 BX4A Bx40 Bx42 Bx4A
300071,BAY RIDGE AV/SHORE RD,40.63857,-74.035368,B64 B9 X27 X37
303241,FLATBUSH AV/CATON AV,40.653327,-73.959297,B41
301715,SHORE RD/NARROWS AV,40.622687,-74.040489,B16
403119,BROADWAY/CATHEDRAL PKWY,40.804269,-73.96635,M104
303379,NOSTRAND AV/AVENUE I,40.629484,-73.947279,B44
305060,ROCKAWAY AV/FULTON ST,40.678404,-73.910902,B60
301918,FLUSHING AV/VANDERBILT AV,40.697746,-73.970577,B57
403125,BROADWAY/W 122 ST,40.812034,-73.960739,M104 M4
104311,E 168 ST/FRANKLIN AV,40.830318,-73.903725,BX35 Bx35
404278,CENTRAL PARK NORTH/MALCOLM X BLVD,40.798009,-73.952047,M2 M3 M4
350109,FILLMORE AV / BURNETT ST,40.60759,-73.939249,B100
100325,BRUCKNER BLVD/JARVIS AV,40.843196,-73.826282,BX24 BX5 BXM8 Bx24 Bx5 BxM8 Q50
401286,FREDERICK DOUGLASS BLVD/W 153 ST,40.82813,-73.937918,M10
303548,SAINT JOHNS PL/UTICA AV,40.670512,-73.931075,B45
350220,COZINE AV /SCHENCK AV,40.65688,-73.880847,BM5
403697,W 155 ST/BROADWAY,40.832495,-73.945427,BX6 Bx6
801044,MCDONALD AV/CORTELYOU RD,40.638191,-73.978944,B67 B69
305155,MANHATTAN AV/NORMAN AV,40.725769,-73.951846,B43 B62
306930,MYRTLE AV/NORTH PORTLAND AV,40.693295,-73.975414,B54
301121,RALPH AV/EASTERN PKWY,40.667812,-73.922758,B14
308381,E 70 ST/VETERANS AV,40.619935,-73.908708,B41
308045,BRIGHTON BEACH AV/CONEY ISLAND AV,40.577935,-73.959729,B1
308986,COURT ST/DEGRAW ST,40.683678,-73.995298,B57
103172,CROSBY AV/BRUCKNER BLVD,40.834671,-73.826413,BX8 Bx8
304669,FLUSHING AV/WILSON AV,40.703877,-73.930723,B57
308437,3 AV/8 ST,40.671958,-73.990491,B103 B37
306158,RALPH AV/FLATLANDS AV,40.632769,-73.918594,B47 B6
101215,PROSPECT AV/E 169 ST,40.829682,-73.89733,BX17 Bx17
103505,EAST BURNSIDE AV/RYER AV,40.85112,-73.901816,BX40 BX42 Bx40 Bx42
405495,HELL GATE CIRCLE/IFO FIELD 61,40.785992,-73.925604,M35
400085,LAFAYETTE ST/E 4 ST,40.728066,-73.992849,M1
505248,11 ST/48 AV,40.743762,-73.951035,B32
302468,HALSEY ST/MARCUS GARVEY BLVD,40.683158,-73.937613,B26
400750,BROADWAY/W 69 ST,40.776682,-73.981922,M104 M5 M7
104085,BEDFORD PARK BLVD/JEROME AV,40.87347,-73.889546,BX10 BX25 BX26 BX28 BX38 Bx10 Bx25 Bx26 Bx28 Bx38
305744,CONEY ISLAND AV/AVENUE C,40.640888,-73.969394,B68
301720,SHORE RD/99 ST,40.61357,-74.037041,B16 X27 X37
402052,E 23 ST/AV C,40.7355,-73.975374,M34+ M34-SBS M34A+ M34A-SBS
103716,AILEEN RYAN OVAL/UNIONPORT RD,40.83772,-73.859706,BX4A Bx4A
901551,MCDONALD AV/BAY PKWY,40.620792,-73.975243,B90
300189,STILLWELL AV/85 ST,40.597458,-73.985513,B3 B4
400047,MADISON AV/E 109 ST,40.795813,-73.947779,M1
305036,MORGAN AV/FLUSHING AV,40.703833,-73.93119,B60
903272,W 178 ST/FORT WASHINGTON AV,40.84845,-73.938283,BX35 Bx35
308083,CHURCH AV/E 39 ST,40.651272,-73.941344,B35
302723,CHURCH AV/E 96 ST,40.655855,-73.915074,B35 B8
308004,GLENWOOD RD/ROCKAWAY PKWY,40.645456,-73.901761,B6 B82 B82+ B82-SBS
302373,FULTON ST/CLINTON AV,40.683332,-73.966505,B25
308122,NOSTRAND AV/AVENUE Y,40.592022,-73.940115,B36 B44
303770,TOMPKINS AV/GREENE AV,40.688726,-73.945054,B43
308308,NEPTUNE AV/W 12 ST,40.579518,-73.979394,B68
100028,GRAND CONCOURSE/MCCLELLAN ST,40.833276,-73.918555,BX1 BX2 Bx1 Bx2
300570,FLATLANDS AV/E 94 ST,40.642232,-73.902689,B6 B82
350018,56 DR / E 66 ST,40.606229,-73.911084,B100 BM1
303039,DE KALB AV/MYRTLE AV,40.698404,-73.924944,B38
405093,MANHATTAN AV/W 119 ST,40.8069,-73.955537,M3
300008,ORIENTAL BLVD/WEST END AV,40.577003,-73.952724,B1 B49
100796,WEST FORDHAM RD/UNIVERSITY AV,40.862703,-73.904256,BX12+ Bx12-SBS
303913,OCEAN AV/AVENUE X,40.593001,-73.950032,B49 BM3
903004,W 96 ST/WEST END AV,40.795103,-73.97309,M106 M96
304975,ROCKAWAY AV/FULTON ST,40.678689,-73.910856,B60
400359,MADISON AV/E 47 ST,40.756209,-73.976621,M1 M2 Q32 SIM11 SIM22 SIM31 SIM6 SIM8
304999,WILSON AV/FLUSHING AV,40.703738,-73.930954,B60
100768,E 170 ST/TELLER AV,40.836992,-73.909096,BX11 Bx11
303973,NASSAU AV/MORGAN ST,40.72601,-73.939539,B48
300370,NEPTUNE AV/CONEY ISLAND AV,40.581873,-73.960418,B4
101691,BEDFORD PARK BLVD/GRAND CONCOURSE,40.871659,-73.887532,BX25 BX26 Bx25 Bx26
300427,BAY PKWY/BATH AV,40.598406,-73.997389,B82 B82+ B82-SBS
103702,ELLSWORTH AV/SCHLEY AV,40.826575,-73.815982,BX8 Bx8
350099,E 80 ST / AVENUE K,40.632391,-73.909605,B103 BM2
901080,SEAVIEW AV/PENNSYLVANIA AV,40.642968,-73.878269,B82 B82+ B82-SBS B83
402218,E 57 ST/SUTTON PL,40.757658,-73.961488,M31 M57
803131,W 34 ST/12 AV,40.756579,-74.00403,M34+ M34-SBS
308730,FRANKLIN ST/GREEN ST,40.733508,-73.958248,B32
101927,EAST GUN HILL RD/BURKE AV,40.87161,-73.848368,BX28 BX38 Bx28 Bx38
101730,HUTCHINSON RIVER PKWY/EINSTEIN LOOP SOUTH,40.864721,-73.82445,BX23 BX26 BX28 BX30 Bx23 Bx26 Bx28 Bx30 Q50
103789,PALMER AV/HUTCHINSON RIVER PKWY EAST,40.862033,-73.826621,BXM7 BxM7
300393,BAY RIDGE PKWY/BAY PKWY,40.608429,-73.987625,B4
301693,FORT HAMILTON PKWY/60 ST,40.632928,-74.005959,B16
104233,E 149 ST/MELROSE AV,40.81628,-73.918103,BX19 BX2 BX92 Bx19 Bx2
300763,KINGS HWY/TILDEN AV,40.648142,-73.924361,B7
303335,VETERANS AV/AVENUE T,40.619803,-73.911788,B41
303253,FLATBUSH AV/BERGEN ST,40.681136,-73.975205,B41 B67
301104,MARCUS GARVEY BLVD/JEFFERSON AV,40.68429,-73.938388,B15
504547,DECATUR ST/IRVING AV,40.693076,-73.903242,B20
103932,SEDGWICK AV/FORT INDEPENDENCE ST,40.878298,-73.898405,BX3 BXM3 Bx3 BxM3
303369,NOSTRAND AV/GERRITSEN AV,40.608984,-73.943416,B44
303444,NOSTRAND AV/MYRTLE AV,40.694587,-73.952485,B44 T403
101297,SEDGWICK AV/W 172 ST,40.845853,-73.925304,BX18B Bx18B
304394,MYRTLE AV/CLASSON AV,40.693991,-73.960664,B54
401506,9 AV/W 20 ST,40.744433,-74.002977,M11
401078,W 116 ST/SAINT NICHOLAS AV,40.803561,-73.953097,M116 M7
403162,BROADWAY/W 86 ST,40.788066,-73.976942,M104
300692,KINGS HWY/CLARENDON RD,40.64454,-73.924912,B7 B8
300808,18 AV/62 ST,40.62106,-73.988109,B8
305075,ROCKAWAY AV/DITMAS AV,40.65311,-73.906587,B60
308215,5 AV/GARFIELD PL,40.674382,-73.982072,B63
305103,COLUMBIA ST/UNION ST,40.684644,-74.002812,B61
103698,EDGEWATER PARK/EDGEWATER PARK OVAL,40.822571,-73.810945,BX8 BXM9 Bx8 BxM9
400473,SAINT NICHOLAS AV/W 135 ST,40.817178,-73.948099,M3
303170,BROADWAY/HOOPER ST,40.707047,-73.954114,B46 T410 T433
307977,FLUSHING AV/THORNTON ST,40.700485,-73.944199,B57
402678,3 AV/E 39 ST,40.749101,-73.975585,M101 M102 M103 QM32 QM44
903365,2 AV/E 73 ST,40.769395,-73.957993,M15
307936,7 AV/6 ST,40.668923,-73.979777,B67 B69
101755,GUNTHER AV/BARTOW AV,40.866525,-73.837151,BX25 BX26 Bx25 Bx26
104229,HARDING AV/PENNYFIELD AV,40.816721,-73.809223,BX40 BXM9 Bx40 BxM9
101458,BOSTON RD/PROSPECT AV,40.833428,-73.896779,BX21 Bx21
303416,BEDFORD AV/GREENE AV,40.688305,-73.95479,B44
404350,MAIN RDWY/OPP ICAHN STADIUM,40.792588,-73.923489,M35
350127,FILLMORE AV / FLATBUSH AV,40.614664,-73.928332,B100
401256,CENTRAL PARK WEST/W 90 ST,40.788071,-73.967205,M10
504177,SUMMERFIELD ST/MYRTLE AV,40.700306,-73.897093,B20
306885,GERRITSEN AV / AVENUE S,40.605002,-73.938549,B31 BM4
103042,VALENTINE AV/E 192 ST,40.863917,-73.894537,BX28 BX38 Bx28 Bx38
300999,60 ST/17 AV,40.62335,-73.989319,B9
304712,FLUSHING AV/FRANKLIN AV,40.698648,-73.959281,B57
100156,UNIVERSITY AV/W 181 ST,40.857351,-73.909569,BX3 Bx3
505076,GREENPOINT AV/40 ST,40.73966,-73.924952,B24
302999,3 AV/83 ST,40.62593,-74.030123,B37
100927,OGDEN AV/W 162 ST,40.831732,-73.930142,BX13 Bx13
100224,WESTCHESTER AV/MORRISON AV,40.829418,-73.874811,BX4 BX4A Bx4 Bx4A
301708,86 ST/4 AV,40.623009,-74.028775,B16
300296,BAY RIDGE PKWY/12 AV,40.621423,-74.009357,B4
308603,DIVISION AV/BERRY ST,40.707243,-73.966206,B62
305610,BERGEN ST/3 AV,40.683404,-73.981824,B65
300821,CONEY ISLAND AV/18 AV,40.634887,-73.967667,B68 B8
301789,REMSEN AV/FARRAGUT RD,40.642896,-73.909094,B17
450157,5 AV/W 30 ST,40.746027,-73.986439,BM1 BM2 BM3 BM4
307839,FLATBUSH AV / E 31 ST,40.632064,-73.946717,B103 B11 B41
405376,BROADWAY/W 57 ST,40.766529,-73.981964,M10
402143,E 23 ST / 1 AV,40.73705,-73.978653,BM1 BM2 BM3 BM4 M23+ M23-SBS QM63 QM64 QM68 SIM10 SIM11 SIM3 SIM31 SIM6 X37 X38
301579,SUTTER AV/VAN SINDEREN AV,40.668403,-73.902085,B14
305004,JOHNSON AV/WHITE ST,40.707329,-73.935777,B60
303195,RALPH AV/PACIFIC ST,40.675804,-73.921999,B47
302835,AVENUE Z/E 28 ST,40.589369,-73.942176,B36
301435,CRESCENT ST/FULTON ST,40.683955,-73.872228,B13 T340
102546,WEST BURNSIDE AV/GRAND AV,40.853875,-73.909335,BX40 BX42 Bx40 Bx42
350078,E 105 ST / AVENUE J,40.645886,-73.89269,B103 BM2
308063,FORT HAMILTON PKWY/66 ST,40.630051,-74.010164,B16
402644,AMSTERDAM AV/W 145 ST,40.824949,-73.947888,M100 M101
401027,AMSTERDAM AV/W 86 ST,40.787953,-73.974696,M11 M7
300448,KINGS HWY/E 18 ST,40.61001,-73.955222,B7 B82
303086,DE KALB AV/TOMPKINS AV,40.692045,-73.946054,B38
100235,WESTCHESTER AV/ZEREGA AV,40.836705,-73.846717,BX4 Bx4 T103
307738,CROPSEY AV/HARWAY AV,40.593319,-73.993749,B6
301133,HEGEMAN AV/OSBORN ST,40.656548,-73.905046,B15 B35
306202,RALPH AV/AVENUE M,40.621613,-73.91761,B47
307027,UTICA AV/CARROLL ST,40.665808,-73.931523,B17 B46
404980,BATTERY PL/1 PL,40.705837,-74.018088,M20
102750,WEBSTER AV/BEDFORD PARK BLVD,40.86711,-73.883742,BX41 BX41+ Bx41 Bx41-SBS
303044,DE KALB AV/SAINT NICHOLAS AV,40.705669,-73.917755,B38
350028,AVENUE K / BEDFORD AV,40.623831,-73.950953,BM1 BM4
101184,NEREID AV/WHITE PLAINS RD,40.898456,-73.854085,BX16 Bx16
300016,BRIGHTON BEACH AV/OCEAN PKWY,40.576421,-73.967439,B1 B102 B68 T464
101780,JEROME AV/E 196 ST,40.869346,-73.896007,BX28 BX38 Bx28 Bx38
300136,ORIENTAL BLVD/MACKENZIE ST,40.578031,-73.939993,B1
400397,SAINT NICHOLAS AV/W 125 ST,40.811052,-73.952325,M3
100594,BROADWAY/W 260 ST,40.907389,-73.896427,BX9 BXM3 Bx9 BxM3
300038,86 ST/19 AV,40.605899,-74.000299,B1
306108,COURT ST/LORRAINE ST,40.672692,-74.000598,B57 B61
302945,FULTON ST/SMITH ST,40.69148,-73.987534,B25 B38 B52
306200,RALPH AV/AVENUE K,40.626078,-73.918059,B47
402773,AMSTERDAM AV/W 170 ST,40.840658,-73.936399,M101
306089,LORRAINE ST/HENRY ST,40.673538,-74.00407,B57 B61
300397,BAY RIDGE PKWY/18 AV,40.613332,-73.995824,B4
405588,CENTRAL PARK WEST/W 67 ST,40.772938,-73.978267,M10 M72
103399,JEROME AV/BEDFORD PARK BLVD,40.873597,-73.889208,BX95
802104,E 233 ST/WEBSTER  AV,40.895393,-73.863417,BX31 Bx31
103410,BRUCKNER BLVD/HAVEMEYER AV,40.827994,-73.847302,BX5 Bx5
101491,STARLING AV/UNIONPORT RD,40.83603,-73.855733,BX22 Bx22
300196,AVENUE U/E 1 ST,40.597252,-73.970141,B3
405523,LAFAYETTE ST/EAST HOUSTON ST,40.725154,-73.995195,M1
401070,MALCOLM X BLVD/W 132 ST,40.811953,-73.942601,M102 M7
305771,CONEY ISLAND AV/OCEAN VIEW AV,40.579786,-73.959915,B68
901541,MCDONALD AV/KINGS HWY,40.604312,-73.972296,B90
307893,COLUMBIA ST/CARROLL ST,40.683269,-74.003479,B61
100494,WILLIAMSBRIDGE RD/MORRIS PARK AV,40.850225,-73.851173,BX8 Bx8
304197,GATES AV/KNICKERBOCKER AV,40.696571,-73.915192,B52
305338,5 AV/92 ST,40.618115,-74.029021,B63
303020,LAFAYETTE AV/CARLTON AV,40.687523,-73.971354,B38
305041,WILSON AV/DE KALB AV,40.699415,-73.92358,B60
301760,TROY AV/EASTERN PKWY,40.668753,-73.936618,B17
401327,CENTRAL PARK WEST/W 106 ST,40.797925,-73.960182,M10
305991,MERMAID AV/W 28 ST,40.575596,-73.994719,B74
301328,EAST NEW YORK AV/E 92 ST,40.664058,-73.929518,B12
305434,5 AV/30 ST,40.656093,-73.998994,B63
350121,FILLMORE AV / E 55 ST,40.614689,-73.921841,B100
304721,SANDS ST/GOLD ST,40.699807,-73.983434,B69
307478,AVENUE J/OCEAN AV,40.625771,-73.956562,B11 B6
350192,EMMONS AV / BEDFORD AV,40.583524,-73.943245,BM3
306655,SURF AV/W 28 ST,40.572983,-73.993326,B36
401746,2 AV/E 103 ST,40.788594,-73.943979,M15
307480,AVENUE J/E 16 ST,40.625295,-73.960892,B11 B6
300538,GLENWOOD RD/BEDFORD AV,40.633378,-73.952817,B11 B6
401971,E 106 ST/3 AV,40.791597,-73.944502,M106
306934,MYRTLE AV/CARLTON AV,40.6933,-73.972749,B54
104052,EAST GUN HILL RD/BRONXWOOD AV,40.8755,-73.860325,BX28 BX38 Bx28 Bx38
305230,VAN BRUNT ST/VERONA ST,40.679824,-74.010102,B61
450051,3 AV/E 64 ST,40.76457,-73.964288,BXM1 BxM1
307626,OCEAN AV / AVENUE N,40.616333,-73.954793,B49 BM3
402032,EAST HOUSTON ST/ESSEX ST,40.722147,-73.986565,M21
104508,VIELE AV/CASANOVA ST,40.806334,-73.888384,BX46 Bx46
403893,E 14 ST/UNION SQUARE WEST,40.735465,-73.992137,L92 M14A+ M14A-SBS M14D+ M14D-SBS
801144,FLATBUSH AV/KINGS PLAZA,40.609212,-73.921513,B41
102394,WHITE PLAINS RD/WESTCHESTER AV,40.833064,-73.862876,BX36 BX39 Bx36 Bx39
308370,EUCLID AV/LINDEN BLVD,40.66859,-73.870157,B13
305892,8 AV/55 ST,40.638509,-74.006309,B70
401741,2 AV/E 116 ST,40.796723,-73.93804,M15
308546,REMSEN AV/LENOX RD,40.655905,-73.923545,B17 B47
400626,FORT WASHINGTON AV/W 171 ST,40.844315,-73.940871,M4
350091,E 66 ST / MAYFAIR DR NORTH,40.612022,-73.906762,B100 BM1
305311,GRAHAM AV/SEIGEL ST,40.704148,-73.942762,B43
104532,ASCH LOOP/ADLER PL,40.871128,-73.828414,BX23 BX26 BX30 Bx23 Bx26 Bx30
305367,5 AV/30 ST,40.656546,-73.998313,B63
405490,MADISON AV/E 63 ST,40.766311,-73.969348,BXM3 BXM4 BxM3 BxM4 M1 M2
102262,BAINBRIDGE AV/E 201 ST,40.871195,-73.884106,BX34 Bx34
100541,WILLIAMSBRIDGE RD/MORRIS PARK AV,40.850349,-73.851498,BX8 Bx8
303593,UTICA AV/AVENUE M,40.621675,-73.927052,B46
101363,SOUTHERN BLVD/LONGWOOD AV,40.816076,-73.896607,BX19 Bx19 T102
304015,OCEAN AV/AVENUE Z,40.588604,-73.949508,B49
301800,SEAVIEW AV/E 95 ST,40.632823,-73.890982,B17
983014,56 DR / STRICKLAND AV,40.60872,-73.913858,BM1
405312,E 120 ST/PLEASANT AV,40.797674,-73.931142,M116
101178,SANFORD BLVD/S 11 AV,40.897937,-73.839093,BX16 Bx16
350224,OCEAN AV / DITMAS AV,40.639169,-73.958803,BM1 BM3 BM4
902243,149 ST/3 AV,40.81597,-73.917524,BX92
404850,PEARL ST/FULTON ST,40.70755,-74.003857,M15 SIM35 SIM5
302017,SCHAEFER ST/EVERGREEN AV,40.687055,-73.910477,B20
306086,OTSEGO ST/LORRAINE ST,40.675026,-74.009604,B61
302414,FULTON ST/NEW YORK AV,40.680253,-73.946932,B25 B44
305758,CONEY ISLAND AV/AVENUE P,40.609617,-73.962457,B68
102107,LINCOLN AV/E 138 ST,40.810859,-73.927181,BX21 BX32 Bx21 Bx32 T102
304114,FLATLANDS AV/AVENUE J,40.628189,-73.924793,B82
300006,ORIENTAL BLVD/DOVER ST,40.577353,-73.949552,B1 B49
103492,W 170 ST/SHAKESPEARE AV,40.840442,-73.922258,BX18B Bx18B
308605,WYTHE AV/GRAND ST,40.715615,-73.964675,B32 Q59
307477,AVENUE J/E 23 ST,40.626067,-73.953899,B11 B6
401411,10 AV/W 53 ST,40.766418,-73.990397,M11
301752,REMSEN AV/WINTHROP ST,40.65963,-73.927428,B17
303218,FLATBUSH AV/UTICA AV,40.613482,-73.92644,B41 B9 Q35
303817,LORIMER ST/HARRISON AV,40.702891,-73.94963,B48
306192,RALPH AV/BEVERLY RD,40.647143,-73.920253,B47
303339,FLATBUSH AV/AVENUE R,40.615975,-73.929712,B41 B9
100561,SOUTHERN BLVD/BRONX PARK SOUTH,40.847688,-73.883127,BX19 BX9 Bx19 Bx9
450107,MADISON AV/E 59 ST,40.763682,-73.971246,BXM6 BXM7 BXM9 BxM6 BxM7 BxM9
307243,FULTON ST/SARATOGA AV,40.678666,-73.916732,B25
300636,GLENWOOD RD/FLATBUSH AV,40.634494,-73.949624,B11 B6
302503,HALSEY ST/MALCOLM X BLVD,40.684169,-73.929745,B26
101407,BOSTON RD/LOUIS NINE BLVD,40.835052,-73.893891,BX11 BX21 Bx11 Bx21
401501,9 AV/W 34 ST,40.753153,-73.996625,M11
308745,3 AV/DOUGLASS ST,40.680016,-73.984416,B37
901263,KNAPP ST/HARKNESS AV,40.586626,-73.931703,B4
350246,E 105 ST / AVENUE J,40.645725,-73.892783,B103 BM2
307510,AVENUE N/OCEAN PKWY,40.614607,-73.969352,B9
402749,AMSTERDAM AV/W 190 ST,40.853927,-73.926552,M101 M3
100140,GRAND CONCOURSE/E 138 ST,40.813486,-73.930284,BX1 Bx1
405458,12 AV/W 40 ST,40.760765,-74.001924,M12
400251,EDGECOMBE AV/W 162 ST,40.835242,-73.937496,M2
300900,18 AV/66 ST,40.618297,-73.991139,B8
308777,UTICA AV/TILDEN AV,40.648249,-73.930095,B46
302349,GREENPOINT AV/PROVOST ST,40.730667,-73.949699,B24
450084,MADISON AV / E 24 ST,40.741326,-73.987575,BXM6 BxM6 ECAS
101321,SOUTHERN BLVD/LONGWOOD AV,40.816536,-73.895833,BX19 Bx19 T102
401774,2 AV/E 34 ST,40.74449,-73.976189,M15
400474,SAINT NICHOLAS AV/W 133 ST,40.81537,-73.948945,M3
308950,EMPIRE BLVD/UTICA AV,40.6635,-73.931338,B12
300619,GLENWOOD RD / RALPH AV,40.634479,-73.919037,B103 B6 BM2
104226,WEST FORDHAM RD/UNIVERSITY AV,40.862773,-73.905143,BX12 BX12+ Bx12 Bx12-SBS
303665,MALCOLM X BLVD/GREENE AV,40.690434,-73.930636,B46
303566,SAINT JOHNS PL/NEW YORK AV,40.671524,-73.947425,B45
307813,DEAN ST/UTICA AV,40.67574,-73.930039,B15 B65
303724,KINGSTON AV/PACIFIC ST,40.677498,-73.941368,B43
901089,PARKSIDE AV/OCEAN AV,40.654848,-73.961754,B12
303407,NEW YORK AV/PACIFIC ST,40.677803,-73.946906,B44
306880,SHORE RD/MACKAY PL,40.637203,-74.036023,B64
300936,60 ST/14 AV,40.627212,-73.99599,B9
902223,EAST GUN HILL RD/HULL AV,40.878853,-73.873378,BX28 BX38 Bx28 Bx38
300048,13 AV/79 ST,40.618206,-74.009502,B64
304947,WILLIAMS AV/FLATLANDS AV,40.650084,-73.891434,B60
306639,70 ST/7 AV,40.630285,-74.016212,B64
303717,KINGSTON AV/MONTGOMERY ST,40.665271,-73.942514,B43
101472,3 AV/E 138 ST,40.811053,-73.927386,BX1 BX2 BX21 BX32 Bx1 Bx2 Bx21 Bx32
308195,KINGS HWY/W 7 ST,40.605134,-73.980387,B82 B82+ B82-SBS
305803,VANDERBILT AV/STERLING PL,40.67626,-73.969255,B69
307497,AVENUE J/OCEAN PKWY,40.624167,-73.971156,B6
403876,HUDSON ST/BETHUNE ST,40.737066,-74.005806,M11
303180,BROADWAY/WILLOUGHBY AV,40.695515,-73.932806,B46 B47
303463,NOSTRAND AV/EMPIRE BLVD,40.663474,-73.951015,B44 B44+ B44-SBS
101797,WATSON AV/CROES AV,40.827146,-73.869681,BX27 Bx27
101835,ROSEDALE AV/1040 ROSEDALE AV,40.826424,-73.867764,BX27 Bx27
303819,LORIMER ST/BOERUM ST,40.705789,-73.947936,B48
403621,W 57 ST/6 AV,40.764061,-73.976728,M31 M57 SIM1C SIM3 SIM33C SIM3C SIM4C
300063,BAY RIDGE AV/4 AV,40.634837,-74.023869,B64 B9
301616,FORT HAMILTON PKWY/86 ST,40.620617,-74.024044,B16 B70
405517,2 AV/E 87 ST,40.778374,-73.951482,M15 M15+ M15-SBS
300481,KINGS HWY/W 4 ST,40.604821,-73.97698,B82
100332,BRUCKNER BLVD/CASTLE HILL AV,40.827716,-73.849875,BXM8 BxM8
301168,50 ST/6 AV,40.64353,-74.007812,B11
401039,MANHATTAN AV/W 109 ST,40.800471,-73.960056,M116 M7
104298,HARDING AV/BUTTRICK AV,40.81411,-73.823908,BX42 Bx42
404208,BROADWAY/WORTH ST,40.716249,-74.004629,BXM18 BxM18 SIM1 SIM1C SIM3C SIM4 SIM4C
301125,E 98 ST/CLARKSON AV,40.661366,-73.918916,B15
450095,MADISON AV/E 39 ST,40.75102,-73.980519,BXM3 BXM4 BxM3 BxM4
550473,WOODHAVEN BLVD/PENELOPE AV,40.722487,-73.867736,BM5 Q11 Q52+ Q52-SBS Q53+ Q53-SBS QM15
301406,ALBANY AV/WINTHROP ST,40.657062,-73.939817,B12
308743,3 AV/DOUGLASS ST,40.680164,-73.984155,B37
303077,DE KALB AV/MYRTLE AV,40.697765,-73.925723,B38
405519,3 AV/E 63 ST,40.764195,-73.964536,M101 M102 M103
305681,7 AV/PROSPECT AV,40.661603,-73.986105,B67 B69
308003,GLENWOOD RD/E 98 ST,40.645616,-73.90147,B60
503907,GRANDVIEW AV/METROPOLITAN AV,40.713079,-73.912783,B38
302875,3 AV/92 ST,40.619821,-74.032448,B37
450419,BATTERY PL /WEST ST,40.704642,-74.016284,BM1 BM2 BM3 BM4
450087,MADISON AV/E 31 ST,40.745963,-73.984146,BXM3 BXM4 BxM3 BxM4
301732,SEAVIEW AV/E 93 ST,40.631711,-73.893157,B17
901017,MARCUS GARVEY BLVD/BROADWAY,40.699747,-73.941465,B15 B47
305023,S 5 ST/HOOPER ST,40.707594,-73.953327,B60
104515,3 AV/WESTCHESTER AV,40.816492,-73.916829,BX15 Bx15
103520,METROPOLITAN AV/CASTLE HILL AV,40.8408,-73.853485,BX4A Bx4A
104081,BAYCHESTER AV/NEW ENGLAND THRUWAY EXIT,40.866449,-73.830818,BX12 BX12+ BX5 Bx12 Bx12-SBS Bx5
101418,MORRIS PARK AV/WHITE PLAINS RD,40.845231,-73.865907,BX21 BXM10 Bx21 BxM10
100826,CITY ISLAND AV / WINTERS ST,40.843965,-73.785503,BX29 BXM8 Bx29 BxM8
100242,WESTCHESTER AV/CASTLE HILL AV,40.834285,-73.851469,BX4 Bx4
101274,WEST TREMONT AV/MONTGOMERY AV,40.85187,-73.916638,BX18B Bx18B
403427,3 AV/E 33 ST,40.745188,-73.978434,M101
402095,MADISON ST/MONTGOMERY ST,40.713043,-73.984583,M22
405067,STATE ST/WHITEHALL ST,40.702398,-74.01347,M20 M55
303939,ROGERS AV/BEVERLEY RD,40.645298,-73.951811,B49
305713,CONEY ISLAND AV/AVENUE J,40.625066,-73.9651,B68
102646,DEWEY AV/SWINTON AV,40.821029,-73.823266,BX42 Bx42
304212,GATES AV/NOSTRAND AV,40.686164,-73.951161,B52
300847,BEVERLY RD/E 57 ST,40.646696,-73.922642,B8
404824,FREDERICK DOUGLASS BLVD/W 147 ST,40.823913,-73.941264,M10
303396,NEW YORK AV/MIDWOOD ST,40.66022,-73.947586,B44
803154,E 126 ST/2 AV,40.803985,-73.934214,M103
303985,BEDFORD AV/CHURCH AV,40.649829,-73.95595,B49
303483,NOSTRAND AV/AVENUE J,40.626426,-73.94691,B44
503641,61 ST/ST FELIX AV,40.697218,-73.89377,B13 Q39
300110,86 ST/W 8 ST,40.592785,-73.978889,B1 B4
104054,MELROSE AV/PARK AV,40.827552,-73.912181,BX41 Bx41
302900,3 AV/37 ST,40.65504,-74.006608,B37
402108,MADISON ST/JEFFERSON ST,40.712807,-73.988886,M22
503640,61 ST/GRAND AV,40.721716,-73.904337,B57 Q39
301984,DECATUR ST/CENTRAL AV,40.688526,-73.907705,B20 B60
303774,TOMPKINS AV/HALSEY ST,40.682206,-73.943754,B43
307539,PENNSYLVANIA AV/SCHROEDERS AV,40.647608,-73.881733,B83
985004,S BROADWAY/PROSPECT AV,40.931539,-73.898595,BXM3 BxM3
307835,WEST BRIGHTON AV/W 5 ST,40.57651,-73.972278,B68
302976,3 AV/39 ST,40.653692,-74.008621,B37
100347,STORY AV/BRONX RIVER AV,40.821109,-73.882065,BX5 Bx5
307520,OCEAN AV/AVENUE L,40.621172,-73.955327,B49 BM3
302428,FULTON ST/FORT GREENE PL,40.68738,-73.977028,B25 B26 B52
300693,KINGS HWY/BEVERLY RD,40.646508,-73.924541,B7 B8
101240,CROTONA AV/E 180 ST,40.848264,-73.888822,BX17 Bx17
801078,FLATLANDS AV/ROCKAWAY PKWY,40.643589,-73.900979,B17
103660,CITY ISLAND RD/SHORE RD,40.864309,-73.813045,BX12 BX29 Bx12 Bx29
303955,ROGERS AV/EASTERN PKWY,40.669673,-73.953231,B49
402869,BOWERY/BAYARD ST,40.714772,-73.9971,M103
300905,18 AV/77 ST,40.611984,-73.9975,B8
306590,ROCKAWAY PKWY/FLATLANDS AV,40.643078,-73.900179,B42
103542,WHITE PLAINS RD/BIRCHALL AV,40.849922,-73.867692,BX22 BX39 Bx22 Bx39 T117
100282,STORY AV/ROSEDALE AV,40.823091,-73.866506,BX5 Bx5
301398,EAST NEW YORK AV/MONTGOMERY ST,40.664111,-73.929791,B12
301681,13 AV/43 ST,40.638193,-73.988924,B16
902172,W 168 ST/OGDEN AV,40.838543,-73.926331,BX18B Bx18B
303883,FRANKLIN AV/SAINT JOHNS PL,40.672099,-73.957494,B48
306004,MERMAID AV/W 27 ST,40.575676,-73.992775,B74
306827,AVENUE L/E 36 ST,40.622646,-73.940649,B9
100178,W 238 ST/ORLOFF AV,40.882502,-73.898138,BX3 Bx3
350050,AVENUE M / E 80 ST,40.629866,-73.904758,B103 BM2
403790,RIVERSIDE DR/W 156 ST,40.834677,-73.947848,BX6 Bx6
400596,CATHEDRAL PKWY/MORNINGSIDE DR,40.802016,-73.961395,M4
103176,CROSBY AV/ZULETTE AV,40.842469,-73.830059,BX8 Bx8
101408,BOSTON RD/SEABURY PL,40.83581,-73.890386,BX11 BX21 Bx11 Bx21
102401,SEWARD AV/PUGSLEY AV,40.820276,-73.854184,BX36 Bx36
104676,WILLIAMSBRIDGE RD/HALPERIN AV,40.842891,-73.844666,BX8 Bx8
306702,EMMONS AV/BROWN ST,40.584088,-73.936702,B4 B44
350067,AVENUE X / BEDFORD AV,40.593213,-73.945561,BM3
300208,AVENUE U/NOSTRAND AV,40.600372,-73.941954,B3
304647,FLUSHING AV/NAVY ST,40.698155,-73.980247,B57 B69
902141,BOSTON RD/BRONXWOOD AV,40.866149,-73.861421,BX30 Bx30
301149,NEW LOTS AV/BERRIMAN ST,40.668136,-73.878442,B15
307928,HALSEY ST/NOSTRAND AV,40.68188,-73.949674,B26
301497,CRESCENT ST/FULTON ST,40.683379,-73.872165,B13 T340 T430
150016,BOSTON RD/HOLLAND AV,40.863379,-73.865339,BX30 Bx30
400281,ADAM C POWELL BLVD/W 130 ST,40.812037,-73.946257,M2
403343,2 AV/E 89 ST,40.779574,-73.950645,M15
104306,E 167 ST/MORRIS AV,40.833483,-73.914491,BX35 Bx35
401491,9 AV/W 55 ST,40.766555,-73.986769,M11
300143,AVENUE R/BEDFORD AV,40.606787,-73.9481,B2 B31
301314,CLARKSON AV/NOSTRAND AV,40.655391,-73.949267,B12
404253,1 AV/E 62 ST,40.761632,-73.960457,M15
403986,W 57 ST/10 AV,40.769323,-73.988953,M12 M31 M57
402003,E 116 ST/LEXINGTON AV,40.798601,-73.941471,M102 M116
302039,PENNSYLVANIA AV/LINDEN BLVD,40.65811,-73.890433,B20
303835,NASSAU AV/HUMBOLDT ST,40.725374,-73.94572,B48
306487,GREENPOINT AV/NORTH HENRY ST,40.732128,-73.944225,B24
301082,LEWIS AV/MADISON ST,40.686726,-73.935724,B15
300093,13 AV/85 ST,40.614506,-74.013568,B64
305889,8 AV/60 ST,40.635699,-74.009234,B70
405073,AMSTERDAM AV/W 158 ST,40.833638,-73.941374,M100 M101 M3
350039,AVENUE K /E 58 ST,40.626404,-73.920154,BM1
404262,BROADWAY/W 120 ST,40.810341,-73.961983,M104 M4 M60+ M60-SBS
100645,E 180 ST/DALY AV,40.844403,-73.881557,BX40 BX42 BX9 Bx40 Bx42 Bx9
303974,BEDFORD AV/CARROLL ST,40.667204,-73.95643,B49
305698,CONEY ISLAND AV/AVENUE Y,40.589769,-73.960405,B68
102146,JEROME AV/WEST FORDHAM RD,40.862916,-73.901024,BX32 Bx32
301188,AVENUE I/E 9 ST,40.626922,-73.96717,B11
303599,UTICA AV/KINGS HWY,40.634043,-73.928456,B46
300635,GLENWOOD RD/NOSTRAND AV,40.634055,-73.947662,B6
400155,BROADWAY/BLEECKER ST,40.726263,-73.996172,M1 M55
300824,FOSTER AV/ARGYLE RD,40.633338,-73.964444,B8
103073,WEBSTER AV/E 169 ST,40.833693,-73.908881,BX41 Bx41
400903,STATE ST/BRIDGE ST,40.704209,-74.014192,M20 M55 SIM15 SIM35 SIM5
307257,FULTON ST/SARATOGA AV,40.678489,-73.915892,B25
300114,AVENUE X/E 1 ST,40.590625,-73.968888,B1
102427,E 174 ST/MANOR AV,40.833862,-73.877286,BX11 Bx11
300839,AVENUE D/E 45 ST,40.641793,-73.933761,B8
901508,FULTON ST/VAN SINDEREN AV,40.677843,-73.903054,B111 T426
101313,E 149 ST/SAINT ANN'S AV,40.814223,-73.912863,BX17 BX19 Bx17 Bx19
401697,1 AV/E 39 ST,40.747191,-73.970988,M15
304978,ROCKAWAY AV/BROADWAY,40.683374,-73.911548,B60 T430 T433
100049,GRAND CONCOURSE/E 198 ST,40.870243,-73.89042,BX1 BX2 Bx1 Bx2
302463,NOSTRAND AV/HANCOCK ST,40.682207,-73.950024,B44
100534,WILLIAMSBRIDGE RD/ALLERTON AV,40.865653,-73.859938,BX8 Bx8
401458,AMSTERDAM AV/W 131 ST,40.816009,-73.954424,M100 M101 M11
303630,MALCOLM X BLVD/DE KALB AV,40.693612,-73.931092,B46 B46+ B46-SBS
505075,BROOKLYN-QUEENS EXPWY/45 ST,40.735462,-73.921593,B24
400677,CATHEDRAL PKWY/AMSTERDAM AV,40.802722,-73.963511,M11 M4
308353,NEW LOTS AV/SNEDIKER AV,40.659471,-73.898565,B15
307713,STILLWELL AV/2670 STILLWELL AV,40.581461,-73.982482,B64
305054,COOPER ST/CENTRAL AV,40.68764,-73.907555,B60
102204,E 138 ST/BRUCKNER BLVD,40.804396,-73.911464,BX33 Bx33
303921,OCEAN AV / KINGS HWY,40.610568,-73.953328,B49 BM3
102658,EAST TREMONT AV/MILES AV,40.819008,-73.817108,BX40 BX42 BXM9 Bx40 Bx42 BxM9
801064,VAN SINDEREN AV/FULTON ST,40.678139,-73.903574,B83
306623,DRIGGS AV/LEONARD ST,40.722414,-73.949486,B43
301726,SEAVIEW AV/E 108 ST,40.639067,-73.881716,B17
300281,25 AV/BENSON AV,40.595998,-73.989302,B3
802146,E 161 ST/SHERMAN AV,40.826349,-73.920714,BX13 BX6 BX6+ Bx13 Bx6 Bx6-SBS
305092,WILLIAMS AV/GLENWOOD RD,40.65108,-73.892489,B60
303734,THROOP AV/LAFAYETTE AV,40.690791,-73.94242,B43
403318,ESSEX ST/DELANCEY ST,40.718247,-73.988474,L92 M14A+ M14A-SBS M9
401822,E 34 ST /5 AV,40.748302,-73.984386,BM5 M34+ M34-SBS M34A+ M34A-SBS SIM23 SIM24
301860,METROPOLITAN AV/GRAHAM AV,40.714513,-73.944865,B24 L90
405111,SAINT NICHOLAS AV/W 165 ST,40.838947,-73.939838,M3
402217,E 57 ST/1 AV,40.758095,-73.962478,M31 M57
302594,GERRITSEN AV / CYRUS AV,40.590396,-73.922486,B31 BM4
305411,ATLANTIC AV/3 AV,40.685314,-73.980912,B63 B65
302585,GERRITSEN AV / AVENUE V,40.600232,-73.933456,B31 BM4
300087,13 AV/71 ST,40.622354,-74.005403,B64
901518,HEGEMAN AV/WATKINS ST,40.656854,-73.904315,B35
300183,QUENTIN RD/E 16 ST,40.60843,-73.957131,B102 B2 B31
301657,CATON AV/WESTMINSTER,40.649312,-73.968453,B16
303142,RALPH AV/SUMPTER ST,40.680058,-73.922084,B47
401688,1 AV/E 17 ST,40.733155,-73.981188,M15
306603,MOTHER GASTON BLVD/SUTTER AV,40.667388,-73.906422,B14
405585,11 AV/W 54 ST,40.768253,-73.99299,M12
303614,UTICA AV/MAPLE ST,40.662404,-73.931397,B46
301293,49 ST/11 AV,40.637898,-73.996775,B11
101975,PEARTREE AV/GIVAN AV,40.881666,-73.823266,BX30 Bx30
300263,AVENUE U/OCEAN AV,40.599392,-73.951901,B3
401339,CENTRAL PARK WEST/W 81 ST,40.781964,-73.971889,M10
300023,AVENUE X/WEST ST,40.590563,-73.97063,B1
305308,GRAHAM AV/SCHOLES ST,40.708465,-73.943469,B43
300911,18 AV/BATH AV,40.604005,-74.006147,B8
101757,ALLERTON AV/EASTCHESTER RD,40.865249,-73.843225,BX25 BX26 Bx25 Bx26
803024,W 146 ST/MALCOLM X  BL,40.821199,-73.936118,M102
903326,SAINT NICHOLAS AV/W 124 ST,40.810305,-73.952957,M100
102034,EASTCHESTER RD/WATERS PL,40.846764,-73.844552,BX21 BX31 Bx21 Bx31
350038,AVENUE K /E 57 ST,40.626209,-73.920691,BM1
307821,DEAN ST/NEW YORK AV,40.67665,-73.946697,B65
402661,E 125 ST/MADISON AV,40.805533,-73.940296,M101 M125
300490,BAY PKWY/83 ST,40.603469,-73.992365,B6 B82
404142,PARK ROW/BEEKMAN ST,40.711713,-74.007528,M103
103330,WHITE PLAINS RD/ALLERTON AV,40.865281,-73.867282,BX39 BXM11 Bx39 BxM11 T117
301598,EASTERN PKWY/BUFFALO AV,40.668725,-73.925201,B14
306543,56 ST/NEW UTRECHT AV,40.630533,-73.995353,B16
102451,WEST TREMONT AV/W 177 ST,40.850516,-73.912461,BX36 Bx36
403858,CHAMBERS ST/GREENWICH ST,40.716244,-74.01115,M22
303136,RALPH AV/PROSPECT PL,40.673098,-73.922121,B47
305088,E 108 ST/FARRAGUT RD,40.652142,-73.896077,B60
308746,3 AV/10 ST,40.67095,-73.991492,B37
350148,GLENWOOD RD / E 80 ST,40.636939,-73.914978,B103 BM2
401609,8 AV/W 4 ST,40.738597,-74.003533,M20
300042,86 ST/16 AV,40.610351,-74.007581,B1
300748,SARATOGA AV/SUTTER AV,40.665897,-73.916651,B7
403475,GRAND ST/ESSEX ST,40.716485,-73.988824,L92 M14A+ M14A-SBS
303798,CLASSON AV/SAINT JOHNS PL,40.672983,-73.960691,B48
104237,HARDING AV/THROGS NECK BLVD,40.816617,-73.812202,BX40 Bx40
100530,BRONXWOOD AV/BURKE AV,40.870985,-73.861511,BX8 Bx8
308653,FLATLANDS AV/FOUNTAIN AV,40.660507,-73.867723,B84
302312,RODNEY ST/S 3 ST,40.710246,-73.955254,B24 Q54
306619,SHORE RD/3 AV,40.612256,-74.035884,B63
303940,ROGERS AV/TILDEN AV,40.647083,-73.952,B49
306322,EMPIRE BLVD/LAMONT CT,40.66402,-73.943676,B43
300455,KINGS HWY/AVENUE N,40.617286,-73.943444,B7 B82
306591,56 ST/FORT HAMILTON PKWY,40.634755,-74.002338,B16
401033,AMSTERDAM AV/W 100 ST,40.796869,-73.968181,M11 M7
100592,BROADWAY/MOSHOLU AV,40.904284,-73.896284,BX9 BXM3 Bx9 BxM3
308070,FLATBUSH AV/GRAND ARMY PLAZA,40.672576,-73.968972,B41
104056,LAFAYETTE AV/OLMSTEAD AV,40.822806,-73.851624,BX5 Bx5
103095,3 AV/E 144 ST,40.813859,-73.921993,BX2 BX21 Bx2 Bx21
303250,FLATBUSH AV/PARK PL,40.677748,-73.972744,B116 B41
405555,E 23 ST/PARK AV SOUTH,40.739743,-73.985587,M23+ M23-SBS
300863,AVENUE D/UTICA AV,40.642169,-73.929879,B8
401276,FREDERICK DOUGLASS BLVD/W 131 ST,40.81414,-73.948137,M10
103000,BOSTON RD/KINGSLAND AV,40.877665,-73.84525,BX30 Bx30
308693,YORK ST/JAY ST,40.701558,-73.986936,B67
104605,FOOD CENTER DR/FULTON FISH MARKET,40.804746,-73.876055,BX6 BX6+ Bx6 Bx6-SBS
300974,AVENUE L/NEW YORK AV,40.62234,-73.943437,B9
307680,GATES AV/MARCUS GARVEY BLVD,40.68754,-73.938532,B52
504233,SENECA AV/BLEECKER ST,40.704778,-73.911156,B38
305265,GRAHAM AV/METROPOLITAN AV,40.714869,-73.944365,B43
404029,E 14 ST/1 AV,40.73115,-73.981962,L92 M14A+ M14A-SBS M14D+ M14D-SBS
401231,8 AV/W 34 ST,40.752329,-73.993258,M20 M34A+ M34A-SBS
404871,CENTRAL PARK WEST/COLUMBUS CIRCLE,40.768686,-73.98134,M10 M20
300534,BEDFORD AV/AVENUE J,40.626549,-73.951586,B11 B6
300991,AVENUE N/E 3 ST,40.614281,-73.972298,B9
101820,SOUNDVIEW AV/GILDERSLEEVE AV,40.809537,-73.855302,BX27 BX39 Bx27 Bx39
102269,VALENTINE AV/EAST FORDHAM RD,40.862431,-73.895859,BX22 BX34 Bx22 Bx34
983015,SEAVIEW AV / PENNSYLVANIA AV,40.643074,-73.878284,BM2 BM5
400292,CENTRAL PARK NORTH/5 AV,40.797099,-73.949858,M3 M4
301560,LINCOLN AV/BLAKE AV,40.672,-73.866189,B14
302398,EAST NEW YORK AV/ALABAMA AV,40.676693,-73.900118,B25
450078,E 23 ST/MADISON AV,40.740783,-73.987563,BXM7 BxM7 QM21
903250,AVENUE A/EAST HOUSTON ST,40.722409,-73.98622,L92
101695,KAZIMIROFF BLVD/BOTANICAL GARDENS EAST,40.866662,-73.880985,BX25 BX26 Bx25 Bx26
903253,EAST TREMONT AV/SOUTHERN BLVD,40.842728,-73.8859,BX36 Bx36
307078,3 AV/SENATOR ST,40.637425,-74.025268,B37 X27 X37
301056,E 98 ST/HEGEMAN AV,40.655953,-73.912738,B15 B35
405062,NORTH END AV/WARREN ST,40.717251,-74.014498,M20 M22
303922,OCEAN AV/AVENUE O,40.613866,-73.95402,B49
100586,BROADWAY/VAN CORTLANDT PARK SOUTH,40.886376,-73.899709,BX9 Bx9
302480,HALSEY ST/WILSON AV,40.691786,-73.909194,B26
302799,MERMAID AV/W 17 ST,40.576569,-73.984454,B82
903371,AMSTERDAM AV/W 61 ST,40.771568,-73.986713,M11
400259,W 166 ST/SAINT NICHOLAS AV,40.839624,-73.940184,M2 M3
400910,CHURCH ST/CHAMBERS ST,40.71502,-74.007812,BXM18 BxM18 M55 X27 X28
301812,AVENUE L/E 84 ST,40.632361,-73.905196,B17
101457,BOSTON RD/LOUIS NINE BLVD,40.83462,-73.894565,BX21 Bx21
901832,RIVERDALE AV/ROCKAWAY AV,40.661049,-73.908705,B99
306061,COURT ST/1 PL,40.680045,-73.997055,B57
104225,MORRIS PARK AV/WILLIAMSBRIDGE RD,40.850399,-73.851246,BX21 Bx21
302508,HALSEY ST/TOMPKINS AV,40.682506,-73.944201,B26
305217,ATLANTIC AV/HENRY ST,40.690747,-73.996107,B61 B63
401035,AMSTERDAM AV/W 104 ST,40.799391,-73.966341,M11 M7
303876,FRANKLIN AV/PUTNAM AV,40.682957,-73.956091,B48
402162,12 AV/W 48 ST,40.765583,-73.997431,M12 M50
305635,7 AV/LINCOLN PL,40.675611,-73.974587,B67 B69
300213,AVENUE U/BURNETT ST,40.602835,-73.933173,B3
303666,MALCOLM X BLVD/QUINCY ST,40.688948,-73.930342,B46 B46+ B46-SBS
402024,WEST HOUSTON ST/WEST BROADWAY,40.726524,-73.999412,M21
308221,BATH AV/19 AV,40.602424,-74.003565,B64
402689,3 AV/E 69 ST,40.76789,-73.961845,BXM1 BxM1 M101 M102 M103
303259,LIVINGSTON ST/SMITH ST,40.690518,-73.987534,B103 B45 B67
100850,E FORDHAM RD/E 190 ST,40.862426,-73.897854,BX12 Bx12
303162,BROADWAY/BOERUM ST,40.705142,-73.949556,B46
102423,E 174 ST/ST LAWRENCE AV,40.834886,-73.867895,BX11 Bx11
150084,HENRY HUDSON PKWY WEST/W 246 ST,40.893473,-73.908592,BXM1 BXM18 BXM2 BxM1 BxM18 BxM2
301748,REMSEN AV/LINDEN BLVD,40.654137,-73.92144,B17 B47
300913,CROPSEY AV/17 AV,40.604095,-74.010087,B8
101238,CROTONA AV/E 183 ST,40.851521,-73.885057,BX17 Bx17
102147,JEROME AV/W 184 ST,40.860688,-73.90255,BX32 Bx32
102264,VALENTINE AV/E 199 ST,40.870641,-73.888015,BX34 Bx34
303601,UTICA AV/FARRAGUT RD,40.637785,-73.928767,B46
104062,THROGS NECK EXPWY/RANDALL AV,40.828255,-73.817154,BX8 BXM9 Bx8 BxM9
303391,NEW YORK AV/LINDEN BLVD,40.653127,-73.946824,B44
101253,PROSPECT AV/WESTCHESTER AV,40.819894,-73.901588,BX17 Bx17
303803,CLASSON AV/FULTON ST,40.681658,-73.958538,B48
903256,EAST TREMONT AV/CROTONA PKWY,40.842548,-73.885207,BX36 Bx36
300422,CROPSEY AV/25 AV,40.592279,-73.992878,B6 B82 X28 X38
404909,2 AV/E 36 ST,40.746181,-73.974949,M15
400087,W 146 ST/MALCOLM X BLVD,40.821178,-73.935956,M102
303306,FLATBUSH AV/CHESTER CT,40.658183,-73.960552,B41
304211,GATES AV/MARCY AV,40.686541,-73.94787,B52
103413,BRUCKNER BLVD/HUNTINGTON AV,40.830046,-73.832684,BX5 BXM8 Bx5 BxM8
305760,CONEY ISLAND AV/AVENUE R,40.60505,-73.961844,B68
401500,9 AV/W 35 ST,40.754199,-73.995867,M11
306713,JOHNSON AV/BUSHWICK AV,40.706927,-73.940084,B60
300106,86 ST/25 AV,40.597916,-73.987365,B1
401345,CENTRAL PARK WEST/W 68 ST,40.773569,-73.978045,M10 M72
102948,3 AV/E 183 ST,40.853917,-73.891132,BX15 Bx15
307492,FULTON ST/DUFFIELD ST,40.690536,-73.984949,B25 B26 B38 B52
100482,KINGSBRIDGE AV/W 230 ST,40.878459,-73.907984,BX20 BX7 Bx20 Bx7
104570,BRUCKNER BLVD/SAINT JOSEPHS WAY,40.828675,-73.835386,BX5 Bx5
904254,LEFFERTS BLVD/AIRTRAIN STATION,40.66158,-73.824645,B15
802186,UNIVERSITY AV/ W 175 ST,40.847651,-73.919561,BX3 BX36 Bx3 Bx36
303855,LORIMER ST/METROPOLITAN AV,40.713724,-73.949364,B48
400283,ADAM C POWELL BLVD/W 125 ST,40.80918,-73.948379,M2
301739,REMSEN AV/FLATLANDS AV,40.640566,-73.906183,B17
985002,S BROADWAY/McLEAN AV,40.920954,-73.895934,BXM3 BxM3
403152,BROADWAY/W 106 ST,40.800986,-73.96811,M104
401732,E 126 ST/2 AV,40.80323,-73.932451,M15+ M15-SBS
104666,E 180 ST/BOSTON RD,40.842623,-73.878296,BX40 BX42 Bx40 Bx42
307124,MYRTLE AV/MARCUS GARVEY BLVD,40.696363,-73.94116,B54
303345,ROCKAWAY PKWY/SUBWAY STATION,40.645775,-73.901624,B42
503594,48 ST/47 ST,40.732747,-73.918836,B24
303953,ROGERS AV/CARROLL ST,40.667642,-73.953427,B49
300547,AVENUE H/ALBANY AV,40.63227,-73.936587,B6
100317,PELHAM PKWY/EASTCHESTER RD,40.857271,-73.843935,BX12 BX12+ Bx12 Bx12-SBS
305097,VAN BRUNT ST/SULLIVAN ST,40.677757,-74.012326,B61
300828,FOSTER AV/E 22 ST,40.637313,-73.95619,B49 B8
350100,E 80 ST / AVENUE L,40.630868,-73.907168,B103 BM2
402619,BROADWAY/BENNETT AV,40.859744,-73.93122,BX7 Bx7 M100
405648,YORK AV/E 66 ST,40.762944,-73.956657,M31
307684,GATES AV/PATCHEN AV,40.688902,-73.926862,B52
300718,THOMAS S BOYLAND ST/MARION ST,40.681762,-73.914198,B7
305554,SMITH ST/WARREN ST,40.685739,-73.991065,B57
307728,MALCOLM X BLVD/HALSEY ST,40.683867,-73.929334,B46 B46+ B46-SBS
301297,49 ST/8 AV,40.641916,-74.003423,B11
103173,CROSBY AV/BAISLEY AV,40.83661,-73.827749,BX8 Bx8
308903,E 98 ST/ROCKAWAY PKWY,40.645679,-73.902111,B6 B82 B82+ B82-SBS
302798,SURF AV/W 21 ST,40.574647,-73.987239,B36 X38
350045,AVENUE K /SCHENECTADY AV,40.625806,-73.93034,BM1
307020,EMMONS AV / NOSTRAND AV,40.584096,-73.938507,B44+ B44-SBS BM3
405284,MALCOLM X BLVD/W 146 ST,40.821082,-73.935896,M1 M7
306859,COZINE AV/VERMONT AV,40.654744,-73.886124,B6
403104,BROADWAY/W 75 ST,40.781301,-73.981021,M104
307679,GATES AV/THROOP AV,40.687217,-73.941334,B52
305011,MESEROLE ST/LORIMER ST,40.707611,-73.948667,B60
100642,SOUTHERN BLVD/E 183 ST,40.850918,-73.882488,BX19 BX9 Bx19 Bx9
103999,EAST FORDHAM RD/WEBSTER AV,40.861596,-73.891066,BX12 BX12+ Bx12 Bx12-SBS
450122,5 AV/W 51 ST,40.759158,-73.976839,BXM11 BxM11 SIM10 SIM31
307488,7 AV SERVICE RD SOUTH/79 ST,40.624024,-74.020393,B16 B70
301177,50 ST/14 AV,40.632924,-73.990247,B11
300475,KINGS HWY/E 8 ST,40.606374,-73.965124,B82
401725,1 AV/E 111 ST,40.793101,-73.937481,M15
400263,EDGECOMBE AV/W 164 ST,40.836219,-73.937231,M2
305808,VANDERBILT AV/GREENE AV,40.686284,-73.968439,B69
305408,ATLANTIC AV/HOYT ST,40.687563,-73.986727,B63 B65
301107,MARCUS GARVEY BLVD/FULTON ST,40.679749,-73.937438,B15
404279,10 AV/W 37 ST,40.756715,-73.997444,M11
505085,STANHOPE ST/WOODWARD AV,40.708548,-73.912584,B38
302597,GERRITSEN AV/GERRITSEN BEACH,40.587137,-73.918938,B31
300100,86 ST/19 AV,40.605962,-74.000609,B1
103333,WHITE PLAINS RD/BURKE AV,40.871363,-73.867103,BX39 BXM11 Bx39 BxM11 T117
401730,1 AV/PALADINO AV,40.80036,-73.932182,M116 M15
304404,MYRTLE AV/LEWIS AV,40.696674,-73.937388,B54
300683,KINGS HWY/AVENUE J,40.627748,-73.932408,B7
402639,AMSTERDAM AV/W 156 ST,40.831932,-73.942813,M100 M101
903049,W 168 ST/AUDUBON AV,40.840644,-73.938543,M2
100743,SHAKESPEARE AV/W 169 ST,40.839536,-73.922454,BX18A Bx18A
303413,BEDFORD AV/PUTNAM AV,40.683473,-73.953835,B44
308382,FORT HAMILTON PKWY/73 ST,40.626602,-74.015397,B16
504099,COOPER AV/65 ST,40.698624,-73.889176,B13
308248,4 AV/SENATOR ST,40.636048,-74.022991,B9
902118,WEBSTER AV/CLAREMONT PKWY,40.839862,-73.905401,BX41 Bx41
304976,ROCKAWAY AV/MACDOUGAL ST,40.680545,-73.911224,B60
302427,FULTON ST/SOUTH ELLIOT PL,40.686724,-73.975391,B25 B26 B52
101190,E 233 ST/KEPLER AV,40.896729,-73.87034,BX16 BX34 BXM4 Bx16 Bx34 BxM4
100212,WESTCHESTER AV/INTERVALE AV,40.821942,-73.897089,BX4 Bx4
305720,CONEY ISLAND AV/CORTELYOU RD,40.639658,-73.968775,B68
401263,CENTRAL PARK WEST/W 104 ST,40.797034,-73.960632,M10
901548,MCDONALD AV/KINGS HWY,40.604074,-73.97222,B90
101211,PROSPECT AV/E 163 ST,40.822417,-73.900358,BX17 Bx17
305694,CONEY ISLAND AV/OCEAN VIEW AV,40.580181,-73.959734,B68
308046,GATES AV/BROADWAY,40.689479,-73.922704,B52
300225,AVENUE U/MILL AV,40.615353,-73.913968,B3
902109,charles crimi pl/overpass4,40.856082,-73.832275,BX12 Bx12
307475,AVENUE B/E 87 ST,40.648214,-73.918204,B8
505290,JACKSON AV/23 ST,40.746022,-73.945489,B94 Q101 Q67
403736,W 57 ST/7 AV,40.765563,-73.980322,M31 M57
305139,WYTHE AV/ROSS ST,40.703388,-73.964695,B62
300482,KINGS HWY/W 6 ST,40.605104,-73.978896,B82
401787,EAST HOUSTON ST/FORSYTH ST,40.723329,-73.990427,M15 M21
301965,PENNSYLVANIA AV/SUTTER AV,40.669649,-73.895252,B20 B83
901507,MYRTLE AV /WYCKOFF AV,40.699558,-73.911285,B111
305754,CONEY ISLAND AV/AVENUE L,40.619664,-73.964339,B68
308086,LINDEN BLVD/78 ST,40.670178,-73.856386,B15 BM5
307310,CLASSON AV/EASTERN PKWY,40.671051,-73.961385,B48
305047,WILSON AV/WOODBINE ST,40.694283,-73.914541,B60
901082,4 AV/95 ST,40.616262,-74.031131,B8
300627,AVENUE H / E 45 ST,40.632632,-73.93334,B103 B6 BM2
302876,3 AV/90 ST,40.620906,-74.032002,B37
400129,5 AV/E 60 ST,40.765226,-73.972459,M2 M3
305836,VANDERBILT AV/GREENE AV,40.686479,-73.968587,B69
307790,CHURCH AV/NEW YORK AV,40.650992,-73.947114,B35
103983,3 AV/E 149 ST,40.816092,-73.917441,BX21 Bx21
301663,OCEAN AV/CATON AV,40.652293,-73.961525,B16 T464
350060,AVENUE T / E 59 ST,40.615723,-73.91768,B100
401761,2 AV/E 68 ST,40.76599,-73.960476,M15 M15+ M15-SBS
450050,3 AV/E 61 ST,40.76267,-73.965679,BXM1 BxM1
302753,CHURCH AV/BROOKLYN AV,40.651161,-73.944238,B35
100342,STORY AV/FTELEY AV,40.822659,-73.870545,BX5 Bx5
100117,GRAND CONCOURSE/E CLARKE PL,40.836746,-73.915851,BX1 BX2 Bx1 Bx2
350158,QUENTIN RD / BEDFORD AV,40.609441,-73.948239,B100
100751,CLAREMONT PKWY/WEBSTER AV,40.839509,-73.904973,BX11 Bx11
103518,LODOVICK AV/ALLERTON AV,40.86519,-73.837033,BX25 BX26 Bx25 Bx26
101058,3 AV/E 166 ST,40.827511,-73.907451,BX15 Bx15
303198,RALPH AV/STERLING PL,40.671111,-73.922445,B45 B47 B65
300182,QUENTIN RD/E 19 ST,40.608692,-73.954826,B2 B31
100615,BROADWAY/W 246 ST,40.892174,-73.897208,BX9 BXM3 Bx9 BxM3
401453,HUDSON ST/CHRISTOPHER ST,40.733347,-74.00626,M20
400054,MADISON AV/E 125 ST,40.806015,-73.940348,M1
350034,AVENUE K /E 43 ST,40.625867,-73.934186,BM1
102729,WEBSTER AV/E 169 ST,40.834285,-73.908427,BX41 Bx41
308847,YORK ST/JAY ST,40.701401,-73.9846,B67
302837,AVENUE Z/BEDFORD AV,40.589049,-73.945082,B36
300140,AVENUE R/OCEAN AV,40.606262,-73.95289,B2 B31
404031,RIVERSIDE DR/W 145 ST,40.827012,-73.952145,M11
300428,BAY PKWY/BENSON AV,40.600434,-73.995232,B6 B82
300283,25 AV/HARWAY AV,40.592836,-73.992519,B3 B64
103304,WHITE PLAINS RD/WARING AV,40.861457,-73.867603,BX39 BXM11 Bx39 BxM11
308227,BATH AV/17 AV,40.605435,-74.008589,B64
400226,ADAM C POWELL BLVD/W 113 ST,40.801484,-73.953579,M2
402128,W 23 ST/6 AV,40.74236,-73.991763,M23+ M23-SBS X27 X28
902197,WHITE PLAINS RD/BIRCHALL AV,40.850278,-73.867876,BX22 Bx22
307941,SHORE RD/71 ST,40.636852,-74.036257,B9
308565,ROGERS AV/ALBERMARLE RD,40.648137,-73.9521,B49
350203,EMMONS AV/SHORE BLVD,40.583032,-73.95373,BM3
102329,EDWARD L GRANT HWY/W 169 ST,40.838324,-73.921839,BX35 Bx35
305886,8 AV/67 ST,40.631716,-74.013373,B70
103351,SOUNDVIEW AV/LACOMBE AV,40.815175,-73.859474,BX27 Bx27
403443,E 10 ST/AVENUE D,40.725082,-73.975456,M14D+ M14D-SBS M8
301647,36 ST/12 AV,40.643499,-73.986516,B16
404022,W 145 ST/RIVERSIDE DR,40.826817,-73.95165,BX19 Bx19
308123,CONEY ISLAND AV/AVENUE Z,40.587656,-73.960241,B68
300040,86 ST/18 AV,40.607724,-74.00326,B1
102809,WEBSTER AV/E 183 ST,40.856334,-73.895601,BX41 Bx41
405150,7 AV/W 14 ST,40.7384,-73.999883,M20
104678,UNIVERSITY AV/1910 UNIVERSITY AV,40.852867,-73.9129,BX3 Bx3
903363,2 AV/E 96 ST,40.784068,-73.947274,M15
400024,MADISON AV/E 58 ST,40.762701,-73.971959,M1 M2
306159,RALPH AV/GLENWOOD RD,40.634391,-73.918768,B47
400103,5 AV/W 116 ST,40.800355,-73.946815,M1
300275,AVENUE U/W 5 ST,40.596633,-73.976904,B3
403110,BROADWAY/W 88 ST,40.789801,-73.975114,M104
405543,MADISON AV/E 116 ST,40.800274,-73.944587,M1
505168,BROOKLYN-QUEENS EXPWY/47 ST,40.73541,-73.919102,B24 Q67
401990,E 116 ST/MADISON AV,40.799718,-73.944398,M102 M116
401802,WATER ST/HANOVER SQ,40.703882,-74.009427,M15 SIM15 SIM35 SIM5
103316,WHITE PLAINS RD/OBRIEN AV,40.811528,-73.855887,BX39 Bx39
901542,MCDONALD AV/AV U,40.596876,-73.973309,B90
104075,LINCOLN AV/BRUCKNER BLVD,40.80803,-73.929335,M125
101152,BAYCHESTER AV/PITMAN AV,40.896328,-73.845091,BX16 Bx16
305992,MERMAID AV/W 30 ST,40.575357,-73.996843,B74
308270,CROPSEY AV/OPP V A HOSPITAL,40.608845,-74.023156,B70 B8
305027,MONTROSE AV/MANHATTAN AV,40.707157,-73.944404,B60
350241,VETERANS AV /E 71 ST,40.62025,-73.907626,BM1
304997,WILSON AV/TROUTMAN ST,40.702007,-73.927901,B60
150118,SEDGWICK AV/WEBB AV,40.863762,-73.909159,BX12 BXM3 Bx12 BxM3
305233,VAN BRUNT ST/COFFEY ST,40.676082,-74.014489,B61
101227,CROTONA AV/EAST FORDHAM RD,40.857189,-73.881892,BX17 Bx17
404927,W 24 ST/12 AV,40.749969,-74.007803,M23+ M23-SBS
300712,THOMAS S BOYLAND ST/EASTERN PKWY,40.671746,-73.91408,B7
401821,W 34 ST/BROADWAY,40.749624,-73.987617,M34+ M34-SBS M34A+ M34A-SBS SIM23 SIM24
302348,GREENPOINT AV/HUMBOLDT ST,40.731524,-73.946259,B24
103990,E 163 ST/SOUTHERN BLVD,40.821027,-73.891402,BX5 Bx5
405227,SAINT NICHOLAS AV/W 147 ST,40.825404,-73.943522,M3
300889,18 AV/McDONALD AV,40.630641,-73.977573,B8
308371,EUCLID AV/BLAKE AV,40.671671,-73.870922,B13
303911,OCEAN AV/AVENUE Z,40.588853,-73.949277,B49
302992,3 AV/BAY RIDGE AV,40.635506,-74.026182,B37
301322,ALBANY AV/MAPLE ST,40.661748,-73.939829,B12
550449,WOODHAVEN BLVD/FOREST PARK DR,40.700573,-73.854289,BM5 Q11 QM15
300044,86 ST/14 AV,40.61322,-74.012413,B1 B64 X28 X38
303919,OCEAN AV / AVENUE R,40.606566,-73.952551,B49 BM3
303277,AVENUE N/UTICA AV,40.619026,-73.926701,B41
308067,TOMPKINS AV/ELLERY ST,40.698737,-73.947048,B43
402657,W 125 ST/FREDERICK DOUGLASS BLVD,40.809908,-73.950705,M101 M125
505412,21 ST/38 AV,40.757421,-73.939322,B62 Q66 Q69
103956,BAILEY AV/VAN CORTLANDT PK SOUTH,40.885351,-73.895442,BX10 Bx10
402647,AMSTERDAM AV/W 138 ST,40.820487,-73.95113,M100 M101
307116,HEGEMAN AV/THOMAS S BOYLAND ST,40.655915,-73.910338,B15 B35
308658,FLATLANDS AV/JEROME ST,40.65628,-73.87771,B84
400861,COLUMBUS CIRCLE/8 AV,40.767676,-73.982261,M10 M20 M5 M7
350225,GERRITSEN AV / NOSTRAND AV,40.60904,-73.94336,BM4
306519,14 AV/53 ST,40.631642,-73.991944,B16
404283,ADAM C POWELL BLVD/W 125 ST,40.809158,-73.947978,M2
102279,E 167 ST/RIVER AV,40.835522,-73.920919,BX35 Bx35
101330,SOUTHERN BLVD/E 172 ST,40.833943,-73.889728,BX19 Bx19
503627,48 ST/50 AV,40.736935,-73.918135,B24 Q39
306579,52 ST/4 AV,40.645434,-74.013992,B11
305701,CONEY ISLAND AV/AVENUE V,40.596442,-73.960916,B68
350228,AVENUE M / E 85 ST,40.631221,-73.902372,B103 BM2
401271,FREDERICK DOUGLASS BLVD/W 121 ST,40.807445,-73.953051,M10
403168,BROADWAY/W 72 ST,40.778655,-73.982115,M104
308104,FORT HAMILTON PKWY/64 ST,40.631299,-74.008081,B16
102093,EASTCHESTER RD/MACE AV,40.862659,-73.84356,BX31 BXM10 Bx31 BxM10
307575,GREENE AV/VANDERBILT AV,40.686366,-73.968929,B52
300792,CROPSEY AV/17 AV,40.603645,-74.009511,B8
100384,HUNTS POINT AV/COSTER ST,40.81607,-73.887579,BX6 BX6+ Bx6 Bx6-SBS
104540,MARCONI ST/HUTCHINSON METRO CENTER,40.852535,-73.839687,BX24 Bx24
303572,STERLING PL/WASHINGTON AV,40.674592,-73.96298,B45
300245,AVENUE U/E 59 ST,40.613836,-73.916446,B3 B47
307071,60 ST/FORT HAMILTON PKWY,40.632839,-74.005321,B9
307070,60 ST/MCDONALD AV,40.614366,-73.974441,B9
104300,HARDING AV/EMERSON AV,40.812899,-73.827201,BX42 Bx42
302700,CHURCH AV/OCEAN AV,40.650067,-73.960539,B35
308780,FLATBUSH AV/DEAN ST,40.682166,-73.976137,B41
307817,DEAN ST/VANDERBILT AV,40.680042,-73.967519,B65
405024,CHURCH ST /WORTH ST,40.716991,-74.006211,BXM18 BxM18 M55 SIM1 SIM1C SIM2 SIM32 SIM33C SIM34 SIM3C SIM4 SIM4C
400248,EDGECOMBE AV/W 155 ST,40.830904,-73.940279,M2
306801,NAVY ST/SANDS ST,40.69936,-73.98059,B62
302495,HALSEY ST/CENTRAL AV,40.6898,-73.911291,B26
305304,GRAHAM AV/METROPOLITAN AV,40.7142,-73.944416,B43
306986,OCEAN AV/VOORHIES AV,40.585947,-73.94898,B4
308412,CROPSEY AV/BAY 52 ST,40.58335,-73.986611,B82 X38
300502,CROPSEY AV/BAY 46 ST,40.587574,-73.989465,B82
301155,LINDEN BLVD/EUCLID AV,40.667861,-73.869791,B15 B20
404026,BROADWAY/W 178 ST,40.848648,-73.937357,BX7 Bx7 M100
305458,5 AV/81 ST,40.624786,-74.024647,B63
103504,PENNYFIELD AV/GERANIUM PL,40.810888,-73.804754,BX40 Bx40
100631,EAST KINGSBRIDGE RD/GRAND CONCOURSE,40.86585,-73.894274,BX22 BX28 BX38 BX9 Bx22 Bx28 Bx38 Bx9
403978,SAINT NICHOLAS AV/W 187 ST,40.85276,-73.931345,M3
400405,SAINT NICHOLAS AV/W 144 ST,40.823278,-73.945037,M3
100306,PELHAM PKWY/THROOP AV,40.858026,-73.851524,BX12 Bx12
303144,RALPH AV/MACDONOUGH ST,40.683729,-73.922808,B47
303025,LAFAYETTE AV/FRANKLIN AV,40.689115,-73.957429,B38
301701,FORT HAMILTON PKWY/BAY RIDGE PKWY,40.625907,-74.016434,B16
405396,1 AV/E 27 ST,40.739293,-73.976713,M15 M9
400023,MADISON AV/E 56 ST,40.761612,-73.972856,BXM18 BxM18 M1 M2
404155,EAST HOUSTON ST/MOTT ST,40.724865,-73.994531,M21
403672,E 125 ST/3 AV,40.803485,-73.935437,M125 M35
300751,SARATOGA AV/LIVONIA AV,40.661247,-73.915462,B7
405133,HUDSON ST/W 13 ST,40.740728,-74.005262,L92 M14A+ M14A-SBS
300655,BAY PKWY/61 ST,40.615943,-73.979394,B6
100040,GRAND CONCOURSE/E 180 ST,40.853719,-73.902245,BX1 BX2 Bx1 Bx2
802185,W 168 ST/OGDEN AV,40.838452,-73.926092,BX18A Bx18A
401277,FREDERICK DOUGLASS BLVD/W 133 ST,40.815432,-73.94719,M10
308342,53 ST/1 AV,40.648691,-74.020762,B11
102041,EASTCHESTER RD/PELHAM PKWY,40.858021,-73.843296,BX31 Bx31
401333,CENTRAL PARK WEST/W 94 ST,40.790108,-73.965963,M10
100895,OGDEN AV/W 166 ST,40.835862,-73.927637,BX13 Bx13
103008,WEST KINGSBRIDGE RD/UNIVERSITY AV,40.868402,-73.901313,BX3 BX32 BX9 Bx3 Bx32 Bx9
300442,KINGS HWY/OCEAN PKWY,40.605439,-73.967361,B82
308844,NAVY YARD DR/4 ROW,40.699607,-73.970864,B67
308324,5 AV/72 ST,40.632002,-74.021519,B63
308674,GREEN ST/MANHATTAN AV,40.7337,-73.954622,B32 B62
302358,CADMAN PLAZA WEST/CLARK ST,40.696696,-73.991464,B25
303608,UTICA AV/CHURCH AV,40.651918,-73.930353,B46+ B46-SBS
403383,1 AV/E 91 ST,40.780248,-73.946809,M31 M86+ M86-SBS
102316,E 168 ST/3 AV,40.831265,-73.906228,BX35 Bx35
103528,WEST BURNSIDE AV/LORING PL SOUTH,40.854087,-73.915009,BX40 BX42 Bx40 Bx42
503424,JAMAICA AV/112 ST,40.697242,-73.836728,J90 Q56
300612,FLATLANDS AV/E 86 ST,40.638208,-73.909295,B6 B82
803169,FLATLANDS AV/ESSEX ST,40.658386,-73.873539,B84
305192,WYTHE AV/ROSS ST,40.702869,-73.964078,B62
403557,DELANCEY ST/FDR DR,40.715368,-73.976655,M14D+ M14D-SBS
403601,PEARL ST/BEEKMAN ST,40.708264,-74.003099,M15+ M15-SBS
303561,SAINT JOHNS PL/SCHENECTADY AV,40.67083,-73.934117,B45
303173,BROADWAY/LORIMER ST,40.704136,-73.948057,B46 T410 T433
101837,WATSON AV/CROES AV,40.827185,-73.870545,BX27 Bx27
104296,3 AV/E 157 ST,40.820753,-73.912551,BX21 Bx21
304657,FLUSHING AV/FRANKLIN AV,40.698681,-73.958458,B57
301037,DUMONT AV/MILFORD ST,40.669072,-73.876064,B15
300194,AVENUE U/W 5 ST,40.596597,-73.976079,B3
304705,FLUSHING AV/HUMBOLDT ST,40.70102,-73.940871,B57
100492,WILLIAMSBRIDGE RD/EASTCHESTER RD,40.844441,-73.846043,BX24 BX31 BX8 Bx24 Bx31 Bx8
301778,REMSEN AV/E 54 ST,40.658899,-73.926928,B17
981013,MADISON AV/E 24 ST,40.741804,-73.987231,BXM8 BxM8
308054,BERGEN ST/GRAND AV,40.67819,-73.962083,B65
103183,CROSBY AV/MIDDLETOWN RD,40.843547,-73.830407,BX8 Bx8
300284,NARROWS AV/77 ST,40.631834,-74.036377,B4
307516,FLATBUSH AV/AVENUE K,40.624869,-73.939404,B41
304716,FLUSHING AV/VANDERBILT AV,40.697898,-73.971277,B57 B69
100159,UNIVERSITY AV/WEST FORDHAM RD,40.862638,-73.904979,BX3 Bx3
302820,AVENUE Z/BEDFORD AV,40.589016,-73.944161,B36
503963,JACKSON AV/11 ST,40.743667,-73.950278,B62
350031,AVENUE K / E 29 ST,40.624355,-73.947643,BM1 BM4
301058,E 98 ST/LEGION ST,40.658955,-73.916079,B15
101861,EAST GUN HILL RD/TRYON AV,40.880021,-73.876415,BX28 BX38 Bx28 Bx38
101171,E 233 ST/DYRE AV,40.889262,-73.831731,BX16 Bx16
100769,E 170 ST/COLLEGE AV,40.837677,-73.910947,BX11 Bx11
100922,OGDEN AV/W 168 ST,40.838216,-73.926456,BX13 Bx13
304713,FLUSHING AV/KENT  AV,40.698454,-73.960557,B57
307182,E 80 ST/PAERDEGAT 15 ST,40.627792,-73.900455,B17
306887,PROSPECT PARK WEST/PROSPECT AV,40.658677,-73.981741,B61
102230,BAINBRIDGE AV/E 204 ST,40.873571,-73.87929,BX28 BX34 Bx28 Bx34
100323,BRUCKNER BLVD/ROBERTS AV,40.846613,-73.826719,BX24 BX5 Bx24 Bx5
402546,BROADWAY/SHERMAN AV,40.862909,-73.929874,BX7 Bx7 M100
301735,REMSEN AV/AVENUE M,40.633964,-73.898828,B17
402107,MADISON ST/CLINTON ST,40.712931,-73.98744,M22
307172,GLENWOOD RD/WILLIAMS AV,40.651199,-73.893143,B6
303988,BEDFORD AV/BEVERLEY RD,40.644482,-73.954788,B49
402858,3 AV/E 11 ST,40.730973,-73.988946,M101 M102 M103
101278,MACOMBS RD/INWOOD AV,40.84178,-73.917931,BX18B Bx18B
306765,WYTHE AV/KEAP ST,40.702632,-73.9628,B62
308759,GATEWAY PLAZA 2/BAY 2,40.652908,-73.876624,B13
100797,EAST FORDHAM RD/WALTON AV,40.862451,-73.900497,BX12+ Bx12-SBS
402006,E 116 ST/5 AV,40.800626,-73.946224,M102 M116
302287,METROPOLITAN AV/LORIMER ST,40.714084,-73.949721,B24
303370,NOSTRAND AV / QUENTIN RD,40.610149,-73.9436,B44 BM4
301690,57 ST/11 AV,40.633462,-74.001513,B16
103214,MORRIS AV/WALTON AV,40.846768,-73.910341,BX32 Bx32
306530,GATES AV/MARCUS GARVEY BLVD,40.687516,-73.939383,B52
103508,THROGS NECK EXPWY/HARDING AV,40.81727,-73.805973,BX8 Bx8
308689,DIVISION AV/WYTHE AV,40.706958,-73.967424,B67
303711,EMPIRE BLVD/BEDFORD AV,40.663504,-73.95684,B43
100465,RIVERDALE AV/W 260 ST,40.908712,-73.903544,BX10 BX7 Bx10 Bx7
305071,ROCKAWAY AV/NEWPORT ST,40.659091,-73.908093,B60
405005,BROADWAY/W 187 ST,40.854452,-73.933487,BX7 Bx7 M100
100626,WEST KINGSBRIDGE RD/HEATH AV,40.872591,-73.904832,BX9 Bx9
100267,WESTCHESTER AV/TINTON AV,40.818205,-73.904801,BX4 Bx4
102064,E 233 ST/BUSSING AV,40.892319,-73.853694,BX31 Bx31
303858,LORIMER ST/TEN EYCK ST,40.709397,-73.948674,B48
304442,MYRTLE AV/CLINTON AV,40.693176,-73.969247,B54
100424,E 163 ST/WESTCHESTER AV,40.820972,-73.898853,BX6 Bx6
401329,CENTRAL PARK WEST/W 102 ST,40.795276,-73.96219,M10
903375,E 125 ST/PARK AV,40.805129,-73.939387,M101
307547,GREENE AV/FULTON ST,40.685878,-73.97255,B52
100609,BROADWAY/W 260 ST,40.907378,-73.896631,BX9 BXM3 Bx9 BxM3
504121,GATES AV/ONDERDONK AV,40.704369,-73.907207,B13
104489,LONGWOOD AV/KELLY ST,40.817552,-73.898429,BX46 Bx46
308677,FRANKLIN ST/GREENPOINT AV,40.729638,-73.957616,B32
305069,ROCKAWAY AV/LIVONIA AV,40.662221,-73.908895,B60
403721,W 135 ST/5 AV,40.812561,-73.937318,BX33 Bx33
401442,AMSTERDAM AV/W 120 ST,40.809585,-73.958906,M11 M60+ M60-SBS
401715,1 AV/E 86 ST,40.777168,-73.94911,M15 M15+ M15-SBS
307791,CHURCH AV/NEW YORK AV,40.650909,-73.946217,B35
103299,WHITE PLAINS RD/BURKE AV,40.871603,-73.867289,BX39 BXM11 Bx39 BxM11 T117
303355,ROCKAWAY PKWY/SHORE PKWY SERVICE RD NORTH,40.631304,-73.88668,B42
302433,FULTON ST/JAY ST,40.691398,-73.987134,B25 B26 B38 B52
305394,ATLANTIC AV/HOYT ST,40.688014,-73.987376,B63
300867,AVENUE D/E 40 ST,40.641579,-73.939324,B8
104517,WEBSTER AV/E 180 ST,40.851452,-73.898563,BX41 Bx41
300297,BAY RIDGE PKWY/13 AV,40.620352,-74.007586,B4
305493,BATH AV/18 AV,40.604194,-74.006569,B64
102117,MORRIS AV/E 163 ST,40.827494,-73.917305,BX32 Bx32
982483,3 AV/STATE ST,40.685849,-73.980211,B103
306658,SURF AV/W 16 ST,40.5754,-73.982978,B36
504113,GATES AV/WOODWARD AV,40.705063,-73.906654,B13
303780,BROOKLYN AV/PARK PL,40.672803,-73.944729,B43
150017,BOSTON RD/HONE AV,40.869733,-73.857309,BX30 Bx30
401088,COLUMBUS AV/W 100 ST,40.795065,-73.966047,M11 M7
307489,7 AV SERVICE RD SOUTH/81 ST,40.622816,-74.021408,B16 B70
400453,SAINT NICHOLAS AV/W 181 ST,40.849015,-73.934086,M3
303730,THROOP AV/JEFFERSON AV,40.68459,-73.941192,B43
401037,W 106 ST/COLUMBUS AV,40.798989,-73.962527,M116 M7
305727,PROSPECT PARK SOUTHWEST/GREENWOOD AV,40.652993,-73.972686,B68
303196,RALPH AV/BERGEN ST,40.67425,-73.922145,B47
301124,E 98 ST/WINTHROP ST,40.662768,-73.920547,B15
301582,DUMONT AV/JUNIUS ST,40.665178,-73.902327,B14
305064,ROCKAWAY AV/PROSPECT PL,40.67226,-73.911359,B12 B60
901555,MCDONALD AV/CHURCH AV,40.642885,-73.979419,B90
102306,E 167 ST/SOUTHERN BLVD,40.826825,-73.892087,BX35 Bx35
401381,WEST BROADWAY/DUANE ST,40.716367,-74.008661,M20
306560,MCDONALD AV/GREENWOOD AV,40.649148,-73.98071,B67 B69
404856,E 110 ST/MADISON AV,40.796412,-73.948038,M2 M3 M4
302465,HALSEY ST/MARCY AV,40.682172,-73.946206,B26
303228,FLATBUSH AV/BROOKLYN AV,40.62675,-73.941089,B41
504180,SUMMERFIELD ST/CYPRESS AV,40.696845,-73.900467,B20
302370,FULTON ST/CARLTON AV,40.68478,-73.970798,B25 B26
305423,5 AV/9 ST,40.66891,-73.986637,B63
301673,CATON AV/E 3 ST,40.647563,-73.978551,B16
101187,WEBSTER AV/E 235 ST,40.897767,-73.862641,BX16 Bx16
100340,STORY AV/ROSEDALE AV,40.823152,-73.866918,BX5 Bx5
307383,AVENUE R/E 23 ST,40.606577,-73.949946,B2 B31
307308,EAST NEW YORK AV/E 98 ST,40.666065,-73.924923,B12
403149,BROADWAY/W 112 ST,40.805377,-73.966071,M104 M4
301543,SUTTER AV/WARWICK ST,40.670851,-73.884868,B14
403163,BROADWAY/W 84 ST,40.78682,-73.977979,M104
402157,W 23 ST/11 AV,40.748876,-74.006785,M23+ M23-SBS
303467,NOSTRAND AV/HAWTHORNE ST,40.657496,-73.950378,B44
401666,WATER ST/WALL ST,40.705287,-74.007109,M15 SIM35 SIM5
308017,STILLWELL AV/NEPTUNE AV,40.578275,-73.981718,B82
103192,LAYTON AV/CLARENCE AV,40.835353,-73.818769,BX8 BXM9 Bx8 BxM9
302891,3 AV/56 ST,40.644445,-74.01764,B37
350081,E 105 ST / AVENUE K,40.64435,-73.891292,B103 BM2
503884,STARR ST/WOODWARD AV,40.711616,-73.916457,B38
150063,GRAND CONCOURSE/E 170 ST,40.838411,-73.913692,BXM4 BxM4
305181,DRIGGS AV/N 7 ST,40.716878,-73.956671,B62
302609,GERRITSEN AV / WHITNEY AV,40.598398,-73.931141,B31 BM4
303720,KINGSTON AV/SAINT JOHNS PL,40.671515,-73.941932,B43
303937,ROGERS AV/AVENUE D,40.641107,-73.95136,B44+ B44-SBS B49
903079,SPRING ST/GREENWICH ST,40.725939,-74.008902,M21
102759,WHITE PLAINS RD/E 219 ST,40.883459,-73.862853,BX39 BXM11 Bx39 BxM11 T117
301413,CLARKSON AV/FLATBUSH AV,40.654903,-73.95957,B12
301062,E 98 ST/BLAKE AV,40.664147,-73.921865,B15 B47
101424,MORRIS PARK AV/SEMINOLE AV,40.851034,-73.848417,BX21 Bx21
104513,LONGWOOD AV/SOUTHERN BLVD,40.816459,-73.896301,BX46 Bx46
400018,MADISON AV/E 43 ST,40.753349,-73.978759,M1 M2 SIM23 SIM24
301063,RALPH AV/SUTTER AV,40.665687,-73.922321,B15
307033,OCEAN AV/SHORE PKWY,40.584217,-73.94842,B4
306822,14 AV/BENSON AV,40.611171,-74.013452,B64 X28 X38
308006,STANLEY AV/AUTUMN AV,40.6658,-73.865559,B13
301625,FORT HAMILTON PKWY/68 ST,40.629309,-74.01106,B16
308861,BAY PKWY/BATH AV,40.598548,-73.997253,B6
100195,UNIVERSITY AV/WEST TREMONT AV,40.850235,-73.916007,BX18B BX3 BX36 Bx18B Bx3 Bx36
802079,CROTONA AV/TREMONT AV,40.84551,-73.890987,BX17 Bx17
985008,S BROADWAY/VARK ST,40.928762,-73.896532,BXM3 BxM3
308963,FREEMAN ST/MCGUINNESS BLVD,40.734707,-73.952771,B32
308626,FRONT ST/YORK ST,40.702576,-73.99195,B25
550670,21 ST/41 AV,40.754293,-73.94197,B62 Q100 Q103 Q66 Q69
301080,LEWIS AV/HALSEY ST,40.683399,-73.935071,B15
301564,SUTTER AV/FOUNTAIN AV,40.672468,-73.874537,B14
402506,W 125 ST/5 AV,40.806542,-73.94244,M101 M125
400634,FORT WASHINGTON AV/W 187 ST,40.85507,-73.936723,M4 M98
100538,WILLIAMSBRIDGE RD/PELHAM PKWY SOUTH,40.856632,-73.856086,BX8 Bx8 T113
300056,BAY RIDGE AV/10 AV,40.62789,-74.010721,B64
303326,AVENUE N/SCHENECTADY AV,40.618725,-73.929357,B41
401401,10 AV/W 27 ST,40.750501,-74.002053,M11
302476,HALSEY ST/BROADWAY,40.685678,-73.915671,B26
102493,EAST TREMONT AV/ARTHUR AV,40.846014,-73.892549,BX36 Bx36
300819,18 AV/OCEAN PKWY,40.632858,-73.972514,B8
300218,AVENUE U/COLEMAN ST,40.608708,-73.924165,B3
405348,2 AV/E 115 ST,40.795919,-73.93877,M15+ M15-SBS
981014,MADISON AV/E 25 ST,40.741916,-73.987149,BXM9 BxM9
405320,ALLEN ST/GRAND ST,40.717171,-73.991222,M15+ M15-SBS
103907,WATERS PL/HUTCHINSON RIVER PKWY,40.843677,-73.839224,BX21 Bx21
305157,MANHATTAN AV/CALYER ST,40.728435,-73.95337,B43 B62
302741,CHURCH AV/RALPH AV,40.652583,-73.92128,B35
302773,39 ST/13 AV,40.640916,-73.986646,B35
303311,FLATBUSH AV/BEVERLY RD,40.644462,-73.958154,B41
300760,KINGS HWY/LINDEN BLVD,40.65399,-73.922466,B7
902121,SOUNDVIEW AV/CORNELL AV,40.807549,-73.852334,BX27 Bx27
103301,WHITE PLAINS RD/ARNOW AV,40.867984,-73.86736,BX39 Bx39
304022,SHORE BLVD/NEPTUNE AV,40.582669,-73.954239,B49
503454,67 AV/60 ST,40.704678,-73.900551,B13 B20
300084,BAY RIDGE AV/11 AV,40.626114,-74.008008,B64
303418,BEDFORD AV/DE KALB AV,40.691288,-73.95539,B44
308547,SAINT JOHNS PL/FRANKLIN AV,40.672296,-73.957155,B45
303404,NEW YORK AV/STERLING PL,40.672676,-73.947385,B44
308203,LINDEN BLVD/DREW ST,40.66987,-73.861434,B15
305531,BATH AV/BAY PKWY,40.598227,-73.997018,B64
301517,EASTERN PKWY/BUFFALO AV,40.668256,-73.925857,B14
306734,DUMONT AV/MOTHER GASTON BLVD,40.664763,-73.905402,B14
504119,GATES AV/WYCKOFF AV,40.70005,-73.911769,B13 M90 T410
101347,SOUTHERN BLVD/E 180 ST,40.846138,-73.884499,BX19 Bx19
103168,DEAN AV/LAYTON AV,40.835433,-73.817934,BX8 Bx8
450397,3 AV/E 78 ST,40.773677,-73.957621,BXM1 BxM1
102618,DEWEY AV/SWINTON AV,40.821023,-73.822818,BX42 Bx42
306582,49 ST/6 AV,40.64452,-74.007747,B11
401210,EAST BROADWAY/CATHERINE ST,40.71351,-73.997626,M22 M9
307963,WASHINGTON AV/SULLIVAN PL,40.664,-73.961029,B48
300658,BAY PKWY/67 ST,40.612491,-73.982982,B6
305015,S 4 ST/RODNEY ST,40.709333,-73.955764,B60
301944,LINDEN BLVD/ATKINS AV,40.665257,-73.875603,B20
308622,WILSON AV/BLEECKER ST,40.697066,-73.919485,B60
301613,86 ST/3 AV,40.62342,-74.031246,B16
103709,EDWARD L GRANT HWY/W 169 ST,40.838179,-73.922224,BX35 Bx35
307804,ROCKAWAY AV/EASTERN PKWY,40.673581,-73.911093,B60
304668,FLUSHING AV/EVERGREEN AV,40.702768,-73.933559,B57
308791,CADMAN PLAZA WEST/REMSEN ST,40.693227,-73.990599,B25 B26 B38 B41
402857,5 AV/W 14 ST,40.735713,-73.993952,M1 M2 M3 M55
301522,PITKIN AV/HERZL ST,40.668984,-73.915036,B12 B14
401988,W 116 ST/MALCOLM X BLVD,40.801755,-73.949213,M102 M116
302382,FULTON ST/BROOKLYN AV,40.680033,-73.944167,B25
101814,SOUNDVIEW AV/NEWMAN AV,40.808251,-73.85368,BX27 Bx27
104248,WALNUT AV/E 135 ST,40.800813,-73.910573,BX33 Bx33
402233,W 57 ST/9 AV,40.768068,-73.985902,M12 M31 M57
401696,1 AV/E 36 ST,40.745324,-73.972349,M15
350017,56 DR / E 63 ST,40.60786,-73.912909,B100 BM1
301141,NEW LOTS AV/VERMONT ST,40.66267,-73.891063,B15 B83
102439,E 180 ST/ARTHUR AV,40.849708,-73.89186,BX40 BX42 Bx40 Bx42
300268,AVENUE U/E 8 ST,40.59812,-73.963443,B3
307742,KINGS HWY/E 16 ST,40.609038,-73.957521,B7
301933,DE KALB AV/SOUTH PORTLAND AV,40.689752,-73.974946,B38
300542,GLENWOOD RD/E 32 ST,40.634075,-73.945488,B6
101029,3 AV/E 169 ST,40.833076,-73.904686,BX15 Bx15
102248,KATONAH AV/E 237 ST,40.898892,-73.867515,BX31 BX34 BXM4 Bx31 Bx34 BxM4
303378,NOSTRAND AV/AVENUE J,40.627115,-73.946852,B44
401023,AMSTERDAM AV/W 77 ST,40.782056,-73.978988,M11 M7
305481,HARWAY AV/BAY 41 ST,40.59212,-73.991369,B64
300165,AVENUE S/KIMBALL ST,40.611723,-73.928427,B2
404120,UNION SQ EAST/E 15 ST,40.73555,-73.989612,M1 M2 M3
308442,MYRTLE AV/SPENCER ST,40.694573,-73.95541,B54
401493,9 AV/W 50 ST,40.763294,-73.989235,M11
300853,REMSEN AV/AVENUE D,40.646308,-73.91291,B17
100573,EAST KINGSBRIDGE RD/MORRIS AV,40.867294,-73.896876,BX22 BX28 BX38 Bx22 Bx28 Bx38
302688,39 ST/12 AV,40.641698,-73.98821,B35
405285,11 AV/W 34 ST,40.755629,-74.002186,M12 M34+ M34-SBS
301501,EUCLID AV/LIBERTY AV,40.67758,-73.87253,B13
300035,86 ST/BAY PKWY,40.60188,-73.993637,B1
103618,EAST MOSHOLU PKWY NORTH/VAN CORTLANDT AV EAST,40.876084,-73.881447,BX10 BX16 Bx10 Bx16
101164,NEREID AV/MURDOCK AV,40.899847,-73.843035,BX16 Bx16
902062,HUNTS POINT AV/BRUCKNER BLVD,40.820353,-73.890936,BX6+ Bx6-SBS
104284,SAINT ANN'S AV/E 141 ST,40.80824,-73.91661,BX17 Bx17
308987,LIVINGSTON ST/SMITH ST,40.69042,-73.987635,B41
902253,E 149 ST/BERGEN AV,40.815424,-73.916065,BX4 Bx4
401288,FREDERICK DOUGLASS BLVD/W 158 ST,40.831209,-73.935693,M10
300833,AVENUE D/NOSTRAND AV,40.640867,-73.948675,B8
306782,AVENUE L/NEW YORK AV,40.622276,-73.94276,B9
401946,3 AV/E 99 ST,40.787906,-73.947273,M101 M102 M103
102566,EAST TREMONT AV/MORRIS PK AV,40.839715,-73.873484,BX36 Bx36
303971,BEDFORD AV/SAINT JOHNS PL,40.671542,-73.954859,B49
307943,NAVY ST/NASSAU ST,40.69791,-73.980641,B62
405668,W 129 ST/AMSTERDAM AV,40.814885,-73.954563,M104
300611,FLATLANDS AV/E 88 ST,40.639151,-73.907846,B6 B82
503991,48 ST/BROOKLYN-QUEENS EXPWY,40.735766,-73.918233,B24 Q39
306950,FLATLANDS AV/LOUISIANA AV,40.651136,-73.890168,B82 B82+ B82-SBS
302890,3 AV/58 ST,40.643303,-74.018763,B37
400279,ADAM C POWELL BLVD/W 135 ST,40.815277,-73.943909,M2
400353,MADISON AV/E 32 ST,40.746554,-73.983794,BXM11 BxM11 M4 Q32
305853,PROSPECT PARK WEST/12 ST,40.662596,-73.978633,B61
901342,SAINT NICHOLAS AV/W 192 ST,40.856299,-73.928658,M3
901774,PALMETTO ST/ST NICHOLAS ST,40.70052,-73.910062,B111
101148,NEREID AV/WHITE PLAINS RD,40.89844,-73.854552,BX16 Bx16
303969,BEDFORD AV/PROSPECT PL,40.674235,-73.953884,B49
301183,50 ST/20 AV,40.625063,-73.977236,B11
308066,UTICA AV/ATLANTIC AV,40.677732,-73.930213,B46
301156,LINDEN BLVD/CRESCENT ST,40.66853,-73.868039,B13 B15 B20
304203,GATES AV/RALPH AV,40.689263,-73.924414,B52
304974,ROCKAWAY AV/ATLANTIC AV,40.676713,-73.910804,B60
102153,JEROME AV/WEST TREMONT AV,40.851957,-73.909141,BX32 Bx32
102613,RANDALL AV/EAST TREMONT AV,40.826154,-73.821999,BX42 BXM9 Bx42 BxM9
103355,LAFAYETTE AV/WHITE PLAINS RD,40.822005,-73.857966,BX36 BX5 Bx36 Bx5
405537,YORK AV/E 87 ST,40.77642,-73.946694,M31 M86+ M86-SBS
350054,AVENUE M / CANARSIE RD,40.63485,-73.89684,B103 BM2
303434,NOSTRAND AV/VOORHIES AV,40.587608,-73.939283,B44
405057,LEXINGTON AV/E 119 ST,40.800189,-73.94052,M101 M103
303541,SAINT JOHNS PL/NOSTRAND AV,40.671593,-73.950469,B45
504218,GREENPOINT AV/39 PL,40.739142,-73.925812,B24
403126,BROADWAY/LA SALLE ST,40.813972,-73.959307,M104 M4
401686,1 AV/E 11 ST,40.729636,-73.983733,M15
305052,WILSON AV/SCHAEFFER ST,40.69001,-73.907026,B60
300977,AVENUE L/BEDFORD AV,40.621504,-73.951024,B9
102429,E 174 ST/BOONE AV,40.8361,-73.883783,BX11 Bx11
405432,10 AV/W 207 ST,40.864243,-73.919017,M100
300089,13 AV/BAY RIDGE PKWY,40.620062,-74.007784,B64
101018,WILLIS AV/E 146 ST,40.814404,-73.918954,M125
301075,TROY AV/DEAN ST,40.676447,-73.935889,B15
150119,SEDGWICK AV/WEBB AV,40.864102,-73.908907,BX12 BXM3 Bx12 BxM3
104088,BEDFORD PARK BLVD/PAUL AV,40.874569,-73.891797,BX25 BX26 Bx25 Bx26
307000,RALPH AV/SAINT MARKS AV,40.67338,-73.922229,B47
305110,ATLANTIC AV/HENRY ST,40.690701,-73.996401,B61 B63
305841,VANDERBILT AV/SAINT MARKS AV,40.67825,-73.968764,B69
303606,UTICA AV/TILDEN AV,40.648531,-73.92992,B46
301728,SEAVIEW AV/E 102 ST,40.636411,-73.88594,B17
308411,CROPSEY AV/CANAL AV,40.583358,-73.986269,B82 X28 X38
301723,MARINE AV/4 AV,40.614019,-74.032866,B16 X27 X37
308563,COLUMBIA ST/WARREN ST,40.688913,-74.000744,B61
101360,SOUTHERN BLVD/ALDUS ST,40.822869,-73.891817,BX19 BX5 Bx19 Bx5
400059,5 AV/E 135 ST,40.813125,-73.937224,M1
300909,18 AV/86 ST,40.607419,-74.002553,B8
308895,UTICA AV/WINTHROP ST,40.658114,-73.930983,B46
100112,GRAND CONCOURSE/MORRIS AV,40.846914,-73.909021,BX1 BX2 Bx1 Bx2
301282,AVENUE I/E 3 ST,40.626232,-73.974581,B11
300797,18 AV/85 ST,40.60771,-74.001974,B8
401707,1 AV/E 67 ST,40.76487,-73.958109,M15+ M15-SBS
901778,WEST BRIGHTON AV/OCEAN PKWY,40.576431,-73.968961,B102
350122,FILLMORE AV / E 55 ST,40.614896,-73.9214,B100
306165,RALPH AV/AVENUE B,40.64748,-73.920168,B47
901333,DIVISION AV/WYTHE AV,40.706945,-73.967485,B67
400414,SAINT NICHOLAS AV/W 163 ST,40.837027,-73.940079,M100
103181,CROSBY AV/WESTCHESTER AV,40.84686,-73.832201,BX8 BXM8 Bx8 BxM8
302279,KINGSLAND AV/HERBERT ST,40.72019,-73.940826,B24
300671,SHORE PKWY/BAY PKWY,40.595583,-74.000051,B6
300181,AVENUE R/OCEAN AV,40.60643,-73.952548,B2 B31
300338,AVENUE Z/E 19 ST,40.58836,-73.950134,B36 B4 B49
308644,87 ST/4 AV,40.621924,-74.028495,B1
101248,PROSPECT AV/E 169 ST,40.829276,-73.897739,BX17 Bx17
103712,PENNYFIELD AV/HARDING AV,40.817054,-73.809205,BX8 Bx8
400631,FORT WASHINGTON AV/W 181 ST,40.851202,-73.938078,M4 M98
103668,EASTCHESTER RD/E 222 ST,40.881748,-73.849019,BX31 Bx31
150059,EAST FORDHAM RD/HUGHES AV,40.858331,-73.884381,BX12 BX17 BX22 BX9 Bx12 Bx17 Bx22 Bx9
308055,MERMAID AV/W 15 ST,40.576856,-73.98303,B74
103350,SOUNDVIEW AV/LACOMBE AV,40.814972,-73.859456,BX27 Bx27
102447,EAST TREMONT AV/GRAND CONCOURSE EAST,40.8493,-73.905632,BX36 Bx36
306845,AVENUE B/REMSEN AV,40.649379,-73.916682,B8
302219,CORTELYOU RD / WESTMINSTER RD,40.639883,-73.967187,B103 BM1 BM2 BM3 BM4
301796,REMSEN AV/AVENUE N,40.631703,-73.896644,B17
103343,RANDALL AV/ROSEDALE AV,40.816626,-73.865265,BX27 Bx27
350075,BATCHELDER ST / VOORHIES AV,40.587834,-73.936689,BM3
305735,PROSPECT PARK SOUTHWEST/11 AV,40.658472,-73.974832,B68
100239,WESTCHESTER AV/SAINT PETERS AV,40.838694,-73.844549,BX4 Bx4
400092,5 AV/W 138 ST,40.815202,-73.93598,M1
306180,RUTLAND RD/E 98 ST,40.664652,-73.923456,B47
101182,NEREID AV/BRUNER AV,40.898445,-73.85003,BX16 Bx16
301136,NEW LOTS AV/VAN SINDEREN AV,40.658999,-73.899316,B15 T426
102575,EAST TREMONT AV/CASTLE HILL AV,40.842404,-73.853403,BX40 BX42 Bx40 Bx42
307248,FULTON ST/STUYVESANT AV,40.679483,-73.931747,B25
303692,UTICA AV/AVENUE D,40.641719,-73.929433,B46+ B46-SBS
101966,BOSTON RD/SEYMOUR AV,40.876247,-73.848442,BX30 Bx30
305617,COURT ST/KANE ST,40.685184,-73.99462,B57
306962,JAY ST/CONCORD ST,40.69757,-73.986978,B67
305511,86 ST/FORT HAMILTON PKWY,40.620153,-74.024181,B1
303828,LORIMER ST/FROST ST,40.717894,-73.949925,B48
404870,8 AV/W 42 ST,40.757537,-73.98947,M104 M20
403684,W 145 ST/SAINT NICHOLAS AV,40.82402,-73.944964,BX19 Bx19
303578,ATLANTIC AV/CARLTON AV,40.682669,-73.971196,B45
300741,SARATOGA AV/ATLANTIC AV,40.676301,-73.91655,B7
303096,DE KALB AV/VANDERBILT AV,40.689542,-73.96952,B38
350248,BATCHELDER ST/AVENUE Z,40.589704,-73.937058,BM3
307227,PROSPECT PARK WEST/18 ST,40.657546,-73.983053,B61
307026,UTICA AV/EASTERN PKWY,40.667945,-73.931297,B46 B46+ B46-SBS
100862,CITY ISLAND AV/PELL PL,40.842847,-73.784746,BX29 Bx29
307643,OCEAN AV/LINCOLN RD,40.660149,-73.962861,B16
307831,VANDERBILT AV/MYRTLE AV,40.692836,-73.969853,B69
404015,RIVERSIDE DR/W 144 ST,40.826652,-73.952228,M11
306851,COZINE AV/VERMONT ST,40.654946,-73.885256,B6
102938,3 AV/E FORDHAM RD,40.860945,-73.890313,BX15 Bx15
401248,CENTRAL PARK WEST/W 72 ST,40.776516,-73.975596,M10
302782,39 ST/4 AV,40.652898,-74.006512,B35
308479,STILLWELL TERMINAL/BUS LOOP,40.577015,-73.981308,B68
103009,V A HOSPITAL,40.867388,-73.905465,BX32 Bx32
400476,SAINT NICHOLAS AV/W 128 ST,40.812363,-73.951246,M3
904301,FULTON ST/CRESCENT ST,40.683569,-73.872328,J90
300516,BAY PKWY/W 12 ST,40.609801,-73.985496,B6
102796,WEBSTER AV/E 205 ST,40.872726,-73.87524,BX41 Bx41
306708,PITKIN AV/OSBORN ST,40.669956,-73.908477,B14
305031,JOHNSON AV/WHITE ST,40.707262,-73.93547,B60
307996,GOLD ST/TILLARY ST,40.696228,-73.983279,B57 B62
304993,WILSON AV/HIMROD ST,40.698319,-73.921428,B60
300254,AVENUE U/E 33 ST,40.60492,-73.930246,B3
302415,FULTON ST/NOSTRAND AV,40.680447,-73.949976,B25 B44
405450,11 AV/W 26 ST,40.750895,-74.005642,M12
401827,E 34 ST /2 AV,40.74478,-73.976027,BM5 M34+ M34-SBS M34A+ M34A-SBS
150114,SEDGWICK AV/BAILEY AV,40.865134,-73.908527,BXM3 BxM3
101217,PROSPECT AV/BOSTON RD,40.833425,-73.896262,BX17 Bx17
302775,39 ST/FORT HAMILTON PKWY,40.643422,-73.990793,B35
400360,MADISON AV/E 49 ST,40.757429,-73.975822,M3 M4
401312,FREDERICK DOUGLASS BLVD/W 140 ST,40.819419,-73.944553,M10
102375,E 180 ST/SOUTHERN BLVD,40.846004,-73.884698,BX40 BX42 Bx40 Bx42
306457,86 ST/STILLWELL AV,40.596732,-73.985361,B1
303030,LAFAYETTE AV/THROOP AV,40.690885,-73.942099,B38
102071,E 233 ST/BRONX BL,40.894413,-73.860927,BX31 Bx31
305034,MORGAN AV/HARRISON PL,40.706038,-73.931875,B60 L90
104562,WEBSTER AV/E 180 ST,40.851158,-73.898933,BX41+ Bx41-SBS
101324,SOUTHERN BLVD/ALDUS ST,40.823173,-73.891755,BX19 BX5 Bx19 Bx5
300434,KINGS HWY/W 11 ST,40.605566,-73.984352,B82
307208,CONEY ISLAND AV/KINGS HWY,40.607416,-73.96203,B68
301317,CLARKSON AV/E 38 ST,40.655828,-73.942022,B12
401226,8 AV/W 23 ST,40.745586,-73.998123,M20
403316,E 25 ST/PARK AV SOUTH,40.741564,-73.985493,M1 M2 M3
402336,YORK AV/E 76 ST,40.769679,-73.951606,M31
401764,2 AV/E 61 ST,40.761523,-73.963754,M15
307394,AVENUE I/OCEAN PKWY,40.626462,-73.971324,B11
304411,MYRTLE AV/WILSON AV,40.698464,-73.921086,B54
100765,CLAREMONT PKWY/WASHINGTON AV,40.839093,-73.90299,BX11 Bx11
308459,E 36 ST/AVENUE S,40.609924,-73.931471,B2
401497,9 AV/W 42 ST,40.758584,-73.992665,M11 M34A+ M34A-SBS
350130,FILLMORE AV / MARINE PKWY,40.608646,-73.937292,B100
308268,3 AV/89 ST,40.621144,-74.032088,B37
303902,WEST END AV/SHORE BLVD,40.58162,-73.953693,B49
300705,SARATOGA AV/LIVONIA AV,40.661891,-73.915519,B7
305934,8 AV/62 ST,40.634447,-74.010758,B70
303148,RALPH AV/GATES AV,40.689164,-73.923888,B47
401968,E 105 ST/1 AV,40.788901,-73.940313,M106
303359,ROCKAWAY PKWY/AVENUE L,40.638695,-73.894998,B42
400614,BROADWAY/W 147 ST,40.827916,-73.949145,M4 M5
307911,SMITH ST/DOUGLASS ST,40.683793,-73.992381,B57
100110,GRAND CONCOURSE/E 179 ST,40.851248,-73.904866,BX1 BX2 Bx1 Bx2
402214,E 57 ST/LEXINGTON AV,40.760727,-73.968725,M31 M57 SIM11 SIM22 SIM25 SIM26 SIM31 SIM6 SIM8
100020,GRAND CONCOURSE/E 144 ST,40.816812,-73.928001,BX1 Bx1
103490,UNIVERSITY AV/W 179 ST,40.854565,-73.911591,BX3 BX40 BX42 Bx3 Bx40 Bx42
104505,VIELE AV/WHITTIER ST,40.807251,-73.881867,BX46 Bx46
305706,CONEY ISLAND AV/KINGS HWY,40.607183,-73.961738,B68
302708,CHURCH AV/E 38 ST,40.651129,-73.941481,B35
102533,EAST TREMONT AV/CROTONA AV,40.845625,-73.891455,BX36 Bx36
901325,BROADWAY/ROEBLING ST,40.709168,-73.959974,B32 Q59
303863,LORIMER ST/MARCY AV,40.701574,-73.951854,B48
307538,55 ST/2 AV,40.646232,-74.019643,B11
150151,KATONAH AV/E 242 ST,40.902133,-73.86809,BXM4 BxM4
305077,ROCKAWAY AV/FOSTER AV,40.648665,-73.90545,B60
300630,GLENWOOD RD/ALBANY AV,40.634699,-73.937435,B6
301982,DECATUR ST/BUSHWICK AV,40.685421,-73.910751,B20 B60
103577,SPENCER DR/REED PL,40.842196,-73.819625,BX24 Bx24
300381,SHELL RD/BOUCK CT,40.588948,-73.974098,B4
307551,GREENE AV/GRAND AV,40.687089,-73.962078,B52
550685,21 ST/BROADWAY,40.765227,-73.931869,B62 Q100 Q69
103323,WHITE PLAINS RD/GUERLAIN ST,40.840327,-73.864015,BX36 BX39 Bx36 Bx39
307641,OCEAN AV/231 OCEAN AV,40.657322,-73.9622,B16
101175,BAYCHESTER AV/E 233 ST,40.888826,-73.841976,BX16 Bx16
303736,THROOP AV/HART ST,40.694096,-73.943077,B43
306502,RALPH AV/CHASE CT,40.642447,-73.919662,B47
350093,E 66 ST / MAYFAIR DR SOUTH,40.608084,-73.908413,B100 BM1
103925,EAST TREMONT AV/DEWEY AV,40.822559,-73.819181,BX40 BXM9 Bx40 BxM9
300895,18 AV/55 ST,40.624691,-73.984722,B8
405466,SAINT NICHOLAS AV/W 163 ST,40.837193,-73.940034,M3
307112,AVENUE M/CONEY ISLAND AV,40.617674,-73.963641,B9
101868,EAST GUN HILL RD/BRONXWOOD AV,40.875384,-73.860207,BX28 BX38 Bx28 Bx38
301840,WYCKOFF AV/GREENE AV,40.702309,-73.915924,B13
304432,MYRTLE AV/TOMPKINS AV,40.695718,-73.94679,B54
300155,E 36 ST/AVENUE S,40.609798,-73.931523,B2
308712,NOSTRAND AV/AVENUE D,40.640644,-73.948548,B44
403693,W 145 ST/SAINT NICHOLAS AV,40.82403,-73.944516,BX19 Bx19
306523,14 AV/41 ST,40.638371,-73.984946,B16
301710,86 ST/RIDGE BLVD,40.624278,-74.034136,B16
902215,E 163 ST/SOUTHERN BLVD,40.820955,-73.89174,BX6 Bx6
300553,AVENUE H/E 54 ST,40.633044,-73.924124,B6
308750,3 AV/97 ST,40.61552,-74.034401,B37
504226,GREENPOINT AV/BRADLEY AV,40.735642,-73.934714,B24
303690,UTICA AV/BEVERLY RD,40.646023,-73.929893,B46
350116,FILLMORE AV / E 37 ST,40.611833,-73.932676,B100
400121,5 AV/E 79 ST,40.776724,-73.963977,M1 M2 M3 M4
307784,4 AV/94 ST,40.616435,-74.03107,B63
308189,MANHATTAN AV/CLAY ST,40.736239,-73.95535,B43
404973,CHAMBERS ST/GREENWICH ST,40.716554,-74.011352,M20 M22
306787,GERRITSEN AV / AVENUE U,40.601942,-73.935092,B31 BM4
302917,3 AV/UNION ST,40.678593,-73.985157,B37
306345,AVENUE D/E 42 ST,40.641613,-73.936661,B8
303502,NOSTRAND AV/VOORHIES AV,40.586988,-73.93946,B44
308328,5 AV/47 ST,40.646969,-74.008263,B63
101423,MORRIS PARK AV/WILLIAMSBRIDGE RD,40.850155,-73.851471,BX21 BXM10 Bx21 BxM10
400469,SAINT NICHOLAS AV/W 145 ST,40.823764,-73.945033,M3
404355,MAIN RDWY/OPP CLARKE THOMAS,40.78641,-73.929197,M35
401701,1 AV/MITCHELL PL,40.753591,-73.966311,M15 M15+ M15-SBS
101699,ALLERTON AV/BARNES AV,40.865424,-73.863077,BX25 BX26 Bx25 Bx26
400471,SAINT NICHOLAS AV/W 141 ST,40.821042,-73.946307,M3
301419,CRESCENT ST/FLATLANDS AV,40.660961,-73.865857,B13
450011,6 AV/W 36 ST,40.751003,-73.98679,CPAS QM4
400419,SAINT NICHOLAS AV/W 173 ST,40.844406,-73.937188,M3
302832,NOSTRAND AV/AVENUE X,40.593865,-73.940669,B36 B44 B44+ B44-SBS
303447,NOSTRAND AV/LAFAYETTE AV,40.689536,-73.951479,B44 T403
308051,ADAMS ST/BROOKLYN SUPREME COURT,40.692839,-73.989175,B41
103779,E 229 ST/SCHIEFFELIN PL,40.884347,-73.842341,BX31 Bx31
401808,CENTRE ST/CHAMBERS ST,40.713272,-74.004029,M22
303022,LAFAYETTE AV/WASHINGTON AV,40.688199,-73.965384,B38 B93
303984,BEDFORD AV/LINDEN BLVD,40.651975,-73.956065,B49
901535,MCDONALD AV/DITMAS AV,40.635615,-73.978146,B90
308120,AVENUE Z/W 3 ST,40.585979,-73.971795,B4
304698,FLUSHING AV/KNICKERBOCKER AV,40.7048,-73.928649,B57
403114,BROADWAY/W 99 ST,40.796724,-73.970048,M104
402521,AMSTERDAM AV/W 145 ST,40.825615,-73.947231,M101
402682,3 AV/E 50 ST,40.755505,-73.970922,M101 M102 M103
404140,SAINT NICHOLAS AV/W 167 ST,40.839813,-73.939745,BX7 Bx7
101372,E 149 ST/BROOK AV,40.815166,-73.915301,BX19 BX4 Bx19 Bx4
303451,NOSTRAND AV/PUTNAM AV,40.683672,-73.950315,B44
300288,4 AV/77 ST,40.629658,-74.025431,B4
306620,E 80 ST/AVENUE M,40.62992,-73.905074,B17
307826,BERGEN ST/BROOKLYN AV,40.675869,-73.944859,B65
403696,W 145 ST/BROADWAY,40.826407,-73.950176,BX19 Bx19
101555,CASTLE HILL AV/CROSS BRONX EXPWY SERVICE RD NORTH,40.829964,-73.850634,BX22 Bx22
350062,AVENUE T / MILL AV,40.617055,-73.915929,B100
308979,EMMONS AV/E 16 ST,40.583289,-73.952374,B4 B49
301128,E 98 ST/CHURCH AV,40.656541,-73.913624,B15
100701,HENRY HUDSON PKWY WEST/W 237 ST,40.887849,-73.91192,BX10 BX20 Bx10 Bx20
402152,W 23 ST/6 AV,40.743101,-73.993064,M23+ M23-SBS
103206,TIERNEY PL/LONGSTREET AV,40.813801,-73.802361,BX8 Bx8
404849,W 179 ST/BROADWAY,40.848915,-73.936889,BX35 Bx35
300944,60 ST/BAY PKWY,40.616426,-73.978136,B9
402067,EAST HOUSTON ST/AV B,40.721692,-73.984158,M21 M9
303809,CLASSON AV/DE KALB AV,40.690651,-73.960277,B48
300198,AVENUE U/OCEAN PKWY,40.597723,-73.965874,B3
302460,PUTNAM AV/FRANKLIN AV,40.683214,-73.956265,B26
303189,RALPH AV/HALSEY ST,40.684967,-73.923193,B47
902250,WEST KINGSBRIDGE RD/JEROME AV,40.867546,-73.897626,BX95
100860,CITY ISLAND AV / ROCHELLE ST,40.839179,-73.783252,BX29 BXM8 Bx29 BxM8
403907,W 165 ST/AMSTERDAM AV,40.837871,-73.938159,M2
402118,CHAMBERS ST/BROADWAY,40.714164,-74.006143,M22
305741,CONEY ISLAND AV/CATON AV,40.64794,-73.971448,B68
300311,STILLWELL AV/25 AV,40.599338,-73.985866,B4
307712,BATH AV/14 AV,40.609343,-74.015069,B64
100607,RIVERDALE AV/W 263 ST,40.912363,-73.902699,BX10 BX7 Bx10 Bx7
404052,8 AV/W 41 ST,40.756182,-73.990405,M20
305451,5 AV/66 ST,40.635854,-74.020047,B63
303885,FRANKLIN AV/UNION ST,40.669498,-73.958445,B48
401890,W 81 ST/CENTRAL PARK WEST,40.782225,-73.971853,BXM2 BxM2 M79+ M79-SBS
103617,BAINBRIDGE AV/E 206 ST,40.875018,-73.879505,BX28 BX34 BX38 Bx28 Bx34 Bx38
302813,AVENUE Z/E 12 ST,40.58746,-73.958319,B36
350024,AVENUE H / E 39 ST,40.632211,-73.938335,B103 BM2
401465,AMSTERDAM AV/W 116 ST,40.806523,-73.961403,M11
401791,ALLEN ST/GRAND ST,40.717144,-73.991663,M15
902128,WEST FARMS RD/HOE AV,40.825367,-73.891278,BX4A Bx4A
300403,BAY RIDGE PKWY/12 AV,40.621574,-74.009499,B4
303825,LORIMER ST/DEVOE ST,40.713626,-73.949225,B48
401436,AMSTERDAM AV/W 109 ST,40.802566,-73.964024,M11
305361,5 AV/44 ST,40.648651,-74.006515,B63
400239,ADAM C POWELL BLVD/W 141 ST,40.819296,-73.940571,M2
303872,FRANKLIN AV/LAFAYETTE AV,40.689313,-73.957216,B48
303682,UTICA AV/MIDWOOD ST,40.661062,-73.9315,B46
306838,CHURCH AV/REMSEN AV,40.652955,-73.919557,B35 B8
802139,WHITE PLAINS RD/STORY AV,40.82439,-73.858732,BX39 Bx39
300874,FOSTER AV/ROGERS AV,40.638499,-73.95103,B8
308158,FLUSHING AV/ONDERDONK AV,40.711262,-73.920133,B57
403320,AVENUE A/EAST HOUSTON ST,40.722573,-73.985955,L92 M14A+ M14A-SBS
307333,LINDEN BLVD/HIP CENTER PARKING LOT,40.669742,-73.859355,B15
307691,GATES AV/KNICKERBOCKER AV,40.69704,-73.914567,B52
308422,5 AV/84 ST,40.622587,-74.025544,B63
402658,W 125 ST/ADAM C POWELL BLVD,40.8087,-73.947836,M101 M125
904253,LEFFERTS BLVD/AIRTRAIN STATION,40.66151,-73.824107,B15
304013,OCEAN AV/AVENUE X,40.592865,-73.950267,B49
405292,7 AV/W 49 ST,40.760601,-73.983615,M104
350053,AVENUE M / E 93 ST,40.635117,-73.896608,B103 BM2
303726,KINGSTON AV/FULTON ST,40.679823,-73.941153,B43
301677,37 ST/12 AV,40.642846,-73.987053,B16
401388,HUDSON ST/W 12 ST,40.73767,-74.005766,L92 M14A+ M14A-SBS
302682,39 ST/6 AV,40.649686,-74.001423,B35 B70
102357,WEST TREMONT AV/W 177 ST,40.850656,-73.912158,BX36 Bx36
301386,PACIFIC ST/EAST NEW YORK AV,40.675233,-73.904929,B12
103392,WESTCHESTER AV/HUGH GRANT CIR,40.832922,-73.861742,BX11 BX4 BX4A Bx11 Bx4 Bx4A Q44+ Q44-SBS
306264,JAY ST/CHAPEL ST,40.69735,-73.98706,B67
103044,SEDGWICK AV/W 176 ST,40.850535,-73.92191,BX18B Bx18B
307039,GOLD ST/SANDS ST,40.700329,-73.982855,B62 B67
902181,EAST KINGSBRIDGE RD/MORRIS AV,40.867242,-73.89673,BX9 Bx9
504225,GREENPOINT AV/GALE AV,40.736456,-73.932609,B24
303381,NOSTRAND AV/GLENWOOD RD,40.634315,-73.947718,B44
300356,EMMONS AV/E 28 ST,40.583934,-73.941083,B4
304006,OCEAN AV/QUENTIN RD,40.608469,-73.953263,B49
100506,BRONXWOOD AV/DUNCAN ST,40.873431,-73.861184,BX8 Bx8
401377,VARICK ST/CHARLTON ST,40.726861,-74.005711,M20
101446,MORRIS PARK AV/MELVILLE  ST,40.843213,-73.870911,BX21 Bx21
305431,5 AV/24 ST,40.659502,-73.995444,B63
305065,ROCKAWAY AV/PITKIN AV,40.669115,-73.910666,B60
307833,5 AV/5 ST,40.671355,-73.984596,B63
303191,RALPH AV/DECATUR ST,40.682395,-73.92268,B47
308438,BATH AV/BAY 20 ST,40.603065,-74.004839,B64
303658,BROADWAY/FLUSHING AV,40.700473,-73.941564,B46 T410 T433
308877,CHURCH AV/E 48 ST,40.651652,-73.932463,B35
305377,5 AV/11 ST,40.668191,-73.987012,B63
301507,EUCLID AV/DUMONT AV,40.669486,-73.870512,B13
104053,BROOK AV/PARK AV,40.827878,-73.91177,BX41 Bx41
306405,ROCKAWAY PKWY/SCHENCK ST,40.631428,-73.887285,B42
101498,WHITE PLAINS RD/RHINELANDER AV,40.847846,-73.866948,BX22 BX39 Bx22 Bx39
302716,CHURCH AV/E 52 ST,40.652173,-73.928071,B35
307049,STILLWELL AV/W 15 PL,40.586259,-73.983403,B64
308917,ATLANTIC AV/WAVERLY AV,40.681424,-73.965414,B45
100614,BROADWAY/W 251 ST,40.895971,-73.896866,BX9 BXM3 Bx9 BxM3
303888,SULLIVAN PL/WASHINGTON AV,40.664123,-73.960924,B48
301959,PENNSYLVANIA AV/HEGEMAN AV,40.660226,-73.891812,B20
300591,COZINE AV /JEROME ST,40.657677,-73.879349,B6 BM5
303474,NOSTRAND AV/TILDEN AV,40.64656,-73.949204,B44
302472,HALSEY ST/PATCHEN AV,40.684496,-73.925999,B26
901704,WYCKOFF AV/GATES AV,40.700002,-73.91186,L90
306954,PARK AV/RYERSON ST,40.695983,-73.965359,B62
304524,JAMAICA AV/GEORGIA AV,40.677162,-73.899167,B83 Q24 Q56 T430
404320,AMSTERDAM AV/W 89 ST,40.78949,-73.973569,M11 M7
402740,AMSTERDAM AV/W 171 ST,40.841978,-73.935267,M101
100189,UNIVERSITY AV/WEST FORDHAM RD,40.862861,-73.904923,BX3 Bx3
102416,WHITE PLAINS RD/STORY AV,40.824575,-73.858807,BX36 Bx36
103204,LOCUST POINT DR/GIEGERICH PL,40.816647,-73.800463,BX8 Bx8
402100,GRAND ST/FDR DR,40.713264,-73.977982,L92 M14A+ M14A-SBS M22
301003,60 ST/13 AV,40.629087,-73.998811,B9
301609,NARROWS AV/89 ST,40.623165,-74.039924,B16
301494,JAMAICA AV/HEMLOCK ST,40.689797,-73.872708,B13 J90 Q56 T340
402856,3 AV/E 17 ST,40.73487,-73.986103,M101 M102 M103
402112,MADISON ST/CATHERINE ST,40.712064,-73.997462,M15+ M15-SBS
301766,E 80 ST/PAERDEGAT 15 ST,40.627883,-73.900544,B17
300088,13 AV/73 ST,40.621231,-74.006574,B64
101014,WILLIS AV/E 138 ST,40.80893,-73.922855,M125
308562,COLUMBIA ST/KANE ST,40.687858,-74.001251,B61
301621,FORT HAMILTON PKWY/BAY RIDGE PKWY,40.625847,-74.016222,B16
301279,AVENUE I/E 9 ST,40.626961,-73.96797,B11
102637,PENNYFIELD AV/GLENNON PL,40.813444,-73.80686,BX40 Bx40
302767,CHURCH AV/E 5 ST,40.644332,-73.975965,B35
450092,MADISON AV/E 36 ST,40.748898,-73.982022,BXM8 BxM8
403702,W 155 ST/EDGECOMBE AV,40.830676,-73.940641,BX6 Bx6
301118,BUFFALO AV/PARK PL,40.671711,-73.925357,B15
305675,7 AV/3 ST,40.670287,-73.978868,B67 B69
104509,TIFFANY ST/OAK POINT AV,40.809551,-73.889931,BX46 Bx46
305835,VANDERBILT AV/LAFAYETTE AV,40.687502,-73.968799,B69
102395,WHITE PLAINS RD/GLEASON AV,40.830186,-73.861599,BX36 BX39 Bx36 Bx39
553049,27 AV/2 ST,40.77535,-73.935122,B62
308312,MARCUS GARVEY BLVD/BROADWAY,40.699574,-73.941444,B47
100657,JEROME AV/E 205 ST,40.876457,-73.888096,BX10 Bx10
104497,VIELE AV/FAILE ST,40.806734,-73.884605,BX46 Bx46
100542,WILLIAMSBRIDGE RD/PIERCE AV,40.84691,-73.849059,BX8 Bx8
400627,FORT WASHINGTON AV/W 173 ST,40.8457,-73.940298,M4
150053,EARHART LN/ERSKINE PL,40.861017,-73.822657,BX23 Bx23
102417,WHITE PLAINS RD/BRUCKNER BLVD,40.826578,-73.859753,BX36 BX39 Bx36 Bx39
100299,BRUCKNER BLVD/MIDDLETOWN RD,40.845754,-73.825391,BX24 BX5 Bx24 Bx5
402355,YORK AV/E 64 ST,40.761551,-73.957684,M31
302603,GERRITSEN AV / GOTHAM AV,40.591865,-73.923831,B31 BM4
308159,ORIENTAL BLVD/MACKENZIE ST,40.578036,-73.939948,B49
102051,EASTCHESTER RD/GIVAN AV,40.875057,-73.845176,BX31 Bx31
303783,BROOKLYN AV/UNION ST,40.668305,-73.945143,B43
308420,5 AV/77 ST,40.628283,-74.023049,B63
100149,UNIVERSITY AV/W 174 ST,40.846858,-73.92044,BX3 BX36 Bx3 Bx36
403808,EAST HOUSTON ST/COLUMBIA ST,40.719626,-73.978387,M14D+ M14D-SBS M21
301597,EASTERN PKWY/RALPH AV,40.668611,-73.923031,B14
904048,TREMONT AV/LANE AV,40.841077,-73.842848,BX31 Bx31
300264,AVENUE U/E 18 ST,40.599168,-73.953925,B3
303534,WASHINGTON AV/PROSPECT PL,40.676148,-73.963559,B45
101249,PROSPECT AV/HOME ST,40.827551,-73.898472,BX17 Bx17
102678,EAST TREMONT AV/CASTLE HILL AV,40.84253,-73.853124,BX40 BX42 Bx40 Bx42
306961,JAY ST/TILLARY ST,40.696456,-73.987037,B67
802189,W 170 ST/PLAZA DR,40.840375,-73.918194,BX11 Bx11
401338,CENTRAL PARK WEST/W 84 ST,40.78375,-73.970599,M10
103700,WILLIAMSBRIDGE RD/PELHAM PKWY,40.856857,-73.855948,BX8 Bx8 T113
504096,CYPRESS HILL ST/MOUNT NEBOH CEMETERY,40.695278,-73.885384,B13
300663,BAY PKWY/77 ST,40.606807,-73.988897,B6
302280,KINGSLAND AV/RICHARDSON ST,40.718889,-73.940607,B24
901058,SURF AV/W 37 ST,40.573237,-74.002018,B36
303949,ROGERS AV/LINCOLN RD,40.661641,-73.953554,B49
403676,E 125 ST/2 AV,40.803001,-73.934009,M125
305539,HARWAY AV/27 AV,40.589858,-73.987906,B64
303331,AVENUE N/E 58 ST,40.619385,-73.918758,B41
307923,SURF AV/W 21 ST,40.574494,-73.98813,B36 X28 X38
100630,WEST KINGSBRIDGE RD/JEROME AV,40.86743,-73.89767,BX22 BX9 Bx22 Bx9
300814,18 AV/50 ST,40.62793,-73.981252,B8
405464,W 97 ST/WEST END AV,40.795852,-73.972385,M106 M96
103069,WEBSTER AV/E 178 ST,40.849332,-73.899914,BX41 Bx41
306500,BEDFORD AV/PRESIDENT ST,40.668071,-73.956113,B49
400745,W 57 ST/BROADWAY,40.766518,-73.982248,M31 M57
301137,NEW LOTS AV/HINSDALE ST,40.659931,-73.897228,B15
308282,AVENUE Z/E 15 ST,40.587988,-73.953686,B36 B4 B49
302314,RODNEY ST/AINSLIE ST,40.713361,-73.953313,B24
307254,FULTON ST/BUFFALO AV,40.67894,-73.924108,B25
303388,NEW YORK AV/TILDEN AV,40.647319,-73.946205,B44
306070,9 ST/6 AV,40.667771,-73.983627,B61
300914,CROPSEY AV/16 AV,40.605445,-74.012677,B8 X28 X38
303338,FLATBUSH AV/QUENTIN RD,40.617782,-73.931724,B41 B9 Q35
300135,ORIENTAL BLVD/KENSINGTON ST,40.578066,-73.941234,B1 B49
104288,E 167 ST/SOUTHERN BLVD,40.82672,-73.891695,BX35 Bx35
300166,AVENUE S/E 38 ST,40.610791,-73.929858,B2
306348,EAST NEW YORK AV/RALPH AV,40.666989,-73.923112,B12 B47
305442,5 AV/48 ST,40.646033,-74.009466,B63
103099,WEST FARMS RD/HOE AV,40.825694,-73.891026,BX27 Bx27
300185,25 AV/BATH AV,40.594519,-73.990627,B3
301534,SUTTER AV/POWELL ST,40.668134,-73.903109,B14
300740,SARATOGA AV/FULTON ST,40.678683,-73.916364,B7
102163,MORRIS AV/E 169 ST,40.835026,-73.913127,BX32 Bx32
401069,MALCOLM X BLVD/W 135 ST,40.813711,-73.94132,BX92 M102 M7
102190,E 138 ST/BROOK AV,40.807333,-73.918901,BX33 Bx33 T102
306931,MYRTLE AV/SAINT EDWARDS ST,40.693356,-73.977372,B54
102010,BOSTON RD/BIVONA ST,40.884337,-73.833575,BX30 Bx30
300773,KINGS HWY/AVENUE I,40.630323,-73.932419,B7
308348,FLATBUSH AV/CHURCH AV,40.650948,-73.958772,B41
303725,KINGSTON AV/ATLANTIC AV,40.678363,-73.941284,B43
504394,FLUSHING AV/61 ST,40.721081,-73.904044,B57
300971,AVENUE L/FLATBUSH AV,40.622955,-73.937807,B9
903002,AVENUE C/E 20 ST,40.733004,-73.974597,M23+ M23-SBS
405431,10 AV/W 202 ST,40.861465,-73.921028,M100
101140,E 233 ST/NAPIER AV,40.895656,-73.874907,BX16 BX34 BXM4 Bx16 Bx34 BxM4
303833,NASSAU AV/MCGUINNESS BLVD,40.724462,-73.948409,B48
300585,WORTMAN AV/VERMONT ST,40.656348,-73.886291,B20
801129,FLATBUSH AV/OCEAN AV,40.662807,-73.962285,B116
903355,FDR DR/E 35 ST,40.743473,-73.971636,M34+ M34-SBS
985009,S BROADWAY/RADFORD ST,40.917289,-73.896847,BXM3 BxM3
308049,COLUMBIA ST/CONGRESS ST,40.68943,-74.000632,B61
405496,HELL GATE CIRCLE/CENTRAL RD,40.789991,-73.925782,M35
303718,KINGSTON AV/CARROLL ST,40.667013,-73.942347,B43
300253,AVENUE U/E 35 ST,40.605863,-73.928798,B3
403981,CENTRAL PARK WEST/W 69 ST,40.77451,-73.97707,M10 M72
303844,NASSAU AV/HAUSMAN ST,40.726183,-73.939109,B48
305362,5 AV/41 ST,40.650345,-74.004764,B63
301162,52 ST/2 AV,40.647742,-74.017809,B11
307239,FULTON ST/SACKMAN ST,40.678098,-73.906343,B25
301719,SHORE RD/97 ST,40.614978,-74.037686,B16 X27 X37
100870,CITY ISLAND RD/CITY ISLAND CIRCLE,40.860528,-73.801335,BX29 Bx29
104249,WALNUT AV/E 133 ST,40.799752,-73.911466,BX33 Bx33
504136,CYPRESS HILLS ST/BETH-EL CEMETERY,40.695435,-73.8857,B13
100867,CITY ISLAND AV/BEACH ST,40.852272,-73.78914,BX29 Bx29
302379,FULTON ST/BEDFORD AV,40.6805,-73.952805,B25
404220,BROADWAY/VESEY ST,40.711494,-74.008638,BXM18 BxM18 SIM2 SIM34
801031,MEEKER AV/STEWART AV,40.726636,-73.934326,B48
300075,BAY RIDGE AV/3 AV,40.635436,-74.02551,B64 B9
301957,PENNSYLVANIA AV/STANLEY AV,40.657304,-73.889508,B20
303421,BEDFORD AV/PARK AV,40.69668,-73.956472,B44
101419,MORRIS PARK AV/BARNES AV,40.845995,-73.862168,BX21 Bx21
100824,CITY ISLAND AV / FORDHAM ST,40.847047,-73.786662,BX29 BXM8 Bx29 BxM8
300372,NEPTUNE AV/BRIGHTON 6 ST,40.581281,-73.963246,B4
301053,HEGEMAN AV/THATFORD AV,40.65648,-73.906268,B15 B35
404280,W 34 ST/7 AV,40.751046,-73.990911,M34+ M34-SBS M34A+ M34A-SBS SIM23 SIM24
903278,AMSTERDAM AV/W 145 ST,40.825623,-73.947214,M100
306586,55 ST/4 AV,40.643968,-74.015884,B11
101294,UNDERCLIFF AV/W 174 ST,40.847579,-73.923251,BX18A Bx18A
302854,SURF AV/STILLWELL AV,40.575581,-73.981204,B102 B36
308380,SEAVIEW AV /ERSKINE ST,40.653144,-73.866629,B13 Q8
104599,3 AV/E 173 ST,40.841157,-73.898918,BX15 Bx15
400611,BROADWAY/W 141 ST,40.82408,-73.951948,M4 M5
504246,SENECA AV/BLEECKER ST,40.705231,-73.911671,B38
400275,ADAM C POWELL BLVD/W 145 ST,40.821387,-73.939471,M2
405083,SOUTH ST/WHITEHALL ST,40.701556,-74.012461,M15
303613,UTICA AV/RUTLAND RD,40.660919,-73.93124,B46
405329,1 AV/E 80 ST,40.77268,-73.952359,M15+ M15-SBS
104376,CEDAR AV/WEST TREMONT AV,40.853385,-73.919401,BX40 BX42 Bx40 Bx42
304959,ROCKAWAY AV/LINDEN BLVD,40.655243,-73.906976,B60
403142,BROADWAY/TIEMANN PL,40.815025,-73.959043,M104 M4
302914,3 AV/6 ST,40.673516,-73.989181,B37
104104,EAST TREMONT AV/THIERIOT AV,40.840632,-73.865995,BX36 Bx36
308582,WOODPOINT RD/CONSELYEA ST,40.715113,-73.942251,B24
306805,MESEROLE ST/GRAHAM AV,40.708068,-73.943826,B60
308699,KNAPP ST/SHORE PKWY,40.585012,-73.931329,B4 B44
302013,IRVING AV/COVERT ST,40.693459,-73.904755,B20
101244,CROTONA AV/E 175 ST,40.842492,-73.893908,BX17 Bx17
103688,CROSBY AV/BUHRE AV,40.846891,-73.832267,BX8 Bx8
300904,18 AV/BAY RIDGE PKWY,40.613159,-73.996315,B8
302499,HALSEY ST/SARATOGA AV,40.685498,-73.918137,B26
902251,3 AV/E TREMONT AV,40.846342,-73.896413,BX15 Bx15
103980,3 AV/148 ST,40.81561,-73.918311,BX41+ Bx41-SBS
103640,SOUTHERN BLVD/BOTANICAL GARDENS,40.861247,-73.880732,BX19 Bx19
306899,SHORE PKWY/BROWN ST,40.585697,-73.936898,B4 B44
403311,BROADWAY/WEST HOUSTON ST,40.725107,-73.997106,M1 M55 SIM1 SIM1C SIM33C SIM34 SIM3C SIM4C
100232,WESTCHESTER AV/PUGSLEY AV,40.833501,-73.857922,BX4 Bx4
300822,CONEY ISLAND AV/NEWKIRK AV,40.633378,-73.967229,B68 B8
100295,BRUCKNER BLVD/LOGAN AV,40.834136,-73.825631,BX5 Bx5
405436,10 AV/W 211 ST,40.86707,-73.917052,M100
301288,49 ST/16 AV,40.631241,-73.985751,B11
104099,SOUTHERN BLVD/AV SAINT JOHN,40.812932,-73.900976,BX19 Bx19
102298,E 169 ST/TIFFANY ST,40.82775,-73.894761,BX35 Bx35
101223,CROTONA AV/E 180 ST,40.847998,-73.888859,BX17 Bx17
306828,AVENUE L/E 28 ST,40.621799,-73.948315,B9
350129,FILLMORE AV / GERRITSEN AV,40.606811,-73.940416,B100
307526,MERMAID AV/W 31 ST,40.575193,-73.99712,B74
303546,SAINT JOHNS PL/TROY AV,40.670787,-73.936097,B45
101030,3 AV/ST PAULS PL,40.836219,-73.902564,BX15 Bx15
306175,CLARKSON AV/E 96 ST,40.660779,-73.920522,B47
400108,5 AV/E 108 ST,40.795513,-73.950319,M1 M2 M3 M4
307189,60 ST/21 AV,40.61829,-73.980945,B9
306848,WORTMAN AV/BARBEY ST,40.658496,-73.88144,B20
305443,5 AV/50 ST,40.644913,-74.010623,B63
308805,UTICA AV/EMPIRE BLVD,40.663921,-73.931457,B46
103092,3 AV/WASHINGTON AV,40.857137,-73.891208,BX15 Bx15
306184,CLARKSON AV/E 91 ST,40.65802,-73.925026,B47
404266,SUTTON PL/E 58 ST,40.757808,-73.96043,M31
308807,UTICA AV/FULTON ST,40.679159,-73.929075,B46
308924,EAST NEW YORK AV SOUTH/UTICA AV,40.662749,-73.9318,B17
100749,E 170 ST/CLAY AV,40.837093,-73.908229,BX11 Bx11
404011,W 135 ST/BROADWAY,40.82044,-73.955723,M11 M5
301151,DUMONT AV/MONTAUK AV,40.668896,-73.876313,B15
404988,CENTRAL PARK WEST/W 64 ST,40.771082,-73.979842,M10
301089,LEWIS AV/WILLOUGHBY AV,40.695499,-73.937468,B15
100294,BRUCKNER BLVD/EAST TREMONT AV,40.833016,-73.827889,BX5 BXM8 Bx5 BxM8 Q50
300207,AVENUE U/E 28 ST,40.600189,-73.943409,B3
802149,RIVER AV/E 157 ST,40.825928,-73.927088,BX13 Bx13
304990,WILSON AV/GATES AV,40.69558,-73.916609,B60
401051,MALCOLM X BLVD/W 127 ST,40.809382,-73.944138,M102 M7
300329,NEPTUNE AV/CONEY ISLAND AV,40.581974,-73.959499,B4
101779,JEROME AV/MORRIS AV,40.871238,-73.89348,BX28 BX38 Bx28 Bx38
303090,DE KALB AV/BEDFORD AV,40.690902,-73.955843,B38
400096,5 AV/W 130 ST,40.809347,-73.940208,M1
305037,WILSON AV/GEORGE ST,40.702839,-73.929606,B60
306381,GLENWOOD RD/E 58 ST,40.633673,-73.919944,B6
901566,EASTERN PKWY/NOSTRAND AV,40.669903,-73.950717,B96
304423,MYRTLE AV/DE KALB AV,40.698157,-73.925089,B54 M90 T410
303915,OCEAN AV/AVENUE V,40.597599,-73.950938,B102 B49
801197,kings hwy/e 35 st,40.620514,-73.940695,B82+ B82-SBS
404249,BROADWAY/W 207 ST BAY 1,40.867745,-73.921382,BX20 BXM1 Bx20 BxM1
404058,W 54 ST/11 AV,40.767925,-73.991859,M31
984019,DREISER LOOP / DEFOE PL,40.875982,-73.829467,BXM7 BxM7
304426,MYRTLE AV/CHARLES PL,40.697436,-73.931679,B54
301173,50 ST/FORT HAMILTON PKWY,40.637656,-73.998083,B11
103890,E 225 ST/SCHIEFFELIN AV,40.882674,-73.845744,BX31 Bx31
300963,AVENUE L/NOSTRAND AV,40.621976,-73.945523,B9
303028,LAFAYETTE AV/MARCY AV,40.690231,-73.947776,B38
303458,NOSTRAND AV/PROSPECT PL,40.674201,-73.950169,B44
100115,GRAND CONCOURSE/E 172 ST,40.840638,-73.913071,BX1 BX2 Bx1 Bx2
305770,CONEY ISLAND AV/NEPTUNE AV,40.582048,-73.960086,B68
401220,HUDSON ST/PERRY ST,40.735435,-74.005921,M20
300527,AVENUE J/CONEY ISLAND AV,40.624756,-73.964675,B11
308179,3 AV/46 ST,40.650093,-74.012343,B37
802125,BAY PLAZA BLVD/BARTOW AV,40.866821,-73.825051,BX25 BX38 Bx25 Bx38
308338,5 AV/60 ST,40.639269,-74.016488,B63
308569,NEW LOTS AV/WILLIAMS AV,40.660288,-73.896653,B15
405078,AMSTERDAM AV/W 135 ST,40.818605,-73.952522,M100 M101
305006,JOHNSON AV/HUMBOLDT ST,40.706768,-73.941757,B60
403122,BROADWAY/W 116 ST,40.807895,-73.963813,M104 M4 M60+ M60-SBS
306959,92 ST/FORT HAMILTON PKWY,40.616714,-74.027208,B70 B8 S53 S79+ S79-SBS S93
350119,FILLMORE AV / E 53 ST,40.614602,-73.923694,B100
403392,MANHATTAN AV/CATHEDRAL PKWY,40.800882,-73.95994,M116 M7
102138,JEROME AV/E 184 ST,40.860449,-73.902554,BX32 Bx32
308068,QUENTIN RD/CONEY ISLAND AV,40.607888,-73.961743,B7
307792,CHURCH AV/NOSTRAND AV,40.650764,-73.949277,B35
103317,WHITE PLAINS RD/OBRIEN AV,40.811814,-73.855764,BX39 Bx39
403472,AMSTERDAM AV/W 67 ST,40.775639,-73.98367,M11
308833,LINDEN BLVD SERVICE RD/FOUNTAIN AV,40.666622,-73.871567,B15
400917,6 AV/SPRING ST,40.72573,-74.00387,M21 M55 X27 X28
306116,VAN DYKE ST/RICHARDS ST,40.674669,-74.013151,B61
403326,E 105 ST/FDR  DR,40.788277,-73.93884,M106
982178,NATIONAL DR / MILL AV,40.606858,-73.915899,B100
903260,LENOX AV/W 145 ST,40.820331,-73.936156,BX92
101364,SOUTHERN BLVD/E 156 ST,40.81471,-73.898025,BX19 Bx19
300402,BAY RIDGE PKWY/13 AV,40.620249,-74.007285,B4
101971,BOSTON RD/BAYCHESTER AV,40.8811,-73.838877,BX30 Bx30 T113
301556,DREW ST/LINDEN BLVD,40.669972,-73.861121,B14
401318,FREDERICK DOUGLASS BLVD/W 125 ST,40.810365,-73.95116,M10
400235,ADAM C POWELL BLVD/W 131 ST,40.812958,-73.945197,M2
305939,7 AV SERVICE RD SOUTH/OVINGTON AV,40.630488,-74.017516,B70
101763,ALLERTON AV/LACONIA AV,40.865536,-73.856258,BX25 BX26 Bx25 Bx26
400618,BROADWAY/W 155 ST,40.832992,-73.945441,M4 M5
307408,BOERUM PL/JORALEMON ST,40.692022,-73.989228,B61 B65
300523,BAY PKWY/E 3 ST,40.622677,-73.973513,B6
102052,EASTCHESTER RD/BOSTON RD,40.876902,-73.846219,BX31 BXM10 Bx31 BxM10
405349,2 AV/E 124 ST,40.802238,-73.934072,M15
403397,WEST THAMES ST/SOUTH END AV,40.708407,-74.017093,M20 M9
305350,5 AV/66 ST,40.636271,-74.019391,B63
305126,VANDERBILT AV/PARK AV,40.695753,-73.970308,B69
300305,BAY RIDGE PKWY/21 AV,40.609334,-73.989308,B4
101179,NEREID AV/SETON AV,40.90041,-73.840943,BX16 Bx16
301676,12 AV/CHESTER AV,40.644382,-73.98475,B16
100985,WESTCHESTER AV/HUTCHINSON RIVER PKWY,40.843796,-73.836454,BX24 BX8 Bx24 Bx8 T103
305089,E 108 ST/STANLEY AV,40.653321,-73.897401,B60
301733,SEAVIEW AV/REMSEN AV,40.630548,-73.894945,B17
405609,RIVERS EDGE RD/MANHATTAN PSYCHAITRIC CENTER,40.790482,-73.928937,M35
401675,PIKE ST/DIVISION ST,40.714303,-73.992468,M15
305306,GRAHAM AV/GRAND ST,40.711306,-73.943936,B43
300880,FOSTER AV/MARLBOROUGH RD,40.634189,-73.962998,B8
404101,FRANKFORT ST/WILLIAM ST,40.711388,-74.004401,M22
402346,YORK AV/E 84 ST,40.774314,-73.948386,M31
302504,HALSEY ST/STUYVESANT AV,40.683822,-73.932639,B26
301883,WYCKOFF AV/GROVE ST,40.700553,-73.913041,B13
801209,FLUSHING AV/NORTH ELLIOT PL,40.698146,-73.977734,B69
308544,DEAN ST/WASHINGTON AV,40.679225,-73.963611,B65
300258,AVENUE U/BATCHELDER ST,40.600756,-73.939487,B3
306890,PROSPECT PARK WEST/PROSPECT AV,40.65857,-73.982065,B61
350044,AVENUE K /SCHENECTADY AV,40.625573,-73.930289,BM1
300323,AVENUE Z/OCEAN PKWY,40.586549,-73.966596,B4
300634,GLENWOOD RD/NEW YORK AV,40.634215,-73.945305,B6
405455,12 AV/W 27 ST,40.752215,-74.007578,M12
308940,JORALEMON ST/ADAMS ST,40.692522,-73.990078,B103
930049,KENT AV/N 12 ST,40.723203,-73.958439,B32
302812,AVENUE Z/CONEY ISLAND AV,40.587214,-73.960547,B36
104117,EAST TREMONT AV/DEVOE AV,40.840014,-73.877652,BX21 BX36 Bx21 Bx36
306544,14 AV/56 ST,40.629954,-73.993706,B16
301573,SUTTER AV/VAN SICLEN AV,40.670189,-73.890081,B14
306474,GRAHAM AV/SCHOLES ST,40.70911,-73.943414,B43
104055,LAFAYETTE AV/PUGSLEY AV,40.82238,-73.855288,BX5 Bx5
301716,SHORE RD/91 ST,40.621235,-74.040435,B16 X27 X37
100560,E 180 ST/CROTONA PKWY,40.845819,-73.883961,BX9 Bx9
300203,AVENUE U/E 18 ST,40.599121,-73.953147,B3
350097,E 66 ST / STRICKLAND AV,40.615714,-73.908986,B100 BM1
103359,BRONX STATE/BUS SHELTER,40.846211,-73.839829,BX21 Bx21
104228,PENNYFIELD AV/HARDING AV,40.816653,-73.808978,BX40 Bx40
301977,BROADWAY/ABERDEEN ST,40.681143,-73.907315,B20 Q24
300901,18 AV/68 ST,40.617117,-73.992331,B8
401782,2 AV/E 14 ST,40.732494,-73.984903,M15
307836,AVENUE U/OCEAN AV,40.599393,-73.95062,B3
104351,BAYCHESTER AV/STRANG AV,40.890282,-73.842587,BX16 Bx16
103493,W 168 ST/WOODYCREST AV,40.838291,-73.924093,BX18B Bx18B
303242,FLATBUSH AV/CLARKSON AV,40.655257,-73.959675,B41
300051,13 AV/73 ST,40.621657,-74.005904,B64
300858,BEVERLY RD/RALPH AV,40.64695,-73.920674,B8
308351,ORIENTAL BLVD/HASTINGS ST,40.577746,-73.943997,B1 B49
300151,AVENUE R/E 33 ST,40.611492,-73.937187,B2
306538,FORT HAMILTON PKWY/59 ST,40.633734,-74.004442,B16
101798,ROSEDALE AV/1055 ROSEDALE AV,40.826075,-73.868157,BX27 Bx27
404863,HARRISON ST/HUDSON ST,40.718596,-74.009167,M20
301779,REMSEN AV/E 56 ST,40.657845,-73.925751,B17
303324,FLATBUSH AV/AVENUE P,40.619195,-73.933306,B41 B9
401016,BROADWAY/W 61 ST,40.769517,-73.981883,M104 M5 M7
401092,COLUMBUS AV/W 89 ST,40.788158,-73.971085,M11 M7
802062,VALENTINE AV/FORDHAM RD,40.862502,-73.895797,BX34 Bx34
102083,LACONIA AV/E 225 ST,40.883983,-73.849586,BX31 Bx31
302774,39 ST/12 AV,40.642204,-73.988772,B35
305745,CONEY ISLAND AV/CORTELYOU RD,40.638695,-73.968764,B68
901117,JAY ST/WILLOUGHBY  ST,40.692265,-73.987377,B93
303769,TOMPKINS AV/LAFAYETTE AV,40.690258,-73.945352,B43
400811,BROADWAY/W 172 ST,40.843646,-73.939171,BX7 Bx7 M100 M5
100278,STORY AV/BOYNTON AV,40.821789,-73.876062,BX5 Bx5
101709,ALLERTON AV/EASTCHESTER RD,40.865122,-73.843544,BX25 BX26 Bx25 Bx26
350110,FILLMORE AV / COLEMAN ST,40.613795,-73.929331,B100
306709,MOTHER GASTON BLVD/PITKIN AV,40.669911,-73.907025,B14
302687,39 ST/FORT HAMILTON PKWY,40.642895,-73.990195,B35
306374,SCHAEFER ST/BUSHWICK AV,40.685538,-73.911964,B20
550450,WOODHAVEN BLVD/FOREST PARK DR,40.700646,-73.854863,BM5 Q11 QM15
402104,MADISON ST/JACKSON ST,40.713437,-73.982022,M22
402328,SUTTON PL/SUTTON SQ,40.75826,-73.959957,M31
305024,S 5 ST/MONTROSE AV,40.706737,-73.950846,B60
302374,FULTON ST/WASHINGTON AV,40.682882,-73.964338,B25 B26
101402,BOSTON RD/E 166 ST,40.827328,-73.904705,BX21 Bx21
300391,STILLWELL AV/KINGS HWY,40.605876,-73.98688,B4
102128,E 175 ST/WALTON AV,40.847219,-73.911049,BX32 Bx32
104078,CASTLE HILL AV/TURNBULL AV,40.823743,-73.849062,BX22 BX5 Bx22 Bx5
306520,14 AV/50 ST,40.63333,-73.990189,B16
308793,FLATBUSH AV/AVENUE T,40.611492,-73.92407,B2
300622,AVENUE H/E 54 ST,40.633133,-73.924816,B6
405060,CHURCH ST/VESEY ST,40.711917,-74.010139,BXM18 BxM18
301683,13 AV/47 ST,40.635948,-73.991266,B16
102388,E 174 ST/MANOR AV,40.833736,-73.877073,BX11 Bx11
307642,OCEAN AV/LINCOLN RD,40.660874,-73.962778,B116 B16
304940,DRIGGS AV/S 2 ST,40.712461,-73.960787,B62
307615,ROCKAWAY AV/LINDEN BLVD,40.65432,-73.906867,B60
303931,OCEAN AV/FARRAGUT RD,40.635178,-73.958047,B49
301046,NEW LOTS AV/SHEFFIELD AV,40.661259,-73.894529,B15
101928,EAST GUN HILL RD/GIVAN AV,40.872806,-73.851964,BX28 BX38 Bx28 Bx38
300407,BAY RIDGE PKWY/7 AV,40.626579,-74.017763,B4 B70
103658,ORCHARD BEACH CIRCLE/CITY ISLAND RD,40.860859,-73.802744,BX12 Bx12
303820,LORIMER ST/MESEROLE ST,40.707902,-73.948281,B48
150034,BRONX RIVER PKWY/BRONX ZOO ENTRANCE,40.854262,-73.870764,BXM11 BxM11
103469,PENNYFIELD AV/FORT SCHUYLER,40.809077,-73.801898,BX40 Bx40
305076,ROCKAWAY AV/AVENUE D,40.651111,-73.906074,B60
985003,S BROADWAY/PARK HILL AV,40.929116,-73.896427,BXM3 BxM3
401262,CENTRAL PARK WEST/W 102 ST,40.79575,-73.961561,M10
305710,CONEY ISLAND AV/CHESTNUT AV,40.617183,-73.963661,B68
103929,EAST TREMONT AV/E 177 ST,40.839857,-73.878605,BX9 Bx9
403896,W 14 ST/7 AV,40.738798,-74.000047,L92 M14A+ M14A-SBS M14D+ M14D-SBS
100179,FORT INDEPENDENCE ST/BAILEY PL,40.881015,-73.8992,BX3 Bx3
303957,ROGERS AV/PARK PL,40.673886,-73.952828,B49
300618,FLATLANDS AV/RALPH AV,40.632236,-73.918456,B82 B82+ B82-SBS
300496,CROPSEY AV/23 AV,40.595889,-73.997256,B82 X28 X38
300030,86 ST/AVENUE U,40.595739,-73.983411,B1 B4
301400,SCHENECTADY AV/LEFFERTS AV,40.662996,-73.934597,B12
100513,BRONXWOOD AV/E 222 ST,40.88415,-73.855599,BX8 Bx8
103117,WEBSTER AV/E 184 ST,40.856627,-73.895271,BX41 Bx41
902196,MACOMBS RD/W 174 ST,40.847141,-73.916292,BX18A Bx18A
301790,REMSEN AV/GLENWOOD RD,40.641418,-73.907461,B17
402865,BOWERY/KENMARE ST,40.720035,-73.994296,M103
305477,HARWAY AV/28 AV,40.589018,-73.986243,B64
103964,BAILEY AV/W 233 ST,40.879675,-73.901163,BX10 Bx10
301841,WYCKOFF AV/HIMROD ST,40.703119,-73.917182,B13
100956,COUNTRY CLUB RD/KEARNEY AV,40.842489,-73.824756,BX24 Bx24
308564,COLUMBIA ST/BALTIC ST,40.688292,-74.001193,B61
308822,KINGS HWY/FRASER SQ,40.620224,-73.94142,B7
308396,KENT AV/S 6 ST,40.71216,-73.967883,B32 Q59
101409,BOSTON RD/SOUTHERN BLVD,40.837001,-73.8883,BX11 BX21 Bx11 Bx21
303688,UTICA AV/SNYDER AV,40.649786,-73.930293,B46
403338,ADAM C POWELL BLVD/W 151 ST,40.825612,-73.935955,M2
307550,GREENE AV/WASHINGTON AV,40.686738,-73.965107,B52
102624,HARDING AV/BALCOM AV,40.814773,-73.821952,BX42 Bx42
304002,OCEAN AV/AVENUE M,40.618239,-73.955115,B49 T464
300579,GLENWOOD RD/E 105 ST,40.649199,-73.89599,B6 B60
404153,7 AV/W 42 ST,40.755694,-73.987208,M104
306928,MYRTLE AV/ADELPHI ST,40.693133,-73.971425,B54
103590,ORCHARD BEACH CIRCLE/CITY ISLAND RD,40.85994,-73.802831,BX29 Bx29
302257,GREENPOINT AV/JEWEL ST,40.730684,-73.948354,B24
100164,WEST KINGSBRIDGE RD/SEDGWICK AV,40.869541,-73.903603,BX3 BX9 Bx3 Bx9
300552,AVENUE H/E 52 ST,40.632928,-73.92598,B6
404825,FREDERICK DOUGLASS BLVD/W 148 ST,40.824928,-73.940255,M10
103904,WEBSTER AV/E 233 ST,40.895673,-73.863253,BX16 Bx16
404134,CENTRAL PARK WEST/W 79 ST,40.781149,-73.972233,M10
302971,3 AV/29 ST,40.659285,-74.002776,B37
301313,CLARKSON AV/ROGERS AV,40.655183,-73.953068,B12
802141,WHITE PLAINS RD/STORY AV,40.824106,-73.858845,BX39 Bx39
403987,11 AV/W 57 ST,40.770024,-73.991693,M12
400398,SAINT NICHOLAS AV/W 127 ST,40.812206,-73.951155,M3
984021,KATONAH AV/E 242 ST,40.902192,-73.868113,BXM4 BxM4
100502,WILLIAMSBRIDGE RD/BOSTON RD,40.867063,-73.860948,BX8 Bx8
300292,BAY RIDGE PKWY/7 AV,40.627089,-74.018766,B4
302791,W 33 ST/NEPTUNE AV,40.577395,-74.000262,B36 B74
306203,RALPH AV/AVENUE N,40.61922,-73.917339,B47
303866,WALLABOUT ST/WYTHE AV,40.699466,-73.958892,B48
101545,WHITE PLAINS RD/RHINELANDER AV,40.847182,-73.866894,BX22 BX39 Bx22 Bx39
904416,JAMAICA AV/WOODHAVEN BLVD WEST,40.693484,-73.852803,J90
303041,DE KALB AV/KNICKERBOCKER AV,40.701317,-73.922088,B38
400860,BROADWAY/W 61 ST,40.76947,-73.982326,M10 M104 M20 M5 M7
307259,FULTON ST/THOMAS S BOYLAND ST,40.678336,-73.913138,B25
402681,3 AV/E 47 ST,40.754234,-73.97185,M101 M102 M103
300825,FOSTER AV/E 16 ST,40.634403,-73.962252,B8
104492,LONGWOOD AV/TRUXTON ST,40.813378,-73.891361,BX46 Bx46
308109,VAN BRUNT ST/HAMILTON AV,40.682847,-74.006385,B61
401626,AVENUE D/E 5 ST,40.722118,-73.977073,M14D+ M14D-SBS
301652,CATON AV/E 4 ST,40.647601,-73.976886,B16
102428,E 174 ST/BRONX RIVER AV,40.834405,-73.879023,BX11 Bx11
303975,BEDFORD AV/MONTGOMERY ST,40.665411,-73.957073,B49
300113,AVENUE X/W 1 ST,40.590412,-73.970811,B1
903007,MARGINAL ST/E 34 ST,40.743343,-73.971727,M34+ M34-SBS
404337,MALCOLM X BLVD/W 129 ST,40.810005,-73.944029,M102 M7
100499,WILLIAMSBRIDGE RD/ASTOR AV,40.859582,-73.857225,BX8 Bx8
400157,BROADWAY/SPRING ST,40.722843,-73.999066,M1 M55
401372,7 AV SOUTH/W 10 ST,40.73411,-74.002648,M20
103072,WEBSTER AV/E 182 ST,40.855011,-73.896447,BX41 Bx41
306034,SMITH ST/BERGEN ST,40.686974,-73.990228,B57 B65
504240,STANHOPE ST/ONDERDONK AV,40.707886,-73.913159,B38
405336,2 AV/E 28 ST,40.741114,-73.978641,M15 M34+ M34-SBS M34A+ M34A-SBS M9
103420,HUNTS POINT AV/E 163 ST,40.820942,-73.891511,BX6 BX6+ Bx6 Bx6-SBS
402125,W 23 ST/9 AV,40.746244,-74.000956,M23+ M23-SBS
305055,COOPER ST/EVERGREEN AV,40.686194,-73.908981,B60
101074,E 138 ST/3 AV,40.810945,-73.926956,BX33 Bx33 M125 T102
401867,W 81 ST/COLUMBUS AV,40.783126,-73.974335,BXM2 BxM2 M79+ M79-SBS
303271,VETERANS AV/E 65 ST,40.619753,-73.915142,B41
102640,TIERNEY PL/LONGSTREET AV,40.813727,-73.802571,BX8 Bx8
305765,CONEY ISLAND AV/AVENUE W,40.593431,-73.960961,B68
300282,25 AV/BATH AV,40.594115,-73.991268,B3
350168,SHORE PKWY/BATCHELDER ST,40.586626,-73.936179,BM3
303787,EMPIRE BLVD/NEW YORK AV,40.664137,-73.948647,B43
308014,BATH AV/25 AV,40.594354,-73.991106,B64
702304,ROCKAWAY PKWY/RUTLAND RD,40.664659,-73.923819,B99
305090,STANLEY AV/WILLIAMS AV,40.654349,-73.895429,B60
401466,AMSTERDAM AV/W 114 ST,40.805286,-73.962307,M11
100897,OGDEN AV/W 168 ST,40.838786,-73.925935,BX13 Bx13
305341,5 AV/86 ST,40.621753,-74.0259,B63
405269,BOWERY/HESTER ST,40.717343,-73.9953,M103
302511,HALSEY ST/BEDFORD AV,40.68145,-73.953374,B26
402556,BROADWAY/W 218 ST,40.871039,-73.914232,BX20 BX7 Bx20 Bx7
100460,HENRY HUDSON PKWY EAST /W 250 ST,40.897735,-73.907574,BX10 BX7 Bx10 Bx7
303594,UTICA AV/AVENUE L,40.623923,-73.92729,B46
802168,PARKING RAMP/ACCESS RD,40.86545,-73.82781,BX5 Bx5
305630,7 AV/9 ST,40.667271,-73.981178,B67 B69
305369,5 AV/26 ST,40.65878,-73.995981,B63
301801,SEAVIEW AV/ROCKAWAY PKWY,40.634007,-73.889096,B17
303591,UTICA AV/AVENUE O,40.616498,-73.926509,B46
304019,SHEEPSHEAD BAY RD/SHORE PKWY,40.5844,-73.950979,B4 B49
303081,DE KALB AV/MALCOLM X BLVD,40.693691,-73.931604,B38
303138,RALPH AV/DEAN ST,40.675658,-73.92188,B47
302867,SURF AV/W 33 ST,40.572959,-73.99964,B36
301292,49 ST/NEW UTRECHT AV,40.636566,-73.994628,B11
307851,MYRTLE AV/HARMAN ST,40.698634,-73.920534,B54
302018,SCHAEFER ST/BROADWAY,40.68449,-73.91299,B20
300173,AVENUE R/BURNETT ST,40.609328,-73.940801,B2
405416,W 125 ST/SAINT NICHOLAS AV,40.810371,-73.951805,M101 M125
405583,11 AV/W 47 ST,40.76407,-73.996014,M12
104084,MORRIS PARK AV/ADAMS ST,40.841829,-73.872012,BX21 Bx21
104222,3 AV/E 188 ST,40.858468,-73.891007,BX15 Bx15
404976,CHAMBERS ST/WEST BROADWAY,40.715377,-74.009105,M22
503993,GREENPOINT AV/44 ST,40.741502,-73.9208,B24
301605,SHORE RD/97 ST,40.615508,-74.037701,B16 X27 X37
101756,ALLERTON AV/WESTERVELT AV,40.865177,-73.839927,BX25 BX26 Bx25 Bx26
303816,LORIMER ST/MARCY AV,40.701668,-73.951517,B48
303137,RALPH AV/BERGEN ST,40.674442,-73.921994,B47
300637,GLENWOOD RD/AMERSFORT PL,40.633685,-73.951228,B11 B6
303814,WALLABOUT ST/FRANKLIN AV,40.699335,-73.959139,B48
405342,2 AV/E 33 ST,40.744211,-73.97635,M15+ M15-SBS
306193,RALPH AV/CLARENDON RD,40.645217,-73.920045,B47
400131,5 AV/W 53 ST,40.760256,-73.97605,M1 M2 M3
304396,MYRTLE AV/FRANKLIN AV,40.694347,-73.957595,B54
308178,FORT HAMILTON PKWY/90 ST,40.618061,-74.026637,B70
405046,6 AV/W 53 ST,40.761864,-73.978892,BXM2 BxM2
303849,NASSAU AV/ECKFORD ST,40.724306,-73.949237,B48
101262,E 135 ST/CYPRESS AV,40.803722,-73.915621,BX17 Bx17
303384,NEW YORK AV/FOSTER AV,40.63915,-73.945318,B44
307244,FULTON ST/HOWARD AV,40.678832,-73.919522,B25
402029,EAST HOUSTON ST/BOWERY,40.72391,-73.992387,M21
304091,FLATLANDS AV/E 108 ST,40.648698,-73.893083,B60 B82
503389,JAMAICA AV/104 ST,40.695131,-73.842962,J90 Q56 T340
401341,CENTRAL PARK WEST/W 77 ST,40.779398,-73.973786,M10
102672,EAST TREMONT AV/HUTCHINSON RIVER PKWY,40.840755,-73.838667,BX42 Bx42
903255,EAST TREMONT AV/BOSTON RD,40.840225,-73.879921,BX36 Bx36
303799,CLASSON AV/STERLING PL,40.674273,-73.960222,B48
400288,ADAM C POWELL BLVD/W 114 ST,40.801714,-73.953836,M2
401030,AMSTERDAM AV/W 93 ST,40.792344,-73.97148,M11 M7
300701,LENOX RD/E 95 ST,40.658558,-73.919642,B7
306018,9 ST/8 AV,40.665997,-73.979533,B61
303549,SAINT JOHNS PL/ROCHESTER AV,40.670332,-73.927727,B45
100798,EAST FORDHAM RD/GRAND CONCOURSE,40.862394,-73.897565,BX12 Bx12
307683,GATES AV/MALCOLM X BLVD,40.688553,-73.92974,B52
303227,FLATBUSH AV/AVENUE K,40.62544,-73.939696,B41
403698,W 155 ST/AMSTERDAM AV,40.831216,-73.942299,BX6 BX6+ Bx6 Bx6-SBS
100529,BRONXWOOD AV/BARTHOLDI ST,40.873343,-73.861452,BX8 Bx8
405372,GRAND ST/FDR DRIVE,40.713614,-73.978664,M21
300769,KINGS HWY/GLENWOOD RD,40.635362,-73.927397,B7
102016,BOSTON RD/SEYMOUR AV,40.876089,-73.8496,BX30 Bx30
304955,ROCKAWAY PY/FARRAGUT RD,40.646906,-73.904238,B60
305061,ROCKAWAY AV/ATLANTIC AV,40.675946,-73.911023,B60
300096,86 ST/15 AV,40.611114,-74.00922,B1
103435,E 170 ST/MORRIS AV,40.837634,-73.91098,BX11 Bx11
307540,ATLANTIC AV/4 AV,40.684576,-73.978665,B63
303981,BEDFORD AV/PARKSIDE AV,40.655541,-73.956442,B49
401937,W 96 ST/CENTRAL PARK WEST,40.791667,-73.964944,M106 M96
305156,MANHATTAN AV/MESEROLE AV,40.727417,-73.95279,B43 B62
300079,BAY RIDGE AV/7 AV,40.631622,-74.017124,B64
404017,RIVERSIDE DR/W 142 ST,40.825383,-73.953985,M11
307513,FORT HAMILTON PKWY/7 AV,40.624523,-74.018509,B16
104344,WEST FORDHAM RD/ SEDGWICK AV,40.862457,-73.909277,BX12+ Bx12-SBS
901552,MCDONALD AV/AVENUE I,40.625903,-73.976203,B90
400267,EDGECOMBE AV/W 155 ST,40.830618,-73.940438,M2
401044,W 116 ST/FREDERICK DOUGLASS BLVD,40.804229,-73.955203,M116 M7
403562,W 57 ST/8 AV,40.766592,-73.982719,M31 M57
305804,VANDERBILT AV/PROSPECT PL,40.67794,-73.968642,B69
307896,STANLEY AV/ELDERT LN,40.666252,-73.862215,B13 B14 B20
304052,FLATLANDS AV/E 53 ST,40.628107,-73.924526,B82
306110,LORRAINE ST/HENRY ST,40.673821,-74.004756,B57 B61
301407,CLARKSON AV/ALBANY AV,40.65611,-73.940053,B12
100236,WESTCHESTER AV/SAINT PETERS AV,40.83843,-73.844688,BX4 Bx4
401935,W 96 ST/AMSTERDAM AV,40.793798,-73.970006,M106 M96
303078,DE KALB AV/EVERGREEN AV,40.695949,-73.927522,B38
301034,FOUNTAIN AV /LINDEN BLVD,40.667135,-73.872062,B15 Q8
302901,3 AV/34 ST,40.656705,-74.00484,B37
503743,GRAND AV/64 ST,40.722723,-73.901821,B57
307954,E 98 ST/CHURCH AV,40.65608,-73.913135,B8
102045,EASTCHESTER RD/ALLERTON AV,40.865561,-73.843228,BX31 Bx31
400452,SAINT NICHOLAS AV/W 184 ST,40.85079,-73.932783,M3
300413,78 ST/3 AV,40.629297,-74.028504,B4
503962,11 ST/JACKSON AV,40.743291,-73.951316,B32
305715,CONEY ISLAND AV/AVENUE H,40.629935,-73.966016,B68
404245,FREDERICK DOUGLASS BLVD/W 119 ST,40.80609,-73.954262,M10
303270,VETERANS AV /E 66 ST,40.619914,-73.913146,B41 BM1
400856,BROADWAY/W 68 ST,40.775414,-73.982417,M104 M5
302870,SHORE RD/3 AV,40.612508,-74.035931,B37
504231,SENECA AV/STOCKHOLM ST,40.706949,-73.914821,B38
300876,FOSTER AV/BEDFORD AV,40.638172,-73.954775,B49 B8
103294,METROPOLITAN AV/UNIONPORT RD,40.838573,-73.860701,BX4A BXM6 Bx4A BxM6
301103,MARCUS GARVEY BLVD/MADISON ST,40.685756,-73.938671,B15
101337,SOUTHERN BLVD/E 180 ST,40.845823,-73.884446,BX19 Bx19
300842,AVENUE D/UTICA AV,40.642092,-73.92891,B8
503908,STANHOPE ST/GRANDVIEW AV,40.710851,-73.910275,B38
104076,WEBSTER AV/E 194 ST,40.863204,-73.889418,BX41 Bx41
306731,LYNCH ST/BEDFORD AV,40.69985,-73.957347,B48
405056,NORTH END AV/WARREN ST,40.717072,-74.014087,M20 M22
300111,86 ST/AVENUE W,40.591702,-73.977019,B1 B4
307623,CONEY ISLAND AV/PARK CIRCLE,40.65043,-73.971891,B68
401610,AVENUE A/E 11 ST,40.728215,-73.982068,L92 M14A+ M14A-SBS
304391,MYRTLE AV/WASHINGTON AV,40.693329,-73.966463,B54
403766,E 128 ST/3 AV,40.805377,-73.933984,M125
801079,FLATLANDS AV/E 94 ST,40.642054,-73.903276,B17
801038,STILLWELL AV/SURF AV,40.576024,-73.981244,B102 B90 T464
301083,LEWIS AV/GATES AV,40.688211,-73.936022,B15
400228,ADAM C POWELL BLVD/W 116 ST,40.803426,-73.952158,M2
300694,KINGS HWY/TILDEN AV,40.648349,-73.924223,B7
308208,5 AV/GARFIELD PL,40.674824,-73.981473,B63
101459,BOSTON RD/E 169 ST,40.830926,-73.900787,BX21 Bx21
102289,E 168 ST/PARK AV,40.831725,-73.908221,BX35 Bx35
306724,ROCKAWAY AV/DUMONT AV,40.664426,-73.909307,B60
100522,BRONXWOOD AV/E 222 ST,40.883561,-73.85619,BX8 Bx8
400597,CATHEDRAL PKWY/AMSTERDAM AV,40.803219,-73.964208,M4
301145,NEW LOTS AV/JEROME ST,40.665575,-73.884397,B15
300998,60 ST/18 AV,40.622282,-73.987543,B9
401079,W 116 ST/FREDERICK DOUGLASS BLVD,40.804421,-73.955141,M116 M7
350218,LEE AV/TAYLOR ST,40.706825,-73.961295,B44 B44+ B44-SBS
104522,E 167 ST/WEBSTER AV,40.830923,-73.910919,BX35 Bx35
150129,WHITE PLAINS RD/E 232 ST,40.892925,-73.857872,BXM11 BxM11
307305,FULTON ST/ALABAMA AV,40.676821,-73.899631,B20
300229,AVENUE U/E 71 ST,40.61988,-73.907262,B3
400161,BROADWAY/LISPENARD ST,40.718824,-74.002479,BXM18 BxM18
100173,W 238 ST/BROADWAY,40.885085,-73.900434,BX3 Bx3
300209,AVENUE U/BROWN ST,40.600618,-73.939545,B3
301436,CRESCENT ST/RIDGEWOOD AV,40.685721,-73.872767,B13
802036,JEROME AV/BAINBRIDGE AV,40.886915,-73.878164,BX95
307645,OCEAN AV/PARKSIDE AV,40.654503,-73.961946,B16 T464
903093,1 AV/E 1 ST,40.723625,-73.988127,M15+ M15-SBS
302699,CHURCH AV/E 18 ST,40.649313,-73.963199,B35
100029,GRAND CONCOURSE/E 167 ST,40.834762,-73.917133,BX1 BX2 Bx1 Bx2
301109,ALBANY AV/ATLANTIC AV,40.677483,-73.938726,B15
306220,VAN SICLEN AV/STANLEY AV,40.659375,-73.884704,B83
300688,KINGS HWY/GLENWOOD RD,40.635173,-73.927414,B7
300805,18 AV/68 ST,40.617578,-73.991629,B8
302291,MARCY AV/S 2 ST,40.710772,-73.95649,B24
103753,BOSTON RD/E 165 ST,40.825987,-73.906593,BX21 Bx21
300092,13 AV/82 ST,40.616153,-74.011854,B64
303950,ROGERS AV/EMPIRE BLVD,40.663626,-73.953748,B44+ B44-SBS
305891,8 AV/57 ST,40.637406,-74.007458,B70
401847,W 34 ST/7 AV,40.75125,-73.991027,M34+ M34-SBS M34A+ M34A-SBS SIM23 SIM24
306199,RALPH AV/AVENUE J,40.628416,-73.918337,B47
307083,UTICA AV/EMPIRE BLVD,40.663942,-73.931453,B46+ B46-SBS
305042,WILSON AV/MYRTLE AV,40.698522,-73.922002,B60
103409,STORY AV/EVERGREEN AV,40.821394,-73.879876,BX5 Bx5
405087,MANHATTAN AV/W 111 ST,40.80173,-73.959138,M116 M3 M7
902022,ORCHARD BEACH,40.86555,-73.797234,BX12 Bx12
101285,INWOOD AV/MACOMBS RD,40.841671,-73.918042,BX18A Bx18A
300398,BAY RIDGE PKWY/17 AV,40.615061,-73.998672,B4
303316,FLATBUSH AV/GLENWOOD RD,40.634189,-73.949268,B41
300197,AVENUE U/E 4 ST,40.597556,-73.967379,B3
305695,CONEY ISLAND AV/NEPTUNE AV,40.581856,-73.959802,B68
301187,AVENUE I/E 7 ST,40.626703,-73.969156,B11
103051,WEST FORDHAM RD/SEDGWICK AV,40.86274,-73.908471,BX12 Bx12
401775,2 AV/E 31 ST,40.742638,-73.977523,M15
401100,COLUMBUS AV/W 69 ST,40.775251,-73.980548,M11 M7
305312,GRAHAM AV/COOK ST,40.702034,-73.942414,B43
100330,BRUCKNER BLVD/EAST TREMONT AV,40.832977,-73.829074,BX5 Bx5
307914,AVENUE D/NEW YORK AV,40.641165,-73.946019,B8
404232,BROADWAY/W 131 ST,40.817322,-73.956852,M4
303021,LAFAYETTE AV/VANDERBILT AV,40.687856,-73.968348,B38
103526,WEST BURNSIDE AV/GRAND AV,40.854204,-73.909765,BX40 BX42 Bx40 Bx42
300280,25 AV/86 ST,40.597678,-73.987555,B3
304983,WILSON AV/DECATUR ST,40.690011,-73.906816,B60
403115,BROADWAY/W 101 ST,40.798143,-73.968924,M104
405157,11 AV/W 15 ST,40.743388,-74.0084,M12
302355,OLD FULTON ST/ELIZABETH PL,40.702666,-73.993952,B25
100166,SEDGWICK AV/W 197 ST,40.872657,-73.902036,BX3 BXM3 Bx3 BxM3
301097,MARCUS GARVEY BLVD/WILLOUGHBY AV,40.694573,-73.940434,B15
304196,GATES AV/IRVING AV,40.698169,-73.9136,B52
901538,MCDONALD AV/BAY PKWY,40.621196,-73.975446,B90
304717,FLUSHING AV/CUMBERLAND ST,40.698024,-73.974687,B57 B69
301844,WYCKOFF AV/STARR ST,40.706375,-73.92244,L90
303735,THROOP AV/DE KALB AV,40.69265,-73.942786,B43
100876,ELTON AV/E 161 ST,40.823758,-73.911987,BX13 BX6 Bx13 Bx6
101370,E 149 ST/TRINITY AV,40.813559,-73.910473,BX17 BX19 Bx17 Bx19
101192,E 233 ST/NAPIER AV,40.895787,-73.87492,BX16 BX34 BXM4 Bx16 Bx34 BxM4
300885,18 AV/E 8 ST,40.634089,-73.970247,B8
401742,2 AV/E 113 ST,40.794823,-73.939429,M15
404116,W 43 ST/8 AV,40.758191,-73.989943,M34A+ M34A-SBS
305229,VAN BRUNT ST/COMMERCE ST,40.681155,-74.008541,B61
301329,EAST NEW YORK AV/E 94 ST,40.664727,-73.927841,B12
306656,SURF AV/W 25 ST,40.573439,-73.991267,B36 X28 X38
401747,2 AV/E 101 ST,40.787352,-73.944893,M15
307913,CHERRY ST/VANDERVOORT AV,40.723884,-73.937198,B24
302761,CHURCH AV/E 18 ST,40.649346,-73.963494,B35
901681,E 70 ST/VETERANS AV,40.619755,-73.908532,B41
401313,FREDERICK DOUGLASS BLVD/W 138 ST,40.818185,-73.94545,M10
300424,CROPSEY AV/23 AV,40.59596,-73.99691,B6 B82 X28 X38
450356,CHURCH ST/PARK PL,40.713331,-74.009129,BXM18 BxM18
301655,CATON AV/CONEY ISLAND AV,40.648127,-73.971567,B16
302322,KINGSLAND AV/WITHERS ST,40.71802,-73.940307,B24
102797,WEBSTER AV/E 204 ST,40.870873,-73.877332,BX41 BX41+ Bx41 Bx41-SBS
307922,FOUNTAIN AV /FLATLANDS AV,40.660345,-73.866883,B13 Q8
305900,8 AV/41 ST,40.646351,-73.998151,B70
405315,PLEASANT AV/E 117 ST,40.795671,-73.932777,M116
101358,SOUTHERN BLVD/E 167 ST,40.826905,-73.891991,BX19 Bx19
100799,EAST FORDHAM RD/VALENTINE AV,40.862236,-73.89601,BX12 BX12+ Bx12 Bx12-SBS
307195,60 ST/21 AV,40.617821,-73.980448,B9
300022,AVENUE X/E 2 ST,40.590771,-73.968783,B1
307822,DEAN ST/BROOKLYN AV,40.676495,-73.943914,B65
405409,E 10 ST/AVENUE D,40.724917,-73.975365,M14D+ M14D-SBS M8
405440,DYCKMAN ST/10 AV,40.859308,-73.923155,M100
303764,TOMPKINS AV/MARTIN LUTHER KING JR PL,40.696868,-73.946674,B43
308675,FREEMAN ST/MANHATTAN AV,40.734414,-73.955654,B32
402523,AMSTERDAM AV/W 149 ST,40.828108,-73.945426,M100
101480,CASTLE HILL AV/RANDALL AV,40.819406,-73.848072,BX22 Bx22
801108,n conduit av/95 st,40.669295,-73.841071,B15 Q121
306542,56 ST/13 AV,40.63114,-73.996354,B16
505103,WYCKOFF AV/WEIRFIELD ST,40.696996,-73.906457,B26
308256,3 AV/47 ST,40.649364,-74.012535,B37
300041,86 ST/17 AV,40.608866,-74.005121,B1
104557,WEBSTER AV/EAST FORDHAM RD,40.862256,-73.890512,BX41+ Bx41-SBS
300744,SARATOGA AV/PARK PL,40.671313,-73.917033,B7
308604,LORIMER ST/BAYARD ST,40.719116,-73.950259,B48
300641,BEDFORD AV/AVENUE J,40.626359,-73.951727,B11 B6
403552,8 AV/W 39 ST,40.755175,-73.991135,M20
300930,60 ST/8 AV,40.635243,-74.009281,B9
103916,IRWIN AV/JOHNSON AV,40.879287,-73.912366,BX10 BX20 BXM1 BXM18 BXM2 Bx10 Bx20 BxM1 BxM18 BxM2
307092,UTICA AV/FULTON ST,40.679184,-73.929053,B46+ B46-SBS
901826,RIVERDALE AV/ROCKAWAY AV,40.660964,-73.908217,B99
401038,MANHATTAN AV/W 106 ST,40.798937,-73.96118,M116 M7
350208,ADAMS ST / JOHNSON ST,40.694772,-73.989104,B103
302351,GREENPOINT AV/LEONARD ST,40.730307,-73.953343,B24
405154,ASTOR PL/COOPER SQ EAST,40.729574,-73.99004,M101 M102 M8
308075,LINCOLN RD/FLATBUSH AV,40.660797,-73.961533,B43
300682,KINGS HWY/TROY AV,40.625514,-73.93357,B7 B82+ B82-SBS
301875,FLUSHING AV/MELROSE ST,40.705555,-73.92643,B57
307656,60 ST/12 AV,40.63038,-74.000958,B9
302369,FULTON ST/SOUTH PORTLAND AV,40.686059,-73.974034,B25 B26 B52
901716,BUSHWICK AV/ABERDEEN ST,40.682332,-73.905478,B111
350074,BATCHELDER ST/AVENUE Z,40.589713,-73.93684,BM3
302419,FULTON ST/GRAND AV,40.682497,-73.961904,B25 B26
101156,E 233 ST/SETON AV,40.888976,-73.836006,BX16 Bx16
308690,WASHINGTON AV/KENT AV,40.703638,-73.967413,B67
102587,EAST TREMONT AV/BRUCKNER BLVD,40.833347,-73.828471,BX40 BX42 Bx40 Bx42
400252,EDGECOMBE AV/W 164 ST,40.836657,-73.936852,M2
303565,SAINT JOHNS PL/BROOKLYN AV,40.671401,-73.94464,B45
303567,SAINT JOHNS PL/NOSTRAND AV,40.67168,-73.950198,B45
101208,PROSPECT AV/KELLY ST,40.815141,-73.903408,BX17 Bx17
402767,AMSTERDAM AV/W 181 ST,40.848228,-73.930845,M101
403303,EAST HOUSTON ST/AV C,40.720988,-73.981738,M21 M9
404087,E 96 ST/5 AV,40.787657,-73.955416,M106 M96
101447,MORRIS PARK AV/E 180 ST,40.840988,-73.872847,BX21 BXM10 Bx21 BxM10
300047,13 AV/82 ST,40.616543,-74.011238,B64
401272,FREDERICK DOUGLASS BLVD/W 123 ST,40.809069,-73.951847,M10
303117,WILLIAMSBURG BRIDGE PLAZA/LANE 1,40.709597,-73.959359,B39 B60
102808,WEBSTER AV/E 187 ST,40.858702,-73.894045,BX41 Bx41
308483,CHURCH AV/UTICA AV,40.651797,-73.930558,B35
400086,LAFAYETTE ST/ASTOR PL,40.729751,-73.991427,M1
101487,CASTLE HILL AV/CROSS BRONX EXPWY SERVICE RD NORTH,40.830822,-73.850723,BX22 Bx22
303657,BROADWAY/THORNTON ST,40.701436,-73.943215,B46
403783,WADSWORTH AV/W 181 ST,40.849579,-73.935065,BX35 BX36 Bx35 Bx36
302469,HALSEY ST/LEWIS AV,40.683489,-73.934758,B26
303234,FLATBUSH AV/ROGERS AV,40.636367,-73.951259,B41
300188,25 AV/86 ST,40.598202,-73.986799,B3
308414,FLATLANDS AV/E 96 ST,40.643249,-73.901426,B6
305600,BERGEN ST/FRANKLIN AV,40.676939,-73.956139,B65
401850,8 AV/W 40 ST,40.756261,-73.990408,M34A+ M34A-SBS
102074,E 233 ST/PAULDING AV,40.890432,-73.848377,BX31 Bx31
308523,FLUSHING AV/JOHNSON AV,40.709077,-73.922278,B57
308921,CONEY ISLAND AV/TURNER PL,40.64522,-73.970582,B68
308600,HAVEMEYER ST/DIVISION AV,40.707619,-73.959851,B62
308659,FLATLANDS AV/ELTON ST,40.657618,-73.874569,B84
307789,AVENUE L/E 88 ST,40.634236,-73.9023,B17
504125,FOREST AV/WOODBINE ST,40.706091,-73.902678,B13
308177,FORT HAMILTON PKWY/90 ST,40.618478,-74.026057,B70
300066,BAY RIDGE AV/COLONIAL RD,40.637514,-74.031606,B64 B9 X27 X37
300128,CORBIN PL/BRIGHTON BEACH AV,40.577334,-73.953996,B1
100965,RADIO DR/LUCERNE ST,40.843131,-73.817143,BX24 Bx24
801152,E 80 St/P 15 (not used),40.62671,-73.901822,B17
904218,MANHATTAN AV/BEDFORD AV,40.724258,-73.950969,B94
303914,OCEAN AV / AVENUE W,40.595114,-73.950414,B49 BM3
305000,MORGAN AV/THAMES ST,40.704817,-73.9314,B60
100766,CLAREMONT PKWY/WEBSTER AV,40.839795,-73.905146,BX11 Bx11
304418,MYRTLE AV/GATES AV,40.699516,-73.911851,B52 Q55
400048,MADISON AV/E 111 ST,40.796865,-73.947073,M1
100126,MELROSE AV/E 158 ST,40.822016,-73.91506,BX41 Bx41
306813,PARK AV/NORTH PORTLAND AV,40.695977,-73.975939,B62
402839,LEXINGTON AV/E 53 ST,40.758062,-73.971336,M101 M102 M103 SIM11 SIM22 SIM26 SIM6
150041,RANDALL AV/CROSS BRONX EXPWY,40.824992,-73.824066,BXM9 BxM9
308683,WYTHE AV/METROPOLITAN AV,40.716587,-73.963635,B32
300890,18 AV/45 ST,40.630131,-73.978636,B8
306759,PARK AV/WASHINGTON AV,40.695652,-73.966898,B62
100243,WESTCHESTER AV/OLMSTEAD AV,40.834011,-73.854454,BX4 Bx4
303862,LORIMER ST/HARRISON AV,40.702815,-73.949923,B48
902058,MALL/BAY PLAZA,40.865666,-73.827623,BX12 BX12+ Bx12 Bx12-SBS
303526,ATLANTIC AV/FLATBUSH AV,40.683769,-73.976996,B45
104341,E 149 ST/COURTLANDT AV,40.816704,-73.919881,BX2 Bx2
102647,DEWEY AV/BALCOM AV,40.820305,-73.825291,BX42 Bx42
301692,FORT HAMILTON PKWY/58 ST,40.633904,-74.004482,B16
150146,EASTCHESTER RD/TILLOTSON AV,40.876266,-73.846072,BXM10 BxM10
300351,KNAPP ST/SHORE PKWY,40.585035,-73.931329,B44+ B44-SBS
303395,NEW YORK AV/FENIMORE ST,40.65918,-73.947475,B44
901544,SURF AV/W 12 ST,40.575577,-73.979546,B90
102225,BAINBRIDGE AV/E 196 ST,40.866839,-73.890056,BX34 Bx34
300000,ORIENTAL BLVD/MACKENZIE ST,40.57835,-73.940029,B1
303484,NOSTRAND AV/AVENUE K,40.62425,-73.946447,B44
302827,NOSTRAND AV/AVENUE V,40.598171,-73.941333,B36 B44
102185,E 138 ST/GRAND CONCOURSE,40.813217,-73.930599,BX33 Bx33
301667,CATON AV/ARGYLE RD,40.649526,-73.968251,B16
300228,AVENUE U /E 69 ST,40.618976,-73.90865,B3 BM1
403159,BROADWAY/W 92 ST,40.791906,-73.974012,M104
104577,BROADWAY/KIMBERLY PL,40.877817,-73.905669,BX9 Bx9
102358,WEST TREMONT AV/DAVIDSON AV,40.851898,-73.910388,BX36 Bx36
901269,WYCKOFF AV/DE KALB AV,40.704385,-73.919467,B13
405577,AVENUE A/EAST HOUSTON ST,40.72236,-73.986267,M14A+ M14A-SBS
308354,NOSTRAND AV/PARK AV,40.696879,-73.952945,B44
902173,SEDGWICK AV/DEPOT PL,40.841157,-73.928004,BX18B Bx18B
901772,Broadway/HOOPER ST,40.707057,-73.95387,B106
402870,PARK ROW/WORTH ST,40.713411,-73.998961,M103 M9
303776,TOMPKINS AV/FULTON ST,40.680153,-73.943352,B43
308331,5 AV/21 ST,40.661533,-73.993101,B63
308667,KENT AV/N 6 ST,40.719605,-73.962335,B32
400462,SAINT NICHOLAS AV/W 162 ST,40.83629,-73.940039,M3
802111,HALLECK ST/SPOFFORD AV,40.814388,-73.881454,BX6 BX6+ Bx6 Bx6-SBS
404351,MAIN RDWY/TENNIS CENTER 11,40.795131,-73.920014,M35
801067,GREENPOINT AV/MANHATTAN AV,40.730088,-73.954574,B24
504173,DECATUR ST/FOREST AV,40.698637,-73.897291,B20
303882,FRANKLIN AV/STERLING PL,40.673404,-73.957014,B48
103941,CHARLES CRIMI RD/SUBWAY OVERPASS,40.85293,-73.82593,BX12 Bx12
304073,FLATLANDS AV/E 108 ST,40.64875,-73.892574,B82
401409,10 AV/W 47 ST,40.763025,-73.992874,M11
401334,CENTRAL PARK WEST/W 92 ST,40.788893,-73.966852,M10
101499,WHITE PLAINS RD/BRONXDALE AV,40.851305,-73.867689,BX39 Bx39
100177,W 238 ST/BAILEY AV,40.884069,-73.89823,BX3 Bx3
102113,MORRIS AV/E 153 ST,40.820538,-73.921297,BX32 Bx32
985005,S BROADWAY/NEW MAIN ST,40.933637,-73.897818,BXM3 BxM3
304709,FLUSHING AV/GERRY ST,40.699873,-73.949583,B57
401255,CENTRAL PARK WEST/W 88 ST,40.786848,-73.968059,M10
308913,LIVONIA AV/ASHFORD ST,40.666382,-73.883643,B6
308334,5 AV/12 ST,40.667143,-73.988108,B63
100926,OGDEN AV/W 164 ST,40.832641,-73.929628,BX13 Bx13
405350,COLUMBIA ST/HOUSTON ST,40.719624,-73.978732,M21
302996,3 AV/77 ST,40.629867,-74.028497,B37
401257,CENTRAL PARK WEST/W 92 ST,40.789324,-73.966253,M10
304649,FLUSHING AV/CUMBERLAND ST,40.697912,-73.974355,B57 B69
301709,86 ST/3 AV,40.623508,-74.030868,B16
300295,BAY RIDGE PKWY/11 AV,40.622762,-74.011573,B4
308828,NAVY ST/SANDS ST,40.699805,-73.980403,B62
102171,MORRIS AV/E 156 ST,40.822144,-73.920401,BX32 Bx32
301578,SUTTER AV/HINSDALE ST,40.668675,-73.900329,B14
301539,SUTTER AV/WYONA ST,40.669782,-73.892011,B14
101784,WEST FARMS RD/WESTCHESTER AV,40.825175,-73.891453,BX27 Bx27
307952,SURF AV/STILLWELL AV,40.575529,-73.980963,B36
403369,2 AV/E 92 ST,40.781467,-73.94926,M15
101183,NEREID AV/BYRON AV,40.897927,-73.852394,BX16 Bx16
984009,BOSTON RD/PELHAM PKWY,40.857138,-73.868769,BXM11 BxM11
103362,BOSTON RD/PELHAM PKWY SOUTH,40.856647,-73.869528,BX22 BXM11 Bx22 BxM11
305731,PROSPECT PARK SOUTHWEST/10 AV,40.66007,-73.977772,B68
103961,BAILEY AV/W 238 ST,40.884074,-73.89776,BX10 Bx10
401492,9 AV/W 52 ST,40.764526,-73.988336,M11
303017,FULTON ST/ROCKWELL PL,40.688106,-73.979087,B52
903042,3 AV /E 125 ST,40.804205,-73.935368,M103
303154,BROADWAY/WILLOUGHBY AV,40.696002,-73.933414,B46 B47
403953,STATE ST/BRIDGE ST,40.70335,-74.014524,M20 M55
302978,3 AV/43 ST,40.651498,-74.010925,B37
301590,PITKIN AV/OSBORN ST,40.669965,-73.909288,B14
100207,WESTCHESTER AV/E 156 ST,40.817829,-73.905423,BX4 Bx4
301777,REMSEN AV/RUTLAND RD,40.660567,-73.928782,B17
505413,21 ST/38 AV,40.757575,-73.938899,B62 Q66 Q69
303188,RALPH AV/JEFFERSON AV,40.686035,-73.923412,B47
304115,FLATLANDS AV/UTICA AV,40.62602,-73.928138,B82 B82+ B82-SBS
300099,86 ST/18 AV,40.606983,-74.002384,B1
100058,SEDGWICK AV/VAN CORTLANDT AV WEST,40.882828,-73.893138,BX1 BX2 BXM3 Bx1 Bx2 BxM3
801208,ATLANTIC AV/4 AV,40.684023,-73.977637,B116
301171,50 ST/9 AV,40.639553,-74.001221,B11
308323,ATLANTIC AV/3 AV,40.68554,-73.981005,B63
300078,BAY RIDGE AV/6 AV,40.632161,-74.01833,B64
401712,1 AV/E 79 ST,40.772625,-73.952394,M15
303380,NOSTRAND AV/FLATBUSH AV,40.632352,-73.947522,B44
307047,PROSPECT PARK WEST/18 ST,40.657636,-73.982887,B61
303348,ROCKAWAY PKWY/AVENUE J,40.64166,-73.898593,B42
102162,MORRIS AV/E 170 ST,40.838063,-73.91133,BX32 Bx32
305719,CONEY ISLAND AV/DORCHESTER RD,40.637588,-73.968181,B68
306217,VAN SICLEN AV /FLATLANDS AV,40.654764,-73.882212,B83 BM5
405541,BROADWAY/W 89 ST,40.790087,-73.975267,M104
402097,MADISON ST/GOUVERNEUR ST,40.713331,-73.981762,M22
303486,NOSTRAND AV/AVENUE M,40.61937,-73.945607,B44 BM4
102666,EAST TREMONT AV/BRUCKNER BLVD,40.832882,-73.828032,BX40 BX42 Bx40 Bx42
301127,E 98 ST/WILLMOHR ST,40.658095,-73.915349,B15
401361,7 AV/W 31 ST,40.74886,-73.992309,M20 M7
150038,BRUCKNER BLVD/WILKINSON AV,40.852504,-73.827003,BX23 Bx23
401149,GRAND ST/PITT ST,40.715328,-73.984449,L92 M14A+ M14A-SBS
100515,E 226 ST/BRONXWOOD AV,40.886863,-73.854718,BX8 Bx8
305397,ATLANTIC AV/COURT ST,40.689806,-73.992532,B61 B63
306763,KENT AV/WILLIAMSBURG ST EAST,40.700176,-73.962071,B62
301153,FOUNTAIN AV/HEGEMAN AV,40.66774,-73.87275,B15
302423,FULTON ST/VANDERBILT AV,40.683948,-73.968386,B25 B26
103667,EASTCHESTER RD/PELHAM PKWY SOUTH,40.856853,-73.843987,BX31 BXM10 Bx31 BxM10
104488,PROSPECT AV/WESTCHESTER AV,40.819315,-73.901848,BX46 Bx46
303987,BEDFORD AV/TILDEN AV,40.646335,-73.955586,B49
103935,UNIONPORT RD/STARLING AV,40.837037,-73.857368,BX22 Bx22
302860,SURF AV/W 23 ST,40.573996,-73.990097,B36
104347,3 AV/E 157 ST,40.820896,-73.91249,BX15 Bx15
302286,METROPOLITAN AV/LEONARD ST,40.7142,-73.948118,B24
302877,3 AV/88 ST,40.622314,-74.031433,B37
306942,AVENUE M/E 15 ST,40.618027,-73.960435,B9
403144,BROADWAY/LA SALLE ST,40.813736,-73.959961,M104 M4
306980,STILLWELL AV/W 15 PL,40.586421,-73.983197,B64
304210,GATES AV/TOMPKINS AV,40.686884,-73.945016,B52
102499,EAST TREMONT AV/BOSTON RD,40.840214,-73.880653,BX36 Bx36
305050,WILSON AV/HALSEY ST,40.691511,-73.909688,B60
100493,WILLIAMSBRIDGE RD/PIERCE AV,40.847385,-73.84917,BX8 Bx8
308410,CROPSEY AV/HART PL,40.58137,-73.985657,B82
300249,AVENUE U/FLATBUSH AV,40.610026,-73.922318,B3
304703,FLUSHING AV/BUSHWICK AV,40.701826,-73.937479,B57
302030,PENNSYLVANIA AV/PITKIN AV,40.671576,-73.895908,B20 B83
300486,KINGS HWY/STILLWELL AV,40.606014,-73.986733,B82
401014,CENTRAL PARK SOUTH/7 AV,40.767046,-73.979239,BXM2 BxM2 M5 M7
306162,RALPH AV/FOSTER AV,40.640704,-73.919472,B47
102748,WEBSTER AV/E 197 ST,40.865313,-73.886867,BX41 Bx41
405531,11 AV/W 18 ST,40.745731,-74.007993,M12
306324,FLATBUSH AV/AVENUE D,40.640799,-73.955799,B41
302845,AVENUE Z/OCEAN PKWY,40.58679,-73.96566,B36
405442,DYCKMAN ST/SHERMAN AV,40.863748,-73.926021,BXM1 BxM1 M100
400628,FORT WASHINGTON AV/W 175 ST,40.846825,-73.939845,M4
405295,7 AV/W 52 ST,40.762459,-73.982389,M104 M7
301678,37 ST/13 AV,40.641791,-73.985295,B16
307097,AVENUE U/OCEAN PKWY,40.597904,-73.965078,B3
100176,W 238 ST/BROADWAY,40.884969,-73.900478,BX3 Bx3
301147,NEW LOTS AV/ELTON ST,40.66692,-73.881284,B15
102290,E 168 ST/ 3 AV,40.831037,-73.906033,BX35 Bx35
301289,49 ST/15 AV,40.632558,-73.988008,B11
103012,V A HOSPITAL,40.867352,-73.905628,BX32 Bx32
401034,AMSTERDAM AV/W 102 ST,40.798005,-73.967398,M11 M7
304204,GATES AV/PATCHEN AV,40.688886,-73.92766,B52
401435,AMSTERDAM AV/W 106 ST,40.800697,-73.965394,M11
303710,EMPIRE BLVD/WASHINGTON AV,40.663205,-73.961095,B43
450049,3 AV/E 49 ST,40.755084,-73.971226,BXM1 BxM1
102172,MORRIS AV/E 153 ST,40.819905,-73.921718,BX32 Bx32
300866,AVENUE D/E 43 ST,40.641756,-73.936517,B8
304645,SANDS ST/GOLD ST,40.699731,-73.983158,B69
303676,UTICA AV/PROSPECT PL,40.672944,-73.93081,B46
307925,PENNSYLVANIA AV/ATLANTIC AV,40.675114,-73.896804,B20 B83
307709,37 ST/4 AV,40.653814,-74.00524,B35 B70
504120,GATES AV/SENECA AV,40.703466,-73.908132,B13
400858,BROADWAY/W 64 ST,40.771797,-73.982364,M20 M5 M7
308832,MYRTLE AV/GRAND AV,40.693614,-73.963943,B54
400171,BROADWAY/MORRIS ST,40.705797,-74.013476,BXM18 BxM18
504131,COOPER AV/64 ST,40.697856,-73.892109,B13
305728,PROSPECT PARK SOUTHWEST/VANDERBILT ST,40.655038,-73.973276,B68
401379,VARICK ST/WATTS ST,40.723547,-74.006244,M20
303733,THROOP AV/GREENE AV,40.689737,-73.942208,B43
902105,E 149 ST/BERGEN AV,40.815669,-73.916638,BX4 Bx4
300515,BAY PKWY/STILLWELL AV,40.607852,-73.987517,B6
301506,EUCLID AV /BLAKE AV,40.671246,-73.871021,B13 Q8
104096,WEBSTER AV/EAST FORDHAM RD,40.861901,-73.890985,BX41 Bx41
100339,STORY AV/TAYLOR AV,40.823533,-73.864002,BX5 Bx5
402127,W 23 ST/7 AV,40.743952,-73.995493,M23+ M23-SBS
307207,BROADWAY/GRANITE ST,40.681648,-73.908411,B20 Q24
102118,MORRIS AV/E 165 ST,40.829536,-73.916171,BX32 Bx32
403688,W 145 ST/MALCOLM X BLVD,40.820444,-73.93639,BX19 Bx19
305426,5 AV/15 ST,40.665348,-73.989615,B63
404838,COLUMBUS AV/W 80 ST,40.782804,-73.974976,M11 M7 M79+ M79-SBS
303233,FLATBUSH AV/E 29 ST,40.634321,-73.949098,B41
101401,3 AV/E 163 ST,40.824381,-73.908417,BX15 BX21 Bx15 Bx21
100595,BROADWAY/W 262 ST,40.910227,-73.896498,BX9 BXM3 Bx9 BxM3
303602,UTICA AV/FOSTER AV,40.639704,-73.928978,B46
301412,CLARKSON AV/BEDFORD AV,40.655064,-73.956856,B12
104545,PELHAM PKWY/ESPLANADE AV,40.857012,-73.857393,BX12 Bx12
903358,10 AV/W 18 ST,40.744278,-74.006596,M14D+ M14D-SBS
301653,CATON AV/OCEAN PKWY,40.647749,-73.975405,B16
305264,GRAHAM AV/AINSLIE ST,40.713382,-73.944114,B43
103968,GRAND CONCOURSE/E 156 ST,40.823685,-73.924298,BX1 BX2 Bx1 Bx2
302897,3 AV/44 ST,40.651163,-74.010613,B37
503883,WOODWARD AV/STANHOPE ST,40.709012,-73.91259,B38
302347,GREENPOINT AV/N HENRY ST,40.731956,-73.945043,B24
101329,SOUTHERN BLVD/JENNINGS ST,40.832286,-73.890706,BX19 Bx19
301586,MOTHER GASTON BLVD/SUTTER AV,40.668068,-73.906331,B14
101153,BAYCHESTER AV/EDENWALD AV,40.892974,-73.843749,BX16 Bx16
104630,WILLIS AV/E 140 ST,40.810753,-73.921819,M125
300274,AVENUE U/VAN SICKLEN ST,40.596855,-73.974924,B3
307093,UTICA AV/PROSPECT PL,40.67355,-73.930593,B46
100585,BROADWAY/W 238 ST,40.884966,-73.900634,BX9 Bx9
307086,UTICA AV/CARROLL ST,40.666445,-73.931263,B46
301624,FORT HAMILTON PKWY/BAY RIDGE AV,40.628551,-74.012191,B16
304198,GATES AV/WILSON AV,40.695173,-73.916567,B52
306707,PITKIN AV/ROCKAWAY AV,40.669683,-73.910341,B14
305636,7 AV/STERLING PL,40.677315,-73.97344,B67 B69
300212,AVENUE U/GERRITSEN AV,40.601588,-73.935111,B3
102149,JEROME AV/W 183 ST,40.858461,-73.903912,BX32 Bx32
302475,HALSEY ST/SARATOGA AV,40.685492,-73.917286,B26
803094,VESEY ST/NORTH END AV,40.71453,-74.015356,M22
802102,WALNUT AV/E 133 ST,40.79965,-73.9116,BX33 Bx33
300433,KINGS HWY/STILLWELL AV,40.605901,-73.986599,B82
300503,CROPSEY AV/BAY 49 ST,40.58599,-73.988187,B82 X28 X38
301659,CATON AV/E 16 ST,40.650724,-73.964896,B16
101306,E 149 ST/EXTERIOR ST,40.819235,-73.930052,BX19 Bx19
103955,BAILEY AV/W 238 ST,40.883795,-73.898238,BX10 Bx10
303857,LORIMER ST/GRAND ST,40.711011,-73.94892,B48
300085,BAY RIDGE AV/12 AV,40.624783,-74.005803,B64
103600,CROTONA AVE/CROTONA PARK,40.839442,-73.896007,BX17 Bx17
305712,CONEY ISLAND AV/AVENUE K,40.62273,-73.964655,B68
307111,AVENUE M/CONEY ISLAND AV,40.617504,-73.963987,B9
305026,MONTROSE AV/LEONARD ST,40.706985,-73.946082,B60
302758,CHURCH AV/BEDFORD AV,40.650576,-73.956268,B35
303881,FRANKLIN AV/PROSPECT PL,40.674972,-73.95646,B48
102425,E 174 ST/CROES AV,40.834532,-73.872247,BX11 Bx11
302745,CHURCH AV/E 52 ST,40.652154,-73.928856,B35
103212,JEROME AV/W 176 ST,40.848694,-73.91173,BX32 Bx32
301079,LEWIS AV/MACDONOUGH ST,40.682331,-73.934852,B15
400102,5 AV/W 118 ST,40.801694,-73.945835,M1
901831,RIVERDALE AV/MOTHER GASTON BLVD,40.661604,-73.904954,B99
301839,WYCKOFF AV/MENAHAN ST,40.70141,-73.91436,B13
405359,PIKE ST/SOUTH  ST,40.710615,-73.991893,M15
404255,LEXINGTON AV/E 124 ST,40.803886,-73.937851,M101 M103
103390,BRUCKNER BLVD/CASTLE HILL AV,40.826882,-73.849644,BX5 BXM8 Bx5 BxM8
301757,TROY AV/EMPIRE BLVD,40.664096,-73.937058,B17
504386,FLUSHING AV/ONDERDONK AV,40.711674,-73.919559,B57
308870,KINGS HWY/AVENUE K,40.625573,-73.933602,B7
402096,MADISON ST/GOUVERNEUR ST,40.713152,-73.983555,M22
350041,AVENUE K /NEW YORK AV,40.624782,-73.943835,BM1
306806,BEDFORD AV/GRAND ST,40.714721,-73.961019,B62
308294,BUSHWICK AV/MONTROSE AV,40.707388,-73.939878,L90
301516,EASTERN PKWY/ROCHESTER AV,40.668367,-73.927927,B14
101316,E 149 ST/WALES AV,40.812779,-73.907136,BX17 BX19 Bx17 Bx19
102532,EAST TREMONT AV/PROSPECT AV,40.844571,-73.889337,BX36 Bx36
308472,JAY ST/MYRTLE PLAZA,40.694503,-73.987123,B54
404922,MADISON ST/GRAND ST,40.713503,-73.980417,M22
307639,OCEAN AV/CATON AV,40.652502,-73.961377,B16 T464
103796,E 135 ST/ST ANN'S AV,40.804901,-73.91868,BX17 Bx17
306665,ATLANTIC AV/CARLTON AV,40.6822,-73.970287,B45
102039,EASTCHESTER RD/SEMINOLE ST,40.854972,-73.843636,BX31 Bx31
404352,MAIN RDWY/EXIT RAMP,40.796137,-73.919511,M35
103169,LAYTON AV/VINCENT AV,40.834941,-73.821032,BX8 Bx8
307151,MYRTLE AV/SUYDAM ST,40.697633,-73.929893,B54
304666,FLUSHING AV/BUSHWICK AV,40.701946,-73.936536,B57
302490,WYCKOFF AV/JEFFERSON AV,40.697177,-73.906979,B26
301738,REMSEN AV/AVENUE J,40.638879,-73.904304,B17
305522,BATH AV/16 AV,40.606442,-74.010541,B64
400390,CATHEDRAL PKWY/FREDERICK DOUGLASS BLVD,40.80078,-73.958486,M3 M4
401281,FREDERICK DOUGLASS BLVD/W 141 ST,40.820541,-73.943464,M10
100893,OGDEN AV/W 164 ST,40.833175,-73.929151,BX13 Bx13
404964,5 AV/W 120 ST,40.802933,-73.944859,M1
306257,VAN SICLEN AV/STANLEY AV,40.658719,-73.884442,B83
300548,AVENUE H/E 43 ST,40.632384,-73.934728,B6
403691,W 145 ST/FREDERICK DOUGLASS BLVD,40.822843,-73.941703,BX19 Bx19
404254,1 AV/E 97 ST,40.784095,-73.944031,M15+ M15-SBS
301931,DE KALB AV/CARLTON AV,40.689633,-73.972,B38
102061,LACONIA AV/GRENADA PL,40.888036,-73.846719,BX31 Bx31
303143,RALPH AV/BAINBRIDGE ST,40.68223,-73.922515,B47
305301,GRAHAM AV/RICHARDSON ST,40.718471,-73.945083,B43
100157,UNIVERSITY AV/W 183 ST,40.859697,-73.907623,BX3 Bx3
303074,DE KALB AV/IRVING AV,40.702449,-73.921097,B38
308829,SANDS ST/NAVY ST,40.69973,-73.980927,B57 B67 B69
301601,EASTERN PKWY/SCHENECTADY AV,40.669191,-73.933719,B14
400282,ADAM C POWELL BLVD/W 128 ST,40.810701,-73.947255,M2
401694,1 AV/E 31 ST,40.741957,-73.974808,M15
302776,39 ST/10 AV,40.644894,-73.993225,B35
300836,AVENUE D/E 35 ST,40.641197,-73.943324,B8
103592,PELHAM PKWY/NARRAGANSETT AV,40.85742,-73.85163,BX12 Bx12
306676,GRAHAM AV/SEIGEL ST,40.70479,-73.942708,B43
802158,BRUCKNER BLVD/WILKINSON AV,40.852868,-73.82681,BX29 BX5 Bx29 Bx5
350113,FILLMORE AV / E 32 ST,40.609465,-73.936345,B100
308893,POSTAL FACILITY RD/AT FACILITY,40.664836,-73.863323,B20
300736,SARATOGA AV/MACDONOUGH ST,40.68384,-73.917422,B7
503592,47 AV/48 ST,40.741025,-73.917671,B24
104534,MARCONI ST/LA FITNESS,40.849408,-73.841541,BX24 Bx24
303573,WASHINGTON AV/PROSPECT PL,40.676901,-73.963497,B45
405103,AMSTERDAM AV/W 149 ST,40.827662,-73.945755,M101
303172,BROADWAY/HEYWARD ST,40.705477,-73.950443,B46
402617,BROADWAY/SHERMAN AV,40.86174,-73.930223,BX7 Bx7 M100
404077,E 106 ST/3 AV,40.791324,-73.944338,M106
403410,DELANCEY ST/ESSEX ST,40.718509,-73.988565,B39
102582,EAST TREMONT AV/ERICSON PL,40.839877,-73.837227,BX40 BX42 Bx40 Bx42
100742,WOODYCREST AV/W 168 ST,40.838422,-73.923294,BX18A Bx18A
405014,MALCOLM X BLVD/W 132 ST,40.812501,-73.941856,M102 M7
300191,AVENUE U/W 11 ST,40.595967,-73.981805,B3
450180,MADISON AV/E 47 ST,40.756193,-73.976722,M3 M4 SIM33C SIM4C
307021,GERRITSEN AV / AVENUE U,40.601568,-73.934953,B31 BM4
303027,LAFAYETTE AV/NOSTRAND AV,40.689857,-73.950967,B38 B93
901007,CADMAN PLAZA WEST/JOHNSON ST,40.695406,-73.990781,B41
404099,E 20 ST/E 20 ST Loop,40.734053,-73.97755,M23+ M23-SBS M9
101486,CASTLE HILL AV/WATSON AV,40.829679,-73.850479,BX22 Bx22
101456,BOSTON RD/E 173 ST,40.836022,-73.890378,BX11 BX21 Bx11 Bx21
305927,8 AV/49 ST,40.641426,-74.003426,B70
901070,TILLARY ST/CADMAN PLAZA EAST,40.696162,-73.990737,B38
306907,AVENUE R/MADISON PL,40.609578,-73.940156,B2
104292,E 174 ST/ BRYANT AV,40.836456,-73.88525,BX11 Bx11
902246,BAINBRIDGE AV/JEROME AV,40.886805,-73.877784,BX95
300715,THOMAS S BOYLAND ST/ATLANTIC AV,40.676804,-73.913608,B7
300250,AVENUE U/HENDRICKSON ST,40.609332,-73.923321,B3
100962,CAMPBELL DR/COUNTRY CLUB RD,40.841062,-73.817857,BX24 Bx24
300687,KINGS HWY/UTICA AV,40.633852,-73.928686,B7
308099,8 AV/52 ST,40.6402,-74.004554,B70
103331,WHITE PLAINS RD/ARNOW AV,40.867759,-73.867226,BX39 Bx39
401760,2 AV/E 70 ST,40.76733,-73.959501,M15
400266,EDGECOMBE AV/W 158 ST,40.832421,-73.939905,M2
304407,MYRTLE AV/EVERGREEN AV,40.697577,-73.929388,B54
301184,AVENUE I/McDONALD AV,40.625972,-73.975756,B11
104286,WEBSTER AV/CLAREMONT PKWY,40.840005,-73.905192,BX41 Bx41
402222,E 57 ST/1 AV,40.758562,-73.963301,M31 M57
100026,GRAND CONCOURSE/E 163 ST,40.828837,-73.921328,BX1 BX2 Bx1 Bx2
402068,EAST HOUSTON ST/AV A,40.722234,-73.986069,M21
350059,AVENUE T / E 58 ST,40.615349,-73.918549,B100
102076,LACONIA AV/E 230 ST,40.887814,-73.8471,BX31 Bx31
100134,GRAND CONCOURSE/E 158 ST,40.825136,-73.923808,BXM4 BxM4
104528,E 156 ST/ PROSPECT AV,40.817256,-73.902288,BX46 Bx46
304405,MYRTLE AV/BROADWAY,40.696948,-73.935287,B54
307951,CROPSEY AV/BAY 8 ST,40.607039,-74.015998,B8
901549,MCDONALD AV/AVENUE P,40.608709,-73.972945,B90
101213,PROSPECT AV/E 166 ST,40.825558,-73.899049,BX17 Bx17
300310,STILLWELL AV/82 ST,40.60071,-73.986132,B4
100740,OGDEN AV/W 169 ST,40.840238,-73.925301,BX13 Bx13
301548,SUTTER AV/MILFORD ST,40.672127,-73.876123,B14
300300,BAY RIDGE PKWY/NEW UTRECHT AV,40.615549,-73.999603,B4
301698,FORT HAMILTON PKWY/BAY RIDGE AV,40.628656,-74.012236,B16
302278,MEEKER AV/KINGSLAND AV,40.722413,-73.940944,B24
401360,7 AV/W 34 ST,40.750554,-73.991077,BXM2 BxM2 M20 M7
102819,WEBSTER AV/CLAREMONT PKWY,40.839897,-73.905382,BX41+ Bx41-SBS
305226,COLUMBIA ST/CARROLL ST,40.682794,-74.003854,B61
303412,BEDFORD AV/HANCOCK ST,40.682452,-73.953626,B44
305757,CONEY ISLAND AV/AVENUE O,40.612231,-73.962938,B68
101163,ROPES AV/BOSTON RD,40.889844,-73.819521,BX16 Bx16
307263,FULTON ST/VAN SINDEREN AV,40.677816,-73.903542,B25
305068,ROCKAWAY AV/DUMONT AV,40.6638,-73.909301,B60
350124,FILLMORE AV / E 57 ST,40.614984,-73.919845,B100
401258,CENTRAL PARK WEST/W 94 ST,40.790539,-73.965364,M10
102730,WEBSTER AV/E 170 ST,40.836577,-73.907157,BX41 Bx41
101277,MACOMBS RD/GOBLE PL,40.844287,-73.917598,BX18B Bx18B
403878,VESEY ST/NORTH END AV,40.714555,-74.015847,M20
401253,CENTRAL PARK WEST/W 84 ST,40.784035,-73.970126,M10
306949,FLATLANDS AV/ALABAMA AV,40.651737,-73.888339,B82
504174,DECATUR ST/MYRTLE AV,40.700552,-73.896018,B20
101186,WEBSTER AV/E 240 ST,40.900752,-73.861803,BX16 Bx16
404357,SUNKEN GARDEN LOOP/CHARLES H GAY CENTER,40.785463,-73.931265,M35
308477,STILLWELL TERMINAL/BUS LOOP,40.577007,-73.981358,B74
306075,PROSPECT PARK SOUTHWEST/BARTEL PRITCHARD SQ,40.661372,-73.979653,B61
901798,HEGEMAN ST/HERZL ST,40.655526,-73.912136,B15
308682,WYTHE AV/N 6 ST,40.71879,-73.961289,B32
101057,3 AV/E 168 ST,40.830768,-73.906088,BX15 Bx15
300377,AVENUE Z/OCEAN PKWY,40.586618,-73.966815,B4
150042,CROSS BRONX EXPWY/RANDALL AV,40.82514,-73.82468,BXM9 BxM9
504179,SUMMERFIELD ST/SENECA AV,40.69766,-73.899672,B20
301017,3 AV/SENATOR ST,40.636896,-74.025664,B37
303691,UTICA AV/CLARENDON RD,40.644096,-73.929686,B46
102740,WEBSTER AV/E 182 ST,40.855243,-73.896153,BX41 Bx41
303468,NOSTRAND AV/WINTHROP ST,40.656754,-73.950299,B96
400238,ADAM C POWELL BLVD/W 139 ST,40.818034,-73.94149,M2
301664,CATON AV/SAINT PAULS PL,40.651443,-73.96341,B16
307947,CHURCH AV/MCDONALD AV,40.642696,-73.979883,B35
308601,ROEBLING ST/S 8 ST,40.708983,-73.960945,B62
301665,CATON AV/PARADE PL,40.650779,-73.965097,B16
400477,SAINT NICHOLAS AV/W 125 ST,40.810492,-73.952926,M3
305616,COURT ST/WARREN ST,40.686475,-73.993982,B57
504112,GATES AV/FAIRVIEW AV,40.706146,-73.905557,B13
405102,2 AV/E 75 ST,40.770486,-73.957273,M15
302838,AVENUE Z/E 22 ST,40.588759,-73.947743,B36
307247,FULTON ST/MALCOLM X BLVD,40.679324,-73.929591,B25
307322,GLENWOOD RD/REMSEN AV,40.641947,-73.907157,B17
300742,SARATOGA AV/DEAN ST,40.674753,-73.916696,B7
308223,BATH AV/24 AV,40.595422,-73.99287,B64
304942,RALPH AV/GATES AV,40.688817,-73.923954,B47
100754,CLAREMONT PKWY/CROTONA AV,40.836376,-73.898033,BX11 Bx11
100265,WESTCHESTER AV/PROSPECT AV,40.819923,-73.901226,BX4 Bx4
803002,SOUTH ST/WHITEHALL ST,40.701609,-74.012226,M15
301648,12 AV/CHESTER AV,40.644517,-73.984026,B16
308240,4 AV/SENATOR ST,40.636196,-74.02276,B9
400399,SAINT NICHOLAS AV/W 130 ST,40.814014,-73.949575,M3
404014,RIVERSIDE DR/W 142 ST,40.825464,-73.953302,M11
301786,REMSEN AV/DITMAS AV,40.648121,-73.914889,B17
306798,SMITH ST/LIVINGSTON ST,40.690609,-73.987879,B57 B62
301581,JUNIUS ST/BLAKE AV,40.666388,-73.902214,B14
301542,SUTTER AV/BARBEY ST,40.670598,-73.886588,B14
300399,BAY RIDGE PKWY/NEW UTRECHT AV,40.61605,-74.000319,B4
503615,48 ST/48 AV,40.738779,-73.917761,B24
308542,CONEY ISLAND AV/BRIGHTON BEACH AV,40.578098,-73.959581,B68
303479,NOSTRAND AV/FARRAGUT RD,40.635929,-73.948063,B44
300857,RALPH AV/CLARENDON RD,40.645384,-73.919936,B47
102098,EASTCHESTER RD/SEMINOLE ST,40.854154,-73.843652,BX31 Bx31
305952,7 AV/POLY PREP ENT,40.611979,-74.023953,B70 B8
104227,EAST GUN HILL RD/DEKALB AV,40.882393,-73.880852,BX10 Bx10
307045,SHORE PKWY/BRIGHAM ST,40.585581,-73.931926,B4
300139,AVENUE R/E 18 ST,40.606033,-73.954997,B2 B31
550426,CROSS BAY BLVD/PITKIN AV,40.672357,-73.843019,BM5 Q11 Q41 QM15
102139,JEROME AV/EAST FORDHAM RD,40.862611,-73.901104,BX32 Bx32
308224,BATH AV/23 AV,40.597357,-73.995466,B64
504560,47 ST/GREENPOINT AV,40.742392,-73.917847,B24
302514,PUTNAM AV/CLASSON AV,40.68304,-73.959022,B26
103719,EAST TREMONT AV/LANE AV,40.841139,-73.842918,BX8 Bx8
302481,HALSEY ST/KNICKERBOCKER AV,40.693192,-73.907814,B26
903252,EAST TREMONT AV/WEBSTER AV,40.847572,-73.900564,BX36 Bx36
404024,CENTRAL PARK WEST/W 75 ST,40.778511,-73.97414,M10
350126,FILLMORE AV / FLATBUSH AV,40.614496,-73.928138,B100
101378,E 149 ST/GERARD AV,40.819092,-73.929075,BX19 Bx19
401969,E 106 ST/1 AV,40.789898,-73.940478,M106
401441,AMSTERDAM AV/W 118 ST,40.808353,-73.959809,M11
300657,BAY PKWY/65 ST,40.613662,-73.981764,B6
450111,MADISON AV/E 63 ST,40.766013,-73.969579,BXM11 BxM11
150032,BROADWAY/W 261 ST,40.909855,-73.896746,BXM3 BxM3
103047,SEDGWICK AV/W 231 ST,40.875483,-73.90097,BX3 Bx3
403109,BROADWAY/W 86 ST,40.788533,-73.976086,M104
100382,HUNTS POINT AV/SENECA AV,40.819273,-73.889683,BX6 BX6+ Bx6 Bx6-SBS
302507,HALSEY ST/THROOP AV,40.682837,-73.941327,B26
305334,4 AV/100 ST,40.612914,-74.033455,B63
102265,VALENTINE AV/E 198 ST,40.86929,-73.890186,BX34 Bx34
101158,DYRE AV/LIGHT ST,40.88789,-73.831353,BX16 Bx16
305358,5 AV/50 ST,40.645297,-74.010014,B63
300050,13 AV/BAY RIDGE PKWY,40.620531,-74.007085,B64
903257,EAST TREMONT AV/WEBSTER AV,40.847694,-73.900711,BX36 Bx36
401270,FREDERICK DOUGLASS BLVD/W 119 ST,40.806378,-73.953887,M10
400472,SAINT NICHOLAS AV/W 138 ST,40.818937,-73.947284,M3
103578,WESTCHESTER AV/AMENDOLA PLAZA,40.852575,-73.827362,BX24 Bx24
302868,SURF AV/W 35 ST,40.573099,-74.000752,B36
308425,SAINT JOHNS PL/BROOKLYN AV,40.671239,-73.944369,B45
302501,HALSEY ST/RALPH AV,40.684885,-73.923525,B26
400249,EDGECOMBE AV/W 158 ST,40.832912,-73.939461,M2
306195,RALPH AV/FOSTER AV,40.639764,-73.919499,B47
403726,YORK AV/E 74 ST,40.768033,-73.952959,M31
303786,EMPIRE BLVD/BROOKLYN AV,40.664259,-73.945794,B43
303303,FLATBUSH AV/PROSPECT PARK ZOO,40.665554,-73.964232,B41
404844,PIKE ST/MADISON ST,40.712625,-73.992622,M15
402646,AMSTERDAM AV/W 140 ST,40.821716,-73.950244,M101
305452,5 AV/SENATOR ST,40.634687,-74.020598,B63
104375,WESTCHESTER AV/BLONDEL AV,40.840897,-73.841545,BX24 Bx24
306967,ROCKAWAY AV/LOTT AV,40.65826,-73.907744,B60
307158,KINGS HWY/RYDER ST,40.622058,-73.937036,B82
450066,6 AV/W 35 ST,40.750341,-73.987222,BXM2 BxM2 QM10 QM12 QM24 YOAS
308056,DEAN ST/GRAND AV,40.678808,-73.961614,B65
150018,BOSTON RD/LACONIA AV,40.871793,-73.855432,BX30 Bx30
401307,FREDERICK DOUGLASS BLVD/W 152 ST,40.827019,-73.938993,M10
400280,ADAM C POWELL BLVD/W 132 ST,40.813155,-73.945461,M2
101170,DYRE AV/LIGHT ST,40.888242,-73.831214,BX16 Bx16 T113
103019,UNDERCLIFF AV/BOSCOBEL PL,40.844087,-73.925382,BX18A Bx18A
100616,BROADWAY/W 242 ST,40.890027,-73.898243,BX9 Bx9
305855,PROSPECT PARK WEST/16 ST,40.660162,-73.980667,B61
300898,18 AV/62 ST,40.620663,-73.98875,B8
308673,FRANKLIN ST/INDIA ST,40.732257,-73.957897,B32
403854,WASHINGTON ST/WEST HOUSTON ST,40.728087,-74.009557,M21
102167,MORRIS AV/E 165 ST,40.829113,-73.916544,BX32 Bx32
307192,60 ST/11 AV,40.631733,-74.003199,B9
403367,E 91 ST/YORK AV,40.779214,-73.944942,M31 M86+ M86-SBS
102127,MORRIS AV/E 174 ST,40.84472,-73.90927,BX32 Bx32
302916,3 AV/CARROLL ST,40.677323,-73.986015,B37
101028,3 AV/E 168 ST,40.831331,-73.905596,BX15 Bx15
307687,GATES AV/BUSHWICK AV,40.69113,-73.92038,B52
306783,5 AV/92 ST,40.617651,-74.029605,B63
404354,MAIN RDWY/MANHATTAN PSYCH CENTER,40.789145,-73.926831,M35
307919,WILLIAMSBURG BRIDGE PLAZA/LANE 4,40.709327,-73.959348,B46
103326,BRONX PARK EAST/PELHAM PKWY,40.856536,-73.869324,BX22 Bx22
307397,RALPH AV/MILL AV,40.618633,-73.917077,B47
102100,EASTCHESTER RD/MORRIS PARK AV,40.851323,-73.84435,BX31 BXM10 Bx31 BxM10
100610,BROADWAY/MOSHOLU AV,40.904371,-73.89651,BX9 BXM3 Bx9 BxM3
400561,MADISON AV/E 42 ST,40.753142,-73.978961,M3 M4 Q32
306540,56 ST/11 AV,40.633542,-74.000324,B16
401022,AMSTERDAM AV/W 75 ST,40.78088,-73.979904,M11 M7
308868,KINGS HWY/W 8 ST,40.605326,-73.980974,B82 B82+ B82-SBS
302797,SURF AV/W 23 ST,40.573924,-73.989797,B36
306777,PARK AV/WASHINGTON AV,40.696052,-73.967854,B62
305098,VAN BRUNT ST/PIONEER ST,40.679115,-74.010729,B61
903027,WATERSIDE/WATERSIDE,40.737552,-73.973846,M34+ M34-SBS M34A+ M34A-SBS
308327,5 AV/54 ST,40.643074,-74.01232,B63
404250,BROADWAY/W 207 ST,40.867705,-73.920997,BX7 BXM1 Bx7 BxM1
301770,AVENUE L/E 87 ST,40.634041,-73.902329,B17
300347,NOSTRAND AV/SHORE PKWY,40.585898,-73.939036,B44
305807,VANDERBILT AV/FULTON ST,40.684124,-73.96795,B69
450002,3 AV/E 38 ST,40.748139,-73.976244,CPAS QM34 QM40 QM42
401726,1 AV/E 113 ST,40.79433,-73.936584,M15
300628,AVENUE H/E 43 ST,40.632467,-73.935481,B6
305044,WILSON AV/MENAHAN ST,40.69654,-73.918498,B60
104250,WALNUT AV/E 135 ST,40.80129,-73.909904,BX33 Bx33
404847,8 AV/W 31 ST,40.749952,-73.994947,M20
304696,FLUSHING AV/HARRISON PL,40.707313,-73.924375,B57
402748,AMSTERDAM AV/W 187 ST,40.852204,-73.927829,M101
306437,OLD FULTON ST/HICKS ST,40.702029,-73.992747,B25
302459,PUTNAM AV/CLASSON AV,40.683011,-73.958417,B26
300199,AVENUE U/E 8 ST,40.598081,-73.962629,B3
303737,THROOP AV/MYRTLE AV,40.696366,-73.943555,B43
401753,2 AV/E 87 ST,40.77851,-73.95143,BXM10 BxM10
300978,AVENUE L/E 23 ST,40.621293,-73.952955,B9
100579,W 225 ST/BROADWAY,40.874486,-73.909403,BX9 Bx9
303968,BEDFORD AV/BERGEN ST,40.675964,-73.953259,B49
303102,DE KALB AV/FLATBUSH AV EXT,40.689992,-73.981257,B38
104293,MELROSE AV/E 160 ST,40.823678,-73.914169,BX41 Bx41
305001,HARRISON PL/MORGAN AV,40.706367,-73.931503,B60 L90
303605,UTICA AV/BEVERLY RD,40.646701,-73.929723,B46
301730,SEAVIEW AV/ROCKAWAY PKWY,40.634027,-73.889626,B17
308050,26 AV/SHORE PKWY SERVICE RD NORTH,40.589955,-73.992357,B6
303540,SAINT JOHNS PL/ROGERS AV,40.671712,-73.952671,B45
400612,BROADWAY/W 143 ST,40.825312,-73.951051,M4 M5
901209,E 16 ST/QUENTIN RD,40.608282,-73.957322,B102
405433,10 AV/SHERMAN AV,40.866604,-73.917237,M100
402723,W 125 ST/MORNINGSIDE AV,40.811402,-73.954184,M101 M125
303884,FRANKLIN AV/EASTERN PKWY,40.670962,-73.957938,B48
303983,BEDFORD AV/LENOX RD,40.653447,-73.956219,B49
100861,CITY ISLAND AV/PILOT ST,40.841118,-73.783962,BX29 BXM8 Bx29 BxM8
306853,COZINE AV/JEROME ST,40.657739,-73.878763,B6
303826,LORIMER ST/CONSELYEA ST,40.715012,-73.949452,B48
307221,E 95 ST/KINGS HWY,40.658632,-73.920192,B7
300873,FOSTER AV/E 29 ST,40.638584,-73.94969,B8
305761,CONEY ISLAND AV/AVENUE S,40.602676,-73.961665,B68
302308,RALPH AV/MADISON ST,40.687501,-73.923698,B47
301403,ALBANY AV/EAST NEW YORK AV,40.661789,-73.940005,B12
100273,SOUTHERN BLVD/WESTCHESTER AV,40.82437,-73.891944,BX19 BX5 Bx19 Bx5
301283,AVENUE I/McDONALD AV,40.62606,-73.976073,B11
300418,CROPSEY AV/BAY 49 ST,40.586092,-73.987889,B82 X28 X38
401765,2 AV/E 56 ST,40.758987,-73.965601,M15+ M15-SBS
100624,W 225 ST/BROADWAY,40.874274,-73.909375,BX9 Bx9
403148,BROADWAY/W 114 ST,40.806645,-73.965164,M104 M4
802009,E 241 ST/CRANFORD AV,40.903265,-73.849912,BX39 Bx39
302973,3 AV/33 ST,40.657099,-74.005049,B37
308688,WASHINGTON AV/KENT AV,40.703637,-73.967274,B67
301816,E 80 ST/PAERDEGAT 13 ST,40.628331,-73.902068,B17
300800,18 AV/79 ST,40.611284,-73.998008,B8
303158,BROADWAY/FLUSHING AV,40.700664,-73.941708,B46 T410 T433
401721,1 AV/E 99 ST,40.785414,-73.943097,M15
902244,W 145 ST/CONVENT AV,40.824558,-73.946098,BX19 Bx19
305505,86 ST/7 AV,40.618778,-74.02154,B1 X28 X38
304206,GATES AV/STUYVESANT AV,40.688206,-73.933536,B52
306344,BEVERLY RD/KINGS HWY,40.646733,-73.924307,B8
305839,VANDERBILT AV/DEAN ST,40.679894,-73.968176,B69
300908,18 AV/NEW UTRECHT AV,40.608191,-74.001599,B8
100343,STORY AV/MORRISON AV,40.822262,-73.873406,BX5 Bx5
300095,86 ST/14 AV,40.612745,-74.011895,B1 B64 X28 X38
305432,5 AV/26 ST,40.658332,-73.996663,B63
300206,AVENUE U/BEDFORD AV,40.599886,-73.946201,B3
303781,BROOKLYN AV/SAINT JOHNS PL,40.670992,-73.944899,B43
402863,BOWERY/EAST HOUSTON ST,40.723756,-73.992907,M103
102446,EAST TREMONT AV/ANTHONY AV,40.848851,-73.903641,BX36 Bx36
308212,5 AV/WARREN ST,40.679965,-73.978144,B63
404990,SPRING ST/GREENWICH ST,40.725908,-74.00874,M21 SIM7 SIM9
306915,KINGS HWY/W 12 ST,40.605846,-73.985364,B82
307825,BERGEN ST/KINGSTON AV,40.675714,-73.94204,B65
903341,FT GEORGE AV/FORT GEORGE HILL,40.857054,-73.927914,M101
103596,RANDALL AV/TAYLOR AV,40.817138,-73.862443,BX27 Bx27
301123,RALPH AV/SUTTER AV,40.665042,-73.922325,B15
303827,LORIMER ST/JACKSON ST,40.71609,-73.949631,B48
306006,MERMAID AV/W 22 ST,40.576134,-73.98861,B74
150158,BRUCKNER BLVD/WHITE PLAINS RD,40.826234,-73.860725,BXM8 BxM8
100508,BRONXWOOD AV/TILDEN ST,40.876747,-73.859683,BX8 Bx8
101437,MORRIS PARK AV/EASTCHESTER RD,40.851271,-73.844385,BX21 Bx21
101770,ALLERTON AV/BARKER AV,40.865457,-73.869611,BX25 BX26 Bx25 Bx26
403732,ESSEX ST/DELANCEY ST,40.718944,-73.987893,L92 M14A+ M14A-SBS M9
901087,FRANKLIN AV/FULTON St,40.680805,-73.955629,B49
901311,pulaski br/box st,40.738489,-73.952717,B32
308204,5 AV/9 ST,40.669431,-73.98597,B63
308302,NEPTUNE AV/W 8 ST,40.579741,-73.976456,B68
303353,ROCKAWAY PKWY/SEAVIEW AV,40.633934,-73.890001,B42
308984,39 ST/3 AV,40.653981,-74.008365,B35
307675,GATES AV/BEDFORD AV,40.685774,-73.953956,B52
308201,BAY RIDGE AV /10 AV,40.627445,-74.010206,B64
101322,SOUTHERN BLVD/TIFFANY ST,40.818544,-73.893764,BX19 Bx19
402027,EAST HOUSTON ST/LAFAYETTE ST,40.725023,-73.995229,M21 T232
101226,CROTONA AV/E 187 ST,40.85419,-73.883397,BX17 Bx17
401087,COLUMBUS AV/W 102 ST,40.796671,-73.964838,M11 M7
300017,OCEAN PKWY/OCEAN VIEW AV,40.57874,-73.967853,B1
402092,MADISON ST/RUTGERS ST,40.712601,-73.989561,M22
300120,OCEAN PKWY/OCEAN VIEW AV,40.578153,-73.968242,B1
401229,8 AV/W 28 ST,40.748684,-73.995864,M20
302034,PENNSYLVANIA AV/DUMONT AV,40.666041,-73.894436,B20 B83
302591,GERRITSEN AV/EVERETT AV,40.593164,-73.925642,B31
404834,W 23 ST/11 AV,40.748632,-74.006633,M23+ M23-SBS
301316,CLARKSON AV/KINGS COUNTY HOSPITAL,40.655687,-73.944335,B12
401763,2 AV/E 64 ST,40.763471,-73.962314,M15
304410,MYRTLE AV/STOCKHOLM ST,40.6982,-73.923646,B54
103013,ALLERTON AV/WILLIAMSBRIDGE RD,40.865408,-73.859071,BX25 BX26 Bx25 Bx26
401779,2 AV/E 23 ST,40.737516,-73.981202,M15+ M15-SBS
305030,JOHNSON AV/BUSHWICK AV,40.706923,-73.939036,B60
404137,12 AV/W 23 ST,40.748728,-74.007954,M23+ M23-SBS
401311,FREDERICK DOUGLASS BLVD/W 142 ST,40.820659,-73.943641,M10
302740,CHURCH AV/REMSEN AV,40.652947,-73.919846,B35
302772,13 AV/37 ST,40.641846,-73.985129,B35
100764,CLAREMONT PKWY/3 AV,40.83827,-73.901294,BX11 Bx11
401699,1 AV/E 45 ST,40.750684,-73.96846,M15
302985,3 AV/55 ST,40.644916,-74.017782,B37
450045,7 AV/W 41 ST,40.75552,-73.987468,BXM2 BxM2 M20 M7
308316,ELDERT LN/LORING AV,40.667493,-73.862277,B14
303663,MALCOLM X BLVD/DE KALB AV,40.693112,-73.931178,B46+ B46-SBS
104072,BRONXWOOD AV/GUN HILL RD,40.875562,-73.860337,BX8 Bx8
985007,S BROADWAY/McLEAN AV,40.920549,-73.896247,BXM3 BxM3
303147,RALPH AV/PUTNAM AV,40.687404,-73.923543,B47
303034,LAFAYETTE AV/MALCOLM X BLVD,40.69222,-73.93049,B38
404136,CENTRAL PARK WEST/W 79 ST,40.780619,-73.972854,M10
303531,WASHINGTON AV/ATLANTIC AV,40.680669,-73.964429,B45
307576,GREENE AV/ADELPHI ST,40.686129,-73.970882,B52
306711,14 AV/CHURCH AV,40.64189,-73.981284,B35
300477,KINGS HWY/E 4 ST,40.604569,-73.969493,B82
300888,18 AV/E 2 ST,40.631165,-73.976463,B8
102207,E 138 ST/SAINT ANN'S AV,40.806829,-73.917302,BX33 Bx33
401400,10 AV/W 25 ST,40.749222,-74.002905,M11
302494,HALSEY ST/WILSON AV,40.691254,-73.909862,B26
300103,86 ST/BAY PKWY,40.601956,-73.994024,B1
403155,BROADWAY/W 100 ST,40.79718,-73.970232,M104
400633,FORT WASHINGTON AV/W 185 ST,40.853639,-73.937266,M4 M98
303804,CLASSON AV/PUTNAM AV,40.682904,-73.958749,B48
300148,AVENUE R/STUART ST,40.608643,-73.941614,B2
803243,W 57 ST/BROADWAY,40.766499,-73.982201,M12
300757,KINGS HWY/E 94 ST,40.658165,-73.92073,B7
402224,E 57 ST/3 AV,40.760521,-73.967931,M31 M57
403975,SAINT NICHOLAS AV/W 176 ST,40.846368,-73.935747,M3
100654,EAST GUN HILL RD/BAINBRIDGE AV,40.881347,-73.878833,BX10 Bx10
301278,CONEY ISLAND AV/AVENUE I,40.627007,-73.965515,B68
301595,PITKIN AV/LEGION ST,40.668646,-73.918151,B14
300629,AVENUE H/ALBANY AV,40.632371,-73.936901,B6
303247,FLATBUSH AV/PROSPECT PARK ZOO,40.665988,-73.964264,B41
401490,9 AV/W 57 ST,40.767674,-73.986043,M11
305140,WYTHE AV/CLYMER ST,40.705168,-73.966508,B62
401209,EAST BROADWAY/MARKET ST,40.71373,-73.995011,M22 M9
307081,AVENUE M/E 7 ST,40.617184,-73.968115,B9
901045,GATES AV/WYCKOFF AV,40.700971,-73.910851,L90
405185,AMSTERDAM AV/W 183 ST,40.849806,-73.929603,M101
801170,ERSKINE ST/GATEWAY DR,40.652635,-73.866548,B83
301711,86 ST/COLONIAL RD,40.62492,-74.036838,B16
401342,CENTRAL PARK WEST/W 74 ST,40.777466,-73.97518,M10
305058,ROCKAWAY AV/CHAUNCEY ST,40.682188,-73.911668,B60
100533,WILLIAMSBRIDGE RD/BOSTON RD,40.86678,-73.860948,BX8 Bx8
306476,GRAHAM AV/JACKSON ST,40.716959,-73.944738,B43
308072,SURF AV/W 17 ST,40.575333,-73.984347,B36
104036,WEST FARMS RD/LONGFELLOW AV,40.829138,-73.887763,BX35 Bx35
103108,E 180 ST/ARTHUR AV,40.849208,-73.891217,BX40 BX42 Bx40 Bx42
303494,NOSTRAND AV/AVENUE T,40.60233,-73.942352,B44
403979,SAINT NICHOLAS AV/W 174 ST,40.844905,-73.937093,M3
300832,AVENUE D/ROGERS AV,40.640731,-73.950855,B8
308749,3 AV/61 ST,40.641376,-74.021488,B37
303377,NOSTRAND AV/AVENUE K,40.624532,-73.946321,B44
308739,BEDFORD AV/MONROE ST,40.68528,-73.954194,B44
302692,CHURCH AV/McDONALD AV,40.64265,-73.979587,B35
308964,PARKVILLE AV/47 ST,40.628186,-73.977213,B11
101181,NEREID AV/BAYCHESTER AV,40.899209,-73.84657,BX16 Bx16
302040,PENNSYLVANIA AV/STANLEY AV,40.656674,-73.889368,B20
301743,REMSEN AV/AVENUE D,40.646258,-73.912513,B17
101252,PROSPECT AV/E 163 ST,40.82176,-73.900835,BX17 Bx17
305627,7 AV/15 ST,40.663481,-73.984313,B67 B69
300257,AVENUE U/COYLE ST,40.600966,-73.937589,B3
307255,FULTON ST/RALPH AV,40.678762,-73.92125,B25
401336,CENTRAL PARK WEST/W 88 ST,40.786527,-73.968515,M10
302357,CADMAN PLAZA WEST/MIDDAGH ST,40.699591,-73.99129,B25
305010,MESEROLE ST/LEONARD ST,40.707764,-73.94704,B60
301920,FLUSHING AV/RYERSON ST,40.697567,-73.965902,B57
103597,RANDALL AV/COMMONWEALTH AV,40.816771,-73.865182,BX27 Bx27
306446,AVENUE I/CONEY ISLAND AV,40.627163,-73.966118,B11
302714,CHURCH AV/E 48 ST,40.651571,-73.932439,B35
400744,W 57 ST/7 AV,40.765736,-73.980402,M31 M57
301178,50 ST/15 AV,40.631556,-73.987988,B11
102679,EAST TREMONT AV/PURDY ST,40.842276,-73.855558,BX40 BX42 Bx40 Bx42
400422,SAINT NICHOLAS AV/W 179 ST,40.848225,-73.934397,M3
307848,CLASSON AV/GREENE AV,40.687769,-73.959716,B48
302889,3 AV/60 ST,40.641835,-74.02029,B37
300032,86 ST/25 AV,40.597875,-73.987055,B1
401287,FREDERICK DOUGLASS BLVD/W 155 ST,40.829277,-73.937054,M10
308112,VOORHIES AV/KNAPP ST,40.588097,-73.931941,B4
307403,CADMAN PLAZA WEST/JOHNSON ST,40.695535,-73.990829,B41
405525,W 155 ST/AMSTERDAM AV,40.831216,-73.942273,M3
802031,179 ST/BROADWAY,40.848902,-73.936861,BX13 Bx13
306366,MILL AV/AVENUE T,40.617328,-73.91588,B47
503832,QUEENS MIDTOWN EXPWY/48 ST,40.731515,-73.919372,B24 Q67
307441,FLATBUSH AV/AVENUE U,40.609528,-73.921821,B2
300187,25 AV/84 ST,40.598978,-73.985989,B3
308366,FORT HAMILTON PKWY/64 ST,40.631109,-74.008621,B16
305988,MERMAID AV/W 21 ST,40.576296,-73.988358,B74
300952,AVENUE M/E 9 ST,40.61735,-73.965392,B9
305742,CONEY ISLAND AV/CHURCH AV,40.645972,-73.970876,B68
101561,CASTLE HILL AV/SEWARD AV,40.820786,-73.848494,BX22 Bx22
101147,NEREID AV/CARPENTER AV,40.899354,-73.856861,BX16 Bx16
802148,E 148 ST/BERGEN AV,40.815031,-73.917877,BX2 Bx2
307948,GATES AV/CLASSON AV,40.685282,-73.959148,B52
301074,BERGEN ST/TROY AV,40.675382,-73.935937,B15 B65
405328,1 AV/E 67 ST,40.764468,-73.958365,M15
403779,W 66 ST/COLUMBUS AV,40.773578,-73.981381,M20 M66
308650,4 AV/65 ST,40.638045,-74.021215,B9
308357,POLY PL/7 AV,40.609308,-74.024143,B8
400459,BROADWAY/W 168 ST,40.841182,-73.939778,BX7 Bx7 M100
103672,WHITE PLAINS RD/BRONXDALE AV,40.851802,-73.867858,BX39 Bx39
304973,ROCKAWAY AV/PACIFIC ST,40.675884,-73.910885,B60
504221,GREENPOINT AV/46 ST,40.742069,-73.919031,B24
401267,FREDERICK DOUGLASS BLVD/W 111 ST,40.801444,-73.957433,M10
301106,MARCUS GARVEY BLVD/MACDONOUGH ST,40.681761,-73.937854,B15
901273,SEAVIEW AV/ERSKINE ST,40.653386,-73.86608,B84
904979,MANHATTAN AV/GREENPOINT AV,40.730018,-73.954116,B94
308722,PROSPECT PARK W/PROSPECT PARK SW,40.660705,-73.9796,B61
300406,BAY RIDGE PKWY/FORT HAMILTON PKWY,40.625722,-74.016365,B4
301722,3 AV/MARINE AV,40.614823,-74.034585,B16 B37 X27 X37
400272,ADAM C POWELL BLVD/W 151 ST,40.825776,-73.936202,M2
103776,CLAY AV/E 171 ST,40.838772,-73.906478,BX11 Bx11
401464,AMSTERDAM AV/W 118 ST,40.807818,-73.960464,M11
104322,E 163 ST/KELLY ST,40.821043,-73.896395,BX6 Bx6
401328,CENTRAL PARK WEST/W 104 ST,40.79651,-73.961272,M10
402351,YORK AV/E 72 ST,40.766595,-73.954011,M31
304441,MYRTLE AV/WASHINGTON AV,40.693354,-73.967307,B54
400057,MADISON AV/E 132 ST,40.810426,-73.937108,M1
400191,MADISON AV/E 37 ST,40.749808,-73.981344,M1 M2 X27 X28 X38
301672,CATON AV/E 5 ST,40.647752,-73.976731,B16
504129,FRESH POND RD/70 AV,40.702648,-73.895308,B13 B20
307332,LINDEN BLVD/ELDERT LN,40.669231,-73.862884,B15 BM5
304957,ROCKAWAY AV/AVENUE D,40.651507,-73.90602,B60
308423,5 AV/89 ST,40.619282,-74.028204,B63
901236,SHORE PKWY EAST/PENNSYLVANIA AV,40.643204,-73.875619,B83
301546,SUTTER AV/SHEPHERD AV,40.671601,-73.879791,B14
103297,WHITE PLAINS RD/MAGENTA ST,40.87537,-73.86711,BX39 Bx39
402498,E 126 ST/2 AV,40.80367,-73.933538,M35
504170,DECATUR ST/WYCKOFF AV,40.694466,-73.901534,B20
350032,AVENUE K /E 38 ST,40.625568,-73.938863,BM1
306113,LORRAINE ST/OTSEGO ST,40.675131,-74.009397,B57 B61
305734,PROSPECT PARK SOUTHWEST/10 AV,40.659626,-73.977217,B68
301799,SEAVIEW AV/E 93 ST,40.631927,-73.892375,B17
103043,SEDGWICK AV/W 174 ST,40.847774,-73.92432,BX18B Bx18B
403164,BROADWAY/W 82 ST,40.785596,-73.9789,M104
350200,AVENUE X / E 28 ST,40.59367,-73.942828,BM3
301577,SUTTER AV/ALABAMA AV,40.668957,-73.898436,B14
300294,BAY RIDGE PKWY/10 AV,40.624119,-74.01381,B4
303577,ATLANTIC AV/VANDERBILT AV,40.682013,-73.968074,B45
404911,W 106 ST/BROADWAY,40.801154,-73.967576,M116
403886,AMSTERDAM AV/W 114 ST,40.805727,-73.961715,M11
104483,RIVER AV/E 149 ST,40.819692,-73.930046,BX13 Bx13
400395,MANHATTAN AV/W 119 ST,40.807171,-73.955168,M3
300332,SHEEPSHEAD BAY RD/EMMONS AV,40.584161,-73.950714,B4 B49
307901,GATES AV/RALPH AV,40.689211,-73.924117,B52
901554,MCDONALD AV/DITMAS AV,40.635361,-73.977995,B90
301002,60 ST/NEW UTRECHT AV,40.627959,-73.996952,B9
401302,HUDSON ST/W HOUSTON ST,40.728924,-74.00704,M20
101965,BOSTON RD/WILSON AV,40.875626,-73.850179,BX30 Bx30
904300,VAN WYCK EXPWY SERVICE RD/KEW GARDENS RD,40.702937,-73.817126,J90 T340
405186,AMSTERDAM AV/W 185 ST,40.850616,-73.929187,M101
306332,RALPH AV/CHASE CT,40.641877,-73.919716,B47
901086,WILLIAMSBURG BRIDGE PLAZA/LANE 4,40.709489,-73.959742,B46
104283,SAINT ANN'S AV/E 143 ST,40.810518,-73.915151,BX17 Bx17
405542,MADISON AV/E 114 ST,40.79868,-73.945697,M1
102328,E 167 ST/RIVER AV,40.835974,-73.921832,BX35 Bx35
306479,UTICA AV/EAST NEW YORK AV,40.662841,-73.931689,B46
403425,LEXINGTON AV/E 42 ST,40.751393,-73.976286,BXM1 BxM1 M101 M102 M103
301036,DUMONT AV/FOUNTAIN AV,40.669338,-73.873941,B15
102897,METROPOLITAN AV/PARKCHESTER RD,40.835828,-73.860937,BX4A Bx4A
302461,PUTNAM AV/BEDFORD AV,40.683501,-73.953654,B26
102994,E 170 ST/GRAND CONCOURSE,40.838701,-73.91415,BX11 Bx11
300993,60 ST/23 AV,40.615597,-73.976476,B9
305993,MERMAID AV/W 32 ST,40.575119,-73.998956,B74
300926,60 ST/4 AV,40.640578,-74.018124,B9
100059,SEDGWICK AV/STEVENSON PL,40.882691,-73.895187,BX1 BX2 Bx1 Bx2
103315,WHITE PLAINS RD/LACOMBE AV,40.815328,-73.856825,BX39 Bx39
404114,W 135 ST/ADAM C POWELL BLVD,40.815597,-73.944297,BX33 Bx33
305483,BATH AV/25 AV,40.594552,-73.99116,B64
402001,E 116 ST/2 AV,40.797247,-73.938121,M116
401933,W 96 ST/WEST END AV,40.794933,-73.972689,M106 M96
303473,NOSTRAND AV/SNYDER AV,40.648613,-73.949426,B44
304992,WILSON AV/BLEECKER ST,40.697316,-73.919655,B60
305185,DRIGGS AV/S 4 ST,40.7111,-73.961653,B62
300958,AVENUE L/OCEAN AV,40.620931,-73.95503,B9
100539,WILLIAMSBRIDGE RD/NEILL AV,40.853858,-73.854288,BX8 Bx8 T113
404284,MALCOLM X BLVD/W 125 ST,40.807417,-73.945914,M102 M7
306784,HARWAY AV/BAY 47 ST,40.589012,-73.986506,B64
405592,8 AV/W 46 ST,40.759936,-73.987677,M104 M20
301563,SUTTER AV/EUCLID AV,40.672948,-73.87118,B14
302381,FULTON ST/MARCY AV,40.680116,-73.945667,B25
402335,YORK AV/E 74 ST,40.768374,-73.952509,M31
307485,2 AV/56 ST,40.645954,-74.020082,B11
307484,58 ST/1 AV,40.645419,-74.023199,B11
103704,WEST MOSHOLU PKWY SOUTH/PAUL AV,40.880611,-73.886057,BX1 BX2 Bx1 Bx2
350071,AVENUE X / OCEAN AV,40.592748,-73.94979,BM3
100191,UNIVERSITY AV/W 183 ST,40.859354,-73.908072,BX3 Bx3
307910,SMITH ST/UNION ST,40.68178,-73.99375,B57
308025,WATER ST/MAIN ST,40.703318,-73.991102,B25
302804,W 5 ST/SEA BREEZE AV,40.57592,-73.972962,B36
300818,18 AV/E 3 ST,40.631799,-73.974755,B8
308106,ROCKAWAY PKWY/TRUCKLEMANS LN,40.643303,-73.900129,B42
402034,EAST HOUSTON ST/CLINTON ST,40.721285,-73.983737,M21 M9
401324,FREDERICK DOUGLASS BLVD/W 112 ST,40.801644,-73.957505,M10
550658,21 ST/QUEENS PLAZA SOUTH,40.752022,-73.94422,B62 Q103
300595,COZINE AV/PENNSYLVANIA AV,40.654012,-73.887765,B6
305125,VANDERBILT AV/MYRTLE AV,40.693453,-73.969817,B69
302960,3 AV/6 ST,40.67339,-73.989538,B37
103283,PEARTREE AV/CONNER  ST,40.882074,-73.823412,BX30 Bx30
102141,JEROME AV/EAST KINGSBRIDGE RD,40.867364,-73.89741,BX32 Bx32
300053,BAY RIDGE AV/13 AV,40.624096,-74.004425,B64
306060,COURT ST/PRESIDENT ST,40.681442,-73.996386,B57
301813,AVENUE L/E 82 ST,40.631653,-73.906292,B17
350117,FILLMORE AV / E 51 ST,40.614484,-73.925612,B100
103684,EAST TREMONT AV/WESTCHESTER AV,40.840806,-73.842275,BX40 BX42 Bx40 Bx42
307413,EASTERN PKWY/FRANKLIN AV,40.670319,-73.957661,B96
400613,BROADWAY/W 145 ST,40.826791,-73.94997,M4 M5 T204
308349,OCEAN AV/PARKSIDE AV,40.655139,-73.961837,B16
102492,EAST TREMONT AV/3 AV,40.846484,-73.895765,BX36 Bx36
308085,TOMPKINS AV/DEKALB AV,40.692113,-73.945729,B43
305707,CONEY ISLAND AV/AVENUE P,40.610419,-73.962327,B68
100019,GRAND CONCOURSE/E 138 ST,40.813496,-73.929489,BX1 Bx1
301323,EAST NEW YORK AV/ALBANY AV,40.662266,-73.938343,B12
308860,CROPSEY AV/BAY 37 ST,40.593799,-73.994387,B82
303330,AVENUE N/E 56 ST,40.619269,-73.920671,B41
405373,ALLEN ST/HESTER ST,40.716371,-73.992021,M15+ M15-SBS
101176,BAYCHESTER AV/EDENWALD AV,40.893232,-73.843722,BX16 Bx16
103650,WESTCHESTER AV/SOUTHERN BLVD,40.82478,-73.891573,BX4 Bx4
102617,DEWEY AV/BALCOM AV,40.820277,-73.824894,BX42 Bx42
401503,9 AV/W 28 ST,40.749425,-73.999343,M11
304023,WEST END AV/OCEAN VIEW AV,40.578946,-73.953378,B49
503455,67 AV/FRESH POND RD,40.705683,-73.896695,B13 B20
504118,GATES AV/SAINT NICHOLAS AV,40.701149,-73.910645,B13
307240,FULTON ST/EASTERN PKWY,40.678156,-73.907474,B25
303161,BROADWAY/LORIMER ST,40.704482,-73.948374,B46 T433
301980,BROADWAY/COOPER ST,40.683723,-73.911815,B20 Q24
303405,NEW YORK AV/PROSPECT PL,40.674446,-73.947218,B44
306937,MYRTLE AV/NAVY ST,40.693573,-73.979589,B54
306190,RALPH AV/SNYDER AV,40.650327,-73.920625,B47
304434,MYRTLE AV/NOSTRAND AV,40.695024,-73.952404,B54
305349,5 AV/SENATOR ST,40.635003,-74.020295,B63
303667,MALCOLM X BLVD/MADISON ST,40.686785,-73.929908,B46
104297,HARDING AV/DAVIS AV,40.813812,-73.824485,BX42 Bx42
102837,3 AV/E 140 ST,40.812033,-73.92555,BX2 BX21 Bx2 Bx21
301794,REMSEN AV/AVENUE L,40.635011,-73.900328,B17
308885,UTICA AV/AVENUE D,40.641743,-73.929433,B46
308455,WYTHE AV/S 3 ST,40.713629,-73.965508,B32 Q59
306583,49 ST/5 AV,40.645904,-74.010039,B11
100618,BROADWAY/W 238 ST,40.885241,-73.900666,BX9 Bx9
405382,SOUTH FERRY TERM/SOUTH FERRY TERM,40.702001,-74.013524,M15+ M15-SBS
400512,5 AV/W 59 ST,40.764429,-73.972966,M1 M4
306524,14 AV/39 ST,40.639486,-73.983782,B16 B35
308322,NASSAU AV/VAN DAM ST,40.726195,-73.937399,B48
552987,8 ST/ASTORIA BLVD,40.772927,-73.932745,B62 Q103 Q18 Q19
104007,EAST GUN HILL RD/WEBSTER AV,40.878411,-73.870745,BX28 BX38 Bx28 Bx38
503443,JAMAICA AV/DEXTER CT,40.691391,-73.867098,J90 T340
303948,ROGERS AV/MIDWOOD ST,40.659835,-73.953364,B49
901076,WILLIAMS AV/FLATLANDS AV,40.650351,-73.891679,B60
403105,BROADWAY/W 77 ST,40.782726,-73.980497,M104
405456,12 AV/W 30 ST,40.75484,-74.006232,M12
403731,EAST HOUSTON ST/2 AV,40.723879,-73.991401,M21
300652,BAY PKWY/E 3 ST,40.623052,-73.973344,B6
104331,WEST FORDHAM RD/ JEROME AV,40.862839,-73.901247,BX12+ Bx12-SBS
985001,S BROADWAY/RADFORD ST,40.917649,-73.89649,BXM3 BxM3
300164,AVENUE S/FLATBUSH AV,40.612834,-73.926683,B2
405316,9 AV/W 25 ST,40.747568,-74.000712,M11
308723,NOSTRAND AV/AVENUE N,40.616912,-73.945103,B44
984066,BRUCKNER BLVD/WILKINSON AV,40.852782,-73.826887,BX23 Bx23
301569,SUTTER AV/ELTON ST,40.671215,-73.883137,B14
301500,CRESCENT ST/LIBERTY AV,40.678255,-73.87078,B13
301530,DUMONT AV/MOTHER GASTON BLVD,40.664647,-73.905103,B14
101964,BOSTON RD/EAST GUN HILL RD,40.873621,-73.853019,BX30 Bx30
303310,FLATBUSH AV/ALBEMARLE RD,40.647176,-73.958227,B41
303222,FLATBUSH AV/TROY AV,40.619715,-73.93353,B41 B9 Q35
802165,E 170 ST/GRAND CONCOURSE,40.838728,-73.91349,BX18A Bx18A
102313,FRANKLIN AV/E 169 ST,40.831506,-73.902238,BX35 Bx35
301042,NEW LOTS AV/HENDRIX ST,40.664289,-73.88768,B15
300902,18 AV/70 ST,40.616043,-73.993419,B8
308608,ROCKAWAY PKWY/GLENWOOD RD,40.645514,-73.902683,B60
306634,9 ST/7 AV,40.666884,-73.981778,B61
984012,CROSS BRONX EXPWY/COMMONWEALTH AV,40.836146,-73.86899,BXM6 BxM6
401045,W 116 ST/ADAM C POWELL BLVD,40.802908,-73.952032,M116 M7
100279,STORY AV/MORRISON AV,40.822192,-73.873098,BX5 Bx5
403563,YORK AV/E 69 ST,40.764813,-73.955165,M31
303982,BEDFORD AV/CLARKSON AV,40.654712,-73.956352,B49
303465,NOSTRAND AV/MAPLE ST,40.66052,-73.9507,B44
401964,W 96 ST/AMSTERDAM AV,40.794037,-73.970096,M106 M96
101822,SOUNDVIEW AV/PATTERSON AV,40.813647,-73.857877,BX27 Bx27
403461,BROADWAY/W 133 ST,40.818494,-73.955937,M11 M4
103798,MORRIS AV/MOUNT EDEN PKWY,40.84338,-73.90942,BX32 Bx32
101800,ROSEDALE AV/STORY AV,40.82318,-73.867373,BX27 Bx27
404129,ADAM C POWELL BLVD/W 149 ST,40.82426,-73.936943,M2
550427,CROSS BAY BLVD/PITKIN AV,40.672344,-73.843378,BM5 Q11 Q41 QM15
301408,CLARKSON AV/E 39 ST,40.655993,-73.941877,B12
305363,5 AV/39 ST,40.651479,-74.003571,B63
103305,WHITE PLAINS RD/LYDIG AV,40.854591,-73.867773,BX39 Bx39
308450,CRESCENT ST/ATLANTIC AV,40.681434,-73.871555,B13
307173,WILLIAMS AV/WORTMAN AV,40.652672,-73.893955,B60
302898,3 AV/42 ST,40.652266,-74.009453,B37
302778,39 ST/8 AV,40.647523,-73.997614,B35 B70
303821,LORIMER ST/STAGG ST,40.70931,-73.948514,B48
102208,E 138 ST/BROOK AV,40.807781,-73.919551,BX33 Bx33 T102
103695,WEBSTER AV/E 173 ST,40.842699,-73.903809,BX41 Bx41
103666,EASTCHESTER RD/PELHAM PKWY SOUTH,40.856946,-73.843731,BX31 BXM10 Bx31 BxM10
307534,FLATLANDS AV/FLATBUSH AV,40.621408,-73.934998,B82
405653,2 AV/E 103 ST,40.788904,-73.943801,M15+ M15-SBS
305025,MONTROSE AV/LORIMER ST,40.706821,-73.947781,B60
402110,MADISON ST/PIKE ST,40.712489,-73.992197,M22
901545,KINGS HWY/MCDONALD AV,40.604171,-73.972533,B90
306587,55 ST/3 AV,40.645177,-74.017972,B11
300623,AVENUE H/E 52 ST,40.633008,-73.926845,B6
104013,WEST BURNSIDE AV/PHELAN PL,40.854157,-73.915444,BX40 Bx40
308734,4 AV/WARREN ST,40.681094,-73.980827,B103
300495,CROPSEY AV/BAY PKWY,40.596918,-73.998484,B82 X28 X38
400598,CATHEDRAL PKWY/BROADWAY,40.804038,-73.966264,M4
101359,SOUTHERN BLVD/WESTCHESTER AV,40.824545,-73.891857,BX19 BX5 Bx19 Bx5
300091,13 AV/79 ST,40.6178,-74.010143,B64
901295,87 ST/4 AV,40.621842,-74.028363,B1
303777,BROOKLYN AV/FULTON ST,40.679761,-73.944077,B43
100868,CITY ISLAND AV / CROSS ST,40.853447,-73.789815,BXM8 BxM8
307018,GLENWOOD RD/E 94 ST,40.643499,-73.904734,B17
505054,FLUSHING AV/METROPOLITAN AV,40.713863,-73.914957,B57
103314,WHITE PLAINS RD/RANDALL AV,40.817404,-73.857312,BX39 Bx39
103965,VAN CORTLANDT AV W/ORLOFF AV,40.883559,-73.892994,BX10 Bx10
100244,WESTCHESTER AV/PUGSLEY AV,40.833634,-73.857595,BX4 Bx4
303075,DE KALB AV/KNICKERBOCKER AV,40.700893,-73.92265,B38
300695,KINGS HWY/SNYDER AV,40.650358,-73.923566,B7
301395,EAST NEW YORK AV/E 96 ST,40.6655,-73.926604,B12
302014,SCHAEFER ST/KNICKERBOCKER AV,40.691484,-73.906125,B20
306846,AVENUE B/E 87 ST,40.647959,-73.918871,B8
303545,SAINT JOHNS PL/ALBANY AV,40.670937,-73.938851,B45
401489,9 AV/W 59 ST,40.768953,-73.985086,M11
100524,BRONXWOOD AV/E 218 ST,40.880774,-73.857729,BX8 Bx8
308209,5 AV/UNION ST,40.676682,-73.98019,B63
303371,NOSTRAND AV / AVENUE P,40.612938,-73.9441,B44 BM4
305057,COOPER ST/BROADWAY,40.683574,-73.911505,B60
104037,WEST FARMS RD/JENNINGS ST,40.830502,-73.885659,BX35 Bx35
300289,BAY RIDGE PKWY/4 AV,40.630627,-74.024689,B4
304663,FLUSHING AV/THROOP AV,40.70038,-73.944147,B43 B57
801136,PROSPECT PARK WEST/18 ST,40.657574,-73.982948,B61
402113,MADISON ST/SAINT JAMES PL,40.711872,-73.99943,M15
306515,MERMAID AV/W 20 ST,40.576367,-73.986497,B74
301084,LEWIS AV/GREENE AV,40.69042,-73.936464,B15
100209,WESTCHESTER AV/PROSPECT AV,40.819413,-73.902025,BX4 Bx4
801080,FLATLANDS AV/E 92 ST,40.641009,-73.904946,B17
308081,9 ST/SMITH ST,40.674271,-73.996969,B61
300903,18 AV/72 ST,40.614921,-73.994554,B8
307515,86 ST/NARROWS AV,40.625802,-74.040556,B16
305887,8 AV/65 ST,40.632874,-74.012174,B70
303976,BEDFORD AV/EMPIRE BLVD,40.662983,-73.957279,B49
302037,PENNSYLVANIA AV/NEW LOTS AV,40.661583,-73.892974,B20
301495,CRESCENT ST/ETNA ST,40.686779,-73.873232,B13
303831,LORIMER ST/NASSAU AV,40.723403,-73.95152,B48
103906,WATERS PL/FINK AV,40.842886,-73.838807,BX21 Bx21
101543,BRONX PARK EAST/UNIONPORT RD,40.850531,-73.86814,BX39 Bx39 T117
302962,3 AV/12 ST,40.66944,-73.992837,B37
100297,BRUCKNER BLVD/CONNELL PL,40.841106,-73.825067,BXM8 BxM8
300837,AVENUE D/E 37 ST,40.641325,-73.941396,B8
903092,BROADWAY/W 133 ST,40.818459,-73.956054,M11
307102,MCDONALD AV/CATON AV,40.647124,-73.980191,B67 B69
504222,GREENPOINT AV/47 ST,40.742562,-73.917504,B24
403271,BROADWAY/W 66 ST,40.774269,-73.982027,M104 M5 M7
300116,AVENUE X/OCEAN PKWY,40.590966,-73.965535,B1
104526,WHITE PLAINS RD/LACOMBE AV,40.81549,-73.856674,BX39 Bx39
405091,FORT GEORGE AV/66 FORT GEORGE AV,40.857887,-73.926614,M3
302857,MERMAID AV/W 19 ST,40.576531,-73.986216,B74
303687,UTICA AV/CHURCH AV,40.651373,-73.930468,B46+ B46-SBS
306927,MYRTLE AV/VANDERBILT AV,40.693015,-73.969122,B54
400153,BROADWAY/WAVERLY PL,40.7294,-73.993516,M1 M55 SIM33 SIM33C SIM7 SIM9
901546,SURF AV/W 8 ST,40.575292,-73.97697,B90 T464
103406,WEBSTER AV/E 197 ST,40.86548,-73.88681,BX41 Bx41
300884,18 AV/CONEY ISLAND AV,40.635091,-73.968139,B8
401363,7 AV/W 28 ST,40.747035,-73.993637,M20 M7
402085,FRANKFORT ST / PEARL ST,40.709519,-74.001808,M22 QM11 QM25 QM65 QM7 QM8
901717,CYPRESS AV/GEORGE ST,40.698082,-73.902715,B111
308621,BAY PKWY/W 8 ST,40.612887,-73.98233,B6
305009,MESEROLE ST/MANHATTAN AV,40.707923,-73.945388,B60
300633,GLENWOOD RD/E 35 ST,40.634335,-73.943308,B6
401227,8 AV/W 25 ST,40.746845,-73.997203,M20
101219,CROTONA AV/E 175 ST,40.843059,-73.893135,BX17 Bx17
307794,CHURCH AV/ROGERS AV,40.650626,-73.95199,B35
308439,JAMAICA AV/HERKIMER ST,40.677432,-73.900799,B83 Q56
308820,NEW LOTS AV/CLEVELAND ST,40.666494,-73.882291,B15
104276,E 174 ST/BRYANT AV,40.836618,-73.885269,BX11 Bx11
401467,AMSTERDAM AV/W 112 ST,40.804034,-73.963215,M11
405652,3 AV/E 86 ST,40.778595,-73.954028,M101 M98
308281,SHORE PKWY/SHEEPSHEAD BAY RD,40.58502,-73.95173,B4 B49
300796,18 AV/86 ST,40.607126,-74.002697,B8
102192,E 138 ST/CYPRESS AV,40.80555,-73.914666,BX17 BX33 Bx17 Bx33
305935,8 AV/65 ST,40.632405,-74.012876,B70
400483,MANHATTAN AV/W 114 ST,40.803829,-73.957789,M116 M3 M7
103517,UNIONPORT RD/METROPOLITAN AV,40.836992,-73.857767,BX22 Bx22
305704,CONEY ISLAND AV/AVENUE S,40.60334,-73.961445,B68
307129,ROCKAWAY AV/HEGEMAN AV,40.65549,-73.907175,B60
940010,W 18 ST/10 AV,40.744354,-74.005998,M12
307133,BAY RIDGE AV/8 AV,40.630101,-74.014612,B64
101972,BOSTON RD/BIVONA ST,40.884227,-73.833188,BX30 Bx30
405294,7 AV/W 53 ST,40.762679,-73.982234,M20
305014,S 4 ST/HOOPER ST,40.708525,-73.953557,B60
803176,SEAVIEW AV/ERSKINE ST,40.653293,-73.86626,B84
404362,SAINT CLAIRE PL/W 125 ST,40.817065,-73.959775,M125
404987,CENTRAL PARK WEST/W 66 ST,40.772331,-73.97898,M10
305078,ROCKAWAY PKWY/FARRAGUT RD,40.646699,-73.904178,B60
303610,UTICA AV/LENOX RD,40.655688,-73.930683,B46
300801,18 AV/77 ST,40.612404,-73.99687,B8
350026,AVENUE H / NEW YORK AV,40.631833,-73.944214,B103 BM2
405387,2 AV/E 56 ST,40.75843,-73.96601,M15
902122,SOUNDVIEW AV/SOUNDVIEW FERRY,40.805708,-73.848804,BX27 Bx27
301512,CRESCENT ST/WORTMAN AV,40.66357,-73.867143,B13
405340,2 AV/E 13 ST,40.73179,-73.985449,M15+ M15-SBS
104478,RIVER AV/E 150 ST,40.820631,-73.929494,BX13 Bx13
301750,REMSEN AV/LENOX RD,40.656313,-73.923802,B17 B47
301296,49 ST/9 AV,40.640598,-74.00125,B11
302707,CHURCH AV/BROOKLYN AV,40.651007,-73.943459,B35
308289,BUSHWICK AV/MONTROSE AV,40.70797,-73.939808,L90
350240,E 66 ST /AVENUE U,40.616972,-73.910658,BM1
303535,WASHINGTON AV/STERLING PL,40.6742,-73.963167,B45
308154,AVENUE N/E 46 ST,40.618746,-73.931183,B41
401679,ALLEN ST/DELANCEY ST,40.719558,-73.989999,B39 M15
901297,SHORE RD/71 ST,40.636809,-74.036295,B9
301734,REMSEN AV/AVENUE N,40.632384,-73.897068,B17
303850,NASSAU AV/MANHATTAN AV,40.723854,-73.950659,B48
101256,PROSPECT AV/E 149 ST,40.812347,-73.90448,BX17 Bx17
305670,7 AV/FLATBUSH AV,40.677797,-73.973229,B67 B69
303243,FLATBUSH AV/HAWTHORNE ST,40.657584,-73.960221,B41
350025,AVENUE H / E 38 ST,40.632202,-73.939996,B103 BM2
301098,MARCUS GARVEY BLVD/PULASKI ST,40.693096,-73.940136,B15
307682,GATES AV/STUYVESANT AV,40.688214,-73.932665,B52
306341,SHORE PKWY/BAYSIDE OIL,40.59263,-73.995848,B6
102604,PENNYFIELD AV/GLENNON PL,40.813213,-73.806792,BX40 Bx40
303943,ROGERS AV/LINDEN BLVD,40.652819,-73.952612,B49
308831,NEW LOTS AV/WARWICK ST,40.665826,-73.884059,B15
801134,JAY ST/MYRTLE PLAZA,40.694489,-73.987124,B54
300170,AVENUE R/E 34 ST,40.612172,-73.936405,B2
401301,HUDSON ST/CHARLTON ST,40.727185,-74.007248,M20
308741,3 AV/27 ST,40.6606,-74.000737,B37
301717,SHORE RD/OLIVER ST,40.618872,-74.039907,B16 X27 X37
300270,AVENUE U/E 5 ST,40.597712,-73.967156,B3
301880,WYCKOFF AV/STANHOPE ST,40.703163,-73.917502,B13
102011,BOSTON RD/BAYCHESTER AV,40.881343,-73.838673,BX30 Bx30 T113
300755,LENOX RD/ROCKAWAY PKWY,40.659264,-73.918693,B7
303800,CLASSON AV/PROSPECT PL,40.676035,-73.959586,B48
100528,BRONXWOOD AV/EAST GUN HILL RD,40.875661,-73.860554,BX8 Bx8
307251,FULTON ST/TROY AV,40.679501,-73.934459,B25
300859,BEVERLY RD/E 58 ST,40.646841,-73.922458,B8
307132,AVENUE X/SHELL RD,40.590099,-73.973522,B1
300969,KINGS PLAZA/KINGS PLAZA,40.608511,-73.920689,B9
308818,WYCKOFF ST/PALMETTO ST,40.69915,-73.91046,B26
308130,5 AV/95 ST,40.615941,-74.030883,B63
308545,AVENUE U/E 16 ST,40.598844,-73.955258,B3
104261,PITMAN AV/HILL AV,40.8974,-73.841425,BX16 Bx16
305062,ROCKAWAY AV/DEAN ST,40.674392,-73.911164,B60
305284,MANHATTAN AV/EAGLE ST,40.735462,-73.955025,B43
104004,BRUCKNER BLVD/BRUSH AV,40.827971,-73.839534,BX5 Bx5 Q44+ Q44-SBS
403728,RIVERSIDE DR WEST/157-10 RIVERSIDE DR,40.836311,-73.948435,BX6 BX6+ Bx6 Bx6-SBS
401093,COLUMBUS AV/W 86 ST,40.786185,-73.97253,M11 M7
301718,SHORE RD/RIDGE BLVD,40.616924,-74.038721,B16 X27 X37
401950,E 106 ST/2 AV,40.790384,-73.94211,M106
802180,EDWARD L GRANT HWY/W 170 St,40.840073,-73.921448,BX35 Bx35
305746,CONEY ISLAND AV/DITMAS AV,40.636296,-73.968074,B68
402105,MADISON ST/GOUVERNEUR ST,40.713218,-73.984341,M22
300942,60 ST/20 AV,40.619116,-73.98258,B9
303446,NOSTRAND AV/DEKALB AV,40.69145,-73.951842,B44
303036,KOSSUTH PL/BUSHWICK AV,40.694012,-73.926542,B38
302466,HALSEY ST/TOMPKINS AV,40.682503,-73.943314,B26
101554,CASTLE HILL AV/GLEASON AV,40.831602,-73.851029,BX22 Bx22
405430,10 AV/HARLEM RIVER DR,40.859553,-73.9224,M100
303366,NOSTRAND AV/AVENUE T,40.603052,-73.942294,B44
302380,FULTON ST/NOSTRAND AV,40.680301,-73.949161,B25
302437,CADMAN PLAZA WEST/TILLARY ST,40.696635,-73.991161,B25
102226,BAINBRIDGE AV/E 198 ST,40.86867,-73.887935,BX34 Bx34
402330,YORK AV/E 63 ST,40.761483,-73.95757,M31
301101,MARCUS GARVEY BLVD/LEXINGTON AV,40.688685,-73.939245,B15
103319,WHITE PLAINS RD/RANDALL AV,40.818147,-73.85722,BX39 Bx39
300380,AVENUE Z/SHELL RD,40.585808,-73.974196,B4
304958,ROCKAWAY AV/DITMAS AV,40.653249,-73.90646,B60
300761,KINGS HWY/CHURCH AV,40.652613,-73.923007,B7
504216,GREENPOINT AV/HUNTERS POINT AV,40.737632,-73.929512,B24
300584,WORTMAN AV/PENNSYLVANIA AV,40.655651,-73.887872,B20
302825,NOSTRAND AV/AVENUE X,40.594243,-73.940584,B44+ B44-SBS
305794,8 AV/11 ST,40.664753,-73.979955,B61
308360,NOSTRAND AV/FOSTER AV,40.638229,-73.948313,B44
307895,VETERANS AV/E 69 ST,40.619939,-73.90958,B41
405375,E 34 ST/5 AV,40.748399,-73.98435,M34+ M34-SBS M34A+ M34A-SBS
305224,COLUMBIA ST/SACKETT ST,40.684797,-74.002888,B61
308398,KENT AV/S 1 ST,40.715795,-73.966214,B32 Q59
150115,SEDGWICK AV/BAILEY AV,40.865852,-73.908181,BXM3 BxM3
301795,REMSEN AV/AVENUE M,40.633357,-73.898483,B17
307688,GATES AV/EVERGREEN AV,40.692361,-73.919202,B52
308116,RALPH AV/HERKIMER ST,40.677374,-73.921853,B47
402160,12 AV/W 43 ST,40.762552,-74.000157,M12 M50
103495,WEST FARMS RD/WESTCHESTER AV,40.824975,-73.891477,BX4A Bx4A
303088,DE KALB AV/NOSTRAND AV,40.691337,-73.952196,B38
100233,WESTCHESTER AV/OLMSTEAD AV,40.833915,-73.854443,BX4 Bx4
405325,1 AV/E 43 ST,40.749377,-73.969293,M15+ M15-SBS
304390,MYRTLE AV/CLINTON AV,40.693104,-73.96836,B54
302421,FULTON ST/WASHINGTON AV,40.6832,-73.965264,B25 B26
308808,MALCOLM X BLVD/HALSEY ST,40.684522,-73.92931,B46
300373,NEPTUNE AV/BRIGHTON 4 ST,40.580928,-73.964947,B4
401748,2 AV/E 97 ST,40.785065,-73.946555,M15
308008,GLENWOOD RD/WILLIAMS AV,40.651182,-73.892844,B6
300057,BAY RIDGE AV/FORT HAMILTON PKWY,40.628927,-74.012433,B64
301437,CRESCENT ST/ETNA ST,40.687212,-73.873251,B13
304710,FLUSHING AV/LEE AV,40.699394,-73.9538,B57
104242,SOUTHERN BLVD/AVENUE SAINT JOHN,40.812995,-73.901337,BX19 Bx19
306936,MYRTLE AV/SAINT EDWARDS ST,40.693516,-73.978273,B54
301960,PENNSYLVANIA AV/NEW LOTS AV,40.662151,-73.893256,B20 B83
505055,GREENPOINT AV/39 ST,40.738736,-73.927046,B24
401025,AMSTERDAM AV/W 81 ST,40.784688,-73.97707,M11 M7
308052,52 ST/3 AV,40.646227,-74.015297,B11
405075,AMSTERDAM AV/W 164 ST,40.837468,-73.938575,M101
308337,5 AV/45 ST,40.647691,-74.007733,B63
101441,MORRIS PARK AV/RADCLIFF AV,40.847589,-73.857469,BX21 Bx21
303701,UTICA AV/AVENUE M,40.621044,-73.927222,B46
902247,JEROME AV/BEDFORD PARK BL,40.873582,-73.889342,BX95
308522,KINGS HWY/E 94 ST,40.657709,-73.920712,B7
301041,NEW LOTS AV/BARBEY ST,40.665042,-73.885937,B15
308794,MALCOLM X BLVD/DE KALB AV,40.693143,-73.931178,B46
405247,FREDERICK DOUGLASS BLVD/114 ST,40.80317,-73.95631,M10
101562,CASTLE HILL AV/RANDALL AV,40.818611,-73.848003,BX22 Bx22
303869,FRANKLIN AV/MYRTLE AV,40.694016,-73.957966,B48
305606,BERGEN ST/CARLTON AV,40.680208,-73.971748,B65
150168,BRONX RIVER PKWY/BOSTON RD,40.853637,-73.872369,BXM11 BxM11
350198,VOORHIES AV / BRAGG ST,40.587871,-73.933867,BM3
301421,CRESCENT ST/WORTMAN AV,40.664223,-73.867149,B13
304004,OCEAN AV/AVENUE O,40.613147,-73.954153,B49
903075,LEXINGTON AV/E 126 ST,40.804888,-73.937065,M35
405068,STATE ST/WHITEHALL ST,40.702344,-74.012897,M20 M55
300036,86 ST/21 AV,40.603239,-73.995905,B1
307190,60 ST/19 AV,40.620937,-73.985328,B9
103136,MELROSE AV/E 162 ST,40.824647,-73.913525,BX41+ Bx41-SBS
901276,MCDONALD AV/CHURCH AV,40.642713,-73.979471,B90
306176,ROCKAWAY PKWY/CLARKSON AV,40.661489,-73.920433,B47
103962,VAN CORTLANDT AV W/ORLOFF AV,40.883801,-73.893294,BX10 Bx10
103256,EDSON AV/BARTOW AV,40.86732,-73.832682,BX23 Bx23
405427,DYCKMAN ST/BROADWAY,40.865323,-73.927186,M100
306204,MILL AV/RALPH AV,40.617813,-73.916647,B47
802150,RIVER AV/E 151 ST,40.822691,-73.928853,BX13 Bx13
303192,RALPH AV/CHAUNCEY ST,40.680891,-73.922428,B47
305038,WILSON AV/JEFFERSON ST,40.701954,-73.928042,B60
901539,MCDONALD AV/24 AV,40.613896,-73.974076,B90
104498,VIELE AV/WHITTIER ST,40.807142,-73.881918,BX46 Bx46
307969,STANLEY AV/CRESCENT ST,40.665458,-73.867081,B13
305897,8 AV/47 ST,40.642984,-74.001654,B70
401739,2 AV/E 122 ST,40.800564,-73.935233,M15
305370,5 AV/24 ST,40.659836,-73.994871,B63
306948,WYTHE AV/WILLIAMSBURG ST WEST,40.701688,-73.961608,B62
305039,WILSON AV/STARR ST,40.701111,-73.926557,B60
306983,STILLWELL AV/AVENUE Z,40.58442,-73.983043,B64
802166,ASCH LOOP/ADLER PL,40.870955,-73.828366,BX28 Bx28
401660,AVENUE A/E 14 ST,40.729975,-73.980567,L92
103194,DEAN AV/LAFAYETTE AV,40.833255,-73.817188,BX8 Bx8
901278,NOSTRAND AV/AVENUE H,40.631827,-73.947438,B44+ B44-SBS
503084,JAMAICA AV/121 ST,40.700332,-73.82887,J90 T340
308343,FLUSHING AV/MARCY AV,40.699767,-73.949625,B57
303358,ROCKAWAY PKWY/AVENUE M,40.637079,-73.893199,B42
300966,AVENUE L/E 36 ST,40.622593,-73.939914,B9
301767,E 80 ST/AVENUE N,40.628798,-73.902575,B17
308737,NOSTRAND AV/MONROE ST,40.685545,-73.950741,B44
300956,AVENUE M/E 18 ST,40.618294,-73.956808,B9
306570,GRAHAM AV/JACKSON ST,40.716366,-73.944743,B43
303590,UTICA AV/FILLMORE AV,40.614365,-73.926274,B46
301330,EAST NEW YORK AV/E 96 ST,40.665612,-73.925955,B12
803006,BROADWAY/W 179 ST,40.849011,-73.93689,BX3 Bx3
101180,NEREID AV/MURDOCK AV,40.899812,-73.843671,BX16 Bx16
350107,EMMONS AV / OCEAN AV,40.583555,-73.948123,BM3
304996,WILSON AV/WILLOUGHBY AV,40.701116,-73.926344,B60
301073,BERGEN ST/SCHENECTADY AV,40.675229,-73.933089,B15 B65
300219,AVENUE U/HENDRICKSON ST,40.609418,-73.92304,B3
404338,MALCOLM X BLVD/W 137 ST,40.81508,-73.940329,M102 M7
550681,21 ST/35 AV,40.761092,-73.935741,B62 Q66 Q69
102445,WEBSTER AV/VALENTINE AV,40.847867,-73.90088,BX41 Bx41
305766,CONEY ISLAND AV/AVENUE X,40.591271,-73.960793,B68
308561,BEARD ST/OTSEGO ST,40.672273,-74.011218,B61
303901,WEST END AV/HAMPTON AV,40.579575,-73.953305,B49
104510,TIFFANY ST/RANDALL AV,40.811713,-73.89046,BX46 Bx46
101366,SOUTHERN BLVD/E 149 ST,40.812224,-73.903953,BX19 Bx19 T102
301802,SEAVIEW AV/E 99 ST,40.634939,-73.887653,B17
150069,JARVIS AV/BRUCKNER BLVD,40.843186,-73.826458,BXM8 BxM8
400617,BROADWAY/W 153 ST,40.831697,-73.946385,M4 M5
305989,MERMAID AV/W 23 ST,40.576115,-73.989967,B74
403362,COLUMBUS AV/W 97 ST,40.793273,-73.967359,M11 M7
401314,FREDERICK DOUGLASS BLVD/W 135 ST,40.816206,-73.946889,M10
553040,21 ST/BROADWAY,40.765445,-73.931388,B62 Q100 Q69
306730,OCEAN AV/FOSTER AV,40.636002,-73.95844,B49
102326,E 167 ST/GRAND CONCOURSE,40.834495,-73.917284,BX35 Bx35
300526,AVENUE J/E 8 ST,40.62443,-73.967629,B6
300772,KINGS HWY/SCHENECTADY AV,40.631618,-73.930996,B7
104012,SEDGWICK AV/HARLEM RIVER BRIDGE,40.852169,-73.920468,BX18B Bx18B
301976,BROADWAY/EASTERN PKWY,40.680135,-73.90557,B20
303765,TOMPKINS AV/MYRTLE AV,40.69538,-73.946379,B43
401413,10 AV/W 57 ST,40.768926,-73.988563,M11
300152,AVENUE R/E 35 ST,40.612411,-73.935767,B2
404132,6 AV/PRINCE ST,40.727023,-74.003348,M21 M55 SIM1C SIM33 SIM33C SIM3C SIM4C SIM7 SIM9
308704,LEE AV/WALLABOUT ST,40.699835,-73.953769,B44
405514,W 18 ST/10 AV,40.744354,-74.006027,M14D+ M14D-SBS
903274,BROADWAY/W 179 ST,40.848852,-73.937108,BX11 Bx11
400409,SAINT NICHOLAS AV/W 153 ST,40.829645,-73.941744,M3
405098,1 AV /E 4 ST,40.725463,-73.986785,M15
302019,BROADWAY/ROCKAWAY AV,40.683212,-73.91117,B20 Q24 T430 T433
504095,CYPRESS HILL ST/MACHPELAH CEMETERY,40.693704,-73.884168,B13
308073,FRANKLIN AV/FULTON ST,40.680595,-73.955606,B48
306349,CLARKSON AV/KINGS COUNTY HOSPITAL,40.655835,-73.944443,B12
308269,3 AV/95 ST,40.616997,-74.033765,B37
300524,AVENUE J/E 5 ST,40.624,-73.971516,B6
103723,E 149 ST/SAINT ANN'S AV,40.814424,-73.913289,BX19 BX4 Bx19 Bx4
308594,WILLIAMSBURG ST W/KENT AV,40.700323,-73.962197,B62
300812,18 AV/53 ST,40.62622,-73.982953,B8
101481,CASTLE HILL AV/SEWARD AV,40.821456,-73.848538,BX22 Bx22
301574,SUTTER AV/BRADFORD ST,40.669925,-73.891899,B14
102389,E 174 ST/HARROD AV,40.83403,-73.874857,BX11 Bx11
306710,MOTHER GASTON BLVD/BELMONT AV,40.668642,-73.906705,B14
401910,YORK AV/E 88 ST,40.777473,-73.94591,M31 M86+ M86-SBS
302807,NEPTUNE AV/OCEAN PKWY,40.580154,-73.968083,B36
302306,BROADWAY/WYTHE AV,40.710487,-73.966188,B32 Q59
101318,SOUTHERN BLVD/E 149 ST,40.812179,-73.903625,BX19 Bx19 T102
305439,5 AV/42 ST,40.649382,-74.005971,B63
302352,GREENPOINT AV/MANHATTAN AV,40.730201,-73.954683,B24
305179,DRIGGS AV/N 11 ST,40.719035,-73.954376,B62
300438,KINGS HWY/W 3 ST,40.604593,-73.976322,B82
401595,AVENUE D/E 6 ST,40.722269,-73.977174,M14D+ M14D-SBS
301535,SUTTER AV/VAN SINDEREN AV,40.668405,-73.901302,B14
307905,NOSTRAND AV/GATES AV,40.685866,-73.950754,B44+ B44-SBS
304427,MYRTLE AV/BUSHWICK AV,40.69733,-73.932735,B54
303662,BROADWAY/MALCOLM X BLVD,40.694796,-73.931519,B46 B47
401784,2 AV/E 9 ST,40.728891,-73.987523,M15
304956,ROCKAWAY AV/FOSTER AV,40.648439,-73.905271,B60
402071,EAST HOUSTON ST/BOWERY,40.724255,-73.992852,M21
303401,NEW YORK AV/UNION ST,40.669055,-73.947727,B44
405575,WEST HOUSTON ST/VARICK ST,40.728621,-74.005044,M21
300205,AVENUE U/E 23 ST,40.599673,-73.948116,B3
303722,KINGSTON AV/PROSPECT PL,40.67418,-73.941678,B43
303560,SAINT JOHNS PL/UTICA AV,40.670647,-73.930816,B45
300934,60 ST/12 AV,40.629927,-74.000479,B9
301309,PARKSIDE AV/OCEAN AV,40.655129,-73.961122,B12
301585,MOTHER GASTON BLVD/BLAKE AV,40.666515,-73.905915,B14
401052,MALCOLM X BLVD/W 129 ST,40.810635,-73.943223,M102 M7
300843,AVENUE D/E 53 ST,40.642238,-73.926618,B8
450330,MADISON AV/E 51 ST,40.75836,-73.975077,BXM7 BxM7
304422,MYRTLE AV/WILSON AV,40.698448,-73.922294,B54
306757,PARK AV/VANDERBILT AV,40.695759,-73.969919,B62
301505,EUCLID AV /SUTTER AV,40.672756,-73.871349,B13 Q8
301049,NEW LOTS AV/VAN SINDEREN AV,40.659027,-73.899546,B15
307616,BEDFORD AV/N 3 ST,40.715782,-73.959844,B62
303350,ROCKAWAY PKWY/AVENUE L,40.638778,-73.895387,B42
504124,GRANDVIEW AV/GATES AV,40.707327,-73.903755,B13
404241,BROADWAY/CHAMBERS ST,40.714123,-74.006458,BXM18 BxM18
901020,GLENWOOD RD/REMSEN AV,40.642081,-73.906966,B17
504137,CYPRESS HILLS ST/MACHPELAH CEMETERY,40.693626,-73.88431,B13
304199,GATES AV/CENTRAL AV,40.693667,-73.918051,B52
306952,YORK ST/GOLD ST,40.701307,-73.982436,B62
402093,MADISON ST/JEFFERSON ST,40.712697,-73.988399,M22
405063,MURRAY ST/NORTH END AV,40.715733,-74.015035,M20
301404,ALBANY AV/MIDWOOD ST,40.660488,-73.939869,B12
303686,UTICA AV/LINDEN BLVD,40.653456,-73.930689,B46
400276,ADAM C POWELL BLVD/W 142 ST,40.819535,-73.94082,M2
103293,CASTLE HILL AV/EAST TREMONT AV,40.842093,-73.85341,BX4A Bx4A
101055,3 AV/ST PAULS PL,40.835687,-73.903194,BX15 Bx15
101288,MACOMBS RD/W 176 ST,40.849149,-73.916029,BX18A Bx18A
302873,3 AV/97 ST,40.61608,-74.034025,B37
102649,BALCOM AV/RANDALL AV,40.82313,-73.827752,BX42 Bx42
402867,BOWERY/GRAND ST,40.718135,-73.995079,M103
303480,NOSTRAND AV/GLENWOOD RD,40.63409,-73.947873,B44
305166,McGUINNESS BLVD/FREEMAN ST,40.734736,-73.952529,B62
300414,78 ST/RIDGE BLVD,40.630068,-74.031736,B4
103459,THROGS NECK EXPWY/PRENTISS AV,40.819695,-73.809814,BX8 BXM9 Bx8 BxM9
300662,BAY PKWY/BAY RIDGE PKWY,40.608322,-73.987319,B6
302903,3 AV/30 ST,40.659027,-74.002493,B37
303530,ATLANTIC AV/VANDERBILT AV,40.681559,-73.967208,B45
305500,14 AV/BENSON AV,40.610891,-74.013531,B64 X28 X38
304214,GATES AV/FRANKLIN AV,40.685515,-73.956944,B52
103681,WESTCHESTER AV/EAST TREMONT AV,40.840742,-73.841952,BX8 Bx8
305711,CONEY ISLAND AV/AVENUE L,40.620353,-73.964206,B68
308716,NOSTRAND AV/KINGS HWY,40.615813,-73.944766,B44
402144,E 23 ST/2 AV,40.738311,-73.981712,M23+ M23-SBS QM63 QM64 QM68 SIM10 SIM11 SIM3 SIM31 SIM6
102359,EAST TREMONT AV/JEROME AV,40.851512,-73.908889,BX36 Bx36
302299,BEDFORD AV/S 2 ST,40.713523,-73.961861,B62
301686,13 AV/54 ST,40.632347,-73.99501,B16
503593,48 ST/47 AV,40.740618,-73.917395,B24
303861,LORIMER ST/BROADWAY,40.704525,-73.947881,B48
901567,EASTERN PKWY/FRANKLIN AV,40.67064,-73.957695,B96
308332,5 AV/PROSPECT AV,40.664135,-73.990452,B63
801076,GLENWOOD RD/E 94 ST,40.643466,-73.904788,B17
306725,ROCKAWAY AV/BLAKE AV,40.665955,-73.909697,B60
150037,BRUCKNER BLVD/WHITE PLAINS RD,40.825615,-73.859129,BXM8 BxM8
104266,3 AV/E 182 ST,40.852555,-73.892487,BX15 Bx15
103266,3 AV/CLAREMONT PKWY,40.838304,-73.901199,BX15 Bx15
307549,GREENE AV/VANDERBILT AV,40.686401,-73.968035,B52
101245,CROTONA AV/CLAREMONT PKWY,40.836561,-73.897783,BX17 Bx17
303294,LIVINGSTON ST / NEVINS ST,40.687734,-73.981057,B103
303958,ROGERS AV/ST MARKS AV,40.675598,-73.952668,B49
504390,FLUSHING AV/60 ST,40.719459,-73.906504,B57
101201,E 134 ST/WILLOW AV,40.801674,-73.913082,BX33 Bx33
103312,WHITE PLAINS RD/LAFAYETTE AV,40.821666,-73.858255,BX39 Bx39
304009,OCEAN AV/AVENUE T,40.601308,-73.951907,B49
306829,AVENUE M/E 9 ST,40.617403,-73.966105,B9
303729,THROOP AV/HALSEY ST,40.682743,-73.940834,B43
102114,MORRIS AV/E 156 ST,40.821933,-73.920463,BX32 Bx32
308804,UTICA AV/CHURCH AV,40.652508,-73.930416,B46
405234,BROADWAY/W 120 ST,40.810369,-73.962559,M104 M4 M60+ M60-SBS
102062,LACONIA AV/E 233 ST,40.88958,-73.845869,BX31 Bx31
403887,2 AV/E 54 ST,40.757149,-73.966937,M15
300826,FOSTER AV/E 18 ST,40.635483,-73.959996,B8
301152,DUMONT AV/FOUNTAIN AV,40.66924,-73.873934,B15
305393,ATLANTIC AV/BOND ST,40.687143,-73.985137,B63
100329,BRUCKNER BLVD/CROSBY AV,40.834499,-73.826158,BX5 Bx5
404018,RIVERSIDE DR/W 139 ST,40.823483,-73.955501,M11
102168,MORRIS AV/E 163 ST,40.826993,-73.917743,BX32 Bx32
350033,AVENUE K /E 38 ST,40.625714,-73.938914,BM1
305447,5 AV/58 ST,40.64049,-74.015167,B63
402228,W 57 ST/5 AV,40.763206,-73.974446,M31 M57
307103,WORTMAN AV/VERMONT ST,40.656089,-73.887024,B20
404921,FORT WASHINGTON AV/W 168 ST,40.842408,-73.94209,M4
103137,MELROSE AV/E 153 ST,40.819155,-73.916275,BX41 Bx41
450552,E 34 ST/PARK AV,40.747533,-73.982055,BM5 QM1 QM10 QM12 QM2 QM20 QM24 QM4 QM5 QM6
101794,MORRISON AV/WESTCHESTER AV,40.829097,-73.87457,BX27 Bx27
301090,LEWIS AV/MYRTLE AV,40.69705,-73.937784,B15
401706,1 AV/E 64 ST,40.762984,-73.959485,M15
403829,W 125 ST/SAINT CLAIR PL,40.817202,-73.959504,M125
103933,BAINBRIDGE AV/EAST MOSHOLU PKWY SOUTH,40.872039,-73.882601,BX34 Bx34
901824,DE KALB AV/BROADWAY,40.693845,-73.929884,B38
301744,REMSEN AV/DITMAS AV,40.648043,-73.914547,B17
306221,VAN SICLEN AV/LINDEN BLVD,40.661021,-73.885952,B83
306468,NOSTRAND AV/FLATBUSH AV,40.632419,-73.947699,B11
102017,BOSTON RD/WILSON AV,40.875276,-73.851218,BX30 Bx30
305700,CONEY ISLAND AV/GRAVESEND NECK RD,40.594702,-73.960781,B68
302718,CHURCH AV/E 56 ST,40.652456,-73.924192,B35
401223,8 AV/W 14 ST,40.739885,-74.002263,M20
101448,EAST TREMONT AV/MORRIS PARK AV,40.839878,-73.873986,BX21 BX36 Bx21 Bx36
301555,DREW ST/DUMONT AV,40.670853,-73.861339,B14
305831,VANDERBILT AV/PARK AV,40.695567,-73.9704,B69
402741,AMSTERDAM AV/W 173 ST,40.84312,-73.934443,M101
101157,E 233 ST/SECOR AV,40.889132,-73.831801,BX16 Bx16
902017,CITY ISLAND RD/CITY ISLAND CIRCLE,40.859963,-73.802896,BX12 Bx12
301172,50 ST/10 AV,40.638227,-73.99902,B11
101415,MORRIS PK AV/ADAMS ST,40.841724,-73.872104,BXM10 BxM10
102635,PENNYFIELD AV/FEARN PL,40.811478,-73.805164,BX40 Bx40
308021,STERLING PL/CLASSON AV,40.674017,-73.960247,B45
306860,GERRITSEN AV/AVENUE T,40.603334,-73.936672,B31
902139,BOSTON RD/GUN HILL RD,40.873391,-73.853586,BX30 Bx30
401710,1 AV/E 75 ST,40.769986,-73.95435,M15
301010,60 ST/6 AV,40.638388,-74.014214,B9
301761,EASTERN PKWY/UTICA AV,40.668829,-73.931252,B99
306154,RALPH AV/E 65 ST,40.622262,-73.917471,B47
101410,BOSTON RD/VYSE AV,40.839112,-73.884631,BX21 Bx21
505277,GREENPOINT AV/STARR AV,40.734909,-73.936357,B24
150019,BOSTON RD/BURKE AV,40.870733,-73.856442,BX30 Bx30
303625,MALCOLM X BLVD/HALSEY ST,40.684479,-73.92929,B46+ B46-SBS
401373,7 AV SOUTH/BARROW ST,40.732573,-74.003525,M20
300278,AVENUE U/W 12 ST,40.595904,-73.983555,B3
304984,WILSON AV/SCHAEFFER ST,40.690426,-73.907548,B60
102966,E 161 ST/RIVER AV,40.82788,-73.926034,BX13 Bx13
307921,WILLIAMSBURG BRIDGE PLAZA/LANE 2,40.709539,-73.95942,B24
303140,RALPH AV/ATLANTIC AV,40.677243,-73.921716,B47
301654,CATON AV/E 8 ST,40.647732,-73.972587,B16
403555,AMSTERDAM AV/W 69 ST,40.776913,-73.982741,M11
504182,COVERT ST/WYCKOFF AV,40.695042,-73.903805,B20
100133,GRAND CONCOURSE/E 161 ST,40.826258,-73.923044,BX1 BX2 Bx1 Bx2
102283,E 167 ST/MORRIS AV,40.833264,-73.914262,BX35 Bx35
100779,PLIMPTON AV/EDWARD L GRANT HWY,40.842407,-73.922982,BX13 Bx13
303596,UTICA AV/AVENUE J,40.628507,-73.927779,B46
103119,WHITE PLAINS RD/E 228 ST,40.889836,-73.85928,BX39 Bx39
302471,HALSEY ST/MALCOLM X BLVD,40.684161,-73.928858,B26
901705,WYCKOFF AV/DEKALB AV,40.70428,-73.919113,L90
302763,CHURCH AV/RUGBY RD,40.647941,-73.967066,B35
100576,WEST KINGSBRIDGE RD/KINGSBRIDGE TERR,40.870345,-73.904246,BX9 Bx9
405319,MADISON ST/CATHERINE ST,40.71193,-73.997157,M15+ M15-SBS
405558,2 AV/E 111 ST,40.793598,-73.940351,M15
101286,MACOMBS RD/GOBLE PL,40.844479,-73.917392,BX18A Bx18A
302321,KINGSLAND AV/SKILLMAN AV,40.716268,-73.940066,B24
903374,7 AV/W 24 ST,40.744618,-73.995453,M20 M7
101237,CROTONA AV/E 187 ST,40.853612,-73.883865,BX17 Bx17
307199,AVENUE L/FLATBUSH AV,40.622875,-73.937349,B9
401665,WATER ST/OLD SLIP,40.704274,-74.00849,M15 SIM5
305929,8 AV/52 ST,40.639762,-74.005166,B70
402126,W 23 ST/8 AV,40.745059,-73.998141,M23+ M23-SBS
304672,FLUSHING AV/WYCKOFF AV,40.707568,-73.923859,B57
403399,SOUTH END AV/ALBANY ST,40.710724,-74.016075,M20 M9
306291,EUCLID AV /LINDEN BLVD,40.668224,-73.870265,B13 Q8
902120,WEBSTER AV/E 170 ST,40.835554,-73.907699,BX41+ Bx41-SBS
505274,GATES AV/WYCKOFF AV,40.700079,-73.91161,B13
307042,SHORE PKWY/E 28 ST,40.584996,-73.941046,B4
801007,BROOKLYN BRIDGE PARK RD/JORALEMON ST,40.693001,-74.000512,B63
301604,SHORE RD/99 ST,40.614081,-74.037102,B16 X27 X37
307988,CADMAN PLAZA WEST/JOHNSON ST,40.694944,-73.990592,B103
307935,METROTECH UNDERPASS/LAWRENCE ST,40.692969,-73.986036,B54
300174,AVENUE R/GERRITSEN AV,40.608404,-73.942236,B2
300168,E 36 ST/FILLMORE AV,40.611333,-73.933006,B2
300750,SARATOGA AV/DUMONT AV,40.662788,-73.915859,B7
402347,YORK AV/E 82 ST,40.773109,-73.949262,M31
305532,BATH AV/23 AV,40.596819,-73.994973,B64
303626,MALCOLM X BLVD/PUTNAM AV,40.686684,-73.929724,B46
103211,JEROME AV/W 177 ST,40.850106,-73.91072,BX32 Bx32
308242,4 AV/63 ST,40.639473,-74.019603,B9
402520,AMSTERDAM AV/W 143 ST,40.824241,-73.94826,M100 M101
306932,MYRTLE AV/ASHLAND PL,40.693431,-73.979334,B54
405671,1 AV/E 3 ST,40.724496,-73.987484,M15
103785,RANDALL AV/TAYLOR AV,40.81705,-73.862075,BX27 Bx27
300322,AVENUE Z/WEST ST,40.586228,-73.969541,B4
404219,BROADWAY/WARREN ST,40.713766,-74.006749,M22 SIM2 SIM34
801154,DREW ST/LINDEN BLVD,40.669209,-73.860902,B15
300129,ORIENTAL BLVD/WEST END AV,40.576804,-73.953057,B1
902137,KENNELLWORTH PL/SPENCER DR,40.84311,-73.822535,BX24 Bx24
101069,WILLIS AV/E 144 ST,40.812711,-73.920405,M125
308257,3 AV/23 ST,40.66316,-73.998136,B37
401031,AMSTERDAM AV/W 96 ST,40.794323,-73.970039,M11 M7
903074,W 54 ST/11 AV,40.768191,-73.992545,M31
303856,LORIMER ST/AINSLIE ST,40.712316,-73.949148,B48
306168,RALPH AV/CHURCH AV,40.653133,-73.920772,B47
307819,DEAN ST/CLASSON AV,40.678142,-73.958453,B65
104097,WEBSTER AV/E 189 ST,40.860578,-73.89242,BX41 Bx41
901827,MOTHER GASTON BLVD/RIVERDALE AV,40.661452,-73.904806,B99
101839,MORRISON AV/WATSON AV,40.827024,-73.873844,BX27 Bx27
504396,FLUSHING AV/METROPOLITAN AV,40.713603,-73.915679,B57
304658,FLUSHING AV/BEDFORD AV,40.698963,-73.956622,B57
300265,AVENUE U/E 16 ST,40.598941,-73.955956,B3
101207,PROSPECT AV/E 149 ST,40.812625,-73.9043,BX17 Bx17
400287,ADAM C POWELL BLVD/W 116 ST,40.803591,-73.952433,M2
307121,MANHATTAN AV/NASSAU AV,40.72369,-73.950686,B43 T403
307668,UTICA AV/EASTERN PKWY,40.668476,-73.931074,B46+ B46-SBS
307678,GATES AV/TOMPKINS AV,40.686906,-73.944118,B52
401274,FREDERICK DOUGLASS BLVD/W 127 ST,40.811747,-73.949887,M10
306916,GLENWOOD RD/E 108 ST,40.650247,-73.894615,B6
300543,GLENWOOD RD/E 34 ST,40.634192,-73.94359,B6
803168,FLATLANDS AV/ATKINS AV,40.659458,-73.871033,B84
103174,CROSBY AV/WATERBURY AV,40.838651,-73.829034,BX8 Bx8
303568,SAINT JOHNS PL/ROGERS AV,40.671833,-73.952967,B45
402155,W 23 ST/9 AV,40.746716,-74.001653,M23+ M23-SBS
102085,EASTCHESTER RD/CHESTER ST,40.878752,-73.847424,BX31 Bx31
308835,SAINT JOHNS PL/RALPH AV,40.670249,-73.92385,B65
301061,E 98 ST/DUMONT AV,40.662727,-73.920292,B15
103366,WHITE PLAINS RD/PELHAM PKWY,40.857117,-73.867549,BX39 Bx39 T117
405493,HELL GATE CIRCLE/SUNKEN GARDEN LOOP,40.785395,-73.929126,M35
301956,PENNSYLVANIA AV/WORTMAN AV,40.655845,-73.888435,B20
504244,SENECA AV/GATES AV,40.703241,-73.908298,B38
302696,CHURCH AV/CONEY ISLAND AV,40.646222,-73.971013,B35
302686,39 ST/10 AV,40.644356,-73.992613,B35
700837,COOPER ST/WILSON AV,40.689236,-73.906052,B111
402641,AMSTERDAM AV/W 152 ST,40.829745,-73.944372,M100 M101
901001,FLATBUSH AV/AV U,40.609407,-73.921791,B2
400080,CENTRE ST/BROOME ST,40.720678,-73.997674,M1
103613,HUGH GRANT CIR/WESTCHESTER AV,40.832774,-73.860428,BX4 Bx4
904219,44 DR/23 ST,40.74747,-73.944334,B94
350112,FILLMORE AV / E 32 ST,40.609613,-73.935788,B100
400403,SAINT NICHOLAS AV/W 139 ST,40.82015,-73.946481,M3
101159,DYRE AV/BOSTON RD,40.884825,-73.83149,BX16 Bx16
307926,FULTON ST/ALBANY AV,40.679664,-73.937573,B25
302803,SURF AV/W 6 ST,40.574976,-73.974593,B36
901090,KINGS HWY/FRASER SQ,40.620145,-73.941484,B82
802173,3 AV/149 ST,40.815909,-73.917815,BX41 Bx41
302819,AVENUE Z/E 22 ST,40.588696,-73.947059,B36
305753,CONEY ISLAND AV/AVENUE K,40.622033,-73.964795,B68
400234,ADAM C POWELL BLVD/W 129 ST,40.811718,-73.946105,M2
400051,MADISON AV/E 118 ST,40.801507,-73.943618,M1
102978,OLMSTEAD AV/SEWARD AV,40.820506,-73.851633,BX36 Bx36
300390,STILLWELL AV/QUENTIN RD,40.60499,-73.986718,B4
404950,E 34 ST/1 AV,40.743792,-73.973651,M34+ M34-SBS QM11 QM25 QM65 QM7 QM8
901779,sheepshead bay rd/voorhies av,40.583237,-73.952301,B102
307355,CADMAN PLAZA WEST/CRANBERRY ST,40.699009,-73.991217,B25
300788,E 16 ST / KINGS HWY,40.608438,-73.957361,B100
302500,HALSEY ST/HOWARD AV,40.685193,-73.920816,B26
300790,CROPSEY AV/15 AV,40.606253,-74.014512,B8 X28 X38
400093,5 AV/W 137 ST,40.813791,-73.937003,M1
300519,BAY PKWY/64 ST,40.614634,-73.980467,B6
303697,UTICA AV/AVENUE I,40.630083,-73.928188,B46
101525,GOULDEN AV/BEDFORD PARK BLVD,40.875294,-73.894407,BX22 Bx22
301552,SUTTER AV/LINCOLN AV,40.673527,-73.866348,B14
400230,ADAM C POWELL BLVD/W 121 ST,40.806598,-73.949844,M2
306318,AVENUE N/E 45 ST,40.618579,-73.931828,B41
308706,NOSTRAND AV/KOSKIUSKO ST,40.69078,-73.951715,B44+ B44-SBS
405352,LEWIS ST/GRAND ST,40.714038,-73.979844,M21
350131,FILLMORE AV / MARINE PKWY,40.608528,-73.93781,B100
100950,WESTCHESTER AV/WILKINSON AV,40.851708,-73.829539,BX24 Bx24
308217,5 AV/7 ST,40.67017,-73.985584,B63
308358,V A HOSPITAL/BAY 1,40.608122,-74.022985,B8
301035,FOUNTAIN AV/HEGEMAN AV,40.667935,-73.872646,B15
401084,MANHATTAN AV/W 108 ST,40.799754,-73.960764,M116 M7
403681,W 145 ST/BROADWAY,40.826198,-73.950148,BX19 Bx19
304053,FLATLANDS AV/E 57 ST,40.630435,-73.920928,B82
403717,W 135 ST/SAINT NICHOLAS AV,40.816986,-73.947789,BX33 Bx33
103037,HUGH GRANT CIRCLE/METROPOLITAN AV,40.833748,-73.861047,BXM6 BxM6
308668,KENT AV/N 9 ST,40.721534,-73.960224,B32
901553,MCDONALD AV/18 AV,40.630644,-73.977082,B90
301430,CRESCENT ST/GLENMORE AV,40.676785,-73.870238,B13
102308,E 169 ST/INTERVALE AV,40.828462,-73.895692,BX35 Bx35
301791,REMSEN AV/FLATLANDS AV,40.639885,-73.905751,B17
902202,W 168 ST/W 167 ST,40.838721,-73.928037,BX18A Bx18A
300806,18 AV/66 ST,40.618717,-73.990476,B8
405374,W 41 ST/8 AV,40.756549,-73.990123,M104
303874,FRANKLIN AV/GATES AV,40.685645,-73.956636,B48
308958,PARK AV/NAVY ST,40.696523,-73.980231,B62
306183,CLARKSON AV/E 94 ST,40.659415,-73.922873,B47
306063,COURT ST/NELSON ST,40.676204,-73.998925,B57
902199,WHITE PLAINS RD/E 236 ST,40.895748,-73.856155,BX39 Bx39
307838,AVENUE M/E 15 ST,40.618013,-73.959211,B9
405451,11 AV/W 23 ST,40.748324,-74.007569,M12
504116,GATES AV/CYPRESS AV,40.702221,-73.909555,B13
405293,7 AV/W 55 ST,40.763975,-73.981348,M20
401625,AVENUE D/EAST HOUSTON ST,40.72009,-73.97855,M14D+ M14D-SBS
504294,JAMAICA AV/METROPOLITAN AV,40.702458,-73.817514,J90 T340
403528,W 34 ST/9 AV,40.753361,-73.996044,M34+ M34-SBS SIM23 SIM24
302623,FLATBUSH AV/LINCOLN RD,40.660947,-73.961001,B41
103007,RESERVOIR AV/WEST KINGSBRIDGE RD,40.868113,-73.899947,BX22 Bx22
303042,DE KALB AV/IRVING AV,40.702905,-73.920529,B38
401101,COLUMBUS AV/W 66 ST,40.773753,-73.981594,M11 M7
308082,9 ST/SMITH ST,40.674697,-73.997577,B61
401778,2 AV/E 25 ST,40.738933,-73.980226,M15
303317,FLATBUSH AV/NOSTRAND AV,40.632295,-73.947221,B41
303495,NOSTRAND AV/AVENUE U,40.600537,-73.942008,B44+ B44-SBS
305344,5 AV/80 ST,40.626054,-74.023956,B63
101489,CASTLE HILL AV/WESTCHESTER AV,40.834551,-73.851652,BX22 Bx22
301538,SUTTER AV/PENNSYLVANIA AV,40.66937,-73.894783,B14
300708,SARATOGA AV/SUTTER AV,40.666456,-73.916681,B7
303997,OCEAN AV/AVENUE H,40.630144,-73.957362,B49 T464
308265,3 AV/52 ST,40.646485,-74.016081,B37
100496,WILLIAMSBRIDGE RD/NEILL AV,40.854531,-73.854532,BX8 Bx8 T113
504101,COOPER AV/62 ST,40.697799,-73.892795,B13
308228,BATH AV/15 AV,40.608278,-74.0133,B64
100373,E 163 ST/TINTON AV,40.822518,-73.902747,BX6 Bx6
400621,BROADWAY/W 161 ST,40.83674,-73.942702,M4 M5
450378,TRINITY PL/THAMES ST,40.708267,-74.012551,BXM18 BxM18 QM65
301758,TROY AV/MONTGOMERY ST,40.664936,-73.936985,B17
404075,W 96 ST/COLUMBUS AV,40.793081,-73.967825,M106 M96
301119,SAINT JOHNS PL/BUFFALO AV,40.670182,-73.925012,B15
308845,LIVINGSTON ST/SMITH ST,40.69022,-73.987435,B41
307593,4 AV/92 ST,40.618234,-74.030316,B8
983069,QUENTIN RD/OCEAN AV,40.608807,-73.952864,B100
102092,EASTCHESTER RD/ALLERTON AV,40.864834,-73.843483,BX31 Bx31
104514,LONGWOOD AV/DAWSON ST,40.818132,-73.899136,BX46 Bx46
104493,TIFFANY ST/RANDALL AV,40.811366,-73.890571,BX46 Bx46
300395,BAY RIDGE PKWY/20 AV,40.611059,-73.992054,B4
301610,NARROWS AV/86 ST,40.62521,-74.039086,B16
103927,UNIVERSITY AV/HALL OF FAME TERR,40.856575,-73.909952,BX3 Bx3
103127,WESTCHESTER AV/BRYANT AV,40.826389,-73.888671,BX4 Bx4
305232,VAN BRUNT ST/WOLCOTT ST,40.677144,-74.013242,B61
102806,WEBSTER AV/EAST FORDHAM RD,40.861287,-73.891854,BX41+ Bx41-SBS
303082,DE KALB AV/STUYVESANT AV,40.693353,-73.934547,B38
100981,WESTCHESTER AV/WILKINSON AV,40.851299,-73.829945,BX24 Bx24
403167,BROADWAY/W 74 ST,40.780165,-73.981863,M104
300301,BAY RIDGE PKWY/17 AV,40.614605,-73.998051,B4
404274,W 116 ST/MALCOLM X BLVD,40.802292,-73.950025,M116 M7
308377,CRESCENT ST/ATLANTIC AV,40.682083,-73.871634,B13
102133,JEROME AV/EAST BURNSIDE AV,40.853696,-73.907371,BX32 Bx32
100982,WESTCHESTER AV/SAINT THERESA AV,40.84933,-73.830543,BX24 Bx24
302505,HALSEY ST/LEWIS AV,40.6835,-73.935554,B26
307404,CADMAN PLAZA WEST/JOHNSON ST,40.695776,-73.990905,B26
300702,LENOX RD/ROCKAWAY PKWY,40.659694,-73.917875,B7
901731,LIVINGSTON ST/NEVINS ST,40.688156,-73.981601,B103
307674,GATES AV/FRANKLIN AV,40.685527,-73.956108,B52
504223,GREENPOINT AV/42 ST,40.740345,-73.923396,B24
104260,PITMAN AV/MURDOCK AV,40.897308,-73.842654,BX16 Bx16
102991,WEBSTER AV/E 195 ST,40.864145,-73.888173,BX41 Bx41
308782,CLARKSON AV/ROGERS AV,40.655312,-73.952805,B12
304399,MYRTLE AV/NOSTRAND AV,40.694908,-73.952639,B54
306072,9 ST/8 AV,40.665492,-73.978902,B61
400089,MALCOLM X BLVD/W 142 ST,40.818247,-73.938003,M1 M102 M7
503392,JAMAICA AV/111 ST,40.69694,-73.83692,J90 Q56 T340
400719,WEST HOUSTON ST/SULLIVAN ST,40.727752,-74.001516,M21
300306,STILLWELL AV/BAY PKWY,40.607636,-73.987424,B4
303389,NEW YORK AV/SNYDER AV,40.64941,-73.946427,B44
300881,FOSTER AV/RUGBY RD,40.63355,-73.964325,B8
308585,FORT HAMILTON PKWY/86 ST,40.620356,-74.024532,B70
102132,JEROME AV/EAST TREMONT AV,40.851642,-73.909268,BX32 Bx32
402549,BROADWAY/DYCKMAN ST,40.865578,-73.926845,BX7 Bx7
350164,QUENTIN RD / NOSTRAND AV,40.609755,-73.94382,B100
303564,SAINT JOHNS PL/KINGSTON AV,40.671248,-73.941878,B45
307632,NASSAU AV/VARICK ST,40.726541,-73.93623,B48
304436,MYRTLE AV/BEDFORD AV,40.694595,-73.956369,B54
300157,AVENUE S/RYDER ST,40.61104,-73.929213,B2
504236,SENECA AV/PALMETTO ST,40.702821,-73.907833,B38 M90 T410
308245,4 AV/60 ST,40.640852,-74.018683,B9
306023,9 ST/3 AV,40.671428,-73.990912,B61
302863,SURF AV/W 27 ST,40.573222,-73.993211,B36
403712,W 135 ST/5 AV,40.812924,-73.937965,BX33 Bx33
300443,KINGS HWY/E 7 ST,40.606182,-73.965268,B82
300719,THOMAS S BOYLAND ST/BAINBRIDGE ST,40.683126,-73.914485,B7
300046,13 AV/84 ST,40.615392,-74.012419,B64
307902,MARCUS GARVEY BLVD/GATES AV,40.687208,-73.938965,B15
300767,KINGS HWY/FOSTER AV,40.64015,-73.925779,B7
402769,AMSTERDAM AV/W 178 ST,40.845883,-73.932601,M101
200594,JEWETT AV/BURNSIDE AV,40.622558,-74.131998,S66
401908,E 86 ST/1 AV,40.776744,-73.949236,M86+ M86-SBS
553228,21 ST/21 AV,40.782374,-73.914396,Q100
404160,E 42 ST/MADISON AV,40.752533,-73.978889,M42
500672,BEDELL ST/130 AV,40.678218,-73.770914,Q85 Q89
550417,CROSS BAY BLVD/163 AV,40.652627,-73.838457,Q41 Q52+ Q52-SBS Q53+ Q53-SBS QM15 QM16 QM17
200293,VICTORY BLVD/MONTGOMERY AV,40.63808,-74.077679,S46 S48 S61 S62 S66
552939,YELLOWSTONE BLVD/68 AV,40.726267,-73.848583,QM11 QM12 QM42
801213,QUENTIN RD/E 16 ST,40.608418,-73.956935,T464
504204,ATLANTIC AV/VAN WYCK EXPWY WEST,40.697212,-73.81445,Q24
202502,MILL RD/ISERNIA AV,40.562631,-74.111545,S57 S76 S86
551430,48 AV/48 ST,40.739208,-73.918017,Q39
200284,VICTORY BLVD/VAN DUZER ST,40.638187,-74.078339,S46 S48 S61 S62 S66
550229,LIBERTY AV /VAN WYCK EXPWY,40.691734,-73.81117,Q112 Q9
502490,QUEENS BLVD/UNION TPKE,40.714421,-73.831749,Q60 QM18 QM63 QM64 QM65 QM68
552475,ROCKAWAY TPKE/5 TOWNS SHOPPING CENTER,40.637483,-73.740657,Q113 Q114
503981,29 AV/167 ST,40.770786,-73.797961,Q16
982482,METROPOLITAN AV/71 AV,40.710622,-73.851187,QM12 QM42
553318,BROADWAY/48 ST,40.756169,-73.912783,Q104
201038,HYLAN BLVD/EVERGREEN AV,40.59125,-74.087864,S78 SIM1 SIM10 SIM11 SIM1C SIM7
350011,FLATBUSH AV/AVENUE U,40.610122,-73.922442,Q35
200332,MAPLE PKWY/WALLOON ST,40.632724,-74.156614,S46 S96
201106,HYLAN BLVD/BURGHER AV,40.590456,-74.088709,S78 SIM1 SIM10 SIM11 SIM1C SIM7
201136,HYLAN BLVD/KEEGANS LN,40.549433,-74.137805,S78 SIM1 SIM10 SIM1C SIM5 SIM6 SIM7 SIM9
501512,UTOPIA PKWY/ST JOHNS UNIVERSITY,40.721078,-73.790371,Q30 Q31 Q75
504298,METROPOLITAN AV/125 ST,40.704872,-73.827177,Q54
203720,SOUTH AV/BRABANT ST,40.632063,-74.166268,S40 S90 SIM33 SIM33C SIM34
550052,SUTPHIN BLVD/FOCH BLVD,40.680339,-73.792124,Q6
551285,ELIOT AV/67 ST,40.718306,-73.893721,Q14
200627,CLOVE RD/VAN CORTLANDT AV,40.614859,-74.102188,S53 S66
552446,MOTT AV /REDFERN AV,40.605156,-73.75459,Q114 Q121
501087,UNION ST/NORTHERN BLVD,40.763452,-73.828117,Q16 Q28
203566,MILL RD/AVISTON ST,40.555692,-74.116607,S76 S86
200020,RICHMOND TERR/NICHOLAS AV,40.639616,-74.139389,S90
500044,BRADDOCK AV/240 ST,40.726437,-73.72863,Q1
200176,BAY ST/NICK LAPORTE PL,40.641846,-74.075573,S42 S46 S48 S51 S52 S61 S62 S66 S74 S76 S78
202486,NEW DORP LN/MILL RD,40.568595,-74.10635,S76 S86
201700,MANOR RD/KINGSLEY AV,40.622567,-74.1243,S54
503387,JAMAICA AV/98 ST,40.694791,-73.847319,Q56
503986,HOLLIS AV/201 ST,40.706232,-73.756045,Q2
503605,BEDELL ST/FARMERS BLVD,40.673796,-73.763997,Q85 Q89
203903,ELTINGVILLE/TRANSIT CENTER,40.560388,-74.171241,SIM22 SIM31 SIM4 SIM4C SIM8
552439,BEACH 9 ST /CORNAGA AV,40.603245,-73.745835,Q113 Q114
203677,FOREST AV/GOETHALS RD NORTH,40.625576,-74.176288,S40 S90 SIM30
505213,KISSENA BLVD/SANFORD AV,40.757333,-73.827197,Q17 Q25 Q26 Q27 Q65
550950,108 ST/CORONA AV,40.743521,-73.855139,Q23
551671,QUEENS BLVD/ MAIN ST,40.709771,-73.819786,Q60 QM21 QM65 QM68
904242,LAGUARDIA/TERMINAL B,40.772845,-73.872477,M60+ M60-SBS Q70+ Q70-SBS Q72 Q90
203902,ELTINGVILLE/TRANSIT CENTER,40.560781,-74.170729,S79+ S79-SBS
304529,JAMAICA AV/SCHENCK AV,40.681467,-73.890263,Q56
552318,GUY R BREWER BLVD/144 AV,40.669369,-73.772492,Q115
200132,LILY POND AV/McCLEAN AV,40.599189,-74.063759,S51 S53 SIM5 SIM6 SIM9
502947,73 AV/SPRINGFIELD BLVD,40.74235,-73.753927,Q88
450014,6 AV/W 42 ST,40.75459,-73.984193,QM2 QM20 QM4
401566,CHRISTOPHER ST/7 AV SOUTH,40.733577,-74.003341,M8
200968,HYLAN BLVD/BRIGHTON ST,40.504403,-74.243602,S59 S78 SIM2 SIM25 SIM26
504320,METROPOLITAN AV/METRO MALL,40.712327,-73.889302,Q38 Q54 Q67
500491,120 AV/222 ST,40.689864,-73.741295,Q84
250058,GLEN ST/VICTORY BLVD,40.591974,-74.19263,SIM2 SIM25 SIM26
202707,HAROLD ST/SUNSET AV,40.601069,-74.134137,S61 S91 SIM31
200031,RICHMOND TERR/TOMPKINS CT,40.640151,-74.1207,S40
505258,HORACE HARDING EXPWY/SPRINGFIELD BLVD,40.749192,-73.7561,Q30
502309,UNION TPKE/168 ST,40.722923,-73.799964,Q45 QM1 QM31 QM35 QM5 QM6 QM7 QM8
552156,VERNON BLVD/BROADWAY,40.767725,-73.936504,Q103 Q104
503148,211 ST/18 AV,40.782031,-73.78155,QM2 QM32
500899,NORTHERN BLVD/DOUGLASTON PKWY,40.765458,-73.744199,Q12
202717,TRAVIS AV/EVANS ST,40.586863,-74.151106,S61 S91
504023,94 ST/23 AV,40.768784,-73.876255,M60+ M60-SBS Q72
500315,MURDOCK AV/SPRINGFIELD BLVD,40.703532,-73.740957,Q83
200460,ELTINGVILLE/TRANSIT CENTER,40.560645,-74.171275,S55 S56 S59 S74 S84 S89
201128,HYLAN BLVD/GUYON AV,40.560209,-74.120441,S78 S79+ S79-SBS SIM1 SIM10 SIM1C SIM5 SIM6 SIM7 SIM9
400518,5 AV/W 41 ST,40.752947,-73.981346,M4 M5 Q32
552472,ROCKAWAY TPKE/PENINSULA BLVD,40.628405,-73.73711,Q114
502727,14 AV/PARSONS BLVD,40.78688,-73.821902,Q76
500507,MERRICK BLVD/BAISLEY BLVD,40.684112,-73.770144,Q5 Q84 Q85 Q86 Q87 Q89 QM63
502374,UNION TPKE/LITTLE NECK PKWY,40.744253,-73.717537,Q46 Q48 QM36 QM6
500976,LITTLE NECK PKWY/CULLMAN AV,40.755554,-73.723308,Q36 QM35 QM5 QM8
550625,ASTORIA BLVD/84 ST,40.764509,-73.884904,Q19
552259,PENINSULA BLVD/ROCKAWAY TPKE,40.628457,-73.736962,Q111
404956,BATTERY PL/WASHINGTON ST,40.704955,-74.015609,SIM2
905160,N.J. Tpke/route 439 (N.B.),40.643289,-74.210476,SIM22 SIM23 SIM24 SIM25 SIM26 SIM8
404294,WEST HOUSTON ST/WASHINGTON  ST,40.729001,-74.009391,SIM7 SIM9
501952,JERICHO TPKE/BRADDOCK AV,40.724679,-73.724062,Q110 Q36
504034,46 AV/163 ST,40.753805,-73.8043,Q26 Q27
551771,COLLEGE POINT BLVD/23 AV,40.778783,-73.846001,Q26
203528,BLOOMINGDALE RD/OPP KRAMER AV,40.542012,-74.218189,S55 S74
551441,23 ST/QUEENS PLAZA SOUTH,40.751173,-73.942272,Q66 Q69
551408,FOREST AV/GATES AV,40.70794,-73.903769,Q14 Q39
503470,GRAND AV/69 PL,40.726466,-73.894339,Q58 Q59 Q98
551761,NORTHERN BLVD/MAIN ST,40.762757,-73.832236,Q19 Q63 Q66
201497,FOREST AV/JEWETT AV,40.626273,-74.130921,S48 S98 SIM30 SIM35
502302,UNION TURNPIKE/MAIN ST,40.717657,-73.816729,Q45 Q46 Q48 QM1 QM31 QM35 QM5 QM6 QM7 QM8
200839,POST AV/CLOVE RD,40.631602,-74.125066,S44 S94
403632,E 96 ST/2 AV,40.784335,-73.94722,M96
503435,JAMAICA AV/WOODHAVEN BLVD WEST,40.693484,-73.852828,Q56 T340
450538,W 34 ST/5 AV,40.748974,-73.9855,QM15 QM16 QM17 QM18 QM24
551885,NORTHERN BLVD/93 ST,40.75656,-73.874935,Q63 Q66
203695,HYLAN BLVD/OLD TOWN RD,40.595557,-74.086167,S78 S79+ S79-SBS SIM1 SIM10 SIM11 SIM1C SIM7
404197,BROADWAY/E 13 ST,40.733849,-73.991058,SIM33 SIM7 SIM9 X28
500051,SPRINGFIELD BLVD/93 AV,40.72277,-73.737061,Q27 Q36 Q88
203614,SCHMIDTS LN/SLOSSON AV,40.609304,-74.116692,SIM31 SIM32 SIM33 SIM33C
552979,COLLEGE POINT BLVD/WHITESTONE EXPWY,40.766918,-73.839365,Q26
200292,VICTORY BLVD/BAY ST,40.637834,-74.076746,S78
551374,48 AV/GREENPOINT AV,40.739967,-73.924605,Q39
501172,CROSS ISLAND PKWY/CLINTONVILLE ST,40.786345,-73.80962,Q61 Q76 QM2 QM32
553210,108 ST/63 RD,40.734473,-73.850264,QM10 QM11 QM40
500889,NORTHERN BLVD/MARATHON PKWY,40.768162,-73.73764,Q12
203147,GIFFORDS LN/GURLEY AV,40.561194,-74.154863,S54
502809,FRANCIS LEWIS BLVD/NASHVILLE BLVD,40.693683,-73.745186,Q77
550815,SEAGIRT BLVD/BEACH 29 ST,40.596266,-73.762347,Q22
500456,120 AV/IRWIN PL,40.684442,-73.768895,Q84
200379,RICHMOND AV/BARTLETT AV,40.547583,-74.16645,S59
203696,HYLAN BLVD/CODDINGTON AV,40.570172,-74.11024,SIM1 SIM10 SIM11 SIM1C SIM5 SIM6 SIM7 SIM9
202893,WOODROW RD/FOSTER RD,40.541707,-74.206603,S56
502633,73 AV/BELL BLVD,40.740883,-73.757993,Q88 QM35 QM5 QM8
404206,5 AV/W 32 ST,40.747215,-73.985526,SIM1C SIM3 SIM33C SIM3C SIM4C
202981,BEACH ST/WATER ST,40.627359,-74.076676,S52
551188,135 AV/127 ST,40.669179,-73.812825,Q37 QM18
501214,150 ST/NORTHERN BLVD,40.764922,-73.815092,Q15
503545,FRESH POND RD/PALMETTO ST,40.708253,-73.898006,QM24 QM25 QM34
551119,83 ST/NORTHERN BLVD,40.755569,-73.884356,Q33
202605,HYLAN BLVD/YETMAN AV,40.504846,-74.242024,S59 S78
200313,CASTLETON AV/TAYLOR ST,40.634104,-74.123446,S46 S53 S54
202910,WOODROW RD/BOULDER ST,40.543784,-74.196657,S56 SIM2 SIM4C SIM8
550917,108 ST/51 AV,40.743885,-73.8551,Q23
552480,BROOKVILLE BL/147 DR,40.655882,-73.744887,Q86
550031,SUTPHIN BLVD/ARCHER AV,40.700523,-73.807598,Q6 Q60
404239,LEXINGTON AV/E 34 ST,40.74593,-73.980183,SIM11 SIM6
502512,HORACE HARDING EXPWY/153 ST,40.739274,-73.817471,Q88
202078,ARTHUR KILL RD/ELLIS RD,40.541263,-74.237439,S74
201318,DECKER AV/HAGAMAN PL,40.625919,-74.140175,S57
200821,MORNINGSTAR RD/BOWLES AV,40.627754,-74.147989,S44 S94
200028,RICHMOND TERR/BODINE ST,40.637142,-74.125851,S40
552505,WHITESTONE EXPWY/20 AV,40.781917,-73.824456,Q50 QM2 QM32
901811,coney island av/avenue p,40.610091,-73.962455,T464
200159,MIDLAND AV/CLAWSON ST,40.578766,-74.103994,S51
200459,RICHMOND AV/FOREST HILL RD,40.570434,-74.170027,S55 S56 SIM31 SIM4 SIM4C SIM8
503531,GRAND AV/69 PL,40.72635,-73.894688,Q58 Q59 Q98
550547,BROADWAY/57 ST,40.752049,-73.904316,Q18
502370,UNION TPKE/263 ST,40.748174,-73.710016,Q46
550788,BEACH CHANNEL DR/BEACH 67 ST,40.59276,-73.795861,Q22 QM15 QM17
203919,BLOOMINGDALE RD/ENGLEWOOD AV,40.531413,-74.217676,S55 SIM26
551019,ULMER ST/25 AV,40.776409,-73.839134,Q25
901177,Gowanus Exp./Lorraine St (S.B.),40.671621,-73.998713,SIM2 SIM34 SIM35 SIM4 SIM4C X37
504374,MYRTLE AV/FRESH POND RD,40.700959,-73.894327,Q55 QM24 QM25 QM34
550030,SUTPHIN BLVD/95 AV,40.698331,-73.806328,Q41 Q6 Q60 Q8
502792,FRANCIS LEWIS BLVD/89 AV,40.719265,-73.75824,Q77
553332,ROOSEVELT AV/61 ST,40.745673,-73.90211,Q53+ Q53-SBS Q70+ Q70-SBS
550467,WOODHAVEN BLVD/WETHEROLE ST,40.730977,-73.871405,Q11 Q14 Q29
700904,ELMONT RD/DUTCH BROADWAY,40.694348,-73.717356,QM64
505321,102 ST/BROADWAY,40.656816,-73.830535,Q11
202692,VICTORY BLVD/SILVER LAKE APARTMENTS,40.620931,-74.098008,S61 S62 S66 S91 S92 SIM30
405237,W 72 ST/BROADWAY,40.778765,-73.982161,M5 M57 M72
550957,108 ST/69 RD,40.724161,-73.845184,Q64 Q74
503462,FRESH POND RD/60 RD,40.71649,-73.901595,Q39 Q58
200550,VICTORY BLVD/FOREST AV,40.630279,-74.088817,S61 S62 S66 S91 S92
203544,ARTHUR KILL RD/SOUTH BRIDGE ST,40.524766,-74.239194,S78
200979,HYLAN BLVD/BAY VIEW AV,40.516456,-74.20287,S59 S78 SIM2 SIM25
901194,fdr dr s/fdr dr s,40.710803,-73.982466,X37 X38
250032,WOODROW RD/CARLTON BLVD,40.552095,-74.186174,SIM8
404878,MADISON AV/E 34 ST,40.747357,-73.983153,X27 X28 X37 X38
501380,KISSENA BLVD/BOOTH MEMORIAL AV,40.742896,-73.814423,Q17 Q25
502434,PARSONS BLVD/14 AV,40.786623,-73.822368,Q44+ Q44-SBS QM2
905063,N.J. Tpke/route 439 (S.B.),40.6427,-74.210164,SIM22 SIM23 SIM25 SIM26 SIM8
505100,149 AV/257 ST,40.653,-73.731905,QM63
404992,6 AV/W 57 ST,40.764401,-73.977001,M5 M7 SIM10 SIM1C SIM3 SIM3C
551065,80 ST/COOPER AV,40.709665,-73.870142,Q29 Q47 Q54
502145,JAMAICA AV/150 ST,40.70228,-73.804354,Q31 Q41 Q56
202923,ANNADALE RD/ARDEN AV,40.544299,-74.176776,S55
203824,HUGUENOT AV/RAMONA AV,40.539391,-74.195464,SIM2 SIM24
201370,ROCKLAND AV/NEVADA AV,40.579634,-74.127528,S54 S57
202055,VICTORY BLVD/GLEN ST,40.590585,-74.192801,S62 S92 SIM32
200327,WALKER ST/PULASKI AV,40.63147,-74.148199,S46 S96
501635,SPRINGFIELD BLVD/HILLSIDE AV,40.729966,-73.744981,Q27 Q88
500054,SPRINGFIELD BLVD/90 AV,40.727098,-73.74167,Q27 Q36 Q88
552296,147 AV /249 ST,40.657273,-73.738487,Q111
203501,CLOVE RD/BRITTON AV,40.606645,-74.087777,S53
550292,130 ST /150 AV,40.665098,-73.810855,Q10
200361,NELSON AV/AMBOY RD,40.550038,-74.150987,S54 SIM5 SIM6
404942,E 23 ST/BROADWAY,40.741032,-73.988625,SIM1C SIM3 SIM33C SIM3C SIM4C X27 X37 X38
201003,HYLAN BLVD/NELSON AV,40.542586,-74.145566,S78 S79+ S79-SBS SIM1 SIM10 SIM1C SIM5 SIM6 SIM7 SIM9
501394,HORACE HARDING EXPWY/UTOPIA PKWY,40.738974,-73.792364,Q17 Q74 Q88
550042,SUTPHIN BLVD/TUSKEGEE AIRMEN WAY,40.694459,-73.802052,Q41 Q6 Q60
201008,HYLAN BLVD/KEEGANS LN,40.549747,-74.136899,S78 SIM1 SIM10 SIM1C SIM5 SIM6 SIM7 SIM9
505506,CENTER BLVD/BORDEN AV,40.74237,-73.959991,Q101 Q103
551223,111 ST/MYRTLE AV,40.700742,-73.83899,Q37
201359,BRADLEY AV/WILLOWBROOK RD,40.603798,-74.13164,S57 S61 S91 SIM31
502717,FRANCIS LEWIS BLVD/160 ST,40.781506,-73.803198,Q61
202697,TRAVIS AV/NEHRING AV,40.589782,-74.156715,S61 S91
203767,NORTH GANNON AV/GANSEVOORT BLVD,40.608971,-74.127667,SIM31 SIM32 SIM33 SIM33C
551558,CALAMUS AV/74 ST,40.734474,-73.888682,Q47
504960,LINDEN BLVD/GUY R BREWER BLVD,40.688865,-73.785952,Q51 QM63
401565,CHRISTOPHER ST/WAVERLY PL,40.733747,-74.002197,M8
304624,JAMAICA AV/LINCOLN AV,40.690457,-73.871337,Q56
552190,BROADWAY/44 ST,40.757658,-73.91588,Q104
400732,6 AV/W 29 ST,40.746542,-73.990097,M55 M7
404891,CHURCH ST/CHAMBERS ST,40.715045,-74.007712,SIM1 SIM1C SIM2 SIM32 SIM34 SIM4 SIM4C
202740,RICHMOND TERR/PARK AV,40.640034,-74.130501,S53 S57
203378,BRIGHTON AV/LAFAYETTE AV,40.635666,-74.092303,S42
500687,SPRINGFIELD BLVD/144 AV,40.667131,-73.757121,Q77 Q85 Q89
502316,UNION TURNPIKE/CHEVY CHASE ST,40.728402,-73.783287,QM1 QM31 QM35 QM36 QM5 QM6 QM7 QM8
805096,BLOOMINGDALE RD/ENGLEWOOD AV,40.531325,-74.217873,S55 SIM26
201194,HYLAN BLVD/JOLINE AV,40.5063,-74.234779,S59 S78
503149,211 ST/23 AV,40.780036,-73.780576,Q28 QM2 QM32
905182,SEAVIEW HOSPITAL/PARK LN,40.592552,-74.130589,S54 S57
904121,LIJ MEDICAL CENTER/271 ST,40.754893,-73.706588,Q46
202047,VICTORY BLVD/TRAVIS AV,40.599535,-74.178715,S62 S92 SIM32
203701,HYLAN BLVD/MALLORY AV,40.598554,-74.080815,SIM1 SIM10 SIM11 SIM1C SIM7
505186,HILLSIDE AV/179 PL,40.712783,-73.783551,Q2 Q3
203388,SOUTH AV/GOETHALS RD NORTH,40.621644,-74.16832,S46 S96
982050,HAZEN ST/77 ST,40.77366,-73.893013,Q100
504419,ASTORIA BLVD/49 ST,40.767885,-73.901721,Q19
500552,MERRICK BLVD/218 ST,40.679505,-73.751159,Q5 Q86 Q87
502305,UNION TURNPIKE/PARSONS BLVD,40.719783,-73.809146,Q45 Q46 Q48 QM1 QM31 QM35 QM5 QM6 QM7 QM8
502769,FRANCIS LEWIS BLVD/HILLSIDE AV,40.721161,-73.759582,Q76
200857,LAFAYETTE AV/FILLMORE ST,40.643139,-74.09541,S44
552347,GUY R BREWER BLVD/109 AV,40.695166,-73.790091,Q111 Q113 Q114 Q115
308458,METROPOLITAN AV/ONDERDONK AV,40.714014,-73.924056,Q54
202253,ARTHUR KILL RD/SHARROTTS RD,40.537961,-74.237373,S74 S84
200455,STATEN ISLAND MALL AT RING RD/PLATINUM AV,40.580016,-74.16853,S44 S59 S79+ S79-SBS S94
201948,VICTORY BLVD/RICHMOND AV (FAR),40.607246,-74.161211,S62 S92 SIM32 SIM33 SIM33C
504254,METROPOLITAN AV/AMORY CT,40.713027,-73.909316,Q54
551352,63 RD/102 ST,40.732789,-73.854833,Q38 QM10 QM11 QM40
503854,MARINE TERMINAL RD/FIORELLO LN,40.770901,-73.885404,Q33
505253,METROPOLITAN AV/71 RD,40.710318,-73.85009,Q54 QM12 QM42
551248,62 DR/YELLOWSTONE BLVD,40.735007,-73.85348,Q38 QM12 QM42
501452,HORACE HARDING EXPWY/214 ST,40.746807,-73.76276,Q30 Q75
502347,260 ST/74 AV,40.750093,-73.715191,Q48 QM35 QM5 QM8
202236,ARTHUR KILL RD/WOODROW RD,40.56518,-74.181085,S56 S74 S84 SIM22
550643,ASTORIA BLVD/85 ST,40.764703,-73.884368,Q19
551099,92 ST/53 AV,40.738558,-73.870946,Q29
501466,HORACE HARDING EXPWY/MARATHON PKWY,40.760358,-73.731442,Q30 QM35 QM5 QM8
804026,56 AV/QBCC,40.754047,-73.758052,Q27
551078,DRY HARBOR RD/84 ST,40.725147,-73.872839,Q29
503399,JAMAICA AV/130 ST,40.701782,-73.82206,Q56
203605,PORT RICHMOND AV/WALKER ST,40.629728,-74.1406,SIM3 SIM35 SIM3C
201427,WATCHOGUE RD/GLASCOE AV,40.616517,-74.141095,S57
404879,MADISON AV/E 42 ST,40.752666,-73.979335,X27 X28 X37 X38
200237,HYLAN BLVD/MIDLAND AV,40.577699,-74.102611,S51 S78 S79+ S79-SBS S81
201606,TARGEE ST/ROME AV,40.602009,-74.091307,S74 S76 SIM15
550466,WOODHAVEN BLVD/ALDERTON ST,40.728011,-73.870817,Q11 QM15
505493,36 AV/21 ST,40.76007,-73.93695,Q102
505237,MAIN ST/75 AV,40.724089,-73.820542,Q20 Q44+ Q44-SBS
201175,HYLAN BLVD/BARCLAY AV,40.526861,-74.167679,S59 S78 SIM23
500246,FARMERS BLVD/175 ST,40.661088,-73.771024,Q3
504502,MYRTLE AV/72 ST,40.702112,-73.878314,Q55 QM24 QM25 QM34
551589,77 ST/30 AV,40.760893,-73.890965,Q47
450001,3 AV/E 38 ST,40.748354,-73.976096,QM31 QM35 QM36
505485,JAMAICA AV/ELDERT LN,40.691258,-73.867841,Q56
202550,AMBOY RD/THOMAS ST,40.566156,-74.128924,S57 SIM15
551305,ELIOT AV/85 ST,40.728117,-73.873143,Q14 QM24 QM25 QM34
404877,MADISON AV/E 29 ST,40.744849,-73.984987,QM63 QM64 QM68 X27 X28 X37 X38
402194,W 49 ST/9 AV,40.763033,-73.989557,M50
700815,168 ST/JAMAICA BUS TERMINAL,40.708055,-73.791908,Q2 Q3 Q36 Q76 Q77 Q82
552944,YELLOWSTONE BLVD/BURNS ST,40.722046,-73.853708,QM12 QM42
501250,UTOPIA PKWY/26 AV,40.774333,-73.792654,Q16 QM20
405637,E 34 ST/3 AV,40.746089,-73.978725,QM15 QM16 QM17 QM18
552045,STEINWAY ST/BROADWAY,40.758747,-73.919308,Q101
501483,HORACE HARDING EXPWY/CLOVERDALE BLVD,40.750951,-73.75136,Q30 QM35 QM5 QM8
250006,ARDEN AV/ANNADALE RD,40.544475,-74.176341,SIM23
200442,RICHMOND AV/LANDER AV,40.61279,-74.159036,S44 S59 S94 SIM33 SIM33C SIM4 SIM4C SIM8
504368,MYRTLE AV/69 ST,40.70184,-73.882712,Q55
200371,RICHMOND AV/HYLAN BLVD,40.53454,-74.154361,S59 S79+ S79-SBS SIM1 SIM10 SIM1C SIM22 SIM7 SIM9
405337,WATER ST/GOUVERNEUR LN,40.704669,-74.00826,QM11 QM25 QM65 QM7 QM8
200038,RICHMOND TERR/CLINTON AV,40.644602,-74.098129,S40
200762,SAINT MARKS PL/WALL ST,40.643192,-74.079137,S42 S52
201596,RICHMOND RD/SEAVER AV,40.587248,-74.103622,S74 S76
505401,88 AV/153 ST,40.706363,-73.803462,Q110 Q112
202998,FOREST AV/LILAC CT,40.627602,-74.168016,S40 S90
903373,2 AV/34 ST,40.744678,-73.976031,QM63 QM64 QM68
500637,BEDELL ST/ 127 AV,40.67939,-73.773108,Q85 Q89 QM21
203710,VICTORY BLVD/WESTCOTT BLVD,40.612784,-74.127404,S61 S62 S66 SIM3 SIM34 SIM3C
551784,110 ST/14 AV,40.785318,-73.856959,Q26
552007,JUNCTION BLVD/34 AV,40.755271,-73.872694,Q72
550453,WOODHAVEN BLVD/81 RD,40.704605,-73.856387,Q11 QM15
201020,HYLAN BLVD/EBBITTS ST,40.566683,-74.113387,S78 S79+ S79-SBS SIM1 SIM10 SIM11 SIM1C SIM5 SIM6 SIM7 SIM9
200509,RICHMOND RD/BISHOP ST,40.574758,-74.128692,S54 S74
553123,MYRTLE AV/73 ST,40.702399,-73.876314,QM24 QM25 QM34
805014,SAINT GEORGE FERRY/RAMP A,40.643355,-74.073,S61 S62 S66 S91 S92
203638,TARGEE ST/DE KALB ST,40.608788,-74.088223,S74 S76
553110,90 ST/34 AV,40.754715,-73.877713,Q49
202978,MANOR RD/FOREST AV,40.626966,-74.125006,S54 SIM35
201028,HYLAN BLVD/MIDLAND AV,40.578249,-74.101942,S78 S79+ S79-SBS SIM7
402301,E 72 ST/LEXINGTON AV,40.770658,-73.962551,M72
805031,Gowanus Exp./Lee Av (S.B.),40.609459,-74.035969,SIM15 SIM2 SIM34 SIM35 SIM4 SIM4C
553426,LEFFERTS BLVD/METROPOLITAN AV,40.705516,-73.831992,Q10 Q80 QM18
502649,73 AV/BELL BLVD,40.740848,-73.758586,Q88 QM35 QM5 QM8
200476,RICHMOND AV/KING ST,40.535112,-74.155659,S59 SIM1 SIM10 SIM1C SIM22 SIM7
505241,56 AV/223 ST,40.753781,-73.756855,Q74 Q75
502651,73 AV/210 ST,40.739223,-73.763844,Q88 QM35 QM5 QM8
200308,CASTLETON AV/BEMENT AV,40.634794,-74.111842,S46
502836,SPRINGFIELD BLVD/130 AV,40.685832,-73.749986,Q77
202177,BROAD ST/GORDON ST,40.623531,-74.083199,S74 S84
505481,ASTORIA BLVD/82 ST,40.764937,-73.887235,Q19
201084,TOMPKINS AV/BROAD ST,40.624297,-74.079529,S52 S78
200152,BAY ST/HANNAH ST,40.635811,-74.07573,S51 S74 S76 S78
201562,FOREST AV/DECKER AV,40.624636,-74.141152,S48 S98 SIM30 SIM35
450030,E 57 ST/ 3 AV,40.760391,-73.968015,QM15 QM16 QM17 QM18 QM21
203536,ARTHUR KILL RD/BLOOMINGDALE RD,40.549712,-74.222255,S74 S84
905194,BATTERY PL/WASHINGTON ST,40.70477,-74.015508,SIM15 SIM2 SIM32 SIM34
552410,TUSKEGEE AIRMEN WAY/GUY R BREWER BLVD,40.699669,-73.794047,Q112
502627,73 AV/197 ST,40.73562,-73.774907,QM35 QM5 QM8
201126,HYLAN BLVD/TYSENS LN,40.56374,-74.116769,S57 S78 S79+ S79-SBS SIM1 SIM10 SIM1C SIM5 SIM6 SIM7 SIM9
502274,MAIN ST/JEWEL AV,40.730083,-73.823644,Q20 Q44+ Q44-SBS
903013,VESEY ST/WEST ST,40.714123,-74.014863,SIM33 SIM7 SIM9
502259,MAIN ST/MAPLE AV,40.755045,-73.828267,Q20
550209,101 AV /88 ST,40.682679,-73.851883,Q8
504462,MERRICK BLVD/111 AV,40.694377,-73.781209,Q4 Q5 Q84 Q85 Q86 Q87 Q89
551811,JEWEL AV/108 ST,40.723647,-73.844536,Q64 Q74 QM4 QM44
400602,RIVERSIDE DR/W 119 ST,40.810907,-73.964175,M5
203406,BRADLEY AV/PURDY AV,40.610559,-74.13222,S57 S61 S91
805105,LUTEN AV/HYLAN BLVD,40.523384,-74.188525,S55
505388,SANFORD AV/MURRAY ST,40.761318,-73.812069,Q13 Q65
400722,6 AV/W 3 ST,40.730886,-74.001442,M55 T232
553295,JAMAICA AV/153 ST,40.702763,-73.802608,Q25 Q65
200994,HYLAN BLVD/WOODS OF ARDEN RD,40.530671,-74.158116,S59 S78 SIM22
200763,SAINT MARKS PL/FORT PL,40.642337,-74.078441,S42 S52
901715,penn av/fulton st L91 -non-public,40.653964,-73.887588,T426
505418,NATIONAL ST/43 AV,40.746822,-73.863665,Q14
502800,FRANCIS LEWIS BLVD/HOLLIS AV,40.706984,-73.75116,Q77
200987,HYLAN BLVD/POILLON AV,40.526623,-74.174387,S59 S78 SIM23
550425,CROSS BAY BLVD/149 AV,40.670401,-73.843,Q11 Q41
550041,SUTPHIN BLVD/LIBERTY AV,40.696037,-73.804348,Q40 Q41 Q6 Q60
203763,FOREST AV/HOME DEPOT,40.627594,-74.172189,S40 S90
201055,HYLAN BLVD/TOMPKINS AV,40.611466,-74.071248,S78 SIM30
501311,BAYSIDE AV/UNION ST,40.770199,-73.826405,Q16
550024,SUTPHIN BLVD/109 AV,40.691822,-73.798037,Q6 Q60
202491,NEW DORP LN/CEDAR GROVE AV,40.564526,-74.097864,S76 S86
502084,HILLSIDE AV/267 ST,40.738702,-73.701458,Q43 QM68
203603,WATCHOGUE RD/WILLOW RD EAST,40.617451,-74.151729,SIM3 SIM34 SIM3C
501379,KISSENA BLVD/ROSE AV,40.746173,-73.81432,Q17 Q25
501667,SPRINGFIELD BLVD/56 AV,40.752338,-73.759143,Q27 Q75
203653,RICHMOND AV/JULES DR,40.618527,-74.155275,SIM3 SIM33 SIM33C SIM34 SIM3C
552985,27 AV/4 ST,40.774783,-73.933235,Q103 Q18 Q19
552280,ROSEDALE RD /LONGVIEW AV,40.651848,-73.717996,Q111
901171,B.B.T./Andes Road (N.B.),40.690928,-74.011201,SIM2 SIM31 SIM34 SIM35 SIM4 SIM4C SIM5
203766,NORTH GANNON AV/MANOR RD,40.610122,-74.121842,SIM31 SIM32 SIM33 SIM33C
550236,LINCOLN ST /ROCKAWAY BLVD,40.675059,-73.807547,Q9
700151,108 ST/ROOSEVELT AV,40.751005,-73.858754,Q23
200219,FATHER CAPODANNO BLVD/WINFIELD ST,40.586334,-74.070612,S52 S81 SIM5 SIM6 SIM9
901111,fdr/catherine slip,40.708985,-73.996247,SIM11 SIM3 SIM31 SIM6 X37 X38
505288,BROADWAY/QUEENS BLVD,40.737043,-73.877364,Q58
502397,UNION TPKE/193 ST,40.730282,-73.777831,Q46 Q48 QM36 QM6
504369,MYRTLE AV/68 ST,40.701787,-73.884541,QM24 QM25 QM34
350004,LIBERTY AV /DREW ST,40.679039,-73.863424,Q8
201081,BEACH ST/VAN DUZER ST,40.628968,-74.079902,S52 S78
405166,W 34 ST/8 AV,40.752353,-73.993674,SIM23 SIM24
502547,DITMARS BLVD/102 ST,40.768721,-73.868476,Q23 Q90
450016,6 AV/W 43 ST,40.75576,-73.983318,QM10 QM12 QM24
505161,HILLSIDE AV/169 ST,40.71071,-73.793173,Q1 Q17 Q30 Q31 Q43 Q75
550494,84 ST/157 AV,40.661447,-73.849184,Q11 Q41 QM15
805036,Gowanus Exp./63 St. (S.B.),40.636916,-74.019496,SIM15 SIM2 SIM34 SIM35 SIM4 SIM4C
804215,ROOSEVELT AV/52 ST,40.744214,-73.912407,T320
202124,RICHMOND RD/GREELEY AV,40.580481,-74.113353,S74 S76 SIM15
505491,36 AV/30 ST,40.756844,-73.93046,Q102
202908,WOODROW RD/ALVERSON AV,40.542053,-74.205172,S56
400814,BROADWAY/W 164 ST,40.838197,-73.942072,M5
551646,QUEENS BLVD/63 DR,40.73014,-73.86153,Q60 QM18
103676,HUTCHINSON RIVER PKWY/BOLLER AV,40.862912,-73.82572,Q50
502313,UNION TURNPIKE/UTOPIA PKWY,40.725768,-73.791372,Q45 Q46 Q48 QM1 QM31 QM35 QM5 QM6 QM7 QM8
200359,GIFFORDS LN/WOODLAND AV,40.555286,-74.152234,S54 SIM5 SIM6
202824,SOUTH AV/ARLINGTON PL,40.635428,-74.16628,S40 S48 S90 S98 SIM33 SIM33C SIM34
404295,MADISON AV/E 25 ST,40.742006,-73.987081,QM63 QM64 QM68 X27 X37 X38
203922,VICTORY BLVD/BROOK ST,40.63735,-74.080586,S46 S48 S61 S62 S66
552308,147 AV /222 ST,40.659413,-73.759512,Q111
307704,JAMAICA AV/MARGINAL ST EAST,40.678523,-73.896907,Q56
201032,HYLAN BLVD/SEAVER AV,40.583297,-74.095663,S78
203001,ANNADALE RD/CROSSFIELD AV,40.557584,-74.176343,S55
551813,JEWEL AV/112 ST,40.724981,-73.840084,Q64 Q74 QM4 QM44
201124,HYLAN BLVD/LINDBERGH AV,40.566858,-74.113582,S78 S79+ S79-SBS SIM1 SIM10 SIM11 SIM1C SIM5 SIM6 SIM7 SIM9
202029,VICTORY BLVD/WILLOWBROOK RD,40.610152,-74.147413,S62 S92 S93
503501,41 RD/MAIN ST,40.757314,-73.829474,Q58 Q98
202922,ANNADALE RD/RYE AV,40.546843,-74.174904,S55
552224,JAMAICA AV /188 ST,40.710806,-73.770504,Q110
553321,14 AV/COLLEGE POINT BLVD,40.786088,-73.84601,Q26
500163,FARMERS BLVD/144 AV,40.668397,-73.766208,Q3
401881,E 79 ST/YORK AV,40.7717,-73.95095,M79+ M79-SBS
552966,63 RD/QUEENS BLVD,40.730374,-73.861951,Q38 QM10 QM11 QM40
201951,VICTORY BLVD/WILLOWBROOK PK,40.608684,-74.15377,S62 S92 SIM32 SIM33 SIM33C
400134,5 AV/W 44 ST,40.7545,-73.980223,X27 X28 X37 X38
405638,E 57 ST/LEXINGTON AV,40.76052,-73.968291,QM1 QM2 QM20 QM5 QM6
200183,BAY ST/PROSPECT ST,40.628617,-74.076555,S51 S74 S76
401851,W 42 ST/8 AV,40.757575,-73.990464,M42 SIM22 SIM25 SIM26 SIM30 SIM8
500391,LINDEN BLVD/FRANCIS LEWIS BLVD,40.696231,-73.745616,Q4 Q51 QM64
905046,ELTINGVILLE/TRANSIT CENTER,40.560931,-74.171352,S55 S56 S59 S74 S89 SIM1 SIM10 SIM15 SIM1C SIM31 SIM4 SIM5 SIM6 SIM7 SIM8
203560,MILL RD/ROBERTS DR,40.560351,-74.112916,S76
201949,VICTORY BLVD/GOLLER PL,40.60762,-74.159051,S62 S92
202052,VICTORY BLVD/LEROY ST,40.594214,-74.186511,S62 S92
503980,ARCHER AV/165 ST,40.703599,-73.795172,Q20
505512,21 ST/44 DR,40.748208,-73.947403,Q103
501355,KISSENA BLVD/58 AV,40.742379,-73.814387,Q17 Q25
805168,HYLAN BLVD/NEW DORP LN,40.570271,-74.109771,SIM1 SIM10 SIM11 SIM1C SIM5 SIM6 SIM7 SIM9
200784,SAINT MARKS PL/NICHOLAS ST,40.646191,-74.081804,S42 S52
202809,RICHMOND TERR/ARLINGTON AV,40.640585,-74.167256,S48 S98
302076,ATLANTIC AV/VAN SICLEN AV,40.676341,-73.890983,Q24 T340 T434
250039,BLOOMINGDALE RD/ALYSIA CT,40.53752,-74.217724,S55 SIM26
502408,UNION TPKE/164 ST,40.721689,-73.80435,Q45 Q46 Q48 QM1 QM31 QM35 QM5 QM6 QM7 QM8
551218,111 ST/91 AV,40.694285,-73.836021,Q37
203952,AMBOY RD/SCUDDER AV,40.525616,-74.205155,S55
551329,ELIOT AV/77 ST,40.723651,-73.882351,Q14 QM24 QM25 QM34
500464,120 AV/196 ST,40.689115,-73.753716,Q84
500249,HILLSIDE AV/PARSONS BLVD,40.707502,-73.803323,Q111 Q115
400764,RIVERSIDE DR/W 97 ST,40.79649,-73.974307,M5
701029,108 ST/OTIS AV,40.74085,-73.853759,Q23 Q58
500677,243 ST/147 AV,40.657737,-73.741214,Q85 Q86
905150,west st/morris st,40.706838,-74.015774,SIM1 SIM15 SIM1C
200783,SAINT MARKS PL/HAMILTON AV,40.645091,-74.080433,S42 S52
501627,SPRINGFIELD BLVD/73 AV,40.742489,-73.753603,Q27 QM35 QM5 QM8
405043,STATE ST/WHITEHALL ST,40.702409,-74.012665,SIM35 SIM5
201193,HYLAN BLVD/BEDELL AV,40.506862,-74.232957,S59 S78 SIM2 SIM25 SIM26
201453,AMBOY RD/BEACH AV,40.571635,-74.121401,S57 SIM15
500678,243 ST/144 AV,40.660567,-73.739065,Q85 Q86
551640,QUEENS BLVD/GOLDSMITH ST,40.737064,-73.880201,Q60
201513,FOREST AV/VICTORY BLVD,40.630411,-74.089397,S48 S98 SIM30
902077,241 ST / WHITE PLAINS RD,40.903295,-73.849969,T117
504995,HORACE HARDING EXPWY/231 ST,40.751137,-73.747226,Q30 QM35 QM5 QM8
203634,FATHER CAPODANNO BLVD/GRAHAM BLVD,40.574839,-74.084779,S51 S81 SIM5 SIM6 SIM9
553024,NORTHERN BLVD/BROADWAY,40.753394,-73.907383,Q63 Q66
200548,VICTORY BLVD/THERESA PL,40.624476,-74.093568,S61 S62 S66
200054,RICHMOND TERR/WESTERVELT AV,40.647418,-74.087873,S40 S44
201182,HYLAN BLVD/LUTEN AV,40.52312,-74.188649,S55 S56 S59 S78 SIM2 SIM24
202936,FOREST AV/BRIGHTON AV,40.631964,-74.096864,S48 SIM30
203517,ROSSVILLE AV/BARRY  ST,40.551184,-74.211828,S74 S84 SIM25
550820,BEACH 19 ST/SEAGIRT BLVD,40.595455,-73.753044,Q22 QM17
552034,NORTHERN BLVD/37 ST,40.751943,-73.926621,Q101 Q63
553379,CROSS BAY BLVD/W 17 RD,40.60106,-73.820516,Q52+ Q52-SBS Q53+ Q53-SBS QM15 QM16 QM17
901119,METROPOLITAN AV/RENTAR PLAZA,40.712251,-73.88906,M90 T410
553409,FRESH POND RD/GROVE ST,40.709993,-73.899268,Q58 QM24 QM25 QM34
552364,PARSONS BLVD/89 AV,40.705909,-73.801833,Q112
904250,BELMONT PARK RACETRACK/UBS ARENA,40.713145,-73.728283,Q2 Q82
402165,W 50 ST/10 AV,40.764502,-73.991704,M50
200434,FOREST AV/RICHMOND AV,40.625216,-74.148988,S48 S98 SIM30 SIM33 SIM33C SIM34
450402,CHURCH ST/FULTON ST,40.711665,-74.010267,QM11 QM25 QM65 QM7 QM8 SIM1 SIM15 SIM1C SIM2 SIM32 SIM33C SIM34 SIM3C SIM4 SIM4C
202067,ARTHUR KILL RD/WOOD AV,40.514574,-74.245867,S78
551022,127 ST/23 AV,40.778815,-73.841476,Q25
501484,HORACE HARDING EXPWY/SPRINGFIELD BLVD,40.749594,-73.757226,Q30 Q74 Q75
200401,RICHMOND AV/MORANI ST,40.610084,-74.160172,S44 S59 S89 S94 SIM33 SIM33C SIM4 SIM4C SIM8
501339,188 ST/64 AV,40.739066,-73.785434,Q17 Q88 QM1 QM31 QM5 QM7 QM8
203128,RICHMOND RD/DELLWOOD RD,40.597132,-74.093353,S74 S76 S86 SIM15
203715,WATCHOGUE RD/WILLOW RD EAST,40.617617,-74.152235,SIM3 SIM34 SIM3C
552678,69 RD/108 ST,40.724338,-73.845425,QM4 QM44
200930,RICHMOND AV/RIVINGTON AV,40.596999,-74.162512,S44 S59 S94 SIM4 SIM4C SIM8
550389,99 ST /160 AV,40.658171,-73.833722,Q11
304368,GRAND ST/MORGAN AV,40.71343,-73.934716,Q54 Q59
200570,VICTORY BLVD/JERSEY ST,40.635817,-74.083683,S46 S48 S61 S62 S66
204062,CHELSEA AV/BLOOMFIELD AV,40.614948,-74.187226,S40 S90
200236,MIDLAND AV/BOUNDARY AV,40.577166,-74.100967,S51 S81
505121,39 AV/LIPPMAN PLAZA,40.760668,-73.828266,Q16 Q28 Q61
550767,ROCKAWAY BEACH BLVD/BEACH 119 ST,40.578938,-73.839527,Q35
504348,MYRTLE AV/111 ST,40.700766,-73.839226,Q37 Q55
501041,BELL BLVD/212 ST,40.788716,-73.782075,Q13
401803,WATER ST/BROAD ST,40.703011,-74.011719,QM11 QM25 QM7 QM8
203072,ARTHUR KILL RD/STORER AV,40.539509,-74.237591,S74 S84
553448,HOFFMAN DR/WOODHAVEN BLVD,40.733132,-73.870998,Q52+ Q52-SBS Q53+ Q53-SBS
501424,HOMELAWN ST/HIGHLAND AV,40.712855,-73.793242,Q31
404298,MADISON AV/E 40 ST,40.751419,-73.980196,QM63 QM64 QM68
551930,49 AV/25 ST,40.741581,-73.944751,Q67
200537,VICTORY BLVD/MANOR RD,40.613042,-74.122229,S61 S62 S66 S91 S92 S93 SIM3 SIM34 SIM3C
304246,GRAND ST/WATERBURY ST,40.712415,-73.938437,Q54 Q59
551087,HAMPTON ST / WHITNEY AVE,40.744054,-73.876437,Q29
503671,ARCHER AV/165 ST,40.703844,-73.794377,Q42 Q83
505394,PARSONS BLVD/ELM AV,40.755935,-73.815873,Q26 Q27
203808,BRADLEY AV/HAROLD ST,40.601495,-74.131161,S57
200131,McCLEAN AV/OCEAN AV,40.598525,-74.06481,S53
500283,COLFAX ST/SPRINGFIELD BLVD,40.701788,-73.741346,Q83
202632,LUTEN AV/EYLANDT ST,40.526999,-74.191352,S55 S56
501535,46 AV/158 ST,40.754046,-73.808738,Q26 Q27
203723,NARROWS RD SOUTH/RICHMOND RD,40.608631,-74.090674,S93
550129,ROCKAWAY BLVD/116 ST,40.676823,-73.822547,Q37 Q7
550852,BEACH CHANNEL DR/BEACH 36 ST,40.596324,-73.769179,Q121 Q22 QM17
202850,MARSH AV/WINDHAM LOOP,40.577857,-74.163769,S55 S56 S61 S89 S91 SIM31 SIM4 SIM4C SIM8
550882,KESSEL ST/71 AV,40.713475,-73.849279,Q23
550667,89 ST/35 AV,40.752855,-73.878156,Q49
552945,YELLOWSTONE BLVD/CLYDE ST,40.721653,-73.854264,QM12 QM42
308096,CROPSEY AV/BAY 25 ST,40.599525,-74.001945,X28 X38
552368,GUY R BREWER BLVD/FARMERS BLVD,40.66411,-73.768713,Q115
550311,LEFFERTS BLVD/LINDEN BLVD,40.678971,-73.820479,Q10 Q80
203532,ROSSVILLE AV/CORRELL AV,40.546365,-74.20978,S74 SIM25
551115,ROOSEVELT AV/82 ST,40.747602,-73.883784,Q33
550605,30 AV/12 ST,40.771497,-73.931046,Q18
501811,UTOPIA PKWY/HOLLIS COURT BLVD,40.752878,-73.792216,Q31
905144,MARSH AV/WESTPORT ST,40.584103,-74.160766,S89
552503,WHITESTONE EXPWY/LINDEN PL,40.771582,-73.833747,QM2 QM20 QM32
204009,AMBOY RD/PLEASANT PLAINS AV,40.523886,-74.215745,SIM26
500547,MERRICK BLVD/130 RD,40.679839,-73.762086,Q5 Q86 Q87 QM63
202704,FOREST HILL RD/DOROTHY ST,40.59848,-74.139966,S61 S91
201117,HYLAN BLVD/LINCOLN AV,40.57629,-74.104087,S78 SIM1 SIM10 SIM11 SIM1C SIM5 SIM6 SIM7 SIM9
203649,ARTHUR KILL RD/OPP ASPEN KNOLLS,40.564356,-74.186377,S56 S74 S84 SIM22 SIM4C
202721,MERRYMOUNT ST/SHILOH ST,40.588777,-74.160695,S61 S91 SIM31
504963,162 ST/POWELLS COVE BLVD,40.794044,-73.799662,Q15
200842,CARY AV/CAROLINE ST,40.632327,-74.119245,S44
201548,FOREST AV/BARD AV,40.630666,-74.105476,S48 S98 SIM30
200466,RICHMOND AV/KATAN AV,40.550244,-74.167605,S59 S89 SIM1 SIM10 SIM1C SIM22 SIM7
103995,CROSS BRONX EXPWY SERVICE RD/HAVILAND AV,40.830446,-73.850209,Q44+ Q44-SBS
552549,166 ST/9 AV,40.792861,-73.79776,QM2 QM32
402146,E 23 ST/LEXINGTON AV,40.739661,-73.984992,QM63 QM64 QM68
502322,UNION TPKE/FRANCIS LEWIS BLVD,40.731779,-73.769492,Q46 Q48
805033,Verrazano Bridge/Lee Av (N.B.),40.610786,-74.031356,S79+ S79-SBS SIM15 SIM2 SIM3 SIM31 SIM33 SIM33C SIM34 SIM35 SIM3C SIM4 SIM4C SIM5
552143,40 AV/12 ST,40.756105,-73.942578,Q103
503761,FARMERS BLVD/115 RD,40.695519,-73.761522,Q3
551364,THOMSON AV/31 PL,40.744713,-73.934153,Q39
203165,WATCHOGUE RD/SMITH CT,40.614742,-74.133412,S57 SIM3 SIM34 SIM3C
201662,RICHMOND RD/FOUR CORNERS RD,40.59058,-74.10093,S74 S76 S86 SIM15
500932,SANFORD AV/BOWNE ST,40.758229,-73.823399,Q26 Q27 Q65
203576,SOUTH AV/1000 SOUTH AV,40.615562,-74.173157,S46 S96
551492,160 AV/92 ST,40.657355,-73.840284,Q41
805139,TELEPORT DR/SOUTH AV EXIT,40.606845,-74.177648,S46 S96
203693,RICHMOND AV/MONSEY PL,40.624336,-74.149036,S44 S59 S94 SIM3 SIM33 SIM33C SIM34 SIM3C
201173,HYLAN BLVD/ARDEN AV,40.529268,-74.161726,S59 S78 SIM23
701010,ROCKAWAY BLVD/115 ST,40.676559,-73.822551,Q37 Q7
501441,UTOPIA PKWY/HORACE HARDING EXPWY,40.738801,-73.792812,Q30 Q31 Q75
551251,62 DR/98 ST,40.733153,-73.859733,QM12 QM42
202264,ARTHUR KILL RD/MAIN ST,40.512443,-74.24995,S78
500564,MERRICK BLVD/HOOK CREEK BLVD,40.674051,-73.727693,Q5 Q87 QM63
552501,BEACH 9 ST /MEEHAM AV,40.598012,-73.744666,Q114
202125,RICHMOND RD/LINCOLN AV,40.581152,-74.11226,S74 S76
505522,75 ST/32 AV,40.757076,-73.892373,Q47
404190,BROADWAY/MORRIS ST,40.705215,-74.01385,M55 SIM1 SIM1C SIM4 SIM4C
201130,HYLAN BLVD/MONTREAL AV,40.558757,-74.125883,S78 SIM1 SIM10 SIM1C SIM5 SIM6 SIM7 SIM9
405266,BROADWAY/WALKER ST,40.718758,-74.002543,M55
501662,SPRINGFIELD BLVD/67 AV,40.745271,-73.754659,Q27 QM35 QM5 QM8
202615,VICTORY BLVD/SILVER MOUNT CEMETERY,40.622212,-74.096432,S61 S62 S66
551235,PARK LN SOUTH/MYRTLE AV,40.701202,-73.841562,Q37
551296,ELIOT AV/77 PL,40.72376,-73.881713,Q14 QM24 QM25 QM34
505271,MAIN ST/UNION TPKE,40.71799,-73.817128,Q20 Q44+ Q44-SBS
552008,JUNCTION BLVD/34 AV,40.754856,-73.872695,Q72
503381,JAMAICA AV/87 ST,40.692591,-73.856779,Q56
405618,E 57 ST/3 AV,40.75991,-73.96678,QM63 QM64 QM68
501373,KISSENA BLVD/ELDER AV,40.753006,-73.821834,Q17 Q25
201380,AMBOY RD/OAKLEY PL,40.573929,-74.121819,S57
502718,FRANCIS LEWIS BLVD/17 RD,40.782931,-73.804132,Q76
450017,6 AV/W 44 ST,40.755988,-73.983132,QM15 QM16 QM17 QM18
500007,HILLSIDE AV/180 ST,40.712872,-73.782724,Q43 QM68
505080,MYRTLE AV/FOREST AV,40.700451,-73.89961,Q55
500422,LINDEN BLVD/176 ST,40.693037,-73.773733,Q4
404201,BROADWAY/BARCLAY ST,40.71233,-74.007961,SIM15 SIM33C
203067,VICTORY BLVD/CON EDISON BUS LOOP,40.586534,-74.1988,S62 S92 SIM32
201630,HYLAN BLVD/LINCOLN AV,40.576815,-74.103316,S78 SIM1 SIM10 SIM11 SIM1C SIM5 SIM6 SIM7 SIM9
202861,ARTHUR KILL RD/SAINT JOHN NEWMANN,40.564147,-74.186488,S56 S74 SIM22 SIM4C
550430,CROSS BAY BLVD/SUTTER AV,40.676648,-73.843509,Q11 Q41
450506,PEARL ST/PECK SLIP,40.708873,-74.00264,QM11 QM25 QM7 QM8
308032,4 AV/90 ST,40.619537,-74.029807,S53 S93
504480,ARCHER AV/SUTPHIN BLVD,40.700514,-73.807829,Q30 Q31 Q75
501058,BELL BLVD/41 AV,40.763284,-73.770921,Q13 Q31
501052,BELL BLVD/32 AV,40.773741,-73.774911,Q13 Q31
553372,ROCKAWAY BEACH BLVD/CROSS BAY PKWY,40.585597,-73.817346,Q22 QM16
553027,CROSS BAY BLVD/E 16 RD,40.601521,-73.820088,Q52+ Q52-SBS Q53+ Q53-SBS QM15 QM16 QM17
200255,INNIS ST/NICHOLAS AV,40.633424,-74.14175,S46 S96
500688,SPRINGFIELD BLVD/143 AV,40.66832,-73.756662,Q77 Q85 Q89
200536,VICTORY BLVD/LESTER ST,40.612897,-74.124494,S61 S62 S66
553278,SUTPHIN BLVD/ARCHER AV,40.701167,-73.807755,Q40 Q41 Q8 Q9
203730,FOREST AV/SOUTH AV,40.627114,-74.16596,S48 S98 SIM33 SIM33C SIM34
500582,MERRICK BLVD/224 ST,40.678067,-73.745737,Q5 Q86 Q87 QM63 QM65
203032,CASTLETON AV/CLOVE RD,40.633841,-74.125398,S46 S53 S96
203200,VICTORY BLVD/WILLOWBROOK PARK,40.608776,-74.154099,S62 S92 SIM32 SIM33 SIM33C
202912,WOODROW RD/CANTON AV,40.547741,-74.190325,S56 SIM2 SIM4C SIM8
201946,VICTORY BLVD/LISA PL,40.606133,-74.167983,S62 S92
551449,142 ST/ROCKAWAY BLVD,40.674378,-73.798799,Q40
502325,UNION TPKE/211 ST,40.733456,-73.759591,Q46 Q48 QM36 QM6
203586,ARDEN AV/WOODROW RD,40.550223,-74.187657,SIM2 SIM23
200897,CARY AV/CLOVE RD,40.631778,-74.124796,S44 S94
501665,SPRINGFIELD BLVD/HORACE HARDING EXPWY N,40.749808,-73.756965,Q27 Q74 Q75
503195,HILLSIDE AV/172 ST,40.711809,-73.790139,Q1 Q17 Q3 Q76 QM68
203133,MERRYMOUNT ST/SHILOH ST,40.588937,-74.160274,S61 S91 SIM31
553101,21 ST/22 DR,40.779266,-73.918445,Q69
552504,WHITESTONE EXPWY/LINDEN PL,40.771091,-73.832982,QM2 QM20 QM32
550354,LEFFERTS BLVD/ATLANTIC AV,40.693798,-73.827969,Q10 Q80 QM18
551401,61 ST/59 AV,40.71958,-73.903301,Q39
552293,147 AV /253 ST,40.657585,-73.735869,Q111
203431,HYLAN BLVD/RICHMOND AV,40.534129,-74.154024,S78 SIM9
550964,69 AV/LOUBET ST,40.714416,-73.853919,Q23
200399,RICHMOND AV/ETON PL,40.604462,-74.162229,S44 S59 S94 SIM4 SIM4C SIM8
500591,MERRICK BLVD/FARMERS BLVD,40.680083,-73.762089,Q5 Q86 Q87 QM63
985123,119 ST/POPPENHUSEN AV,40.791676,-73.850678,Q25
400725,6 AV/W 12 ST,40.736155,-73.997539,M55
551311,57 AV/JUNCTION BLVD,40.736668,-73.866052,Q14 Q88 QM10 QM11 QM40
450022,6 AV/W 51 ST,40.760426,-73.979877,QM10 QM12 QM24
200552,VICTORY BLVD/CEBRA AV,40.634207,-74.085435,S46 S48 S61 S62 S66
200470,RICHMOND AV/ELTINGVILLE BLVD,40.544066,-74.1652,S59 S79+ S79-SBS S89 SIM1 SIM10 SIM1C SIM22 SIM7
550909,108 ST / 62 DR,40.736161,-73.851164,Q23 QM10 QM11 QM40
302064,BROADWAY/MACDONOUGH ST,40.68432,-73.91312,Q24
500372,MERRICK BLVD/111 AV,40.694133,-73.781357,Q4 Q5 Q84 Q85 Q86 Q87 Q89
552961,ROCKAWAY BEACH BLVD/BEACH 149 ST,40.569351,-73.864672,Q35
982500,CROSS BAY BLVD/107 AV,40.678845,-73.844449,Q11
405426,W 125 ST/FREDERICK DOUGLASS BLVD,40.810402,-73.95163,M60+ M60-SBS
901114,Gowanus Exp./6 Av (N.B.),40.635379,-74.016664,SIM1 SIM11 SIM15 SIM1C SIM2 SIM31 SIM33 SIM33C SIM34 SIM35 SIM4 SIM4C SIM5 SIM6 SIM7 SIM9
552379,LIBERTY AV /106 ST,40.682904,-73.835064,Q112
203047,CLOVE RD/POST AV,40.631802,-74.125012,S54
553276,S CONDUIT AV/130 ST,40.666268,-73.810259,Q10
551867,NORTHERN BLVD/70 ST,40.754282,-73.896368,Q63 Q66
401920,E 86 ST/2 AV,40.778128,-73.952115,M86+ M86-SBS
502321,UNION TPKE/198 ST,40.731275,-73.772352,Q46 Q48
550040,SUTPHIN BLVD/97 AV,40.697351,-73.805865,Q41 Q6 Q60 Q8 Q9
505227,39 AV/MAIN ST,40.760255,-73.830801,Q27 Q50
200456,YUKON AV/RICHMOND AV,40.576622,-74.169039,S44 S59 S61 S91 S94
400919,6 AV/WEST HOUSTON ST,40.7287,-74.00254,M55 SIM1 SIM34
505007,MAIN ST/ 82 DR,40.713164,-73.817011,Q20
203073,NEW DORP LN/HYLAN BLVD,40.569622,-74.108371,S76 S86
203113,ARTHUR KILL RD/NEWVALE AV,40.568815,-74.150335,S54 S74 SIM15
203161,WATCHOGUE RD/LIVERMORE AV,40.616036,-74.138576,S57 SIM3 SIM34 SIM3C
202051,VICTORY BLVD/CANNON AV,40.595152,-74.184904,S62 S92 SIM32
203553,LINCOLN AV/EDISON ST,40.578782,-74.107439,S51 S81
450032,E 57 ST/MADISON AV,40.762384,-73.972752,QM15 QM16 QM17 QM18
550560,65 PL/48 AV,40.738356,-73.899772,Q18
550079,ROCKAWAY BLVD/113 ST,40.677092,-73.825792,Q37 Q7
500952,LITTLE NECK PKWY/255 ST,40.756501,-73.722589,Q36 QM35 QM5 QM8
500923,SANFORD AV/162 ST,40.760436,-73.804261,Q13 Q65
904005,TEARDROP/LAYOVER,40.701261,-73.803107,Q4 Q5 Q85 Q86 Q87 Q89
200551,VICTORY BLVD/AUSTIN PL,40.63248,-74.086809,S48 S61 S62 S66
202091,ARTHUR KILL RD/ARDEN AV,40.559141,-74.197252,S56 S74 SIM22 SIM4C
500004,HILLSIDE AV/171 ST,40.71144,-73.790887,Q1 Q17 Q3 Q76
202483,NEW DORP LN/10 ST,40.572521,-74.113739,S76 S86
550095,ROCKAWAY BLVD/145 ST,40.673572,-73.793645,Q7
201036,HYLAN BLVD/CROMWELL AV,40.587827,-74.090773,S78 SIM1 SIM10 SIM11 SIM1C SIM7
203613,SCHMIDTS LN/MANOR RD,40.608816,-74.120622,SIM31 SIM32 SIM33 SIM33C
903208,richmond av/yukon av,40.577219,-74.169911,S89
551739,164 ST/BOOTH MEMORIAL AV,40.742121,-73.804282,Q65
552328,GUY R BREWER BLVD/130 AV,40.676756,-73.778004,Q115 QM21 QM65
350234,FOUNTAIN AV /LINDEN BLVD,40.666429,-73.871729,Q8
405279,CHURCH ST/WARREN ST,40.714147,-74.008419,M55
402042,AVENUE C/E 16 ST,40.729699,-73.974715,M9
201595,RICHMOND RD/HULL AV,40.585561,-74.105592,S74 S76 SIM15
201455,ROSE AV/3 ST,40.57408,-74.119382,S57
201495,FOREST AV/BURNSIDE AV,40.625423,-74.135134,S48 SIM30 SIM35
200982,HYLAN BLVD/CORNELIA AV,40.522434,-74.190069,S55 S56 S59 S78
501338,188 ST/69 AV,40.735622,-73.783854,Q17 Q45 Q88 QM1 QM31 QM5 QM7 QM8
500670,BEDELL ST/134 RD,40.675228,-73.7661,Q85 Q89
450041,MADISON AV/ E 49 ST,40.757135,-73.975967,QM21 QM63 QM64 QM68
202650,RICHMOND AV/FOREST ST,40.605719,-74.162449,S44 S59 S94
201189,HYLAN BLVD/KENNY RD,40.509762,-74.217924,S59 S78
553385,LIBERTY AV/118 ST,40.686137,-73.824921,Q112
200333,UNION AV/BRABANT ST,40.631654,-74.158305,S46 S96
404131,RIVERSIDE DR/W 94 ST,40.794923,-73.976564,M5
901113,fdr/battery pl,40.704457,-74.01658,SIM10 SIM11 SIM3 SIM31 SIM6
200177,BAY ST/CENTRAL AV,40.638762,-74.07581,S46 S48 S51 S61 S62 S66 S76 S78
401528,WEST ST/CHRISTOPHER ST,40.732847,-74.010081,M8
552942,YELLOWSTONE BLVD/69 AV,40.724473,-73.846919,QM11 QM12 QM42
201572,FOREST AV/GRANDVIEW AV,40.627179,-74.165143,S48 S98 SIM30 SIM33 SIM33C SIM34
552354,GUY R BREWER BLVD/TUSKEGEE AIRMEN WAY,40.699599,-73.79359,Q115
201141,HYLAN BLVD/NELSON AV,40.542228,-74.146245,S54 S78 S79+ S79-SBS SIM1 SIM10 SIM1C SIM7 SIM9
551879,NORTHERN BLVD/82 ST,40.755708,-73.885265,Q63 Q66
552821,JEWEL AV/QUEENS BLVD,40.723039,-73.846708,QM4 QM44
504008,LIBERTY AV/MERRICK BLVD,40.70237,-73.791688,Q83 QM64
550707,DITMARS BLVD/31 ST,40.776485,-73.91105,Q69
203744,NEW YORK AV/MARSHALL RD,40.602646,-74.057846,S51 S81
501284,CROSS ISLAND PKWY/UTOPIA PKWY,40.786177,-73.794191,QM2 QM32
552173,BROADWAY/CRESCENT ST,40.763455,-73.928693,Q104
982467,134 ST/155 AV,40.661166,-73.807263,Q10
203685,RICHMOND AV/FOREST HILL RD,40.571107,-74.169654,SIM31 SIM4 SIM4C SIM8
502331,UNION TPKE/SPRINGFIELD BLVD,40.73564,-73.746645,Q46 Q48
550679,21 ST/36 AV,40.760099,-73.93676,Q66 Q69
501962,JAMAICA AV/212 PL,40.716152,-73.745515,Q110 Q82
503609,NORTHERN BLVD/227 ST,40.763187,-73.753186,Q12
504261,METROPOLITAN AV/CHRIST THE KING HS,40.712209,-73.888667,Q38 Q54 Q67
200364,NELSON AV/DRIGGS ST,40.543516,-74.147684,S54
503506,COLLEGE POINT BLVD/58 AV,40.746005,-73.835312,Q58 Q98
503475,GRAND AV/84 ST,40.733451,-73.883824,Q58 Q59 Q98
204019,CASTLETON AV/ALASKA ST,40.634264,-74.119979,S46 S53 S54
505257,JAMAICA AV/PARSONS BLVD,40.703429,-73.799679,Q41 Q54 Q56
200541,VICTORY BLVD/ALBERT ST,40.614121,-74.111033,S61 S62 S66
904953,ROCKAWAY BEACH BLVD/BEACH 67 ST,40.590724,-73.795838,Q109 Q121
400519,5 AV/W 38 ST,40.751075,-73.9827,M4 M5
503662,ATLANTIC AV/124 ST,40.695058,-73.824199,Q24
501345,HORACE HARDING EXPWY/FRESH MEADOW LN,40.738566,-73.796832,Q17 Q88
551418,FOREST AV/SUMMERFIELD ST,40.699454,-73.898335,Q39
551937,BORDEN AV/REVIEW AV,40.73881,-73.941184,Q67
503971,SPRINGFIELD BLVD/143 AV,40.668435,-73.756847,Q77 Q85 Q89
553311,188 ST/HORACE HARDING EXPWY,40.740107,-73.786474,QM1 QM31
550533,30 AV/STEINWAY ST,40.76392,-73.914819,Q18
500497,120 AV/199 ST,40.689942,-73.751715,Q84
552319,GUY R BREWER BLVD/144 AV,40.668729,-73.772236,Q115
200022,RICHMOND TERR/FABER ST,40.640226,-74.134746,S40
701021,JAMAICA CENTER/BAY H,40.701393,-73.802583,Q42
502391,UNION TPKE/211 ST,40.733626,-73.76015,Q46 Q48 QM36 QM6
501664,SPRINGFIELD BLVD/HORACE HARDING EXPWY S,40.74907,-73.756596,Q27 QM35 QM5 QM8
550778,ROCKAWAY BEACH BLVD/BEACH 79 ST,40.588118,-73.805263,QM15 QM17
551660,QUEENS BLVD/ASCAN AV,40.719282,-73.839729,Q60 QM18
203876,AMBOY RD/CARTERET ST,40.508488,-74.248603,S78
501140,UNION ST/35 AV,40.765422,-73.827944,Q16 Q20 Q44+ Q44-SBS
403242,W 42 ST/6 AV,40.754535,-73.98364,M42 SIM22 SIM25 SIM26 SIM30 SIM8
200341,RICHMOND RD/McCULLY AV,40.574683,-74.12957,S54 S74
503984,HILLSIDE AV/168 PL,40.710261,-73.793941,Q1 Q17 Q36 Q82
553029,ROCKAWAY BEACH BLVD/BEACH 102 ST,40.583863,-73.823565,Q22 Q53+ Q53-SBS
450539,W 34 ST/5 AV,40.749084,-73.985736,QM1 QM10 QM12 QM15 QM16 QM17 QM18 QM2 QM20 QM4 QM5 QM6
501149,41 AV/147 ST,40.761515,-73.817663,Q15
200416,PORT RICHMOND AV/HARRISON AV,40.636595,-74.134223,S53 S57 S59 S66
200413,PORT RICHMOND AV/HOMESTEAD AV,40.63165,-74.138155,S44 S59 S94
201322,WILLOWBROOK RD/VEDDER AV,40.620783,-74.144652,S57
982354,ROCKAWAY BLVD/75 ST,40.685659,-73.864391,Q7
551723,164 ST/77 AV,40.724556,-73.804629,Q65
203568,GOETHALS RD NORTH/LAMBERT ST,40.617749,-74.160426,SIM8
551548,80 ST/54 AV,40.730885,-73.883763,Q47
504517,ASTORIA BLVD/77 ST,40.766833,-73.892401,M60+ M60-SBS Q19
250045,AMBOY RD/MAIN ST,40.508999,-74.247228,SIM26
401165,PARK ROW/BEEKMAN ST,40.711588,-74.007089,QM11 QM25 QM65 QM7 QM8
805038,Gowanus Exp./Hicks St (N.B.),40.679884,-74.003929,SIM2 SIM31 SIM34 SIM35 SIM4 SIM4C SIM5
202207,RICHMOND RD/TODT HILL RD,40.580404,-74.113691,S74 S76 S86 SIM15
504007,HOYT AV/31 ST,40.771069,-73.917561,M60+ M60-SBS
401812,W 42 ST/12 AV,40.761908,-74.001056,M42
308089,SHORE RD/72 ST,40.635944,-74.03739,X27 X37
501242,29 AV/162 ST,40.771112,-73.802145,Q16
905112,MILL RD/DELWIT AV,40.55342,-74.117339,S76 S86
901225,4 AV/86 ST,40.622521,-74.028343,S79+ S79-SBS
551450,142 ST/ROCKAWAY BLVD,40.674308,-73.798997,Q40
500975,LITTLE NECK PKWY/61 AV,40.758357,-73.722608,Q36 QM35 QM5 QM8
203478,MARSH AV/RING RD,40.583368,-74.161747,S61 S89 S91 SIM31 SIM4 SIM4C SIM8
505516,51 AV/69 ST,40.735421,-73.895765,Q47
202840,MARSH AV/WESTPORT ST,40.584265,-74.16063,S61 S91 SIM31 SIM4 SIM4C SIM8
200916,MORNINGSTAR RD/DIXON AV,40.628412,-74.147891,S44 S94
551847,69 RD/112 ST,40.725655,-73.840949,Q64 Q74 QM4 QM44
203569,ROSSVILLE AV/VETERANS RD WEST,40.554914,-74.213283,S74 S84 SIM25
551323,57 AV/98 ST,40.737704,-73.862479,Q14 QM10 QM11 QM40
551389,58 ST/55 DR,40.726253,-73.912261,Q39
901836,ATLANTIC AV/ELTON ST,40.677809,-73.884591,T434
550775,ROCKAWAY BEACH BLVD/BEACH 84 ST,40.587667,-73.809686,Q52+ Q52-SBS
202681,RICHMOND AV/SIGNS RD,40.602012,-74.163031,S44 S59 S94 SIM4 SIM4C SIM8
202842,MARSH AV/WINDHAM LOOP,40.578093,-74.163535,S55 S56 S61 S89 S91 SIM31 SIM4 SIM4C SIM8
505299,SANFORD AV/BOWNE ST,40.75825,-73.822595,Q13 Q26 Q27 Q65
501395,HORACE HARDING EXPWY/183 ST,40.73945,-73.790616,Q30 Q75
553353,WOODHAVEN BLVD/JAMAICA AV,40.693722,-73.852378,Q11 QM15
200139,BAY ST/NEW LN,40.611505,-74.064131,S51
201131,HYLAN BLVD/CURRIE AV,40.557443,-74.127331,S78
504424,UTOPIA PKWY/UNION TPKE,40.725629,-73.791561,Q30 Q31 Q75
501507,UTOPIA PKWY/75 AV,40.728117,-73.792788,Q31
501479,DOUGLASTON PKWY/65 AV,40.752796,-73.741598,Q30 QM35 QM5 QM8
200154,BAY ST/SLOSSON TERR,40.639512,-74.075477,S48 S51 S61 S62 S66 S74 S76 S78
550520,30 AV/14 ST,40.770702,-73.929828,Q18
553076,21 ST/23 AV,40.778741,-73.918836,Q69
805165,ELTINGVILLE/TRANSIT CENTER,40.560734,-74.171061,S79+ S79-SBS SIM22
201052,HYLAN BLVD/NARROWS RD SOUTH,40.605294,-74.076561,S79+ S79-SBS SIM1 SIM10 SIM11 SIM1C SIM7
200374,RICHMOND AV/SYCAMORE ST,40.540196,-74.161186,S59
200543,VICTORY BLVD/SENECA AV,40.61585,-74.104658,S61 S62 S66
200626,CLOVE RD/FOOTE AV,40.613422,-74.100349,S53 S66
203391,SEAVIEW AV/OLYMPIA BLVD,40.582274,-74.083961,S52
200408,FOREST AV/WILLOW RD EAST,40.624908,-74.145244,S48 S59 S98 SIM3 SIM3C
552315,GUY R BREWER BLVD/FARMERS BLVD,40.66397,-73.768465,Q111 Q113 Q114
550850,BEACH 20 ST/PLAINVIEW AV,40.597173,-73.754376,Q22
201574,SOUTH AV/NETHERLAND AV,40.629326,-74.166305,S48 S98
502746,FRANCIS LEWIS BLVD/171 ST,40.77085,-73.793759,Q76
503827,HOOK CREEK BLVD/NORTH CONDUIT AV,40.666108,-73.729731,Q5 Q87 QM63
503961,MAIN ST/HORACE HARDING EXPWY NORTH,40.74281,-73.825588,Q20 Q44+ Q44-SBS
550126,ROCKAWAY BLVD /122 ST,40.675817,-73.816164,Q10 Q7
502414,UNION TPKE/MAIN ST,40.717662,-73.81778,Q45 Q46 Q48
982141,ROCKAWAY BEACH BLVD/BEACH 92 ST,40.586583,-73.815367,QM15
201569,FOREST AV/UNION AV,40.626357,-74.158231,S48 S98 SIM30 SIM33 SIM33C SIM34
550072,ROCKAWAY BLVD/98 ST,40.680081,-73.840756,Q37 Q41
502992,GRAND AV/QUEENS BLVD,40.736494,-73.877838,Q58 Q59 Q98
304527,JAMAICA AV/BRADFORD ST,40.679635,-73.894118,Q56
903369,GRAND ST/CHRYSTIE ST,40.718122,-73.993686,T232
200534,VICTORY BLVD/PERRY AV,40.612471,-74.129835,S61 S62 S66 S91 S92 S93 SIM3 SIM34 SIM3C
200616,HOWARD AV/WAGNER COLLEGE PLAZA,40.616133,-74.095109,S66
504198,JAMAICA AV/144 ST,40.702335,-73.811368,Q20 Q56 Q60
400751,W 72 ST/BROADWAY,40.779127,-73.982766,M5 M57 M72
203786,RICHMOND RD/AULTMAN AV,40.573058,-74.136749,S54 SIM15
502846,FRANCIS LEWIS BLVD/112 AV,40.704598,-73.749883,Q77
502410,UNION TURPIKE/PARSONS BLVD,40.720087,-73.808993,Q45 Q46 Q48 QM1 QM31 QM35 QM5 QM6 QM7 QM8
201220,FINGERBOARD RD/HYLAN BLVD,40.601572,-74.071933,S52
404054,RIVERSIDE DR/W 94 ST,40.794693,-73.976593,M5
500690,SPRINGFIELD BLVD/141 AV,40.671935,-73.756343,Q77 Q85 Q89
203013,HYLAN BLVD/WEST FINGERBOARD RD,40.600359,-74.072091,S78
700925,81 ST/35 AV,40.751912,-73.885518,Q32
203615,SLOSSON AV/VICTORY BLVD,40.612792,-74.117056,SIM3 SIM34 SIM3C
200368,HYLAN BLVD/ARMSTRONG AV,40.537497,-74.150362,S54 S78 SIM1 SIM10 SIM1C SIM7 SIM9
551217,111 ST/91 AV,40.69463,-73.835999,Q37
204067,HUGUENOT AV/DRUMGOOLE RD EAST,40.53452,-74.193012,SIM2 SIM24
202660,VICTORY BLVD/CYPRESS AV,40.61476,-74.108779,S61 S62 S66
503471,GRAND AV/71 ST,40.72776,-73.892151,Q58 Q59
551373,48 AV/GREENPOINT AV,40.739844,-73.924688,Q39
500454,MERRICK BLVD/FOCH BLVD,40.686726,-73.774671,Q84 Q85 Q86 Q87 Q89
501392,HORACE HARDING EXPWY/172 ST,40.737798,-73.796918,Q17 Q88
201656,RICHMOND RD/HUNTON ST,40.598305,-74.092199,S74 S76 S86
200973,HYLAN BLVD/PAGE AV,40.507721,-74.229574,S59 S78
202331,AMBOY RD/RUGGLES ST,40.534947,-74.183698,S55
203966,FR CAPODANNO BL/WINFIELD ST,40.586327,-74.070539,S51
400929,6 AV/W 23 ST,40.743027,-73.992644,M55 M7 SIM10 SIM1C SIM3 SIM3C
201730,MANOR RD/RAVENHURST AV,40.623763,-74.124792,S54 SIM35
201659,RICHMOND RD/BURGHER AV,40.595224,-74.09761,S74 S76 S86
203410,VANDERBILT AV/TOMPKINS AV,40.619965,-74.077179,S76
503750,GRAND AV/RUST ST,40.719663,-73.910887,Q39 Q59
500102,HOLLIS AV/191 ST,40.709359,-73.767325,Q2
551622,QUEENS BLVD/58 ST,40.741613,-73.907357,Q60
804234,JACKSON AV/45 AV,40.746675,-73.943632,Q67
550137,ROCKAWAY BLVD /LIBERTY AV,40.680473,-73.842372,Q41 Q51 Q7
201755,GUYON AV/ELMIRA ST,40.562416,-74.123241,S57
404184,BROADWAY/WAVERLY PL,40.729526,-73.993348,SIM1C SIM3C SIM4C X27 X28
553310,JAMAICA AV /CARPENTER AV,40.713346,-73.760546,Q110
203482,MIDLAND AV/COLONY ST,40.572339,-74.092962,S51 S81
550798,BEACH CHANNEL DR/BEACH 51 ST,40.595217,-73.781675,Q22 Q52+ Q52-SBS
202579,SAINT GEORGE FERRY/RAMP D S42 & S52,40.643334,-74.07421,S42 S52
404125,W 178 ST/AUDUBON AV,40.84655,-73.933445,M98
202937,FOREST HILL RD/ROCKLAND AV,40.589036,-74.145739,S61 S91 SIM31
501539,46 AV/166 ST,40.7537,-73.801212,Q26 Q27
200102,FATHER CAPODANNO BLVD/HUNTER AV,40.572878,-74.087799,S51 SIM5 SIM6 SIM9
551583,74 ST/NORTHERN BLVD,40.755019,-73.892769,Q47
200084,RICHMOND TERR/HARBOR RD,40.637147,-74.160062,S40 S90
202084,ARTHUR KILL RD/BLOOMINGDALE RD,40.550049,-74.221328,S74
200583,VICTORY BLVD/LITTLE CLOVE RD,40.613821,-74.113636,S61 S62 S66
202625,VICTORY BLVD/INGRAM AV,40.61226,-74.136465,S62 S92 S93
203057,RICHMOND RD/OLD TOWN RD,40.597221,-74.092946,S74 S76 SIM15
202041,VICTORY BLVD/RICHMOND AV,40.607219,-74.162922,S62 S92 SIM32
505293,UNION ST/NORTHERN BLVD,40.763782,-73.828062,Q28
503456,FRESH POND RD/PUTNAM AV,40.706356,-73.896715,M90 Q58 Q98 QM24 QM25 QM34 T410
505037,PARSONS BLVD/20 AV,40.78202,-73.82219,Q44+ Q44-SBS QM2
550133,135 AV/LEFFERTS BLVD,40.670458,-73.820655,Q37 QM18
201567,FOREST AV/SIMONSON AV,40.625721,-74.153496,S48 S98
203052,CLOVE RD/TIOGA ST,40.612259,-74.09927,S53 S93 SIM35
500406,LINDEN BLVD/222 ST,40.694888,-73.739126,Q4 QM64
552405,TUSKEGEE AIRMEN WAY/155 ST,40.69694,-73.798945,Q112
400726,6 AV/W 15 ST,40.738154,-73.996193,SIM1C SIM33C SIM3C SIM4C
503665,ATLANTIC AV/130 ST,40.695982,-73.818117,Q24
501385,HORACE HARDING EXPWY/PARSONS BLVD,40.73826,-73.809965,Q17 Q88
200191,BAY ST/CHESTNUT AV,40.617253,-74.068567,S51
505404,FRANCIS LWEIS BLVD/CANEY LN,40.661565,-73.732067,QM63
505433,BROOKVILLE BLVD/137 AV,40.669681,-73.736178,Q86
505542,ROCKAWAY BLVD/125 ST,40.675577,-73.813488,Q10 Q7
201499,FOREST AV/MANOR RD,40.627015,-74.125302,S48 S98 SIM30 SIM35
501728,CROCHERON AV/192 ST,40.763635,-73.790069,Q28
203184,PORT RICHMOND AV/SMITH PL,40.626014,-74.142974,S59
202703,FOREST HILL RD/STEERS ST,40.596856,-74.141165,S61 S91 SIM31
500472,120 AV/224 ST,40.68895,-73.73881,Q84
500112,HOLLIS AV/209 PL,40.708385,-73.748105,Q2
550471,WOODHAVEN BLVD/61 RD,40.728379,-73.871374,Q11 Q29 QM15
500578,MERRICK BLVD/231 ST,40.675724,-73.738963,Q5 Q86 Q87
552285,FRANCIS LEWIS BLVD/148 AV,40.655047,-73.72657,Q111
202716,TRAVIS AV/BOGOTA ST,40.585656,-74.148695,S61 S91 SIM31
551694,QUEENS BLVD/108 ST,40.721832,-73.844065,Q60
203747,BATTERY RD/TENNESSEE RD,40.600138,-74.05986,S51
553375,WOODHAVEN BLVD/EVERTON ST,40.723235,-73.867954,Q52+ Q52-SBS Q53+ Q53-SBS
505039,14 AV/137 ST,40.786131,-73.831469,Q76
700821,PARSONS BLVD/HILLSIDE AV,40.707362,-73.802674,Q65
202889,WOODROW RD/HOLCOMB AV,40.547543,-74.190407,S56 SIM2 SIM4C SIM8
502032,SUTPHIN BLVD/HILLSIDE AV,40.705678,-73.809604,Q1 Q43
200700,HYLAN BLVD/CLOVE RD,40.598662,-74.081064,S53 S78 S79+ S79-SBS SIM1 SIM10 SIM11 SIM1C SIM7
551777,GUY R BREWER BLVD/FARMERS BLVD,40.664183,-73.768768,Q111 Q113 Q114
404297,MADISON AV/E 33 ST,40.746968,-73.983438,QM63 QM64 QM68
201005,HYLAN BLVD/HILLSIDE TERR,40.545568,-74.142352,S78 SIM1 SIM10 SIM1C SIM5 SIM6 SIM7 SIM9
500380,LINDEN BLVD/NEWBURG ST,40.692124,-73.765993,Q4 Q51
550686,21 ST/31 RD,40.766756,-73.93017,Q69
982184,MYRTLE AV/73 PL,40.70237,-73.875134,QM24 QM25 QM34
202941,CLOVE RD/NIAGARA ST,40.615529,-74.102941,S66 SIM35
550131,ROCKAWAY BLVD/111 ST,40.677648,-73.827526,Q37 Q7
200572,VICTORY BLVD/WOODSTOCK AV,40.631793,-74.08763,S48 S61 S62 S66
553136,157 AV/99 ST,40.663277,-73.835246,Q11 QM15
551071,80 ST/JUNIPER VALLEY RD,40.715849,-73.87183,Q29 Q47
500671,BEDELL ST/133 AV,40.676492,-73.768129,Q85 Q89
501501,UTOPIA PKWY/HORACE HARDING EXPWY,40.738506,-73.793032,Q30 Q31 Q75
202683,WALKER ST/TRANTOR PL,40.630564,-74.144151,S44 S94
302172,ATLANTIC AV/LOGAN ST,40.680004,-73.877966,Q24 T340 T430 T434
550232,LIBERTY AV /LIVERPOOL ST,40.69481,-73.805955,Q112
503523,GRAND AV/GOLDSMITH ST,40.735702,-73.880889,Q58 Q59
203087,SOUTH AV/BRABANT ST,40.631901,-74.166412,S40 S48 S90 S98 SIM33 SIM33C SIM34
502181,MAIN ST/FRANKLIN AV,40.754599,-73.827917,Q20
203157,EBBITTS ST/WINHAM AV,40.562767,-74.106956,S76 S86
504481,ARCHER AV/SUTPHIN BLVD,40.700505,-73.807825,Q43
550694,ROCKAWAY BEACH BLVD/BEACH 105 ST,40.582995,-73.825732,Q22 QM16
503727,JAMAICA AV/147 PL,40.701715,-73.807033,Q54 Q56
203159,EBBITTS ST/ROMA AV,40.561183,-74.10401,S76 S86
200104,FATHER CAPODANNO BLVD/SIOUX ST,40.575173,-74.083821,S51 SIM5 SIM6 SIM9
501762,CROCHERON AV/UTOPIA PKWY,40.763227,-73.793413,Q28
805066,WOODROW RD/OAK LN,40.560075,-74.180467,SIM8
551328,ELIOT AV/83 PL,40.726893,-73.875415,Q14 QM24 QM25 QM34
550532,30 AV/STEINWAY ST,40.763947,-73.915187,Q18
552500,MOTT AV /BEACH 20 ST,40.60406,-73.752675,Q113 Q114
551453,142 ST/FOCH BLVD,40.678533,-73.799759,Q40
200886,HENDERSON AV/BARD AV,40.638762,-74.107024,S44 S94
500512,MERRICK BLVD/LINDEN BLVD,40.691579,-73.778985,Q5 Q84 Q85 Q86 Q87 Q89
505126,154 ST/9 AV,40.793624,-73.806972,Q15 Q61
401942,E 96 ST/3 AV,40.784948,-73.948998,M96
505534,JACKSON AV/PURVES AV,40.747347,-73.941508,Q101
501475,HORACE HARDING EXPWY/MARATHON PKWY,40.760893,-73.732391,Q30 QM35 QM5 QM8
551595,80 ST/ASTORIA BLVD,40.765178,-73.889116,Q47
203175,VICTORY BLVD/CON EDISON BUS LOOP,40.586613,-74.198763,S62 S92 SIM32
504957,LINDEN BLVD/GUY R BREWER BLVD,40.689148,-73.785761,Q51 QM63
503336,QUEENS BLVD/35 ST,40.744737,-73.929943,Q32 Q60 T320
550333,LEFFERTS BLVD/89 AV,40.697537,-73.829601,Q80
552953,92 ST/31 AV,40.760111,-73.876841,Q49
203689,FOREST HILL RD/ROCKLAND AV,40.589154,-74.145849,S61 S91 SIM31
202738,RICHMOND TERR/PARK AV,40.639729,-74.13014,S40 S90
504548,150 ST/24 AV,40.777281,-73.814825,Q15
505284,HILLSIDE AV/175 ST,40.711852,-73.786805,Q3 Q76
550265,LINDEN BLVD/SUTPHIN BLVD,40.686321,-73.793599,Q51 QM21 QM63 QM65
200756,JERSEY ST/CRESCENT AV,40.642399,-74.086498,S42 S52
201086,TOMPKINS AV/VANDERBILT AV,40.620231,-74.077111,S52 S78 SIM30
201680,MIDLAND AV/FATHER CAPODANNO BLVD,40.570823,-74.09053,S51 SIM5 SIM6 SIM9
501949,JERICHO TPKE/COMMONWEALTH BLVD,40.726014,-73.719076,Q110 Q36
202329,AMBOY RD/KINGDOM AV,40.532598,-74.190339,S55
552053,STEINWAY ST/25 AV,40.767895,-73.911871,Q101
103395,HUTCHINSON RIVER PKWY/LAFAYETTE AV,40.824974,-73.836659,Q44+ Q44-SBS Q50
203753,FOREST AV/LAWRENCE AV,40.630363,-74.107072,S48 S98 SIM30
201600,RICHMOND RD/RARITAN AV,40.594606,-74.098376,S74 S76 SIM15
503622,ARCHER AV/165 ST,40.704208,-73.793442,Q4 Q5 Q84 Q85 Q86 Q87 Q89
550713,CROSS BAY BLVD/NOEL RD,40.607873,-73.819479,Q109 Q121 Q52+ Q52-SBS Q53+ Q53-SBS QM15 QM16 QM17
450020,6 AV/W 48 ST,40.758935,-73.981008,QM2 QM20 QM4
201601,RICHMOND RD/BURGHER AV,40.595474,-74.096858,S74 S76
502268,MAIN ST/63 AV,40.739335,-73.82497,Q20 Q44+ Q44-SBS
203457,CLOVE RD/SAINT PETERS CEMETERY,40.622376,-74.11239,S53
551693,QUEENS BLVD/72 DR,40.719909,-73.839801,Q60 QM11 QM18
500028,SPRINGFIELD BLVD/90 AV,40.726543,-73.741343,Q27 Q36 Q88
203556,MILL RD/FOX LN,40.555616,-74.116395,S76
404238,BROADWAY/BARCLAY ST,40.712076,-74.008112,SIM1 SIM1C SIM3C SIM4 SIM4C
502069,HILLSIDE AV/WINCHESTER BLVD,40.733418,-73.73572,Q43 QM68
202934,SEGUINE AV/DIRENZO CT,40.520311,-74.197505,S55 S56 SIM25
801205,gowanus expwy/woodhull st,40.681745,-74.005376,X37
551808,164 ST/84 DR,40.713793,-73.802146,Q65
500545,MERRICK BLVD/127 AV,40.681289,-73.765145,Q5
501398,188 ST/64 AV,40.73877,-73.785974,Q17 Q45 Q88 QM35 QM5 QM7 QM8
553272,BEACH CHANNEL DR/NAMEOKE ST,40.608269,-73.754172,Q114 Q22
200993,HYLAN BLVD/ARDEN AV,40.529426,-74.160937,S59 S78
403240,W 42 ST/7 AV,40.756259,-73.987735,M42 SIM22 SIM25 SIM26 SIM30 SIM8
202234,ARTHUR KILL RD/CROSSFIELD AV,40.563064,-74.17567,S55 S56 S74 S84
203061,GOETHALS RD NORTH/MOBILE HOME PARK ROW A,40.627526,-74.18036,S40 S90
402294,E 72 ST/2 AV,40.768637,-73.958281,M72
552426,SEAGIRT BLVD/BEACH 19 ST,40.594979,-73.75329,Q114
400515,5 AV/W 49 ST,40.758031,-73.977678,M4 M5
200226,FATHER CAPODANNO BLVD/SLATER BLVD,40.576037,-74.082752,S51 S81
203393,SEGUINE AV/SINGLETON ST,40.521997,-74.198589,S56
901169,Gowanus EXP./ 29 St. (S.B.),40.659465,-74.00248,SIM2 SIM34 SIM35 SIM4 SIM4C
504186,ATLANTIC AV/88 ST,40.686686,-73.853503,Q24
404934,BROADWAY/LIBERTY ST,40.70928,-74.010536,SIM32
200171,FATHER CAPODANNO BLVD/ROBIN RD,40.595718,-74.062669,S51 SIM5 SIM6 SIM9
804184,JACKSON AV/45 AV,40.746648,-73.943655,T403
550186,101 AV /LIVERPOOL ST,40.69548,-73.806843,Q8
552520,UNION TPKE/UTOPIA PKWY,40.725883,-73.792082,QM1 QM31 QM35 QM5 QM6 QM7 QM8
201464,ROCKLAND AV/FLORIDA TERR,40.581074,-74.128456,S54 S57
904950,ROCKAWAY BEACH BLVD/BEACH 67 ST,40.590711,-73.796111,Q109 Q121
901711,SNEDIKER AV/NEW LOTS AV,40.659363,-73.898384,T426
552260,PENINSULA BLVD/ROCKAWAY TPKE,40.628546,-73.737183,Q111
982508,38 ST/20 AV,40.77721,-73.901971,Q101
302176,ATLANTIC AV/CLEVELAND ST,40.677991,-73.885018,Q24 T340 T430 T434
504333,MYRTLE AV/CYPRESS HILLS ST,40.700986,-73.890967,Q55 QM24 QM25 QM34
982090,ROCKAWAY BLVD/LIBERTY AV,40.680417,-73.842272,Q51
500640,BEDELL ST/ 134 RD,40.67496,-73.765946,Q85 Q89 QM21
500543,MERRICK BLVD/BAISLEY BLVD,40.683763,-73.77001,Q5 Q85 Q86 Q87 Q89 QM63
501487,HORACE HARDING EXPWY/213 ST,40.746962,-73.764679,Q30 Q75
501000,NORTHERN BLVD/150 ST,40.765168,-73.815251,Q12 Q28
250021,ARDEN AV/MOSELY AV,40.541208,-74.169611,SIM23
201664,RICHMOND RD/STROBE AV,40.587184,-74.103899,S74 S76 S86
202663,VICTORY BLVD/INGRAM AV,40.612214,-74.135723,S62 S92 S93
200246,BRABANT ST/UNION AV,40.631327,-74.158333,S46 S96
200586,VICTORY BLVD/MANOR RD,40.613107,-74.123014,S61 S62 S66 S91 S92 S93 SIM3 SIM34 SIM3C
805040,SOUTH AV/1200 SOUTH AV,40.610502,-74.177271,S46 S96
401630,AVENUE C/E 12 ST,40.727333,-73.976332,M9
550279,LINDEN BLVD/ SUTPHIN BLVD,40.686347,-73.794219,Q51 QM21 QM63 QM65
505187,HILLSIDE AV/205 ST,40.720728,-73.760229,Q43
200438,RICHMOND AV/BARON HIRSCH CEMETERY,40.620134,-74.153328,S44 S59 S94
504069,FARMERS BLVD/120 AV,40.686084,-73.761148,Q3
404873,5 AV/W 48 ST,40.757004,-73.978433,SIM1C SIM3 SIM33C SIM3C SIM4C SIM8
203485,CRAIG AV/AMBOY RD,40.507484,-74.252016,S59 S78 SIM26
201568,FOREST AV/VAN PELT AV,40.626063,-74.156206,S48 S98
550154,101 AV /80 ST,40.680638,-73.858639,Q8
500078,HILLSIDE AV/193 ST,40.716563,-73.769609,Q1 Q76
201085,TOMPKINS AV/HILL ST,40.621647,-74.078175,S52 S78
450119,5 AV/W 59 ST,40.764227,-73.973142,SIM23 SIM24
203409,VICTORY BLVD/WILLOW RD,40.609763,-74.149364,S62 S92 S93
503330,QUEENS BLVD/46 ST,40.743336,-73.918117,T320
203602,GIFFORDS LN/KATAN AV,40.552998,-74.151152,S54
200544,VICTORY BLVD/CLOVE RD,40.616611,-74.102996,S61 S62 S91 S92 SIM30
400835,RIVERSIDE DR/W 113 ST,40.807137,-73.967414,M5
553147,104 ST /RAU CT,40.654134,-73.82814,Q11
403506,E 67 ST/LEXINGTON AV,40.767437,-73.964888,M66
200097,MIDLAND AV/KISWICK ST,40.574051,-74.096488,S51 SIM5 SIM6 SIM9
200075,RICHMOND TERR/NICHOLAS AV,40.639823,-74.139586,S40 S90
504985,ARCHER AV/MERRICK BLVD,40.704536,-73.792288,Q20 Q44+ Q44-SBS
201654,RICHMOND RD/ROME AV,40.601555,-74.092938,S74 S76 S86 SIM15
200072,RICHMOND TERR/PARK AV,40.640318,-74.130766,S40 S90
552273,PENINSULA BLVD/LAFAYETTE DR,40.641283,-73.710596,Q111
805037,Gowanus Exp./3 Av (N.B.),40.640448,-74.021466,SIM15 SIM2 SIM31 SIM34 SIM35 SIM4 SIM4C SIM5
201745,BRIELLE AV/GANSEVOORT BLVD,40.598213,-74.125675,S54
304841,PUTNAM AV/MYRTLE AV,40.699716,-73.907354,Q58 Q98
901109,gowanus py/6 av,40.635157,-74.016821,SIM1 SIM10 SIM11 SIM1C SIM3 SIM31 SIM32 SIM33 SIM33C SIM3C SIM5 SIM6 SIM7 SIM9
903167,fdr/e 23 st,40.735578,-73.975243,SIM31
501410,188 ST/WEXFORD TERR,40.715517,-73.77387,Q17
400851,RIVERSIDE DR/W 76 ST,40.783055,-73.984578,M5
201617,VANDERBILT AV/PARK HILL LN,40.618676,-74.079634,S76
501731,FRANCIS LEWIS BLVD/34 AV,40.766368,-73.789593,Q28 Q76
553166,ASTORIA BLVD/108 ST,40.760206,-73.860847,Q19
504267,METROPOLITAN AV/78 ST,40.713051,-73.875607,Q54
505327,KISSENA BLVD/HOLLY AV,40.750899,-73.819265,Q17 Q25
203721,ARDEN AV/DRUMGOOLE RD WEST,40.546948,-74.181446,SIM23
200057,RICHMOND TERR/LAFAYETTE AV,40.644821,-74.096443,S40 S90
902076,E 180 ST / MORRIS PARK AV,40.840945,-73.872787,T117
502657,73 AV/193 ST,40.734321,-73.779759,QM35 QM5 QM8
504413,JACKSON AV/QUEENS PLAZA SOUTH,40.748587,-73.93861,Q101 Q63
500022,HILLSIDE AV/212 ST,40.724847,-73.7537,Q1 Q36 Q43 Q82
905002,VICTORY BLVD/BAY ST,40.637675,-74.076194,S46 S48 S61 S62 S66 S91 S92 S96 S98
201613,TARGEE ST/SOBEL CT,40.613883,-74.084703,S74 S76
502311,UNION TPKE/173 ST,40.724459,-73.795425,Q45
500681,243 ST/MEMPHIS AV,40.663863,-73.736615,Q85 Q86
553235,METROPOLITAN AV/ALDERTON ST,40.711748,-73.858436,Q54 QM12 QM42
550499,157 AV/CROSS BAY BLVD,40.662528,-73.841326,Q11 Q41 QM15
502631,73 AV/210 ST,40.739202,-73.763365,Q88 QM35 QM5 QM8
550632,ASTORIA BLVD/94 ST,40.762822,-73.875111,Q19 Q49
503293,QUEENS BLVD/SKILLMAN AV,40.745932,-73.934522,Q32 Q60
805087,BLOOMINGDALE RD/VETERANS RD EAST,40.547995,-74.220346,S55
551346,63 DR/WOODHAVEN BLVD,40.722821,-73.867151,Q38
504463,FRANCIS LEWIS BLVD/SUNRISE HWY,40.666044,-73.735966,Q5 Q86
203650,BAY ST/BOROUGH PL,40.642001,-74.075302,S46 S48 S51 S52 S61 S62 S66 S74 S76 S78 S91 S92 S96 S98
503636,56 AV/QUEENS BLVD,40.735004,-73.874304,Q59
553368,ROCKAWAY BEACH BLVD/BEACH 92 ST,40.586619,-73.815326,Q22 QM17
503936,ARCHER AV/165 ST,40.704132,-73.79342,Q4 Q84 Q85 Q86 Q87 Q89
501276,UTOPIA PKWY/21 RD,40.777687,-73.793644,Q16 QM20
200752,BRIGHTON AV/WEBSTER AV,40.635785,-74.089426,S42
404222,BROADWAY/EXCHANGE ALLEY,40.706587,-74.012746,SIM2 SIM32 SIM34
502350,UNION TPKE/260 ST,40.74712,-73.711556,Q46 QM35 QM36 QM5 QM6 QM8
550451,WOODHAVEN BLVD/MYRTLE AV,40.702438,-73.855076,Q11 Q52+ Q52-SBS Q53+ Q53-SBS
501725,CROCHERON AV/168 ST,40.76273,-73.797827,Q28
502171,MAIN ST /65-21 MAIN ST,40.737281,-73.824906,Q20
551066,80 ST/COOPER AV,40.709316,-73.870202,Q29
552331,GUY R BREWER BLVD/BAISLEY BLVD,40.678201,-73.779494,Q111 Q113 Q114 Q115
500691,140 AV/SOUTHGATE ST,40.672589,-73.759033,Q85 Q89
202610,ARTHUR KILL RD/KENILWORTH AV,40.565392,-74.183782,S56 S74 S84
805012,SEAVIEW HOSPITAL EXIT/TRAFFIC LOOP,40.593099,-74.133898,S54 S57
550509,101 ST /160 AV,40.658692,-73.832117,Q11
203828,SEAVIEW AV/OLYMPIA BLVD,40.58253,-74.083796,S52
450005,3 AV/E 44 ST,40.751994,-73.973438,QM31 QM35 QM36 QM44
500010,HILLSIDE AV/187 ST,40.714481,-73.775904,Q2 Q3 Q76 QM68
503472,GRAND AV/74 ST,40.730283,-73.887154,Q58 Q59 Q98
982162,69 ST/GRAND AV,40.726377,-73.895265,Q18
200314,CASTLETON AV/CLOVE RD,40.633917,-74.125845,S46 S53 S54 S96
200546,VICTORY BLVD/HIGHLAND AV,40.619819,-74.099368,S61 S62 S66
502327,UNION TPKE/BELL BLVD,40.734288,-73.754769,Q46 Q48 QM36 QM6
805034,Gowanus Exp./65 St (N.B.),40.637706,-74.020302,SIM15 SIM2 SIM31 SIM34 SIM35 SIM4 SIM4C SIM5
403374,FORT WASHINGTON AV/W 165 ST,40.839905,-73.943263,M4
551916,NORTHERN BLVD/70 ST,40.75451,-73.896742,Q63 Q66
551003,KISSENA BLVD/QUEENS COLLEGE,40.736375,-73.81451,Q25
552457,BAYVIEW AV /DOUGHTY BLVD,40.614053,-73.746301,Q114
201525,SOUTH AV/ARLINGTON PL,40.636117,-74.166098,S40 S90 SIM33 SIM33C SIM34
200779,SLOSSON TERR/BAY ST,40.639632,-74.076139,S42 S52
552964,99 ST/LEWIS AV,40.740034,-73.860848,Q14
500501,120 AV/190 ST,40.687197,-73.759236,Q84
200972,HYLAN BLVD/BEDELL AV,40.506616,-74.233144,S59 S78 SIM2 SIM25 SIM26
200524,JEWETT AV/POST AV,40.631109,-74.130592,S66
450015,6 AV/W 42 ST,40.754737,-73.984088,QM1 QM5 QM6
502080,HILLSIDE AV/256 ST,40.73654,-73.71151,Q43
803042,BBT/west st,40.707261,-74.015869,SIM15 SIM5 X27 X28
551832,JEWEL AV/KISSENA BLVD,40.731934,-73.814648,Q64 Q74 QM4 QM44
400639,FORT WASHINGTON AV/CABRINI BLVD,40.858763,-73.934434,M4 M98
552366,GUY R BREWER BLVD/CLAUDE AV,40.691282,-73.787476,Q115
307959,SHORE RD/79 ST,40.631504,-74.038495,X27 X37
501401,188 ST/73 AV,40.732969,-73.78304,Q17 Q45 QM1 QM31 QM35 QM5 QM7 QM8
551629,QUEENS BLVD/65 PL,40.741221,-73.899752,Q60
200234,MIDLAND AV/MORELAND ST,40.574688,-74.097292,S51 S81 SIM5 SIM6 SIM9
403304,AVENUE C/E 3 ST,40.721384,-73.980901,M9
450023,6 AV/W 51 ST,40.760335,-73.979922,QM15 QM16 QM17 QM18
904355,JACKSON AV/49 AV,40.742971,-73.954065,T323
203646,RICHMOND RD/ST PATRICKS PL,40.572036,-74.146706,S54 S74
450334,TRINITY PL/THAMES ST,40.708345,-74.012474,QM11 QM25 QM7 QM8
203850,HOWARD AV/HILLSIDE AV,40.618323,-74.093863,S66
505540,BAY 28 ST/WESTBOURNE AV,40.608072,-73.765734,Q22
504488,QUEENS BLVD/78 AV,40.715206,-73.831983,Q45 Q46 Q48
200484,NELSON AV/HYLAN BLVD,40.542676,-74.146084,S54 SIM5 SIM6
400657,BROADWAY/W 152 ST,40.830668,-73.947579,M4 M5
504555,LAKEVILLE RD/LIJ MEDICAL CENTER,40.755336,-73.704361,Q46 QM36 QM6
550797,BEACH CHANNEL DR/BEACH 54 ST,40.595194,-73.784759,Q52+ Q52-SBS QM15 QM17
200480,HYLAN BLVD/LITTLEFIELD AV,40.536515,-74.151212,S54 S78
500658,SOUTH CONDUIT AV/225 ST,40.665426,-73.7519,Q85 Q89
200846,BEMENT AV/CASTLETON AV,40.634629,-74.11213,S44
203065,NEW DORP LN/NEW DORP PLAZA,40.574105,-74.116546,S57 S76
551997,JUNCTION BLVD/43 AV,40.745825,-73.867983,Q72
200267,CASTLETON AV/NORTH BURGHER AV,40.634709,-74.114634,S46
505487,36 AV/VERNON BLVD,40.761856,-73.942267,Q102
550087,ROCKAWAY BLVD/128 ST,40.675007,-73.809586,Q10 Q7
500407,LINDEN BLVD/219 ST,40.695528,-73.741172,Q4
201042,HYLAN BLVD/PARKINSON AV,40.597909,-74.083446,S78
553347,WOODHAVEN BLVD/91 AV,40.690024,-73.850033,Q52+ Q52-SBS Q53+ Q53-SBS
552198,48 ST/39 AV,40.749339,-73.915708,Q104
203652,RICHMOND AV/CHRISTOPHER LN,40.6147,-74.157439,S44 S59 S89 S94 SIM8
904111,MOTT AV/BEACH 22 ST,40.60479,-73.754125,Q97 T354
201090,HYLAN BLVD/VAUGHN ST,40.611311,-74.071835,S78 SIM30
404189,BROADWAY/RECTOR ST,40.707117,-74.012303,SIM1 SIM1C SIM33C SIM3C
502304,UNION TPKE/150 ST,40.719004,-73.811907,Q45 QM1 QM31 QM35 QM5 QM6 QM7 QM8
552663,23 AV/CORPORAL KENNEDY ST,40.778946,-73.78268,QM20
201196,HYLAN BLVD/BRIGHTON ST,40.504577,-74.243353,S59 S78
202228,ARTHUR KILL RD/GIFFORDS LN,40.564265,-74.155608,S74 SIM15
200451,RICHMOND AV/TRAVIS AV,40.59314,-74.162856,S44 S59 S94
503551,PARSONS BLVD/20 AV,40.781868,-73.822021,Q44+ Q44-SBS QM2
501160,150 ST/24 RD,40.776757,-73.814751,Q15
200063,RICHMOND TERR/NORTH BURGHER AV,40.641451,-74.116263,S40 S54 S90
505272,MAIN ST/BOOTH MEMORIAL AV,40.746418,-73.826104,Q44+ Q44-SBS
552998,ROCKAWAY BEACH BLVD/BEACH 115 ST,40.579938,-73.836457,Q22 Q35 QM16
200272,CASTLETON AV/KISSEL AV,40.634636,-74.104697,S46
505021,15 AV/COLLEGE POINT BLVD,40.784153,-73.845512,Q20 Q76
304532,JAMAICA AV/ELTON ST,40.683862,-73.885271,Q56
201010,HYLAN BLVD/BAY TERR,40.552493,-74.132806,S78 S79+ S79-SBS SIM1 SIM10 SIM1C SIM5 SIM6 SIM7 SIM9
502697,FRANCIS LEWIS BLVD/47 AV,40.753658,-73.780605,Q76
304920,GRAND ST/GARDNER AV,40.715457,-73.926882,Q59
501233,BAYSIDE AV/146 ST,40.770825,-73.821453,Q16
905154,TELEPORT DR/CORPORATE COMMONS,40.60453,-74.178526,S46 S96
101259,SOUTHERN BLVD/143 ST,40.807906,-73.908064,T102
553345,CROSS BAY BLVD/LIBERTY AV,40.680203,-73.8444,Q52+ Q52-SBS Q53+ Q53-SBS
505247,10 AV/152 ST,40.793616,-73.810449,Q15
503075,MAIN ST/76 AV,40.72299,-73.819716,Q20
552727,HEMPSTEAD AV/217 ST,40.715031,-73.741504,Q82
550749,ROCKAWAY BEACH BLVD/BEACH 141 ST,40.572138,-73.857818,Q35 QM16
203474,VICTORY BLVD/CRYSTAL AV,40.610949,-74.142686,S62 S92 S93
202581,RICHMOND RD/BARTON AV,40.584091,-74.107325,S74 S76
307740,OCEAN AV/CORTELYOU RD,40.643609,-73.959729,T464
202094,ARTHUR KILL RD/WOODROW RD,40.565227,-74.181514,S56 S74 SIM22 SIM4C
200472,RICHMOND AV/OAKDALE ST,40.541199,-74.162365,S59
500971,LITTLE NECK PKWY/NASSAU BLVD,40.764911,-73.724509,Q36
901108,gowanus py/6 av(NB),40.635388,-74.016662,SIM3 SIM32 SIM3C
502819,SPRINGFIELD BLVD/139 AV,40.673081,-73.756328,Q77
553427,LEFFERTS BLVD/METROPOLITAN AV,40.706622,-73.831703,Q10 Q80 QM18
201388,GUYON AV/TARRING ST,40.563301,-74.125007,S57
552442,CORNAGA AV /MOTT AV,40.60269,-73.749702,Q113 Q114
552994,57 AV/92 ST,40.735415,-73.870214,Q14 Q29
200244,GRANDVIEW AV/BRABANT ST,40.632007,-74.165169,S46 S96
203420,HOLLAND AV/BENJAMIN PL,40.639326,-74.17119,S48 S98
552436,BEACH 9 ST /SEAGIRT BLVD,40.596748,-73.74434,Q113 Q114
103379,CROSS BRONX EXPWY SERVICE RD/NEWBOLD AV,40.832499,-73.856998,Q44+ Q44-SBS
505528,WOODSIDE AV/71 ST,40.742686,-73.893927,Q47
503103,GREEN ACRES RD/MAYFIELD LN,40.660864,-73.719338,Q5 Q87 Q89
982186,EASTERN RD/BUILDING 77,40.651316,-73.766459,Q6
203526,BLOOMINGDALE RD/VETERANS RD EAST,40.547964,-74.220533,S74
805039,Gowanus Exp./22 St (N.B.),40.663351,-73.998119,SIM2 SIM31 SIM34 SIM35 SIM4 SIM4C SIM5 X27 X28 X37 X38
504338,MYRTLE AV/81 ST,40.702987,-73.867327,Q55
202846,INDEPENDENCE AV/ASHLEY HOMEGOODS,40.574007,-74.168683,S44 S61 S91 S94
201942,VICTORY BLVD/TRAVIS AV,40.599621,-74.17837,S62 S92 SIM32
200392,RICHMOND AV/RICHMOND HILL RD,40.589224,-74.167125,S44 S59 S89 S94
203817,RICHMOND HILL RD/RICHMOND AV,40.588808,-74.167395,S89
203404,GIFFORDS LN/BALTIMORE ST,40.551808,-74.1507,S54
550487,155 AV/89 ST,40.66629,-73.845498,Q11 Q41 QM15
503483,CORONA AV/JUNCTION BLVD,40.742062,-73.867676,Q58
503527,GRAND AV/79 ST,40.730814,-73.885954,Q59
501369,KISSENA BLVD/MAIN ST,40.757921,-73.828629,Q17
500911,NORTHERN BLVD/204 ST,40.757709,-73.779736,Q12 Q13
200579,VICTORY BLVD/MELROSE AV,40.617802,-74.101652,S61 S62
403038,WEST END AV/W 66 ST,40.77618,-73.987276,M57
302177,ATLANTIC AV/WARWICK ST,40.677397,-73.887257,Q24
500551,MERRICK BLVD/SPRINGFIELD BLVD,40.680072,-73.753769,Q5 Q86 Q87 QM63 QM65
202121,RICHMOND RD/STEELE AV,40.576798,-74.118228,S74 S76
405491,5 AV/E 69 ST,40.770598,-73.968479,M72
501399,188 ST/186 LN,40.736229,-73.784674,Q17 Q45 Q88 QM1 QM31 QM35 QM5 QM7 QM8
700927,DITMARS BLVD/36 ST,40.774535,-73.908245,Q69
200900,POST AV/DECKER AV,40.632347,-74.133124,S44 S57 S94
552463,MOTT AV /LAWRENCE AV,40.618313,-73.7371,Q114
201185,HYLAN BLVD/INEZ ST,40.518327,-74.200315,S59 S78
553221,130 ST /135 AV,40.668442,-73.810001,Q10 QM18
551304,ELIOT AV/85 ST,40.728012,-73.872979,Q14 QM24 QM25 QM34
200531,JEWETT AV/WATERS AV,40.616594,-74.131265,S66
500170,FARMERS BLVD/MERRICK BLVD,40.680279,-73.761324,Q3
203080,ARTHUR KILL RD/ARDEN HEIGHTS PLAZA,40.562504,-74.192186,S56 S74
501605,47 AV/193 ST,40.751777,-73.787982,Q27 Q31
202042,VICTORY BLVD/ARLENE ST,40.606704,-74.166281,S62 S92 SIM32
501343,HORACE HARDING EXPWY/183 ST,40.739834,-73.791693,Q30 Q75
201695,MANOR RD/DONGAN AV,40.614544,-74.122517,S54
202240,ARTHUR KILL RD/CARLYLE GREEN,40.556978,-74.199755,S74 S84
550902,108 ST/69 AV,40.725165,-73.845432,Q23
350250,FLATBUSH AV/RYAN VISITORS CENTER,40.588162,-73.898359,Q35
200855,HENDERSON AV/LAFAYETTE AV,40.64065,-74.095176,S44 S94
500909,NORTHERN BLVD/CORPORAL KENNEDY ST,40.759125,-73.774231,Q12 Q13
504559,ARCHER AV/SUTPHIN BLVD,40.700637,-73.807238,Q20 Q24 Q44+ Q44-SBS
403640,3 AV/E 50 ST,40.756158,-73.970388,QM31 QM32 QM35 QM36 QM44
505192,ROOSEVELT AV/74 ST,40.746819,-73.891252,Q70+ Q70-SBS T320
551856,NORTHERN BLVD/WOODSIDE AV,40.752921,-73.909698,Q63 Q66
550003,NORTH BOUNDARY RD/OLD ROCKAWAY BLVD,40.657451,-73.771764,Q6
500580,MERRICK BLVD/228 ST,40.676915,-73.742531,Q5 Q86 Q87
550595,54 ST/NORTHERN BLVD,40.753556,-73.906647,Q18
504314,METROPOLITAN AV/79 ST,40.713228,-73.874727,Q54
504309,METROPOLITAN AV/69 AV,40.711236,-73.85551,Q54
503645,ATLANTIC AV/100 ST,40.68932,-73.844234,Q24
201022,HYLAN BLVD/JACQUES AV,40.570901,-74.109122,S78 S79+ S79-SBS
553346,WOODHAVEN BLVD/101 AV,40.684372,-73.846018,Q11 Q52+ Q52-SBS Q53+ Q53-SBS QM15
501093,UNION ST/35 AV,40.765246,-73.8278,Q16 Q20 Q44+ Q44-SBS
203772,RICHMOND AV/YONA AV,40.612429,-74.159081,S44 S59 S94 SIM33 SIM33C SIM4 SIM4C SIM8
308771,BROADWAY/HALSEY ST,40.685815,-73.915766,Q24 T433
202856,HYLAN BLVD/RICHMOND AV,40.534119,-74.154156,S59 S78 S89
501033,BELL BLVD/28 AV,40.777368,-73.775534,Q13 Q31
550255,SUTTER AV/CROSS BAY BLVD,40.676749,-73.84396,Q112
550071,ROCKAWAY BLVD/97 ST,40.68026,-73.842066,Q7
501340,188 ST/HORACE HARDING EXPWY,40.740543,-73.786419,Q17 Q88
203399,HYLAN BLVD/ARMSTRONG AV,40.537571,-74.149984,S54 S78 SIM1 SIM10 SIM1C SIM7 SIM9
550168,101 AV /108 ST,40.687347,-73.835058,Q8
503803,130 PL/WEST HANGAR RD,40.657048,-73.810615,Q3
553419,UNION TPKE/MAIN ST,40.717586,-73.818326,QM1 QM31 QM35 QM5 QM6 QM7 QM8
200452,RICHMOND AV/NOME AV,40.590584,-74.166212,S44 S59 S94 SIM4 SIM4C SIM8
200426,PORT RICHMOND AV/ANN ST,40.638743,-74.132956,S53 S57 S59 S66
200780,CENTRAL AV/HYATT ST,40.641841,-74.076941,S42 S52
551890,NORTHERN BLVD/101 ST,40.757362,-73.867286,Q63 Q66
501621,56 AV/220 ST,40.752159,-73.75976,Q27
552274,PENINSULA BLVD/LAFAYETTE DR,40.64139,-73.710961,Q111
307960,SHORE RD/BAY RIDGE PKWY,40.633942,-74.036695,X27 X37
505452,41 AV/149 PL,40.762458,-73.81431,Q15
501080,NORTHERN BLVD/154 ST,40.764878,-73.811437,Q12
505322,SUNRISE HWY/FRANCIS LEWIS BLVD,40.665632,-73.735499,Q5
400658,BROADWAY/W 150 ST,40.829398,-73.948497,M4 M5
203601,LEVERETT AV/DOANE AV,40.556502,-74.155903,SIM5 SIM6
200535,VICTORY BLVD/MOUNTAINVIEW AV,40.612738,-74.12654,S61 S62 S66 SIM3 SIM34 SIM3C
350233,PITKIN AV /ELDERT LN,40.676414,-73.864666,Q112 Q8
201113,HYLAN BLVD/JEFFERSON AV,40.581093,-74.098806,S78 SIM1 SIM10 SIM11 SIM1C SIM7
551015,LINDEN PL/31 RD,40.769186,-73.832618,Q25 Q50 Q61
202830,SOUTH AV/CABLE WAY,40.62977,-74.166522,S40 S46 S48 S90 S96 S98
505240,58 AV/223 ST,40.751448,-73.755718,Q75
203096,FATHER CAPODANNO BLVD/ALTER AV,40.582375,-74.074577,S51 S52 S81
203580,HUGUENOT AV/RATHBUN AV,40.539894,-74.19584,SIM2 SIM24
202293,ARDEN AV/DOVER GREEN,40.557631,-74.196521,S56
505339,21 ST/JACKSON AV,40.744227,-73.94874,Q67
550352,AUSTIN ST /MOWBRAY DR,40.709944,-73.830419,Q10 Q80
505057,92 ST/59 AV,40.73427,-73.869299,Q88
500130,HOLLIS AV/215 ST,40.710062,-73.743222,Q2
200590,JEWETT AV/KIMBALL AV,40.614929,-74.130877,S66
201554,FOREST AV/CLOVE RD,40.627939,-74.121161,S48 SIM30
404681,E 86 ST/2 AV,40.77759,-73.951259,M86+ M86-SBS
905007,ARLO RD/STRATFORD AV,40.61971,-74.094636,S66
201120,HYLAN BLVD/BURBANK AV,40.571947,-74.108443,S78
200450,RICHMOND AV/TRAVIS AV,40.593125,-74.162841,SIM4 SIM4C SIM8
400933,6 AV/W 34 ST,40.74986,-73.987669,M5 M55 M7 SIM10 SIM1C SIM3 SIM3C
500394,LINDEN BLVD/222 ST,40.694458,-73.738169,Q4 QM64
201127,HYLAN BLVD/OAK AV,40.561954,-74.118547,S57 S78
201550,FOREST AV/BEMENT AV,40.629664,-74.111646,S48 SIM30
200411,PORT RICHMOND AV/BEEKMAN ST,40.62936,-74.140802,S59 SIM3 SIM35 SIM3C
308272,GRAND ST/UNION AV,40.71094,-73.950691,Q54 Q59
804206,JAMAICA AV/146 ST,40.701847,-73.808733,Q54
405639,E 57 ST/3 AV,40.760493,-73.96822,QM10 QM12 QM24 QM4
504453,JAMAICA AV/ELDERT LN,40.69117,-73.868651,Q7
501611,ROCKY HILL RD/203 ST,40.753217,-73.777142,Q27 Q31
403488,W 65 ST/WEST END AV,40.775118,-73.98728,M66
501189,POWELLS COVE BLVD/162 ST,40.794233,-73.799487,Q15 QM2 QM32
502079,HILLSIDE AV/LITTLE NECK PKWY,40.736011,-73.713958,Q43 QM68
405179,5 AV/W 44 ST,40.75487,-73.979966,M4 M5
901163,JACKSON AV/42 RD,40.748376,-73.938991,Q108
505264,ARCHER AV /160 ST,40.702782,-73.798612,Q111 Q112 Q113 Q114 Q115 Q20 Q85 Q89
551678,QUEENS BLVD/JAMAICA AV,40.702706,-73.81448,Q20 Q60
982430,168 ST/JAMAICA BUS TERMINAL,40.707609,-73.792022,Q41 Q6 Q8 Q9
200597,JEWETT AV/HOLBERNT CT,40.629447,-74.130149,S66
551387,58 ST/BORDEN AV,40.729634,-73.911905,Q39 Q67
551561,CALAMUS AV/71 ST,40.734649,-73.893048,Q47
201477,BRADLEY AV/WESTWOOD AV,40.605374,-74.131633,S57 S61 S91
502091,HILLSIDE AV/LITTLE NECK PKWY,40.736135,-73.714369,Q43 QM68
805114,gulf av/forest av,40.62484,-74.178525,SIM30
203521,WOODROW RD/HELIOS PL,40.541578,-74.210313,S74 S84
203183,ARTHUR KILL RD/ARTHUR KILL STATION,40.516268,-74.242277,S78
550146,PITKIN AV/76 ST,40.676753,-73.86101,Q112
200273,CASTLETON AV/HUNTER PL,40.634465,-74.101789,S46
203644,RICHMOND RD/ANDREWS AV,40.572927,-74.136482,S54 S74 SIM15
502007,SAYRES AV/179 PL,40.698937,-73.774526,Q42
551962,69 ST/ELIOT AV,40.719759,-73.891305,Q67
201291,McCLEAN AV/LINWOOD AV,40.59611,-74.072528,S52
201016,HYLAN BLVD/GUYON AV,40.560575,-74.119668,S78 S79+ S79-SBS SIM1 SIM10 SIM1C SIM5 SIM6 SIM7 SIM9
308107,WAKEMAN PL/RIDGE BLVD,40.639351,-74.026868,X27 X37
400642,FORT WASHINGTON AV/W 185 ST,40.853134,-73.937591,M4 M98
501352,HORACE HARDING EXPWY/156 ST,40.739011,-73.812676,Q17 Q88
804053,GREEN ACRES RD /GREEN ACRES MALL,40.661433,-73.721393,Q5 Q87 Q89
550470,WOODHAVEN BLVD/HOFFMAN DR,40.732651,-73.871091,QM10 QM11 QM12 QM40 QM42
504984,JAMAICA AV/150 ST,40.702083,-73.804513,Q41 Q56
203700,HYLAN BLVD/QUINTARD ST,40.596234,-74.085655,S78 S79+ S79-SBS SIM1 SIM10 SIM11 SIM1C SIM7
503674,168 ST /JAMAICA AV,40.706567,-73.792501,Q30 Q31 Q75 Q8
551770,COLLEGE POINT BLVD/25 RD,40.775827,-73.846479,Q26
551211,111 ST/101 AV,40.68823,-73.832733,Q37
551957,69 ST/59 DR,40.721703,-73.893099,Q67
402227,E 57 ST/MADISON AV,40.762524,-73.972826,SIM25 SIM31 SIM8 X27 X28 X37 X38
201492,FOREST AV/CRYSTAL AV,40.624548,-74.141418,S48 SIM30 SIM35
551511,109 AV/129 ST,40.684715,-73.813851,Q41
203095,HYLAN BLVD/WEST FINGERBOARD RD,40.598531,-74.072639,S53 S78
200299,CASTLETON AV/HARBOR VIEW CT,40.633375,-74.092183,S46
700900,44 DR/JACKSON AV,40.747052,-73.942303,Q39
551894,NORTHERN BLVD/108 ST,40.757942,-73.861433,Q63 Q66
200395,RICHMOND AV/ROCKLAND AV,40.595642,-74.161776,S44 S59 S89 S94 SIM4 SIM4C SIM8
202249,ARTHUR KILL RD/JOHNSON ST,40.545251,-74.230926,S74 S84
401869,E 79 ST TRANSVERSE/CENTRAL PARK,40.778765,-73.968554,M79+ M79-SBS
200301,CASTLETON AV/BRIGHTON AV,40.633991,-74.097666,S46
501444,HORACE HARDING EXPWY/188 ST,40.740612,-73.786214,Q30 Q74 Q75
202306,AMBOY RD/ALVINE AV,40.535228,-74.18313,S55
405011,E 57 ST/LEXINGTON AV,40.760812,-73.968693,SIM22 SIM25 SIM26 SIM31 SIM8
903295,W 42 ST/7 AV,40.756191,-73.98719,T260
503856,23 AV/94 ST,40.768043,-73.876339,Q47
701086,JAMAICA CENTER/BAY B,40.702353,-73.800231,Q86 Q87
500080,HILLSIDE AV/188 ST,40.715217,-73.773444,Q1 Q36 Q43 Q76 Q77 Q82
500247,FARMERS BLVD/ROCKAWAY BLVD,40.659805,-73.773671,Q3 Q77
501478,DOUGLASTON PKWY/61 AV,40.7559,-73.739362,Q30 QM35 QM5 QM8
550557,65 PL/QUEENS BLVD,40.741286,-73.899322,Q18
201094,HYLAN BLVD/PIEDMONT AV,40.602735,-74.074458,S78
203687,CASTLETON AV/TREADWELL AV,40.635981,-74.137922,S46 S96
503581,81 ST/34 AV,40.753909,-73.885903,Q32
553106,ROCKAWAY BEACH BLVD/BEACH 112 ST,40.580812,-73.833484,Q22 Q35
550682,21 ST/34 AV,40.762929,-73.933802,Q69
200697,HYLAN BLVD/BIONIA AV,40.598046,-74.075832,S53 S78
505352,SEAGIRT BLVD/BEACH 29 ST,40.595941,-73.762249,Q22 QM17
551712,164 ST/HIGHLAND AV,40.710293,-73.799975,Q65
200479,HYLAN BLVD/WINCHESTER AV,40.5356,-74.152275,S54 S78 S79+ S79-SBS
552997,BEACH CHANNEL DR/BEACH 51 ST,40.595397,-73.781487,Q22 Q52+ Q52-SBS
400849,RIVERSIDE DR/W 80 ST,40.785449,-73.982266,M5
201422,VICTORY BLVD/JEWETT AV,40.612624,-74.130404,S61 S62 S66 S91 S92 S93 SIM3 SIM34 SIM3C
200384,RICHMOND AV/BARLOW AV,40.557307,-74.168965,S59 SIM1 SIM10 SIM1C SIM22 SIM7
203698,HYLAN BLVD/LIBERTY AV,40.586116,-74.092279,S78 S79+ S79-SBS
404923,CENTRAL PARK SOUTH/6 AV,40.766314,-73.977491,SIM10 SIM1C SIM3 SIM30 SIM33C SIM3C SIM4C
201731,MANOR RD/KINGSLEY AV,40.622009,-74.124291,S54
200417,PORT RICHMOND AV/BENNETT ST,40.638381,-74.132905,S53 S57 S59 S66
202995,RICHMOND TERR/LAFAYETTE AV,40.644741,-74.096086,S40 S90
200462,RICHMOND AV/BARLOW AV,40.556676,-74.169104,S59 SIM1 SIM10 SIM1C SIM22 SIM7
501857,BELL BLVD/46 AV,40.757929,-73.768236,Q31
450012,6 AV/W 37 ST,40.751612,-73.986325,QM1 QM5
550530,30 AV/35 ST,40.76522,-73.918085,Q18
550182,SUTPHIN BLVD/LIBERTY AV,40.696379,-73.80464,Q41 Q8 Q9
203974,ARDEN AV/HAMPTON GREEN,40.554757,-74.19348,S56 SIM2 SIM23 SIM4C
200539,VICTORY BLVD/SLOSSON AV,40.613476,-74.116376,S61 S62 S66
901709,e 96 st/glenwood rd non-public  ltd L91 S,40.64414,-73.902508,T426
501254,UTOPIA PKWY/19 AV,40.780663,-73.793908,Q16 QM20
203694,NARROWS RD NORTH/SAINT JOHNS AV,40.606709,-74.075617,S79+ S79-SBS S93 SIM1 SIM10 SIM11 SIM15 SIM1C SIM33C SIM35 SIM3C SIM7
552415,LIBERTY AV /127 ST,40.688781,-73.817967,Q112
905003,VICTORY BLVD/BAY ST,40.637812,-74.076158,S46 S48 S61 S62 S66 S91 S92 S96 S98
450417,6 AV/W 38 ST,40.752159,-73.985874,QM15 QM16 QM17 QM18
504455,GRAND AV/HAMILTON PL,40.724156,-73.898774,Q58 Q59 Q98
203155,CEDAR GROVE AV/NEW DORP LN,40.564359,-74.09768,S76
553248,143 ST/130 AV,40.671069,-73.795899,Q40
503975,168 ST/HILLSIDE AV,40.709775,-73.794554,Q30 Q31 Q75
405386,MURRAY ST/CHURCH ST,40.713897,-74.008942,M9
505280,QUEENS BLVD/62 DR,40.731186,-73.864626,Q59
200427,PORT RICHMOND AV/HARRISON AV,40.63646,-74.134663,S53 S57 S59 S66
500954,LITTLE NECK PKWY/58 AV,40.761866,-73.723019,Q36 QM35 QM5 QM8
201563,FOREST AV/WILLOWBROOK RD,40.62506,-74.144481,S48 S59 SIM3 SIM3C
203612,SOUTH GANNON AV/GANSEVOORT BLVD,40.608165,-74.126855,SIM31 SIM32 SIM33 SIM33C
501460,DOUGLASTON PKWY/65 AV,40.75301,-73.741488,Q30 QM35 QM5 QM8
553300,COLLEGE POINT BLVD/NYPD ACADEMY ENTRANCE,40.771099,-73.843733,Q26
551991,JUNCTION BLVD/57 AV,40.736514,-73.865856,Q72 QM10 QM40
504971,MERRICK BLVD/233 ST,40.675199,-73.737312,Q5 Q86 Q87 QM63 QM65
250059,WEST SHORE EXPWY/VICTORY BLVD,40.589609,-74.19407,SIM2 SIM25 SIM26
903036,CENTRAL PARK SOUTH/6 AV,40.766007,-73.976806,SIM10 SIM1C SIM3 SIM3C
551377,48 AV/47 ST,40.73909,-73.918172,Q39
200382,RICHMOND AV/GENESEE AV,40.552799,-74.167964,S59 S79+ S79-SBS
552506,WHITESTONE EXPWY/20 AV,40.781506,-73.825903,Q50 QM2 QM32
202028,VICTORY BLVD/BRYSON AV,40.610517,-74.145451,S62 S92 S93
302179,ATLANTIC AV/HENDRIX ST,40.676651,-73.890777,Q24 T340 T430 T434
202845,RICHMOND AV/YUKON AV,40.576422,-74.16954,S44 S55 S56 S61 S79+ S79-SBS S91 S94 SIM31 SIM4 SIM4C SIM8
505251,FRESH POND RD/BLEECKER ST,40.71216,-73.900241,Q58 Q98 QM24 QM25 QM34
203492,WILDER AV/PINEWOOD AV,40.570602,-74.134335,SIM15
203592,VETERANS RD EAST/ARTHUR KILL RD,40.55713,-74.202823,SIM2 SIM22 SIM23 SIM24 SIM25
701020,JAMAICA CENTER/BAY G,40.701089,-73.803245,Q65
203344,NARROWS RD SOUTH/FINGERBOARD RD,40.603427,-74.068996,S79+ S79-SBS S93 SIM1 SIM10 SIM11 SIM15 SIM1C SIM33C SIM35 SIM3C SIM7
501337,188 ST/73 AV,40.733107,-73.782898,Q17 Q45 QM1 QM31 QM35 QM5 QM7 QM8
551047,127 ST/15 AV,40.784943,-73.841314,Q25
503323,ROOSEVELT AV/64 ST,40.746014,-73.900295,Q32
201720,BROADWAY/HENDERSON AV,40.636652,-74.117696,S54
805187,BROADWAY/MORRIS ST,40.705189,-74.013878,SIM33C SIM3C
202209,RICHMOND RD/ALTAMONT ST,40.577638,-74.117819,S74 S76 S86
402018,W 106 ST/BROADWAY,40.801424,-73.968241,M60+ M60-SBS
200796,LAFAYETTE AV/PROSPECT AV,40.638921,-74.09397,S42
200040,RICHMOND TERR/FRANKLIN AV,40.645389,-74.092952,S40 S44
203359,TRAVIS AV/DENKER PL,40.588544,-74.154516,S61 S91 SIM31
450392,6 AV/W 35 ST,40.750759,-73.986967,QM2 QM20
202056,VICTORY BLVD/FELDMEYERS LN,40.588782,-74.19574,S62 S92 SIM32
551634,QUEENS BLVD/72 ST,40.739327,-73.892064,Q60
500110,HOLLIS AV/FRANCIS LEWIS BLVD,40.707357,-73.750746,Q2
200317,CASTLETON AV/PORT RICHMOND AV,40.636099,-74.134826,S46 S96
201597,RICHMOND RD/DONGAN HILLS AV,40.588965,-74.101749,S74 S76
803234,BATTERY PL/GREENWICH ST,40.704921,-74.015441,X27 X28
200113,FATHER CAPODANNO BLVD/BURGHER AV,40.58802,-74.068842,S51 S52
203724,NARROWS RD SOUTH/TARGEE ST,40.607755,-74.089028,S93 SIM15 SIM33C SIM35 SIM3C
804245,48 ST/BROOKLYN-QUEENS EXPWY,40.735551,-73.91836,Q39
502984,HORACE HARDING EXPWY/WESTSIDE AV,40.737339,-73.854072,QM10 QM11 QM40
201503,FOREST AV/BROADWAY,40.628858,-74.116321,S48 S98 SIM30
405277,BROADWAY/BROOME ST,40.721704,-74.000018,SIM1 SIM1C SIM33C SIM34 SIM3C SIM4C X27 X28
201132,HYLAN BLVD/BUFFALO ST,40.556396,-74.12847,S78 S79+ S79-SBS SIM1 SIM10 SIM1C SIM5 SIM6 SIM7 SIM9
500636,BEDELL ST/BAISLEY BLVD,40.680236,-73.774436,Q85 Q89
400756,RIVERSIDE DR/W 79 ST,40.785215,-73.982281,M5
503953,JAMAICA AV/162 ST,40.704244,-73.798183,Q30 Q31 Q75
308503,GRAND ST/BUSHWICK AV,40.712062,-73.940017,Q54 Q59
450203,STATE ST/BATTERY PL,40.704386,-74.014174,QM11 QM25 QM65 QM7 QM8
501097,UNION ST/26 AV,40.774854,-73.826088,Q20 Q44+ Q44-SBS
500259,LIBERTY AV/177 ST,40.70534,-73.782662,Q42 Q83 QM64
551106,DRY HARBOR RD/82 PL,40.722274,-73.874244,Q29
308088,SHORE RD/BAY RIDGE AV,40.63843,-74.036175,X27 X37
503105,GREEN ACRES RD/GREEN ACRES MALL,40.661692,-73.722412,Q5 Q87 Q89
801199,gowanus exp/20 st.nonpublic,40.665087,-73.996717,X27 X37
401844,W 34 ST/5 AV,40.748672,-73.98491,SIM23 SIM24
552337,GUY R BREWER BLVD/FOCH BLVD,40.684143,-73.783031,Q111 Q113 Q114 Q115 QM21 QM65
503828,213 PL/BAY TERRACE SHOPPING CENTER,40.780935,-73.777165,Q28 Q31
700916,ASTORIA BLVD/35 ST,40.770146,-73.914215,Q19
550253,SUTTER AV/89 ST,40.676238,-73.84765,Q112
404169,3 AV/E 55 ST,40.759026,-73.968297,QM31 QM35 QM36 QM44
550980,PARSONS BLVD/87 AV,40.709009,-73.803954,Q25
905161,MARSH AV/RING RD,40.58372,-74.161424,S55 S56
202103,ARTHUR KILL RD/GREAVES AV,40.566047,-74.153706,S54 S74
401889,E 79 ST TRANSVERSE/CENTRAL PARK,40.779084,-73.968749,M79+ M79-SBS
552704,CENTRAL AV/VIRGINIA ST,40.609597,-73.745651,Q113
203205,BAY ST/BAYLEY SETON HOSPITAL,40.623837,-74.073916,S51 S76
551482,164 AV/92 ST,40.650756,-73.83869,Q41
401554,E 10 ST/AVENUE A,40.727828,-73.982068,M8
505347,HILLSIDE AV/CHELSEA ST,40.714503,-73.776352,Q1 Q17 Q2 Q3 Q76 QM68
500871,NORTHERN BLVD/FRANCIS LEWIS BLVD,40.757671,-73.783657,Q12 Q13
200695,SAND LN/HYLAN BLVD,40.598571,-74.071822,S52 S53
202254,ARTHUR KILL RD/WINANT PL,40.536255,-74.237425,S74 S84
551061,PARSONS BLVD/85 DR,40.709924,-73.805473,Q25
200660,HYLAN BLVD/NORWAY AV,40.598498,-74.08127,S53 S78 S79+ S79-SBS
553198,80 ST/JUNIPER BLVD NORTH,40.721408,-73.876457,Q47
202453,VAN DUZER ST/ROFF ST,40.617249,-74.086584,S74
904095,ARCHER AV/SUTPHIN BLVD,40.700463,-73.807915,Q30 Q31 Q43 Q75
405305,WEST ST/NORTH MOORE ST,40.720253,-74.012307,SIM33 SIM7 SIM9
500018,HILLSIDE AV/FRANCIS LEWIS BLVD,40.720923,-73.759535,Q1 Q36 Q43 Q77 Q82 QM68
202641,LUTEN AV/EYLANDT ST,40.526997,-74.191161,S55
203547,RICHMOND RD/HUNTER AV,40.583805,-74.107883,S74 S76 S86
400938,6 AV/W 47 ST,40.75829,-73.981468,M5 M7
203199,STATEN ISLAND MALL AT RING RD/PLATINUM AV,40.580095,-74.168403,S44 S59 S79+ S79-SBS S94
200573,VICTORY BLVD/FOREST AV,40.629856,-74.089431,S61 S62 S66 S91 S92
201665,RICHMOND RD/HULL AV,40.585168,-74.106279,S74 S76 S86 SIM15
200018,RICHMOND TERR/MORNINGSTAR RD,40.637856,-74.144927,S40 S90
200441,RICHMOND AV/LAMBERTS LN,40.614809,-74.157578,S44 S59 S89 S94 SIM4 SIM4C
551474,SUTPHIN BLVD/88 AV,40.704921,-73.809404,Q40
202672,VICTORY BLVD/SPARK PL,40.602401,-74.174765,S62 S92
203078,RICHMOND AV/YUKON AV,40.576378,-74.169982,S55 S56 S79+ S79-SBS SIM31 SIM4 SIM4C SIM8
500478,120 AV/237 ST,40.685548,-73.727552,Q84
504442,HOOK CREEK BLVD/136 AV,40.668792,-73.728969,Q5 Q87 QM63
308448,METROPOLITAN AV/N 5 ST,40.714125,-73.954958,Q59
505483,89 ST/32 AV,40.758565,-73.879181,Q49
552336,GUY R BREWER BLVD/FOCH BLVD,40.684467,-73.783005,Q111 Q113 Q114 Q115 QM21 QM65
701051,LIBERTY AV/115 ST,40.685704,-73.827835,Q112
551679,QUEENS BLVD/JAMAICA AV,40.702747,-73.8143,Q20 Q60
551898,NORTHERN BLVD/114 ST,40.75842,-73.855949,Q63 Q66
202741,RICHMOND TERR/PORT RICHMOND AV,40.640214,-74.130886,S57 S66
201647,VANDERBILT AV/HILLSIDE AV,40.61498,-74.085133,S76 S86
200981,HYLAN BLVD/SEGUINE AV,40.519069,-74.196924,S55 S56 S59 S78 SIM2
500509,MERRICK BLVD/FOCH BLVD,40.687317,-73.775083,Q5 Q84 Q85 Q86 Q87 Q89
552995,59 AV/94 ST,40.734727,-73.86695,Q14
500890,NORTHERN BLVD/BROWVALE LN,40.769898,-73.735973,Q12
103375,CROSS BRONX EXPWY SERVICE RD/ZEREGA AV,40.828963,-73.844303,Q44+ Q44-SBS
804229,queens bl/83 av,40.711764,-73.825313,QM64
201012,HYLAN BLVD/BUFFALO ST,40.556809,-74.127636,S78 S79+ S79-SBS SIM1 SIM10 SIM1C SIM5 SIM6 SIM7 SIM9
202646,RICHMOND AV/SHIRLEY AV,40.537548,-74.158701,S59
552992,CROSS BAY BLVD/157 AV,40.662229,-73.840796,Q52+ Q52-SBS Q53+ Q53-SBS
505203,COOPER AV/ATLAS PARK MALL,40.709909,-73.868064,Q54
503700,NORTH BOUNDARY RD/N HANGAR RD,40.660667,-73.778684,Q3
905169,AMBOY RD/TYSENS LN,40.568897,-74.125136,S57
203805,ARDEN AV/CROWN AV,40.549682,-74.186847,SIM23
503465,FRESH POND RD/FLUSHING AV,40.721506,-73.903054,Q58 Q98
500408,LINDEN BLVD/217 ST,40.696127,-73.743063,Q4
701052,90 ST/56 AV,40.735559,-73.872552,Q29
200576,VICTORY BLVD/SILVER LAKE GOLF COURSE,40.622571,-74.096335,S61 S62 S66
552986,27 AV/4 ST,40.774566,-73.933253,Q103 Q18 Q19
203345,NARROWS RD NORTH/FINGERBOARD RD,40.604596,-74.069364,S79+ S79-SBS S93 SIM1 SIM10 SIM11 SIM15 SIM1C SIM33C SIM35 SIM3C SIM7
500989,LITTLE NECK PKWY/87 AV,40.73062,-73.710928,Q36
552261,PENINSULA BLVD/ARLINGTON RD,40.63005,-73.732023,Q111
201542,FOREST AV/OXFORD PL,40.630592,-74.089527,S48 S98 SIM30
551146,WILLETS POINT BLVD/149 ST,40.776518,-73.817518,Q61 QM20
405403,3 AV/E 55 ST,40.758873,-73.968456,QM32 QM34 QM40 QM42
550796,BEACH CHANNEL DR/BEACH 54 ST,40.594972,-73.78476,Q22 Q52+ Q52-SBS QM15
502307,UNION TPKE/164 ST,40.7213,-73.804668,Q45 Q46 Q48 QM1 QM31 QM35 QM5 QM6 QM7 QM8
550781,ROCKAWAY BEACH BLVD/BEACH 75 ST,40.588572,-73.802856,Q22
550709,DITMARS BLVD/STEINWAY ST,40.772707,-73.905987,Q69
550194,101 AV /LEFFERTS BLVD,40.689985,-73.826185,Q8
200340,RICHMOND RD/ENFIELD PL,40.576202,-74.126064,S54 S57 S74 S84
905196,WEST ST/WARREN ST,40.716422,-74.012858,SIM33 SIM7 SIM9
553359,WOODHAVEN BLVD/101 AV,40.684361,-73.846244,Q52+ Q52-SBS Q53+ Q53-SBS
503721,CORPORAL KENNEDY ST/26 AV,40.77675,-73.782914,Q28 QM20
500482,237 ST/129 AV,40.680086,-73.730266,Q84
306977,BROADWAY/JEFFERSON AV,40.686818,-73.917504,Q24 T430
403266,5 AV/W 55 ST,40.761751,-73.974937,M4 M5
200454,STATEN ISLAND MALL AT RING RD/MACYS,40.584577,-74.166981,S44 S59 S79+ S79-SBS S94
404907,E 57 ST/MADISON AV,40.762461,-73.972734,X27 X28 X37 X38
503259,NORTHERN BLVD/232 ST,40.764342,-73.747222,Q12
551741,164 ST/METCALF AV,40.747108,-73.803258,Q65
200507,RICHMOND RD/WILDER AV,40.573193,-74.134276,S54 S74
904951,Aqueduct RD/JFK PARKING,40.663452,-73.825838,Q109
551371,48 AV/37 ST,40.740263,-73.928325,Q39
502406,UNION TPKE/168 ST,40.723026,-73.800443,Q45 QM1 QM31 QM35 QM5 QM6 QM7 QM8
552061,STEINWAY ST/21 AV,40.774624,-73.904116,Q101
500555,MERRICK BLVD/224 ST,40.677737,-73.745475,Q5 Q86 Q87 QM63 QM65
203928,GOETHALS RD NORTH/SOUTH AV,40.621772,-74.168656,SIM8
203472,VANDERBILT AV/ERRINGTON PL,40.6216,-74.074036,S76
503996,VAN WYCK NORTH SERVICE RD/BUILDING 23,40.649784,-73.803746,Q3
550134,ROCKAWAY BLVD/109 AV,40.678886,-73.833861,Q51 Q7
501654,SPRINGFIELD BLVD/HILLSIDE AV,40.730265,-73.745082,Q1 Q27 Q88
203036,BROADWAY/FOREST AV,40.629042,-74.116271,S53
404865,W 70 ST/FREEDOM PL,40.778911,-73.986687,M72
403914,6 AV/W 20 ST,40.741155,-73.993876,M55 M7
502578,DITMARS BLVD/31 AV,40.762613,-73.861418,Q90
553410,QUEENS BLVD/65 RD,40.728403,-73.858329,Q60
400655,BROADWAY/W 157 ST,40.834229,-73.944922,M4 M5 T204
201658,RICHMOND RD/MARK ST,40.596258,-74.095235,S74 S76 S86
200014,RICHMOND TERR/DAVIS AV,40.644712,-74.110734,S40
501878,UTOPIA PKWY/BOOTH MEMORIAL AV,40.740799,-73.792884,Q31
551287,ELIOT AV/69 ST,40.719382,-73.8915,Q14 QM24 QM25 QM34
200473,RICHMOND AV/SYCAMORE ST,40.539604,-74.160868,S59
202229,ARTHUR KILL RD/ELVERTON AV,40.562863,-74.156965,S74
201615,VANDERBILT AV/ROFF ST,40.616223,-74.083115,S76
201649,RICHMOND RD/LONGVIEW RD,40.611794,-74.088349,S74 S76
805006,SAINT GEORGE FERRY/RAMP D,40.643722,-74.073104,S40 S42 S52 S90
201741,MANOR RD/HOLDEN BLVD,40.604287,-74.120942,S54
550789,BEACH CHANNEL DR/BEACH 67 ST,40.592953,-73.796423,Q22 QM15 QM17
200393,RICHMOND AV/NOME AV,40.590836,-74.165295,S44 S59 S94 SIM4 SIM4C SIM8
501060,BELL BLVD/NORTHERN BLVD,40.7604,-73.76952,Q13 Q31
505135,SPRINGFIELD BLVD/116 RD,40.696874,-73.743507,Q27
503550,PARSONS BLVD/23 AV,40.77839,-73.823722,Q20
308533,4 AV/87 ST,40.621917,-74.028796,S93
501516,HOMELAWN ST/84 RD,40.715941,-73.792653,Q31
203408,HENDERSON AV/WESTBURY AV,40.638901,-74.104877,S44
203664,SEAVIEW HOSPITAL EXIT/TRAFFIC LOOP,40.593266,-74.134187,S54 S57
552668,26 AV/204 ST,40.775122,-73.788469,QM20
552069,HAZEN ST/19 AV,40.773573,-73.89329,Q100
201387,GUYON AV/SOUTH RAILROAD AV,40.564451,-74.126909,S57
201688,MANOR RD/OCEAN TERR,40.602056,-74.120549,S54
403611,W 72 ST/COLUMBUS AV,40.777656,-73.979141,M72
200447,RICHMOND AV/SIGNS RD,40.601378,-74.163365,S44 S59 S94 SIM4 SIM4C SIM8
551691,QUEENS BLVD/ HOOVER AV,40.712236,-73.825519,QM18 QM21 QM63 QM64 QM65 QM68
500430,MERRICK BLVD/108 AV,40.698362,-73.786612,Q4 Q5 Q84 Q85 Q86 Q87 Q89
550592,WOODSIDE AV/61 ST,40.745114,-73.904027,Q18
502870,HORACE HARDING EXPWY/97 ST,40.734537,-73.861405,Q88 QM11 QM12 QM42
302300,GRAND ST/BEDFORD AV,40.714667,-73.961579,Q59
502361,260 ST/LITTLE NECK PKWY,40.752019,-73.720753,Q48 QM35 QM5 QM8
503418,JAMAICA AV/124 ST,40.700831,-73.826733,Q56
401898,W 86 ST/COLUMBUS AV,40.786476,-73.972389,M86+ M86-SBS
550329,LEFFERTS BLVD/94 AV,40.693679,-73.827696,Q10 Q80 QM18
504281,METROPOLITAN AV/PARK LN SOUTH,40.707775,-73.836774,Q54
500135,HOLLIS AV/205 ST,40.706895,-73.753448,Q2
501350,HORACE HARDING EXPWY/160 ST,40.738856,-73.808812,Q17 Q88
505525,75 ST/35 AV,40.750942,-73.891275,Q47
502317,UNION TPKE/188 ST,40.729221,-73.780715,Q46 Q48
502337,UNION TPKE/WINCHESTER BLVD,40.738959,-73.733425,Q46 Q48
551242,135 AV/126 ST,40.669139,-73.813339,Q37 QM18
203044,BROADWAY/DELAFIELD AV,40.630688,-74.116432,S53
505432,BROOKVILLE BLVD/FRANCIS LEWIS BLVD,40.667952,-73.737204,Q86
200902,PORT RICHMOND AV/ALBION PL,40.634463,-74.135639,S57 S59 SIM3 SIM35 SIM3C
500955,LITTLE NECK PKWY/HORACE HARDING EXPWY,40.764894,-73.724303,Q36
551912,NORTHERN BLVD/90 ST,40.756478,-73.878137,Q63 Q66
504959,LINDEN BLVD/VAN WYCK EXPWY,40.683191,-73.805121,QM63
501260,FRANCIS LEWIS BLVD/163 ST,40.778021,-73.800824,Q76
202604,VICTORY BLVD/LABAU AV,40.61503,-74.107508,S61 S62 S66
302173,ATLANTIC AV/HALE AV,40.679396,-73.880072,Q24
201644,VANDERBILT AV/PLEASANT PL,40.618769,-74.079753,S76
450006,3 AV/E 50 ST,40.755884,-73.970552,QM34 QM40 QM42
501618,216 ST/50 AV,40.754276,-73.764134,Q27
550497,157 AV/89 ST,40.66204,-73.844709,Q11 Q41 QM15
200580,VICTORY BLVD/CLOVE RD,40.616078,-74.104545,S61 S62 S66 S91 S92 S93
501023,BELL BLVD/NORTHERN BLVD,40.760566,-73.769436,Q13 Q31
550085,ROCKAWAY BLVD/124 ST,40.675315,-73.813364,Q10 Q7
450224,E 57 ST/MADISON AV,40.762287,-73.972516,QM1 QM5 QM6
400648,FORT WASHINGTON AV/W 172 ST,40.844435,-73.940982,M4
500664,243 ST/MEMPHIS AV,40.663856,-73.736727,Q85 Q86
201139,HYLAN BLVD/HILLSIDE TERR,40.545287,-74.143082,S78 SIM1 SIM10 SIM1C SIM5 SIM6 SIM7 SIM9
501941,JERICHO TPKE/COMMONWEALTH BLVD,40.725932,-73.718337,Q110 Q36
502371,UNION TPKE/260 ST,40.747048,-73.71228,Q46 Q48 QM36 QM6
551825,JEWEL AV/MAIN ST,40.730024,-73.823774,Q64 Q74 QM4 QM44
200443,RICHMOND AV/MERRILL AV,40.609936,-74.160418,S44 S59 S89 S94 SIM33 SIM33C SIM4 SIM4C SIM8
200822,MORNINGSTAR RD/ST ADALBERT PL,40.629621,-74.147384,S44 S94
550063,ROCKAWAY BLVD/144 DR,40.664219,-73.777866,Q6
552367,GUY R BREWER BLVD/LINDEN BLVD,40.688753,-73.785751,Q111 Q113 Q114 Q115
552035,NORTHERN BLVD/37 ST,40.752223,-73.926665,Q101 Q63
553449,MOTT AV/BEACH 22 ST,40.604781,-73.754069,Q114 Q22
500209,HILLSIDE AV/179 ST,40.712393,-73.784555,Q3 Q76
202097,ELTINGVILLE/TRANSIT CENTER,40.560594,-74.171242,SIM1 SIM10 SIM1C SIM5 SIM6 SIM7
450021,6 AV/W 49 ST,40.759191,-73.98082,QM1 QM5 QM6
202659,RICHMOND AV/AMSTERDAM PL,40.600133,-74.163082,S44 S59 S94
501341,HORACE HARDING EXPWY/188 ST,40.741152,-73.787068,Q17 Q30 Q74 Q75 Q88
550336,LEFFERTS BLVD/JAMAICA AV,40.699829,-73.830944,Q10 Q80 QM18
203757,RICHMOND RD/LIGHTHOUSE AV,40.572485,-74.141554,S54 S74
500133,HOLLIS AV/207 ST,40.707641,-73.750206,Q2
551292,ELIOT AV/74 ST,40.721884,-73.885765,Q14 QM24 QM25 QM34
502412,UNION TPKE/150 ST,40.719021,-73.812821,Q45 QM1 QM31 QM35 QM5 QM6 QM7 QM8
200748,PROSPECT AV/PENDELTON PL,40.639683,-74.091957,S42
201192,HYLAN BLVD/PAGE AV,40.507871,-74.229898,S59 S78
803221,hugh carey tunnel/west st.non-public,40.707264,-74.015841,SIM34 X37 X38
550035,JAMAICA AV / 164 ST,40.705333,-73.79551,Q41 Q6 Q8
203625,RICHMOND RD/MCKINLEY AV,40.572539,-74.139746,S54 S74
502868,JUNCTION BLVD/59 AV,40.735194,-73.865223,Q72 Q88 QM11
503848,LAGUARDIA/TERMINAL C,40.770292,-73.864519,M60+ M60-SBS Q70+ Q70-SBS Q72 Q90
503576,82 ST/35 AV,40.75166,-73.884761,Q32 Q33
308417,NEPTUNE AV/W 37 ST,40.57686,-74.00268,X28 X38
500920,NORTHERN BLVD/169 ST,40.758987,-73.797965,Q12
403483,BROADWAY/W 145 ST,40.826693,-73.95048,M4 M5 T204
552825,LAKEVILLE RD/L I JEWISH HOSPITAL,40.755574,-73.704028,QM36 QM6
501153,150 ST/NORTHERN BLVD,40.765633,-73.815117,Q15
551909,NORTHERN BLVD/98 ST,40.757257,-73.870634,Q63 Q66
503606,BEDELL ST/FARMERS BLVD,40.674115,-73.76423,Q85 Q89
700960,36 AV/11 ST,40.761143,-73.939843,Q102
505139,SPRINGFIELD BLVD/LINDEN BLVD,40.697535,-73.743025,Q27
401544,SAINT MARKS PL/1 AV,40.727381,-73.984926,M8
550094,ROCKAWAY BLVD/143 ST,40.673767,-73.795809,Q7
550818,SEAGIRT BLVD/CREST RD,40.595047,-73.755819,Q113 Q114 Q22 QM17
504356,MYRTLE AV/FREEDOM DR,40.702127,-73.850573,Q55
502872,HORACE HARDING EXPWY/99 ST,40.7356,-73.857983,Q88 Q98 QM11 QM12 QM42
552136,VERNON BLVD/44 DR,40.748909,-73.952335,Q103
552409,ARCHER AV/160 ST,40.702714,-73.798478,Q113 Q114 Q42
552548,160 ST/CROSS ISLAND PKWY,40.786683,-73.802335,QM2 QM32
553432,UNION TPKE/187 ST,40.729018,-73.782227,QM31 QM35 QM36
501403,188 ST/UNION TPKE,40.729335,-73.781331,Q17
552485,ROCKAWAY TPKE /BURNSIDE AV,40.624029,-73.735201,Q114
501758,FRANCIS LEWIS BLVD/33 AV,40.767074,-73.790481,Q28 Q76
304528,JAMAICA AV/VAN SICLEN AV,40.680654,-73.891997,Q56 T430
551148,139 ST/28 RD,40.77208,-73.829665,Q61 QM2 QM20
553411,134 ST /155 AV,40.660972,-73.807504,Q10
200765,SLOSSON TERR/BAY ST,40.63955,-74.075825,S42 S52
500401,LINDEN BLVD/231 ST,40.69221,-73.730994,Q4
200983,HYLAN BLVD/LUTEN AV,40.523239,-74.187831,S78 SIM2
550452,WOODHAVEN BLVD/MYRTLE AV,40.70247,-73.855451,Q11
203453,BRIELLE AV/BABE RUTH FIELD,40.594673,-74.135086,S54
802160,AMENDOLA PLAZA/WESTCHESTER AV,40.852577,-73.827361,T103
200710,CLOVE RD/HOWARD AV,40.612715,-74.099516,S53 S66 S93 SIM35
982161,UNION TPKE/KEW GARDENS RD,40.713965,-73.831373,Q37
901697,LAFAYETTE AV/NOSTRAND AV,40.689857,-73.950996,T403
551989,JUNCTION BLVD/HORACE HARDING EXPWY,40.734502,-73.864618,Q72
551072,80 ST/JUNIPER VALLEY RD,40.716169,-73.872249,Q29 Q47
200146,BAY ST/THOMPSON ST,40.625914,-74.075064,S51 S76
203564,MILL RD/ISABELLA AV,40.557879,-74.113323,S76 S86
905105,PORT RICHMOND AV/RICHMOND TERR,40.639876,-74.131826,S53
551980,QUEENS MIDTOWN EXPY / 43RD ST,40.735739,-73.923466,Q67
504345,MYRTLE AV/WOODHAVEN BLVD,40.702473,-73.854705,Q55
505014,20 AV/PETRACCA PL-TARGET,40.781704,-73.832632,Q20
400514,5 AV/W 52 ST,40.759933,-73.976291,M4 M5 Q32
203831,YUKON AV/TARGET DRIVEWAY,40.575935,-74.167683,S44 S61 S91 S94
200623,HOWARD AV/WAGNER STADIUM DRIVEWAY,40.616297,-74.095012,S66
404179,5 AV/W 52 ST,40.759519,-73.976567,X27 X28 X37 X38
203469,RICHMOND TERR/SAILORS SNUG HARBOR GATE,40.645184,-74.101845,S40
200528,JEWETT AV/BURNSIDE AV,40.622865,-74.132193,S66
553361,CROSS BAY BLVD/PITKIN AV,40.672061,-73.842954,Q52+ Q52-SBS Q53+ Q53-SBS
201224,TOMPKINS AV/BELAIR RD,40.609076,-74.069016,S52
551822,JEWEL AV/140 ST,40.729517,-73.824965,Q64
201358,BRADLEY AV/WESTWOOD AV,40.605696,-74.131925,S57 S61 S91
551409,FOREST AV/GATES AV,40.708068,-73.903714,Q14 Q39
500187,FARMERS BLVD/HOLLIS AV,40.709363,-73.768112,Q3
550175,101 AV /124 ST,40.691157,-73.821659,Q8
503307,ROOSEVELT AV/63 ST,40.745823,-73.900865,Q32
402183,E 49 ST/1 AV,40.753508,-73.966967,M50
905014,HYLAN BLVD/LUTEN AV,40.523099,-74.18814,S59
200194,BAY ST/SAINT JOHNS AV,40.611925,-74.064632,S51 S81
202099,ARTHUR KILL RD/ARMSTRONG AV,40.560899,-74.16228,S74 SIM15
304536,JAMAICA AV/EUCLID AV,40.688406,-73.875906,Q56
550772,ROCKAWAY BEACH BLVD/BEACH 88 ST,40.587495,-73.812887,Q22
982352,GRANT AV/ETNA ST,40.688253,-73.868438,Q7
905213,ARLO RD/HOWARD AV,40.619471,-74.090467,S66
504992,ROOSEVELT AV/BOWNE ST,40.760927,-73.824935,Q15
203204,TARGEE ST/NAPLES ST,40.603486,-74.091147,S74 S76
803224,W 57 ST/6 AV,40.764572,-73.977875,SIM10 SIM30
504265,METROPOLITAN AV/73 PL,40.712706,-73.878927,Q54
901837,CRESCENT ST/FULTON ST,40.683455,-73.872174,T434
500418,LINDEN BLVD/FARMERS BLVD,40.69184,-73.762996,Q4 Q51
500877,NORTHERN BLVD/BELL BLVD,40.760348,-73.768238,Q12
203616,MARTLING AV/MANOR RD,40.621006,-74.12336,SIM35
551627,QUEENS BLVD/63 ST,40.741561,-73.902696,Q60
550565,69 ST/MAURICE AV,40.734933,-73.896092,Q18
202522,MORNINGSTAR RD/INNIS ST,40.634388,-74.145694,S46 S96
201623,VAN DUZER ST/BALTIC ST,40.631797,-74.077315,S74 S78
502100,HILLSIDE AV/WINCHESTER BLVD,40.733518,-73.735078,Q43 QM68
551840,JEWEL AV/164 ST,40.731841,-73.805384,Q64 Q74
551762,NORTHERN BLVD/COLLEGE POINT BLVD,40.763065,-73.835457,Q26
504423,ASTORIA BLVD/77 ST,40.765571,-73.891607,M60+ M60-SBS Q19 Q47
551870,NORTHERN BLVD/74 ST,40.754697,-73.892648,Q63 Q66
550809,BEACH CHANNEL DR/BEACH 35 ST,40.596181,-73.767899,Q121 Q22 QM17
401813,W 42 ST/11 AV,40.760542,-73.997928,M42
551260,63 DR/HARING ST,40.725295,-73.865537,Q38
503831,LIBERTY AV/ARCADE AV,40.704717,-73.772709,Q83 QM64
202549,AMBOY RD/BEACH AV,40.571849,-74.121513,S57 SIM15
552448,BEACH CHANNEL DR /NAMEOKE ST,40.608053,-73.754054,Q114
503933,ARCHER AV/GUY R BREWER BLVD,40.703362,-73.795607,Q20 Q30 Q31 Q75
202719,TRAVIS AV/NEHRING AV,40.590234,-74.157163,S61 S91
500930,SANFORD AV/147 ST,40.759759,-73.817965,Q65
500322,MURDOCK AV/200 ST,40.699935,-73.755099,Q83
552515,NORTHERN BLVD/89 ST,40.756159,-73.878651,Q63 Q66
501733,FRANCIS LEWIS BLVD/32 RD,40.768578,-73.791359,Q28 Q76
504322,METROPOLITAN AV/MOUNT OLIVET CRES,40.712511,-73.894975,Q38 Q54 Q67
200878,LAFAYETTE AV/RICHMOND TERR,40.644492,-74.095956,S44
701017,JAMAICA CENTER/BAY A,40.702367,-73.800126,Q5
505536,35 AV/83 ST,40.75198,-73.883986,Q49
403253,E 42 ST/3 AV,40.751014,-73.974764,M42
201434,DECKER AV/FOREST AV,40.62499,-74.141016,S57
551717,164 ST/82 RD,40.71801,-73.803435,Q65
202884,ARDEN AV/DOVER GREEN,40.557785,-74.196486,S56
504965,PALMETTO ST/SAINT NICHOLAS AV,40.700421,-73.909993,Q58 Q98
500116,HOLLIS AV/217 PL,40.711034,-73.739467,Q2
203433,OLYMPIA BLVD/ORLANDO ST,40.592771,-74.070047,S52
201083,CANAL ST/WRIGHT ST,40.626856,-74.07806,S52 S74 S78 SIM30
505194,QUEENS BLVD/78 AV,40.715411,-73.832102,Q60 QM18 QM63 QM64 QM65 QM68
500949,LITTLE NECK PKWY/73 RD,40.749733,-73.719938,Q36 Q48
503273,MERRICK BLVD/90 AV,40.707237,-73.794994,Q30 Q31 Q75
504437,LIBERTY AV/170 ST,40.703637,-73.787923,Q42 Q83
404225,BROADWAY/BARCLAY ST,40.711896,-74.008313,M55 SIM32 X27 X28
503950,ARCHER AV/165 ST,40.703854,-73.793991,Q42 Q83
200468,RICHMOND AV/SERRELL AV,40.547528,-74.166684,S59
553413,MAIN ST/NORTHERN BLVD,40.762766,-73.831761,Q20 Q25 Q50 Q61
551928,49 AV/21 ST,40.742278,-73.948337,Q67
500126,SPRINGFIELD BLVD/HEMPSTEAD AV,40.712961,-73.736072,Q2 Q27
203875,LEVERETT AV/COLON AV,40.556399,-74.157047,SIM5 SIM6
203692,BAY ST/SHORE ACRES DR,40.608767,-74.062115,S51
202784,POST AV/PORT RICHMOND AV,40.633744,-74.135853,S44 S57 S94
503406,JAMAICA AV/170 ST,40.707282,-73.789588,Q54 Q56
551738,164 ST/HORACE HARDING EXPWY,40.73798,-73.804828,Q65 Q74 QM4 QM44
503805,SOUTH VAN WYCK EXPWY SERVICE RD/BUILDING 14,40.652513,-73.806958,Q3
553350,WOODHAVEN BLVD/89 AV,40.691466,-73.850836,Q11
200080,RICHMOND TERR/SIMONSON AV,40.637041,-74.151108,S40 S90
200387,YUKON AV/WATCHMANS OFFICE,40.574887,-74.165154,S59
202849,MARSH AV/ELMWOOD PARK DR,40.580847,-74.163077,S55 S56 S61 S91 SIM31 SIM4 SIM4C SIM8
203173,FATHER CAPODANNO BLVD/HEMPSTEAD AV,40.571232,-74.090044,S51 S81
552283,ROSEDALE RD /PARK LN,40.652533,-73.722634,Q111
505097,QUEENS BLVD/48 ST,40.743184,-73.916592,Q32 Q60
200235,MIDLAND AV/MASON AV,40.57548,-74.0986,S51 S81
553148,164 ST/HORACE HARDING EXPWY,40.73805,-73.804494,Q74 QM4 QM44
502104,HILLSIDE AV/MANOR RD,40.73093,-73.743234,Q43
503441,JAMAICA AV/78 ST,40.691818,-73.864486,Q56
202538,SAINT GEORGE FERRY/RAMP C S46 & S96,40.643352,-74.073774,S46 S96
904246,LAGUARDIA RD/94 ST,40.772075,-73.875852,M60+ M60-SBS Q70+ Q70-SBS Q72
203742,BATTERY RD/AIR FORCE RESERVE,40.601008,-74.057728,S51 S81
550631,ASTORIA BLVD/92 ST,40.763552,-73.877503,Q19
203384,SOUTH AV/TELEPORT DR,40.607664,-74.179454,S46 S96
200248,DE RUYTER PL/VAN PELT AV,40.631205,-74.155494,S46 S96
203150,EBBITTS ST/MANILA PL,40.56266,-74.107035,S76
200268,CASTLETON AV/BEMENT AV,40.634697,-74.112429,S46
400663,BROADWAY/W 138 ST,40.821841,-73.954028,M4 M5
552896,NORTH SHORE TOWERS/BUILDING ENTRANCE,40.757221,-73.714879,QM36 QM6
200252,MORNINGSTAR RD/KALVER PL,40.6326,-74.146285,S46 S96
903037,AVENUE OF THE AMERICAS/W 41 ST,40.754307,-73.984397,SIM10 SIM1C SIM3 SIM3C
202744,RICHMOND TERR/PORT RICHMOND AV,40.640247,-74.130937,S59
805143,BLOOMINGDALE RD/VETERANS RD EAST,40.548875,-74.220854,S55 SIM26
550691,ROCKAWAY BEACH BLVD/BEACH 108 ST,40.582159,-73.82954,Q22 Q53+ Q53-SBS
550726,DITMARS BLVD/78 ST,40.76883,-73.891842,Q69
501265,WILLETS POINT BLVD/15 DR,40.784893,-73.796663,QM20
551803,164 ST/73 AV,40.727671,-73.805329,Q65
200035,RICHMOND TERR/DAVIS AV,40.644473,-74.110946,S40
203454,CASTLETON AV/HAVEN ESPLANADE,40.633271,-74.092103,S46
405507,E 23 ST/1 AV,40.736864,-73.978692,X37 X38
550822,BEACH 19 ST/GATEWAY BLVD,40.599682,-73.752233,Q22 QM17
905122,bayonne br/bayonne br-south,40.645042,-74.141128,S89
302193,BROADWAY/SCHAEFFER ST,40.684603,-73.913292,Q24
200394,RICHMOND AV/DRAPER PL SOUTH,40.59254,-74.162974,S44 S59 S94 SIM4 SIM4C SIM8
404887,GREENWICH ST/BATTERY PL,40.70496,-74.01482,SIM1 SIM1C SIM33C SIM3C SIM4 SIM4C
550992,PARSONS BLVD/77 AV,40.723925,-73.810353,Q25
450013,6 AV/W 37 ST,40.751742,-73.98619,QM10 QM12 QM24
402164,W 50 ST/11 AV,40.765735,-73.994534,M50
553042,164 ST/PIDGEON MEADOW ROAD,40.750758,-73.803001,Q65
203167,WATCHOGUE RD/LIVERMORE AV,40.616286,-74.139297,S57 SIM3 SIM34 SIM3C
904384,ROOSEVELT AV /UNION ST,40.760848,-73.830836,Q12
250038,BLOOMINGDALE RD/SOUTH SERVICE RD,40.527872,-74.216387,S55 SIM26
552004,JUNCTION BLVD/37 AV,40.751314,-73.87084,Q72
503298,QUEENS BLVD/41 ST,40.743498,-73.923254,Q32 Q60 T320
552832,LINDEN PL/WHITESTONE EXPWY,40.772111,-73.833642,Q25
550201,101 AV /105 ST,40.686527,-73.838336,Q8
203082,HYLAN BLVD/RENO AV,40.564591,-74.11549,S57 S78 S79+ S79-SBS
552330,GUY R BREWER BLVD/BAISLEY BLVD,40.678566,-73.77953,Q111 Q113 Q114 Q115 QM65
550222,LINCOLN ST /116 AV,40.678392,-73.807593,Q9
202711,HAROLD ST/JOSEPH AV,40.600959,-74.137173,S61 S91
203525,BLOOMINGDALE RD/VETERANS RD EAST,40.548214,-74.220386,S74 S84
552052,STEINWAY ST/25 AV,40.768098,-73.911492,Q101
501256,UTOPIA PKWY/16 AV,40.784037,-73.794538,Q16 QM20
200047,RICHMOND TERR/SCHUYLER ST,40.642907,-74.075745,S40 S44 S94
502137,SUTPHIN BLVD/HILLSIDE AV,40.705382,-73.809594,Q1 Q43 Q44+ Q44-SBS
501473,HORACE HARDING EXPWY/252 ST,40.76283,-73.728886,Q30
551709,164 ST/HILLSIDE AV,40.709071,-73.799011,Q65
201195,HYLAN BLVD/SPRAGUE AV,40.505648,-74.238013,S59 S78 SIM2 SIM25 SIM26
201961,VICTORY BLVD/WILLOWBROOK RD,40.610189,-74.146477,S62 S92 S93
505547,BOWNE ST/37 AV,40.763211,-73.825365,Q12
502380,UNION TPKE/WINCHESTER BLVD,40.739146,-73.73354,Q46 Q48
203655,ARTHUR KILL RD/CENTER ST,40.571396,-74.147209,S54 S74
505518,75 ST/WOODSIDE AV,40.743662,-73.889705,Q47
201105,HYLAN BLVD/COOPER AV,40.592515,-74.087409,S78
203460,GIFFORDS LN/BALTIMORE ST,40.551887,-74.150538,S54
552951,YELLOWSTONE BLVD/QUEENS BLVD,40.722874,-73.848246,Q23 QM12 QM42
552423,LIBERTY AV /103 ST,40.681688,-73.838041,Q112
550323,LEFFERTS BLVD/101 AV,40.689949,-73.825869,Q10 Q80 QM18
401960,E 96 ST/MADISON AV,40.787241,-73.953875,M96
503021,UTOPIA PKWY/WILLETS POINT BLVD,40.785789,-73.794995,Q16
982165,74 ST/ROOSEVELT AV (VICTOR MOORE TERMINAL),40.746665,-73.890813,Q33
200220,FATHER CAPODANNO BLVD/DELAWARE AV,40.583476,-74.073534,S51 S52 S81
504243,SENECA AV/PALMETTO ST,40.702785,-73.907573,T410
200858,LAFAYETTE AV/RICHMOND TERR,40.644459,-74.095794,S44
551878,NORTHERN BLVD/82 ST,40.755559,-73.884885,Q63 Q66
504540,JAMAICA AV/165 ST,40.705635,-73.794763,Q110 Q54 Q56
503394,JAMAICA AV/115 ST,40.698745,-73.833733,Q56
503074,PARSONS BLVD/ASH AV,40.757742,-73.819075,Q26 Q27
201378,NEW DORP LN/3 ST,40.57525,-74.118596,S57 S76
501361,KISSENA BLVD/45 AV,40.752493,-73.820949,Q17 Q25
200584,VICTORY BLVD/SLOSSON AV,40.613549,-74.117328,S61 S62 S66 SIM3 SIM34 SIM3C
550787,BEACH CHANNEL DR/BEACH 69 ST,40.592837,-73.798364,Q22
905021,CASTLETON AV/JEWETT AV,40.633696,-74.129779,SIM3 SIM35 SIM3C
203867,ANNADALE RD/POSEN ST,40.54079,-74.177288,S55
553262,109 AV/116 ST,40.681546,-73.824986,Q41
202484,NEW DORP LN/CLAWSON ST,40.571647,-74.112096,S76 S86
550303,LEFFERTS BLVD/135 AV,40.670722,-73.820732,Q37 Q80 QM18
201940,VICTORY BLVD/BARON BLVD,40.597272,-74.181624,S62 S92
553132,JAMAICA AV /153 ST,40.702743,-73.802083,Q6 Q8 Q9
504380,MYRTLE AV/CYPRESS AV,40.700108,-73.906773,Q55
502798,FRANCIS LEWIS BLVD/104 AV,40.70997,-73.752438,Q77
500183,FARMERS BLVD/111 AV,40.701992,-73.765629,Q3 Q83
201237,CEBRA AV/WARD AV,40.632534,-74.083621,S52
553083,DITMARS BLVD/45 ST,40.770706,-73.903147,Q69
701030,70 RD/QUEENS BLVD,40.722177,-73.844832,Q23
202710,HAROLD ST/SUNSET AV,40.601148,-74.134995,S61 S91 SIM31
505083,PUTNAM AV/ONDERDONK AV,40.702171,-73.904813,Q58
552989,8 ST/27 AV,40.774127,-73.931799,Q103 Q18 Q19
400841,RIVERSIDE DR/W 97 ST,40.796511,-73.974404,M5
200437,RICHMOND AV/VEDDER AV,40.622224,-74.150328,S44 S59 S94
200105,FATHER CAPODANNO BLVD/SLATER BLVD,40.576221,-74.082053,S51
200446,RICHMOND AV/CARNEGIE AV,40.604121,-74.162796,S44 S59 S94 SIM4 SIM4C SIM8
550893,BURNS ST/YELLOWSTONE BLVD,40.721932,-73.853371,Q23
403989,E 79 ST/5 AV,40.77698,-73.963475,M79+ M79-SBS
553307,LEFFERTS BLVD/115 AV,40.676855,-73.819636,Q10 Q80 QM18
504545,UNION TPKE/QUEENS BLVD,40.714618,-73.828808,Q45 Q46 Q48
550316,LEFFERTS BLVD/109 AV,40.68207,-73.822212,Q10 Q80 QM18
550300,LEFFERTS BLVD/150 AV,40.667034,-73.822099,Q80
505059,CROSS ISLAND PKWY/150 ST,40.786904,-73.81306,Q76
201476,BRADLEY AV/HOLDEN BLVD,40.603891,-74.131485,S57 S61 S91 SIM31
550025,SUTPHIN BLVD/YATES RD,40.693313,-73.799563,Q60
553451,ROCKAWAY BLVD/BROOKVILLE BLVD,40.639887,-73.742392,Q113 Q114
551275,JUNIPER VALLEY RD/71 ST,40.714775,-73.884016,Q38
200278,CASTLETON AV/WOODSTOCK AV,40.632688,-74.09014,S46
200574,VICTORY BLVD/EDDY ST,40.626289,-74.091852,S61 S62 S66 S91 S92 SIM30
550856,ROCKAWAY BEACH BLVD/BEACH 91 ST,40.586818,-73.814867,Q109 Q52+ Q52-SBS
502164,MAIN ST/72 AV,40.727022,-73.821784,Q20
551857,35 AV/STEINWAY ST,40.755043,-73.922003,Q66
552972,DITMARS BLVD/72 ST,40.768232,-73.897339,Q69
202888,ARDEN AV/WOODROW RD,40.55041,-74.187936,S56 SIM4C
502166,MAIN ST/JEWEL AV,40.729937,-73.823284,Q20 Q44+ Q44-SBS
551596,DITMARS BLVD/MARINE TERMINAL RD,40.768256,-73.887925,Q33
552169,BROADWAY/21 ST,40.765089,-73.931595,Q104
202705,HAROLD ST/FOREST HILL RD,40.60069,-74.139308,S61 S91 SIM31
204058,HYLAN BLVD/NARROWS RD SOUTH,40.605714,-74.076558,S78
550395,104 ST /164 AV,40.652373,-73.827708,Q11
500982,LITTLE NECK PKWY/UNION TPKE,40.744106,-73.71781,Q36
550262,LINDEN BLVD/VAN WYCK EXPWY,40.683088,-73.804854,QM63
501212,150 ST/34 AV,40.767228,-73.815474,Q15
551012,LINDEN PL/32 AV,40.768058,-73.831981,Q61
203709,VICTORY BLVD/CEBRA AV,40.633778,-74.085986,S48 S61 S66
551829,JEWEL AV/150 ST,40.731391,-73.819207,Q64 Q74 QM4 QM44
200383,RICHMOND AV/LEVERETT AV,40.555254,-74.16851,S59
405414,E 125 ST/2 AV,40.803013,-73.934091,M60+ M60-SBS
201366,BRIELLE AV/ROCKLAND AV,40.589135,-74.138714,S54 S57
550996,KISSENA BLVD/73 AV,40.726998,-73.812322,Q25
503427,JAMAICA AV/108 ST,40.695531,-73.839895,Q56
201134,HYLAN BLVD/BAY TERR,40.55218,-74.133575,S79+ S79-SBS SIM1 SIM10 SIM5 SIM6 SIM7 SIM9
202490,NEW DORP LN/ROMA AV,40.565625,-74.100137,S76 S86
202385,NEW DORP LN/WINHAM ST,40.56742,-74.103566,S76
502630,73 AV/HOLLIS HILLS TERR,40.737954,-73.767497,Q88
505368,168 ST/JAMAICA BUS TERMINAL,40.70769,-73.793009,Q76
700243,109 AV/VAN WYCK EXPWY WEST,40.687022,-73.808023,Q41
901807,OCEAN AV/NEWKIRK AV,40.637895,-73.958748,T464
501437,UTOPIA PKWY/69 AV,40.73309,-73.793187,Q31
203449,ARTHUR KILL RD/CLAY PIT RD,40.54241,-74.236914,S74 S84
200043,RICHMOND TERR/SAINT PETERS PL,40.648069,-74.084221,S40 S44
552338,GUY R BREWER BLVD/116 AV,40.686835,-73.784402,Q115
553204,80 ST/JUNIPER BLVD NORTH,40.721447,-73.876196,Q47
501082,NORTHERN BLVD/150 ST,40.765396,-73.815043,Q12 Q28
551037,COLLEGE POINT BLVD/7 AV,40.791002,-73.845388,Q25
401558,E 9 ST/3 AV,40.730094,-73.989262,M8
401811,12 AV/W 42 ST,40.762461,-74.001188,M42 M50
502385,UNION TPKE/SPRINGFIELD BLVD,40.7359,-73.746471,Q46 Q48
202022,VICTORY BLVD/MANN AV,40.612437,-74.13313,S62 S92 S93
905051,LILY POND AV/McCLEAN AV,40.598827,-74.063766,SIM5 SIM6 SIM9
400163,BROADWAY/THOMAS ST,40.715831,-74.004952,SIM34
551319,99 ST/60 AV,40.736544,-73.859004,QM10 QM11 QM40
551131,94 ST/DITMARS BLVD,40.770078,-73.876107,Q47 Q72
553170,ASTORIA BLVD/HUMPHREYS ST,40.761656,-73.866329,Q19
202724,ARTHUR KILL RD/CORBIN AV,40.56699,-74.152587,S54 S74 SIM15
202628,ARTHUR KILL RD/VERIZON FACILITY,40.555902,-74.2133,S74 S84
304631,JAMAICA AV/SHEPHERD AV,40.684862,-73.883434,Q56
501046,BELL BLVD/16 AV,40.785321,-73.77867,Q13 QM2 QM32
400916,6 AV/BROOME ST,40.724232,-74.004455,M55
200663,HYLAN BLVD/LINWOOD AV,40.597517,-74.073941,S53 S78
553179,HORACE HARDING EXPWY/LITTLE NECK PKWY,40.763833,-73.724077,QM35 QM5 QM8
501304,BAYSIDE AV/154 ST,40.771656,-73.810516,Q16
553296,157 AV/CROSS BAY BLVD,40.662472,-73.84091,Q11 Q41 QM15
502764,FRANCIS LEWIS BLVD/HORACE HARDING EXPWY SOUTH,40.742685,-73.77554,Q76
552938,YELLOWSTONE BLVD/68 AV,40.72653,-73.848481,QM12 QM42
200127,McCLEAN AV/LINWOOD AV,40.595922,-74.072716,S52
202665,HYLAN BLVD/WINCHESTER AV,40.53529,-74.152943,S54 S78
551544,80 ST/58 AV,40.72692,-73.880615,Q47
450004,3 AV/E 43 ST,40.751559,-73.973767,QM32 QM34 QM40 QM42
503306,ROOSEVELT AV/61 ST,40.745576,-73.903286,T320
503751,GRAND AV/RUST ST,40.719698,-73.911226,Q59
502381,UNION TPKE/235 ST,40.738053,-73.736759,Q46 Q48 QM36 QM6
202927,ANNADALE RD/DORVAL PL,40.558624,-74.176781,S55
503502,COLLEGE POINT BLVD/SANFORD AV,40.754336,-73.833082,Q58 Q98
302082,ATLANTIC AV/BERRIMAN ST,40.678972,-73.880607,Q24
200542,VICTORY BLVD/RENWICK AV,40.61486,-74.107562,S61 S62 S66
505043,14 AV/139 ST,40.786352,-73.830346,Q76
204088,SOUTH GANNON AV/WHEELER AV,40.607786,-74.131061,SIM33 SIM33C
203059,RICHMOND RD/RARITAN AV,40.594363,-74.099054,S74 S76 S86 SIM15
202546,BRIELLE AV/ROANOKE ST,40.597245,-74.132625,S54 S57
403956,12 AV/W 46 ST,40.76446,-73.998687,M50
550640,ASTORIA BLVD/102 ST,40.761531,-73.867386,Q19
500589,MERRICK BLVD/MONTAUK ST,40.679618,-73.757335,Q5
200011,RICHMOND TERR/HARBOR RD,40.63699,-74.159932,S40 S90
553238,AQUEDUCT RACETRACK / RESORTS CASINO,40.676573,-73.830855,Q37
503825,JAMAICA AV/138 ST,40.702449,-73.81507,Q54 Q56
551902,MAIN ST/39 AV,40.760332,-73.830625,T321
505028,20 AV/OPP TARGET,40.781546,-73.832391,Q20
403805,E 42 ST/MADISON AV,40.753093,-73.979766,M42 SIM22 SIM26
203505,CLOVE RD/WEST FINGERBOARD RD,40.60159,-74.081969,S53
500122,HEMPSTEAD AV/225 ST,40.711542,-73.729311,Q2 Q82
200122,NORWAY AV/FOCH AV,40.592286,-74.077734,S52
505313,MERRICK BLVD/LINDEN BLVD,40.691456,-73.779202,Q5 Q84 Q85 Q86 Q87 Q89 QM63
203815,LAMBERTS LN/ RICHMOND AV,40.614852,-74.158286,SIM4 SIM4C
503614,JAMAICA AV /165 ST,40.705485,-73.794605,Q110 Q54 Q56
203141,VICTORY BLVD/FUN STATION,40.600641,-74.177166,S62 S92
501572,46 AV/PARSONS BLVD,40.754296,-73.813273,Q26 Q27
503522,GRAND AV/QUEENS BLVD,40.736357,-73.878318,Q58 Q59 Q98
307164,ATLANTIC AV/MILFORD ST,40.67959,-73.878442,Q24 T340 T434
404931,WEST HOUSTON ST/MERCER ST,40.725761,-73.997446,SIM33 SIM7 SIM9
200490,GIFFORDS LN/KATAN AV,40.553552,-74.151193,S54
201560,FOREST AV/BARRETT AV,40.625137,-74.135801,S48 SIM30 SIM35
401800,WATER ST/MAIDEN LN,40.706103,-74.006269,QM65 QM7 QM8 SIM15 SIM35 SIM5
405353,WEST END AV/W 61 ST,40.77291,-73.989366,M57
203577,SOUTH AV/TRAVIS AV,40.60241,-74.18456,S46 S96
401876,E 79 ST/1 AV,40.772051,-73.952224,M79+ M79-SBS
504081,KISSENA BLVD/HOLLY AV,40.750566,-73.819141,Q17 Q25
201373,RICHMOND RD/SUMMIT AV,40.575771,-74.124209,S57 S74
553114,35 AV/86 ST,40.752228,-73.881181,Q49
501283,CROSS ISLAND PKWY/GOLF COURSE,40.787263,-73.791848,Q16
505297,HILLSIDE AV/EDGERTON BLVD,40.71222,-73.785903,Q3 Q76
203740,SOUTH AV/NETHERLAND AV,40.629223,-74.16636,S40 S90
203656,SEGUINE AV/JOHANNA LN,40.522761,-74.199415,S55 S56
450377,6 AV/W 57 ST,40.764119,-73.97718,QM15 QM16 QM17 QM18
500030,SPRINGFIELD BLVD/92 AV,40.724292,-73.738949,Q27 Q36 Q88
550849,BEACH 20 ST/BROOKHAVEN AV,40.599332,-73.754271,Q22 QM17
502345,260 ST/UNION TPKE,40.747321,-73.711919,Q48 QM35 QM5 QM8
553291,31 RD/138 ST,40.770364,-73.830242,Q61 QM2 QM20
501414,HILLSIDE AV/MIDLAND PKWY,40.712912,-73.783093,Q1 Q36 Q76 Q77 Q82 QM68
504360,MYRTLE AV/85 ST,40.703352,-73.86421,Q55
502281,MAIN ST/UNION TPKE,40.717771,-73.817324,Q20 Q44+ Q44-SBS
500236,FARMERS BLVD/133 RD,40.676427,-73.763501,Q3
303209,LIBERTY AV/SNEDIKER AV,40.673581,-73.902298,T426
500036,BRADDOCK AV/89 AV,40.729878,-73.74272,Q1
405241,E 42 ST/PARK AV,40.752111,-73.97748,M42
502689,FRANCIS LEWIS BLVD/73 AV,40.736625,-73.772856,Q76
502184,MAIN ST/KISSENA BLVD,40.75812,-73.829348,Q20 Q44+ Q44-SBS
905248,SEAVIEW AV/NUGENT AV,40.583714,-74.086714,S52
500072,HILLSIDE AV/211 ST,40.723438,-73.756131,Q82 QM68
302080,ATLANTIC AV/ELTON ST,40.677921,-73.884203,Q24 T340
500414,LINDEN BLVD/197 ST,40.693852,-73.754755,Q4 Q51 QM64
553122,JUNCTION BLVD/HORACE HARDING EXPWY,40.733612,-73.864363,Q59 Q72
203827,ARTHUR KILL RD/WEST SERVICE RD,40.557795,-74.206787,SIM2 SIM23 SIM24
550641,31 AV/102 ST,40.76131,-73.867111,Q14 Q49
402656,W 125 ST/SAINT NICHOLAS AV,40.810526,-73.952174,M60+ M60-SBS
202182,VAN DUZER ST/BARING PL,40.618589,-74.086118,S74
552015,94 ST/24 AV,40.766206,-73.87579,Q72
552965,COLLEGE POINT BLVD/123 ST,40.772813,-73.845531,Q26
552095,31 ST/39 AV,40.752572,-73.932903,Q102 Q108
200850,HENDERSON AV/BARD AV,40.638274,-74.107736,S44 S94
505427,DITMARS BLVD/31 DR,40.761272,-73.860472,Q90
901814,OCEAN AV/LINCOLN RD,40.66089,-73.962778,T464
551117,83 ST/35 AV,40.752033,-73.883665,Q33
500017,HILLSIDE AV/202 ST,40.719903,-73.762044,Q76
551490,160 AV/86 ST,40.656554,-73.845826,Q41
503855,DITMARS BLVD/GRAND CENTRAL PKWY,40.767341,-73.888056,M60+ M60-SBS Q33 Q69
552238,JAMAICA AV/FRANCIS LEWIS BLVD,40.71392,-73.75448,Q110
404224,BROADWAY/CHAMBERS ST,40.714045,-74.006445,M55 SIM1 SIM32 SIM33C SIM3C
505456,149 AV/242 ST,40.652482,-73.741983,Q86
200980,HYLAN BLVD/INEZ ST,40.518341,-74.19983,S59 S78
550139,SUTTER AV/93 ST,40.67683,-73.844443,Q112
550921,108 ST/44 AV,40.748239,-73.857288,Q23
202079,ARTHUR KILL RD/CLAY PIT RD,40.54247,-74.236407,S74
982176,48 ST/QUEENS BLVD,40.743457,-73.916896,Q104
553013,BROADWAY/75 ST,40.746212,-73.890103,Q53+ Q53-SBS
500058,BRADDOCK AV /240 ST,40.726651,-73.7286,Q1
502724,14 AV/147 ST,40.78773,-73.818963,Q76 QM2 QM32
550016,SUTPHIN BLVD/FOCH BLVD,40.680656,-73.792031,Q6
805093,BLOOMINGDALE RD/CLAY PIT RD,40.54004,-74.217754,S55
552926,WHITESTONE EXPWY/25 RD,40.775934,-73.827706,QM2 QM32
551334,METROPOLITAN AV/METRO MALL,40.712298,-73.892979,Q38 Q54 Q67
202616,RICHMOND AV/ARMAND ST,40.618987,-74.154435,S44 S59 S94 SIM3 SIM33 SIM33C SIM34 SIM3C
553102,21 ST/24 AV,40.776791,-73.921467,Q100 Q69
203197,STATEN ISLAND MALL AT PLATINUM AV/PRIMARK,40.578047,-74.166551,S55 S56 S61 S91
550780,ROCKAWAY BEACH BLVD/BEACH 77 ST,40.588383,-73.804486,Q22 QM15 QM17
502355,UNION TPKE/271 ST,40.751852,-73.702602,Q46 QM36 QM6
203418,ARLINGTON PL/SOUTH AV,40.635908,-74.166555,S48 S98
401535,GREENWICH AV/CHRISTOPHER ST,40.734143,-73.999729,M8
500145,WOODHULL AV/JAMAICA AV,40.71074,-73.770477,Q2 Q3
982489,44 DR/JACKSON AV,40.746727,-73.942193,Q102 Q63
201465,ROCKLAND AV/MANOR RD,40.583109,-74.130591,S54 S57
500220,FARMERS BLVD/JORDAN AV,40.701694,-73.765492,Q3 Q83
200714,CLOVE RD/BEVERLY AV,40.617898,-74.104703,S53
404821,RIVERSIDE DR/TIEMANN PL,40.816069,-73.961163,M5
505228,HOYT AV/31 ST,40.771427,-73.91799,Q19
304634,JAMAICA AV/WARWICK ST,40.682649,-73.888115,Q56
552907,POWELLS COVE BLVD/162 ST,40.794091,-73.799397,QM2 QM32
203531,ROSSVILLE AV/WOODROW RD,40.542654,-74.208324,S74 SIM25
903098,PARK ROW/ANN ST,40.711518,-74.007232,SIM15
504273,METROPOLITAN AV/WOODHAVEN BLVD,40.711685,-73.859005,Q23 Q54 QM12 QM42
501954,JAMAICA AV/239 ST,40.723151,-73.728523,Q110 Q36
201014,HYLAN BLVD/MONTREAL AV,40.5591,-74.12515,S78 SIM1 SIM10 SIM1C SIM5 SIM6 SIM7 SIM9
550491,84 ST/155 AV,40.664506,-73.849797,Q11 Q41 QM15
203343,NARROWS RD SOUTH/HYLAN BLVD,40.605338,-74.076078,S93 SIM15 SIM33C SIM35 SIM3C
403995,E 68 ST/1 AV,40.76503,-73.957496,M66
405368,1 AV/E 23 ST,40.736654,-73.978633,M9
701015,ELDERT LN/88 RD,40.688734,-73.867429,Q7
501675,48 AV/OCEANIA ST,40.75449,-73.77229,Q27 Q31
404993,BROADWAY/E 13 ST,40.734565,-73.990896,SIM1C SIM33C SIM3C SIM4C
200085,RICHMOND TERR/ANDROS AV,40.638274,-74.162529,S40
505002,MAIN ST/84 RD,40.712863,-73.816974,Q20
202718,TRAVIS AV/DENKER PL,40.588758,-74.154538,S61 S91 SIM31
500568,HOOK CREEK BLVD/SUNRISE HWY,40.665632,-73.729948,QM63
550859,ROCKAWAY BEACH BLVD/BEACH 126 ST,40.577016,-73.845727,QM16
200318,CASTLETON AV/SHARPE AV,40.63616,-74.137703,S46 S96
553178,WOODHAVEN BLVD/BOOTH ST,40.731613,-73.871195,QM10 QM11 QM12 QM40 QM42
203872,ARMSTRONG AV/EAST BRANDIS AV,40.559258,-74.162252,SIM5 SIM6
202904,FOSTER RD/DARLINGTON AV,40.533533,-74.203667,S56
503517,CORONA AV/JUNCTION BLVD,40.742172,-73.867254,Q58
500384,LINDEN BLVD/192 ST,40.692483,-73.759095,Q4
404215,5 AV/W 54 ST,40.760901,-73.975531,SIM23 SIM24 SIM25
551651,QUEENS BLVD/67 AV,40.726715,-73.853724,Q60 QM18
552323,GUY R BREWER BLVD/137 AV,40.671623,-73.774489,Q111 Q113 Q114 Q115
550244,SUTPHIN BLVD/JAMAICA AV,40.701418,-73.808029,Q9
501347,HORACE HARDING EXPWY/168 ST,40.738607,-73.801289,Q17 Q88
400166,BROADWAY/PARK PL,40.712679,-74.007665,M55
350232,PITKIN AV /AUTUMN AV,40.675944,-73.868059,Q112 Q8
503488,CORONA AV/51 AV,40.743487,-73.855716,Q58
550857,ROCKAWAY BEACH BLVD/BEACH 118 ST,40.579269,-73.839148,Q35
201282,TOMPKINS AV/SAINT MARYS AV,40.613787,-74.072302,S52 S78
553377,CROSS BAY BLVD/WILDLIFE REFUGE,40.61772,-73.823793,Q52+ Q52-SBS Q53+ Q53-SBS
982095,SUTPHIN BLVD/94 AV,40.699177,-73.807097,Q25 Q65
502754,FRANCIS LEWIS BLVD/44 AV,40.757396,-73.783423,Q76
501908,HILLSIDE AV/180 ST,40.712995,-73.782272,Q36 Q82
701018,JAMAICA CENTER/BAY C,40.702297,-73.80041,Q85 Q89
201960,VICTORY BLVD/NEPTUNE PL,40.609783,-74.148234,S62 S92 S93
552322,GUY R BREWER BLVD/137 AV,40.672192,-73.774503,Q111 Q113 Q114 Q115 QM21 QM65
200381,RICHMOND AV/KATAN AV,40.550875,-74.167538,S59 S89 SIM1 SIM10 SIM1C SIM22 SIM7
500141,HOLLIS AV/104 AV,40.707289,-73.764488,Q2
200969,HYLAN BLVD/YETMAN AV,40.504718,-74.241732,S59 S78
903372,1 AV/24 ST,40.737617,-73.977953,M9
500587,MERRICK BLVD/RIDGEDALE AV,40.680334,-73.753959,QM63 QM65
500337,LIBERTY AV/172 ST,40.704255,-73.78598,Q42 Q83
404240,BROADWAY/CORTLANDT ST,40.709999,-74.009912,SIM4 SIM4C
503646,ATLANTIC AV/100 ST,40.689482,-73.844626,Q24
201545,FOREST AV/RANDALL AV,40.631457,-74.09927,S48
503684,UNION TPKE/248 ST,40.74234,-73.722497,Q46 Q48 QM36 QM6
200357,GIFFORDS LN/BARLOW AV,40.559067,-74.153908,S54
402171,E 50 ST/5 AV,40.758431,-73.977104,M50
504031,HORACE HARDING EXPWY/175 PL,40.739313,-73.793794,Q17 Q74 Q88
502983,HORACE HARDING EXPWY/108 ST,40.737604,-73.852439,Q88 Q98
201191,HYLAN BLVD/RICHARD AV,40.508721,-74.223579,S59 S78 SIM2
200486,NELSON AV/MONTICELLO TERR,40.545058,-74.14854,S54 SIM5 SIM6
551083,90 ST/48 AV,40.741208,-73.8747,Q29
551834,JEWEL AV/KISSENA BLVD,40.732135,-73.815248,Q64 Q74 QM4 QM44
450150,MAIN ST/EAST RD,40.768818,-73.942729,Q102
502333,UNION TPKE/GRAND CENTRAL PKWY,40.736599,-73.742217,Q46 Q48
203884,PORT RICHMOND AV/CLINTON PL,40.632417,-74.137624,S44 S59 S94
202699,TRAVIS AV/EVANS ST,40.586403,-74.150576,S61 S91
200377,RICHMOND AV/ELTINGVILLE BLVD,40.544188,-74.165039,S59 S79+ S79-SBS S89 SIM1 SIM10 SIM1C SIM22 SIM7
550312,LEFFERTS BLVD/LINDEN BLVD,40.678586,-73.820516,Q10 Q80
905157,TELEPORT DR/SOUTH AV EXIT,40.606893,-74.177699,S46 S96
450376,6 AV/W 56 ST,40.76371,-73.977473,QM10 QM12 QM24
500128,HOLLIS AV/217 LN,40.711181,-73.739304,Q2
202991,RICHMOND HILL RD/VASSAR ST,40.585777,-74.162272,S61 S91 SIM4 SIM4C SIM8
502349,260 ST/LITTLE NECK PKWY,40.752256,-73.720954,QM35 QM5 QM8
203662,SEAVIEW HOSPITAL/TRAFFIC LOOP,40.592997,-74.134377,S54 S57
201488,FOREST AV/EUNICE PL,40.625433,-74.15241,S48 S98
203958,AMBOY RD/PETERSONS LN,40.524491,-74.211373,S55
550766,ROCKAWAY BEACH BLVD/BEACH 122 ST,40.578312,-73.842098,QM16
901821,BROADWAY/MYRTLE AV,40.697189,-73.935707,T430
503697,NORTH BOUNDARY RD/FEDERAL EXPRESS,40.662902,-73.784883,Q3
550584,65 PL/CLARAN CT,40.728247,-73.900113,Q18 Q67
503740,GRAND AV/59 ST,40.720604,-73.907719,Q39 Q59
503802,130 PL/BERGEN RD,40.658835,-73.810813,Q3
550474,WOODHAVEN BLVD/FURMANVILLE AV,40.720074,-73.865537,Q11
402535,BROADWAY/W 173 ST,40.844953,-73.938676,M5
200474,RICHMOND AV/KOCH BLVD,40.53803,-74.159389,S59 S89 SIM1 SIM10 SIM1C SIM22 SIM7
552553,18 AV/212 ST,40.783026,-73.779752,QM2 QM32
505395,10 AV/CLINTONVILLE ST,40.792907,-73.813041,Q15
403439,W 179 ST/AMSTERDAM AV,40.847044,-73.932251,M98
504319,METROPOLITAN AV/69 ST,40.712258,-73.88683,Q38 Q67
552473,ROCKAWAY TPKE/PENINSULA BLVD,40.628244,-73.737261,Q114
500563,MERRICK BLVD/243 ST,40.673836,-73.730888,Q5 Q87 QM63
500953,LITTLE NECK PKWY/61 AV,40.759287,-73.722464,Q36 QM35 QM5 QM8
903085,W 32 ST/7 AV,40.749226,-73.990607,Q32
553267,109 AV/116 ST,40.681499,-73.824809,Q41
200263,CASTLETON AV/TAYLOR ST,40.634047,-74.122725,S46 S53 S54
403994,E 68 ST/2 AV,40.766263,-73.96043,M66
505071,HORACE HARDING EXPWY/108 ST,40.736892,-73.85185,Q88 Q98
500557,MERRICK BLVD/228 ST,40.676457,-73.74183,Q5 Q86 Q87
501397,188 ST/HORACE HARDING EXPWY,40.740274,-73.78655,Q17 Q88
501184,166 ST/POWELLS COVE BLVD,40.79386,-73.797424,Q15 Q61 QM2 QM32
202277,FOSTER RD/DRUMGOOLE RD WEST,40.532735,-74.203136,S56
553364,CROSS BAY BLVD/NOEL RD,40.60796,-73.819122,Q109 Q121 Q52+ Q52-SBS Q53+ Q53-SBS QM15 QM16 QM17
503649,ATLANTIC AV/104 ST,40.690188,-73.841156,Q24
202151,TARGEE ST/BROAD ST,40.622999,-74.083782,S74
200893,CARY AV/BROADWAY,40.632686,-74.116922,S44 S94
552312,147 AV /GUY R BREWER BLVD,40.660428,-73.767859,Q111 Q77
403132,6 AV/W 50 ST,40.759771,-73.980381,M5 M7 SIM10 SIM1C SIM3 SIM3C
201061,TOMPKINS AV/HILL ST,40.622319,-74.078338,S52 S78
401926,86 ST TRANSVERSE /CENTRAL PARK,40.783314,-73.963941,M86+ M86-SBS
201034,HYLAN BLVD/BUEL AV,40.58541,-74.092998,S78 SIM1 SIM10 SIM11 SIM1C SIM7
551190,135 AV/123 ST,40.669846,-73.816473,Q37 QM18
308299,STILLWELL AV/SURF AV,40.575861,-73.981163,T464
501288,FRANCIS LEWIS BLVD/WILLETS POINT BLVD,40.779734,-73.802459,Q76
202651,RICHMOND RD/ST PATRICKS PL,40.572037,-74.143805,S54 S74 SIM15
905018,HYLAN BLVD/NARROWS RD SOUTH,40.605406,-74.077939,S78
502403,UNION TPKE/UTOPIA PKWY,40.72576,-73.792253,Q45 Q46 Q48
550806,BEACH CHANNEL DR/BEACH 41 ST,40.595717,-73.772614,Q22
500222,FARMERS BLVD/113 AV,40.699235,-73.76302,Q3 Q83 QM64
552155,VERNON BLVD/BROADWAY,40.767555,-73.936218,Q103
202524,VICTORY BLVD/WILD AV,40.587333,-74.197811,S62 S92
450135,5 AV/W 37 ST,40.750451,-73.983185,SIM23 SIM24
551278,69 ST/METROPOLITAN AV,40.712512,-73.886396,Q38 Q67
502067,HILLSIDE AV/231 ST,40.732823,-73.739064,Q43
450098,MADISON AV/E 45 ST,40.754483,-73.977988,QM21
400723,6 AV/WAVERLY PL,40.733006,-73.999838,M55 SIM1C SIM33 SIM33C SIM3C SIM4C SIM7 SIM9 X27 X28
551151,MARINE PKWY BRIDGE/ROCKAWAY POINT BLVD,40.567991,-73.881765,Q35
405622,E 67 ST/MADISON AV,40.768687,-73.967903,M66
553234,GUY R BREWER BLVD/147 AV,40.660252,-73.768027,Q113 Q114
203365,HENDERSON AV/CLINTON AV,40.64034,-74.09831,S44
200406,RICHMOND AV/VEDDER AV,40.622619,-74.149609,S44 S59 S94
505532,56 AV/2 ST,40.739245,-73.9604,Q101 Q103
901116,Gowanus Exp./7 Av (S.B.),40.633451,-74.016178,SIM15 SIM2 SIM34 SIM35 SIM4 SIM4C
350012,FLATBUSH AV/MARINE PARK GOLF COURSE,40.601038,-73.913285,Q35
203537,FOREST AV/MAPLE PKWY,40.625972,-74.156804,S48 S98 SIM30 SIM33 SIM33C SIM34
501556,HOLLIS COURT BLVD/50 AV,40.748863,-73.784082,Q26
504020,COLLEGE POINT BLVD/AVERY AV,40.752274,-73.832366,Q58
501024,BELL BLVD/42 AV,40.762987,-73.77055,Q13 Q31
201962,VICTORY BLVD/DECATUR AV,40.610565,-74.144594,S62 S92 S93
200170,LILY POND AV/McCLEAN AV,40.598594,-74.063665,S51 S81
202519,VANDERBILT AV/TOMPKINS AV,40.620135,-74.077269,S76 S86
552339,GUY R BREWER BLVD/116 AV,40.686256,-73.784284,Q115
203559,NORTH GANNON AV/BRADLEY AV,40.60856,-74.132465,SIM33 SIM33C
552024,JUNCTION BLVD/NORTHERN BLVD,40.756961,-73.873826,Q72
503497,COLLEGE POINT BLVD/MAPLE AV,40.754027,-73.832887,Q98
201110,HYLAN BLVD/BUEL AV,40.58508,-74.093786,S78 SIM1 SIM10 SIM11 SIM1C SIM7
400768,RIVERSIDE DR/W 106 ST,40.802241,-73.970219,M5
700930,108 ST/69 AV,40.724742,-73.845551,Q23
405486,W 37 ST/5 AV,40.750582,-73.983468,Q32
201181,HYLAN BLVD/HUGUENOT AV,40.523955,-74.186502,S59 S78 SIM2
201489,FOREST AV/SANDERS ST,40.625277,-74.150941,S48 S98
502015,REX RD/FERN PL,40.700813,-73.780938,Q42
404183,5 AV/W 30 ST,40.745638,-73.986682,X27 X28 X37 X38
550117,ROCKAWAY BLVD/143 ST,40.674018,-73.795929,Q40 Q7
501136,UNION ST/26 AV,40.774385,-73.826401,Q20 Q44+ Q44-SBS Q61 QM2 QM20
400943,CENTRAL PARK SOUTH/6 AV,40.766128,-73.977019,M5 M7
203896,MILL RD/DELWIT AV,40.55342,-74.117249,S76
552282,ROSEDALE RD /PARK LN,40.652629,-73.722478,Q111
550748,ROCKAWAY BEACH BLVD/BEACH 141 ST,40.571884,-73.857655,Q35 QM16
551335,69 ST/66 RD,40.714325,-73.886982,Q38 Q67
551944,55 AV/48 ST,40.728674,-73.919237,Q67
202503,MILL RD/TYSENS LN,40.561623,-74.112259,S57 S76 S86 SIM11
201736,MANOR RD/DONGAN AV,40.614653,-74.122782,S54
500458,120 AV/178 PL,40.685348,-73.765346,Q84
504080,JAMAICA AV/METROPOLITAN AV,40.702459,-73.81799,Q54 Q56
500567,HOOK CREEK BLVD/136 AV,40.668545,-73.729233,Q5 Q87 QM63
982119,CROSS BAY BLVD/ROCKAWAY BLVD,40.680592,-73.844492,Q11
551823,JEWEL AV/140 ST,40.729493,-73.82574,Q64
700075,147 AV/184 ST,40.659715,-73.764067,Q77
501332,188 ST/AVON RD,40.723587,-73.778121,Q17
203846,RICHMOND TERR/GRANDVIEW AV,40.639956,-74.165041,S40
201638,BAY ST/SANDS ST,40.629336,-74.076689,S51 S74 S76
550637,ASTORIA BLVD/98 ST,40.762534,-73.871558,Q19 Q49
553305,QUEENS BLVD/58 ST,40.742156,-73.907591,Q60
500431,MERRICK BLVD/107 AV,40.699655,-73.788148,Q5
200203,McCLEAN AV/MILLS AV,40.597254,-74.069033,S53
501999,174 ST/109 AV,40.698513,-73.780917,Q42
201315,DECKER AV/PALMER AV,40.630499,-74.134737,S57
500312,SPRINGFIELD BLVD/111 RD,40.705687,-73.739754,Q27
700880,ATLANTIC AV/76 ST,40.683919,-73.863331,Q24
200428,PORT RICHMOND AV/CHARLES AV,40.63473,-74.135754,S57 S59 SIM3 SIM35 SIM3C
982150,BEACH 21 ST TERMINAL/BEACH 21 ST,40.603301,-73.753827,QM17
504349,MYRTLE AV/114 ST,40.700419,-73.836043,Q55
501039,BELL BLVD/16 AV,40.785743,-73.778781,Q13
550683,21 ST/34 AV,40.76278,-73.9342,Q69
203412,NEW YORK AV/DRUM AV,40.604248,-74.058787,S51
201694,MANOR RD/VICTORY BLVD,40.612951,-74.122452,S54
502510,HORACE HARDING EXPWY/148 ST,40.740647,-73.82157,Q88
201692,MANOR RD/SCHMIDTS LN,40.608712,-74.121054,S54
203972,VICTORY BLVD/ BROOK ST,40.637305,-74.080448,S46 S48 S61 S62 S66
700992,147 ST/147 AV,40.663489,-73.79331,Q7
505009,QUEENS BLVD/MAIN ST,40.708881,-73.819009,Q20 Q44+ Q44-SBS Q60 QM68
201509,FOREST AV/HART BLVD,40.631203,-74.10012,S48 S98 SIM30
404221,BROADWAY/LIBERTY ST,40.709415,-74.010424,SIM2 SIM34
201037,HYLAN BLVD/DELAWARE AV,40.589217,-74.089554,S78
202918,ANNADALE RD/TOKEN ST,40.561692,-74.177196,S55 SIM4 SIM4C
203509,CLOVE RD/NECKAR AV,40.60627,-74.086838,S53
201430,WILLOWBROOK RD/LEONARD AV,40.619134,-74.144703,S57
401853,W 42 ST/10 AV,40.759888,-73.995834,M42
402378,E 59 ST/PARK AV,40.762958,-73.970149,Q32 QM2 QM20
502383,UNION TPKE/CLOVERDALE BLVD,40.736666,-73.74291,Q46 Q48
450024,6 AV/W 55 ST,40.763175,-73.977918,QM2 QM20 QM4
550039,SUTPHIN BLVD/ARCHER AV,40.699916,-73.807458,Q24 Q41 Q8
501331,188 ST/MCLAUGHLIN AV,40.721292,-73.776487,Q17
550490,84 ST/155 AV,40.664474,-73.849974,Q11 Q41 QM15
404918,BROADWAY/W 167 ST,40.840167,-73.940639,M5
500994,MAIN ST/NORTHERN BLVD,40.762739,-73.831742,Q19 Q26 Q63 Q66
982006,LEFFERTS BLVD/AIRTRAIN STATION,40.6619,-73.824642,Q10 Q3 Q80
504324,METROPOLITAN AV/FRESH POND RD,40.712776,-73.901445,Q38 Q54 Q67
500968,LITTLE NECK PKWY/ANNANDALE LN,40.768913,-73.731265,Q36
200440,RICHMOND AV/GOETHALS RD NORTH,40.616452,-74.156788,S44 S59 S94
505023,20 AV/COLLEGE POINT BLVD,40.781638,-73.845513,Q20
304863,GRAND ST/METRO BRIDGE,40.714024,-73.932089,Q54 Q59
202899,SEGUINE AV/WATERBURY AV,40.524966,-74.200749,S55 S56 SIM25
551855,35 AV/35 ST,40.756768,-73.925408,Q66
805013,MILL RD/EBBITTS ST,40.564227,-74.110338,SIM11
202622,PORT RICHMOND AV/HOOKER PL,40.630349,-74.139885,S44 S59 S94
200259,CASTLETON AV/HEBERTON AV,40.634994,-74.132822,S46 S53 S66
502348,260 ST/73 AV,40.750824,-73.717524,Q48
503542,FRESH POND RD/METROPOLITAN AV,40.712523,-73.900714,Q58 Q98 QM24 QM25 QM34
450553,E 34 ST/PARK AV,40.747646,-73.98234,QM15 QM16 QM17 QM18
551282,ELIOT AV/FRESH POND RD,40.714598,-73.900947,Q14 QM24 QM25 QM34
805015,SAINT GEORGE FERRY/RAMP C,40.643555,-74.073184,S46 S74 S78 S96
201650,RICHMOND RD/NARROWS RD SOUTH,40.60889,-74.09078,S74 S76 S84 S86
202208,RICHMOND RD/BANCROFT AV,40.578967,-74.115154,S74 S76 S86
202935,FOREST AV/WILLOW RD WEST,40.625024,-74.147046,S48 S59
503334,QUEENS BLVD/39 PL,40.744165,-73.925245,Q32 Q60
502323,UNION TPKE/HOLLIS HILLS TERR,40.732872,-73.763026,Q46 Q48
202985,SOUTH AV/FOREST AV,40.627913,-74.166432,S48 S98
500565,HOOK CREEK BLVD/133 DR,40.672067,-73.728047,Q5 Q87
201039,HYLAN BLVD/BENTON AV,40.592466,-74.087146,S78
500003,HILLSIDE AV/169 ST,40.710593,-73.793092,Q2 Q3
202657,HYLAN BLVD/WENDY DR,40.526681,-74.178254,S59 S78
203050,VICTORY BLVD/SOUTH GREENLEAF AV,40.612984,-74.125038,S61 S62 S66
201389,GUYON AV/WHITEHALL ST,40.56241,-74.123515,S57
551067,80 ST/68 AV,40.711164,-73.870688,Q29 Q47
503309,ROOSEVELT AV/69 ST,40.746298,-73.896418,Q32 T320
202096,ARTHUR KILL RD/CROSSFIELD AV,40.562807,-74.175,S55 S56 S74
552022,94 ST/31 AV,40.760267,-73.874907,Q72
201663,RICHMOND RD/BUEL AV,40.589089,-74.101839,S74 S76 S86
982193,135 RD/130 PL,40.667666,-73.808725,Q37
100245,HUGH GRANT CIRCLE/CROSS BRONX EXPWY SERVICE RD,40.833499,-73.861391,T103
405230,BROADWAY/DUANE ST,40.715143,-74.005594,M55 SIM32 SIM34 SIM4C
805092,BLOOMINGDALE RD/KRAMER AV,40.542012,-74.218189,SIM26
203502,CLOVE RD/NECKAR AV,40.605776,-74.086303,S53
501234,BAYSIDE AV/148 ST,40.77133,-73.817925,Q16
805138,TELEPORT DR/SOUTH AV,40.606799,-74.178243,S46 S96
200967,MAIN ST/HYLAN BLVD,40.504238,-74.245304,S59 S78
202782,POST AV/PORT RICHMOND AV,40.633936,-74.135969,S44 S57 S94
550435,WOODHAVEN BLVD/ATLANTIC AV,40.688472,-73.848724,Q11 QM15
200715,CLOVE RD/CLOVE LAKE PARK,40.619515,-74.107501,S53
500851,ROOSEVELT AV/BOWNE ST,40.760883,-73.824577,Q15
203538,BRADLEY AV/SOUTH GANNON AV,40.608151,-74.131979,S57 S61 S91
504339,MYRTLE AV/81 AV,40.703217,-73.861495,Q55
200896,CARY AV/TAYLOR ST,40.63203,-74.122703,S44
551226,PARK LN SOUTH/115 ST,40.704022,-73.837037,Q37
903023,HOUSTON ST/BROADWAY,40.725404,-73.996638,T232
551488,84 ST/161 AV,40.654464,-73.847322,Q41
552671,31 RD/138 ST,40.770208,-73.830735,QM2 QM20
202048,VICTORY BLVD/SHENANDOAH AV,40.598392,-74.180341,S62 S92
500420,LINDEN BLVD/179 ST,40.692641,-73.768665,Q4 Q51
503041,FRANCIS LEWIS BLVD/32 AV,40.768973,-73.792115,Q76
200260,CASTLETON AV/PORT RICHMOND AV,40.635935,-74.135065,S46 S96
503174,ARCHER AV/153 ST,40.70205,-73.801711,Q24 Q42 Q83 Q84
203386,SOUTH AV/WEST SHORE PLAZA,40.601885,-74.191752,S46 S96
551390,58 ST/55 DR,40.726663,-73.912036,Q39
200123,NORWAY AV/McCLEAN AV,40.593734,-74.078668,S52
552295,147 AV /249 ST,40.657423,-73.738919,Q111
402191,W 49 ST/AVENUE OF THE AMERICAS,40.759503,-73.981121,M50
805032,Gowanus Exp./78 Street (S.B.),40.625054,-74.019194,SIM15 SIM2 SIM34 SIM35 SIM4 SIM4C
200125,McCLEAN AV/KENSINGTON AV,40.594881,-74.075879,S52
502632,73 AV/213 ST,40.740037,-73.760551,QM35 QM5 QM8
200400,RICHMOND AV/VICTORY BLVD,40.607533,-74.162351,S44 S59 S89 S94 SIM33 SIM33C SIM4 SIM4C SIM8
552044,STEINWAY ST/BROADWAY,40.759268,-73.918722,Q101
203028,ROCKLAND AV/SAINT GEORGE RD,40.577727,-74.127328,S54 S57
400731,6 AV/W 27 ST,40.745283,-73.990927,M55 M7
304364,METROPOLITAN AV/GARDNER AV,40.714199,-73.92684,Q54
701089,JAMAICA CENTER/BAY I,40.701354,-73.802822,Q84
982159,KEW GARDENS RD/80 RD,40.71355,-73.830143,Q10 Q80
403239,W 42 ST/8 AV,40.757191,-73.989904,M42 SIM22 SIM25 SIM26 SIM30 SIM8
551669,QUEENS BLVD/ 83 AV,40.71184,-73.825475,Q60 QM21 QM63 QM65
405473,E 125 ST/PARK AV,40.805301,-73.939442,M60+ M60-SBS
553059,74 ST/37 AV,40.748745,-73.891737,Q47 Q49
502328,UNION TPKE/STEWART RD,40.73474,-73.751978,Q46 Q48
203585,ARDEN AV/DRUMGOOLE RD EAST,40.546833,-74.181005,SIM23
505521,78 ST/30 AV,40.760658,-73.890187,Q47
400769,RIVERSIDE DR/W 108 ST,40.803674,-73.969149,M5
552047,STEINWAY ST/31 AV,40.76124,-73.917317,Q101
700076,SPRINGFIELD BLVD/SPRINGFIELD LN,40.661165,-73.760859,Q77
551860,NORTHERN BLVD/48 ST,40.753486,-73.914242,Q63 Q66
503937,ARCHER AV/MERRICK BLVD,40.704299,-73.792933,Q5
203214,GIFFORDS LN/BARLOW AV,40.559697,-74.153996,S54
202049,VICTORY BLVD/BARON BLVD,40.597249,-74.181932,S62 S92
803220,fdr dr n/e 20 st,40.728232,-73.971603,SIM31 X37 X38
503290,PARSONS BLVD/14 AV,40.786781,-73.822188,Q44+ Q44-SBS QM2
504211,ATLANTIC AV/85 ST,40.685968,-73.856984,Q24
200453,RICHMOND AV/RICHMOND HILL RD,40.588623,-74.168058,S44 S59 S94
201608,TARGEE ST/BALTIC AV,40.605822,-74.090891,S74 S76 SIM15
200173,FATHER CAPODANNO BLVD/DOTY AV,40.592504,-74.064146,S51
503964,MERRICK BLVD/ARCHER AV,40.704907,-73.793306,Q20 Q44+ Q44-SBS
200988,HYLAN BLVD/DOLE ST,40.526571,-74.172639,S59 S78
201064,VAN DUZER ST/BEACH ST,40.629186,-74.079427,S74 S78
402043,AVENUE C/FDR DRIVE,40.730813,-73.973903,M9
450081,MADISON AV/ E 27 ST,40.743302,-73.986094,QM21
551737,164 ST/HORACE HARDING EXPWY,40.73888,-73.804509,Q65
701003,ROCKAWAY BLVD/101 AV,40.682591,-73.852212,Q7
250065,HUGUENOT AV/AMBOY RD,40.531628,-74.191492,SIM2 SIM24
201460,RICHMOND RD/BEACON AV,40.575876,-74.123291,S57 S74
553349,WOODHAVEN BLVD/JAMAICA AV,40.693649,-73.851946,Q11 QM15
201031,HYLAN BLVD/JEFFERSON AV,40.581393,-74.098058,S78 SIM1 SIM10 SIM11 SIM1C SIM7
405492,CHURCH ST/LIBERTY ST,40.709922,-74.011403,M55
202489,NEW DORP LN/FINLEY AV,40.566395,-74.101718,S76 S86
553111,90 ST/32 AV,40.758361,-73.878369,Q49
200066,RICHMOND TERR/ALASKA ST,40.638497,-74.122637,S40
803074,PEARL ST/PECK SLIP,40.708907,-74.002294,SIM35 SIM5
202482,NEW DORP LN/NEW DORP PLAZA,40.574032,-74.116506,S76 S86
203483,HYLAN BLVD/CRAIG AV,40.502982,-74.251287,S59 S78 SIM2 SIM25 SIM26
201558,FOREST AV/JEWETT AV,40.626414,-74.132081,S48 S98 SIM30 SIM35
504019,148 ST/CENTER CARGO RD,40.657854,-73.793701,Q3
502853,FRANCIS LEWIS BLVD/93 AV,40.716609,-73.755992,Q77
552358,GUY R BREWER BLVD/ARCHER AV,40.703099,-73.796108,Q112 Q115
200309,CASTLETON AV/NORTH BURGHER AV,40.63481,-74.114407,S46
550847,BEACH 20 ST/CORNAGA AV,40.602524,-73.753445,Q22 QM17
901110,fdr/beekman st,40.706646,-74.002308,SIM10 SIM11 SIM3 SIM31 SIM6
550416,CROSS BAY BLVD/163 AV,40.652666,-73.838067,Q52+ Q52-SBS Q53+ Q53-SBS
500639,BEDELL ST/ 133 AV,40.676428,-73.768283,Q85 Q89 QM21
401927,W 86 ST/CENTRAL PK WEST,40.7857,-73.970102,M86+ M86-SBS
405308,W 66 ST/FREEDOM PL,40.7765,-73.988634,M72
503890,FARMERS BLVD/LINDEN BLVD,40.691988,-73.762313,Q3 QM64
203470,ROSE AV/NEW DORP PLAZA,40.573162,-74.117667,S57
200165,FATHER CAPODANNO BLVD/OCEAN AV,40.595037,-74.062732,S51 SIM5 SIM6 SIM9
200549,VICTORY BLVD/EDDY ST,40.626759,-74.091341,S61 S62 S66 S91 S92 SIM30
200457,YUKON AV/TARGET DRIVEWAY,40.575645,-74.16715,S44 S59 S61 S91 S94
304632,JAMAICA AV/LINWOOD ST,40.684024,-73.885216,Q56
505239,DOUGLASTON PKWY/DOUGLASTON PLAZA,40.754792,-73.740814,Q30 QM35 QM5 QM8
203110,RICHMOND AV/RIVINGTON AV,40.597681,-74.162199,S44 S59 S94 SIM4 SIM4C SIM8
502098,HILLSIDE AV/235 CT,40.732725,-73.730476,Q43
201171,HYLAN BLVD/HALES AV,40.531933,-74.156353,S59 S78
200764,HYATT ST/CENTRAL AV,40.641819,-74.077132,S42 S52
550281,LINDEN BLVD/142 ST,40.684131,-73.80196,Q51 QM21 QM65
501428,HOMELAWN ST/CHARLECOTE RIDGE,40.718558,-73.791298,Q31
552054,STEINWAY ST/23 RD,40.769964,-73.90945,Q101
203164,WATCHOGUE RD/FREDERICK ST,40.614587,-74.133478,S57 SIM3 SIM34 SIM3C
700928,METROPOLITAN AV/70 RD,40.710741,-73.852993,Q23 Q54
200367,HYLAN BLVD/OSBORNE AV,40.539628,-74.148405,S54 S78
405549,W 42 ST/7 AV,40.756311,-73.987403,M42
201009,HYLAN BLVD/REDGRAVE AV,40.551369,-74.134189,S78
700894,LIBERTY AV/98 ST,40.680916,-73.841774,Q112
404130,RIVERSIDE DR/W 103 ST,40.800569,-73.971701,M5
504260,METROPOLITAN AV/65 ST,40.712428,-73.895498,Q38 Q67
201256,RICHMOND TERR/SAINT GEORGE FERRY,40.643256,-74.075799,S40 S44
550320,LEFFERTS BLVD/LIBERTY AV,40.686058,-73.824177,Q10 Q80 QM18
502393,UNION TPKE/HOLLIS HILLS TERR,40.732975,-73.763628,Q46 Q48
201356,BRADLEY AV/PURDY AV,40.610377,-74.132449,S57 S61 S91
552278,ROSEDALE RD /HUNGRY HARBOR RD,40.651214,-73.713013,Q111
805035,Gowanus Exp./78 St (N.B.),40.624909,-74.018958,SIM15 SIM2 SIM31 SIM33 SIM33C SIM34 SIM35 SIM4 SIM4C SIM5
505405,FRANCIS LEWIS BLVD/249 ST,40.66259,-73.732888,QM63
501668,LUKE PL/217 ST,40.751953,-73.762626,Q27
503974,JERICHO TPKE/246 ST,40.724767,-73.722626,Q110 Q36
203941,RICHMOND AV/ROCKLAND AV,40.595207,-74.162115,S44 S59 S89 S94 SIM4 SIM4C SIM8
308618,SURF AV/W 30 ST,40.57281,-73.996022,X28
550423,CROSS BAY BLVD/159 AV,40.659283,-73.840092,Q41 QM15 QM16 QM17
550496,157 AV/89 ST,40.661981,-73.844222,Q11 Q41 QM15
304428,MYRTLE AV/BROADWAY,40.696978,-73.935528,T430
302077,ATLANTIC AV/SCHENCK AV,40.676724,-73.889043,Q24
202933,RICHMOND RD/SPRUCE ST,40.572831,-74.138458,S54 S74
450018,6 AV/W 44 ST,40.756262,-73.982958,QM2 QM20
500095,HILLSIDE AV/179 ST,40.712528,-73.784081,Q1 Q2
202921,ANNADALE RD/GENESEE AV,40.551912,-74.17527,S55
500284,114 AV/219 ST,40.701841,-73.73833,Q83
552443,CORNAGA AV /MOTT AV,40.602666,-73.749209,Q113 Q114
307956,CROPSEY AV/18 AV,40.602907,-74.007811,X28 X38
203427,RICHMOND TERR/FEDERAL PL,40.640708,-74.170287,S48 S98
200151,BAY ST/GRANT ST,40.633278,-74.075137,S51 S76
503172,ARCHER AV/PARSONS BLVD,40.70257,-73.799693,Q4 Q5 Q86 Q87 T300
500465,120 AV/198 ST,40.689702,-73.752091,Q84
203968,AMBOY RD/BLOOMINGDALE RD,40.524032,-74.215421,S55
501925,212 PL/90 AV,40.721752,-73.749346,Q82
203565,MILL RD/GUYON AV,40.557215,-74.114598,S76 S86
200621,ARLO RD/STRATFORD RD,40.619759,-74.094469,S66
503853,LGA/MARINE AIR TERMINAL,40.772952,-73.886197,M60+ M60-SBS Q33
503184,JAMAICA AV/146 ST,40.701836,-73.808716,Q56
553369,ROCKAWAY BEACH BLVD/CROSS BAY PKWY,40.58567,-73.817474,Q22 QM16
500492,120 AV/FRANCIS LEWIS BLVD,40.690523,-73.743495,Q84
201512,FOREST AV/HAVEN ESPLANADE,40.631089,-74.092932,S48
104378,CROSS BRONX EXPWY SERVICE RD/PUGLEY AV,40.83203,-73.857439,Q44+ Q44-SBS
905155,TELEPORT DR/CORPORATE COMMONS,40.604704,-74.17873,S46 S96
500901,NORTHERN BLVD/232 ST,40.764606,-73.746869,Q12
203637,SAINT GEORGE FERRY/RAMP B S51 & S81,40.643133,-74.074001,S51 S81
502172,MAIN ST/146 ST,40.740119,-73.824891,Q20 Q44+ Q44-SBS
505363,UNION TPKE/187 ST,40.729079,-73.782026,QM1 QM5 QM6
550920,108 ST/47 AV,40.746477,-73.856741,Q23
202068,ARTHUR KILL RD/ARTHUR KILL STATION,40.516004,-74.242632,S78
550550,58 ST/WOODSIDE AV,40.745875,-73.906526,Q18
404243,WORTH ST/CHURCH ST,40.716552,-74.005256,SIM2
982256,WOODSIDE AV/60 ST,40.744962,-73.90399,Q18
500660,SOUTH CONDUIT AV/231 ST,40.665306,-73.744508,Q85 Q89
804059,41 RD/MAIN ST,40.757363,-73.829369,Q58 Q98
551828,JEWEL AV/150 ST,40.73128,-73.819018,Q64 Q74 QM4 QM44
505158,QUEENS PLAZA SOUTH/28 ST,40.749724,-73.938817,Q32 Q60
402169,W 50 ST/AVENUE OF THE AMERICAS,40.759675,-73.980215,M50
504417,23 AV/82 ST,40.76633,-73.887134,M60+ M60-SBS Q47
402269,W 72 ST/CENTRAL PARK WEST,40.776206,-73.976177,M72
203760,FOREST AV/UNITED ARTISTS THEATERS,40.626903,-74.173529,S40 S90
550690,ROCKAWAY BEACH BLVD/BEACH 108 ST,40.581913,-73.829356,Q53+ Q53-SBS
551025,127 ST/20 AV,40.781635,-73.841322,Q25
505019,COLLEGE POINT BLVD/20 AV,40.781829,-73.845853,Q20 Q26
553077,21 ST/DITMARS BLVD,40.780365,-73.916884,Q69
553255,14 AV/111 ST,40.785726,-73.856305,Q26
551410,FOREST AV/68 RD,40.70286,-73.90124,Q39
501031,BELL BLVD/32 AV,40.773568,-73.774713,Q13 Q31
502810,SPRINGFIELD BLVD/120 AV,40.691229,-73.746377,Q77
204063,VICTORY BL/BEECHWOOD PL,40.613288,-74.120337,S66
201605,TARGEE ST/WEST FINGERBOARD RD,40.600183,-74.09151,S74 S76
450019,6 AV/W 45 ST,40.756684,-73.982655,QM1 QM5 QM6
200571,VICTORY BLVD/CEBRA AV,40.633858,-74.086001,S62
502549,DITMARS BLVD/27 AV,40.765819,-73.864246,Q23 Q90
550385,99 ST /162 AV,40.654823,-73.832908,Q11
503485,CORONA AV/98 PL,40.744949,-73.864488,Q58
503468,GRAND AV/66 ST,40.724268,-73.898362,Q58 Q59 Q98
551091,HAMPTON ST/BRITTON AV,40.745688,-73.880098,Q29
505128,POWELLS COVE BLVD/159 ST,40.794439,-73.802721,Q15 Q61
550270,82 ST/ASTORIA BLVD,40.764727,-73.88714,Q33
501825,BELL BLVD/46 AV,40.758588,-73.768316,Q31
503525,GRAND AV/CALAMUS AV,40.733361,-73.884007,Q58 Q59 Q98
203849,BLOOMINGDALE RD/VETERANS RD EAST,40.528479,-74.216804,SIM26
202256,ARTHUR KILL RD/ALLENTOWN LN,40.527897,-74.239431,S78
404903,MADISON AV/E 37 ST,40.749803,-73.981377,SIM23 SIM24 X37
403319,ESSEX ST/RIVINGTON ST,40.719587,-73.987781,M9
500104,HOLLIS AV/104 AV,40.707341,-73.764736,Q2
202089,ARTHUR KILL RD/VETERANS RD WEST,40.557499,-74.207278,S74 SIM25
202262,ARTHUR KILL RD/WOOD AV,40.514835,-74.245743,S78
904977,FRANCIS LEWIS BLVD/120 AV,40.690948,-73.746338,Q27
552932,YELLOWSTONE BLVD/62 RD,40.735532,-73.853637,QM11 QM12 QM42
550880,71 AV/METROPOLITAN AV,40.710907,-73.850566,Q23
550668,89 ST/34 AV,40.754586,-73.878474,Q49
552983,ROCKAWAY BLVD/144 RD,40.664854,-73.778029,Q6
503312,ROOSEVELT AV/78 ST,40.747219,-73.887521,Q32 Q33
550309,LEFFERTS BLVD/ROCKAWAY BLVD,40.676389,-73.819211,Q10 Q80 QM18
550804,BEACH CHANNEL DR/BEACH 44 ST,40.595605,-73.775486,Q121 Q22 QM17
503218,150 ST/27 AV,40.773355,-73.815461,Q15
552946,YELLOWSTONE BLVD/GERARD PL,40.72254,-73.849306,Q23 QM12 QM42
904354,JACKSON AV/49 AV,40.743131,-73.954018,T323
500500,120 AV/193 ST,40.68812,-73.756723,Q84
905214,rt 440/30 st,40.670558,-74.107854,S89
552362,SPRINGFIELD BLVD/SOUTH CONDUIT AV,40.665495,-73.758428,Q77
504372,MYRTLE AV/CYPRESS HILLS ST,40.701266,-73.890044,Q55 QM24 QM25 QM34
201108,HYLAN BLVD/CROMWELL AV,40.587445,-74.09146,S78 SIM1 SIM10 SIM11 SIM1C SIM7
203545,ARTHUR KILL RD/ENGLEWOOD AV,40.533848,-74.236686,S74
308092,SHORE RD/83 ST,40.627754,-74.04019,X27 X37
552200,48 ST/SKILLMAN AV,40.746205,-73.916334,Q104
501382,KISSENA BLVD/60 AV,40.739683,-73.815255,Q17 Q25
903105,LEXINGTON AV/E 68 ST,40.767745,-73.964259,M98
904212,28 ST/QUEENS PLAZA SOUTH,40.749556,-73.939123,T323
553036,JAMAICA AV /160 ST,40.703657,-73.799181,Q110 Q112
201062,TOMPKINS AV/BROAD ST,40.624503,-74.079461,S52 S78
201369,ROCKLAND AV/MEISNER AV,40.582631,-74.130374,S54 S57
202054,VICTORY BLVD/WILD AV,40.591759,-74.190753,S62 S92
201107,HYLAN BLVD/DELAWARE AV,40.588843,-74.09015,S78
552401,TUSKEGEE AIRMEN WAY/SUTPHIN BLVD,40.694362,-73.802177,Q112
501742,18 AV/CORPORAL KENNEDY ST,40.781756,-73.78385,Q28
505172,47 AV/197 ST,40.752836,-73.783156,Q27 Q31
505170,FRANCIS LEWIS BLVD/255 ST,40.659681,-73.730411,QM63
200149,BAY ST/WAVE ST,40.629791,-74.076621,S51 S76
500123,HEMPSTEAD AV/225 ST,40.711654,-73.729334,Q2 Q82
501435,UTOPIA PKWY/73 AV,40.730395,-73.79353,Q30 Q31 Q75
400853,W 72 ST/WEST END AV,40.779553,-73.984116,M5 M57 M72
553362,ROCKAWAY BEACH BLVD/BEACH 84 ST,40.587831,-73.809689,Q22 Q52+ Q52-SBS
202548,BRADLEY AV/VICTORY BLVD,40.612054,-74.132443,S57 S61 S91
502818,SPRINGFIELD BLVD/EASTGATE PLAZA,40.675511,-73.755983,Q77
551026,127 ST/20 AV,40.781548,-73.841519,Q25
501628,SPRINGFIELD BLVD/75 AV,40.740215,-73.751561,Q27 Q88
552437,BEACH 9 ST /CAFFERY AV,40.601823,-73.745471,Q114
202990,RICHMOND HILL RD/VASSAR ST,40.586159,-74.162561,S61 S91 SIM4 SIM4C SIM8
200323,INNIS ST/EATON PL,40.634502,-74.144639,S46 S96
505316,BELMONT PARK RACETRACK/UBS ARENA,40.712949,-73.727651,Q2
505362,138 ST/38 AV,40.76024,-73.829956,Q17
505513,BORDEN AV/5 ST,40.741733,-73.956665,Q101 Q103
200266,CASTLETON AV/BROADWAY,40.6345,-74.117325,S46 S53 S54 S96
502087,HILLSIDE AV/264 ST,40.738129,-73.70509,Q43
450151,MAIN ST/ROOSEVELT ISLAND STATION,40.758467,-73.952743,Q102
552262,PENINSULA BLVD/ARLINGTON PL,40.629837,-73.733175,Q111
551729,164 ST/JEWEL AV,40.732032,-73.804914,Q65 Q74 QM4 QM44
982174,RIKERS ISLAND RDWY/RIKERS ISLAND,40.787421,-73.884394,Q100
502352,UNION TPKE/265 ST,40.749223,-73.70757,QM36 QM6
551888,NORTHERN BLVD/97 ST,40.756961,-73.871135,Q63 Q66
401941,E 96 ST/LEXINGTON AV,40.785852,-73.951207,M96
551300,ELIOT AV/80 ST,40.725189,-73.879082,Q14 QM24 QM25 QM34
202839,RICHMOND AV/MARC ST,40.620348,-74.152641,S44 S59 S94
901112,fdr/battery pl,40.704094,-74.016695,SIM11 SIM3 SIM31 SIM6
552935,YELLOWSTONE BLVD/65 AV,40.730829,-73.851192,QM11 QM12 QM42
550514,165 AV /96 ST,40.64958,-73.834278,Q11
201174,HYLAN BLVD/HOLDRIDGE AV,40.527836,-74.165297,S59 S78
501468,HORACE HARDING EXPWY/254 ST,40.763258,-73.726274,Q30
202239,ARTHUR KILL RD/ARDEN AV,40.558578,-74.198122,S74 S84 SIM2 SIM22
904299,38 AV/MAIN ST,40.760714,-73.83092,Q27
201943,VICTORY BLVD/TRAVIS AV FUN STATION,40.600817,-74.176727,S62 S92
504461,LINDEN BLVD/172 ST,40.691888,-73.778832,Q4 Q51
202235,ARTHUR KILL RD/ANNADALE RD,40.563775,-74.177486,S56 S74 S84
503578,81 ST/ROOSEVELT AV,40.747863,-73.884798,Q32
500066,HILLSIDE AV/SPRINGFIELD BLVD,40.729614,-73.745329,Q1 Q36 Q43 QM68
450031,E 57 ST/5 AV,40.762636,-73.973311,QM10 QM12 QM24
552502,SEAGIRT BLVD/BEACH 20 ST,40.595383,-73.754744,Q113 Q114
505486,JAMAICA AV/115 ST,40.698614,-73.834363,Q56
550752,ROCKAWAY BEACH BLVD/BEACH 137 ST,40.57323,-73.854487,Q35
501377,KISSENA BLVD/MULBERRY AV,40.748611,-73.817037,Q17 Q25
553306,VERNON BLVD/34 AV,40.765768,-73.940249,Q103
501252,UTOPIA PKWY/22 AV,40.777214,-73.793211,Q16 QM20
552177,BROADWAY/31 ST,40.761829,-73.925206,Q104
982507,2 ST/55 AV,40.739772,-73.959798,Q101 Q103
200991,HYLAN BLVD/BARCLAY AV,40.526966,-74.166834,S59 S78 SIM23
501035,BELL BLVD/24 AV,40.779218,-73.775481,Q13 Q31
501454,HORACE HARDING EXPWY/218 ST,40.748018,-73.75923,Q30 Q75
503415,JAMAICA AV/132 ST,40.702126,-73.820801,Q54
201701,MANOR RD/CURTIS AV,40.624636,-74.124678,S54 SIM35
503453,FAIRVIEW AV/FOREST AV,40.704364,-73.901923,Q14 T410
551711,164 ST/HIGHLAND AV,40.710442,-73.79984,Q65
550319,LEFFERTS BLVD/LIBERTY AV,40.686471,-73.824164,Q10 Q80 QM18
201733,MANOR RD/CONSTANT AV,40.619296,-74.123512,S54
201508,FOREST AV/SHARON AV,40.630899,-74.102342,S48
505124,SPRINGFIELD BLVD/ 135 AV,40.678588,-73.754625,Q77
552427,SEAGIRT BLVD/BEACH 17 ST,40.59498,-73.751338,Q113 Q114
505415,CORONA AV/98 PL,40.74497,-73.863951,Q14
201691,MANOR RD/WESTWOOD AV,40.60667,-74.120845,S54
553130,28 AV/ULMER ST,40.772765,-73.836634,Q25
553408,FRESH POND RD/LINDEN ST,40.709466,-73.898587,Q58 QM24 QM25 QM34
201947,VICTORY BLVD/ARLENE ST,40.60676,-74.165474,S62 S92 SIM32
503789,153 ST /JAMAICA AV,40.702998,-73.802273,Q112 Q115 Q24
982088,JEWEL AV/164 ST,40.73182,-73.805313,Q64
553113,JACOB RIIS PARK RD/BATH HOUSE STOP #1,40.56649,-73.871482,QM16
551807,164 ST/QUEENS GENERAL HOSPITAL,40.717503,-73.803688,Q65
202179,VAN DUZER ST/BROAD ST,40.622369,-74.085406,S74
201571,FOREST AV/HARBOR PLAZA,40.62703,-74.163824,S48 S98
503793,130 PL /BERGEN RD,40.659716,-73.810677,Q10 Q3
405468,WEST END AV/W 64 ST,40.77484,-73.98805,M57
502837,SPRINGFIELD BLVD/MONTEFIORE CEMETERY,40.68803,-73.748257,Q77
505034,PALMETTO ST/MYRTLE AV,40.700139,-73.910326,Q58 Q98
308162,JAMAICA AV/ELDERT LN,40.691202,-73.868537,Q7
551299,ELIOT AV/80 ST,40.724864,-73.879294,Q14 QM24 QM25 QM34
550203,101 AV /100 ST,40.685391,-73.842326,Q8
200257,NICHOLAS AV/CASTLETON AV,40.636066,-74.140185,S46 S96
404228,5 AV/W 40 ST,40.752548,-73.981679,SIM10 SIM1C SIM3 SIM31 SIM33C SIM3C
200985,HYLAN BLVD/ARBUTUS AV,40.526112,-74.179929,S59 S78
553442,HEMPSTEAD AV/221 ST,40.712419,-73.732609,Q2 Q82
503185,JAMAICA AV/168 PL,40.70682,-73.791474,Q110
400662,BROADWAY/W 140 ST,40.823073,-73.953123,M4 M5
202294,ARDEN AV/FOREST GREEN,40.555754,-74.194644,S56
501282,CROSS ISLAND PKWY/BAYBRIDGE CONDO,40.788988,-73.787044,Q16 QM2 QM32
401529,W 10 ST/WASHINGTON ST,40.73331,-74.008708,M8
504188,ATLANTIC AV/92 ST,40.687653,-73.850104,Q24
404300,MADISON AV/E 54 ST,40.760615,-73.973461,QM63 QM64 QM68 SIM11 SIM22 SIM31 SIM33C SIM4C SIM6 SIM8
201054,HYLAN BLVD/REYNOLDS ST,40.6098,-74.074304,S78
901197,Gwnus Cntrline Ep-S/Gwnus Cntrline Ep-S,40.634943,-74.016649,X28 X38
551432,48 AV/44 ST,40.739639,-73.921733,Q39
553031,BEACH CHANNEL DR/BEACH 44 ST,40.595768,-73.775893,Q121 Q22 QM17
504999,QUEENS BLVD/87 AV,40.706644,-73.816634,Q20 Q60
505163,HILLSIDE AV/179 ST,40.712691,-73.783756,Q17
500056,BRADDOCK AV/CROSS ISLAND PKWY,40.725449,-73.724211,Q1
200051,RICHMOND TERR/STUYVESANT PL,40.646355,-74.07844,S40 S44
504477,39 AV/UNION ST,40.760879,-73.827488,Q16
201740,MANOR RD/WESTWOOD AV,40.606466,-74.121007,S54
203765,REON AV/HENNING ST,40.611366,-74.117159,SIM31 SIM32 SIM33 SIM33C
202026,VICTORY BLVD/LIVERMORE AV,40.611473,-74.140616,S62 S92 S93
403492,W 65 ST/CENTRAL PARK WEST,40.77181,-73.979385,M66
203043,BROADWAY/FOREST AV,40.628784,-74.116101,S53
982153,102 ST/157 AV,40.663899,-73.832314,QM15
505302,NORTHERN BL/WESTMORELAND ST,40.771473,-73.734853,Q12
202905,FOSTER RD/RATBUN AV,40.536876,-74.20526,S56 SIM25
405593,E 42 ST/3 AV,40.750781,-73.974543,M42
901196,fdr dr n/cherry st,40.711328,-73.978728,X37 X38
200595,JEWETT AV/EGBERT AV,40.624425,-74.131868,S66
403257,W 42 ST/5 AV,40.75357,-73.98098,M42 SIM25 SIM30 SIM8
551340,FURMANVILLE AV/77 ST,40.717216,-73.87683,Q38
551871,NORTHERN BLVD/74 ST,40.754912,-73.893028,Q63 Q66
308399,GRAND ST/WYTHE AV,40.715736,-73.964691,Q59
905130,ARTHUR KILL RD/TILLER CT,40.531691,-74.239042,S74
502974,HORACE HARDING EXPWY/KISSENA BLVD,40.739388,-73.815558,Q88
553334,ROCKAWAY BEACH BLVD/BEACH 67 ST,40.590239,-73.795796,Q52+ Q52-SBS
201653,RICHMOND RD/SPRING ST,40.602935,-74.092738,S74 S76 S86
203991,SEGUINE AV/DIRENZO CT,40.520454,-74.197455,S55 S56 SIM25
551950,53 DR/63 ST,40.729342,-73.902749,Q67
306362,JAMAICA AV/CRESCENT ST,40.689159,-73.874502,Q56
308181,GRAND ST/GRAND ST BRIDGE,40.716046,-73.92461,Q59
201480,BRADLEY AV/VICTORY BLVD,40.612308,-74.132204,S57 S61 S91
400936,6 AV/W 42 ST,40.755109,-73.983786,M5 M55 M7
501903,HILLSIDE AV/169 ST,40.710777,-73.792627,Q43
500386,LINDEN BLVD/197 ST,40.693729,-73.754693,Q4 Q51 QM64
402446,5 AV/W 58 ST,40.763368,-73.973816,M5 Q32
403513,W 66 ST/AMSTERDAM AV,40.775049,-73.984749,M66
401202,ESSEX ST/EAST HOUSTON ST,40.721859,-73.986612,M9
503296,QUEENS BLVD/38 ST,40.74385,-73.92655,Q32 Q60
504079,JACKSON AV/THOMPSON AV,40.746681,-73.943358,Q67 Q96
401567,CHRISTOPHER ST/BLEECKER ST,40.733369,-74.004694,M8
551208,111 ST/LIBERTY AV,40.684589,-73.831126,Q37
200135,SCHOOL RD/TOMPKINS AV,40.605104,-74.065048,S51
501198,CROSS ISLAND PKWY/CLINTONVILLE ST,40.787208,-73.810192,Q76 QM2 QM32
551922,35 AV/24 ST,40.760353,-73.933002,Q66
503976,ARCHER AV/168 ST,40.704734,-73.791742,Q30 Q31 Q75
553044,109 AV/ROCKAWAY BLVD,40.678914,-73.833802,Q41
200129,McCLEAN AV/MILLS AV,40.59721,-74.068752,S53
203697,HYLAN BLVD/ISABELLA AV,40.561182,-74.119414,S57
551911,NORTHERN BLVD/92 ST,40.756658,-73.876297,Q63 Q66
500289,227 ST/113 DR,40.702262,-73.730337,Q83
550627,ASTORIA BLVD/88 ST,40.76385,-73.881063,Q19
982137,CROSS BAY BLVD/163 AV,40.652413,-73.838019,QM15 QM16 QM17
202725,ARTHUR KILL RD/FRANKLIN LN,40.568674,-74.150795,S54 S74 SIM15
203226,FATHER CAPODANNO BLVD/SAND LN,40.590146,-74.066995,S51 S52 S81 SIM5 SIM6 SIM9
551705,QUEENS BLVD/74 ST,40.739371,-73.889536,Q60
400799,W 178 ST/BROADWAY,40.84803,-73.936989,M5 M98
400649,FORT WASHINGTON AV/W 170 ST,40.843204,-73.941912,M4
905199,HUGUENOT AV/WOODROW RD,40.543146,-74.19731,SIM24
552474,ROCKAWAY TPKE/REYEM DR,40.632146,-73.738579,Q113 Q114
403902,RIVERSIDE DR/W 100 ST,40.798851,-73.973449,M5
200310,CASTLETON AV/BROADWAY,40.634584,-74.117749,S46 S96
550819,SEAGIRT BLVD/CREST RD,40.595403,-73.756206,Q22 QM17
552679,69 RD/QUEENS BLVD,40.723573,-73.84798,QM4 QM44
503784,FARMERS BLVD/113 RD,40.699096,-73.762805,Q3 Q83 QM64
804226,15 AV/COLLEGE POINT BLVD,40.78415,-73.845605,Q76
200184,BAY ST/WATER ST,40.626764,-74.075789,S51 S76 S81
304247,GRAND ST/MORGAN AV,40.713293,-73.934906,Q54 Q59
551250,62 DR/99 ST,40.733622,-73.858076,Q38
203551,ROSSVILLE AV/MASON BLVD,40.544675,-74.209102,S74
503753,BRADDOCK AV/CROSS ISLAND PKWY,40.725654,-73.725173,Q1
503106,GREEN ACRES RD/SUNRISE HWY,40.663867,-73.7247,Q5 Q87 Q89
901024,SHORE RD/4 AV,40.611763,-74.035126,X27 X37
307495,ATLANTIC AV/EUCLID AV,40.681085,-73.873176,Q24
500978,LITTLE NECK PKWY/252 ST,40.752134,-73.721257,Q36
502256,MAIN ST/39 AV,40.759679,-73.830324,Q27
502082,HILLSIDE AV/261 ST,40.737514,-73.70698,Q43 QM68
801162,BROADWAY/MYRTLE AV,40.69726,-73.935893,M90
404204,5 AV/W 46 ST,40.755853,-73.979247,SIM23 SIM24 SIM25
502728,14 AV/146 PL,40.787417,-73.819447,Q76 QM2 QM32
905162,MARSH AV/RING RD,40.583753,-74.161413,S55 S56
550012,SUTPHIN BLVD/ROCKAWAY BLVD,40.673854,-73.788567,Q6
701044,ROCKAWAY BLVD/VAN WYCK EXPWY,40.674603,-73.802574,Q7
503779,FARMERS BLVD/145 DR,40.664405,-73.768255,Q115 Q3
984017,EARHART LN/ERSKINE PL,40.861277,-73.82268,Q50
203379,BAY ST/CLINTON ST,40.632084,-74.075799,S51 S76
500258,LIBERTY AV/173 ST,40.704458,-73.785042,Q42 Q83
501537,46 AV/162 ST,40.753736,-73.804994,Q26 Q27
401450,BROADWAY/W 135 ST,40.820088,-73.955315,M4
200276,CASTLETON AV/HAVENWOOD RD,40.633115,-74.095774,S46
404176,LEXINGTON AV/E 41 ST,40.750881,-73.976569,SIM11 SIM6
201238,CEBRA AV/VICTORY BLVD,40.633974,-74.085579,S52
202841,MARSH AV/ELMWOOD PK DR,40.581512,-74.162571,S55 S56 S61 S91 SIM31 SIM4 SIM4C SIM8
404185,BROADWAY/THOMAS ST,40.715464,-74.005263,X27 X28
203575,SOUTH AV/OPP 1000 SOUTH AV,40.616076,-74.172344,S46 S96
505225,MAIN ST/39 AV,40.760423,-73.830658,Q20 Q44+ Q44-SBS
553348,WOODHAVEN BLVD/JAMAICA AV,40.693825,-73.852048,Q52+ Q52-SBS Q53+ Q53-SBS
552298,147 AV /HUXLEY ST,40.657314,-73.741561,Q111
553388,BEACH 116 ST/NEWPORT AV,40.5812,-73.838207,Q22
551110,80 ST/68 RD,40.710747,-73.870854,Q29 Q47
505420,FAIRVIEW AV/PUTNAM AV,40.704616,-73.902431,Q58 Q98
103996,E 180 ST/DEVOE AV,40.842458,-73.877118,Q44+ Q44-SBS
200329,WALKER ST/SIMONSON AV,40.631931,-74.152588,S46 S96
202280,FOSTER RD/SINCLAIR AV,40.539133,-74.206152,S56
203516,HYLAN BLVD/CONNECTICUT ST,40.503178,-74.25011,S59 S78
201655,RICHMOND RD/TARGEE ST,40.599703,-74.092042,S74 S76 S86
550927,103 ST/ROOSEVELT AV,40.750189,-73.862787,Q14
202993,PORT RICHMOND AV/RICHMOND TERR,40.640124,-74.131657,S66
103380,CROSS BRONX EXPWY SERVICE RD/TAYLOR AV,40.835387,-73.866431,Q44+ Q44-SBS
505390,60 LN/ELIOT AV,40.713629,-73.902874,Q38
552351,GUY R BREWER BLVD/107 AV,40.69834,-73.792423,Q115
304533,JAMAICA AV/SHEPHERD AV,40.685094,-73.882626,Q56
202613,SAINT MARKS PL/83 SAINT MARKS PL,40.646618,-74.083534,S42 S52
202147,TARGEE ST/VANDERBILT AV,40.614879,-74.084618,S74 S76
552031,NORTHERN BLVD/39 AV,40.751887,-73.931634,Q101
550735,ROCKAWAY BEACH BLVD/BEACH 116 ST,40.579994,-73.836986,Q35 QM16
202043,VICTORY BLVD/GRAHAM AV,40.605587,-74.169627,S62 S92 SIM32
805056,34 ST/HOBOKEN LIGHT RAIL STATION,40.671416,-74.10723,S89
502139,SUTPHIN BLVD /JAMAICA AV,40.701922,-73.80804,Q40 Q43 Q44+ Q44-SBS
982429,168 ST/JAMAICA BUS TERMINAL,40.707473,-73.792402,Q41 Q6 Q8 Q9
503379,JAMAICA AV/80 ST,40.692158,-73.861586,Q56
503921,32 AV/CORPORAL KENNEDY ST,40.772254,-73.780636,Q28
505127,POWELLS COVE BLVD/158 ST,40.794381,-73.803329,Q15 Q61
200269,CASTLETON AV/OAKLAND AV,40.634679,-74.110833,S46
203034,BROADWAY/CARY AV,40.632768,-74.116922,S53
805159,SIE/Gansevoort bl,40.608775,-74.127251,SIM2 SIM4
551486,84 ST/163 AV,40.651749,-73.846639,Q41
503248,23 AV/BELL BLVD,40.782428,-73.776882,Q28 Q31
505265,ARCHER AV/153 ST,40.701782,-73.802852,Q20 Q44+ Q44-SBS
402185,E 49 ST/3 AV,40.755381,-73.971417,M50
550293,130 ST /135 AV,40.668436,-73.809829,Q10 QM18
203017,SEGUINE AV/WATERBURY AV,40.525285,-74.200834,S55 S56 SIM25
551695,QUEENS BLVD/70 AV,40.72268,-73.846017,Q60 QM11 QM18
503326,ROOSEVELT AV/SKILLMAN AV,40.745189,-73.908828,Q32
200471,RICHMOND AV/AMBOY RD,40.542948,-74.164003,S59
203158,EBBITTS ST/FINLEY AV,40.561983,-74.105429,S76 S86
201756,GUYON AV/TARRING ST,40.563761,-74.125461,S57
905114,SOUTH AV/WEST SHORE PLAZA,40.601619,-74.192639,S46 S96
500048,SPRINGFIELD BLVD/JAMAICA AV,40.718987,-73.735286,Q27 Q36
552195,48 ST/NORTHERN BLVD,40.753521,-73.914617,Q104
304625,JAMAICA AV/HEMLOCK ST,40.69,-73.872582,Q56
400913,6 AV/WHITE ST,40.719318,-74.005054,M55
504474,MADISON ST/CYPRESS AV,40.701012,-73.907068,Q58 Q98
921855,39 AV/MAIN ST,40.760244,-73.830902,Q19 Q63 Q66
502132,HILLSIDE AV/164 ST,40.708879,-73.798865,Q1 Q43
553196,HOFFMAN DR/WOODHAVEN BLVD,40.733148,-73.871107,Q14
201459,RICHMOND RD/NEW DORP LN,40.575927,-74.119378,S74 S76 SIM15
202095,ARTHUR KILL RD/ANNADALE RD,40.563465,-74.17719,S55 S56 S74
202187,RICHMOND RD/DE KALB ST,40.610017,-74.089539,S74 S76
981010,E 57 ST/LEXINGTON AV,40.76053,-73.968299,QM6
552672,57 AV/99 ST,40.738386,-73.860313,QM10 QM11 QM40
552667,26 AV/203 ST,40.774905,-73.788703,QM20
503530,GRAND AV/72 ST,40.728025,-73.891827,Q58 Q59
200391,STATEN ISLAND MALL AT RING RD/MACYS,40.585067,-74.166625,S44 S59 S79+ S79-SBS S94
200525,JEWETT AV/KRAMER PL,40.62915,-74.130476,S66
202572,RICHMOND RD/NEW DORP LN,40.575822,-74.120091,S57 S74 S84 SIM15
502766,FRANCIS LEWIS BLVD/UNION TPKE,40.731454,-73.770045,Q76
405424,AMSTERDAM AV/LA SALLE ST,40.812771,-73.956592,M60+ M60-SBS
552456,BAYVIEW AV /DOUGHTY BLVD,40.613919,-73.746119,Q114
201463,ROCKLAND AV/NEVADA AV,40.579709,-74.127388,S54 S57
501505,UTOPIA PKWY/JEWEL AV,40.730938,-73.793905,Q30 Q31 Q75
550059,ROCKAWAY BLVD/134 AV,40.67004,-73.783311,Q6
403247,E 42 ST/2 AV,40.749581,-73.971881,M42
504444,48 AV/BELL BLVD,40.755578,-73.767352,Q27 Q31
202586,BROADWAY/RICHMOND TERR,40.639838,-74.11794,S54
505438,ROOSEVELT AV/COLLEGE POINT BLVD,40.758256,-73.834399,Q90
982098,28 ST/QUEENS PLAZA SOUTH,40.749743,-73.939192,Q66 Q69
203430,OLYMPIA BLVD/ORLANDO ST,40.592848,-74.070346,S52
403259,W 42 ST/7 AV,40.756311,-73.98737,SIM22 SIM25 SIM26 SIM30 SIM8 T260
203093,ARTHUR KILL RD/RIDGEWOOD AV,40.560254,-74.166045,S74
503514,CORONA AV/102 ST,40.744346,-73.86218,Q58
401562,W 9 ST/5 AV,40.733089,-73.996367,M8
805011,SEAVIEW HOSPITAL/DR E ROBITZEK BUILDING,40.591517,-74.132512,S54 S57
501727,CROCHERON AV/UTOPIA PKWY,40.7631,-73.792897,Q28
200880,LAFAYETTE AV/CASSIDY PL,40.642305,-74.095308,S44
551073,DRY HARBOR RD/64 RD,40.718589,-73.872614,Q29
502379,UNION TPKE/CROSS ISLAND PKWY,40.740886,-73.726774,Q46 Q48
501489,HORACE HARDING EXPWY/OCEANIA ST,40.746063,-73.76811,Q30 Q74 Q75
504981,ARCHER AV/158 ST,40.701905,-73.802063,Q20 Q30 Q31 Q44+ Q44-SBS Q75
500410,LINDEN BLVD/FRANCIS LEWIS BLVD,40.696048,-73.746803,Q4 Q51 QM64
200751,LAFAYETTE AV/BRIGHTON AV,40.63567,-74.09265,S42
201602,RICHMOND RD/MARK ST,40.596322,-74.094497,S74 S76
503705,148 ST/SOUTH CARGO RD,40.654762,-73.791279,Q3
905140,NEW DORP LN/3 ST,40.57522,-74.11852,S57
553261,109 AV/LEFFERTS BLVD,40.682345,-73.822145,Q41
201360,BRADLEY AV/HAROLD ST,40.601525,-74.131362,S57 S61 S91 SIM31
503566,47 AV/FRANCIS LEWIS BLVD,40.753368,-73.780192,Q27 Q31
505419,CORONA AV/99 ST,40.744772,-73.863271,Q14
201696,MANOR RD/STURGES ST,40.615879,-74.123101,S54
551786,15 AV/112 ST,40.783809,-73.854737,Q26
550733,ROCKAWAY BEACH BLVD/BEACH 110 ST,40.581271,-73.832287,Q35
500638,BEDELL ST/130 AV,40.678107,-73.770989,Q85 Q89 QM21
550002,EASTERN RD/BUILDING 250,40.653236,-73.76631,Q6
103523,CROSS BRONX EXPWY SERVICE RD/CASTLE HILL AV,40.830076,-73.85082,Q44+ Q44-SBS
552937,YELLOWSTONE BLVD/67 AV,40.728357,-73.849337,QM11 QM12 QM42
203383,SOUTH AV/GOETHALS RD NORTH,40.621698,-74.168498,S46 S96
550213,101 AV /80 ST,40.680671,-73.858935,Q8
200140,BAY ST/HYLAN BLVD,40.613999,-74.065902,S51
550166,101 AV /104 ST,40.686171,-73.839162,Q8
500376,LINDEN BLVD/175 PL,40.692788,-73.774185,Q4
203369,COLLEGE OF STATEN ISLAND/VICTORY BLVD,40.608531,-74.153186,S62 S92 S93
982463,ASTORIA BLVD/102 ST,40.761535,-73.867341,Q49
202231,ARTHUR KILL RD/ARMSTRONG AV,40.561091,-74.162111,S74 S84 SIM15
501624,SPRINGFIELD BLVD/HORACE HARDING EXPWY,40.748569,-73.756555,Q27 QM35 QM5 QM8
404826,WEST END AV/W 64 ST,40.77449,-73.98841,M57
505329,JAMAICA AV/161 ST,40.704163,-73.798514,Q110 Q56
700816,168 ST/JAMAICA BUS TERMINAL,40.707698,-73.792983,Q3 Q36
200350,ARTHUR KILL RD/CENTER ST,40.571816,-74.147224,S54 S74
551843,JEWEL AV/PARSONS BLVD,40.732469,-73.811062,Q64 Q74 QM4 QM44
502261,MAIN ST/ELDER AV,40.751028,-73.825891,Q20 Q44+ Q44-SBS
550340,LEFFERTS BLVD/85 AV,40.702668,-73.832175,Q80
904987,LGA/TERMINAL B,40.773033,-73.872695,M60+ M60-SBS Q90
500131,HOLLIS AV/212 PL,40.709674,-73.745092,Q2
200238,LINCOLN AV/GRANT PL,40.577099,-74.10474,S51 S81
500396,LINDEN BLVD/228 ST,40.692768,-73.732816,Q4 QM64
552411,TUSKEGEE AIRMEN WAY/160 ST,40.698868,-73.796386,Q112
982392,LINDEN BLVD/NASHVILLE BLVD,40.696294,-73.744463,Q51
203236,FATHER CAPODANNO BLVD/SEAVIEW AV,40.579436,-74.077418,S51 S52 SIM5 SIM6 SIM9
404859,YORK AV/E 87 ST,40.776178,-73.946977,M86+ M86-SBS
504307,METROPOLITAN AV/71 AV,40.710624,-73.851574,Q54
553002,69 ST/QUEENS MIDTOWN EXPWY,40.724725,-73.894526,Q67
805098,AMBOY RD/BLOOMINGDALE RD,40.523925,-74.215448,S55
202590,VICTORY BLVD/RICHMOND AV (NEAR),40.607096,-74.162763,S62 S92
202658,JERSEY ST/PAUW ST,40.640058,-74.08723,S42 S52
505548,MERRICK BLVD/119 AV,40.685621,-73.773074,Q5
503220,UTOPIA PKWY/WILLETS POINT BLVD,40.785712,-73.795179,Q16
903017,AVENUE OF THE AMERICAS/W 14 ST,40.73742,-73.996705,SIM33 SIM7 SIM9
500997,NORTHERN BLVD/PARSONS BLVD,40.764608,-73.822975,Q12
200023,RICHMOND TERR/MAPLE AV,40.640269,-74.133301,S40
504332,MYRTLE AV/62 ST,40.70087,-73.892934,Q55
550904,108 ST/67 AV,40.728888,-73.847389,Q23
550519,8 ST/27 AV,40.774125,-73.932072,Q103 Q18 Q19
804030,166 ST/POWELLS COVE BLVD,40.793805,-73.797415,Q15 Q61
200261,CASTLETON AV/JEWETT AV,40.633639,-74.129649,S46 S53 S66 S96
401882,E 79 ST/1 AV,40.772297,-73.952452,M79+ M79-SBS
504205,ATLANTIC AV/LEFFERTS BLVD,40.694021,-73.828636,Q24
805010,SEAVIEW HOSPITAL/TRAFFIC LOOP,40.592923,-74.134134,S54 S57
200757,WESTERVELT AV/CRESCENT AV,40.64373,-74.084305,S42 S52
550051,SUTPHIN BLVD/116 AV,40.682462,-73.792735,Q6
553026,21 ST/24 AV,40.776686,-73.921304,Q100 Q69
502880,HORACE HARDING EXPWY/MAIN ST,40.741695,-73.824714,Q88
203522,WOODROW RD/WINANT AV,40.541444,-74.21519,S74 S84
200414,PORT RICHMOND AV/HATFIELD PL,40.632878,-74.136846,S44 S59 S94
302194,BROADWAY/ELDERT ST,40.685499,-73.91487,Q24
905149,murray st/north end av,40.715823,-74.015194,SIM33 SIM7 SIM9
550636,ASTORIA BLVD/98 ST,40.762129,-73.871145,Q19 Q49
505096,HILLSIDE AV/187 PL,40.714833,-73.774515,Q77 Q82
550723,157 AV/84 ST,40.661427,-73.848898,Q11 Q41 QM15
552228,JAMAICA AV /193 ST,40.713065,-73.767034,Q110
505201,HILLSIDE AV/198 ST,40.718858,-73.764627,Q1 Q76 QM68
404039,6 AV/W 38 ST,40.752139,-73.985967,M5 M55 M7
501450,HORACE HARDING EXPWY/OCEANIA ST,40.745536,-73.76734,Q30 Q74 Q75
551720,164 ST/UNION TPKE,40.721771,-73.804362,Q65
502399,UNION TPKE/188 ST,40.729176,-73.78161,Q45 Q46 Q48
553434,ASTORIA BLVD/44 ST,40.768046,-73.906386,Q19
550528,30 AV/31 ST,40.767219,-73.921833,Q18
503324,ROOSEVELT AV/61 ST,40.7457,-73.90329,Q32 T320
500487,120 AV/231 ST,40.687494,-73.733483,Q84
302197,BROADWAY/GATES AV,40.689726,-73.922336,Q24 T430 T433
201137,HYLAN BLVD/FIELDWAY AV,40.547671,-74.13991,S78
550156,101 AV /84 ST,40.681626,-73.855206,Q8
500667,243 ST/145 AV,40.659483,-73.740082,Q85 Q86
203046,BROADWAY/CASTLETON AV,40.63439,-74.117087,S53
552306,147 AV /225 ST,40.658978,-73.756477,Q111
501247,29 AV/FRANCIS LEWIS BLVD,40.770433,-73.793393,Q16
551349,63 RD/98 PL,40.731819,-73.859114,QM10 QM11 QM40
550456,WOODHAVEN BLVD/68 RD,40.715125,-73.859948,Q11
552174,BROADWAY/CRESCENT ST,40.763584,-73.928522,Q104
551765,COLLEGE POINT BLVD/31 AV,40.76924,-73.841821,Q26
201612,TARGEE ST/PALMA DR,40.612359,-74.085058,S74 S76
500859,SANFORD AV/158 ST,40.760859,-73.807483,Q65
200496,ARTHUR KILL RD/GIFFORDS LN,40.563968,-74.155575,S54 S74 SIM15
501430,UTOPIA PKWY/KILDARE RD,40.721693,-73.79017,Q30 Q31 Q75
401961,E 97 ST/5 AV,40.788581,-73.955047,M96
553253,MAURICE AV/MASPETH AV,40.7234,-73.912147,Q39
551398,61 ST/FLUSHING AV,40.720717,-73.903988,Q39
500290,SPRINGFIELD BLVD/112 RD,40.705185,-73.739724,Q27
504365,MYRTLE AV/74 ST,40.702468,-73.874914,Q55
200298,CASTLETON AV/GLEN AV,40.633092,-74.089988,S46
552271,PENINSULA BLVD/WOODMERE BLVD,40.637902,-73.71742,Q111
308087,WAKEMAN PL/3 AV,40.638125,-74.024872,X27 X37
501356,KISSENA BLVD/ROSE AV,40.746354,-73.814245,Q17 Q25
201184,HYLAN BLVD/SEGUINE AV,40.519247,-74.196959,S55 S56 S59 S78 SIM2
500055,SPRINGFIELD BLVD/89 AV,40.729318,-73.744039,Q27 Q88
203714,WATCHOGUE RD/LEVIT AV,40.617267,-74.148812,SIM3 SIM34 SIM3C
501533,46 AV/PARSONS BLVD,40.754133,-73.812964,Q26 Q27
503478,BROADWAY/JUSTICE AV,40.737801,-73.877105,Q53+ Q53-SBS
402296,E 72 ST/YORK AV,40.76695,-73.954116,M72
550510,104 ST /1 ST,40.6558,-73.828604,Q11
203597,ANNADALE RD/DRUMGOOLE RD EAST,40.554599,-74.175792,S55
551070,80 ST/METROPOLITAN AV,40.71319,-73.871742,Q29 Q47 Q54
503473,GRAND AV/79 ST,40.731171,-73.885245,Q47 Q59
203146,GIFFORDS LN/ARTHUR KILL RD,40.563349,-74.155799,S54
553243,ROCKAWAY BEACH BLVD/BEACH 67 ST,40.590224,-73.796129,Q52+ Q52-SBS
350176,PITKIN AV /AUTUMN AV,40.675993,-73.868463,Q112 Q8
201428,WATCHOGUE RD/CRYSTAL AV,40.61671,-74.142659,S57 SIM3 SIM34 SIM3C
701077,ROOSEVELT AV/55 ST,40.744927,-73.909422,Q32
902238,MORRIS PARK AV/E 180 ST,40.841027,-73.872724,T113
200696,HYLAN BLVD/FINGERBOARD RD,40.601531,-74.072656,S78
200708,NARROWS RD NORTH/RICHMOND RD,40.609731,-74.090733,S53 S93 SIM35
501218,41 AV/147 ST,40.761423,-73.818501,Q15
551874,NORTHERN BLVD/78 ST,40.755092,-73.888907,Q63 Q66
552464,MOTT AV /LAWRENCE AV,40.618445,-73.737178,Q114
551009,LINDEN PL/NORTHERN BLVD,40.764335,-73.830386,Q25 Q61
200970,HYLAN BLVD/SPRAGUE AV,40.505398,-74.23832,S59 S78 SIM2 SIM25 SIM26
200444,RICHMOND AV/VICTORY BLVD,40.607025,-74.162535,S44 S59 S89 S94 SIM4 SIM4C SIM8
302058,PATCHEN AV/LAFAYETTE AV,40.692479,-73.927904,Q24
201325,WATCHOGUE RD/CRYSTAL AV,40.616491,-74.142053,S57 SIM3 SIM34 SIM3C
552383,LIBERTY AV /111 ST,40.684736,-73.831369,Q112
450033,E 57 ST/MADISON AV,40.762333,-73.972631,QM2 QM20 QM4
403305,AVENUE C/E 6 ST,40.723242,-73.979573,M9
203098,EBBITTS ST/HYLAN BLVD,40.565988,-74.113106,S57 SIM11
504375,MYRTLE AV/60 LN,40.700647,-73.896718,Q55
503541,FRESH POND RD/ELIOT AV,40.714725,-73.901281,Q39
502387,UNION TPKE/220 PL,40.73513,-73.750901,Q46 Q48
502163,MAIN ST/73 AV,40.725011,-73.82075,Q20 Q44+ Q44-SBS
550123,ROCKAWAY BLVD/128 ST,40.675247,-73.809642,Q10 Q7
403626,WEST END AV/W 59 ST,40.77141,-73.990797,M57
552001,JUNCTION BLVD/ROOSEVELT AV,40.749564,-73.869573,Q72
551310,57 AV/JUNCTION BLVD,40.736672,-73.865402,Q14
502623,73 AV/189 ST,40.733475,-73.781726,Q88
200403,RICHMOND AV/WEST CASWELL AV,40.616621,-74.156603,S44 S59 S94
203407,FOREST AV/ELIZABETH GROVE RD,40.62647,-74.174864,S40 S90 SIM30
400742,6 AV/W 55 ST,40.762965,-73.97808,QM1 QM5 QM6
553343,BROADWAY/78 ST,40.744618,-73.886707,Q53+ Q53-SBS
505488,36 AV/12 ST,40.760703,-73.939041,Q102
505178,SOUTH CONDUIT AV/HOOK CREEK BLVD,40.665269,-73.729629,Q5 Q87 Q89
200201,McCLEAN AV/LILY POND AV,40.598841,-74.06422,S53
504090,ROOSEVELT AV/82 ST,40.747695,-73.884115,Q32 Q33
551580,BROADWAY/ROOSEVELT AV,40.74664,-73.891184,Q47
552131,VERNON BLVD/49 AV,40.743276,-73.954042,Q103
202563,CLYDE PL/ARNOLD ST,40.639114,-74.090187,S42
500266,LIBERTY AV/HILBURN AV,40.703202,-73.767156,Q83 QM64
200380,RICHMOND AV/MEMPHIS AV,40.549506,-74.167229,S59
503537,FRESH POND RD/FLUSHING AV,40.721244,-73.903057,Q58 Q98
402174,E 50 ST/3 AV,40.755545,-73.970482,M50
550382,99 ST /164 AV,40.651745,-73.832301,Q11
201088,TOMPKINS AV/CHESTNUT AV,40.615306,-74.073449,S52 S78
404914,BROADWAY/E 13 ST,40.733779,-73.991037,X27
202924,ANNADALE RD/RYE AV,40.547589,-74.175089,S55
203131,HYLAN BLVD/ARBUTUS AV,40.526056,-74.180688,S59 S78
200694,SAND LN/McCLEAN AV,40.597025,-74.070476,S52 S53
503397,JAMAICA AV/124 ST,40.7008,-73.826073,Q56
502719,FRANCIS LEWIS BLVD/16 AV,40.785157,-73.805497,Q61 Q76
500034,SPRINGFIELD BLVD/JAMAICA AV,40.718645,-73.735376,Q27 Q88
304376,GRAND ST/LORIMER ST,40.711154,-73.949291,Q54 Q59
552445,MOTT AV /CENTRAL AV,40.60427,-73.752724,Q113 Q114
982509,POPPENHUSEN AV/119 ST,40.791967,-73.850704,Q25
200178,BAY ST/VICTORY BLVD,40.637299,-74.076175,S51 S74 S76 S81 S84 S86
201684,BRIELLE AV/BRADLEY AV,40.59859,-74.130348,S54
201500,FOREST AV/RAYMOND PL,40.627192,-74.123741,S48
505033,MAIN ST/MANTON ST,40.709951,-73.818898,Q20 Q44+ Q44-SBS
505436,253 ST/149 AV,40.652899,-73.736803,Q86 QM63
203417,VICTORY BLVD/WILD AV,40.592179,-74.189665,S62 S92
202800,ARTHUR KILL RD/UNITED HEBREW CEMETERY,40.570486,-74.148319,S54 S74
505529,69 ST/MAURICE AV,40.735368,-73.896109,Q47
550075,ROCKAWAY BLVD/CENTERVILLE ST,40.678856,-73.834314,Q51 Q7
904224,ROCKAWAY BEACH BLVD/BEACH 90 ST,40.587364,-73.813998,T354
551314,99/CHRISTIE AV,40.741254,-73.861777,Q14
551051,MAIN ST/ROOSEVELT AV,40.759377,-73.829892,Q26
405399,WATER ST/BROAD ST,40.703104,-74.011308,QM65
553378,WOODHAVEN BLVD/POLO PL,40.712454,-73.859537,Q52+ Q52-SBS Q53+ Q53-SBS
403523,W 79 ST/BROADWAY,40.783867,-73.980284,M79+ M79-SBS
551095,HAMPTON ST/BAXTER AV,40.746835,-73.882658,Q29
200303,CASTLETON AV/CONYINGHAM AV,40.634644,-74.102074,S46
504500,MYRTLE AV/69 ST,40.701712,-73.883016,Q55 QM24 QM25 QM34
202715,FOREST HILL RD/STATEN ISLAND DEVELOPMENTAL OFFICE,40.592664,-74.14457,S61 S91
553376,CROSS BAY BLVD/157 AV,40.662449,-73.840507,Q52+ Q52-SBS Q53+ Q53-SBS
200311,CASTLETON AV/CAROLINE ST,40.634487,-74.119274,S46 S53 S54
500575,BROOKVILLE BLVD/MERRICK BLVD,40.67345,-73.733561,Q5 Q86
552288,147 AV/FRANCIS LEWIS BLVD,40.65737,-73.728453,Q111
501053,BELL BLVD/33 AV,40.771764,-73.774488,Q13 Q31
200407,FOREST AV/RICHMOND AV,40.624967,-74.148422,S48 S59 S98 SIM3 SIM30 SIM3C
505256,ARCHER AV/PARSONS BLVD,40.702555,-73.799247,Q111 Q20
201944,VICTORY BLVD/SIGNS RD,40.603669,-74.173051,S62 S92
502650,73 AV/213 ST,40.739987,-73.761198,QM35 QM5 QM8
203387,SOUTH AV/TELEPORT DR,40.60819,-74.178743,S46 S96
202686,EBBITTS ST/HYLAN BLVD,40.565523,-74.112298,S57
504950,149 AV/253 ST,40.652969,-73.736486,QM63
200856,LAFAYETTE AV/CASSIDY PL,40.641737,-74.094983,S44
504256,METROPOLITAN AV/FOREST AV,40.712821,-73.905623,Q14 Q39 Q54
553146,134 ST/150 AV,40.663796,-73.806609,Q10
982490,88 AV/153 ST,40.706258,-73.803739,Q24
500011,HILLSIDE AV/189 ST,40.715309,-73.772827,Q1 Q36 Q43
501930,JAMAICA AV/213 ST,40.716033,-73.744908,Q110
302074,ATLANTIC AV/VERMONT ST,40.675826,-73.894488,Q24
551603,31 AV/77 ST,40.758825,-73.890835,Q47
501964,212 ST/93 AV,40.718961,-73.74818,Q82
500470,120 AV/FRANCIS LEWIS BLVD,40.689935,-73.742077,Q84
550534,30 AV/43 ST,40.762603,-73.912527,Q18
200530,JEWETT AV/THE BOULEVARD,40.618213,-74.131416,S66
500168,FARMERS BLVD/134 AV,40.676185,-73.763441,Q3
505361,HILLSIDE AV/250 ST,40.735359,-73.717285,Q43
551303,ELIOT AV/83 PL,40.726556,-73.875753,Q14 QM24 QM25 QM34
502395,UNION TPKE/197 ST,40.731269,-73.773521,Q46 Q48
552382,LIBERTY AV /111 ST,40.684771,-73.83084,Q112
550646,ASTORIA BLVD/72 ST,40.767248,-73.897193,Q19
550562,50 AV/67 ST,40.736871,-73.897992,Q18
503070,MURDOCK AV/194 ST,40.698432,-73.760902,Q83
551455,142 ST/116 AV,40.680431,-73.800118,Q40
551233,PARK LN SOUTH/ABINGDON RD,40.709723,-73.834853,Q37
551263,63 DR/WOODHAVEN BLVD,40.722821,-73.867461,Q38
404883,AVENUE OF THE AMERICAS/WEST BROADWAY,40.720728,-74.005199,SIM1 SIM1C SIM33C SIM34 SIM3C SIM4C
500024,HILLSIDE AV/215 PL,40.727252,-73.748964,Q1 QM68
505154,SPRINGFIELD BLVD/114 AV,40.702272,-73.740796,Q27
501480,WEST ALLEY RD/233 ST,40.751673,-73.745573,QM35 QM5 QM8
403560,W 86 ST/WEST END AV,40.788621,-73.977342,M86+ M86-SBS
552059,STEINWAY ST/DITMARS BLVD,40.77283,-73.906292,Q101
350260,AVENUE H/NOSTRAND AV,40.631608,-73.946878,Q35
500368,MERRICK BLVD/108 AV,40.698415,-73.787138,Q5 Q84 Q85 Q86 Q87 Q89
500931,SANFORD AV/PARSONS BLVD,40.758784,-73.821204,Q13
550563,50 AV/67 ST,40.737061,-73.897588,Q18
552161,VERNON BLVD/46 RD,40.74613,-73.953092,Q103
502264,MAIN ST/BOOTH MEMORIAL AV,40.746165,-73.826222,Q20 Q44+ Q44-SBS
202532,RICHMOND TERR/SNUG HARBOR RD EAST,40.645241,-74.104765,S40
202844,STATEN ISLAND MALL AT PLATINUM AV/BEST BUY,40.578247,-74.167369,S55 S56 S61 S91
200553,VICTORY BLVD/JERSEY ST,40.635624,-74.083859,S46 S48 S61 S62 S66
550573,65 PL/53 DR,40.728701,-73.900413,Q18 Q67
550335,LEFFERTS BLVD/JAMAICA AV,40.699973,-73.830786,Q10 Q80 QM18
503840,SOUTH CONDUIT AV/FRANCIS LEWIS BLVD,40.665265,-73.734681,Q89
200753,BRIGHTON AV/JERSEY ST,40.637748,-74.087356,S42
350235,FOUNTAIN AV /WORTMAN AV,40.663356,-73.869417,Q8
550597,54 ST/31 AV,40.756939,-73.907243,Q18
905180,BRICKTOWN MALL/SHOPPING CENTER,40.528346,-74.230218,S74 S78
308271,GRAND ST/UNION AV,40.711017,-73.950982,Q54 Q59
202631,ANNADALE RD/BELFIELD AV,40.540069,-74.177259,S55
500052,SPRINGFIELD BLVD/92 AV,40.724894,-73.739319,Q27 Q36 Q88
500986,LITTLE NECK PKWY/HILLSIDE AV,40.736292,-73.714076,Q36
503338,QUEENS BLVD/SKILLMAN AV,40.74595,-73.934116,Q32 Q60
905189,MAIN ST/AMBOY RD,40.508887,-74.24688,S59
501660,SPRINGFIELD BLVD/73 AV,40.742264,-73.753307,Q27
982492,HILLSIDE AV/153 ST,40.707249,-73.803976,Q113 Q114
203769,NORTH GANNON AV/WOOLLEY AV,40.608123,-74.141315,SIM32 SIM33 SIM33C
502654,73 AV/198 ST,40.73587,-73.774603,QM35 QM5 QM8
550480,WOODHAVEN BLVD/81 AV,40.704876,-73.85748,Q11 QM15
551875,NORTHERN BLVD/78 ST,40.75529,-73.889305,Q63 Q66
200225,FATHER CAPODANNO BLVD/NAUGHTON AV,40.576933,-74.081166,S51 S81
504457,FARMERS BLVD/104 AV,40.706402,-73.767354,Q3
202205,RICHMOND RD/MIDLAND AV,40.582282,-74.110271,S74 S76 S86
551652,QUEENS BLVD/67 AV,40.727284,-73.853688,Q60 QM11 QM18
552934,YELLOWSTONE BLVD/64 RD,40.73176,-73.851483,QM12 QM42
403831,WATER ST/JOHN ST,40.706941,-74.005198,QM11 QM25
505087,WOODHAVEN BLVD/65 AV,40.720012,-73.864947,Q11
805003,CASTLETON AV/BRIGHTON AV,40.633999,-74.097609,S96
200591,JEWETT AV/GOODWIN AV,40.616414,-74.131049,S66
201553,FOREST AV/ELIZABETH ST,40.628836,-74.118857,S48
200188,BAY ST/TOWNSEND AV,40.621198,-74.07164,S51
505006,MAIN ST/GRAND CENTRAL PKWY,40.715288,-73.816445,Q20
552272,PENINSULA BLVD/WOODMERE BLVD,40.637842,-73.71787,Q111
307961,SHORE RD/72 ST,40.636202,-74.036908,X27 X37
201546,FOREST AV/HART BLVD,40.631205,-74.100959,S48 S98 SIM30
804232,ARCHER AV/153 ST,40.702027,-73.801764,Q42
501261,FRANCIS LEWIS BLVD/WILLETS POINT BLVD,40.78012,-73.802252,Q76
503017,BROADWAY/CORONA AV,40.739049,-73.877764,Q58
551939,BORDEN AV/VAN DAM ST,40.737899,-73.935329,Q67
200540,VICTORY BLVD/LITTLE CLOVE RD,40.613735,-74.112945,S61 S62 S66
551798,46 AV/162 ST,40.753385,-73.804487,Q65
982475,JACKSON AV/QUEENS PLAZA SOUTH,40.748475,-73.938836,Q102
403505,E 67 ST/3 AV,40.766454,-73.962623,M66
982359,ROCKAWAY BLVD/94 ST,40.680794,-73.845321,Q7
501518,HOMELAWN ST/HIGHLAND AV,40.712666,-73.793318,Q31
904984,JFK AIRPORT/HOWARD BEACH STATION,40.662351,-73.830199,Q121 Q97
200224,FATHER CAPODANNO BLVD/BUEL AV,40.577919,-74.079482,S51 S81
201744,BRIELLE AV/GOWER ST,40.599336,-74.123075,S54
501673,48 AV/BELL BLVD,40.755622,-73.767702,Q27 Q31
202487,NEW DORP LN/CUBA AV,40.567866,-74.104787,S76 S86
201448,GUYAN AV/SOUTH RAILROAD AV,40.564699,-74.127052,S57
551961,69 ST/ELIOT AV,40.719326,-73.891135,Q67
200978,HYLAN BLVD/WOODVALE AV,40.514224,-74.206334,S59 S78 SIM2 SIM25
552357,GUY R BREWER BLVD/ARCHER AV,40.703193,-73.795858,Q112 Q115
551995,JUNCTION BLVD/CORONA AV,40.741822,-73.86763,Q72
502761,FRANCIS LEWIS BLVD/56 AV,40.74679,-73.777542,Q76
203209,FOSTER RD/WHEELING AV,40.527278,-74.201551,S56
553256,102 ST/BROADWAY,40.656662,-73.83066,Q11
500146,188 ST/90 AV,40.712703,-73.771888,Q3
203180,FOSTER RD/ALBOURNE AV,40.529242,-74.202535,S56 SIM25
551657,QUEENS BLVD/71 AV,40.72115,-73.843898,Q60
201271,CEBRA AV/VICTORY BLVD,40.63396,-74.085907,S52
501273,UTOPIA PKWY/16 AV,40.783936,-73.794872,Q16 QM20
202210,RICHMOND RD/STEELE AV,40.576397,-74.118861,S74 S76 S86
982393,LINDEN BLVD/NASHVILLE BLVD,40.696345,-73.745114,Q51
202292,ARDEN AV/ARTHUR KILL RD,40.558516,-74.197503,S56 SIM2 SIM23 SIM4C
502653,73 AV/FRANCIS LEWIS BLVD,40.736405,-73.772695,Q88
201950,VICTORY BLVD/MORANI ST,40.608078,-74.156841,S62 S92 SIM32
502363,260 ST/73 AV,40.750625,-73.717469,Q48
203561,MILL RD/TYSENS LN,40.561705,-74.111975,S76
403487,W 66 ST/WEST END AV,40.776008,-73.98702,M66
503985,HOLLIS AV/198 ST,40.706289,-73.759084,Q2
503143,HORACE HARDING EXPWY/218 ST,40.748309,-73.760188,Q30 Q75
553355,WOODHAVEN BLVD/85 RD,40.696082,-73.852944,Q11
200781,SAINT MARKS PL/HYATT ST,40.641955,-74.078008,S42 S52
503295,QUEENS BLVD/35 ST,40.744237,-73.92968,Q32 Q60
308760,GATEWAY CENTER TERMINAL/GATEWAY DR,40.652793,-73.876225,Q8
505243,MERRICK BLVD/JAMAICA AV,40.705929,-73.794044,Q17
551641,QUEENS BLVD/GRAND AV,40.736488,-73.877711,Q60
250004,ARDEN AV/MOSELY AV,40.541528,-74.170008,SIM23
403673,E 125 ST/2 AV,40.802793,-73.933781,M60+ M60-SBS
501741,CORPORAL KENNEDY ST/23 AV,40.778955,-73.78292,Q28 QM20
500956,LITTLE NECK PKWY/LEEDS RD,40.767193,-73.727676,Q36
504009,FARMERS BLVD/105 AV,40.705803,-73.767046,Q3
504443,HOOK CREEK BLVD/134 AV,40.671397,-73.728013,Q5 Q87
400812,BROADWAY/W 170 ST,40.842568,-73.939311,M5
203665,ROSSVILLE AV/WOODROW RD,40.541806,-74.208114,S74 S84 SIM25
203647,HYLAN BLVD/KENNY RD,40.509506,-74.218281,S59 S78
203413,NEW YORK AV/DRUM AV,40.604363,-74.05905,S51 S81
309445,METROPOLITAN AV/HAVEMEYER ST,40.714025,-73.955914,Q59
503212,AMBOY LN/SPRINGFIELD BLVD,40.717818,-73.735753,Q88
550792,BEACH CHANNEL DR/BEACH 59 ST,40.593871,-73.789321,Q121 Q22 Q52+ Q52-SBS
502750,FRANCIS LEWIS BLVD/CROCHERON AV,40.763932,-73.787821,Q76
500397,LINDEN BLVD/230 ST,40.692133,-73.731153,Q4
502844,FRANCIS LEWIS BLVD/MURDOCK AV,40.701911,-73.74867,Q77
200372,RICHMOND AV/KING ST,40.535578,-74.156178,S59
553162,HORACE HARDING EXPY/LITTLE NECK PKWY,40.764471,-73.725074,QM35 QM5 QM8
701019,JAMAICA CENTER/BAY E,40.702079,-73.80121,Q83
404860,E 79 ST/LEXINGTON AV,40.775117,-73.959104,M79+ M79-SBS
505093,UNION TPKE/HEWLETT ST,40.752182,-73.702557,Q46 QM36 QM6
203208,ARTHUR KILL RD/UNITED HEBREW CEMETERY,40.570945,-74.147924,S54 S74
404043,6 AV/W 45 ST,40.756959,-73.982445,M5 M7 QM4
550324,LEFFERTS BLVD/101 AV,40.690027,-73.826119,Q10 Q80 QM18
200614,HOWARD AV/CLOVE RD,40.612463,-74.098961,S66
504199,JAMAICA AV/QUEENS BLVD,40.702584,-73.81414,Q54 Q56
503268,MYRTLE AV/85 AV,40.700854,-73.838999,Q55
500026,HILLSIDE AV/SPRINGFIELD BLVD,40.729615,-73.744606,Q1 Q43 QM68
401549,E 10 ST/AVENUE C,40.725667,-73.97722,M8
202076,ARTHUR KILL RD/SHARROTTS RD,40.538259,-74.237338,S74
304526,JAMAICA AV/WYONA ST,40.679252,-73.894923,Q56
400640,FORT WASHINGTON AV/W 190 ST,40.856809,-73.935921,M4 M98
203607,WATCHOGUE RD/CAMBRIDGE AV,40.617109,-74.148376,SIM3 SIM34 SIM3C
202332,ANNADALE RD/AMBOY RD,40.536067,-74.18048,S55
203554,CLOVE RD/NIAGARA ST,40.615625,-74.103042,S53 S93
503748,GRAND AV/PAGE PL,40.717678,-73.918144,Q59
203793,SAINT GEORGE FERRY/RAMP B,40.643483,-74.072927,S51 S76
505387,BROOKVILLE BLVD/FRANCIS LEWIS BLVD,40.667662,-73.737252,Q86
551046,127 ST/7 AV,40.79056,-73.840964,Q25
551552,79 ST/GRAND AV,40.731132,-73.885582,Q47
405017,WEST ST/CARLISLE ST,40.709633,-74.014694,SIM33 SIM7 SIM9
500256,LIBERTY AV/168 PL,40.702673,-73.790146,Q42 Q83 QM64
551618,QUEENS BLVD/52 ST,40.742253,-73.912725,Q60
551286,ELIOT AV/69 ST,40.719545,-73.890779,Q14 QM24 QM25 QM34
203163,WATCHOGUE RD/NEAL DOW AV,40.615626,-74.135816,S57
200193,BAY ST/HYLAN BLVD,40.613788,-74.06601,S51
804219,21 ST/41 AV,40.75452,-73.941975,Q96
505535,1 ST/27 AV,40.775515,-73.936308,Q103 Q18 Q19
804244,58 ST/LAUREL HILL BLVD,40.736241,-73.909349,Q39
201375,ROSE AV/3 ST,40.574137,-74.119508,S57
550138,CROSS BAY BLVD/LIBERTY AV,40.679836,-73.844731,Q112 Q41
805002,CASTLETON AV/BEMENT AV,40.634872,-74.112725,S96
503221,CROSS ISLAND PKWY/212 ST,40.788842,-73.782481,Q16 QM2 QM32
551420,60 LN/SAINT FELIX AV,40.697134,-73.894605,Q39
505095,14 AV/132 ST,40.78636,-73.836178,Q76
501324,HILLSIDE AV/178 ST,40.712275,-73.784937,Q17 Q77
553218,130 ST/SUTTER AV,40.67234,-73.808615,Q10
552483,ROCKAWAY TPKE/COSTCO,40.632068,-73.738916,Q113 Q114
551619,QUEENS BLVD/52 ST,40.742761,-73.912941,Q60
400755,RIVERSIDE DR/W 77 ST,40.783989,-73.983566,M5
404037,SUTTON PL/E 55 ST,40.756196,-73.961653,M57
201959,VICTORY BLVD/NORTH GANNON AV,40.609504,-74.149666,S62 S92 S93
551990,JUNCTION BLVD/57 AV,40.736835,-73.865792,Q72
501765,CROCHERON AV/168 ST,40.762907,-73.798287,Q28
200409,PORT RICHMOND AV/SMITH PL,40.62646,-74.142474,S59
505403,THOMSON AV/JACKSON AV,40.746586,-73.942908,Q102 Q63
350006,FLATBUSH AV/GATEWAY SPORTS,40.591262,-73.902386,Q35
501306,BAYSIDE AV/150 ST,40.771565,-73.8157,Q16
307777,JAMAICA AV/ELDERT LN,40.691106,-73.868151,Q56
503018,BROADWAY/QUEENS BLVD,40.737091,-73.877464,Q58
505501,20 AV/STEINWAY ST,40.776279,-73.901514,Q100
201357,BRADLEY AV/NORTH GANNON AV,40.608324,-74.132174,S57 S61 S91 SIM31
201121,HYLAN BLVD/NEW DORP LN,40.57029,-74.110121,S78 S79+ S79-SBS
550136,ROCKAWAY BLVD/102 ST,40.679819,-73.837991,Q41 Q7
203959,AMBOY RD/PETERSONS LN,40.52449,-74.210678,S55
552237,JAMAICA AV /FRANCIS LEWIS BLVD,40.713847,-73.753655,Q110
304539,JAMAICA AV/AUTUMN AV,40.690325,-73.871359,Q56
550173,101 AV /LEFFERTS BLVD,40.689975,-73.825793,Q8
200795,LAFAYETTE AV/ALDEN PL,40.637577,-74.093669,S42
805164,SAINT GEORGE FERRY/RAMP C S78,40.643261,-74.074069,S78
200529,JEWETT AV/COLLEGE AV,40.620714,-74.131814,S66
200145,BAY ST/VANDERBILT AV,40.622858,-74.072748,S51 S76
552178,BROADWAY/31 ST,40.762191,-73.925547,Q104
551940,BORDEN AV/GREENPOINT AV,40.736694,-73.931205,Q67
203471,TARGEE ST/ROFF ST,40.616882,-74.084729,S74
550465,WOODHAVEN BLVD/62 RD,40.726395,-73.87011,Q11
904991,BROADWAY/HAVEMEYER ST,40.708866,-73.959046,T410 T433
553320,WILLETS POINT BLVD/149 ST,40.776433,-73.817456,Q61 QM20
200888,HENDERSON AV/PELTON AV,40.637834,-74.110467,S44
550732,ROCKAWAY BEACH BLVD/BEACH 99 ST,40.584227,-73.820543,Q22
500674,BEDELL ST/BAISLEY BLVD,40.680421,-73.774454,Q85 Q89
203617,MARTLING AV/SLOSSON AV,40.621655,-74.119781,SIM35
203611,SOUTH GANNON AV/BRADLEY AV,40.607694,-74.131704,SIM31 SIM32
202678,ROCKLAND AV/BRIELLE AV,40.589058,-74.138471,S54 S57
201326,WATCHOGUE RD/GLASCOE AV,40.616277,-74.140468,S57
503244,MURDOCK AV/202 ST,40.700492,-73.752524,Q83
505236,169 ST/HILLSIDE AV,40.710543,-73.793016,Q76
200017,RICHMOND TERR/GRANITE AV,40.637568,-74.146753,S40
201223,FINGERBOARD RD/TOMPKINS AV,40.606905,-74.067173,S52
402175,E 50 ST/2 AV,40.754881,-73.9688,M50
551688,109 AV/157 ST,40.693177,-73.794563,Q60
504359,MYRTLE AV/81 AV,40.703282,-73.861084,Q55
700771,63 DR/AUSTIN ST,40.727549,-73.864024,Q38
701083,28 ST/42 RD,40.749188,-73.939652,Q69
202389,NEW DORP LN/CLAWSON ST,40.571469,-74.111491,S76
502762,FRANCIS LEWIS BLVD/58 AV,40.74528,-73.776881,Q26
552398,LIBERTY AV /134 ST,40.69157,-73.812541,Q112
203231,SEAVIEW AV/PSYCH CENTER EAST,40.580175,-74.079282,S52
550192,101 AV /124 ST,40.691156,-73.822036,Q8
501267,CROSS ISLAND PKWY/201 ST,40.786348,-73.793316,QM2 QM32
505204,COOPER AV/84 ST,40.71064,-73.865418,Q54
504541,MURDOCK AV/200 ST,40.699916,-73.754793,Q83
204060,CHELSEA AV/BLOOMFIELD AV,40.615291,-74.186935,S40 S90
203363,WALKER ST/PORT RICHMOND AV,40.629698,-74.140853,S44 S94
504526,JACKSON AV/43 AV,40.747722,-73.941086,Q101
403252,E 42 ST/2 AV,40.750086,-73.972599,M42
202801,BAY ST/VIRGINIA AV,40.615865,-74.067359,S51
203464,McCLEAN AV/RAILROAD AV,40.598178,-74.06625,S53
402300,E 72 ST/3 AV,40.769996,-73.960984,M72
401955,E 97 ST/2 AV,40.784894,-73.946279,M96
200467,RICHMOND AV/MEMPHIS AV,40.548857,-74.167375,S59
203097,FATHER CAPODANNO BLVD/CROMWELL AV,40.580155,-74.07694,S51 S52 S81
503676,FARMERS BLVD/118 RD,40.688641,-73.762105,Q3
503718,JAMAICA AV/SUTPHIN BLVD,40.701809,-73.808256,Q30 Q31 Q75
502335,UNION TPKE/234 ST,40.737656,-73.737301,Q46 Q48 QM36 QM6
501997,FERN PL/REX RD,40.700901,-73.781078,Q42
550753,ROCKAWAY BEACH BLVD/BEACH 137 ST,40.573538,-73.854267,Q35
552229,JAMAICA AV/193 ST,40.71327,-73.767349,Q110
500416,LINDEN BLVD/193 ST,40.692659,-73.758964,Q4
701050,QUEENS BLVD/70 AV,40.722518,-73.845653,Q74
550027,SUTPHIN BLVD/TUSKEGEE AIRMEN WAY,40.694714,-73.802214,Q41 Q6 Q60
805115,goethals bridge app/goethals bridge,40.633623,-74.193975,SIM24 SIM30
901813,OCEAN AV/NEWKIRK AV,40.63789,-73.958649,T464
403047,CENTRAL PARK SOUTH/6 AV,40.765655,-73.976441,M5
503150,NORTHERN BLVD/147 ST,40.765088,-73.818992,Q12
402293,E 72 ST/3 AV,40.769518,-73.960284,M72
551730,164 ST/JEWEL AV,40.731862,-73.805282,Q65
405136,WEST ST/NORTH MOORE ST,40.720234,-74.011966,SIM33 SIM7 SIM9
550765,ROCKAWAY BEACH BLVD/BEACH 122 ST,40.578117,-73.841968,QM16
905019,CASTLETON AV/JEWETT AV,40.63385,-74.129613,SIM3 SIM35 SIM3C
401169,EAST BROADWAY/PIKE ST,40.713808,-73.99265,M9
553333,QUEENS BLVD/59 AV,40.734077,-73.871252,Q11 Q29 Q52+ Q52-SBS
400715,W 34 ST/6 AV,40.749773,-73.98753,SIM23 SIM24
200250,WALKER ST/SIMONSON AV,40.631687,-74.151795,S46 S96
203829,SOUTH AV/LOIS LN,40.612025,-74.175954,S46 S96
901694,UNION AV/METROPOLITAN AV,40.71392,-73.951692,T403
250051,AMBOY RD/RICHMOND VALLEY RD,40.519133,-74.227311,SIM26
201651,RICHMOND RD/DOUGLAS RD,40.607187,-74.092384,S74 S76 S86 SIM15
200077,RICHMOND TERR/MORNINGSTAR RD,40.637941,-74.145117,S90
250023,ARDEN AV/KOCH BLVD,40.534473,-74.16518,SIM23
500925,SANFORD AV/158 ST,40.761123,-73.807876,Q65
202152,BROAD ST/GORDON ST,40.623623,-74.082392,S74
202897,HYLAN BLVD/LUTEN AV,40.523015,-74.188551,S56 SIM24
552067,20 AV/47 ST,40.773585,-73.897453,Q100
405165,ESSEX ST/CANAL ST,40.715445,-73.989723,M9
200410,PORT RICHMOND AV/ORANGE AV,40.628368,-74.141826,S59
202911,WOODROW RD/DELMAR AV,40.546131,-74.192904,S56
505134,SPRINGFIELD BLVD/115 AV,40.700924,-73.741731,Q27
202855,RICHMOND AV/KOCH BLVD,40.538608,-74.159781,S59 S89 SIM1 SIM10 SIM1C SIM22 SIM7
551710,164 ST/HILLSIDE AV,40.708923,-73.799134,Q65
552355,GUY R BREWER BLVD/LIBERTY AV,40.700927,-73.794296,Q112 Q115
551557,CALAMUS AV/74 ST,40.734607,-73.888347,Q47
501531,PARSONS BLVD/ELM AV,40.756011,-73.816292,Q26 Q27
551388,58 ST/BORDEN AV,40.729664,-73.911799,Q39 Q67
501757,FRANCIS LEWIS BLVD/32 AV,40.768791,-73.79193,Q28
504485,DITMARS BLVD/102 ST,40.768857,-73.868144,Q23 Q90
551958,69 ST/59 DR,40.722321,-73.893307,Q67
701028,108 ST/48 AV,40.745903,-73.856186,Q23
350238,PITKIN AV/LOGAN ST,40.674778,-73.87596,Q8
904035,253 ST/149 AV,40.652761,-73.736788,Q86
401903,E 86 ST/MADISON AV,40.780626,-73.958485,M86+ M86-SBS
502576,108 ST/NORTHERN BLVD,40.758129,-73.860948,Q23
503666,ATLANTIC AV/130 ST,40.695885,-73.81935,Q24
553139,SUTPHIN BLVD/94 AV,40.69914,-73.807077,Q25 Q65
505156,ASTORIA BLVD/SOUND ST,40.769014,-73.907131,Q19
551733,164 ST/67 AV,40.73513,-73.80469,Q65
401897,W 86 ST/AMSTERDAM AV,40.78775,-73.975401,M86+ M86-SBS
550058,ROCKAWAY BLVD/BAISLEY BLVD,40.672359,-73.785927,Q6
203006,SAINT GEORGE FERRY/RAMP A S61 & S91,40.642963,-74.074089,S61 S91
201747,BRIELLE AV/BRADLEY AV,40.598699,-74.130557,S54
550945,102 ST/35 ST,40.75423,-73.866034,Q14
501447,HORACE HARDING EXPWY/194 ST,40.741907,-73.781669,Q30 Q75
201186,HYLAN BLVD/BAYVIEW AV,40.516802,-74.202702,S59 S78 SIM2 SIM25
503539,FRESH POND RD/59 DR,40.718083,-73.902217,Q39
982213,UNION TPKE/188 ST,40.729307,-73.781349,QM6
552984,BELL BLVD/23 AV,40.782513,-73.776698,QM2 QM32
201096,HYLAN BLVD/WEST FINGERBOARD RD,40.600205,-74.072159,S78
550555,WOODSIDE AV/65 PL,40.743693,-73.899259,Q18
203117,AMBOY RD/KINGDOM AV,40.532834,-74.190182,S55
550127,ROCKAWAY BLVD/LEFFERTS BLVD,40.676225,-73.819008,Q7
903294,W 44 ST/8 AV,40.758403,-73.988634,T260
503515,CORONA AV/NATIONAL ST,40.744821,-73.864781,Q58
550353,LEFFERTS BLVD/83 AV,40.708529,-73.830814,Q80 QM18
552950,YELLOWSTONE BLVD/KESSEL ST,40.716594,-73.857866,QM12 QM42
203728,STEUBEN ST/WEST FINGERBOARD RD,40.601192,-74.076551,SIM1 SIM10 SIM11 SIM1C SIM7
501560,HOLLIS COURT BLVD/190 ST,40.752415,-73.789943,Q27 Q31
200030,RICHMOND TERR/ALASKA ST,40.638978,-74.121851,S40
200187,BAY ST/VANDERBILT AV,40.622172,-74.072412,S51
201077,SAINT PAULS AV/VAN DUZER ST,40.637363,-74.0781,S78
551819,JEWEL AV/136 ST,40.728303,-73.829651,Q64 Q74 QM4 QM44
982361,108 ST/43 AV,40.748526,-73.857732,Q23
202708,HAROLD ST/BRADLEY AV,40.601268,-74.131476,S61 S91
550853,BEACH CHANNEL DR/BEACH 40 ST,40.595969,-73.772556,Q22
500869,NORTHERN BLVD/194 ST,40.757837,-73.787138,Q12
500101,HOLLIS AV/190 ST,40.709793,-73.769106,Q3
200747,FRANKLIN AV/PROSPECT AV,40.639698,-74.091097,S42
901708,FARRAGUT RD/E 105 ST,40.650608,-73.89787,T426
552158,VERNON BLVD/31 AV,40.769487,-73.935518,Q103
552297,147 AV /HUXLEY ST,40.657435,-73.741759,Q111
403733,W 79 ST/AMSTERDAM AV,40.783057,-73.977883,M79+ M79-SBS
502554,108 ST/NORTHERN BLVD,40.757448,-73.861042,Q23
500157,FARMERS BLVD/ROCKAWAY BLVD,40.659841,-73.773244,Q3 Q77
550659,21 ST/QUEENS PLAZA NORTH,40.752749,-73.943534,Q66 Q69
402379,E 59 ST/LEXINGTON AV,40.761984,-73.967743,Q32 QM2 QM20
500132,HOLLIS AV/211 ST,40.708968,-73.747226,Q2
553066,89 ST/30 AV,40.762105,-73.87986,Q49
551861,NORTHERN BLVD/54 ST,40.753183,-73.907161,Q63 Q66
203002,WOODROW RD/VINELAND AV,40.543643,-74.196718,S56 SIM2 SIM4C SIM8
505185,ROOSEVELT AV/UNION ST,40.759982,-73.828601,Q15
203382,SOUTH AV/AMADOR ST,40.623568,-74.167591,S46 S96
203949,BLOOMINGDALE RD/PEMBROOK LOOP,40.536416,-74.21816,S55
505042,14 AV/142 ST,40.786642,-73.827676,Q76
501158,150 ST/27 AV,40.773925,-73.815174,Q15
982097,62 DR/108 ST,40.735761,-73.850749,Q38
551064,78 AV/81 ST,40.705468,-73.86797,Q29
202685,MORNINGSTAR RD/WALKER ST,40.631046,-74.147063,S44 S89 S94
550093,ROCKAWAY BLVD/142 ST,40.674005,-73.798488,Q7
805116,lincoln tnl ap/lincoln tnl ap,40.758765,-73.997905,SIM22 SIM23 SIM24 SIM25 SIM26 SIM30
550036,JAMAICA AV /160 ST,40.703739,-73.799588,Q6
552166,BROADWAY/14 ST,40.766193,-73.933631,Q104
450069,MAIN ST/546 MAIN ST,40.761767,-73.949753,Q102
203088,VICTORY BLVD/RIDGEWAY AV,40.595995,-74.183509,S62 S92
202577,SAINT GEORGE FERRY/RAMP D S40 & S90,40.643379,-74.074135,S40 S90
203965,FATHER CAPODANNO BLVD/WENTWORTH AV,40.588357,-74.068825,S51 S52 S81
501541,46 AV/170 ST,40.753849,-73.797445,Q26 Q27
552208,88 AV /PARSONS BLVD,40.706713,-73.802335,Q110 Q24
201719,BROADWAY/WAYNE ST,40.638158,-74.11776,S54
203225,VANDERBILT AV/BAYLEY SETON HOSPITAL,40.621337,-74.074803,S76
405489,MADISON AV/E 67 ST,40.768789,-73.967515,M66 M72
501408,188 ST/GRAND CENTRAL PKWY,40.721251,-73.776643,Q17
901808,OCEAN AV/NECK RD,40.596411,-73.950879,T464
200316,CASTLETON AV/HEBERTON AV,40.635011,-74.132408,S46 S53 S66
200163,FATHER CAPODANNO BLVD/DOTY AV,40.592341,-74.063934,S51
201321,WILLOWBROOK RD/HOUSTON ST,40.622636,-74.144408,S57
203855,ROSSVILLE AV/WOOD CT,40.549168,-74.211048,S74 S84
551124,83 ST/ASTORIA BLVD,40.764641,-73.886013,Q33
504259,METROPOLITAN AV/FRESH POND RD,40.712618,-73.899752,Q38 Q54 Q67
203104,FATHER CAPODANNO BLVD/ATLANTIC AV,40.586862,-74.069839,S51 S52 SIM5 SIM6 SIM9
504434,MYRTLE AV/114 ST,40.700562,-73.83632,Q55
552342,GUY R BREWER BLVD/SAYRES AV,40.689516,-73.785983,Q111 Q113 Q114 Q115
500332,LIBERTY AV/184 ST,40.704935,-73.773174,Q83 QM64
203426,MIDLAND AV/PATTERSON AV,40.571202,-74.090898,S51 S81 SIM5 SIM6 SIM9
203419,ARLINGTON PL/NORTHFIELD AV,40.635946,-74.168562,S48 S98
502699,FRANCIS LEWIS BLVD/45 RD,40.756337,-73.782441,Q76
401557,E 9 ST/2 AV,40.729413,-73.987642,M8
502065,HILLSIDE AV/88 AV,40.731721,-73.741113,Q43
201504,FOREST AV/NORTH BURGHER AV,40.629204,-74.113461,S48
203039,BROADWAY/CLOVE RD,40.623324,-74.113501,S53
901698,MARCY AV/WILLOUGHBY AV,40.693973,-73.948858,T403
701040,LINDEN BLVD/132 ST,40.681853,-73.809345,Q51
550630,ASTORIA BLVD/92 ST,40.763248,-73.877467,Q19 Q49
551339,75 PL/65 DR,40.716623,-73.878994,Q38
553233,GUY R BREWER BLVD/147 AV,40.660206,-73.767839,Q113 Q114
501554,HOLLIS COURT BLVD/56 AV,40.746643,-73.78036,Q26
551111,80 ST/77 RD,40.705971,-73.868836,Q29
200713,CLOVE RD/VICTORY BLVD,40.616595,-74.103516,S53 SIM30 SIM35
403494,E 65 ST/5 AV,40.767811,-73.969931,M66 M72
500167,FARMERS BLVD/WESTGATE ST,40.674719,-73.763597,Q3 QM65
501388,HORACE HARDING EXPWY/164 ST,40.738038,-73.804141,Q17 Q88
200582,VICTORY BLVD/ALBERT ST,40.614192,-74.111375,S61 S62 S66
401930,W 86 ST/BROADWAY,40.788358,-73.97679,M86+ M86-SBS
550251,SUTTER AV/85 ST,40.675701,-73.851365,Q112
902261,WESTCHESTER AV/METROPOLITAN AV,40.833596,-73.860612,T103
502763,FRANCIS LEWIS BLVD/HORACE HARDING EXPWY NORTH,40.743941,-73.776188,Q76
552151,VERNON BLVD/34 AV,40.765663,-73.940014,Q103
201965,VICTORY BLVD/SHERADEN AV,40.611838,-74.138092,S62 S92 S93
500510,MERRICK BLVD/116 AV,40.688638,-73.77672,Q5
501078,NORTHERN BLVD/159 ST,40.763424,-73.806646,Q12 Q28
203718,RICHMOND RD/NORDEN ST,40.593064,-74.100711,S76 S86
550082,ROCKAWAY BLVD/LEFFERTS BLVD,40.676043,-73.819312,Q37 Q7
201269,JERSEY ST/CASTLETON AV,40.636469,-74.085514,S52
553199,80 ST/PENELOPE AV,40.719242,-73.874704,Q47
202939,ANNADALE RD/TYNAN ST,40.562548,-74.177515,S55
805140,HYLAN BLVD/HUGUENOT AV,40.523831,-74.18625,S59
551293,ELIOT AV/74 ST,40.722203,-73.885502,Q14 QM24 QM25 QM34
203515,NEW DORP LN/2 ST,40.575164,-74.118783,S76 S86
505510,VERNON BLVD/44 DR,40.748976,-73.952114,Q103
402048,E 29 ST/1 AV,40.740788,-73.975905,M9
202652,CEDAR GROVE AV/WAVE CREST AV,40.563477,-74.098539,S76 S86
201494,FOREST AV/LIVERMORE AV,40.624171,-74.137473,S48
201936,VICTORY BLVD/BURKE AV,40.593141,-74.188114,S62 S92
503283,JAMAICA AV /168 ST,40.706358,-73.79217,Q110
200652,CLOVE RD/MILFORD DR,40.610378,-74.097613,S53
500917,NORTHERN BLVD/189 ST,40.757827,-73.792565,Q12 Q13
552371,147 AV /230 ST,40.657919,-73.751833,Q111
500184,FARMERS BLVD/109 AV,40.703714,-73.766632,Q3
502095,HILLSIDE AV/COMMONWEALTH BLVD,40.734542,-73.72166,Q43 QM68
551841,JEWEL AV/161 ST,40.732107,-73.808141,Q64 QM4 QM44
203012,RICHMOND RD/ROSE AV,40.575129,-74.121273,S57 S74
503999,VAN WYCK SOUTH SERVICE RD/BUILDING 90,40.644892,-73.799723,Q3
552414,WALTHAM ST /LIBERTY AV,40.69541,-73.80507,Q112
551475,LAKEWOOD AV/REMINGTON ST,40.68873,-73.804479,Q40 Q41
500879,NORTHERN BLVD/217 ST,40.760953,-73.764371,Q12
503983,73 AV/CLEARVIEW EXPWY,40.737411,-73.769372,Q88
801101,MYRTLE AV/BROADWAY,40.696984,-73.935546,M90
500476,120 AV/232 ST,40.686843,-73.731845,Q84
551766,COLLEGE POINT BLVD/123 ST,40.773561,-73.845946,Q26
552550,176 ST/137 AV,40.673537,-73.76532,QM21
501050,BELL BLVD/28 AV,40.777099,-73.775636,Q13 Q31
203690,BAY ST/NAUTILUS ST,40.610387,-74.063307,S51
551152,JACOB RIIS PARK RD/BATH HOUSE,40.566954,-73.870169,Q35
500892,PEMBROKE AV/GLENWOOD ST,40.771718,-73.73325,Q12
502075,HILLSIDE AV/COMMONWEALTH BLVD,40.734437,-73.721301,Q43 QM68
200053,RICHMOND TERR/SAINT PETERS PL,40.648358,-74.084593,S40 S44
404940,WEST HOUSTON ST/VARICK ST,40.728569,-74.004612,SIM33 SIM7 SIM9
701034,THOMSON AV/30 ST,40.745111,-73.937136,Q39
200848,HENDERSON AV/PELTON AV,40.63766,-74.111097,S44
202885,ARDEN AV/FOREST GREEN,40.555974,-74.19462,S56
553417,95 AV/LIVERPOOL ST,40.697831,-73.80785,Q24
501948,JERICHO TPKE/250 ST,40.726761,-73.715381,Q110 Q36
202206,RICHMOND RD/LINCOLN AV,40.581102,-74.112641,S74 S76 S86
552981,NORTHERN BLVD/126 PL,40.761148,-73.844635,Q19 Q66
552281,ROSEDALE RD /LONGVIEW AV,40.651713,-73.718045,Q111
350178,LIBERTY AV /FORBELL ST,40.679215,-73.864127,Q8
202720,MERRYMOUNT ST/TRAVIS AV,40.590638,-74.158899,S61 S91
401919,E 86 ST/1 AV,40.776884,-73.949159,M86+ M86-SBS
200247,WALLOON ST/MAPLE PKWY,40.632411,-74.156603,S46 S96
551609,BEACH 116 ST/ROCKAWAY BEACH BLVD,40.580343,-73.837347,Q53+ Q53-SBS
203092,VICTORY BLVD/SILVER LAKE APARTMENTS,40.620898,-74.098292,S61 S62 S66 S91 S92 SIM30
201433,WILLOWBROOK RD/FOREST AV,40.624863,-74.143937,S57
904021,TOTTEN AV/CROSS ISLAND PKWY,40.791352,-73.780952,Q13 Q16
505022,COLLEGE POINT BLVD/15 AV,40.784029,-73.845901,Q20 Q26
200439,RICHMOND AV/JULES DR,40.618288,-74.155597,S44 S59 S94
201505,FOREST AV/BEMENT AV,40.629678,-74.110893,S48 SIM30
200211,OLYMPIA BLVD/MCLAUGHLIN ST,40.591569,-74.073911,S52
500948,LITTLE NECK PKWY/74 AV,40.747277,-73.718906,Q36
553460,MAIN ST/ROOSEVELT AV,40.759549,-73.829978,Q25
200335,BRABANT ST/GRANDVIEW AV,40.632202,-74.165083,S46 S96
551818,JEWEL AV/136 ST,40.728307,-73.829157,Q64 Q74 QM4 QM44
501262,WILLETS POINT BLVD/19 AV,40.781169,-73.801337,QM20
805043,NONSTOP/FOR LTD SERVICE,40.634626,-74.111968,S96
501575,PARSONS BLVD/BEECH AV,40.757771,-73.818731,Q26 Q27
200192,BAY ST/SAINT MARYS AV,40.616021,-74.067658,S51
250028,WOODROW RD/CARLTON BLVD,40.552176,-74.185984,SIM8
551853,35 AV/31 ST,40.758283,-73.928616,Q66
552265,PENINSULA BLVD/CHURCH AV,40.632211,-73.725242,Q111
200488,NELSON AV/AMBOY RD,40.549872,-74.150666,S54 SIM5 SIM6
505015,20 AV/132 ST,40.781708,-73.835792,Q20
405557,6 AV/ W 13 ST,40.737241,-73.99687,X28
307780,SHORE RD/83 ST,40.627897,-74.039898,X27 X37
503331,QUEENS BLVD/45 ST,40.743539,-73.919773,Q32 Q60
505300,HILLSIDE AV/182 PL,40.713574,-73.779821,Q3 Q76
503585,CORPORAL KENNEDY ST/23 AV,40.778834,-73.782979,Q28
901804,OCEAN AV/FLATBUSH AV,40.662972,-73.962536,T464
553316,49 ST/NORTHERN BLVD,40.75371,-73.913455,Q104
505509,VERNON BLVD/46 RD,40.746145,-73.952886,Q103
400834,RIVERSIDE DR/W 116 ST,40.808776,-73.966007,M5
551113,80 ST & MYRTLE AV,40.703063,-73.868319,Q29
308218,METROPOLITAN AV/STEWART AV,40.71405,-73.927647,Q54
805067,NARROWS RD NORTH/TARGEE ST,40.608731,-74.088212,S93
503033,UNION TPKE/252 ST,40.743622,-73.718149,Q46 Q48 QM36 QM6
502009,SAYRES AV/178 ST,40.697115,-73.775923,Q42
350231,PITKIN AV /EUCLID AV,40.675357,-73.872065,Q8
551927,21 ST/JACKSON AV,40.744561,-73.948451,Q67
502418,QUEENS BLVD/78 CRES,40.714778,-73.831231,Q45 Q46 Q48
550821,BEACH 19 ST/PLAINVIEW AV,40.597998,-73.752821,Q22
551093,82 ST/ROOSEVELT AV,40.747317,-73.883934,Q29
503764,FARMERS BLVD/NELLIS ST,40.683676,-73.760558,Q3
550587,69 ST/CALAMUS AV,40.734865,-73.895887,Q18
201115,HYLAN BLVD/HAMDEN AV,40.578991,-74.101453,S78
203068,MAIN ST/CRAIG AV,40.510153,-74.248063,S78
400641,FORT WASHINGTON AV/W 187 ST,40.854822,-73.937062,M4 M98
203643,DELAFIELD AV/CLOVE RD,40.629154,-74.123257,S54
202279,FOSTER RD/RAMONA AV,40.536728,-74.205033,S56 SIM25
200785,WESTERVELT AV/SAINT MARKS PL,40.646393,-74.08655,S42 S52
503588,UNION TPKE/248 ST,40.74237,-73.721637,Q46 Q48 QM36 QM6
201029,HYLAN BLVD/HAMDEN AV,40.579307,-74.10069,S78
982154,JACOB RIIS PARK RD/BATH HOUSE STOP,40.566123,-73.872624,QM16
502246,PARSONS BLVD/WILLETS POINT BLVD,40.777252,-73.824321,Q20
200180,BAY ST/GRANT ST,40.632902,-74.075587,S51 S74 S76
200074,RICHMOND TERR/SHARPE AV,40.640316,-74.136549,S40
201549,FOREST AV/PELTON AV,40.630133,-74.109103,S48
200698,HYLAN BLVD/STEUBEN ST,40.598576,-74.078051,S53 S78
500486,120 AV/234 ST,40.686698,-73.730818,Q84
551654,QUEENS BLVD/68 DR,40.724188,-73.849989,Q60
552115,ASTORIA BLVD/27 AV,40.772386,-73.926434,Q19
553047,ROCKAWAY BEACH BLVD/BEACH 129 ST,40.57601,-73.847774,Q35
551887,NORTHERN BLVD/JUNCTION BLVD,40.756875,-73.874178,Q63 Q66
200786,WESTERVELT AV/CLEVELAND ST,40.644665,-74.085164,S42 S52
201289,SAND LN/HYLAN BLVD,40.598237,-74.072091,S52 S53
202305,ANNADALE RD/AMBOY RD,40.536135,-74.180643,S55
500115,HOLLIS AV/216 ST,40.710178,-73.742237,Q2
201283,TOMPKINS AV/HYLAN BLVD,40.611259,-74.071111,S52
450040,MADISON AV/E 41 ST,40.752415,-73.97947,SIM11 SIM6
553246,135 AV/142 ST,40.668177,-73.796835,Q40
505455,MERRICK BLVD/222 ST,40.678398,-73.747554,Q5 Q86 Q87
553373,WOODHAVEN BLVD/MYRTLE AV,40.702436,-73.855474,Q52+ Q52-SBS Q53+ Q53-SBS
552329,GUY R BREWER BLVD/130 AV,40.67644,-73.778158,Q115
552949,YELLOWSTONE BLVD/JUNO ST,40.716971,-73.857362,QM12 QM42
500572,BROOKVILLE BLVD/137 AV,40.669517,-73.736194,Q5 Q86
503396,JAMAICA AV/LEFFERTS BLVD,40.700092,-73.830212,Q56
502389,UNION TPKE/BELL BLVD,40.734386,-73.755593,Q46 Q48 QM36 QM6
501936,JAMAICA AV/220 ST,40.718992,-73.734138,Q36
904994,FULTON ST/VAN SINDEREN AV,40.677912,-73.903567,T433
503575,82 ST/34 AV,40.753515,-73.885123,Q32
500374,LINDEN BLVD/172 ST,40.691805,-73.778258,Q4 Q51
203461,HOWARD AV/CAMPUS RD,40.615556,-74.096408,S66
200992,HYLAN BLVD/HOLDRIDGE AV,40.527952,-74.164466,S59 S78
502574,108 ST/37 AV,40.754083,-73.860225,Q23
551081,90 ST/53 AV,40.73822,-73.87355,Q29
551404,FOREST AV/BLEECKER ST,40.710482,-73.905053,Q14 Q39
200538,VICTORY BLVD/TODT HILL RD,40.613306,-74.118905,S61 S62 S66
502796,FRANCIS LEWIS BLVD/99 AV,40.712722,-73.753582,Q77
501682,47 AV/196 ST,40.752671,-73.785265,Q27 Q31
552363,PARSONS BLVD /88 AV,40.706813,-73.802355,Q111 Q115
501363,KISSENA BLVD/ASH AV,40.755069,-73.824052,Q17 Q25
805117,goethals bridge app/goethals bridge app,40.630214,-74.186743,SIM30
550177,101 AV /131 ST,40.692751,-73.816049,Q8
505261,39 AV/MAIN ST,40.760329,-73.82974,Q17 Q65
203973,SEAVIEW HOSPITAL/PARK LN,40.592386,-74.130793,S54 S57
502979,HORACE HARDING EXPWY/136 ST,40.743229,-73.830134,Q88
551452,142 ST/FOCH BLVD,40.67866,-73.799592,Q40
505029,20 AV/POSTAL FACILITY,40.781566,-73.827495,Q20
403373,FORT WASHINGTON AV/W 168 ST,40.8419,-73.942467,M4
404194,W 179 ST/WADSWORTH AV,40.848514,-73.935778,M98
201732,MANOR RD/MAINE AV,40.620679,-74.123709,S54
203663,SEAVIEW HOSPITAL/DR E ROBITZEK BUILDING,40.591421,-74.132451,S54 S57
500393,LINDEN BLVD/219 ST,40.695262,-73.740792,Q4
504357,MYRTLE AV/WOODHAVEN BLVD,40.702613,-73.855012,Q55
551056,PARSONS BLVD/76 RD,40.724268,-73.810673,Q25
500855,SANFORD AV/147 ST,40.759789,-73.816948,Q65
202626,FINGERBOARD RD/NARROWS RD SOUTH,40.603748,-74.069335,S52
450075,CHURCH ST/DUANE ST,40.716228,-74.006778,X27 X28
200915,MORNINGSTAR RD/DAVID PL,40.629588,-74.147521,S44 S94
503656,ATLANTIC AV/114 ST,40.692876,-73.83172,Q24
307861,GRAND ST/GRAND ST BRIDGE,40.716201,-73.923685,Q59
552925,WHITESTONE EXPWY/14 AV,40.786603,-73.82459,Q50 QM2 QM32
200041,RICHMOND TERR/JERSEY ST,40.646853,-74.088536,S40 S44 S90
203450,ARTHUR KILL RD/KREISCHER ST,40.532202,-74.239192,S74 S84
901817,coney island av/roder av,40.615958,-73.963385,T464
904006,TEARDROP/LAYOVER,40.701315,-73.802927,Q4 Q5 Q85 Q86 Q87 Q89
553425,CROSS BAY BLVD/149 AV,40.670401,-73.842541,Q11 Q41
401543,SAINT MARKS PL/2 AV,40.728611,-73.987848,M8
551628,QUEENS BLVD/65 PL,40.740733,-73.899812,Q60
550527,30 AV/31 ST,40.766737,-73.921327,Q18
552467,MOTT AV /ROCKAWAY TPKE,40.619561,-73.732591,Q114
502839,SPRINGFIELD BLVD/120 AV,40.691119,-73.746219,Q27 Q77
203699,HYLAN BLVD/REID AV,40.594539,-74.086274,S78
982247,ROOSEVELT AV/MAIN ST,40.759307,-73.830749,Q19 Q63 Q66
904996,MOTT AV/BEACH 22 ST,40.604743,-73.754038,Q121 Q97
308592,WEST 20 ST/MERMAID AV,40.57657,-73.986851,X38
503723,BELL BLVD/35 AV,40.768875,-73.773635,Q13 Q31
500684,NORTH CONDUIT AV/230 PL,40.666501,-73.745136,Q85 Q89
550017,SUTPHIN BLVD/116 AV,40.682863,-73.792551,Q6
551468,LAKEWOOD AV/LIVERPOOL ST,40.691792,-73.801567,Q41
553205,80 ST/ELIOT AV,40.725186,-73.879194,Q47
202787,CLOVE RD/FOOTE AV,40.613358,-74.100531,S53 S66
551549,80 ST/54 AV,40.730753,-73.883937,Q47
203534,ROSSVILLE AV/POND ST,40.551878,-74.211891,S74 SIM25
200892,CARY AV/NORTH BURGHER AV,40.63306,-74.114051,S44
553358,WOODHAVEN BLVD/91 AV,40.68992,-73.85024,Q52+ Q52-SBS Q53+ Q53-SBS
200662,HYLAN BLVD/KRAMER ST,40.598016,-74.076208,S53 S78
201964,VICTORY BLVD/MARTIN AV,40.611512,-74.139824,S62 S92 S93
503591,132 ST/JAMAICA AV,40.702222,-73.820361,Q54
504404,QUEENS BLVD/59 AV,40.734028,-73.870895,Q53+ Q53-SBS Q59 Q60 Q98
201611,TARGEE ST/STEUBEN ST,40.610909,-74.086061,S74 S76
405215,E 60 ST/LEXINGTON AV,40.7629,-73.967616,Q32
552346,GUY R BREWER BLVD/BRINKERHOFF AV,40.693265,-73.788925,Q115
904036,QUEENS BLVD/78 AV,40.714599,-73.832013,T300
504346,MYRTLE AV/FREEDOM DR,40.701998,-73.850375,Q55
401852,W 42 ST/9 AV,40.75867,-73.992979,M42
553165,ASTORIA BLVD/31 DR,40.760712,-73.86144,Q19
553135,157 AV/COHANCY ST,40.663325,-73.835688,Q11 QM15
550044,SUTPHIN BLVD/ARLINGTON TERR,40.692378,-73.798775,Q6
403608,WEST END AV/W 69 ST,40.777706,-73.985853,M57
403955,W 49 ST/12 AV,40.766193,-73.997183,M50
200064,RICHMOND TERR/BROADWAY,40.640637,-74.117952,S40
550776,ROCKAWAY BEACH BLVD/BEACH 81 ST,40.587929,-73.807048,Q22
504263,METROPOLITAN AV/71 ST,40.7122,-73.883985,Q54
901081,PATCHEN AV/LAFAYETTE AV,40.692386,-73.927876,Q24
902258,BRUCKNER BLVD/HUNTS POINT AV,40.820267,-73.890887,T102
203608,SOUTH GANNON AV/WILLOWBROOK RD,40.607592,-74.147015,SIM32 SIM33 SIM33C
552440,CORNAGA AV /ROSE ST,40.603393,-73.746378,Q113 Q114
500481,LAURELTON PKWY/129 AV,40.679762,-73.729944,Q84
553339,MYRTLE AV/PARK LN SOUTH,40.701142,-73.841187,Q37
552284,FRANCIS LEWIS BLVD/147 DR,40.655105,-73.726483,Q111 QM63
200622,HOWARD AV/SETH CT,40.618179,-74.094099,S66
504209,ATLANTIC AV/90 ST,40.687185,-73.852716,Q24
201713,WAYNE ST/NORTH BURGHER AV,40.638243,-74.115277,S54
203026,HAROLD ST/WASHINGTON AV,40.600908,-74.135988,S61 S91
504418,ASTORIA BLVD/49 ST,40.767425,-73.902214,Q19
552037,STEINWAY ST/NORTHERN BLVD,40.75267,-73.924336,Q101
550118,ROCKAWAY BLVD/142 ST,40.674307,-73.799117,Q7
200010,RICHMOND TERR/ANDROS AV,40.63791,-74.162089,S40
502013,174 ST/109 AV,40.699076,-73.781189,Q42
501098,UNION ST/PARSONS BLVD,40.776636,-73.824526,Q20 Q61 QM2 QM20
552313,147 AV /GUY R BREWER BLVD,40.660255,-73.76771,Q111 Q77
404991,6 AV/W 18 ST,40.739649,-73.995098,M55 M7
501876,UTOPIA PKWY/50 AV,40.744161,-73.79267,Q31
553062,35 AV/76 ST,40.75126,-73.890488,Q49
503333,QUEENS BLVD/41 ST,40.743971,-73.923443,Q32 Q60 T320
550067,NORTH BOUNDARY RD/OLD ROCKAWAY BLVD,40.657251,-73.771957,Q6
200461,RICHMOND AV/DRUMGOOLE RD EAST,40.559005,-74.169565,S59
401570,CHRISTOPHER ST/WASHINGTON ST,40.732666,-74.009067,M8
201087,TOMPKINS AV/TOWNSEND AV,40.61864,-74.075755,S52 S78
405422,E 125 ST/MADISON AV,40.805531,-73.940279,M60+ M60-SBS
550097,ROCKAWAY BLVD/150 ST,40.672929,-73.788214,Q7
203938,RICHMOND TERR/MORNINGSTAR RD,40.637941,-74.145104,S40
500320,MURDOCK AV/204 ST,40.700874,-73.751529,Q83
202881,SAINT GEORGE FERRY/RAMP C S48 & S98,40.643471,-74.073406,S48 S98
550706,DITMARS BLVD/31 ST,40.775832,-73.910318,Q69
203508,CLOVE RD/MOSEL AV,40.60502,-74.084668,S53
805160,richmond av/sumner av,40.608682,-74.14817,SIM4
202053,VICTORY BLVD/BURKE AV,40.593229,-74.188259,S62 S92
500014,HILLSIDE AV/195 PL,40.717362,-73.767011,Q76
404855,RIVERSIDE DR/W 89 ST,40.791532,-73.979122,M5
304850,GRAND ST/BEDFORD AV,40.71436,-73.961133,Q59
553337,BEACH CHANNEL DR/BEACH 54 ST,40.595057,-73.786161,Q22
103374,BRUSH AV/BRUCKNER BLVD,40.828267,-73.840953,Q44+ Q44-SBS Q50
505032,QUEENS BLVD/87 AV,40.706155,-73.816825,Q20 Q60
502855,FRANCIS LEWIS BLVD/89 AV,40.719542,-73.758153,Q77
403830,W 42 ST/AV OF THE AMERICAS,40.754994,-73.984277,M42 SIM22 SIM25 SIM26 SIM30 SIM8
550486,155 AV/89 ST,40.666437,-73.845615,Q11 Q41 QM15
200889,HENDERSON AV/BEMENT AV,40.637634,-74.112337,S44 S94
551732,164 ST/69 AV,40.732993,-73.805199,QM4 QM44
201484,FOREST AV/HARBOR PLAZA,40.626756,-74.163492,S48 S98
501329,188 ST/HENLEY RD,40.717781,-73.774797,Q17
203762,FOREST AV/SOUTH AV,40.62766,-74.167776,S40 S90
203541,DECKER AV/PALMER AV,40.630573,-74.13424,S57
501496,HORACE HARDING EXPWY/PECK AV,40.742323,-73.782635,Q30 Q75
500965,LITTLE NECK PKWY/MARATHON PKWY,40.770683,-73.738381,Q36
505323,NORTHERN BLVD/44 ST,40.753872,-73.91859,Q66
202263,ARTHUR KILL RD/YETMAN AV,40.513943,-74.247145,S78
901712,SNEDIKER AV/LIVONIA AV,40.663847,-73.899517,T426
203582,HUGUENOT AV/ DRUMGOOLE RD EAST,40.53452,-74.193212,SIM2 SIM24
552046,STEINWAY ST/31 AV,40.761485,-73.916871,Q101
250054,HYLAN BLVD/CANNON BLVD,40.565114,-74.114835,SIM1 SIM10 SIM11 SIM1C SIM5 SIM6 SIM7 SIM9
201013,HYLAN BLVD/CHESTERTON AV,40.55801,-74.126335,S78
403606,W 72 ST/COLUMBUS AV,40.777403,-73.979019,M72
200202,CLOVE RD/CLOVE LAKE PARK,40.61928,-74.10651,S53
550931,32 AV/103 ST,40.759476,-73.866413,Q14
203151,EBBITTS ST/FINLEY AV,40.561824,-74.105407,S76
805173,VETERANS RD EAST/BLOOMINGDALE RD,40.548058,-74.220095,SIM26
401922,E 86 ST/LEXINGTON AV,40.779905,-73.956476,M86+ M86-SBS
903095,TRINITY PL/RECTOR ST,40.707875,-74.012754,SIM15
503864,108 ST/VAN CLEEF ST,40.74094,-73.853603,Q23 Q58
201190,HYLAN BLVD/CUNNINGHAM RD,40.509054,-74.221357,S59 S78
503959,SUNRISE HWY/HOOK CREEK BLVD,40.665647,-73.730322,Q5 Q89
550629,ASTORIA BLVD/89 ST,40.764054,-73.880249,Q19
804209,31 ST/40 AV,40.751714,-73.933743,Q108
553383,UNION TPKE/CRESCENT APARTMENTS,40.707053,-73.854282,Q23
403593,E 60 ST/MADISON AV,40.764419,-73.971135,Q32
501956,JAMAICA AV/222 ST,40.720172,-73.732738,Q110 Q36
502332,UNION TPKE/226 ST,40.736106,-73.744601,QM36 QM6
550223,LINCOLN ST /115 AV,40.68032,-73.807763,Q9
503420,JAMAICA AV/LEFFERTS BLVD,40.700093,-73.830843,Q56
550145,PITKIN AV/79 ST,40.676743,-73.85812,Q112
550240,LINCOLN ST/LINDEN BLVD,40.682467,-73.807854,Q9
403996,E 68 ST/YORK AV,40.764352,-73.955868,M66
552205,47 ST/QUEENS BLVD,40.743387,-73.917641,Q104
501680,47 AV/FRANCIS LEWIS BLVD,40.753312,-73.780993,Q27 Q31
200319,CASTLETON AV/NICHOLAS AV,40.63624,-74.139948,S46 S96
552967,ROOSEVELT AV /UNION ST,40.760413,-73.826593,Q12
403610,W 72 ST/CENTRAL PARK WEST,40.77647,-73.976318,M72
550401,102 ST /158 AV,40.662198,-73.831878,Q11
501613,48 AV/208 ST,40.754331,-73.772385,Q27 Q31
203016,HYLAN BLVD/NAUGHTON AV,40.584066,-74.09507,S78
503102,GREEN ACRES RD/SIDNEY PL,40.661713,-73.714693,Q5 Q87 Q89
553038,JAMAICA AV/198 ST,40.713617,-73.76084,Q110
202907,FOSTER RD/WOODROW RD,40.541476,-74.20707,S56
502804,FRANCIS LEWIS BLVD/MURDOCK AV,40.701211,-73.748601,Q77
402037,AVENUE C/E 5 ST,40.723008,-73.979516,M9
551207,111 ST/LIBERTY AV,40.684735,-73.831004,Q37
550742,28 ST/QUEENS PLAZA SOUTH,40.749388,-73.939517,Q66
553143,LINDEN BLVD/MERRICK BLVD,40.691625,-73.77934,QM63
500560,MERRICK BLVD/233 ST,40.674878,-73.737057,Q5 Q86 Q87 QM63 QM65
551601,LAGUARDIA AIRPORT/TERMINAL A,40.772839,-73.886174,Q33
202241,ARTHUR KILL RD EAST/VETERANS RD EAST,40.556689,-74.203998,S74 S84
501269,CROSS ISLAND PKWY/ESTATES LN,40.78885,-73.786804,Q16 QM2 QM32
552924,WHITESTONE EXPWY/14 AV,40.786748,-73.823421,Q50 QM2 QM32
203130,CEDAR GROVE AV/GARIBALDI AV,40.561711,-74.100192,S76 S86
550888,69 AV/GROTON ST,40.717411,-73.851988,Q23
905148,west st/morris st,40.706862,-74.015765,SIM33C SIM3C SIM5
551484,164 AV/87 ST,40.650055,-73.84355,Q41
200596,JEWETT AV/FOREST AV,40.626199,-74.131223,S66
200181,BAY ST/WILLIAM ST,40.630639,-74.076703,S51 S74 S76
200034,RICHMOND TERR/BEMENT AV,40.642716,-74.113963,S40
502369,UNION TPKE/265 ST,40.749189,-73.708183,QM36 QM6
500661,SOUTH CONDUIT AV/BROOKVILLE BLVD,40.665183,-73.739844,Q85 Q89
550988,PARSONS BLVD/UNION TPKE,40.720209,-73.809019,Q25
200664,HYLAN BLVD/SAND LN,40.598439,-74.072503,S53 S78
805073,HYLAN BLVD/CORNELIA AV,40.522665,-74.18993,S55
503499,41 RD/COLLEGE POINT BLVD,40.755659,-73.833009,Q58
552170,BROADWAY/21 ST,40.765404,-73.931825,Q104
203733,NARROWS RD NORTH/TARGEE ST,40.608744,-74.088118,SIM15 SIM33C SIM35 SIM3C
500140,HOLLIS AV/195 ST,40.706816,-73.762718,Q2
501426,HOMELAWN ST/ASPEN PL,40.715945,-73.792432,Q31
501166,150 ST/15 DR,40.785497,-73.813593,Q15
250010,HUGUENOT AV/WOODROW RD,40.54356,-74.197329,SIM24
504551,LIJ MEDICAL RDWY/271 ST,40.755022,-73.706429,Q46
202664,HYLAN BLVD/PACIFIC AV,40.536319,-74.151798,S54 S78
505424,SANFORD AV/MAIN ST,40.75658,-73.828985,Q58 Q98
450042,MADISON AV/ E 55 ST,40.760919,-73.973269,QM21 SIM23 SIM24
200312,CASTLETON AV/BARKER ST,40.634238,-74.121612,S46 S53 S54
500663,243 ST/SOUTH CONDUIT AV,40.665081,-73.735897,Q85
200147,BAY ST/WATER ST,40.627083,-74.075818,S51 S76
200306,CASTLETON AV/BARD AV,40.634776,-74.106281,S46 S96
551273,JUNIPER VALLEY RD/74 ST,40.715317,-73.880145,Q38
504283,METROPOLITAN AV/LEFFERTS BLVD,40.705969,-73.831302,Q54
400029,MADISON AV/E 69 ST,40.770075,-73.966558,M72
202892,WOODROW RD/DESEREE AV,40.542466,-74.201226,S56
201172,HYLAN BLVD/WOODS OF ARDEN RD,40.530442,-74.158917,S59 S78 SIM22
500666,243 ST/WELLER AV,40.661324,-73.738673,Q85 Q86
500505,120 AV/177 ST,40.684827,-73.767762,Q84
450141,MAIN ST/10 RIVER RD,40.765055,-73.947006,Q102
503255,BELL BLVD/33 RD,40.771365,-73.774236,Q13 Q31
552255,JAMAICA AV/179 ST,40.708184,-73.782611,Q110
200045,RICHMOND TERR/STUYVESANT PL,40.646031,-74.078391,S40 S44
202700,TRAVIS AV/LEWISTON ST,40.58562,-74.149008,S61 S91 SIM31
503434,JAMAICA AV/WOODHAVEN BLVD,40.693813,-73.851904,Q56
401887,E 79 ST/MADISON AV,40.77623,-73.961824,M79+ M79-SBS
553281,MAIN ST/ROOSEVELT AV,40.759328,-73.830141,Q26 Q65
550790,BEACH CHANNEL DR/BEACH 63 ST,40.59299,-73.792563,Q22
501196,154 ST/14 AV,40.789133,-73.807732,Q61
203540,SAINT GEORGE FERRY/RAMP A S66,40.643096,-74.073716,S66
401929,W 86 ST/AMSTERDAM AV,40.787698,-73.974816,M86+ M86-SBS
202501,MILL RD/EBBITTS ST,40.564049,-74.110532,S57 S76 S86 SIM11
200843,CARY AV/BROADWAY,40.63264,-74.116408,S44 S94
552066,20 AV/47 ST,40.773272,-73.89732,Q100
200111,FATHER CAPODANNO BLVD/DELAWARE  AV,40.584319,-74.07228,S51 S52
982157,GATEWAY CENTER TERMINAL/GATEWAY DR,40.652712,-73.87623,Q8
201933,VICTORY BLVD/FELDMEYERS LN,40.588544,-74.19586,S62 S92 SIM32
201363,BRIELLE AV/ROANOKE ST,40.597129,-74.133157,S54 S57
200157,MIDLAND AV/RICHMOND RD,40.581943,-74.110041,S51
552056,STEINWAY ST/23 AV,40.771179,-73.908022,Q101
551978,48 ST/54 AV,40.730754,-73.919109,Q67
553402,BROADWAY/QUEENS BLVD,40.737366,-73.877457,Q53+ Q53-SBS
308097,CROPSEY AV/18 AV,40.602457,-74.007249,X28 X38
200050,RICHMOND TERR/WALL ST,40.644786,-74.076948,S40 S44
302081,ATLANTIC AV/ESSEX ST,40.678466,-73.882396,Q24
551034,7 AV/127 ST,40.790797,-73.84107,Q25
504183,ATLANTIC AV/ELDERT LN,40.683188,-73.865795,Q24
901195,Battery Pk Vi Park/Battery Pk Vi Park,40.704174,-74.016698,X37 X38
553229,21 ST/21 AV,40.782262,-73.914779,Q100
203206,VICTORY BLVD/SHENANDOAH AV,40.598347,-74.180199,S62 S92
505373,168 ST/JAMAICA BUS TERMINAL,40.707694,-73.792993,Q2 Q77
553299,LIBERTY AV/LEFFERTS BLVD,40.686157,-73.824263,Q112
501095,UNION ST/BAYSIDE AV,40.770004,-73.826504,Q16 Q20 Q44+ Q44-SBS
203642,HYLAN BLVD/CUNNINGHAM RD,40.508848,-74.221717,S59 S78
552936,YELLOWSTONE BLVD/67 AV,40.728622,-73.849109,QM12 QM42
551206,111 ST/107 AV,40.682317,-73.830033,Q37
503305,ROOSEVELT AV/58 ST,40.745337,-73.906245,Q32
501094,UNION ST/33 AV,40.767863,-73.826815,Q16 Q20
201109,HYLAN BLVD/SEAVIEW AV,40.586369,-74.092337,S78 S79+ S79-SBS
803057,W 66 ST/WEST END AV,40.775906,-73.986807,M66
551014,LINDEN PL/31 RD,40.76956,-73.832551,Q25 Q50
550805,BEACH CHANNEL DR/BEACH 101 ST,40.586112,-73.82314,Q22
552029,NORTHERN BLVD/41 AV,40.749864,-73.93587,Q101 Q102
903003,E 97 ST/1 AV,40.78421,-73.944775,M96
501626,SPRINGFIELD BLVD/67 AV,40.745445,-73.754961,Q27 QM35 QM5 QM8
202589,VICTORY BLVD/DINSMORE ST,40.604881,-74.170657,S62 S92 SIM32
500866,NORTHERN BLVD/UTOPIA PKWY,40.757693,-73.792527,Q12 Q13
982380,147 AV/184 ST,40.659724,-73.763957,Q111
202536,GRANDVIEW AV/FOREST AV,40.627571,-74.165353,S46 S96
401553,E 10 ST/AVENUE B,40.727049,-73.980214,M8
550539,HOBART ST/30 AV,40.759727,-73.90653,Q18
501666,SPRINGFIELD BLVD/58 AV,40.750423,-73.757622,Q27
804130,ROOSEVELT AV/MAIN ST,40.759443,-73.830299,T321
904981,JACKSON AV/45 AV,40.746754,-73.943413,T403
201645,VANDERBILT AV/OSGOOD AV,40.61762,-74.081448,S76 S86
302180,ATLANTIC AV/MILLER AV,40.676321,-73.89258,Q24
201556,FOREST AV/MANOR RD,40.627172,-74.125011,S48 S98 SIM30
551897,NORTHERN BLVD/114 ST,40.758177,-73.85581,Q63 Q66
201066,VAN DUZER ST/GRANT ST,40.633728,-74.076348,S74 S78
552013,94 ST/ASTORIA BLVD,40.76327,-73.875262,Q72
501939,JAMAICA AV/240 ST,40.723341,-73.727243,Q110 Q36
804178,MERRICK BLVD/JAMAICA AV,40.705943,-73.794059,Q17
404230,PARK ROW/ANN ST,40.711479,-74.007474,SIM15
401015,CENTRAL PARK SOUTH/COLUMBUS CIRCLE,40.767838,-73.981242,M5 M7
203381,SOUTH AV/FOREST AV,40.627206,-74.166797,S46 S96
550263,LINDEN BLVD/142 ST,40.684113,-73.801447,Q51 QM21 QM65
502825,SPRINGFIELD BLVD/145 AV,40.664984,-73.758307,Q77
500309,SPRINGFIELD BLVD/107 AV,40.710285,-73.737554,Q27
202184,VAN DUZER ST/HILLSIDE AV,40.615681,-74.087652,S74
501298,29 AV/167 ST,40.770916,-73.798235,Q16
201316,DECKER AV/CATHERINE ST,40.628544,-74.137093,S57
905107,HYLAN BLVD/RICHMOND AV,40.533357,-74.154253,S54
501333,188 ST/ABERDEEN RD,40.726148,-73.779632,Q17
502279,MAIN ST/77 RD,40.720345,-73.818638,Q20
500237,FARMERS BLVD/WESTGATE ST,40.674476,-73.763793,Q3 QM65
301856,GRAND ST/OLIVE ST,40.712412,-73.938816,Q54 Q59
551914,NORTHERN BLVD/86 ST,40.756076,-73.881901,Q63 Q66
982113,HOFFMAN DR /WOODHAVEN BLVD,40.733179,-73.871298,Q11 Q52+ Q52-SBS
550077,ROCKAWAY BLVD/109 ST,40.677768,-73.829852,Q7
502254,MAIN ST/NORTHERN BLVD,40.762644,-73.831887,Q20 Q25 Q26 Q50 Q61
553058,PARSONS BLVD/VILLAGE RD,40.717299,-73.808355,Q25
500460,120 AV/FARMERS BLVD,40.686342,-73.761302,Q84
200838,POST AV/GREENLEAF AV,40.631096,-74.127731,S44
504191,ATLANTIC AV/LEFFERTS BLVD,40.694028,-73.827505,Q24
551367,48 AV/VAN DAM ST,40.740909,-73.933882,Q39
501659,SPRINGFIELD BLVD/76 AV,40.739931,-73.750182,Q27 Q88
904251,JFK AIRPORT/TERMINAL 8,40.646928,-73.788956,Q3
202931,MARSH AV/RICHMOND HILL RD,40.584575,-74.160721,S61 S91
200974,HYLAN BLVD/RICHARD AV,40.508479,-74.223919,S59 S78 SIM2
550714,DITMARS BLVD/45 ST,40.771011,-73.90331,Q69
203411,McCLEAN AV/LILY POND AV,40.599129,-74.062971,S51
500071,HILLSIDE AV/212 ST,40.724529,-73.7545,Q1 Q36 Q43
553159,JAMAICA AV /162 ST,40.704541,-73.79764,Q9
500065,BRADDOCK AV/221 PL,40.729998,-73.7422,Q1
500433,MERRICK BLVD/LIBERTY AV,40.702433,-73.79054,Q5
203546,ARTHUR KILL RD/WINANT PL,40.536564,-74.237379,S74
200001,GOETHALS RD NORTH/PORT AUTHORITY ADMIN LOT,40.628713,-74.182687,S40
200245,BRABANT ST/LOCKMAN AV,40.631562,-74.161324,S46 S96
502831,SPRINGFIELD BLVD/EASTGATE PLAZA,40.675708,-73.755691,Q77
102205,E 138 ST/JACKSON AV,40.805059,-73.913099,T102
200251,WALKER ST/MORNINGSTAR RD,40.63109,-74.147139,S46 S96
500950,LITTLE NECK PKWY/260 ST,40.751799,-73.720882,Q36 Q48
202647,PORT RICHMOND AV/DIXON AV,40.62733,-74.142422,S59
201437,DECKER AV/CATHERINE ST,40.628805,-74.136452,S57
400678,CATHEDRAL PKWY/COLUMBUS AV,40.801508,-73.960792,M4
203364,HENDERSON AV/CLINTON AV,40.640343,-74.097485,S44
201737,MANOR RD/VICTORY BLVD,40.6132,-74.122715,S54
552395,LIBERTY AV /132 ST,40.690423,-73.814132,Q112
503568,LINDEN BLVD/235 ST,40.690775,-73.727416,Q4
553126,PARSONS BLVD/JAMAICA AV,40.703616,-73.800218,Q25 Q65
503913,FARMERS BLVD/LINDEN BLVD,40.691427,-73.762442,Q3
505551,QUEENS BLVD/NORTHERN BLVD,40.749242,-73.937485,Q32 Q60
502255,MAIN ST/38 AV,40.760944,-73.830907,Q17
551220,111 ST/JAMAICA AV,40.696703,-73.837199,Q37
404108,CHURCH ST/VESEY ST,40.712127,-74.010049,M55
504445,TOTTEN AV/CROSS ISLAND PKWY,40.791429,-73.781062,Q13 Q16
201648,VANDERBILT AV/VAN DUZER ST,40.61359,-74.086918,S76
304633,JAMAICA AV/CLEVELAND ST,40.683199,-73.886966,Q56
201687,BRIELLE AV/MANOR RD,40.598993,-74.123273,S54
203680,HYLAN BLVD/SPRATT AV,40.555157,-74.129799,S78
701006,ROCKAWAY BLVD/87 ST,40.683027,-73.853479,Q7
901088,SURF AV/W 37 ST,40.573337,-74.002189,X28 X38
552665,212 ST/15 AV,40.785408,-73.781506,QM2 QM32
201033,HYLAN BLVD/NAUGHTON AV,40.584095,-74.094779,S78
403377,FORT WASHINGTON AV/W 160 ST,40.836093,-73.944759,M4
553217,130 ST/133 AV,40.669975,-73.80935,Q10
200079,RICHMOND TERR/HOUSEMAN AV,40.637406,-74.148479,S40
502088,HILLSIDE AV/261 ST,40.737541,-73.707843,Q43 QM68
400659,BROADWAY/W 147 ST,40.827513,-73.949879,M4 M5
200787,CRESCENT AV/WESTERVELT AV,40.643348,-74.084503,S42 S52
401939,E 96 ST/MADISON AV,40.786986,-73.953853,M96
200200,LILY POND AV/MAJOR AV,40.600265,-74.064787,S51 S53
501090,MAIN ST/38 AV,40.760782,-73.83062,Q20 Q44+ Q44-SBS
400162,BROADWAY/FRANKLIN ST,40.717587,-74.003435,M55
403245,E 42 ST/LEXINGTON AV,40.751149,-73.975605,M42
502688,FRANCIS LEWIS BLVD/UNION TPKE,40.732118,-73.770197,Q76
202230,ARTHUR KILL RD/BROOKFIELD AV,40.56191,-74.159493,S74
501470,NASSAU BLVD/LITTLE NECK PKWY,40.764295,-73.725916,Q30
552421,LIBERTY AV /107 ST,40.683402,-73.834611,Q112
203737,NORWAY AV/SCOTT AV,40.592764,-74.078248,S52
502319,UNION TPKE/193 ST,40.730158,-73.777299,Q46 Q48 QM36 QM6
505206,COOPER AV/88 ST,40.710799,-73.86513,Q54
504279,METROPOLITAN AV/72 DR,40.709606,-73.84591,Q54
203389,SOUTH AV/AMADOR ST,40.624197,-74.167232,S46 S96
200055,RICHMOND TERR/JERSEY ST,40.646592,-74.089208,S40 S44 S90
503579,81 ST/37 AV,40.749915,-73.885156,Q32
552664,212 ST/15 AV,40.785585,-73.781514,QM2 QM32
200223,FATHER CAPODANNO BLVD/SEAVIEW AV,40.579032,-74.078173,S51 S81 SIM5 SIM6 SIM9
401875,E 79 ST/2 AV,40.773093,-73.9547,M79+ M79-SBS
553079,DITMARS BLVD/26 ST,40.778192,-73.913666,Q69
202275,FOSTER RD/AMBOY RD,40.52718,-74.201324,S56
202384,NEW DORP LN/FINLEY AV,40.566672,-74.102006,S76
500336,LIBERTY AV/177 ST,40.705371,-73.783023,Q83 QM64
400843,RIVERSIDE DR/W 91 ST,40.792862,-73.977067,M5
450422,WARREN ST/CHURCH ST,40.714219,-74.008232,M9
501743,211 ST/18 AV,40.781975,-73.781756,QM20
400988,BROADWAY/THAMES ST,40.708643,-74.011062,M55
551458,142 ST/LINDEN BLVD,40.684073,-73.801552,Q40
504528,HILLSIDE AV/248 ST,40.734967,-73.719681,Q43
551642,QUEENS BLVD/56 AV,40.735049,-73.874496,Q60
400645,FORT WASHINGTON AV/W 179 ST,40.849216,-73.939025,M4
200412,PORT RICHMOND AV/CATHERINE ST,40.630418,-74.139536,S44 S59 S94
801063,VAN SINDEREN AV/FULTON ST,40.678609,-73.903663,Q56
200823,MORNINGSTAR RD/WALKER ST,40.63103,-74.146901,S44 S89 S94
553160,WOODHAVEN BLVD/101 AV,40.684019,-73.846252,Q11 QM15
202785,HYLAN BLVD/SPRATT AV,40.555135,-74.129482,S78
203154,CEDAR GROVE AV/CEDAR GROVE CT,40.560793,-74.100856,S76
500984,LITTLE NECK PKWY/82 AV,40.739952,-73.715955,Q36
700883,BEACH 9 ST/HICKSVILLE RD,40.600165,-73.744947,Q114
552956,DITMARS BLVD/21 ST,40.780451,-73.916632,Q69
202608,HAMILTON AV/EGMONT PL,40.645116,-74.084195,S42 S52
503698,NORTH BOUNDARY RD/NORTH HANGAR RD,40.66037,-73.778685,Q3
405505,W 31 ST/6 AV,40.747801,-73.988889,M5
200837,POST AV/JEWETT AV,40.630954,-74.130779,S44 S94
505259,UNION TPKE/CROSS ISLAND PKWY,40.740802,-73.726326,Q46 Q48
505144,SPRINGFIELD BLVD/HEMPSTEAD AV,40.713446,-73.735698,Q27
501210,150 ST/BAYSIDE AV,40.771176,-73.815929,Q15
552249,HEMPSTEAD AV/217 LN,40.714056,-73.73856,Q82
553268,109 AV/LEFFERTS BLVD,40.682204,-73.822262,Q41
551000,KISSENA BLVD/JEWEL AV,40.73171,-73.815066,Q25
401533,W 10 ST/WAVERLY PL,40.734489,-74.001021,M8
901722,FULTON ST/VAN SINDEREN AV,40.677808,-73.903484,T430
202712,HAROLD ST/FOREST HILL RD,40.600801,-74.140079,S61 S91 SIM31
401883,E 79 ST/2 AV,40.773579,-73.955411,M79+ M79-SBS
504505,JERICHO TPKE/TULIP AV,40.727413,-73.709153,Q110
501257,FRANCIS LEWIS BLVD/169 ST,40.773429,-73.796141,Q76
550158,101 AV /88 ST,40.682504,-73.852089,Q8
203063,FOREST AV/HAMLIN PL,40.626407,-74.133731,S48
201272,CEBRA AV/WARD AV,40.632013,-74.083267,S52
202025,VICTORY BLVD/OCONNOR AV,40.611995,-74.138031,S62 S92 S93
982501,CROSS BAY BLVD/107 AV,40.678873,-73.844459,QM15
308278,W 17 ST/MERMAID AV,40.57652,-73.984838,X28 X38
505122,CORONA AV/91 PL,40.742408,-73.872918,Q29 Q58
503742,GRAND AV/61 ST,40.721939,-73.904314,Q59
203040,BROADWAY/COUGHLIN AV,40.624189,-74.113791,S53
200052,RICHMOND TERR/NICHOLAS ST,40.647438,-74.080753,S44
551708,HILLSIDE AV/PARSONS BLVD,40.707705,-73.802548,Q1 Q43
204061,5 ST/AMAZON FULFILLMENT CENTER,40.619015,-74.185269,S40 S90
404122,5 AV/E 67 ST,40.769033,-73.969649,M66 M72
552077,RIKERS ISLAND RDWY/RIKERS ISLAND,40.787425,-73.884459,Q100
201739,MANOR RD/SCHMIDTS LN,40.608528,-74.121205,S54
505489,36 AV/21 ST,40.759796,-73.936741,Q102
502351,UNION TPKE/263 ST,40.748449,-73.709044,Q46
551469,LAKEWOOD AV/LIVERPOOL ST,40.691636,-73.801939,Q41
503321,ROOSEVELT AV/69 ST,40.746409,-73.896646,Q32 T320
400837,RIVERSIDE DR/W 108 ST,40.803581,-73.969521,M5
550660,35 AV/80 ST,40.751575,-73.886372,Q49
701045,ROCKAWAY BLVD/95 AV,40.684107,-73.857852,Q7
503900,ROOSEVELT AV/COLLEGE POINT BLVD,40.758201,-73.833814,Q90
200297,CASTLETON AV/CEBRA AV,40.634635,-74.086666,S46 S52
551633,QUEENS BLVD/45 AV,40.740168,-73.894019,Q60
202887,ARDEN AV/CORRELL AV,40.552354,-74.19086,S56
500388,LINDEN BLVD/201 ST,40.69457,-73.751525,Q4
503300,QUEENS BLVD/46 ST,40.742964,-73.918617,Q32 Q60
551342,PENELOPE AV/79 ST,40.718927,-73.8756,Q38
902010,NERIED AV/WHITE PLAINS RD,40.898381,-73.854245,T117
552078,VERNON BLVD/36 AV,40.761774,-73.942716,Q103
401206,ESSEX ST/GRAND ST,40.716867,-73.989185,M9
550696,ROCKAWAY BEACH BLVD/BEACH 102 ST,40.583631,-73.823241,Q53+ Q53-SBS
502174,MAIN ST/60 AV,40.74304,-73.825468,Q20 Q44+ Q44-SBS
403504,E 67 ST/2 AV,40.76583,-73.961084,M66
200475,RICHMOND AV/SHIRLEY AV,40.536964,-74.15839,S59
505306,MERRICK BLVD/109 AV,40.697053,-73.783936,Q5
553389,BEACH CHANNEL DR/ROCKAWAY FERRY,40.583754,-73.832343,Q22 Q35
504363,MYRTLE AV/79 ST,40.702786,-73.871097,Q55
500958,LITTLE NECK PKWY/ANNANDALE LN,40.769138,-73.731564,Q36
551212,111 ST/101 AV,40.688113,-73.83287,Q37
200128,McCLEAN AV/SAND LN,40.596787,-74.070098,S53
804218,JACKSON AV/QUEENS BLVD,40.748902,-73.937113,Q96
550999,KISSENA BLVD/JEWEL AV,40.732447,-73.814763,Q25
500125,HEMPSTEAD AV/221 ST,40.712704,-73.73327,Q2 Q82
201178,HYLAN BLVD/POILLON AV,40.526852,-74.175229,S59 S78 SIM23
551703,QUEENS BLVD/CORNISH AV,40.738284,-73.883749,Q60
501164,150 ST/18 AV,40.783,-73.813896,Q15
505484,30 AV/48 ST,40.761059,-73.908704,Q18
503493,COLLEGE POINT BLVD/58 RD,40.745711,-73.83517,Q58 Q98
403376,FORT WASHINGTON AV/W 162 ST,40.837542,-73.944201,M4
200228,FATHER CAPODANNO BLVD/JEFFERSON AV,40.573994,-74.086252,S51 S81
501457,HORACE HARDING EXPWY/CLOVERDALE BLVD,40.750289,-73.750938,Q30 QM35 QM5 QM8
304239,BORINQUEN PL/S 1 ST,40.710775,-73.952412,Q54
551134,82 ST/30 AV,40.761121,-73.886493,Q33
200185,BAY ST/BROAD ST,40.625755,-74.075179,S51 S76
502030,SUTPHIN BLVD/JAMAICA AV,40.701989,-73.807903,Q1 Q43 Q44+ Q44-SBS
502364,260 ST/74 AV,40.74908,-73.716147,Q48 QM35 QM5 QM8
503757,FARMERS BLVD/120 AV,40.686778,-73.761192,Q3
500264,LIBERTY AV/CAMDEN AV,40.704238,-73.77055,Q83
203552,ROSSVILLE AV/MASON BLVD,40.543992,-74.209042,S74 S84
500508,MERRICK BLVD/VICTORIA RD,40.68555,-73.772587,Q5
501806,UTOPIA PKWY/50 AV,40.744995,-73.792399,Q31
550011,ROCKAWAY BLVD/BAISLEY BLVD,40.672436,-73.785522,Q6
500942,LITTLE NECK PKWY/HILLSIDE AV,40.73654,-73.713671,Q36
203574,SOUTH AV/TRAVIS AV,40.60248,-74.184125,S46 S96
202289,ARTHUR KILL RD/VETERANS RD EAST,40.556295,-74.203767,S74 SIM2 SIM22 SIM23 SIM24
203368,COLLEGE OF STATEN ISLAND/VICTORY BLVD,40.608772,-74.153263,S62 S92 S93
308763,BROADWAY/EASTERN PKWY,40.680109,-73.905572,Q24
903205,BATTERY PL/GREENWICH ST,40.704707,-74.015088,SIM35
203975,HOWARD AV/WAGNER COLLEGE DRIVEWAY,40.616895,-74.094103,S66
500271,MURDOCK AV/194 ST,40.698554,-73.760065,Q83
904237,QUEENS PLAZA SOUTH/28 ST,40.749703,-73.939006,T323
404186,BROADWAY/MURRAY ST,40.71283,-74.007535,X27 X28
200844,CARY AV/NORTH BURGHER AV,40.632845,-74.114379,S44
500499,120 AV/195 ST,40.688753,-73.754998,Q84
551130,94 ST/23 AV,40.768294,-73.87641,Q47 Q72
901840,RIDGEWOOD AV/NORWOOD AV,40.683689,-73.879413,T430
500404,LINDEN BLVD/225 ST,40.693953,-73.736126,Q4
250037,AMBOY RD/BEDELL ST,40.521241,-74.217312,SIM26
200249,WALKER ST/VAN NAME AV,40.63186,-74.153831,S46 S96
450453,6 AV/W 37 ST,40.751378,-73.986524,QM6
307154,BROADWAY/QUINCY ST,40.689893,-73.922909,Q24 T430 T433
201685,BRIELLE AV/LIVINGSTON AV,40.598342,-74.128154,S54
501235,BAYSIDE AV/150 ST,40.771461,-73.815451,Q16
553365,ROCKAWAY BEACH BLVD/BEACH 92 ST,40.586597,-73.814953,Q52+ Q52-SBS
505003,MAIN ST/COOLIDGE AV,40.71524,-73.816267,Q20
304530,JAMAICA AV/JEROME ST,40.682035,-73.889135,Q56
201118,HYLAN BLVD/BANCROFT AV,40.574208,-74.106168,S78
103565,DEVOE AV/WYATT ST,40.839765,-73.877499,Q44+ Q44-SBS
551992,JUNCTION BLVD/55 AV,40.738432,-73.866422,Q72
505343,57 AV/92 ST,40.735439,-73.870368,QM10 QM11 QM40
203524,BLOOMINGDALE RD/CORRELL AV,40.545378,-74.21929,S55 S74 S84
501049,BELL BLVD/24 AV,40.779846,-73.775504,Q13 Q31
553430,BEACH 73 ST/ROCKAWAY BEACH BLVD,40.589402,-73.800822,Q22
503774,NORTH BOUNDARY RD/FARMERS BLVD,40.659403,-73.775152,Q3
503687,HILLSIDE AV/258 ST,40.736955,-73.710559,Q43
502693,FRANCIS LEWIS BLVD/56 AV,40.747506,-73.777565,Q76
304373,GRAND ST/GRAHAM AV,40.711605,-73.944534,Q54 Q59
552709,CROSS ISLAND PKWY/160 ST,40.786587,-73.802635,QM2 QM32
805064,MADISON AV/E 59 ST,40.763475,-73.971399,SIM23 SIM24
905111,PORT RICHMOND AV/RICHMOND TERR,40.639742,-74.131937,S59
201390,GUYON AV/CLAWSON ST,40.561081,-74.121317,S57
202149,TARGEE ST/OSGOOD AV,40.61929,-74.084631,S74
553219,130 ST/SUTTER AV,40.672004,-73.808928,Q10
500069,HILLSIDE AV/215 PL,40.727072,-73.749587,Q1 QM68
403522,W 79 ST/RIVERSIDE DR,40.784786,-73.982315,M79+ M79-SBS
403306,AVENUE C/E 8 ST,40.724441,-73.978696,M9
503486,CORONA AV/102 ST,40.744224,-73.861633,Q58
501449,HORACE HARDING EXPWY/FRANCIS LEWIS BLVD,40.742869,-73.775944,Q30 Q74 Q75
551886,NORTHERN BLVD/JUNCTION BLVD,40.756802,-73.873152,Q63 Q66
404858,E 79 ST/MADISON AV,40.776076,-73.961665,M79+ M79-SBS
504341,MYRTLE AV/85 ST,40.703272,-73.863875,Q55
553116,78 ST/ASTORIA BLVD,40.766831,-73.89114,Q69
503166,153 ST/88 AV,40.705487,-73.803627,Q83
202237,ARTHUR KILL RD/ARDEN HEIGHTS PLAZA,40.562649,-74.191986,S56 S74 S84 SIM4C
501044,BELL BLVD/212 ST,40.788588,-73.782168,Q13 QM2 QM32
550756,ROCKAWAY BEACH BLVD/BEACH 133 ST,40.5745,-73.851298,Q35
551265,PENELOPE AV/83 PL,40.721143,-73.871054,Q38
450152,WEST RD/COLER MEMORIAL HOSPITAL,40.770688,-73.942689,Q102
552928,WILLETS POINT BLVD/154 ST,40.778049,-73.809278,Q61 QM20
403238,W 42 ST/9 AV,40.757961,-73.991925,M42
503067,MURDOCK AV/FRANCIS LEWIS BLVD,40.701607,-73.748794,Q83
505520,25 AV/79 ST,40.762836,-73.889679,Q47
203361,HYLAN BLVD/GOODALL ST,40.539861,-74.147927,S54 S78
400771,RIVERSIDE DR/W 114 ST,40.807864,-73.966626,M5
550579,69 ST/GRAND AV,40.726498,-73.895315,Q18
250068,AMBOY RD/PAGE AV,40.516199,-74.23289,SIM26
400552,W 32 ST/7 AV,40.748909,-73.989861,Q32
200836,POST AV/DECKER AV,40.632123,-74.132938,S44 S57 S94
500584,MERRICK BLVD/220 ST,40.679164,-73.749423,Q5 Q86 Q87
504196,JAMAICA AV/144 PL,40.702128,-73.810926,Q20 Q54 Q56 Q60
505309,JAMAICA AV/150 ST,40.702289,-73.804288,Q30 Q6 Q75 Q8 Q9
201697,MANOR RD/RICE AV,40.617273,-74.123503,S54
202488,NEW DORP LN/WINHAM AV,40.567118,-74.103209,S76 S86
501037,BELL BLVD/23 AV,40.782777,-73.776631,Q13
503834,METROPOLITAN AV/FLUSHING AV,40.713571,-73.916123,Q54
982479,BEACH CHANNEL DR/ROCKAWAY FERRY,40.583926,-73.831738,Q35
201734,MANOR RD/JOAN PL,40.617558,-74.123732,S54
553352,CROSS BAY BLVD/ROCKAWAY BLVD,40.680554,-73.84449,QM15
904075,56 AV/223 ST,40.753497,-73.757553,Q74 Q75
982216,ROCKAWAY BEACH BLVD/BEACH 147 ST,40.569991,-73.862208,QM16
201576,SOUTH AV/BRABANT ST,40.632052,-74.166228,S48 S98
400168,BROADWAY/CORTLANDT ST,40.709969,-74.009942,M55
550164,101 AV /100 ST,40.685315,-73.84226,Q8
404822,RIVERSIDE DR/TIEMANN PL,40.816305,-73.961905,M5
504961,LIBERTY AV/REMINGTON ST,40.692254,-73.809347,Q112 QM64
503384,JAMAICA AV/WOODHAVEN BLVD,40.69346,-73.852482,Q56 T340
552270,PENINSULA BLVD/LONGACRE AV,40.635992,-73.720104,Q111
550349,KEW GARDENS RD /80 RD,40.713641,-73.830248,Q10 Q80
804233,MAIN ST/38 AV,40.760886,-73.830897,Q12
403769,6 AV/W 31 ST,40.748017,-73.98901,M5 M55 M7
400661,BROADWAY/W 142 ST,40.824316,-73.952208,M4 M5
551255,63 DR/QUEENS BLVD,40.729727,-73.862483,Q38
203152,EBBITTS ST/ROMA AV,40.561188,-74.104301,S76
502002,111 AV/175 ST,40.696061,-73.777531,Q42
401901,E 84 ST/5 AV,40.779814,-73.960631,M86+ M86-SBS
202545,AMBOY RD/BEHAN CT,40.570434,-74.122622,S57
552327,GUY R BREWER BLVD/132 AV,40.674399,-73.776615,Q115 QM65
502011,111 AV/175 ST,40.695857,-73.778354,Q42
201758,AMBOY RD/GUYON AV,40.565454,-74.129785,S57 SIM15
551964,69 ST/62 RD,40.716935,-73.888963,Q67
903046,E 41 ST/1 AV,40.747979,-73.969789,M42
403491,W 65 ST/BROADWAY,40.773087,-73.982432,M66
553357,WOODHAVEN BLVD/89 AV,40.69117,-73.850951,Q11
553214,BROADWAY/WHITNEY AV,40.741418,-73.88047,Q53+ Q53-SBS
503655,ATLANTIC AV/111 ST,40.692118,-73.83536,Q24
551434,48 AV/38 ST,40.740354,-73.928157,Q39
505131,HEMPSTEAD AV/SPRINGFIELD BLVD,40.713084,-73.735386,Q82
550010,DITMARS BLVD/36 ST,40.774258,-73.908123,Q69
202242,ARTHUR KILL RD/WEST SERVICE RD,40.557636,-74.207172,S74 S84 SIM25
553213,BROADWAY/WHITNEY AV,40.741451,-73.880311,Q53+ Q53-SBS
505543,STEINWAY ST/20 AV,40.776374,-73.901969,Q101
553225,CROSS BAY BLVD/WILDLIFE REFUGE,40.617377,-73.823995,Q52+ Q52-SBS Q53+ Q53-SBS
405548,E 32 ST/5 AV,40.746891,-73.984976,M4
307856,GRAND ST/METROPOLITAN AV BRIDGE,40.714171,-73.931836,Q59
550986,PARSONS BLVD/82 DR,40.716994,-73.808035,Q25
503390,JAMAICA AV/107 ST,40.695398,-73.839932,Q56
401874,E 79 ST/3 AV,40.774286,-73.957524,M79+ M79-SBS
200890,BEMENT AV/CASTLETON AV,40.634886,-74.112417,S44
200386,ELTINGVILLE/TRANSIT CENTER,40.560986,-74.171394,SIM15 SIM4C
550791,BEACH CHANNEL DR/BEACH 63 ST,40.593182,-73.792544,Q22
550049,SUTPHIN BLVD/LINDEN BLVD,40.686151,-73.793879,Q6
201129,HYLAN BLVD/CHAMPLAIN AV,40.559686,-74.124305,S78
309446,METROPOLITAN AV/RODNEY ST,40.714006,-73.9528,Q59
501348,HORACE HARDING EXPWY/164 ST,40.738728,-73.804467,Q17 Q88
500494,120 AV/SPRINGFIELD BLVD,40.691437,-73.746655,Q84
502656,73 AV/195 ST,40.734903,-73.777741,Q88
503208,HOLLIS COURT BLVD/47 AV,40.751513,-73.788174,Q26
551403,FOREST AV/HARMAN ST,40.712385,-73.905919,Q14 Q39
502685,FRANCIS LEWIS BLVD/86 RD,40.723779,-73.762827,Q76
502384,UNION TPKE/226 ST,40.736267,-73.744948,QM36 QM6
500979,LITTLE NECK PKWY/73 RD,40.749522,-73.720112,Q36
905156,TELEPORT DR/SOUTH AV,40.60683,-74.178282,S46 S96
552391,LIBERTY AV/123 ST,40.687553,-73.82054,Q112
553301,COLLEGE POINT BLVD/NYPD ACADEMY ENTRANCE,40.771498,-73.843757,Q26
502735,FRANCIS LEWIS BLVD/LOCKE AV,40.785042,-73.805816,Q76
200545,VICTORY BLVD/GRAND AV,40.617665,-74.101529,S61 S62
550121,ROCKAWAY BLVD/133 ST,40.674859,-73.805622,Q7
905198,HUGUENOT AV/RAILEY CT,40.552591,-74.201852,SIM24
201198,HYLAN BLVD/CARTERET ST,40.503864,-74.246918,S59 S78
200430,PORT RICHMOND AV/BLACKFORD AV,40.631528,-74.138634,S59
203810,CLOVE RD/MARTLING AV,40.624405,-74.116847,SIM35
202611,ARTHUR KILL RD/CORBIN AV,40.566708,-74.153134,S54 S74 SIM15
504400,QUEENS BLVD/WOODHAVEN BLVD,40.733377,-73.870851,Q59 Q60 Q98
503110,MERRICK BLVD/HOOK CREEK BLVD,40.67426,-73.727962,Q5 Q87 QM63
201604,RICHMOND RD/HUNTON ST,40.598413,-74.0919,S74 S76
403312,W 10 ST/HUDSON ST,40.733775,-74.005849,M8
200124,McCLEAN AV/LAMPORT BLVD,40.594345,-74.077495,S52
400644,FORT WASHINGTON AV/W 181 ST,40.850634,-73.938487,M4 M98
200463,RICHMOND AV/LEVERETT AV,40.554914,-74.168649,S59
503466,FLUSHING AV/64 ST,40.722773,-73.901124,Q59
202387,NEW DORP LN/MILL RD,40.568821,-74.106638,S76
203506,CLOVE RD/WEST FINGERBOARD RD,40.601717,-74.0818,S53
200881,LAFAYETTE AV/HENDERSON AV,40.641114,-74.094946,S44 S94
404258,RIVERSIDE DR/W 122 ST,40.812935,-73.9627,M5
200612,CLOVE RD/SCHOHARIE ST,40.614308,-74.101888,S53 S66
505335,ROOSEVELT AV/61 ST,40.745551,-73.903164,Q32
203927,LAMBERTS LN/MAY AV,40.615563,-74.161584,SIM8
552909,ROCKAWAY BLVD/134 AV,40.670264,-73.783107,Q6
202080,ARTHUR KILL RD/JOHNSON ST,40.545386,-74.23052,S74
502626,73 AV/196 ST,40.73512,-73.776481,Q88
551664,QUEENS BLVD/77 AV,40.715869,-73.833643,Q60
550378,QUEENS BLVD/80 RD,40.713624,-73.829759,Q60
203542,ARTHUR KILL RD/RICHMOND VALLEY RD,40.521197,-74.239418,S78
501219,41 AV/PARSONS BLVD,40.760478,-73.822005,Q15
202333,ANNADALE RD/HILLIS ST,40.538571,-74.177944,S55
551204,111 ST/109 AV,40.680169,-73.82899,Q37
200044,RICHMOND TERR/NICHOLAS ST,40.647292,-74.081124,S40 S44
203814,DRUMGOOLE RD WEST/ANNADALE RD,40.556646,-74.175851,SIM4 SIM4C
202903,FOSTER RD/DRUMGOOLE RD EAST,40.531591,-74.202956,S56
550386,99 ST /162 AV,40.654807,-73.833074,Q11
308091,SHORE RD/79 ST,40.631403,-74.038844,X27 X37
505151,233RD ST / MERRICK BLVD,40.675246,-73.736722,Q5
500301,113 DR/223 ST,40.702521,-73.734184,Q83
200585,VICTORY BLVD/BEECHWOOD PL,40.613279,-74.120303,S61 S62
552301,147 AV /BROOKVILLE BLVD,40.657364,-73.744813,Q111
203390,HYLAN BLVD/CHELSEA ST,40.504308,-74.244701,S59 S78 SIM2 SIM25 SIM26
500475,120 AV/230 ST,40.687377,-73.733591,Q84
404890,CHURCH ST/PARK PL,40.713424,-74.009009,X27 X28
552365,PARSONS BLVD/88 AV,40.706429,-73.802242,Q113 Q114
905041,arthur kill rd /richmond av,40.561129,-74.170036,SIM8
501493,HORACE HARDING EXPWY/FRANCIS LEWIS BLVD,40.743771,-73.776429,Q30 Q74 Q75
203342,STEUBEN ST/WEST FINGERBOARD RD,40.600798,-74.076405,SIM1 SIM10 SIM11 SIM1C SIM7
551614,QUEENS PLAZA SOUTH/28 ST,40.749854,-73.939193,T320
200798,PROSPECT AV/FRANKLIN AV,40.639744,-74.091034,S42
551459,142 ST/LINDEN BLVD,40.683963,-73.801696,Q40
404148,BROADWAY/W 133 ST,40.818488,-73.956469,M4
501744,211 ST/23 AV,40.779926,-73.780708,Q28
503328,ROOSEVELT AV/51 ST,40.743819,-73.914019,Q32
202925,ANNADALE RD/NOTUS AV,40.550902,-74.175296,S55
503319,ROOSEVELT AV/74 ST,40.746985,-73.891152,Q32
551069,80 ST/METROPOLITAN AV,40.713541,-73.871451,Q29 Q47
500298,AMBOY LN/JAMAICA AV,40.717922,-73.736383,Q88
553200,80 ST/FURMANVILLE AV,40.717913,-73.872921,Q47
502580,DITMARS BLVD/27 AV,40.765751,-73.863808,Q23 Q90
201501,FOREST AV/CLOVE RD,40.627727,-74.12129,S48 SIM30
402221,E 55 ST/1 AV,40.756998,-73.963634,M57
503528,GRAND AV/74 ST,40.7301,-73.888385,Q58 Q59 Q98
203499,CLOVE RD/RHINE AV,40.608183,-74.09048,S53
550257,VAN WYCK EXPWY/LIBERTY AV,40.69171,-73.810982,Q9
203745,NEW YORK AV/SOUTH RD,40.605548,-74.059746,S51
302167,BROADWAY/MADISON ST,40.688459,-73.920063,Q24
203083,FATHER CAPODANNO BLVD/SAND LN,40.59064,-74.066097,S51
201552,FOREST AV/BROADWAY,40.629042,-74.115975,S48 S98 SIM30
550542,51 ST/32 AV,40.75547,-73.908574,Q18
550511,104 ST /164 DR,40.651413,-73.827449,Q11
403954,W 49 ST/11 AV,40.765477,-73.995473,M50
200126,McCLEAN AV/BIONIA AV,40.595434,-74.074187,S52
500549,MERRICK BLVD/MONTAUK ST,40.67945,-73.757129,Q5
501760,FRANCIS LEWIS BLVD/35 AV,40.764717,-73.788823,Q28
500143,HOLLIS AV/99 AV,40.709588,-73.767672,Q2
552042,STEINWAY ST/34 AV,40.756785,-73.920665,Q101
500241,FARMERS BLVD/143 RD,40.668874,-73.766166,Q3
550114,ROCKAWAY BLVD/SUTPHIN BLVD,40.673206,-73.788318,Q7
400846,RIVERSIDE DR/W 86 ST,40.789741,-73.9806,M5
201609,TARGEE ST/CLOVE RD,40.607445,-74.089593,S74 S76
203996,RICHMOND TERR/SIMONSON AV,40.636935,-74.151276,S40 S90
505353,FRANCIS LEWIS BLVD/120 AV,40.690016,-73.742727,Q27
202255,ARTHUR KILL RD/ANDROVETTE ST,40.534544,-74.236109,S74 S84
551666,QUEENS BLVD/UNION TPKE,40.714121,-73.830107,Q60
402056,AVENUE C/E 16 ST,40.730031,-73.974881,M9
200750,LAFAYETTE AV/ALDEN PL,40.636956,-74.093639,S42
201699,MANOR RD/MARTLING AV,40.621293,-74.123751,S54 SIM35
201273,CEBRA AV/SAINT PAULS AV,40.630532,-74.081745,S52 SIM30
501134,WILLETS POINT BLVD/PARSONS BLVD,40.776827,-73.824218,Q61 QM20
504980,ARCHER AV/SUTPHIN BLVD,40.700654,-73.807565,Q20 Q44+ Q44-SBS
203900,SEAVIEW AV/PATTERSON AV,40.581121,-74.081656,S52
500411,LINDEN BLVD/204 ST,40.695565,-73.74842,Q4
504432,NORTHERN BLVD/243 ST,40.765328,-73.743496,Q12
552057,STEINWAY ST/23 AV,40.771061,-73.908445,Q101
202913,WOODROW RD/ALMOND ST,40.549655,-74.188078,S56 SIM2 SIM4C
250053,HUGUENOT AV/LOMBARD CT,40.553449,-74.202126,SIM24
553112,92 ST/ASTORIA BLVD,40.762953,-73.877289,Q49
503927,41 AV/150 ST,40.762509,-73.814314,Q15
502852,FRANCIS LEWIS BLVD/JAMAICA AV,40.714211,-73.754186,Q77
505428,188 ST/UNION TPKE,40.7294,-73.781201,Q45
403465,W 42 ST/5 AV,40.753319,-73.980751,M42 SIM22 SIM25 SIM26 SIM30 SIM8
200065,RICHMOND TERR/TOMPKINS CT,40.64056,-74.120589,S40
803071,PEARL ST/FRANKFORT ST,40.709381,-74.001729,SIM35
550220,LINCOLN ST /ROCKAWAY BLVD,40.67515,-73.807355,Q9
552266,PENINSULA BLVD/CHURCH AV,40.632205,-73.725729,Q111
201082,BEACH ST/UNION PL,40.62776,-74.07766,S52 S78
503998,VAN WYCK NORTH SERVICE RD/CARGO SERVICE RD,40.657512,-73.805394,Q3
504189,ATLANTIC AV/WOODHAVEN BLVD,40.688241,-73.848006,Q24
982395,LINDEN BLVD/118 ST,40.678654,-73.82128,Q51
804273,BROADWAY/W 138 ST,40.821866,-73.954028,T204
201462,ROCKLAND AV/SAINT GEORGE RD,40.577467,-74.12716,S54 S57
501545,HOLLIS COURT BLVD/47 AV,40.75155,-73.788515,Q26
551805,164 ST/76 RD,40.724429,-73.805018,Q65
552429,SEAGIRT AV/BEACH 9 ST,40.59602,-73.744171,Q114
405562,11 AV/W 58 ST,40.771083,-73.990735,M57
203463,HYLAN BLVD/RICHMOND AV (LOT),40.533924,-74.154134,S54 S59 S89
450039,MADISON AV/ E 38 ST,40.750395,-73.980965,QM21
805202,5 ST/AMAZON FULFILLMENT CENTER,40.618936,-74.185156,S40 S90
200233,MIDLAND AV/FREEBORN ST,40.572957,-74.094191,S51 S81
501279,UTOPIA PKWY/25 AV,40.77412,-73.792911,Q16
200492,GIFFORDS LN/LEVERETT AV,40.557117,-74.152847,S54
805016,SAINT GEORGE FERRY/RAMP D,40.643734,-74.073046,S44 S94
903082,12 AV/W 42 ST,40.762648,-74.00092,M42 M50
200189,BAY ST/EDGEWATER ST,40.620155,-74.07085,S51
502394,UNION TPKE/FRANCIS LEWIS BLVD,40.731774,-73.770704,Q46 Q48
552100,31 ST/37 AV,40.755214,-73.931019,Q102
401538,W 8 ST/5 AV,40.732336,-73.996709,M8
552269,PENINSULA BLVD/LONGACRE AV,40.635985,-73.719856,Q111
200758,WESTERVELT AV/HAMILTON AV,40.64571,-74.085746,S42 S52
500293,SPRINGFIELD BLVD/107 AV,40.710427,-73.737269,Q27
551824,JEWEL AV/MAIN ST,40.730057,-73.823129,Q64 Q74 QM4 QM44
200119,OLYMPIA BLVD/BIONIA AV,40.592465,-74.072621,S52
201450,AMBOY RD/EAST BROADWAY,40.567913,-74.126422,S57
700948,31 DR/ASTORIA BLVD,40.760709,-73.861116,Q23
553323,14 AV/115 ST,40.785863,-73.852543,Q26
202027,VICTORY BLVD/CRYSTAL AV,40.61092,-74.143453,S62 S92 S93
501320,HILLSIDE AV/168 PL,40.710435,-73.793486,Q76 Q77
203423,HOLLAND AV/BENJAMIN PL,40.637625,-74.171153,S48 S98
552303,147 AV /230 PL,40.657979,-73.751166,Q111
404302,E 59 ST/3 AV,40.760942,-73.965396,Q32
302078,ATLANTIC AV/WARWICK ST,40.677199,-73.886941,Q24
500286,114 AV/223 ST,40.701723,-73.734457,Q83
502315,UNION TPKE/KENT ST,40.727592,-73.785768,Q45
203414,RICHMOND RD/EDGAR PL,40.605266,-74.09268,S74 S76 S86 SIM15
201187,HYLAN BLVD/WOODVALE AV,40.514278,-74.206589,S59 S78 SIM2 SIM25
550867,20 AV/31 ST,40.779997,-73.906446,Q100
403512,W 66 ST/BROADWAY,40.77413,-73.982724,M66
501057,BELL BLVD/39 AV,40.764974,-73.771832,Q13 Q31
500467,120 AV/NASHVILLE BLVD,40.691325,-73.747553,Q84
203741,NEW YORK AV/COAST GUARD DR,40.605669,-74.060008,S51 S81
400816,BROADWAY/W 160 ST,40.835736,-73.943874,M5
500361,HILLSIDE AV/PARSONS BLVD,40.707647,-73.803232,Q1 Q43
400761,RIVERSIDE DR/W 89 ST,40.791852,-73.978234,M5
551644,QUEENS BLVD/63 AV,40.730656,-73.864551,Q38 Q60
250002,ARDEN AV/KOCH BLVD,40.534964,-74.165318,SIM23
200782,SAINT MARKS PL/WALL ST,40.643684,-74.079329,S42 S52
203215,GIFFORDS LN/GURLEY AV,40.561686,-74.154875,S54
552119,ASTORIA BLVD/8 ST,40.772728,-73.932483,Q19
551920,NORTHERN BLVD/49 ST,40.753661,-73.913895,Q63 Q66
551074,DRY HARBOR RD/PENELOPE AV,40.720154,-73.873356,Q29
502083,HILLSIDE AV/264 ST,40.738111,-73.704203,Q43
402167,W 50 ST/8 AV,40.762023,-73.985792,M50
200840,CARY AV/TAYLOR ST,40.631887,-74.122937,S44
504979,ATLANTIC AV/124 ST,40.695081,-73.823279,Q24
553134,JAMAICA AV /165 ST,40.705289,-73.795219,Q41 Q6 Q8
304249,METROPOLITAN AV/GARDNER AV,40.713899,-73.925825,Q54
202702,FOREST HILL RD/FIELD ST,40.594529,-74.14291,S61 S91
905179,BRICKTOWN MALL/SHOPPING CENTER,40.52948,-74.231061,S74 S78 S84
502550,DITMARS BLVD/29 AV,40.764312,-73.862806,Q23
500251,HILLSIDE AV/163 ST,40.708576,-73.799384,Q1 Q43
203570,ROSSVILLE AV/VETERANS RD EAST,40.554552,-74.212933,S74
902259,WESTCHESTER AV/FERRIS PL,40.840112,-73.842661,T103
500027,SPRINGFIELD BLVD/89 AV,40.729077,-73.744034,Q27 Q36 Q88
503922,MURDOCK AV/196 ST,40.699146,-73.758153,Q83
203190,BAY ST/VAN DUZER ST,40.634895,-74.075448,S51 S74 S76
500139,HOLLIS AV/197 ST,40.706573,-73.760652,Q2
551252,62 DR/97 ST,40.732419,-73.862113,Q38
501630,SPRINGFIELD BLVD/77 AV,40.738186,-73.748678,Q27 Q88
550669,89 ST/NORTHERN BLVD,40.756437,-73.878808,Q49
505153,SPRINGFIELD BLVD/MURDOCK AV,40.70357,-73.740589,Q27
552933,YELLOWSTONE BLVD/63 DR,40.73283,-73.85224,QM11 QM12 QM42
550472,WOODHAVEN BLVD/62 RD,40.72593,-73.870281,Q11
550091,ROCKAWAY BLVD/VAN WYCK EXPWY,40.674337,-73.802136,Q7
551405,FOREST AV/BLEECKER ST,40.711007,-73.905135,Q14 Q39
201743,MANOR RD/HAROLD ST,40.601575,-74.120757,S54
550601,30 AV/36 ST,40.765168,-73.917456,Q18
200661,HYLAN BLVD/LAMPORT BLVD,40.598406,-74.07912,S53 S78
552091,41 AV/21 ST,40.754043,-73.942699,Q103
503378,JAMAICA AV/77 ST,40.69173,-73.864259,Q56
404181,5 AV/W 41 ST,40.752469,-73.981704,X27 X28 X37 X38
203166,WATCHOGUE RD/NEAL DOW AV,40.615875,-74.136462,S57
150138,BRUCKNER BLVD/WILKINSON AV,40.852103,-73.827134,Q50
501294,FRANCIS LEWIS BLVD/169 ST,40.772588,-73.795295,Q16 Q76
505152,UNION TPKE/256 ST,40.745394,-73.71481,Q46 Q48
505215,JACKSON AV/THOMSON AV,40.746709,-73.943285,T323
505480,LEFFERTS BLVD/ROCKAWAY BLVD,40.675804,-73.819141,Q37
552968,48 ST/NORTHERN BLVD,40.752399,-73.915106,Q104
504175,PUTNAM AV/FAIRVIEW AV,40.704702,-73.90224,M90 Q14
502816,SPRINGFIELD BLVD/MERRICK BLVD,40.680391,-73.753334,Q77
552020,94 ST/ASTORIA BLVD,40.762602,-73.875288,Q72
201385,GUYON AV/AMBOY RD,40.565068,-74.129667,S57
200148,BAY ST/PROSPECT ST,40.628477,-74.076382,S51 S76
202153,BROAD ST/TOMPKINS AV,40.624338,-74.080149,S74
550961,BURNS ST/68 AV,40.721353,-73.851817,Q23
805154,slosson av/si ep en eb,40.610655,-74.117147,SIM3 SIM34
405415,W 125 ST/MALCOLM X BLVD,40.808026,-73.945928,M60+ M60-SBS
550978,PARSONS BLVD/HILLSIDE AV,40.707861,-73.802937,Q25
202602,HYLAN BLVD/OTIS AV,40.573387,-74.106649,S78
552149,VERNON BLVD/35 AV,40.763864,-73.94119,Q103
505017,20 AV/127 ST,40.781737,-73.841288,Q20
501370,KISSENA BLVD/SANFORD AV,40.756989,-73.82692,Q25
202788,CANAL ST/CANAL ST,40.626381,-74.078046,S52 S74 S78 SIM30
553208,104 ST/ROOSEVELT AV,40.749623,-73.861666,Q14
201236,CEBRA AV/SAINT PAULS AV,40.63062,-74.08163,S52 SIM30
402186,E 49 ST/LEXINGTON AV,40.756139,-73.97308,M50
553093,DITMARS BLVD/HAZEN ST,40.768512,-73.899704,Q69
550028,SUTPHIN BLVD/LIBERTY AV,40.696129,-73.804236,Q40 Q41 Q6 Q60
200304,CASTLETON AV/KISSEL AV,40.634762,-74.105025,S46
550724,82 ST/ASTORIA BLVD,40.765277,-73.887312,Q47 Q69
250048,AMBOY RD/MAIN ST,40.509055,-74.246775,S78 SIM26
501055,BELL BLVD/35 AV,40.76862,-73.773686,Q13 Q31
201122,HYLAN BLVD/ROSE AV,40.56915,-74.111257,S78
503357,HOYT AV SOUTH/31 ST,40.770274,-73.917529,M60+ M60-SBS
250000,ARDEN AV/BATHGATE ST,40.530102,-74.161835,SIM23
403251,E 42 ST/1 AV,40.749076,-73.970286,M42
803056,W 66 ST/FREEDOM PL,40.776491,-73.988726,M72
505200,HILLSIDE AV/267 ST,40.738768,-73.701837,QM68
501966,212 ST/90 AV,40.721839,-73.750482,Q82
903115,BATTERY PL/GREENWICH ST,40.704683,-74.015011,SIM5
502701,FRANCIS LEWIS BLVD/43 AV,40.758205,-73.783417,Q76
503529,GRAND AV/73 ST,40.729251,-73.890277,Q59
501932,JAMAICA AV/215 ST,40.71696,-73.74081,Q110
302075,ATLANTIC AV/BRADFORD ST,40.676068,-73.892649,Q24
201179,HYLAN BLVD/WENDY DR,40.526797,-74.178264,S59 S78
983013,AVENUE H/FLATBUSH AV,40.631582,-73.947093,Q35
550559,65 PL/48 AV,40.738617,-73.900027,Q18
551227,PARK LN SOUTH/115 ST,40.703929,-73.837527,Q37
200271,CASTLETON AV/BARD AV,40.634643,-74.10616,S46 S96
801098,SENECA AV/PALMETTO ST,40.702761,-73.907528,M90
553133,JAMAICA AV /162 ST,40.704315,-73.797504,Q6 Q8 Q9
403036,WEST END AV/W 72 ST,40.779534,-73.98481,M57 M72
551231,UNION TPKE/KEW GARDENS RD,40.714036,-73.831214,Q37
402133,E 23 ST/LEXINGTON  AV,40.739217,-73.984281,SIM11 SIM6
202823,SOUTH AV/RICHMOND TERR,40.640133,-74.166126,S40 S48 S90 S98 SIM33 SIM33C SIM34
550083,ROCKAWAY BLVD/121 ST,40.675677,-73.81706,Q10 Q7
202569,SAINT GEORGE FERRY/RAMP D S44 & S94,40.643321,-74.074269,S44 S94
201183,HYLAN BLVD/CORNELIA AV,40.522524,-74.190444,S56 S59 S78
553259,109 AV/124 ST,40.683455,-73.818244,Q41
553403,134 ST/149 AV,40.66546,-73.806063,Q10
201026,HYLAN BLVD/ELMTREE AV,40.574722,-74.105309,S78
552181,BROADWAY/35 ST,40.760362,-73.922049,Q104
550593,58 ST/38 AV,40.748289,-73.905062,Q18
550001,EASTERN RD/BUILDING 77,40.65118,-73.766303,Q6
502624,73 AV/192 ST,40.734025,-73.780144,QM35 QM5 QM8
200575,VICTORY BLVD/THERESA PL,40.624042,-74.094414,S61 S62 S66
350265,FLATBUSH AV/AVENUE U,40.609389,-73.922303,Q35
202733,OLYMPIA BLVD/ANDREWS ST,40.592322,-74.072682,S52
202040,VICTORY BLVD/GOLLER PL,40.607632,-74.159883,S62 S92
203232,SEAVIEW AV/PSYCH CENTER WEST,40.581244,-74.081312,S52
400176,E 9 ST/BROADWAY,40.731425,-73.992408,M8
505173,ROCKY HILL RD/CLEARVIEW EXPWY,40.753249,-73.77651,Q27 Q31
553190,CROSS BAY BLVD/158 AV,40.660569,-73.839997,QM15 QM16 QM17
405579,6 AV/W 16 ST,40.738553,-73.995894,M55 M7
553185,71 AV/PARSONS BLVD,40.730259,-73.80995,Q64
504986,29 AV/163 ST,40.771213,-73.801982,Q16
550431,CROSS BAY BLVD/SUTTER AV,40.676633,-73.843879,Q11 Q41
500987,LITTLE NECK PKWY/85 AV,40.733872,-73.712449,Q36
202864,SAINT GEORGE FERRY/RAMP B S74 & S84,40.64323,-74.073714,S74 S84
204018,RICHMOND TERR/VAN NAME AV,40.636912,-74.152916,S40
401531,W 10 ST/BLEECKER ST,40.734005,-74.004254,M8
504544,LITTLE NECK PKWY/82 AV,40.740218,-73.715788,Q36
403971,BROADWAY/CORTLANDT ST,40.709424,-74.010341,SIM1 SIM1C SIM33C SIM3C
903376,E 125 ST/3 AV,40.803755,-73.936155,T102
552359,ARCHER AV/160 ST,40.702626,-73.79876,Q115
503678,ATLANTIC AV/76 ST,40.683902,-73.864261,Q24
503734,GRAND AV/54 ST,40.718453,-73.915286,Q59
308640,SHORE RD/4 AV,40.611842,-74.035202,X27 X37
200270,CASTLETON AV/DAVIS AV,40.634649,-74.108527,S46
982155,PITKIN AV /EUCLID AV,40.675513,-73.871665,Q112
550891,BURNS ST/68 AV,40.72162,-73.852051,Q23
250050,AMBOY RD/BREHAUT AV,40.512374,-74.238875,SIM26
503932,JAMAICA AV/PARSONS BLVD,40.703368,-73.80055,Q110 Q54 Q56
200019,RICHMOND TERR/JOHN ST,40.639027,-74.142287,S40
982166,95 ST/DITMARS BLVD,40.770191,-73.875509,Q47
504478,CROSS ISLAND PKWY/209 ST,40.788805,-73.783122,Q16
302196,BROADWAY/JEFFERSON AV,40.687195,-73.917883,Q24
804237,SAYRES AV/179 PL,40.698924,-73.774458,Q42
203523,BLOOMINGDALE RD/KRAMER AV,40.541952,-74.217944,S55 S74 S84 SIM26
350015,FLATBUSH AV/AVIATION RD,40.581677,-73.891086,Q35
505212,HILLSIDE AV/205 ST,40.72076,-73.760177,QM68
551998,JUNCTION BLVD/43 AV,40.745439,-73.868133,Q72
982356,ROCKAWAY BLVD/84 ST,40.683568,-73.856213,Q7
500489,120 AV/227 ST,40.688374,-73.736457,Q84
302198,BROADWAY/GROVE ST,40.690619,-73.923871,Q24
405256,TRINITY PL/MORRIS ST,40.70639,-74.013905,QM65
200240,LINCOLN AV/SOUTH RAILROAD AV,40.579527,-74.108863,S51 S81
400027,MADISON AV/E 65 ST,40.76758,-73.968375,M66
502976,HORACE HARDING EXPWY/148 ST,40.741449,-73.821875,Q88
202260,ARTHUR KILL RD/NASSAU PL,40.518555,-74.240365,S78
501286,WILLETS POINT BLVD/17 AV,40.78289,-73.799611,QM20
200331,LINDEN AV/VAN PELT AV,40.633873,-74.155554,S46 S96
200343,RICHMOND RD/WILDER AV,40.573238,-74.134995,S54 S74
551718,164 ST/GOETHALS AV,40.719728,-73.803936,Q65
550794,BEACH CHANNEL DR/BEACH 56 ST,40.5949,-73.78604,QM17
551800,164 ST/OAK AV,40.749659,-73.803045,Q65
200592,JEWETT AV/KEIBER CT,40.618571,-74.131338,S66
201133,HYLAN BLVD/JUSTIN AV,40.553465,-74.131975,S78 SIM1C
501927,212 PL/93 AV,40.719022,-73.747357,Q82
500294,SPRINGFIELD BLVD/104 AV,40.712382,-73.736136,Q2
500902,NORTHERN BLVD/223 ST,40.761993,-73.758902,Q12
500668,243 ST/HUXLEY ST,40.657586,-73.741503,Q85 Q86
201711,BROADWAY/HENDERSON AV,40.63686,-74.117441,S54
550777,ROCKAWAY BEACH BLVD/BEACH 81 ST,40.588092,-73.807532,Q22
903292,W 34 ST/HUDSON BLVD EAST,40.755158,-74.000668,T260
550458,WOODHAVEN BLVD/66 RD,40.717922,-73.862914,Q11
551929,49 AV/21 ST,40.742528,-73.948923,Q67
401568,CHRISTOPHER ST/HUDSON ST,40.733141,-74.006159,M8
552481,ROCKAWAY BLVD/BROOKVILLE BLVD,40.639732,-73.742669,Q113 Q114
505451,162 ST/45 AV,40.756235,-73.80467,Q65
553054,THOMSON AV/VAN DAM ST,40.744922,-73.934358,Q39
902236,DYRE AV/LIGHT ST,40.888589,-73.831245,T113
502842,FRANCIS LEWIS BLVD/116 AV,40.69785,-73.74685,Q77
553257,LEFFERTS BLVD/AIRTRAIN STATION,40.661871,-73.824531,Q10 Q80
551414,FOREST AV/MYRTLE AV,40.700594,-73.900288,Q39
505422,57 AV/98 ST,40.737771,-73.861833,Q14
402298,E 72 ST/1 AV,40.768049,-73.956372,M72
801200,belt py/63 st-non-public,40.640455,-74.022802,X27 X37
402290,E 72 ST/MADISON AV,40.771502,-73.964994,M72
250066,HUGUENOT AV/AMBOY RD,40.531769,-74.191697,SIM2 SIM24
502466,14 AV/132 ST,40.786209,-73.835766,Q76
901707,JUNIUS ST/LIVONIA AV,40.663715,-73.901479,T426
200847,BEMENT AV/HENDERSON AV,40.637398,-74.1127,S44 S94
503978,HILLSIDE AV/199 ST,40.719173,-73.763711,Q1
804267,153 ST/88 AV,40.706096,-73.803876,Q83
400623,BROADWAY/W 165 ST,40.839363,-73.940785,M5
550722,DITMARS BLVD/79 ST,40.768743,-73.890445,Q69
400145,PARK AV SOUTH/E 22 ST,40.739321,-73.987115,SIM1C SIM33C SIM3C SIM4C
200315,CASTLETON AV/JEWETT AV,40.63385,-74.129761,S46 S53 S66 S96
502812,SPRINGFIELD BLVD/122 AV,40.687591,-73.748861,Q77
401548,E 10 ST/AVENUE B,40.726672,-73.97959,M8
500392,LINDEN BLVD/SPRINGFIELD BLVD,40.696027,-73.743194,Q4
201324,WILLOWBROOK RD/WATCHOGUE RD,40.617053,-74.145202,S57
202073,ARTHUR KILL RD/VETERANS RD WEST,40.528511,-74.239275,S74
901809,QUENTIN RD/E 16 ST,40.608349,-73.95671,T464
503540,FRESH POND RD/60 AV,40.716683,-73.90183,Q58
501204,150 ST/20 RD,40.780272,-73.814416,Q15
550785,BEACH CHANNEL DR/BEACH 71 ST,40.591953,-73.799898,Q22
201241,JERSEY ST/SCRIBNER AV,40.637791,-74.086964,S52
202592,SAINT GEORGE FERRY/RAMP A S62 & S92,40.643005,-74.073996,S62 S92
405218,BROADWAY/WALKER ST,40.718583,-74.002673,X27 X28
200042,RICHMOND TERR/WESTERVELT AV,40.647757,-74.086966,S40 S44
200977,HYLAN BLVD/SHARROTT AV,40.511529,-74.210537,S59 S78
551122,83 ST/30 AV,40.761503,-73.885429,Q33
551045,7 AV/COLLEGE POINT BLVD,40.790784,-73.845291,Q25
551002,KISSENA BLVD/MELBOURNE AV,40.733592,-73.814978,Q25
550609,ASTORIA BLVD/31 ST,40.770085,-73.918304,Q19
501383,HORACE HARDING EXPWY/KISSENA BLVD,40.738522,-73.814522,Q17 Q88
553354,WOODHAVEN BLVD/JAMAICA AV,40.69348,-73.852235,Q52+ Q52-SBS Q53+ Q53-SBS
551625,QUEENS BLVD/60 ST,40.741783,-73.904671,Q60
903286,W 79 ST/RIVERSIDE DR,40.784853,-73.982543,M79+ M79-SBS
200330,WALKER ST/VAN PELT AV,40.632111,-74.155024,S46 S96
200026,RICHMOND TERR/JEWETT AV,40.63765,-74.128853,S40
500367,MERRICK BLVD/107 AV,40.699708,-73.788558,Q4 Q5
504377,MYRTLE AV/FOREST AV,40.700529,-73.900639,Q55
502159,MAIN ST/77 RD,40.721017,-73.818701,Q20
203598,ANNADALE RD/DORVAL AV,40.559186,-74.17673,S55
553010,JAMAICA AV/172 ST,40.707596,-73.787658,Q110
550196,101 AV /115 ST,40.689047,-73.829524,Q8
551852,35 AV/31 ST,40.758031,-73.928397,Q66
504487,39 AV/UNION ST,40.76101,-73.827008,Q28
551692,QUEENS BLVD/76 RD,40.717428,-73.834817,Q60
200082,RICHMOND TERR/VAN PELT AV,40.636838,-74.154671,S40
401556,E 9 ST/1 AV,40.728392,-73.985207,M8
503325,ROOSEVELT AV/58 ST,40.745468,-73.906515,Q32
203035,BROADWAY/DELAFIELD AV,40.630823,-74.11658,S53
982386,SUTPHIN BLVD/95 AV,40.69861,-73.806495,Q41
901767,MARCY AV/FLUSHING AV,40.699676,-73.950025,T403
504398,QUEENS BLVD/55 AV,40.735399,-73.876143,Q59 Q60
203770,NORTH GANNON AV/WILLOWBROOK RD,40.608569,-74.147046,SIM32 SIM33 SIM33C
200966,MAIN ST/AMBOY RD,40.508896,-74.246881,S78
403248,E 42 ST/1 AV,40.748582,-73.969655,M42
404948,W 49 ST/8 AV,40.761998,-73.987034,M50
551230,PARK LN SOUTH/ABINGDON RD,40.709554,-73.834862,Q37
503574,82 ST/NORTHERN BLVD,40.755346,-73.885403,Q32 Q33
203009,BRIELLE AV/BABE RUTH FIELD,40.594363,-74.135093,S54
552182,BROADWAY/35 ST,40.760668,-73.922292,Q104
504951,149 AV/257 ST,40.652843,-73.731654,QM63
502767,FRANCIS LEWIS BLVD/MCLAUGHLIN AV,40.725154,-73.7655,Q76
982495,JACKSON AV/42 RD,40.74839,-73.939076,Q100
551366,VAN DAM ST/47 AV,40.743217,-73.933743,Q39
553202,80 ST/FURMANVILLE AV,40.718035,-73.872691,Q47
503058,JAMAICA AV/SPRINGFIELD BLVD,40.718192,-73.735775,Q110
552028,JACKSON AV/ORCHARD ST,40.748435,-73.938477,Q101 Q102 Q63 Q96
501390,HORACE HARDING EXPWY/168 ST,40.737933,-73.800529,Q17 Q88
200995,HYLAN BLVD/HALES AV,40.532274,-74.155706,S59 S78
203429,OLYMPIA BLVD/PIAVE AV,40.592832,-74.06901,S52
401563,W 9 ST/AVENUE OF THE AMERICAS,40.734156,-73.99891,M8
505445,SEAVER WAY/35 AV,40.759304,-73.845233,Q90
202248,ARTHUR KILL RD/BROADWAY STAGES STATEN ISLAND,40.548062,-74.226291,S74 S84
201429,WATCHOGUE RD/WILLOWBROOK RD,40.617031,-74.144975,S57
203503,CLOVE RD/ELBE AV,40.605003,-74.084955,S53
553189,23 AV/85 ST,40.767083,-73.884905,Q47
552705,CENTRAL AV/VIRGINIA ST,40.609773,-73.745536,Q113
505421,99 ST/CHRISTIE AV,40.741536,-73.861685,Q14
505434,169 ST/88  AV,40.710063,-73.792716,Q3
501007,NORTHERN BLVD/163 ST,40.761089,-73.80259,Q12
501565,46 AV/167 ST,40.753873,-73.800404,Q26 Q27
552049,STEINWAY ST/30 AV,40.763822,-73.915208,Q101
307918,BORINQUEN PL/S 1 ST,40.710714,-73.95392,Q54
200166,FATHER CAPODANNO BLVD/SEASIDE PLAZA,40.596027,-74.06192,S51
552402,TUSKEGEE AIRMEN WAY/SUTPHIN BLVD,40.694765,-73.802036,Q112
550211,101 AV /84 ST,40.681645,-73.855526,Q8
553164,LINDEN PL/35 AV,40.764796,-73.830799,Q25 Q61
550339,LEFFERTS BLVD/85 AV,40.703006,-73.832116,Q80
401168,EAST BROADWAY/FORSYTH ST,40.713675,-73.994096,M9
200069,RICHMOND TERR/CLOVE RD,40.637257,-74.126705,S40
553390,135 RD/130 PL,40.667671,-73.808582,Q37
201102,HYLAN BLVD/PARKINSON AV,40.597826,-74.084157,S78
200754,JERSEY ST/HENDRICKS AV,40.64014,-74.087075,S42 S52
501767,CROCHERON AV/163 ST,40.762623,-73.802886,Q28
551354,63 RD/YELLOWSTONE BLVD,40.733685,-73.852075,Q38
400752,W 72 ST/WEST END AV,40.780124,-73.984968,M5
200320,NICHOLAS AV/CHARLES AV,40.635298,-74.140704,S46 S96
405565,WEST END AV/W 61 ST,40.772964,-73.989602,M57
201053,HYLAN BLVD/DONLEY AV,40.607606,-74.07621,S78
804032,ROOSEVELT AV/PRINCE ST,40.759201,-73.831384,Q90
551772,COLLEGE POINT BLVD/23 AV,40.778497,-73.84622,Q26
552011,94 ST/31 AV,40.760579,-73.874733,Q72
550846,BEACH 21 ST/MOTT AV,40.604398,-73.753476,Q22 QM17
550770,ROCKAWAY BEACH BLVD/BEACH 92 ST,40.586479,-73.815197,Q109 QM15 QM17
502263,MAIN ST/56 AV,40.74801,-73.826145,Q20
504330,MYRTLE AV/MADISON ST,40.699865,-73.907949,Q55
201225,TOMPKINS AV/HYLAN BLVD,40.611287,-74.070913,S52
553212,QUEENS MIDTOWN EXPWY/HULL AV,40.726201,-73.89926,Q18 Q67
550607,ASTORIA BLVD/CRESCENT ST,40.771315,-73.923104,Q19
550205,101 AV /WOODHAVEN BLVD,40.684402,-73.845795,Q8
504486,FARMERS BLVD/LIBERTY AV,40.703047,-73.766695,Q3
505533,JACKSON AV/47 RD,40.744483,-73.948742,Q101
202894,FOSTER RD/ALBOURNE AV,40.529522,-74.202493,S56 SIM25
405006,EAST BROADWAY/CATHERINE ST,40.713376,-73.997392,M9
201030,HYLAN BLVD/ADAMS AV,40.580313,-74.099417,S78
551570,69 ST/QUEENS BLVD,40.740731,-73.895947,Q47
200363,NELSON AV/HILLCREST ST,40.544923,-74.148604,S54 SIM5 SIM6
501957,JAMAICA AV/SPRINGFIELD BLVD,40.718716,-73.735168,Q110
505508,VERNON BLVD/50 AV,40.742994,-73.953907,Q103
553046,69 AV/JUNO ST,40.715606,-73.852858,Q23
505133,SPRINGFIELD BLVD/109 AV,40.708682,-73.738376,Q27
201474,BRADLEY AV/PORTAGE AV,40.600255,-74.131003,S57
350230,FOUNTAIN AV /BLAKE AV,40.67099,-73.874172,Q8
202122,RICHMOND RD/LOCUST AV,40.577944,-74.117215,S74 S76
502759,FRANCIS LEWIS BLVD/50 AV,40.749993,-73.779062,Q76
502464,15 AV/127 ST,40.785066,-73.841363,Q76
502878,HORACE HARDING EXPWY/136 ST,40.742522,-73.829411,Q88
552277,BROOKFIELD RD /FRASER PL,40.650226,-73.709669,Q111
905142,4 AV/87 ST,40.62198,-74.028767,S93
553437,BELMONT PARK RACETRACK/UBS ARENA,40.712969,-73.727651,Q82
552482,ROCKAWAY BLVD/MEYER AV,40.635897,-73.740393,Q113 Q114
501739,CORPORAL KENNEDY ST/28 RD,40.774687,-73.781439,Q28
550725,89 ST/151 AV,40.668609,-73.846007,Q11 Q41 QM15
551268,PENELOPE AV/DRY HARBOR RD,40.720142,-73.873019,Q38
505411,FRANCIS LEWIS BLVD/NORTH CONDUIT AV,40.666135,-73.736211,Q86
501671,48 AV/216 ST,40.755984,-73.76472,Q27
551656,QUEENS BLVD/YELLOWSTONE BLVD,40.722728,-73.847553,Q60 QM18
200078,RICHMOND TERR/GRANITE AV,40.637633,-74.146966,S40
501561,46 AV/UTOPIA PKWY,40.75326,-73.792684,Q26 Q27
200491,GIFFORDS LN/GIBSON AV,40.555681,-74.152216,S54 SIM5 SIM6
203018,BRADLEY AV/BRIELLE AV,40.598697,-74.131125,S57
501335,188 ST/UNION TPKE,40.729085,-73.781007,Q17
501358,KISSENA BLVD/NEGUNDO AV,40.748498,-73.816627,Q17 Q25
503127,MERRICK BLVD/242 ST,40.673928,-73.731601,Q5 Q87 QM63
450154,MAIN ST/EAST RD,40.76873,-73.942988,Q102
502986,HORACE HARDING EXPWY/99 ST,40.735535,-73.86014,Q88
302175,ATLANTIC AV/LINWOOD ST,40.678365,-73.88369,Q24
553366,ROCKAWAY BEACH BLVD/BEACH 75 ST,40.58867,-73.802616,Q52+ Q52-SBS
504274,METROPOLITAN AV/SELFRIDGE ST,40.711313,-73.856719,Q23 Q54
550860,ROCKAWAY BEACH BLVD/BEACH 145 ST,40.570796,-73.861079,Q35
982502,NEWPORT AV/BEACH 116 ST,40.581326,-73.838391,Q22
500334,LIBERTY AV/182 ST,40.705676,-73.778128,Q83
201547,FOREST AV/WALBROOKE AV,40.63094,-74.103059,S48
903030,WEST ST/CHRISTOPHER ST,40.732493,-74.010128,M8
552185,BROADWAY/STEINWAY ST,40.75881,-73.918728,Q104
500100,187 PL/JAMAICA AV,40.710441,-73.771842,Q2 Q3
401208,EAST BROADWAY/PIKE ST,40.713947,-73.992385,M9
552348,GUY R BREWER BLVD/109 AV,40.694833,-73.790073,Q111 Q113 Q114 Q115
551079,DRY HARBOR RD/WOODHAVEN BLVD,40.727566,-73.8712,Q29
550381,99 ST /164 AV,40.651769,-73.832134,Q11
203732,RICHMOND TERR/NICHOLAS AV,40.639662,-74.139181,S40
905190,MAIN ST/AMBOY RD,40.508943,-74.246909,S59
501481,HORACE HARDING EXPWY/EAST HAMPTON BLVD,40.752149,-73.747542,Q30
307957,CROPSEY AV/BAY 25 ST,40.599962,-74.002355,X28 X38
504415,JACKSON AV/23 ST,40.745748,-73.94599,T323 T403
551454,142 ST/116 AV,40.680779,-73.799958,Q40
502556,108 ST/37 AV,40.754032,-73.860382,Q23
700905,ELMONT RD/DUTCH BROADWAY,40.694358,-73.717451,QM64
308934,BROADWAY/LORIMER ST,40.704457,-73.948346,T410
551839,71 AV/164 ST,40.730424,-73.805354,Q64
505129,154 ST/POWELLS COVE BLVD,40.79441,-73.806997,Q15 Q61
504353,MYRTLE AV/HILLSIDE AV,40.700156,-73.832534,Q55
202886,ARDEN AV/HAMPTON GREEN,40.554845,-74.193451,S56 SIM2 SIM23 SIM4C
503654,ATLANTIC AV/111 ST,40.692152,-73.834253,Q24
901820,E 16 ST/QUENTIN RD,40.608021,-73.957318,T464
307860,GRAND ST/LORIMER ST,40.711148,-73.948499,Q54 Q59
905219,LEXINGTON AV/E 55 ST,40.759677,-73.970083,SIM11 SIM6
553270,109 AV/124 ST,40.683517,-73.81768,Q41
550889,69 AV/DARTMOUTH ST,40.719495,-73.850409,Q23
504493,257 ST/JERICHO TPKE,40.728284,-73.707704,Q110
500973,LITTLE NECK PKWY/58 AV,40.761708,-73.723276,Q36 QM35 QM5 QM8
402173,E 50 ST/LEXINGTON AV,40.756243,-73.972135,M50
401547,E 10 ST/AVENUE A,40.727645,-73.981877,M8
501292,FRANCIS LEWIS BLVD/25 AV,40.774168,-73.797803,Q76
552248,HEMPSTEAD AV/99 AV,40.714676,-73.740809,Q82
403573,W 65 ST/COLUMBUS AV,40.772835,-73.981874,M66
405159,BROADWAY/GRAND ST,40.720536,-74.001026,M55
501563,46 AV/171 ST,40.753802,-73.795714,Q26 Q27
500382,LINDEN BLVD/FARMERS BLVD,40.691749,-73.761893,Q4 Q51 QM64
304540,JAMAICA AV/NICHOLS AV,40.690748,-73.869678,Q56
501275,UTOPIA PKWY/19 AV,40.780309,-73.794142,Q16 QM20
203731,MARTLING AV/BROOKSPOND PL,40.623918,-74.118254,SIM35
550436,WOODHAVEN BLVD/ATLANTIC AV,40.688266,-73.849243,Q11 QM15
905004,GRANDVIEW AV/FOREST AV,40.627824,-74.165209,S46
200526,JEWETT AV/FOREST AV,40.626456,-74.131328,S66
551415,FOREST AV/MYRTLE AV,40.700396,-73.899921,Q39
805161,West Shore ep/SIE(S),40.622105,-74.171852,SIM2
405071,W 70 ST/WEST END AV,40.778705,-73.985788,M72
550572,65 PL/53 AV,40.731273,-73.900293,Q18
902260,WESTCHESTER AV/CASTLE HILL AV,40.83428,-73.851838,T103
701088,JAMAICA CENTER/BAY F,40.701162,-73.803007,Q25
905083,RICHMOND RD/SAINT PATRICKS PL,40.572094,-74.144345,SIM15
503317,ROOSEVELT AV/78 ST,40.747312,-73.887846,Q32 Q33
805163,SAINT GEORGE FERRY/RAMP B S76 & S86,40.643368,-74.073326,S76 S86
550695,ROCKAWAY BEACH BLVD/BEACH 105 ST,40.58312,-73.826332,Q22 QM16
200144,BAY ST/TOWNSEND AV,40.621412,-74.071615,S51
982458,SEAGIRT BLVD/BEACH 29 ST,40.596267,-73.762276,QM17
500915,NORTHERN BLVD/194 ST,40.757943,-73.788013,Q12
203049,MANOR RD/FOREST AV,40.626832,-74.125208,S54
200899,POST AV/JEWETT AV,40.630918,-74.130383,S44 S94
203609,SOUTH GANNON AV/WOOLEY AV,40.60726,-74.140449,SIM32 SIM33 SIM33C
552027,97 ST/62 DR,40.73234,-73.861676,Q72
901127,METROPOLITAN AV/RENTAR PLAZA,40.712351,-73.889882,M90 T410
201934,VICTORY BLVD/ALBERTA AV,40.590881,-74.19196,S62 S92 SIM32
202069,ARTHUR KILL RD/NASSAU PL,40.519025,-74.240086,S78
201017,HYLAN BLVD/OAK AV,40.562298,-74.117828,S57 S78
553169,71 AV/LOUBET ST,40.712631,-73.849729,Q23
202101,ARTHUR KILL RD/ELVERTON AV,40.562396,-74.157504,S74
403760,W 50 ST/7 AV,40.761062,-73.983503,M50
552453,SHERIDAN BLVD/BAYVIEW AV,40.614334,-73.752601,Q114
201059,TOMPKINS AV/TOWNSEND AV,40.618421,-74.07543,S52 S78
550179,101 AV /VAN WYCK EXPWY,40.693838,-73.812228,Q8
201222,FINGERBOARD RD/LINCOLN PL,40.604736,-74.068781,S52
551337,JUNIPER VALLEY RD/73 PL,40.714967,-73.881238,Q38
500305,SPRINGFIELD BLVD/99 AV,40.715351,-73.73564,Q27
552376,BROOKFIELD RD /HOLIDAY CT,40.64997,-73.708766,Q111
804223,BEACH CHANNEL DR/BEACH 25 ST,40.600553,-73.762024,Q121
550068,EASTERN RD/BUILDING 250,40.653001,-73.766371,Q6
201493,FOREST AV/TARGET,40.62426,-74.139166,S48
551764,COLLEGE POINT BLVD/31 AV,40.769499,-73.841671,Q26
550421,CROSS BAY BLVD/161 AV,40.655679,-73.839172,Q41
551919,NORTHERN BLVD/NEWTOWN RD,40.753218,-73.91125,Q63 Q66
551702,QUEENS BLVD/VAN LOON ST,40.737467,-73.879511,Q60
550099,150 ST/130 AV,40.669937,-73.788918,Q7
700712,60 LN/METROPOLITAN AV,40.712944,-73.902893,Q38
901796,ATLANTIC AV/CRESCENT ST,40.681542,-73.871653,Q24
805054,34 ST/HOBOKEN LIGHT RAIL STATION,40.671472,-74.107189,S89
500317,MURDOCK AV/210 ST,40.702475,-73.745451,Q83
202309,AMBOY RD/HUGUENOT AV,40.532075,-74.191606,S55
501632,SPRINGFIELD BLVD/UNION TPKE,40.735406,-73.74648,Q27 Q88
500461,120 AV/LUCAS ST,40.68739,-73.75841,Q84
505260,SPRINGFIELD BLVD/MERRICK BLVD,40.679952,-73.753097,Q77
405193,E 49 ST/2 Av,40.75449,-73.969364,M50
201511,FOREST AV/SILVER LAKE PARK,40.631591,-74.095588,S48 SIM30
403486,W 42 ST/11 AV,40.760822,-73.998047,M42
200984,HYLAN BLVD/HUGUENOT AV,40.523864,-74.186222,S78
504498,MYRTLE AV/66 PL,40.701362,-73.887109,Q55
504305,METROPOLITAN AV/ASCAN AV,40.70981,-73.846411,Q54
501328,188 ST/87 DR,40.715709,-73.773797,Q17
552048,STEINWAY ST/30 AV,40.764008,-73.914773,Q101
400810,BROADWAY/W 174 ST,40.845164,-73.938824,M5
201138,HYLAN BLVD/GREAT KILLS RD,40.546296,-74.141767,S78
201432,WILLOWBROOK RD/COLLEGE AV,40.622815,-74.14421,S57
551247,62 DR/108 ST,40.735721,-73.850866,Q38
550242,LIBERTY AV /REMINGTON ST,40.692667,-73.80908,Q112 QM64
550739,QUEENS PLAZA SOUTH/22 ST,40.751647,-73.943303,Q66 Q69
550008,ROCKAWAY BLVD/N CONDUIT AV,40.667706,-73.780563,Q6
550599,30 AV/44 ST,40.762432,-73.911629,Q18
550906,108 ST/65 AV,40.73155,-73.848704,Q23
503214,40 AV/LITTLE NECK PKWY,40.773089,-73.741502,Q36
401924,E 86 ST/MADISON AV,40.780881,-73.958662,M86+ M86-SBS
553154,35 AV/35 ST,40.756674,-73.925492,Q66
550930,103 ST/NORTHERN BLVD,40.757482,-73.865587,Q14
307958,SHORE RD/88 ST,40.624496,-74.040638,X27 X37
306393,GARDNER AV/GRAND ST,40.715315,-73.926805,Q59
801212,QUENTIN RD/E 16 ST,40.608445,-73.956601,T464
201006,HYLAN BLVD/GREAT KILLS RD,40.546558,-74.141026,S78
552326,GUY R BREWER BLVD/132 AV,40.674639,-73.776418,Q115
504315,METROPOLITAN AV/74 ST,40.712825,-73.878736,Q54
901451,Queens/Midtown Tunnel3,40.7338,-73.867129,QM63 QM64 QM68
901805,OCEAN AV/BEVERLY RD,40.644919,-73.960078,T464
201114,HYLAN BLVD/ADAMS AV,40.580046,-74.100126,S78
550224,LINCOLN ST /LINDEN BLVD,40.682333,-73.807693,Q9
501122,150 ST/14 AV,40.788495,-73.813743,Q15
551386,58 ST/53 AV,40.734541,-73.910034,Q39
502579,DITMARS BLVD/29 AV,40.764201,-73.862425,Q23
201092,HYLAN BLVD/DONLEY AV,40.607693,-74.07701,S78
450124,5TH AVE / W 48TH ST,40.757018,-73.978429,SIM30
405643,MURRAY ST/WEST BROADWAY,40.714457,-74.010208,M9
551734,164 ST/67 AV,40.734833,-73.805062,Q65
551569,69 ST/QUEENS BLVD,40.740656,-73.895737,Q47
552201,48 ST/SKILLMAN AV,40.746548,-73.916052,Q104
402038,AVENUE C/E 7 ST,40.724334,-73.978577,M9
502807,FRANCIS LEWIS BLVD/116 AV,40.697597,-73.746929,Q77
551205,111 ST/107 AV,40.682691,-73.830017,Q37
904211,42 RD/JACKSON AV,40.74853,-73.939216,Q39
982407,BEACH 108 ST/ROCKAWAY BEACH BLVD,40.582428,-73.829902,Q35
550943,102 ST/NORTHERN BLVD,40.757143,-73.866563,Q14
553239,AQUEDUCT RACETRACK / RESORTS CASINO,40.67665,-73.830806,Q37
501268,CROSS ISLAND PKWY/GOLF COURSE,40.787265,-73.791512,Q16
202883,ARDEN AV/ARTHUR KILL RD,40.558848,-74.197461,SIM23
903293,W 34 ST/HUDSON BLVD EAST,40.755143,-74.000609,T260
701012,SANFORD AV/MURRAY ST,40.760973,-73.812458,Q13 Q65
550954,108 ST/67 RD,40.728182,-73.847296,Q23
553152,LIBERTY AV/130 ST,40.689704,-73.815544,Q112
500113,HOLLIS AV/212 ST,40.709396,-73.745922,Q2
550315,LEFFERTS BLVD/109 AV,40.682484,-73.822199,Q10 Q80 QM18
200197,SCHOOL RD/DENNIS TORRICELLI ST,40.605837,-74.063964,S51
200029,RICHMOND TERR/TAYLOR ST,40.637755,-74.123635,S40
400940,6 AV/W 51 ST,40.760748,-73.97967,M5 M7
200110,FATHER CAPODANNO BLVD/ALTER AV,40.582308,-74.074365,S51 S52
505246,MYRTLE AV/71 PL,40.702164,-73.879375,Q55 QM24 QM25 QM34
550524,30 AV/27 ST,40.768237,-73.9245,Q18
502795,FRANCIS LEWIS BLVD/JAMAICA AV,40.713976,-73.754288,Q77
903138,SAINT NICHOLAS AV/W 168 ST,40.840406,-73.939543,T204
203951,AMBOY RD/BAYVIEW AV,40.525512,-74.205067,S55
982360,108 ST/ROOSEVELT AV,40.750556,-73.858776,Q23
552287,147 AV/FRANCIS LEWIS BLVD,40.65751,-73.728658,Q111
201078,SAINT PAULS AV/SWAN ST,40.634613,-74.078608,S78
552300,147 AV /BROOKVILLE BLVD,40.657503,-73.744956,Q111
203674,TOMPKINS AV/SAINT MARYS AV,40.613978,-74.072297,S52 S78
401893,W 79 ST/BROADWAY,40.784063,-73.980345,M79+ M79-SBS
551864,NORTHERN BLVD/60 ST,40.753685,-73.902279,Q63 Q66
202537,GRANDVIEW AV/CONTINENTAL PL,40.630585,-74.165234,S46 S96
501661,SPRINGFIELD BLVD/69 AV,40.743505,-73.753856,QM35 QM5 QM8
552051,STEINWAY ST/28 AV,40.765422,-73.913891,Q101
200646,CLOVE RD/BEMENT AV,40.620484,-74.10979,S53 SIM35
203116,TOMPKINS AV/CHESTNUT AV,40.615339,-74.073349,S52 S78
500895,NORTHERN BLVD/LITTLE NECK PKWY,40.770448,-73.735794,Q12
502851,FRANCIS LEWIS BLVD/100 AV,40.712354,-73.753194,Q77
504473,FRANCIS LEWIS BLVD/172 ST,40.770852,-73.793409,Q76
553086,DITMARS BLVD/71 ST,40.768033,-73.89783,Q69
202917,RICHMOND AV/FOREST HILL RD,40.570819,-74.169607,S55 S56
551272,FURMANVILLE AV/75 PL,40.717056,-73.879041,Q38
501543,HOLLIS COURT BLVD/UTOPIA PKWY,40.752898,-73.792058,Q26 Q27
805017,SAINT GEORGE FERRY/RAMP C,40.643571,-74.073149,S48 S98
805118,lincoln tnl app/lincoln tnl app,40.756743,-73.995651,SIM30
551050,MAIN ST/40 RD,40.759003,-73.830017,Q25
202039,VICTORY BLVD/MORANI ST,40.608055,-74.157781,S62 S92 SIM32
500257,LIBERTY AV/170 ST,40.703355,-73.788445,Q42 Q83
403518,W 87 ST/WEST END AV,40.789549,-73.977198,M86+ M86-SBS
551063,81 ST/MYRTLE AV,40.703363,-73.867254,Q29
200322,INNIS ST/SAINT JOSEPH AV,40.633783,-74.142537,S46 S96
552954,21 ST/31 AV,40.767282,-73.930056,Q69
901190,Gowanus Ep En Rp/86 St,40.620062,-74.023605,X28 X38
803058,E 72 ST/YORK AV,40.766958,-73.954141,M72
553297,LIBERTY AV/95 ST,40.680362,-73.84404,Q112 Q41
200971,HYLAN BLVD/JOLINE AV,40.506066,-74.235065,S59 S78
200161,MIDLAND AV/HYLAN BLVD,40.577697,-74.10198,S51
200385,RICHMOND AV/GURLEY AV,40.559015,-74.16937,S59
552343,GUY R BREWER BLVD/MATHIAS AV,40.691007,-73.787054,Q115
201320,WILLOWBROOK RD/FOREST AV,40.624682,-74.144142,S57
552058,STEINWAY ST/DITMARS BLVD,40.772965,-73.905823,Q101
203776,WILDER AV/PINEWOOD AV,40.569943,-74.133985,SIM15
202494,CEDAR GROVE AV/TOPPING ST,40.562271,-74.099624,S76 S86
201235,BEACH ST/VAN DUZER ST,40.628843,-74.079405,S52
304628,JAMAICA AV/RICHMOND ST,40.687332,-73.878334,Q56
200281,CASTLETON AV/JERSEY ST,40.636096,-74.085225,S52
501308,BAYSIDE AV/148 ST,40.771288,-73.819124,Q16
503511,CORONA AV/51 AV,40.74363,-73.855877,Q58
302088,ATLANTIC AV/SHERIDAN AV,40.682663,-73.867653,Q24
551030,127 ST/11 AV,40.788088,-73.84092,Q25
201374,RICHMOND RD/ROSE AV,40.575159,-74.121274,S57
200009,RICHMOND TERR/POST LN,40.639339,-74.164089,S40
551465,LAKEWOOD AV/PINEGROVE ST,40.689128,-73.803908,Q41
203957,LUTEN AV/DEISIUS ST,40.528263,-74.19205,S55
405580,RIVERSIDE DR/W 119 ST,40.810847,-73.964477,M5
504476,39 AV /138 ST,40.760769,-73.827944,Q61
904019,23 AV/BELL BLVD,40.782433,-73.776847,Q28
400760,RIVERSIDE DR/W 87 ST,40.790737,-73.979671,M5
500861,SANFORD AV/162 ST,40.760135,-73.803589,Q13
553340,PARK LN SOUTH/METROPOLITAN AV,40.708094,-73.836976,Q37
501509,UTOPIA PKWY/UNION TPKE,40.725924,-73.791855,Q30 Q31 Q75
550771,ROCKAWAY BEACH BLVD/BEACH 88 ST,40.587229,-73.813178,Q121 Q22
401552,E 10 ST/AVENUE C,40.726046,-73.977844,M8
550692,21 ST/ASTORIA BLVD,40.772396,-73.925725,Q100 Q69
505233,HILLSIDE AV/AVON ST,40.713535,-73.780431,Q3 Q76
501504,UTOPIA PKWY/69 AV,40.73278,-73.793405,Q31
500673,BEDELL ST/127 AV,40.679691,-73.773281,Q85 Q89
504207,ATLANTIC AV/WOODHAVEN BLVD,40.687999,-73.84986,Q24
804216,JACKSON AV/QUEENS BLVD,40.748819,-73.937879,T320
203891,McCLEAN AV/CONGER ST,40.598013,-74.066383,S53
552041,STEINWAY ST/35 AV,40.755296,-73.922107,Q101
504358,MYRTLE AV/82 AV,40.702944,-73.85827,Q55
200008,RICHMOND TERR/SOUTH AV,40.640108,-74.165755,S40 S90 SIM33 SIM33C SIM34
200099,MIDLAND AV/OLYMPIA BLVD,40.572504,-74.093593,S51
403076,WEST END AV/W 66 ST,40.776334,-73.986857,M57
200820,MORNINGSTAR RD/FOREST  AV,40.625734,-74.148555,S44 S89 S94
553254,74 ST/34 AV,40.753145,-73.892431,Q47
500904,NORTHERN BLVD/219 ST,40.761273,-73.763383,Q12
551788,15 AV/118 ST,40.784015,-73.849646,Q26
501937,JAMAICA AV/222 ST,40.720739,-73.731685,Q110 Q36
500031,SPRINGFIELD BLVD/93 AV,40.722125,-73.736869,Q27 Q36 Q88
505389,KISSENA BLVD/71 AV,40.729083,-73.815288,Q25
504491,GRAND AV/61 ST,40.72173,-73.904598,Q59
503702,NORTH BOUNDARY RD/150 AV,40.661641,-73.790128,Q3
700939,DITMARS BLVD/76 ST,40.768486,-73.893156,Q69
502278,MAIN ST/76 AV,40.722331,-73.819657,Q20
401957,E 96 ST/3 AV,40.785357,-73.949465,M96
201485,FOREST AV/AMITY PL,40.626466,-74.160775,S48 S98
202185,VAN DUZER ST/VANDERBILT AV,40.613738,-74.087392,S74 S84
203008,MIDLAND AV/MASON AV,40.575066,-74.098326,S51
203562,MILL RD/EBBITTS ST,40.564194,-74.110115,S76
203480,BROADWAY/COLONIAL CT,40.626178,-74.114843,S53
402299,E 72 ST/2 AV,40.769046,-73.958721,M72
202388,NEW DORP LN/HYLAN BLVD,40.570412,-74.109522,S76
901706,FULTON ST/VAN SINDEREN AV,40.67793,-73.903699,T426
501947,JERICHO TPKE/LITTLE NECK PKWY,40.727308,-73.711126,Q110 Q36
805108,EYLENDT ST/ LUTEN AV,40.526823,-74.191293,S56
501657,SPRINGFIELD BLVD/UNION TPKE,40.73621,-73.746796,Q27 Q88
552101,31 ST/36 AV,40.756425,-73.929739,Q102
901695,UNION AV/BROADWAY,40.705349,-73.950238,T403
552225,JAMAICA AV/188 ST,40.710825,-73.770959,Q110
901816,quentin rd/coney island av,40.607986,-73.961888,T464
203074,FOREST HILL RD/STEERS  ST,40.596845,-74.141424,S61 S91 SIM31
500063,BRADDOCK AV/WINCHESTER BLVD,40.728936,-73.737611,Q1
503787,FRANCIS LEWIS BLVD/GRAND CENTRAL PKWY,40.725403,-73.765369,Q76
200025,RICHMOND TERR/HEBERTON AV,40.638978,-74.129443,S40
551893,NORTHERN BLVD/108 ST,40.757776,-73.860512,Q63 Q66
503917,59 AV/92 ST,40.734074,-73.869315,Q14 QM11
550198,101 AV /111 ST,40.688065,-73.832899,Q8
203075,RICHMOND AV/AUGUSTA AV,40.552063,-74.168009,S59 S79+ S79-SBS
505301,FARMERS BLVD/131 AV,40.679407,-73.761777,Q3
804212,QUEENS BLVD/33 ST,40.744478,-73.931893,T320
982171,74 ST/ROOSEVELT AV (VICTOR MOORE TERMINAL),40.746613,-73.89072,Q49
404289,RIVERSIDE DR/W 74 ST,40.78204,-73.98487,M5
404242,WORTH ST/CHURCH ST,40.716917,-74.006104,SIM32
505402,METROPOLITAN AV/FLUSHING AV,40.713472,-73.915976,Q54
553315,BROADWAY/48 ST,40.756,-73.912745,Q104
500652,140 AV/THURSTON ST,40.672485,-73.759124,Q85 Q89
552927,WILLETS POINT BLVD/154 ST,40.778251,-73.80905,Q61 QM20
701008,ROCKAWAY BLVD/79 ST,40.685008,-73.861296,Q7
551222,111 ST/86 AV,40.698763,-73.838185,Q37
550239,LINCOLN ST /115 AV,40.680442,-73.807947,Q9
304636,JAMAICA AV/HENDRIX ST,40.680846,-73.891895,Q56
500165,FARMERS BLVD/140 AV,40.671179,-73.764637,Q3
503770,FARMERS BLVD/QUENCER RD,40.694863,-73.761978,Q3
550624,ASTORIA BLVD/82 ST,40.765317,-73.887672,Q19 Q69
505344,QUEENS BLVD/HOOVER AV,40.712211,-73.825392,Q60
201284,TOMPKINS AV/BELAIR RD,40.609438,-74.069481,S52
805167,C ST/1 AV,40.598891,-74.151783,S93
201754,GUYON AV/CLAWSON ST,40.561295,-74.121414,S57
503910,ROOSEVELT AV/UNION ST,40.759979,-73.828602,Q13
403537,3 AV/E 125 ST,40.80389,-73.935524,M98
200791,JERSEY ST/BRIGHTON AV,40.63815,-74.087552,S42 S52
500074,HILLSIDE AV/FRANCIS LEWIS BLVD,40.720959,-73.759687,Q1 Q36 Q77 Q82
550586,69 ST/52 DR,40.732116,-73.895756,Q18
200073,RICHMOND TERR/NORTH ST,40.640322,-74.134883,S40
403307,AVENUE C/E 10 ST,40.725624,-73.977837,M9
505507,BORDEN AV/5 ST,40.741873,-73.956774,Q101 Q103
550556,65 PL/QUEENS BLVD,40.741347,-73.899769,Q18
550824,CORNAGA AV/BEACH 19 ST,40.602404,-73.752307,Q22 QM17
200618,HOWARD AV/SIGNAL HILL RD,40.618563,-74.091142,S66
405169,E 79 ST/LEXINGTON AV,40.774844,-73.958768,M79+ M79-SBS
202906,FOSTER RD/SINCLAIR AV,40.538859,-74.206191,S56
550345,LEFFERTS BLVD/AUSTIN ST,40.70941,-73.829474,Q10 Q80 QM18
450424,WARREN ST/GREENWICH ST,40.715601,-74.011304,M9
501026,BELL BLVD/38 AV,40.766471,-73.772412,Q13 Q31
200056,RICHMOND TERR/FRANKLIN AV,40.645589,-74.092765,S40 S44
203513,SAND LN/OLYMPIA BLVD,40.592484,-74.068243,S52
401900,86 ST TRANSVERSE /CENTRAL PARK,40.78323,-73.963993,M86+ M86-SBS
904992,BROADWAY/RODNEY ST,40.707992,-73.956847,T410 T433
503565,PARSONS BLVD/22 AV,40.779182,-73.823518,Q20
805082,BLOOMINGDALE RD/MARVIN RD,40.535389,-74.218221,S55
553435,NORTHERN BLVD/60 ST,40.753928,-73.902414,Q63 Q66
552167,BROADWAY/14 ST,40.76649,-73.933739,Q104
200746,CLYDE PL/ARNOLD ST,40.638994,-74.090139,S42
204000,COLLEGE OF STATEN ISLAND LOOP RD/SOUTH ADMIN,40.59889,-74.151686,S93
505081,MYRTLE AV/SUMMERFIELD ST,40.700585,-73.896364,Q55
400646,FORT WASHINGTON AV/W 177 ST,40.847583,-73.939718,M4
550398,102 ST /159 RD,40.659603,-73.83125,Q11
203834,PAGE AV/HYLAN BLVD,40.508104,-74.230071,SIM26
504285,METROPOLITAN AV/124 ST,40.704944,-73.827758,Q54
551460,142 ST/111 AV,40.685822,-73.802413,Q40
500504,120 AV/178 ST,40.685294,-73.765963,Q84
350237,LOGAN ST /SUTTER AV,40.672436,-73.875539,Q8
402057,AVENUE C/E 14 ST,40.728544,-73.975657,M9
400170,BROADWAY/RECTOR ST,40.707554,-74.01196,M55
804129,ROOSEVELT AV/SHEA RD,40.755349,-73.843451,T321
553431,63 RD/98 PL,40.732289,-73.858057,Q38
501156,150 ST/BAYSIDE AV,40.771412,-73.81578,Q15
505143,SPRINGFIELD BLVD/109 AV,40.708728,-73.738184,Q27
500485,120 AV/237 ST,40.685887,-73.728174,Q84
552212,JAMAICA AV /178 ST,40.707821,-73.783573,Q110
552268,PENINSULA BLVD/HOWARD AV,40.633797,-73.722896,Q111
551655,QUEENS BLVD/68 DR,40.724635,-73.849608,Q60
501407,188 ST/AVON RD,40.722993,-73.777912,Q17
904983,JFK AIRPORT/HOWARD BEACH STATION,40.662398,-73.830218,Q121 Q97
503954,SUNRISE HWY/FRANCIS LEWIS BLVD,40.66568,-73.73623,Q85 Q89
551816,JEWEL AV/PARK DR EAST,40.727921,-73.831391,Q64
701087,JAMAICA CENTER/BAY D,40.702168,-73.800845,Q4
503653,ATLANTIC AV/108 ST,40.691372,-73.837994,Q24
504024,94 ST/DITMARS BLVD,40.770265,-73.875896,Q72
901839,RIDGEWOOD AV/CLEVELAND ST,40.682518,-73.886403,T430
502004,SAYRES AV/178 ST,40.69741,-73.775493,Q42
450074,MAIN ST/ROOSEVELT ISLAND SCHOOL,40.764306,-73.947463,Q102
203691,CEDAR GROVE AV/GARIBALDI AV,40.561601,-74.100145,S76
551284,ELIOT AV/67 ST,40.718297,-73.893375,Q14
901700,UNION AV/BROADWAY,40.70534,-73.950179,T403
553370,ROCKAWAY BEACH BLVD/BEACH 108 ST,40.582093,-73.828794,Q22
504347,MYRTLE AV/PARK LANE SOUTH,40.701117,-73.842381,Q55
501110,150 ST/CROSS ISLAND PKWY SERVICE RD NORTH,40.787588,-73.813269,Q15
502085,HILLSIDE AV/268 ST,40.738862,-73.701373,Q43
502985,HORACE HARDING EXPWY/OTIS AV,40.736672,-73.856615,Q88 Q98
200895,CARY AV/ELIZABETH ST,40.632282,-74.120654,S44
553356,CROSS BAY BLVD/LIBERTY AV,40.680388,-73.844817,Q52+ Q52-SBS Q53+ Q53-SBS
550171,101 AV /115 ST,40.689024,-73.829178,Q8
505400,SPRINGFIELD BLVD/SPRINGFIELD LN,40.660895,-73.761005,Q77
553137,102 ST/157 AV,40.663962,-73.832332,QM15
500685,NORTH CONDUIT AV/225 ST,40.666453,-73.752124,Q85 Q89
501367,MAIN ST/ROOSEVELT AV,40.759259,-73.830112,Q50 Q90
450146,MAIN ST/POST OFFICE,40.76504,-73.946799,Q102
250041,AMBOY RD/RICHMOND VALLEY RD,40.519123,-74.22941,SIM26
350000,PITKIN AV /EUCLID AV,40.675497,-73.871784,Q112 Q8
505524,75 ST/34 AV,40.752832,-73.891579,Q47
450338,E 60 ST/2 AV,40.761247,-73.963718,Q60
200389,YUKON AV/RICHMOND AV,40.576976,-74.16941,S59
503168,150 ST/JAMAICA AV,40.702233,-73.804568,Q83
553250,143 ST/135 AV,40.668437,-73.796352,Q40
304534,JAMAICA AV/HALE AV,40.685919,-73.880875,Q56
503720,CORPORAL KENNEDY ST/26 AV,40.776976,-73.782846,Q28 QM20
203222,RICHMOND TERR/SNUG HARBOR RD EAST,40.645406,-74.104638,S40
203550,ARTHUR KILL RD/RICHMOND VALLEY RD,40.521375,-74.239583,S78
503425,JAMAICA AV/111 ST,40.696719,-73.837509,T340
552470,ROCKAWAY TPKE /W BROADWAY,40.6238,-73.734838,Q114
551938,BORDEN AV/VAN DAM ST,40.737414,-73.934931,Q67
202669,VICTORY BLVD/SIMMONS LN,40.594922,-74.185044,S62 S92 SIM32
502019,177 ST/LIBERTY AV,40.705312,-73.782402,Q42
903317,LEXINGTON AV/E 126 ST,40.804786,-73.93725,T102
550115,ROCKAWAY BLVD/147 ST,40.673561,-73.790772,Q7
201646,VANDERBILT AV/IRVING PL,40.61642,-74.083071,S76
981016,E 60 ST/2 AV,40.761214,-73.963645,Q60
901838,CRESCENT ST/FULTON ST,40.683336,-73.87217,T434
350009,FLATBUSH AV/GATEWAY SPORTS,40.591186,-73.90172,Q35
201317,DECKER AV/BEEKMAN ST,40.627544,-74.138197,S57
501995,177 ST/106 AV,40.702957,-73.780989,Q42
202057,VICTORY BLVD/CON EDISON,40.587632,-74.197729,S62 S92
804017,138 ST/38 AV,40.761025,-73.830966,Q17
700901,44 DR/JACKSON AV,40.747046,-73.942389,Q39
350179,GRANT AV /LIBERTY AV,40.678735,-73.866112,Q8
504296,METROPOLITAN AV/129 ST,40.703938,-73.823869,Q54
551817,JEWEL AV/PARK DR EAST,40.728112,-73.831637,Q64
504465,LIBERTY AV/183 ST,40.705391,-73.776286,Q83
500913,NORTHERN BLVD/FRANCIS LEWIS BLVD,40.757792,-73.783353,Q12 Q13
201288,FINGERBOARD RD/GRASMERE DR,40.60188,-74.071663,S52
701004,ROCKAWAY BLVD/102 RD,40.681734,-73.848959,Q7
203511,CLOVE RD/TARGEE ST,40.6077,-74.089219,S53
403997,E 67 ST/YORK AV,40.76383,-73.956353,M66
203548,ARTHUR KILL RD/ELLIS RD,40.541382,-74.237556,S74 S84
552279,ROSEDALE RD /HUNGRY HARBOR RD,40.6509,-73.712766,Q111
500946,LITTLE NECK PKWY/80 AV,40.743809,-73.717393,Q36
805162,West Shore ep/SIE(N),40.620825,-74.17247,SIM2
501084,NORTHERN BLVD/146 ST,40.765011,-73.820905,Q12
201690,MANOR RD/TILLMAN ST,40.604831,-74.120741,S54
905103,LINCOLN AV/RICHMOND RD,40.580952,-74.111446,S51 S81
200362,NELSON AV/BELDEN ST,40.5472,-74.149919,S54
200210,NORWAY AV/OLYMPIA BLVD,40.590829,-74.076965,S52
550710,DITMARS BLVD/STEINWAY ST,40.77305,-73.906163,Q69
204064,RICHMOND TERR/NICHOLAS ST,40.647438,-74.080735,S40
203557,MERRY MOUNT ST/TRAVIS AV,40.590685,-74.158604,S61 S91
500963,40 AV/LITTLE NECK PKWY,40.773127,-73.741419,Q36
550762,ROCKAWAY BEACH BLVD/BEACH 127 ST,40.576653,-73.846062,QM16
201738,MANOR RD/NORTH GANNON AV,40.609994,-74.121414,S54
200256,NICHOLAS AV/CHARLES AV,40.63498,-74.140651,S46 S96
550757,ROCKAWAY BEACH BLVD/BEACH 133 ST,40.574835,-73.851084,Q35
201436,DECKER AV/BARRETT AV,40.627431,-74.138052,S57
552082,VERNON BLVD/38 AV,40.759413,-73.943956,Q103
501804,UTOPIA PKWY/58 AV,40.741625,-73.79259,Q31
203500,CLOVE RD/TARGEE ST,40.607706,-74.089568,S53
551422,FOREST AV/PUTNAM AV,40.70465,-73.901862,Q39
503791,LINDEN BLVD/179 ST,40.692351,-73.767574,Q4 Q51
804211,JACKSON AV/QUEENS BLVD,40.749606,-73.938594,Q108
551740,164 ST/METCALF AV,40.747382,-73.802813,Q65
901515,ARTHUR KILL RD/West Service Rd,40.557538,-74.206685,SIM22
201125,HYLAN BLVD/CANNON BLVD,40.565169,-74.115267,S78
502072,HILLSIDE AV/239 ST,40.73358,-73.725517,Q43
553127,PARSONS BLVD/JAMAICA AV,40.703425,-73.800343,Q25 Q65
200620,ARLO RD/GRYMES HILL APARTMENTS,40.619982,-74.092665,S66
551586,31 AV/76 ST,40.758582,-73.891408,Q47
551951,QUEENS MIDTOWN EXPWY/HAMILTON PL,40.725321,-73.899183,Q18 Q67
505423,WILLETS POINT BLVD/20 RD,40.779827,-73.803325,Q61
202391,NEW DORP LN/NEW DORP PLAZA,40.574119,-74.116586,S57
505457,149 AV/241 ST,40.652568,-73.743156,Q86
901818,pennsylvania av/jamaica av,40.678032,-73.897466,T430
403459,E 42 ST/PARK AV,40.75188,-73.97733,M42
550678,21 ST/36 AV,40.760144,-73.936419,Q66 Q69
551713,164 ST/85 AV,40.712699,-73.80126,Q65
402036,AVENUE C/E 3 ST,40.721781,-73.980425,M9
551687,157 ST/109 AV,40.693356,-73.794554,Q60
550913,108 ST/HORACE HARDING EXPWY,40.736844,-73.851769,Q23
308444,ROEBLING ST/GRAND ST,40.713355,-73.958225,Q59
502802,FRANCIS LEWIS BLVD/112 AV,40.703973,-73.749797,Q77
550551,58 ST/WOODSIDE AV,40.745753,-73.906226,Q18
803033,WATER ST/HANOVER SQ,40.70363,-74.00954,SIM35
304525,JAMAICA AV/PENNSYLVANIA AV,40.678296,-73.896997,Q56
200033,RICHMOND TERR/NORTH BURGHER AV,40.641784,-74.1155,S40 S90
503073,SPRINGFIELD BLVD/141 AV,40.671214,-73.756553,Q77 Q85 Q89
553293,ROOSEVELT AV/PRINCE ST,40.759052,-73.831809,Q90
550997,KISSENA BLVD/AGUILAR AV,40.728,-73.814008,Q25
501755,32 AV/201 ST,40.770013,-73.788647,Q28
200136,SCHOOL RD/DENNIS TORRICELLI ST,40.606005,-74.063168,S51
550057,ROCKAWAY BLVD/150 ST,40.672895,-73.78783,Q6
302166,ATLANTIC AV/GRANT AV,40.682962,-73.867576,Q24
307916,WILLIAMSBURG BRIDGE PLAZA/BUS TERMINAL,40.709434,-73.95931,Q54
503872,ASTORIA BLVD/73 ST PEDESTRIAN OVERPASS,40.766398,-73.896272,Q19
552419,LIBERTY AV /115 ST,40.685798,-73.827987,Q112
500882,NORTHERN BLVD/223 ST,40.761867,-73.758606,Q12
553438,WHITESTONE EXPWY/25 AV,40.776647,-73.828664,Q50
503728,ROOSEVELT AV/MAIN ST,40.759766,-73.829182,Q13 Q15
202383,NEW DORP LN/ROMA AV,40.565954,-74.100533,S76
551473,88 AV/SUTPHIN BLVD,40.704863,-73.809039,Q40
501511,UTOPIA PKWY/STADIUM RD,40.723069,-73.790434,Q31
503914,HILLSIDE AV/240 ST,40.733545,-73.726302,Q43
400838,RIVERSIDE DR/W 106 ST,40.802324,-73.970472,M5
250011,HUGUENOT AV/AVON GREEN,40.54871,-74.199989,SIM24
551221,111 ST/86 AV,40.698664,-73.837941,Q37
400847,RIVERSIDE DR/W 84 ST,40.788278,-73.981178,M5
903302,E 55 ST/1 AV,40.756935,-73.963476,M57
501872,UTOPIA PKWY/47 AV,40.750186,-73.792274,Q31
552257,JAMAICA AV/173 ST,40.708007,-73.787,Q110
202890,WOODROW RD/DELMAR AV,40.545966,-74.192889,S56
550784,ROCKAWAY BEACH BLVD/BEACH 73 ST,40.589174,-73.801191,Q52+ Q52-SBS
203153,EBBITTS ST/CEDAR GROVE AV,40.559914,-74.101924,S76
902206,BAINBRIDGE AV/E 206 ST,40.874102,-73.879258,T127
503450,MADISON ST/ONDERDONK AV,40.703052,-73.904991,Q58
200275,CASTLETON AV/BRIGHTON AV,40.633947,-74.097737,S46 S96
503431,JAMAICA AV/98 ST,40.694847,-73.847657,Q56
552165,BROADWAY/11 ST,40.767419,-73.935788,Q104
401884,E 79 ST/3 AV,40.77454,-73.957682,M79+ M79-SBS
553061,35 AV/76 ST,40.751191,-73.890121,Q49
202090,ARTHUR KILL RD/CARLYLE GREEN,40.557355,-74.199209,S74
404287,ESSEX ST/EAST BROADWAY,40.714094,-73.990301,M9
502300,UNION TPKE/135 ST,40.715927,-73.823737,Q45
551976,MAURICE AV/QUEENS-MIDTOWN EXPWY,40.727858,-73.906713,Q67
805113,Bridge loop,40.604353,-74.06671,SIM5 SIM6
700242,109 AV/VAN WYCK EXPWY WEST,40.687238,-73.807726,Q41
551626,QUEENS BLVD/61 ST,40.741042,-73.902394,Q60
500105,HOLLIS AV/109 AV,40.706603,-73.7622,Q2
804228,SPRINGFIELD BLVD/HILLSIDE AVE,40.729653,-73.745289,Q1
203038,BROADWAY/COLONIAL CT,40.625522,-74.114636,S53
551545,80 ST/58 AV,40.727155,-73.881011,Q47
553052,RUST ST/58 RD,40.72016,-73.911742,Q39
200793,BRIGHTON AV/WEBSTER AV,40.635766,-74.089635,S42
103767,LAFAYETTE AV/HUTCHINSON RIVER PKWY,40.824994,-73.836838,Q44+ Q44-SBS Q50
550250,PITKIN AV/83 ST,40.675495,-73.853635,Q112
552292,147 AV /256 ST,40.657481,-73.732754,Q111
503747,GRAND AV/MASPETH AV,40.722661,-73.902289,Q59
503402,JAMAICA AV/VAN WYCK EXPWY,40.702366,-73.81695,Q54 Q56
200755,JERSEY ST/LAYTON AV,40.641461,-74.086706,S42 S52
553117,SANFORD AV/KISSENA BLVD,40.75715,-73.826771,Q26 Q27 Q65
400941,6 AV/W 54 ST,40.762617,-73.978301,M5 M7
550983,PARSONS BLVD/84 RD,40.713828,-73.80692,Q25
307155,BROADWAY/MADISON ST,40.687986,-73.919576,Q24
200016,RICHMOND TERR/HOUSEMAN AV,40.6373,-74.148612,S40
553344,BROADWAY/78 ST,40.74495,-73.887109,Q53+ Q53-SBS
552430,BEACH 9 ST /SEAGIRT BLVD,40.596771,-73.744152,Q113
552117,ASTORIA BLVD/14 ST,40.772136,-73.92865,Q19
550536,30 AV/47 ST,40.761121,-73.909262,Q18
551477,143 ST/ROCKAWAY BLVD,40.67366,-73.795799,Q40
202786,AMBOY RD/1 ST,40.574176,-74.12169,S57
201712,BROADWAY/WAYNE ST,40.63795,-74.11754,S54
500480,238 ST/128 AV,40.681657,-73.728895,Q84
401878,E 80 ST/EAST END AV,40.771092,-73.94777,M79+ M79-SBS
202661,VICTORY BLVD/CHESHIRE PL,40.6195,-74.100055,S61 S62
501874,UTOPIA PKWY/PIDGEON MEADOW RD,40.747306,-73.792462,Q31
200204,SAND LN/McCLEAN AV,40.59681,-74.070569,S52
551092,83 ST/ROOSEVELT AV,40.747637,-73.88292,Q29
553037,QUEENS BLVD/IRELAND ST,40.73821,-73.886248,Q60
700514,JACKSON AV/50 AV,40.742654,-73.952719,Q101
904982,150 AV/148 ST,40.661472,-73.792461,Q3
501463,HORACE HARDING EXPWY/244 ST,40.757996,-73.736976,Q30
500041,BRADDOCK AV/224 ST,40.727819,-73.733471,Q1
502691,FRANCIS LEWIS BLVD/HORACE HARDING EXPWY NORTH,40.744051,-73.775939,Q76
201593,RICHMOND RD/MIDLAND AV,40.582242,-74.109888,S74 S76
550190,101 AV /131 ST,40.692772,-73.816393,Q8
500593,MERRICK BLVD/SELOVER RD,40.681626,-73.765374,Q5
501296,29 AV/171 ST,40.770582,-73.793984,Q16
553069,90 ST/NORTHERN BLVD,40.756192,-73.877977,Q49
500012,HILLSIDE AV/191 ST,40.716032,-73.770711,Q76
405421,E 125 ST/LEXINGTON AV,40.804112,-73.936915,M60+ M60-SBS
202180,VAN DUZER ST/YOUNG ST,40.621224,-74.085649,S74
552993,HOFFMAN DR/WOODHAVEN BLVD,40.733152,-73.871078,Q11
301857,GRAND ST/BUSHWICK AV,40.711905,-73.941236,Q54 Q59
202726,ARTHUR KILL RD/MILES AV,40.565163,-74.155103,S54 S74
505414,ELIOT AV/FRESH POND RD,40.714559,-73.901346,Q14
550143,PITKIN AV/84 ST,40.675415,-73.852697,Q112
201566,FOREST AV/SANDERS ST,40.625486,-74.151311,S48 S98
550260,VAN WYCK EXPWY/109 AV,40.687029,-73.808383,Q9
551365,VAN DAM ST/47 AV,40.743009,-73.934032,Q39
504523,BRINKERHOFF AV/189 ST,40.703831,-73.767425,Q83 QM64
401905,E 86 ST/LEXINGTON  AV,40.779177,-73.954877,M86+ M86-SBS
550702,ROCKAWAY BEACH BLVD/BEACH 96 ST,40.585321,-73.817844,Q53+ Q53-SBS
502832,SPRINGFIELD BLVD/136 AV,40.678091,-73.75446,Q77
504482,CORPORAL KENNEDY ST/32 AV,40.77239,-73.780665,Q28
901713,SNEDIKER AV/SUTTER AV,40.668595,-73.900752,T426
250029,WOODROW RD/BERRY AV W,40.560205,-74.180356,SIM8
550019,SUTPHIN BLVD/LINDEN BLVD,40.686206,-73.793726,Q6
903367,GRAND ST/CHRYSTIE ST,40.718132,-73.993903,T232
405086,WEST END AV/W 70 ST,40.778725,-73.985135,M57 M72
982109,QUEENS PLAZA SOUTH/27 ST,40.75012,-73.939706,Q100
200487,NELSON AV/BELDEN ST,40.547411,-74.149822,S54
503862,108 ST/HORACE HARDING EXPWY,40.737858,-73.851901,Q23 Q58
905201,WOODROW RD/SHOTWELL AV,40.556203,-74.182289,SIM8
501371,KISSENA BLVD/FRANKLIN AV,40.755326,-73.824643,Q17 Q25
500473,120 AV/226 ST,40.688428,-73.737096,Q84
505268,137 AV/FARMERS BLVD,40.673388,-73.764452,Q85
551236,111 ST/ROCKAWAY BLVD,40.677692,-73.827763,Q37
201112,HYLAN BLVD/SEAVER AV,40.58292,-74.096512,S78
201686,BRIELLE AV/GANSEVOORT BLVD,40.598076,-74.125586,S54
553282,75 ST/37 AV,40.7487,-73.890961,Q47 Q49
551105,DRY HARBOR RD/CALDWELL AV,40.724922,-73.873125,Q29
202335,ANNADALE RD/ARDEN AV,40.544777,-74.176169,S55
203746,NEW YORK AV/TOMPKINS AV,40.602764,-74.05763,S51
502695,FRANCIS LEWIS BLVD/50 AV,40.75066,-73.779067,Q76
550543,BROADWAY/NORTHERN BLVD,40.753444,-73.90735,Q18
504954,FRANCIS LEWIS BLVD/256 ST,40.659212,-73.729844,QM63
203030,CLOVE RD/CARY AV,40.631602,-74.124745,S54
201502,FOREST AV/ELIZABETH ST,40.628578,-74.119159,S48
500244,FARMERS BLVD/177 PL,40.663576,-73.76896,Q3
402055,AVENUE C/E 18 ST,40.731266,-73.974185,M9
504251,METROPOLITAN AV/WOODWARD AV,40.713716,-73.920198,Q54
500586,MERRICK BLVD/SPRINGFIELD BLVD,40.680182,-73.752725,Q5 Q86 Q87
982148,165 AV /96 ST,40.649569,-73.834387,Q11
551461,142 ST/111 AV,40.685701,-73.80255,Q40
551270,PENELOPE AV/78 ST,40.718719,-73.876279,Q38
401921,E 86 ST/3 AV,40.778999,-73.954184,M86+ M86-SBS
550594,58 ST/BROADWAY,40.751696,-73.903505,Q18
505505,34 AV/9 ST,40.765016,-73.939161,Q104
200532,JEWETT AV/MARKHAM PL,40.615538,-74.13117,S66
202635,SEGUINE AV/KNOX ST,40.523002,-74.199325,S55 S56
500252,HILLSIDE AV/165 ST,40.70915,-73.797439,QM68
550096,ROCKAWAY BLVD/147 ST,40.673315,-73.790619,Q7
201496,FOREST AV/HAMLIN PL,40.626309,-74.13301,S48
201188,HYLAN BLVD/SHARROTT AV,40.51189,-74.210275,S59 S78
550073,ROCKAWAY BLVD/101 ST,40.679723,-73.838228,Q41 Q7
203466,MIDLAND AV/NORTH RAILROAD AV,40.580571,-74.107454,S51
505345,JAMAICA AV/160 ST,40.703845,-73.799325,Q41 Q8
553258,LEFFERTS BLVD/AIRTRAIN STATION,40.661573,-73.824539,Q3
203156,EBBITTS ST/CUBA AV,40.563704,-74.108833,S76 S86
400516,5 AV/W 46 ST,40.756156,-73.979047,M4 M5
551845,JEWEL AV/PARSONS BLVD,40.732227,-73.810503,Q74 QM4 QM44
550141,SUTTER AV/88 ST,40.676172,-73.849078,Q112
551356,63 RD/108 ST,40.734175,-73.850443,Q38
905106,BROADWAY/RICHMOND TERR,40.640208,-74.118016,S54
553177,LINDEN PL/WHITESTONE EXPWY,40.771671,-73.833621,Q25
505325,54 AV/43 ST,40.732264,-73.924667,Q67
201294,McCLEAN AV/MALLORY AV,40.594284,-74.078172,S52
200207,McCLEAN AV/JEROME AV,40.59504,-74.075782,S52
401532,W 10 ST/7 AV S,40.734228,-74.002587,M8
502271,MAIN ST/MELBOURNE AV,40.734072,-73.825442,Q20 Q44+ Q44-SBS
504184,ATLANTIC AV/84 ST,40.685566,-73.857425,Q24
501085,NORTHERN BLVD/PARSONS BLVD,40.76467,-73.824161,Q12
505008,MAIN ST/139 ST,40.711091,-73.81899,Q20 Q44+ Q44-SBS
501548,HOLLIS COURT BLVD/195 ST,40.748634,-73.784069,Q26
503477,GRAND AV/VAN HORN ST,40.735806,-73.880197,Q58 Q59
550207,101 AV /92 ST,40.683583,-73.848713,Q8
804225,BEACH 59 ST/ROCKAWAY FWY,40.592503,-73.789066,Q121
505208,FARMERS BLVD/140 AV,40.671168,-73.764837,Q3
803031,fdr service rd/e 16 st,40.729685,-73.972354,SIM10 SIM11 SIM3 SIM31 SIM6
503741,GRAND AV/59 ST,40.720409,-73.908613,Q39 Q59
350229,FOUNTAIN AV /WORTMAN AV,40.663727,-73.869456,Q8
502012,174 ST/110 AV,40.69751,-73.780047,Q42
502354,UNION TPKE/268 ST,40.750604,-73.70497,Q46
804221,ROCKAWAY BEACH BLVD/BEACH 88 ST,40.587409,-73.812944,Q121
551801,164 ST/BOOTH MEMORIAL AV,40.742277,-73.804574,Q65
551663,QUEENS BLVD/76 AV,40.717471,-73.835903,Q60
550947,37 AV/104 ST,40.753415,-73.863664,Q14
400836,RIVERSIDE DR/W 112 ST,40.806236,-73.967951,M5
552096,31 ST/39 AV,40.752853,-73.932894,Q102
553363,WOODHAVEN BLVD/YELLOWSTONE BLVD,40.714144,-73.859891,Q11
201616,VANDERBILT AV/OSGOOD AV,40.61789,-74.080761,S76
500158,FARMERS BLVD/147 AV,40.66154,-73.770567,Q3
982355,ROCKAWAY BLVD/ATLANTIC AV,40.68466,-73.860496,Q7
552002,JUNCTION BLVD/ROOSEVELT AV,40.74887,-73.86931,Q72
501139,UNION ST/33 AV,40.76762,-73.827105,Q16 Q20
200342,RICHMOND RD/HITCHCOCK AV,40.574082,-74.131314,S54 S74
550585,65 PL/53 AV,40.731276,-73.899992,Q18
551436,48 AV/34 ST,40.74075,-73.931631,Q39
905153,staten island expwy/wooley av,40.607568,-74.140691,SIM2
500960,LITTLE NECK PKWY/NORTHERN BLVD,40.770723,-73.735941,Q36
502658,73 AV/190 ST,40.733661,-73.781646,Q88
551240,135 AV/122 PL,40.669794,-73.816964,Q37 QM18
405578,W 32 ST/BROADWAY,40.747965,-73.987615,Q32
552081,VERNON BLVD/38 AV,40.759292,-73.944353,Q103
503302,ROOSEVELT AV/51 ST,40.743801,-73.913548,Q32
551631,QUEENS BLVD/69 ST,40.740521,-73.895677,Q60
550793,BEACH CHANNEL DR/BEACH 59 ST,40.594285,-73.788932,Q22
551638,QUEENS BLVD/51 AV,40.737542,-73.882664,Q60
551216,111 ST/ATLANTIC AV,40.692276,-73.834988,Q37
200891,BEMENT AV/CARY AV,40.633363,-74.112052,S44
502634,73 AV/220 ST,40.741759,-73.755211,QM35 QM5 QM8
201451,AMBOY RD/TYSENS LN,40.569089,-74.124553,S57 SIM15
203519,ROSSVILLE AV/CORRELL AV,40.546671,-74.210048,S74 S84 SIM25
503385,JAMAICA AV/94 ST,40.694003,-73.850981,Q56
500390,LINDEN BLVD/204 ST,40.695504,-73.748175,Q4
401870,E 79 ST/5 AV,40.776768,-73.963421,M79+ M79-SBS
905141,RICHMOND RD/NEW DORP LN,40.575827,-74.120026,S57
502736,FRANCIS LEWIS BLVD/17 AV,40.783135,-73.80459,Q61 Q76
904104,227 ST/113 DR,40.702108,-73.730337,Q83
500980,LITTLE NECK PKWY/74 AV,40.746991,-73.719097,Q36
553471,UNION TPKE/186 ST,40.728807,-73.782881,QM7 QM8
550764,ROCKAWAY BEACH BLVD/BEACH 123 ST,40.577728,-73.843168,Q35
552393,LIBERTY AV /128 ST,40.688839,-73.81722,Q112
553265,109 AV/111 ST,40.680355,-73.82876,Q41
901788,PALMETTO ST/WYCKOFF AV,40.699371,-73.911187,Q55
502460,14 AV/123 ST,40.785446,-73.845616,Q76
403313,W 10 ST/GREENWICH ST,40.733501,-74.007459,M8
200375,RICHMOND AV/OAKDALE ST,40.54183,-74.162723,S59
500941,LITTLE NECK PKWY/85 AV,40.734533,-73.7125,Q36
404104,RIVERSIDE DR/W 103 ST,40.800432,-73.971727,M5
202386,NEW DORP LN/CUBA AV,40.568173,-74.105165,S76
203507,CLOVE RD/GRASMERE STATION,40.603797,-74.083453,S53
551368,48 AV/VAN DAM ST,40.741071,-73.934098,Q39
403375,FORT WASHINGTON AV/W 164 ST,40.838725,-73.943731,M4
551043,9 AV/COLLEGE PL,40.789419,-73.846862,Q25
551936,BORDEN AV/REVIEW AV,40.7385,-73.940452,Q67
504492,GRAND AV/56 ST,40.719098,-73.91334,Q59
553220,130 ST/133 AV,40.670438,-73.809392,Q10
200195,BAY ST/FINGERBOARD RD,40.609066,-74.062526,S51
404188,BROADWAY/CEDAR ST,40.708888,-74.01086,X27 X28
203210,BRADLEY AV/PORTAGE AV,40.599975,-74.131143,S57
502368,UNION TPKE/267 ST,40.7499,-73.70676,Q46
200027,RICHMOND TERR/RECTOR ST,40.637187,-74.127386,S40
550851,BEACH 20 ST/SEAGIRT BLVD,40.595428,-73.754169,Q22 QM17
553236,PARSONS BLVD/88 AV,40.707284,-73.802415,Q25 Q65
150141,EDSON AV/BARTOW AV,40.867689,-73.832997,Q50
104487,CROSS BRONX EXPWY SERVICE RD/COMMONWEALTH AV,40.836155,-73.868937,Q44+ Q44-SBS
552307,147 AV /225 ST,40.65883,-73.756429,Q111
203192,AMBOY RD/FINLEY ST,40.508104,-74.249897,S59
201543,FOREST AV/HAVEN ESPLANADE,40.631297,-74.093354,S48
503096,ROOSEVELT AV/MAIN ST,40.759821,-73.828956,Q13 Q15
550755,ROCKAWAY BEACH BLVD/BEACH 135 ST,40.574201,-73.852656,QM16
203833,CRAIG AV/HYLAN BLVD,40.502981,-74.25147,SIM2 SIM25 SIM26
505273,MAIN ST/BOOTH MEMORIAL AV,40.746648,-73.826149,Q20
501730,FRANCIS LEWIS BLVD/35 AV,40.764915,-73.788531,Q28 Q76
550113,150 ST/130 AV,40.669998,-73.7887,Q7
550290,150 AV /149 AV,40.665368,-73.807003,Q10
552345,GUY R BREWER BLVD/BRINKERHOFF AV,40.693588,-73.788932,Q115
553371,ROCKAWAY BEACH BLVD/BEACH 102 ST,40.583553,-73.823739,Q22
203051,JERSEY ST/CARLYLE ST,40.642018,-74.086717,S42 S52
200792,BRIGHTON AV/PINE ST,40.63698,-74.088685,S42
553215,UNION TPKE/GRENFELL ST,40.712296,-73.834573,Q37
402188,E 49 ST/MADISON AV,40.75744,-73.976217,M50
551562,CALAMUS AV/71 ST,40.734582,-73.893432,Q47
550655,74 ST/35 AV,40.750888,-73.892031,Q47
201123,HYLAN BLVD/STERLING AV,40.568029,-74.112403,S78
304531,JAMAICA AV/WARWICK ST,40.682438,-73.888287,Q56
551974,53 DR/62 ST,40.729711,-73.903275,Q67
202603,CLOVE RD/CHESHIRE PL,40.618066,-74.105139,S53
501175,154 ST/14 AV,40.789755,-73.807496,Q61
202567,HYLAN BLVD/BEACH AV,40.567914,-74.112151,S78
503870,ASTORIA BLVD/STEINWAY ST,40.769529,-73.9105,M60+ M60-SBS Q19
550132,ROCKAWAY BLVD/109 ST,40.678131,-73.830254,Q7
307640,OCEAN AV/PARKSIDE AV,40.655032,-73.961848,T464
552822,KEW GARDENS RD/MOWBRAY ST,40.710985,-73.828282,QM18
551143,28 AV/141 ST,40.773022,-73.827623,Q61 QM2 QM20
553203,80 ST/PENELOPE AV,40.719554,-73.874679,Q47
501761,CROCHERON AV/192 ST,40.763713,-73.79045,Q28
401564,CHRISTOPHER ST/GREENWICH AV,40.734113,-73.999946,M8
502179,MAIN ST/ELDER AV,40.751385,-73.825899,Q20 Q44+ Q44-SBS
551721,164 ST/UNION TPKE,40.721234,-73.804645,Q65
203549,ARTHUR KILL RD/SOUTH BRIDGE ST,40.525086,-74.239329,S78
200749,PROSPECT AV/LAFAYETTE AV,40.639383,-74.093657,S42
203071,ARTHUR KILL RD/STORER AV,40.539973,-74.237502,S74
805158,richmond av/sumner av,40.616292,-74.157542,SIM4
552018,94 ST/24 AV,40.765951,-73.875939,Q72
553360,CROSS BAY BLVD/PITKIN AV,40.672086,-73.843357,Q52+ Q52-SBS Q53+ Q53-SBS
203504,CLOVE RD/GRASMERE STATION,40.603626,-74.083527,S53
551076,DRY HARBOR RD/63 AV,40.72209,-73.874064,Q29
200013,RICHMOND TERR/VAN PELT AV,40.636747,-74.154887,S40
502768,FRANCIS LEWIS BLVD/204 ST,40.723223,-73.762252,Q76
553445,21 ST/ASTORIA PARK SOUTH,40.774496,-73.924252,Q19 Q69
553070,90 ST/35 AV,40.75269,-73.877314,Q49
502373,UNION TPKE/255 ST,40.745265,-73.715568,Q46 Q48
503492,108 ST/HORACE HARDING EXPWY,40.737814,-73.852341,Q23 Q58
200070,RICHMOND TERR/JEWETT AV,40.638309,-74.128943,S40
501005,NORTHERN BLVD/159 ST,40.763035,-73.806318,Q12 Q28
200037,RICHMOND TERR/SAILORS SNUG HARBOR GATE,40.645033,-74.101931,S40
553367,ROCKAWAY BEACH BLVD/BEACH 73 ST,40.589093,-73.801544,Q22
500412,LINDEN BLVD/201 ST,40.694688,-73.751488,Q4
550162,101 AV/WOODHAVEN BLVD,40.68432,-73.845732,Q8
552217,JAMAICA AV/183 ST,40.709059,-73.777725,Q110
504529,MERRICK BLVD/ARCHER AV,40.704962,-73.79335,Q20
402303,E 72 ST/MADISON AV,40.77179,-73.965247,M72
201698,MANOR RD/DRAKE AV,40.619038,-74.123261,S54
501309,BAYSIDE AV/146 ST,40.77081,-73.822309,Q16
402295,E 72 ST/1 AV,40.767672,-73.955852,M72
500970,LITTLE NECK PKWY/LEEDS RD,40.766854,-73.727171,Q36
200334,BRABANT ST/LOCKMAN AV,40.631737,-74.162106,S46 S96
201561,FOREST AV/MARIANNE ST,40.624294,-74.138143,S48
505416,101 ST/31 AV,40.761334,-73.868124,Q14
400599,RIVERSIDE DR/W 112 ST,40.806297,-73.967664,M5
502257,MAIN ST/41 AV,40.757824,-73.829419,Q20 Q44+ Q44-SBS
404259,RIVERSIDE DR/W 122 ST,40.813216,-73.963819,M5
504521,LITTLE NECK PKWY/87 DR,40.728308,-73.710445,Q36
550021,SUTPHIN BLVD/111 AV,40.688809,-73.795603,Q6
550737,BEACH 169 ST/ROCKAWAY POINT BLVD,40.567359,-73.882701,Q35
901714,SNEDIKER AV/ATLANTIC AV,40.675431,-73.902487,T426
505320,ASTORIA BLVD/21 ST,40.772053,-73.925479,Q19
200021,RICHMOND TERR/SHARPE AV,40.640133,-74.136785,S40
552931,WILLETS POINT BLVD/FRANCIS LEWIS BLVD,40.78041,-73.802414,QM20
551259,63 DR/AUSTIN ST,40.727596,-73.863854,Q38
982215,ROCKAWAY BEACH BLVD/BEACH 147 ST,40.570074,-73.862769,QM16
552216,JAMAICA AV /183 ST,40.708865,-73.776762,Q110
550160,101 AV /92 ST,40.683557,-73.848378,Q8
502830,SPRINGFIELD BLVD/138 RD,40.674091,-73.755987,Q77
505450,162 ST/SANFORD AV,40.759982,-73.804158,Q65
502169,MAIN ST/MELBOURNE AV,40.733963,-73.825189,Q20 Q44+ Q44-SBS
903165,CENTRAL PARK SOUTH/6 AV,40.766037,-73.976956,SIM33C SIM4C
701005,ROCKAWAY BLVD/90 ST,40.68205,-73.849636,Q7
203402,ARLINGTON PL/HOLLAND AV,40.636,-74.171077,S48 S98
551585,74 ST/31 AV,40.75837,-73.89341,Q47
553322,14 AV/119 ST,40.785992,-73.848852,Q26
505490,36 AV/24 ST,40.758584,-73.934151,Q102
405474,AVENUE C/E 14 ST,40.728558,-73.97553,M9
200761,HAMILTON AV/SAINT MARKS PL,40.644717,-74.080703,S42 S52
552071,20 AV/STEINWAY ST,40.776436,-73.901472,Q100
504300,METROPOLITAN AV/LEFFERTS BLVD,40.706296,-73.832216,Q54
550299,LEFFERTS BLVD/150 AV,40.667096,-73.821871,Q80
550666,35 AV/86 ST,40.752162,-73.880798,Q49
503657,ATLANTIC AV/114 ST,40.692915,-73.83256,Q24
401880,E 79 ST/EAST END AV,40.77074,-73.948716,M79+ M79-SBS
804214,ROOSEVELT AV/BROADWAY,40.74678,-73.891819,T320
500297,SPRINGFIELD BLVD/98 AV,40.716656,-73.735372,Q27
203563,MILL RD/PETER AV,40.56023,-74.113153,S76 S86
501240,29 AV/158 ST,40.771152,-73.806412,Q16
503132,SOUTH CONDUIT AV/221 ST,40.665498,-73.757046,Q85 Q89
992078,QUEENS BLVD/70 RD,40.722075,-73.844636,Q74
500490,120 AV/224 ST,40.689323,-73.739519,Q84
504370,MYRTLE AV/67 ST,40.701527,-73.88638,Q55
550046,SUTPHIN BLVD/110 AV,40.689914,-73.796786,Q6
200032,RICHMOND TERR/BROADWAY,40.640799,-74.117264,S40
553288,58 ST/39 AV,40.748071,-73.905393,Q18
553191,20 AV/31 ST,40.779486,-73.906109,Q100
501353,KISSENA BLVD/HORACE HARDING EXPWY,40.739698,-73.815089,Q17 Q25
402166,W 50 ST/9 AV,40.763468,-73.989101,M50
550508,101 ST /159 AV,40.660374,-73.83255,Q11
304244,GRAND ST/GRAHAM AV,40.711655,-73.943117,Q54 Q59
203527,BLOOMINGDALE RD/SHIEL AV,40.544415,-74.219143,S55 S74
202709,HAROLD ST/ROOSEVELT AV,40.601346,-74.132611,S61 S91
500873,NORTHERN BLVD/204 ST,40.757723,-73.778894,Q12 Q13
400624,BROADWAY/W 167 ST,40.840308,-73.94011,M5
200432,PORT RICHMOND AV/ORANGE AV,40.628637,-74.14187,S59
308579,ATLANTIC AV/WYONA ST,40.676165,-73.893704,Q24
503437,JAMAICA AV/88 ST,40.692701,-73.856901,Q56
501138,UNION ST/31 RD,40.770251,-73.826647,Q20 Q44+ Q44-SBS
552087,41 AV/10 ST,40.755518,-73.94558,Q103
552450,BEACH CHANNEL DR /HORTON AV,40.609636,-73.75378,Q114
551769,COLLEGE POINT BLVD/25 RD,40.775874,-73.846165,Q26
200378,RICHMOND AV/WILSON AV,40.545737,-74.165733,S59
551219,111 ST/JAMAICA AV,40.696843,-73.837062,Q37
500502,120 AV/FARMERS BLVD,40.686542,-73.761038,Q84
201177,HYLAN BLVD/LIPSETT AV,40.526768,-74.172582,S59 S78
551881,NORTHERN BLVD/85 ST,40.755763,-73.882416,Q63 Q66
505254,ASTORIA BLVD/STEINWAY ST,40.768777,-73.910778,M60+ M60-SBS Q19
551417,FOREST AV/SUMMERFIELD ST,40.699,-73.897798,Q39
550289,134 ST /150 AV,40.663772,-73.80643,Q10
551001,KISSENA BLVD/MELBOURNE AV,40.733954,-73.814616,Q25
500883,NORTHERN BLVD/ALLEY POND ENVIROMENTAL CENTER,40.763122,-73.752764,Q12
502629,73 AV/FRANCIS LEWIS BLVD,40.736364,-73.772367,Q88
201319,DECKER AV/FOREST AV,40.624775,-74.141638,S57
202083,ARTHUR KILL RD/BROADWAY STAGES STATEN ISLAND,40.547933,-74.226166,S74
501808,UTOPIA PKWY/48 AV,40.748832,-73.792149,Q31
200160,MIDLAND AV/EDISON ST,40.579554,-74.105575,S51
551114,74 ST/ROOSEVELT AV (VICTOR MOORE TERMINAL),40.746637,-73.890854,Q33
500272,MURDOCK AV/196 ST,40.699134,-73.757826,Q83
551136,82 ST/32 AV,40.757821,-73.885875,Q33
203081,ROSE AV/NEW DORP PLAZA,40.573175,-74.11769,S57
550603,30 AV/CRESCENT ST,40.768754,-73.925144,Q18
550391,99 ST /160 AV,40.658156,-73.833889,Q11
901841,jamaica av/crescent st,40.689012,-73.874449,T430
551994,JUNCTION BLVD/CORONA AV,40.742662,-73.867412,Q72
504549,28 ST/QUEENS PLAZA SOUTH,40.749699,-73.939044,Q39
500403,LINDEN BLVD/228 ST,40.693132,-73.733522,Q4 QM64
553074,21 ST/25 RD,40.774164,-73.924301,Q69
503967,MERRICK BLVD/104 AV,40.701551,-73.790447,Q5
250036,BLOOMINGDALE RD/SHARROTTS RD,40.537495,-74.217919,SIM26
200841,CARY AV/ELIZABETH ST,40.632175,-74.120506,S44
203456,CLOVE RD/SAINT PETERS CEMETERY,40.622282,-74.112577,S53
200190,BAY ST/WILLOW AV,40.618718,-74.069635,S51 S81
505527,WOODSIDE AV/75 ST,40.743328,-73.890022,Q47
552408,TUSKEGEE AIRMEN WAY /160 ST,40.699056,-73.795388,Q112
552252,HEMPSTEAD AV/SPRINGFIELD BLVD,40.713574,-73.736376,Q82
505396,10 AV/CLINTONVILLE ST,40.793005,-73.812875,Q15
200083,RICHMOND TERR/UNION AV,40.636864,-74.157716,S40
450372,hugh carey tunnel-non-public,40.704962,-74.015386,X37
553338,BEACH 59 ST/ROCKAWAY FWY,40.592635,-73.789094,Q52+ Q52-SBS
505078,MYRTLE AV/SENECA AV,40.700407,-73.90308,Q55
201383,AMBOY RD/TYSENS LN,40.568765,-74.125308,SIM15
500571,FRANCIS LEWIS BLVD/BROOKVILLE BLVD,40.667445,-73.737145,Q5
401809,PARK ROW/SPRUCE ST,40.711845,-74.006641,M9
502815,SPRINGFIELD BLVD/LUCAS ST,40.682311,-73.752049,Q77
901803,W 22 St/SURF AV,40.574467,-73.988663,X28
505492,36 AV/CRESCENT ST,40.758298,-73.933205,Q102
551254,63 DR/QUEENS BLVD,40.729535,-73.8628,Q38
804272,JAMAICA AV/CRESCENT ST,40.689405,-73.873861,T340
503237,METROPOLITAN AV/FOREST AV,40.712937,-73.906296,Q54
552435,SEAGIRT BLVD/BEACH 14 ST,40.595446,-73.748441,Q114
505295,HILLSIDE AV/184 ST,40.714064,-73.777634,Q1 Q17
502131,HILLSIDE AV/166 ST,40.709627,-73.796269,QM68
201023,HYLAN BLVD/BURBANK AV,40.572257,-74.107785,S78
505495,36 AV/VERNON BLVD,40.762026,-73.942355,Q102
901760,meeker av/manhattan av-non-public,40.718299,-73.946796,T403
302170,ATLANTIC AV/CRESCENT ST,40.681721,-73.871923,Q24
551059,PARSONS BLVD/HOOVER AV,40.714396,-73.80756,Q25
302178,ATLANTIC AV/BARBEY ST,40.677001,-73.889007,Q24
202330,AMBOY RD/ARBUTUS AV,40.534026,-74.18635,S55
500169,FARMERS BLVD/BENNETT CT,40.678397,-73.762166,QM65
902256,E 138 ST/CYPRESS AV,40.805394,-73.914377,T102
500304,SPRINGFIELD BLVD/AMBOY LN,40.71776,-73.735479,Q27
403037,WEST END AV/W 69 ST,40.777468,-73.986337,M57
502703,FRANCIS LEWIS BLVD/STATION RD,40.761156,-73.784912,Q76
805155,LAMBERTS LN/RICHMOND AV,40.614399,-74.157786,SIM8
805190,MARSH AV/RING RD,40.583765,-74.161347,S79+ S79-SBS
550962,69 AV/CLYDE ST,40.720044,-73.850521,Q23
401943,E 96 ST/2 AV,40.784068,-73.946933,M96
553197,80 ST/ELIOT AV,40.724846,-73.879197,Q47
550703,ROCKAWAY BEACH BLVD/BEACH 96 ST,40.585492,-73.817916,Q53+ Q53-SBS
500419,LINDEN BLVD/NEWBURG ST,40.692237,-73.765903,Q4 Q51
504427,150 ST/CROSS ISLAND PKWY SERVICE RD SOUTH,40.78666,-73.813494,Q15
501569,46 AV/158 ST,40.754203,-73.808829,Q26 Q27
203558,MILL RD/PROMENADE AV,40.556995,-74.114911,S76
551576,74 ST/ROOSEVELT AV STATION,40.746543,-73.890686,Q70+ Q70-SBS
308787,ATLANTIC AV/NEW JERSEY AV,40.675682,-73.895909,Q24
201104,HYLAN BLVD/REID AV,40.593833,-74.08686,S78
201498,FOREST AV/DUBOIS AV,40.626591,-74.128378,S48
308397,KENT AV/S 3 ST,40.714192,-73.966936,Q59
202914,ARDEN AV/ROLLING HILL GREEN,40.551792,-74.190513,S56
203102,RICHMOND TERR/TAYLOR ST,40.637756,-74.12396,S40
551892,NORTHERN BLVD/105 ST,40.757636,-73.863495,Q63 Q66
904952,Aqueduct RD/JFK PARKING,40.66335,-73.825762,Q109
503804,130 PL/EAST HANGAR RD,40.654696,-73.809273,Q3
552003,JUNCTION BLVD/37 AV,40.751795,-73.870851,Q72
904008,ARCHER AV /153 ST,40.70206,-73.801619,Q84
552009,JUNCTION BLVD/NORTHERN BLVD,40.757159,-73.873766,Q72
504403,QUEENS BLVD/62 DR,40.731228,-73.864594,Q60
552055,STEINWAY ST/ASTORIA BLVD,40.76956,-73.910225,Q101
905207,ARLO RD/GRYMES HILL APARTMENTS,40.620106,-74.092794,S66
553351,WOODHAVEN BLVD/85 RD,40.696038,-73.852701,Q11
902257,SOUTHERN BLVD/143 ST,40.807985,-73.907858,T102
400656,BROADWAY/W 155 ST,40.832512,-73.946226,M4 M5
901835,JAMAICA AV/GEORGIA AV,40.677241,-73.89899,T340 T434
201050,HYLAN BLVD/PIEDMONT AV,40.602749,-74.074123,S78
200716,CLOVE RD/BEMENT AV,40.620945,-74.110313,S53 SIM35
201746,BRIELLE AV/LIVINGSTON AV,40.598488,-74.12787,S54
503445,UNION TPKE/VLEIGH PL,40.717434,-73.821398,Q45
350013,FLATBUSH AV/MARINE PARK GOLF COURSE,40.601261,-73.912928,Q35
202123,RICHMOND RD/BANCROFT AV,40.579363,-74.11451,S74 S76
403489,W 65 ST/AMSTERDAM AV,40.773871,-73.984293,M66
551931,49 AV/25 ST,40.741749,-73.944804,Q67
552908,ROCKAWAY BEACH BLVD/BEACH 147 ST,40.57,-73.862123,Q35
501202,150 ST/17 RD,40.783113,-73.814029,Q15
400852,RIVERSIDE DR/W 73 ST,40.781412,-73.985318,M5
505188,235 ST/LINDEN BLVD,40.690426,-73.727456,Q4
307859,JAMAICA AV/MILLER AV,40.680055,-73.893555,Q56
501285,WILLETS POINT BLVD/16 AV,40.784382,-73.797672,QM20
501409,188 ST/HENLEY RD,40.718396,-73.775245,Q17
901270,AVENUE Z/E 15 ST,40.587926,-73.954286,T464
200593,JEWETT AV/COLLEGE AV,40.621337,-74.131797,S66
502978,HORACE HARDING EXPWY/MAIN ST,40.742803,-73.825957,Q88
202618,YUKON AV/WATCHMANS OFFICE,40.574873,-74.165463,S61 S91
400762,RIVERSIDE DR/W 91 ST,40.792603,-73.977074,M5
401569,CHRISTOPHER ST/GREENWICH ST,40.732852,-74.007927,M8
551344,PENELOPE AV/84 ST,40.72155,-73.869938,Q38
552807,HOYT AV/CRESCENT ST,40.77359,-73.92106,Q19
403503,E 67 ST/1 AV,40.764833,-73.958713,M66
200153,BAY ST/VICTORY BLVD,40.637518,-74.075956,S51 S74 S76
550661,35 AV/80 ST,40.751659,-73.886732,Q49
400815,BROADWAY/W 162 ST,40.836998,-73.942951,M5
501723,CROCHERON AV/164 ST,40.762709,-73.801607,Q28
500694,140 AV/FARMERS BLVD,40.671648,-73.764129,Q85 Q89
550612,ASTORIA BLVD/37 ST,40.769061,-73.912781,Q19
903368,6 AV/W 3 ST,40.730964,-74.001405,T232
502471,14 AV/143 ST,40.786585,-73.826409,Q76
500303,113 DR/219 ST,40.702629,-73.738078,Q83
553275,63 DR/QUEENS BLVD,40.730031,-73.861229,Q72
901240,FAIRVIEW AV/PUTNAM AV,40.704696,-73.902568,M90
502841,FRANCIS LEWIS BLVD/LINDEN BLVD,40.696477,-73.74621,Q77
400643,FORT WASHINGTON AV/W 183 ST,40.851888,-73.937987,M4 M98
203997,PORT RICHMOND AV/RICHMOND TERR,40.640001,-74.131741,S57
203572,WOODROW RD/LENEVAR AV,40.54144,-74.210081,S74
503758,FARMERS BLVD/119 AV,40.688575,-73.761903,Q3
551965,69 ST/JUNIPER VALLEY RD,40.71461,-73.887168,Q38 Q67
552147,40 AV/VERNON BLVD,40.75782,-73.945608,Q103
203543,ARTHUR KILL RD/MAJOR LEAGUE PLAZA,40.522587,-74.239023,S78
502794,FRANCIS LEWIS BLVD/93 AV,40.715969,-73.755785,Q77
505426,103 ST/34 AV,40.755703,-73.865239,Q14
550350,80 RD /AUSTIN ST,40.712369,-73.832481,Q37 Q80
201049,HYLAN BLVD/FINGERBOARD RD,40.601639,-74.072515,S78
553416,95 AV/CRESSKILL PL,40.697061,-73.810415,Q24
551851,35 AV/CRESCENT ST,40.759801,-73.932153,Q66
202304,ANNADALE RD/NORTH PINE TERR,40.537936,-74.178824,S55
201382,AMBOY RD/BELFAST AV,40.570244,-74.123108,S57
201119,HYLAN BLVD/OTIS AV,40.573062,-74.107318,S78
505053,32 AV/200 ST,40.769662,-73.789383,Q28
551229,PARK LN SOUTH/METROPOLITAN AV,40.70807,-73.837186,Q37
201060,TOMPKINS AV/VANDERBILT AV,40.620475,-74.077147,S52 S78 SIM30
202390,NEW DORP LN/EDISON ST,40.572642,-74.113707,S76
700917,ASTORIA BLVD/14 ST,40.772255,-73.929176,Q19
403249,E 41 ST/1 AV,40.747864,-73.969576,M42
552186,BROADWAY/STEINWAY ST,40.759213,-73.919292,Q104
202044,VICTORY BLVD/SIGNS RD,40.603366,-74.17368,S62 S92
982462,108 ST/70 RD,40.722245,-73.843998,Q23
200469,RICHMOND AV/WILSON AV,40.545092,-74.165753,S59
404205,5 AV/W 40 ST,40.752314,-73.981856,SIM4C
901066,PUTNAM AV/FOREST AV,40.704742,-73.902161,T410
553099,DITMARS BLVD/27 ST,40.778,-73.913138,Q69
550184,SUTPHIN BLVD/91 AV,40.700766,-73.807887,Q6
201598,RICHMOND RD/SEAVIEW AV,40.59128,-74.100852,S74 S76 SIM15
400772,RIVERSIDE DR/W 116 ST,40.809122,-73.965499,M5
401814,W 42 ST/10 AV,40.759359,-73.995076,M42
405419,E 125 ST/LEXINGTON AV,40.804584,-73.937731,M60+ M60-SBS
504989,ROOSEVELT AV/MAIN ST,40.759655,-73.829938,Q61
200884,HENDERSON AV/WESTBURY AV,40.639303,-74.103703,S44
204020,BAY ST/SLOSSON TERR,40.640917,-74.075718,S46
202684,WALKER ST/TRANTOR PL,40.630605,-74.143881,S44 S94
402195,W 49 ST/10 AV,40.7641,-73.991985,M50
400724,6 AV/W 10 ST,40.734865,-73.998466,M55
200242,LINCOLN AV/RICHMOND RD,40.581245,-74.11199,S51
901465,WILLIAMSBURG BRIDGE PLAZA rdwy (not a stop),40.709177,-73.959371,Q59
504313,METROPOLITAN AV/80 ST,40.713327,-73.872028,Q54
550038,SUTPHIN BLVD/91 AV,40.701297,-73.808002,Q60
505177,METROPOLITAN AV/ONDERDONK AV,40.713953,-73.923842,Q54
501434,UTOPIA PKWY/75 AV,40.728783,-73.79285,Q31
505517,WOODSIDE AV/72 ST,40.742682,-73.892951,Q47
550693,21 ST/ASTORIA BLVD,40.772185,-73.926139,Q100 Q69
203100,BROADWAY/EAST RALEIGH AV,40.627464,-74.115461,S53
200508,RICHMOND RD/ALTOONA AV,40.57367,-74.131991,S54 S74
502102,HILLSIDE AV/231 ST,40.732945,-73.739395,Q43
901710,FARRAGUT RD/E 105 ST,40.650517,-73.897881,T426
803166,W 86 ST/BROADWAY,40.788263,-73.976297,M86+ M86-SBS
505391,MERRICK BLVD/109 RD,40.696473,-73.783476,Q5
404960,BATTERY PL/WASHINGTON ST,40.705004,-74.015762,SIM32 SIM34
552404,TUSKEGEE AIRMEN WAY/154 ST,40.696468,-73.799913,Q112
500483,237 ST/128 AV,40.682399,-73.729433,Q84
203118,ARTHUR KILL RD/1666 ARTHUR KILL RD,40.561213,-74.194977,S56 S74
503147,18 AV/CORPORAL KENNEDY ST,40.781943,-73.783778,Q28
505374,168 ST/JAMAICA BUS TERMINAL,40.707702,-73.792962,Q82
200115,FATHER CAPODANNO BLVD/SAND LN,40.590397,-74.066399,SIM5 SIM6 SIM9
700515,JACKSON AV/50 AV,40.742359,-73.952852,Q101
903379,BROADWAY/168 ST,40.840789,-73.940137,T204
551776,COLLEGE POINT BLVD/20 AV,40.781563,-73.846043,Q26
504335,MYRTLE AV/73 PL,40.702362,-73.874956,Q55
503682,ATLANTIC AV/80 ST,40.685006,-73.860375,Q24
982087,108 ST/QUEENS BLVD,40.721815,-73.843925,Q64
202588,VICTORY BLVD/SPARKS LN,40.602176,-74.174876,S62 S92
504441,148 ST/150 AV,40.661033,-73.792887,Q3
550892,BURNS ST/YELLOWSTONE BLVD,40.72202,-73.853232,Q23
552267,PENINSULA BLVD/HOWARD AV,40.633949,-73.722502,Q111
553012,BROADWAY/75 ST,40.746004,-73.890028,Q53+ Q53-SBS
302199,VAN BUREN ST/BROADWAY,40.691968,-73.927079,Q24
552309,147 AV /184 ST,40.659827,-73.763831,Q111 Q77
201323,WILLOWBROOK RD/DEVENS ST,40.61918,-74.14494,S57
201135,HYLAN BLVD/REDGRAVE AV,40.551179,-74.13498,S78
501148,41 AV/PARSONS BLVD,40.760578,-73.821127,Q15
551725,164 ST/75 AV,40.727273,-73.804918,Q65
405635,6 AV/GRAND ST,40.722882,-74.005044,M55
308090,SHORE RD/BAY RIDGE PKWY,40.633545,-74.037091,X27 X37
250043,AMBOY RD/BARNARD AV,40.512037,-74.239633,SIM26
503062,MURDOCK AV/FRANCIS LEWIS BLVD,40.701461,-73.748798,Q83
551645,QUEENS BLVD/63 DR,40.729817,-73.862207,Q60 QM18
500875,NORTHERN BLVD/CORPORAL KENNEDY ST,40.759228,-73.773338,Q12 Q13
500468,120 AV/SPRINGFIELD BLVD,40.691077,-73.745833,Q84
200120,OLYMPIA BLVD/KENSINGTON ST,40.591374,-74.074579,S52
203238,CEDAR GROVE AV/EBBITTS ST,40.560057,-74.101683,S76 S86
500495,120 AV/202 ST,40.691132,-73.748541,Q84
804034,243 ST/147 AV,40.657657,-73.741279,Q85
550952,108 ST/63 RD,40.734176,-73.850381,Q23
505425,COLLEGE POINT BLVD/FOWLER AV,40.75201,-73.83234,Q58
805189,MARSH AV/RING RD,40.58333,-74.161716,S79+ S79-SBS
551018,ULMER ST/25 AV,40.77644,-73.838855,Q25
500137,HOLLIS AV/201 ST,40.706238,-73.757032,Q2
504029,HOLLIS COURT BLVD/FRANCIS LEWIS BLVD,40.745055,-73.777478,Q26
203428,SAND LN/FATHER CAPODANNO BLVD,40.590564,-74.066708,S52
503668,ATLANTIC AV/134 ST,40.69676,-73.815411,Q24
553285,ROOSEVELT AV/75 ST,40.746894,-73.890695,Q32
400008,5 AV/E 72 ST,40.772134,-73.967365,M72
503258,GRAND AV/73 ST,40.729453,-73.889932,Q59
551075,DRY HARBOR RD/PENELOPE AV,40.719859,-73.873366,Q29
500863,NORTHERN BLVD/168 ST,40.758855,-73.798117,Q12
901810,ocean av/parkside av,40.655417,-73.962047,T464
551215,111 ST/ATLANTIC AV,40.692024,-73.83466,Q37
551836,PARSONS BLVD/JEWEL AV,40.732156,-73.810937,Q64
202066,ARTHUR KILL RD/YETMAN AV,40.513577,-74.247353,S78
550786,BEACH CHANNEL DR/BEACH 69 ST,40.592645,-73.797859,Q22
552941,YELLOWSTONE BLVD/69 AV,40.724753,-73.846839,QM12 QM42
552999,74 ST/ROOSEVELT AV (VICTOR MOORE TERMINAL),40.746588,-73.890747,Q49
904356,JACKSON AV/11 ST,40.743225,-73.951182,T323
200845,CARY AV/BEMENT AV,40.633185,-74.112034,S44
502635,73 AV/SPRINGFIELD BLVD,40.74227,-73.753621,Q88
551120,83 ST/32 AV,40.757941,-73.884776,Q33
402292,E 72 ST/LEXINGTON AV,40.770268,-73.962107,M72
505499,NAMEOKE ST/REDFERN AV,40.607829,-73.752221,Q22
550089,ROCKAWAY BLVD/133 ST,40.674607,-73.805203,Q7
203533,ROSSVILLE AV/SELKIRK ST,40.549848,-74.211097,S74
552189,BROADWAY/44 ST,40.757352,-73.915674,Q104
200797,PROSPECT AV/PENDELTON PL,40.639502,-74.092202,S42
552243,JAMAICA AV/HOLLIS COURT BLVD,40.715199,-73.748618,Q110
501162,150 ST/21 AV,40.780154,-73.814286,Q15
505136,FRANCIS LEWIS BLVD/SPRINGFIELD BLVD,40.692933,-73.744745,Q27
308161,JAMAICA AV/CYPRESS HILLS ST,40.688392,-73.876209,Q56
150165,CO-OP CITY BLVD/DREISER LOOP,40.878473,-73.827892,Q50
302087,ATLANTIC AV/AUTUMN AV,40.682165,-73.869391,Q24
550981,PARSONS BLVD/159 ST,40.710204,-73.805414,Q25
304938,GRAND ST/ROEBLING ST,40.713456,-73.958674,Q59
550989,PARSONS BLVD/UNION TPKE,40.719666,-73.809079,Q25
505141,SPRINGFIELD BLVD/115 RD,40.699898,-73.742009,Q27
502840,FRANCIS LEWIS BLVD/SPRINGFIELD BLVD,40.693817,-73.745015,Q77
203481,RICHMOND TERR/SNUG HARBOR RD WEST,40.645327,-74.107643,S40
552157,VERNON BLVD/31 AV,40.769643,-73.934915,Q103
401555,E 9 ST/AVENUE A,40.727464,-73.982999,M8
553341,71 AV/METROPOLITAN AV,40.710338,-73.851096,Q23
505045,14 AV/128 ST,40.785337,-73.840607,Q76
401954,E 97 ST/1 AV,40.784528,-73.945491,M96
504484,ROOSEVELT AV/WILLETS POINT BLVD STATION,40.754521,-73.845747,T321
550568,69 ST/53 AV,40.731674,-73.895961,Q18
551763,COLLEGE POINT BLVD/WHITESTONE EXPWY,40.767115,-73.839153,Q26
550347,KEW GARDENS RD /82 RD,40.711515,-73.828577,Q80
500171,FARMERS BLVD/122 AV,40.683711,-73.76037,Q3
502433,14 AV/146 ST,40.787208,-73.820973,Q76
501502,UTOPIA PKWY/65 AV,40.736025,-73.793201,Q31
202601,SAINT PAULS AV/PAXTON ST,40.632943,-74.079143,S78
982396,LINDEN BLVD/LEFFERTS BLVD,40.678706,-73.820545,Q51
350175,PITKIN AV/GRANT AV,40.676393,-73.865622,Q112
502276,MAIN ST/72 AV,40.726367,-73.821729,Q20
505279,HORACE HARDING EXPWY/QUEENS BLVD,40.732778,-73.867274,Q59
551714,164 ST/84 AV,40.715004,-73.802659,Q65
201510,FOREST AV/UNIVERSITY PL,40.63135,-74.099115,S48
201435,DECKER AV/HAGAMAN PL,40.626244,-74.139545,S57
203635,MILL RD/STONEHAM ST,40.558528,-74.113315,S76
982205,WOODSIDE AV/61 ST,40.744918,-73.903318,Q70+ Q70-SBS
982075,61 ST/ROOSEVELT AV,40.745765,-73.903391,Q53+ Q53-SBS
203487,SEAVIEW AV/NUGENT AV,40.583954,-74.086641,S52
201693,MANOR RD/NORTH GANNON AV,40.610497,-74.121388,S54
700881,ATLANTIC AV/81 ST,40.684842,-73.860052,Q24
404231,BROADWAY/EXCHANGE ALLEY,40.707027,-74.012382,X27 X28
503806,SOUTH VAN WYCK EXPWY SERVICE RD/BUILDING 23,40.64943,-73.804762,Q3
504483,KISSENA BLVD/QUEENS COLLEGE,40.735614,-73.814866,Q25
202994,RICHMOND TERR/UNION AV,40.636777,-74.157557,S40
505330,LIBERTY AV/MERRICK BLVD,40.702342,-73.79147,Q42
503416,JAMAICA AV/130 ST,40.701695,-73.823027,Q56
200853,HENDERSON AV/DEVON PL,40.639683,-74.101642,S44
504351,117 ST/JAMAICA AV,40.699626,-73.832564,Q55
200388,YUKON AV/TARGET DRIVEWAY,40.575635,-74.166736,S59
502722,CROSS ISLAND PKWY/150 ST,40.787619,-73.813886,Q76
552099,31 ST/37 AV,40.754885,-73.931064,Q102
505384,PENELOPE AV/DRY HARBOR RD,40.720003,-73.873404,Q38
503238,METROPOLITAN AV/ANDREWS AV,40.713126,-73.909323,Q54
552073,NORTHERN BLVD/39 AV,40.752141,-73.932147,Q101
503730,FRANCIS LEWIS BLVD/WHITEHALL TERR,40.722088,-73.760168,Q76
202176,BROAD ST/CEDAR ST,40.624315,-74.080718,S74
404290,RIVERSIDE DR/W 82 ST,40.787205,-73.98111,M5
552276,MILL RD /PENINSULA BLVD,40.643845,-73.704435,Q111
700726,LAURELTON PKWY/MERRICK BLVD,40.674194,-73.73493,Q5
804213,ROOSEVELT AV/52 ST,40.744149,-73.912387,T320
551029,127 ST/14 AV,40.785467,-73.84105,Q25
400676,CATHEDRAL PKWY/BROADWAY,40.803862,-73.966205,M4
308929,UNION AV/METROPOLITAN AV,40.714215,-73.951617,T403
203037,BROADWAY/WEST RALEIGH AV,40.626957,-74.115377,S53
550727,DITMARS BLVD/76 ST,40.768583,-73.893678,Q69
904153,WILLIAMSBURG BRIDGE PLAZA/BAY 3,40.709503,-73.959523,Q54
504318,METROPOLITAN AV/71 ST,40.712253,-73.884717,Q54
201742,MANOR RD/QUEEN ST,40.602709,-74.120824,S54
501120,150 ST/11 AV,40.79117,-73.814805,Q15
200274,CASTLETON AV/RANDALL AV,40.633977,-74.099061,S46
304635,JAMAICA AV/BARBEY ST,40.681685,-73.890153,Q56
901815,OCEAN AV/NECK RD,40.596436,-73.9508,T464
204010,AMBOY RD/PLEASANT PLAINS AV,40.523742,-74.215768,SIM26
203756,HYLAN BLVD/REYNOLDS ST,40.609982,-74.074466,S78
901193,Battery Pk Vi Park/Battery Pk Vi Park,40.704264,-74.016565,X37 X38
503696,NORTH BOUNDARY RD/150 AV,40.661633,-73.78984,Q3
551315,99 ST/55 AV,40.739251,-73.860633,Q14
200196,BAY ST/LYMAN AV,40.607472,-74.061347,S51
505526,75 ST/BROADWAY,40.74617,-73.890498,Q47
203045,BROADWAY/CARY AV,40.632566,-74.116756,S53
552971,135 AV/129 ST,40.668653,-73.810617,Q37
200076,RICHMOND TERR/JOHN ST,40.639045,-74.142592,S40
504464,LIBERTY AV/180 ST,40.705325,-73.779947,Q83
905252,MORLEY AV/EBONY ST,40.575638,-74.126146,S57 S74
551953,69 ST/58 AV,40.724285,-73.894545,Q67
502757,FRANCIS LEWIS BLVD/47 AV,40.753001,-73.780503,Q76
982130,FLATBUSH AV/FLOYD BENNETT FIELD ENTRANCE,40.581385,-73.891191,Q35
904993,FULTON ST/VAN SINDEREN AV,40.67795,-73.903859,T433
503582,81 ST/NORTHERN BLVD,40.755364,-73.88619,Q32
501259,FRANCIS LEWIS BLVD/24 AV,40.776215,-73.799292,Q76
502753,FRANCIS LEWIS BLVD/42 AV,40.759536,-73.784517,Q76
505359,ROCKAWAY BEACH BLVD/BEACH 84 ST,40.587712,-73.809348,Q22
400848,RIVERSIDE DR/W 82 ST,40.786689,-73.981341,M5
400647,FORT WASHINGTON AV/W 174 ST,40.845854,-73.94041,M4
501942,JERICHO TPKE/PENNSYLVANIA BLVD,40.726487,-73.715347,Q110 Q36
552370,147 AV /SPRINGFIELD LN,40.659289,-73.759565,Q111
403415,PARK AV/E 125 ST,40.804807,-73.939454,M98
553450,BEACH CHANNEL DR/BEACH 72 ST,40.591336,-73.800735,Q22
202802,OLGA PL/HYLAN BLVD,40.60412,-74.076149,S78
551907,NORTHERN BLVD/102 ST,40.757665,-73.866772,Q63 Q66
550522,30 AV/21 ST,40.769704,-73.927436,Q18
905215,FOREST HILL RD/RICHMOND AV,40.571911,-74.167998,S59
982344,ROCKAWAY BLVD/94 ST,40.680965,-73.845411,Q7
803081,W 44 ST/6 AV,40.755986,-73.982997,M55
553085,DITMARS BLVD/49 ST,40.768676,-73.900294,Q69
502848,FRANCIS LEWIS BLVD/HOLLIS AV,40.707675,-73.751256,Q77
101925,EAST GUN HILL RD/KNAPP ST,40.869867,-73.844988,T113
550304,LEFFERTS BLVD/135 AV,40.670402,-73.821053,Q80
503577,82 ST/37 AV,40.749909,-73.88443,Q32
501076,NORTHERN BLVD/STATION RD,40.76146,-73.802708,Q12
905216,BROADWAY/THOMAS ST,40.716,-74.004771,SIM33C
203496,CLARKE AV/WILDER AV,40.565441,-74.134577,SIM15
203967,HYLAN BLVD/BROOK AV,40.559391,-74.122577,S78
901823,Bushwick av/cornelia st,40.689019,-73.917407,T430
804136,ROOSEVELT AV/MAIN ST,40.759526,-73.830351,T321
982149,164 AV/92 ST,40.650763,-73.838592,Q41
551859,NORTHERN BLVD/42 PL,40.753256,-73.920206,Q66
401536,W 8 ST/6 AV,40.733369,-73.999159,M8
202278,FOSTER RD/DARLINGTON AV,40.534128,-74.203795,S56
982146,NORTH SHORE TOWERS/BUILDING ENTRANCE,40.757243,-73.715125,QM36 QM6
552247,HEMPSTEAD AV/213 ST,40.715653,-73.744344,Q82
982384,109 AV/130 ST,40.684905,-73.813083,Q41
405112,RIVERSIDE BLVD/W 69 ST,40.77906,-73.988377,M72
505333,SUTPHIN BLVD/HILLSIDE AV,40.70541,-73.809481,Q44+ Q44-SBS
304629,JAMAICA AV/NORWOOD AV,40.686149,-73.880684,Q56
200624,HOWARD AV/CAMPUS RD,40.615671,-74.096534,S66
501422,170 ST/JAMAICA AV,40.707549,-73.789882,Q54 Q56
551413,FOREST AV/69 AV,40.702063,-73.900751,Q39
200527,JEWETT AV/EGBERT AV,40.624608,-74.131955,S66
905059,4 AV/86 ST,40.622312,-74.028688,S53
552352,GUY R BREWER BLVD/107 AV,40.698007,-73.792411,Q115
803082,W 31 ST/6 AV,40.747777,-73.988823,M5
200142,BAY ST/LYNHURST AV,40.618444,-74.069242,S51
503749,GRAND AV/PAGE PL,40.717672,-73.918518,Q59
405487,W 37 ST/BROADWAY,40.752202,-73.987383,Q32
350249,FLATBUSH AV/RYAN VISITORS CENTER,40.587664,-73.898453,Q35
505334,ROCKAWAY BLVD/NASSAU EXPWY,40.660599,-73.77559,Q6
200898,POST AV/DRIPROCK ST,40.631201,-74.127832,S44
203048,CLOVE RD/DELAFIELD AV,40.629314,-74.123408,S54
404035,W 49 ST/7 AV,40.760705,-73.98407,M50
504337,MYRTLE AV/79 PL,40.702774,-73.869881,Q55
504206,ATLANTIC AV/96 ST,40.688668,-73.847502,Q24
552036,STEINWAY ST/NORTHERN BLVD,40.752738,-73.924035,Q101
500013,HILLSIDE AV/193 ST,40.716736,-73.768676,Q1
550688,21 ST/30 AV,40.770106,-73.927583,Q100 Q69
550699,ROCKAWAY BEACH BLVD/BEACH 100 ST,40.583749,-73.821212,Q22
552449,BEACH CHANNEL DR /HASSOCK ST,40.609692,-73.753579,Q114
203593,ARTHUR KILL RD/WOODROW RD,40.565265,-74.181287,SIM4C
201221,FINGERBOARD RD/CLEVELAND PL,40.603262,-74.069327,S52
250020,ARDEN AV/ANNADALE RD,40.544316,-74.176319,SIM23
501249,FRANCIS LEWIS BLVD/27 AV,40.772665,-73.795013,Q16
500331,LIBERTY AV/187 ST,40.704228,-73.769919,Q83
200879,LAFAYETTE AV/FILLMORE ST,40.643507,-74.09567,S44
550188,101 AV /VAN WYCK EXPWY,40.694203,-73.811329,Q8
551793,NORTHERN BLVD/COLLEGE POINT BLVD,40.762551,-73.835194,Q26
307855,ATLANTIC AV/EUCLID AV,40.681243,-73.87348,Q24
551700,QUEENS BLVD/65 AV,40.728884,-73.85814,Q60
553424,QUEENS BLVD/REEDER ST,40.737238,-73.878269,Q60
702240,FULTON ST/VAN SINDEREN AV,40.677928,-73.903654,T434
505193,HILLSIDE AV/179 PL,40.712691,-73.783792,Q43
203874,ARMSTRONG AV/EAST BRANDIS AV,40.559562,-74.16219,SIM5 SIM6
801204,Belt py/51 st,40.646938,-74.015279,X37
550633,ASTORIA BLVD/94 ST,40.763149,-73.875137,Q19 Q49
504401,QUEENS BLVD/ELIOT AV,40.732402,-73.868197,Q60
405417,W 125 ST/MALCOLM X  BLVD,40.807514,-73.945075,M60+ M60-SBS
500039,BRADDOCK AV/WINCHESTER BLVD,40.728537,-73.736744,Q1
250016,HUGUENOT AV/AVON GREEN,40.548624,-74.200158,SIM24
504302,METROPOLITAN AV/PARK LN SOUTH,40.708029,-73.837264,Q54
503439,JAMAICA AV/FOREST PKWY,40.692317,-73.861337,Q56
505446,LINDEN BLVD/234 ST,40.690932,-73.728038,QM64
402441,E 60 ST/2 AV,40.761691,-73.964764,Q32
550004,ROCKAWAY BLVD/147 AV,40.660357,-73.774194,Q6
552434,SEAGIRT BLVD/BEACH 17 ST,40.595319,-73.751469,Q113 Q114
550334,LEFFERTS BLVD/89 AV,40.697182,-73.829652,Q80
203149,EBBITTS ST/CUBA AV,40.563531,-74.108757,S76
550908,108 ST/63 DR,40.7339,-73.849968,Q23
701039,LINDEN BLVD/132 ST,40.681911,-73.809717,Q51
503997,VAN WYCK NORTH SERVICE RD/BUILDING 21,40.65293,-73.805924,Q3
201007,HYLAN BLVD/FIELDWAY AV,40.548023,-74.139061,S78
550928,103 ST/37 AV,40.753562,-73.864527,Q14
904026,LINDEN BLVD/235 ST,40.690788,-73.727689,QM64
501960,JAMAICA AV/215 ST,40.717169,-73.741118,Q110
551567,69 ST/48 AV,40.738265,-73.896037,Q47
552316,GUY R BREWER BLVD/MEADOW RD,40.666407,-73.770211,Q115
201473,BRADLEY AV/BRIELLE AV,40.599082,-74.130782,S57
550540,HOBART ST/30 AV,40.759756,-73.906292,Q18
404308,W 86 ST/COLUMBUS AV,40.786707,-73.972454,M86+ M86-SBS
200300,CASTLETON AV/HAVENWOOD RD,40.63321,-74.09539,S46
552199,48 ST/39 AV,40.74933,-73.915464,Q104
551262,63 DR/HARING ST,40.725403,-73.865304,Q38
405627,E 68 ST/LEXINGTON AV,40.767621,-73.963646,M66
552275,MILL RD /PENINSULA BLVD,40.643992,-73.704327,Q111
551203,111 ST/109 AV,40.680212,-73.828844,Q37
550907,108 ST/65 AV,40.731509,-73.848993,Q23
501619,216 ST/LUKE PL,40.7524,-73.763844,Q27
200302,CASTLETON AV/N RANDALL AV,40.634226,-74.099764,S46
400361,MADISON AV/E 52 ST,40.759345,-73.974372,Q32
551540,109 AV/ROCKAWAY BLVD,40.678968,-73.834036,Q41
503876,23 AV/87 ST,40.767285,-73.882565,M60+ M60-SBS Q47
201570,FOREST AV/HARBOR RD,40.626658,-74.160923,S48 S98
500134,HOLLIS AV/FRANCIS LEWIS BLVD,40.707267,-73.751719,Q2
503965,HILLSIDE AV/210 ST,40.723225,-73.756211,Q82 QM68
804246,58 ST/52 AV,40.735794,-73.909467,Q39
804060,92 ST/59 AV,40.734979,-73.86959,Q88
805084,BLOOMINGDALE RD/CLAY PIT RD,40.54004,-74.217596,S55
203739,SOUTH AV/FOREST AV,40.627523,-74.166435,S40 S90
550994,KISSENA BLVD/75 AV,40.726666,-73.811264,Q25
801099,MYRTLE AV/KNICKERBOCKER AV,40.698802,-73.918529,T410
404032,E 9 ST/4 AV,40.730821,-73.990862,M8
500907,NORTHERN BLVD/BELL BLVD,40.760353,-73.769242,Q12
200358,GIFFORDS LN/LEVERETT AV,40.557037,-74.152954,S54
550060,ROCKAWAY BLVD/N CONDUIT AV,40.667651,-73.780887,Q6
502813,SPRINGFIELD BLVD/197 ST,40.68543,-73.750495,Q77
405390,E 23 ST/1 AV,40.736864,-73.978704,M9
902205,JEROME AV/MOSHOLU PKWY NORTH,40.880095,-73.884308,T127
905044,FOREST AV/SOUTH AV,40.627115,-74.165571,SIM30
551375,48 AV/43 ST,40.739512,-73.921849,Q39
200699,HYLAN BLVD/ALLENDALE RD,40.598669,-74.079891,S78
504286,METROPOLITAN AV/HILLSIDE AV,40.703712,-73.82302,Q54
250046,AMBOY RD/CONNECTICUT ST,40.50773,-74.251499,SIM26
450147,MAIN ST/CHAPEL 543 MAIN ST,40.761763,-73.949995,Q102
550887,69 AV/GROTON ST,40.71758,-73.851653,Q23
501154,150 ST/34 AV,40.767821,-73.815371,Q15
500484,237 ST/121 AV,40.684373,-73.728502,Q84
905121,bayonne br/bayonne br-north,40.644947,-74.140815,S89
901806,OCEAN AV/CORTELYOU RD,40.64349,-73.959812,T464
501439,UTOPIA PKWY/65 AV,40.736682,-73.792944,Q31
551598,BOWERY BAY BLVD/FIORELLO LN,40.770462,-73.886851,Q33
404124,W 178 ST/SAINT NICHOLAS AV,40.847336,-73.935381,M98
801069,4 AV/86 ST,40.622647,-74.028537,S53
203735,MARTLING AV/SLOSSON AV,40.62178,-74.119593,SIM35
501405,188 ST/PERTH RD,40.726088,-73.779801,Q17
500099,187 PL/90 AV,40.712532,-73.772917,Q3
552060,STEINWAY ST/21 AV,40.774759,-73.903558,Q101
203778,CLARKE AV/WILDER AV,40.565299,-74.134397,SIM15
505013,20 AV/WHITESTONE EXPWY,40.781741,-73.826119,Q20
403993,E 68 ST/3 AV,40.766964,-73.962076,M66
505385,FRANCIS LEWIS BLVD/147 DR,40.65536,-73.727035,QM63
401561,E 9 ST/UNIVERSITY PL,40.732356,-73.994609,M8
505435,JAMAICA AV/SUTPHIN BLVD,40.701698,-73.807775,Q1
202926,ANNADALE RD/DRUMGOOLE RD W,40.555512,-74.176143,S55
801092,AVENUE Z/E 15 ST,40.587994,-73.954675,T464
202100,ARTHUR KILL RD/COLON AV,40.561825,-74.15932,S74
552294,147 AV /253 ST,40.657292,-73.736386,Q111
551108,DRY HARBOR RD/FURMANVILLE AV,40.718032,-73.872539,Q29
404900,MADISON AV/E 25 ST,40.742255,-73.986895,X28
502765,FRANCIS LEWIS BLVD/73 AV,40.735914,-73.772835,Q76
200280,CASTLETON AV/CEBRA AV,40.634706,-74.086459,S52
502404,UNION TPKE/174 ST,40.724648,-73.795507,Q45
551479,143 ST/130 AV,40.670716,-73.796143,Q40
901226,4 AV/86 ST,40.622658,-74.028343,S79+ S79-SBS
202553,TYSENS LN/FALCON AV,40.562708,-74.11419,S57
505026,20 AV/131 ST,40.781542,-73.837305,Q20
503938,JAMAICA AV/GUY R BREWER BLVD,40.704409,-73.79715,Q110 Q56
551437,THOMSON AV/SKILLMAN AV,40.745236,-73.937086,Q39
550247,PITKIN AV/77 ST,40.676708,-73.859582,Q112
551336,JUNIPER VALLEY RD/70 ST,40.714636,-73.884633,Q38
201506,FOREST AV/PELTON AV,40.630043,-74.108916,S48
505537,35 AV/83 ST,40.751862,-73.883474,Q49
552377,LIBERTY AV /102 ST,40.681321,-73.83882,Q112
203688,RICHMOND RD/NORDEN ST,40.593578,-74.100074,S76
500479,238 ST/121 AV,40.683463,-73.72808,Q84
553051,RUST ST/57 DR,40.721311,-73.912891,Q39
550740,ROCKAWAY BEACH BLVD/NEPONSIT HOSPITAL,40.568775,-73.86508,Q35
553407,QUEENS BLVD/69 ST,40.740067,-73.895982,Q60
200206,McCLEAN AV/HICKORY AV,40.595585,-74.074126,S52
502690,FRANCIS LEWIS BLVD/HORACE HARDING EXPWY SOUTH,40.742925,-73.775406,Q76
500939,LITTLE NECK PKWY/87 AV,40.731274,-73.710869,Q36
202600,MORNINGSTAR RD/KALVER PL,40.632433,-74.14658,S46 S96
551090,HAMPTON ST/BRITTON AV,40.745935,-73.88037,Q29
203066,FATHER CAPODANNO BLVD/LINDA AV,40.593969,-74.063089,S51
501048,BELL BLVD/23 AV,40.782101,-73.776406,Q13
350180,GRANT AV /PITKIN AV,40.676448,-73.865538,Q8
500462,120 AV/192 ST,40.687925,-73.756966,Q84
901022,ROCKAWAY STATION/ROCKAWAY STATION,40.645803,-73.901677,T426
202307,AMBOY RD/ARBUTUS AV,40.534183,-74.186196,S55
502401,UNION TPKE/183 ST,40.727703,-73.786096,Q45
550926,43 AV/102 ST,40.747247,-73.862771,Q14
551031,127 ST/11 AV,40.787751,-73.841127,Q25
201431,WILLOWBROOK RD/LATHROP AV,40.620278,-74.144554,S57
903325,AVENUE OF THE AMERICAS/W 16 ST,40.73846,-73.995989,M7
504447,32 AV/CLEARVIEW SERVICE RD WEST,40.771309,-73.784285,Q28
250061,WOODROW RD/SHOTWELL AV,40.556034,-74.182142,SIM8
502834,SPRINGFIELD BLVD/132 RD,40.682646,-73.751548,Q77
202181,VAN DUZER ST/OAKLAND TERR,40.620044,-74.085932,S74
505025,20 AV/128 ST,40.781646,-73.840613,Q20
401906,E 86 ST/3 AV,40.778463,-73.953302,M86+ M86-SBS
550199,101 AV /109 ST,40.687529,-73.83483,Q8
552431,BEACH 9 ST /JARVIS CT,40.598078,-73.744491,Q114
550285,VAN WYCK NORTH SERVICE RD/BUILDING 120,40.654709,-73.806686,Q3
551858,35 AV/STEINWAY ST,40.755292,-73.922236,Q66
504410,JACKSON AV/DAVIS ST,40.745798,-73.945408,Q101 Q67
201735,MANOR RD/CROWELL AV,40.616077,-74.123461,S54
203830,SOUTH AV/LOIS LN,40.612963,-74.174739,S46 S96
982169,COOPER AV/81 ST,40.709308,-73.869795,Q47
552079,VERNON BLVD/36 AV,40.761862,-73.942445,Q103
201285,TOMPKINS AV/FINGERBOARD RD,40.607014,-74.067295,S52
502071,HILLSIDE AV/235 ST,40.732604,-73.731106,Q43
803108,SOUTH END AV/ALBANY ST,40.710277,-74.016204,M9
551743,PIDGEON MEADOW RD/46 AV,40.753447,-73.804241,Q65
551425,ELIOT AV/60 LN,40.714147,-73.901963,Q39
551684,108 AV/SUTPHIN BLVD,40.692957,-73.799,Q60
500061,BRADDOCK AV/LYMAN ST,40.72791,-73.733072,Q1
201551,FOREST AV/NORTH BURGHER AV,40.629289,-74.113742,S48
502115,HILLSIDE AV/202 ST,40.719904,-73.762312,Q76
553195,HOFFMAN DR /58 AV,40.733202,-73.871883,Q29
403903,BROADWAY/W 125 ST,40.81617,-73.958183,M4
201689,MANOR RD/CROAK AV,40.603299,-74.120569,S54
701009,ROCKAWAY BLVD/75 ST,40.686178,-73.865756,Q7
504449,METROPOLITAN AV/WOODWARD AV,40.713822,-73.920373,Q54
203031,CLOVE RD/CASTLETON AV,40.633742,-74.125859,S54
201286,FINGERBOARD RD/LINCOLN PL,40.604894,-74.068947,S52
552977,BROOKVILLE BL/148 AV,40.654472,-73.745563,Q86
203651,ROCKLAND AV/MANOR RD,40.587751,-74.13636,S54
200533,JEWETT AV/WATCHOGUE RD,40.612975,-74.130866,S66
505449,162 ST/45 AV,40.75674,-73.804348,Q65
700942,SEAVER WAY/ROOSEVELT AV,40.756066,-73.843556,Q90
200137,BAY ST/SEA GATE RD,40.607702,-74.061254,S51
551330,ELIOT AV/MT OLIVE CRES,40.715895,-73.898692,Q14
202232,ARTHUR KILL RD/RIDGEWOOD AV,40.560184,-74.165168,S74
403241,W 42 ST/BROADWAY,40.755466,-73.985721,M42
552333,GUY R BREWER BLVD/120 AV,40.680391,-73.780835,Q115
550181,101 AV /LIVERPOOL ST,40.695461,-73.806467,Q8
502994,BROADWAY/CORONA AV,40.739332,-73.877793,Q58
400840,RIVERSIDE DR/W 100 ST,40.798412,-73.973916,M5
552417,LIBERTY AV /124 ST,40.687825,-73.820446,Q112
203683,HYLAN BLVD/ROSS AV,40.56862,-74.111454,S78
500395,LINDEN BLVD/225 ST,40.69361,-73.735523,Q4
551464,142 ST/LAKEWOOD AV,40.688239,-73.804716,Q40
504987,HORACE HARDING EXPWY/JUNCTION BLVD,40.734362,-73.864508,Q88
504554,LAKEVILLE RD/ HEWLETT ST,40.753734,-73.703206,Q46
903280,PARK ROW/SPRUCE ST,40.711897,-74.006203,M9
504539,FARMERS BLVD/MERRICK BLVD,40.679548,-73.761749,QM65
551086,HAMPTON ST / WHITNEY AVE,40.744474,-73.877072,Q29
501871,UTOPIA PKWY/ASHBY AV,40.752699,-73.792384,Q31
203162,CEDAR GROVE AV/MAPLE TERR,40.563084,-74.098812,S76
200619,ARLO RD/HOWARD AV,40.619567,-74.090438,S66
903332,OCEAN AV/BEVERLY RD,40.644933,-73.959976,T464
804224,BEACH CHANNEL DR/BEACH 25 ST,40.600595,-73.762053,Q121
552496,SHERIDAN BLVD/BAYVIEW AV,40.614363,-73.752793,Q114
902234,MORRIS PARK AV/E 180 ST,40.840976,-73.87278,T113
504355,MYRTLE AV/PARK LN SOUTH,40.701097,-73.841261,Q55
551048,23 AV/127 ST,40.778572,-73.84133,Q25
505221,10 AV/152 ST,40.793499,-73.810155,Q15
200279,CASTLETON AV/WEBSTER AV,40.634255,-74.087655,S46
550475,WOODHAVEN BLVD/66 AV,40.718298,-73.863823,Q11
404897,6 AV/ W 14 ST,40.737609,-73.9966,X27
551624,QUEENS BLVD/60 ST,40.741289,-73.904435,Q60
551810,QUEENS BLVD/70 RD,40.722097,-73.844686,Q64
804217,JACKSON AV/THOMPSON AV,40.746721,-73.943269,Q96
505107,56 AV/QBCC,40.754027,-73.758111,Q27
201557,FOREST AV/DUBOIS AV,40.626743,-74.12818,S48
803215,triboro br/ramp,40.796418,-73.921784,M60+ M60-SBS
401545,SAINT MARKS PL/AVENUE A,40.72672,-73.983353,M8
503652,ATLANTIC AV/108 ST,40.691363,-73.837053,Q24
804061,MERRICK BLVD/ARCHER AV,40.704933,-73.793318,Q44+ Q44-SBS
551987,JUNCTION BLVD/QUEENS BLVD,40.730827,-73.862708,Q72
504342,MYRTLE AV/88 ST,40.702931,-73.858928,Q55
400759,RIVERSIDE DR/W 85 ST,40.789293,-73.98076,M5
202150,TARGEE ST/YOUNG ST,40.620682,-74.08428,S74
200894,CARY AV/CAROLINE ST,40.632453,-74.119076,S44
805094,BLOOMINGDALE RD/SHARROTTS RD,40.537602,-74.217955,S55
803151,E 49 ST/1 AV,40.753385,-73.966854,M50
501112,150 ST/12 AV,40.790656,-73.814459,Q15
551132,23 AV/90 ST,40.767857,-73.880212,Q47
501290,FRANCIS LEWIS BLVD/163 ST,40.777054,-73.800427,Q76
503299,QUEENS BLVD/45 ST,40.743113,-73.920029,T320
700990,147 AV/147 ST,40.663537,-73.793307,Q7
304535,JAMAICA AV/LOGAN ST,40.686973,-73.87875,Q56
250042,AMBOY RD/MURRAY ST,40.51674,-74.2325,SIM26
505523,75 ST/NORTHERN BLVD,40.755011,-73.891971,Q47
503080,MURDOCK AV/210 ST,40.702542,-73.744636,Q83
551949,MAURICE AV/QUEENS MIDTOWN EXPWY,40.727883,-73.906472,Q67
501550,HOLLIS COURT BLVD/56 AV,40.746471,-73.780482,Q26
550116,ROCKAWAY BLVD/145 ST,40.673831,-73.793879,Q7
501237,BAYSIDE AV/152 ST,40.771523,-73.811606,Q16
502017,106 AV/177 ST,40.70282,-73.780971,Q42
200121,OLYMPIA BLVD/NORWAY AV,40.590604,-74.076605,S52
552026,JUNCTION BLVD/53 AV,40.739448,-73.867078,Q72
552466,MOTT AV /ROCKAWAY TPKE,40.61947,-73.732359,Q114
552043,STEINWAY ST/34 AV,40.756591,-73.921056,Q101
201011,HYLAN BLVD/JUSTIN AV,40.553499,-74.131549,S78
550235,ROCKAWAY BLVD/102 ST,40.67967,-73.837674,Q7
250062,AMBOY RD/BEDELL ST,40.521478,-74.216996,SIM26
503778,MAIN ST/63 AV,40.736974,-73.8252,Q20
200036,RICHMOND TERR/BARD AV,40.645002,-74.108868,S40
503701,NORTH BOUNDARY RD/FEDERAL EXPRESS,40.662682,-73.783262,Q3
504362,MYRTLE AV/81 ST,40.703067,-73.867666,Q55
500891,LITTLE NECK PKWY/NORTHERN BLVD,40.770467,-73.735086,Q36
805071,RICHMOND AV/ MONSEY PL,40.624299,-74.149069,S89
403117,BROADWAY/W 106 ST,40.801818,-73.967642,M60+ M60-SBS
405118,W 42 ST/12 AV,40.761953,-74.000937,M42
502000,174 ST/110 AV,40.696914,-73.779757,Q42
552085,41 AV/VERNON BLVD,40.756345,-73.947203,Q103
505444,SEAVER WAY/ROOSEVELT AV,40.755973,-73.84357,Q90
700694,BORDEN AV/GREENPOINT AV,40.737262,-73.931124,Q67
552050,STEINWAY ST/28 AV,40.7656,-73.913489,Q101
551526,94 AV/143 ST,40.698059,-73.810221,Q24
550754,ROCKAWAY BEACH BLVD/BEACH 135 ST,40.573887,-73.852912,QM16
203510,CLOVE RD/BRITTON AV,40.607114,-74.088294,S53
501302,29 AV/159 ST,40.771189,-73.805748,Q16
550169,101 AV /111 ST,40.688066,-73.832564,Q8
552244,JAMAICA AV/HOLLIS COURT BLVD,40.715437,-73.748773,Q110
204074,RICHMOND TERR/BEMENT AV,40.642928,-74.113873,S40
203743,BATTERY RD/TENNESSEE RD,40.600388,-74.059641,S51 S81
405506,W 44 ST/6 AV,40.755933,-73.98283,M55
501514,HOMELAWN ST/173 ST,40.718461,-73.791654,Q31
503274,NORTHERN BLVD/154 ST,40.764448,-73.81059,Q12
401925,E 86 ST/5 AV,40.781538,-73.960312,M86+ M86-SBS
904039,137 AV/ FARMERS BLVD,40.673399,-73.764355,Q85
551283,ELIOT AV/64 ST,40.715947,-73.898256,Q14
203174,AMBOY RD/FARRELL CT,40.566544,-74.128108,S57
701042,NAMEOKE ST/REDFERN AV,40.607602,-73.751707,Q22
550013,SUTPHIN BLVD/123 AV,40.676202,-73.790313,Q6
550761,ROCKAWAY BEACH BLVD/BEACH 129 ST,40.576161,-73.847862,Q35
550226,135 ST /109 AV,40.686854,-73.809166,Q9
551969,69TH ST / 62ND DR,40.716728,-73.888605,Q67
200307,CASTLETON AV/DAVIS AV,40.634775,-74.108556,S46
200598,JEWETT AV/POST AV,40.630769,-74.13037,S66
202909,WOODROW RD/ELLSWORTH AV,40.542951,-74.200166,S56
402163,W 50 ST/12 AV,40.766621,-73.996653,M50
501736,32 AV/205 ST,40.77103,-73.784717,Q28
552163,11 ST/34 AV,40.764853,-73.937569,Q104
505020,COLLEGE POINT BLVD/18 AV,40.78335,-73.845757,Q26
403440,W 179 ST/SAINT NICHOLAS AV,40.848025,-73.934477,M98
505431,BROOKVILLE BLVD/135 AV,40.672362,-73.73454,Q86
403612,W 72 ST/AMSTERDAM AV,40.778609,-73.981401,M72
551565,69 ST/49 AV,40.737833,-73.89579,Q47
550238,LINCOLN ST /116 AV,40.678502,-73.807785,Q9
552332,GUY R BREWER BLVD/120 AV,40.681129,-73.781048,Q115
401899,W 86 ST/CENTRAL PARK WEST,40.785289,-73.969373,M86+ M86-SBS
200285,BAY ST/VICTORY BLVD,40.637877,-74.075915,S78
505519,23 AV/91 ST,40.767738,-73.879212,Q47
501471,NASSAU BLVD/LITTLE NECK PKWY,40.764198,-73.726044,Q30
550554,WOODSIDE AV/65 PL,40.743438,-73.899326,Q18
551719,164 ST/GOETHALS AV,40.718954,-73.804017,Q65
201093,OLGA PL/POUCH TERR,40.603911,-74.076289,S78
502808,FRANCIS LEWIS BLVD/LINDEN BLVD,40.696201,-73.746301,Q77
502175,MAIN ST/58 RD,40.744847,-73.825789,Q20
401958,E 96 ST/LEXINGTON AV,40.786099,-73.951246,M96
501750,CORPORAL KENNEDY ST/28 AV,40.77499,-73.781873,Q28
503519,CORONA AV/91 PL,40.742375,-73.873904,Q58
505393,LAURELTON PKWY/MERRICK BLVD,40.674133,-73.734958,Q5
505454,FRANCIS LEWIS BLVD/45 DR,40.75512,-73.782126,Q76
104003,EAST TREMONT AV/E 177 ST,40.839819,-73.878374,Q44+ Q44-SBS
302174,ATLANTIC AV/SHEPHERD AV,40.678877,-73.881905,Q24
550858,ROCKAWAY BEACH BLVD/BEACH 124 ST,40.577767,-73.843728,Q35
550055,SUTPHIN BLVD/123 AV,40.676147,-73.790495,Q6
551271,FURMANVILLE AV/77 PL,40.717334,-73.876829,Q38
553264,109 AV/111 ST,40.680338,-73.829175,Q41
503650,ATLANTIC AV/104 ST,40.690324,-73.841675,Q24
552291,147 AV /256 ST,40.657622,-73.733104,Q111
201080,SAINT PAULS AV/CEBRA AV,40.630414,-74.081356,S78
982106,UNION TPKE/CRESCENT APARTMENTS,40.707107,-73.854129,Q23
402172,E 50 ST/MADISON AV,40.757723,-73.975397,M50
503083,108 ST/ASTORIA BLVD,40.760695,-73.861325,Q23
504379,MYRTLE AV/SENECA AV,40.700403,-73.904216,Q55
500896,NORTHERN BLVD/MARATHON PKWY,40.768231,-73.737914,Q12
551385,58 ST/53 RD,40.734454,-73.910269,Q39
201721,BROADWAY/CASTLETON AV,40.634711,-74.117365,S54
902204,BAINBRIDGE AV/E 206 ST,40.874807,-73.879337,T127
402189,W 49 ST/5 AV,40.758113,-73.978021,M50
500453,MERRICK BLVD/116 AV,40.688047,-73.776466,Q5
551982,BORDEN AV/39 PL,40.736526,-73.926898,Q67
302182,ATLANTIC AV/PENNSYLVANIA AV,40.675852,-73.896631,Q24
552150,VERNON BLVD/35 AV,40.763611,-73.941603,Q103
500109,HOLLIS AV /204 ST,40.706802,-73.753316,Q2
450142,WEST RD/ROOSEVELT ISLAND STATION,40.759133,-73.953438,Q102
