id,name,freeway,direction,type,lanes,city,county,abs_pm,lat,lon
715898,PHOEBE,5,N,ML,3,40032,37,117.313,33.880069,-118.021261
715900,VALLEY VIEW,5,S,OR,1,40032,37,117.63,33.882892,-118.026822
715901,VALLEY VIEW,5,N,OR,1,40032,37,117.743,33.8834,-118.027451
715903,ALONDRA,5,N,OR,1,69154,37,118.193,33.886992,-118.034125
715904,CARMENITA,5,S,OR,1,69154,37,118.84,33.892489,-118.044573
715905,CARMENITA,5,N,OR,1,52526,37,119.153,33.894587,-118.048098
715906,ROSECRANS,5,S,OR,1,52526,37,119.85,33.900669,-118.059422
715907,FIRESTONE,5,S,OR,1,52526,37,120.19,33.903961,-118.064046
715908,SAN ANTONIO/NORWALK,5,S,OR,1,52526,37,120.85,33.911074,-118.071686
715910,NORWALK SB,5,N,OR,1,52526,37,121.213,33.913564,-118.075867
715911,IMPERIAL,5,S,OR,1,52526,37,121.46,33.916643,-118.079557
715912,IMPERIAL,5,N,OR,1,52526,37,121.593,33.917571,-118.080056
715913,PIONEER,5,S,FR,1,52526,37,121.79,33.920763,-118.082501
715915,TINA,5,N,ML,3,52526,37,122.133,33.924353,-118.084803
715916,TINA,5,S,ML,3,52526,37,122.07,33.924281,-118.084952
715918,ORR - DAY,5,N,ML,3,52526,37,122.833,33.93311,-118.091005
715920,S OF 605,5,S,ML,4,52526,37,123.21,33.938544,-118.094941
715923,LAKEWOOD NB,5,S,OR,1,19766,37,124.78,33.956897,-118.110532
715924,LAKEWOOD NB,5,N,OR,1,19766,37,124.903,33.957583,-118.111199
715925,LAKEWOOD SB,5,S,OR,1,19766,37,124.92,33.958225,-118.11239
715926,LAKEWOOD SB,5,N,OR,1,19766,37,125.043,33.95891,-118.113036
715927,PARAMOUNT,5,N,OR,1,19766,37,125.493,33.9632,-118.1189
715928,PARAMOUNT NB,5,S,OR,1,19766,37,125.5,33.963867,-118.11987
715929,GUATEMALA,5,S,ML,4,19766,37,126.07,33.971707,-118.123095
715930,GUATEMALA,5,N,ML,4,19766,37,126.133,33.971763,-118.122905
715932,SLAUSON,5,S,OR,1,14974,37,126.44,33.97646,-118.125953
715933,GREENWOOD,5,N,ML,4,14974,37,126.963,33.981839,-118.130679
715935,GARFIELD,5,S,OR,1,14974,37,127.33,33.986224,-118.136014
715937,WASHINGTON 1,5,S,OR,1,14974,37,128.11,33.994935,-118.14469
715938,GASPAR,5,N,ML,4,14974,37,128.813,34.002541,-118.150997
715941,ATLANTIC,5,S,OR,1,14974,37,129.25,34.007592,-118.157266
715944,FERRIS,5,N,ML,4,14974,37,129.983,34.013676,-118.166091
715947,S OF 710,5,S,ML,3,14974,37,130.24,34.015325,-118.17127
715949,DOWNEY,5,N,OR,1,,37,130.983,34.020076,-118.181702
715950,DITMAN,5,S,OR,1,,37,131.333,34.020088,-118.189029
715952,CALZONA,5,S,OR,1,44000,37,131.71,34.020961,-118.195456
715953,CALZONA,5,N,OR,1,44000,37,131.773,34.021135,-118.195375
715957,EIGHTH,5,S,OR,1,44000,37,133.06,34.029033,-118.217141
715958,FOURTH,5,S,OR,1,44000,37,134.01,34.041407,-118.218373
715959,CESAR CHAVEZ,5,S,OR,1,44000,37,134.5,34.047784,-118.214638
715961,MISSION,5,S,OR,1,44000,37,135.16,34.057314,-118.214378
715963,BROADWAY,5,S,OR,1,44000,37,136.02,34.069368,-118.217386
715964,AVE 26,5,S,OR,1,44000,37,136.9,34.080943,-118.22237
715966,DUVALL,5,S,OR,1,44000,37,137.27,34.083198,-118.228213
715967,RIVERSIDE,5,N,OR,1,44000,37,137.733,34.086881,-118.233611
715968,STADIUM,5,S,OR,1,44000,37,138.5,34.095413,-118.243957
715969,STADIUM WAY,5,N,OR,1,44000,37,138.433,34.094038,-118.242314
715970,FLETCHER,5,N,OR,1,44000,37,139.833,34.108429,-118.258982
715971,GLENDALE,5,S,OR,1,44000,37,140.15,34.111314,-118.264526
715972,CITRUS NB,210,E,OR,1,3386,37,40.989,34.120764,-117.88843
715973,LOS FELIZ,5,S,OR,1,44000,37,140.92,34.120734,-118.271398
715974,WESTERN EB,5,S,OR,1,30000,37,144.23,34.162761,-118.294541
715975,WESTERN WB,5,S,OR,1,30000,37,144.27,34.163197,-118.29497
715976,WESTERN EB,5,N,OR,1,30000,37,144.403,34.164088,-118.295568
715977,WESTERN WB,5,N,OR,1,30000,37,144.553,34.165484,-118.29753
715978,ALAMEDA EB,5,S,OR,1,30000,37,144.77,34.167992,-118.301293
715979,ALAMEDA WB,5,S,OR,1,8954,37,144.87,34.168963,-118.302648
715980,ALAMEDA EB,5,N,OR,1,8954,37,145.033,34.17007,-118.303837
715981,ALAMEDA WB,5,N,OR,1,8954,37,145.083,34.170572,-118.30448
715982,OLIVE,5,N,OR,1,8954,37,145.903,34.179879,-118.312407
715983,BURBANK EB,5,S,OR,1,8954,37,146.25,34.184491,-118.316733
715985,BURBANK 2,5,N,OR,1,8954,37,146.603,34.187037,-118.320656
715986,LINCOLN,5,S,OR,1,8954,37,147.26,34.19381,-118.330292
715987,LINCOLN,5,N,OR,1,8954,37,147.323,34.193931,-118.330086
715988,BUENA VISTA,5,N,OR,1,8954,37,148.043,34.200877,-118.339185
715989,BUENA VISTA,5,S,OR,1,8954,37,147.99,34.200916,-118.339473
715990,HOLLYWOOD WAY,5,S,OR,1,44000,37,148.85,34.211259,-118.347597
715991,HOLLYWOOD WAY,5,N,OR,1,44000,37,149.043,34.212728,-118.349041
715992,ROSCOE,5,S,OR,1,44000,37,149.8,34.221104,-118.358957
715993,SUNLAND,5,S,OR,1,44000,37,150.15,34.221822,-118.364915
715994,SUNLAND,5,N,OR,1,44000,37,150.353,34.222169,-118.3673
715995,PENROSE,5,S,OR,1,44000,37,150.81,34.225778,-118.375075
715996,OSBORNE 1,5,S,ML,6,44000,37,153.87,34.243318,-118.42108
715997,TUXFORD,5,S,OR,1,44000,37,151.45,34.226376,-118.385923
715998,LANKERSHIM,5,N,OR,1,44000,37,151.703,34.227093,-118.389006
715999,LANKERSHIM,5,S,OR,1,44000,37,151.64,34.226944,-118.389042
716000,SHELDON,5,S,OR,1,44000,37,152.41,34.231047,-118.401401
716001,SHELDON,5,N,OR,1,44000,37,152.473,34.231273,-118.40134
716002,BRANFORD 1,5,S,OR,1,44000,37,153.32,34.23742,-118.414827
716003,OSBORNE 1,5,N,OR,1,44000,37,154.003,34.244193,-118.42169
716004,OSBORNE WB,5,S,OR,1,44000,37,154.04,34.245149,-118.422992
716005,OSBORNE 2,5,N,OR,1,44000,37,154.183,34.24614,-118.423735
716006,TERRA BELLA,5,S,OR,1,44000,37,154.41,34.249183,-118.427257
716008,CALGROVE,5,S,OR,1,,37,165.147,34.358847,-118.554053
716009,CALGROVE,5,N,OR,1,69088,37,165.61,34.364506,-118.555784
716011,LYONS 2,5,S,OR,1,69088,37,166.647,34.378358,-118.565494
716012,VALENCIA,5,N,OR,1,69088,37,168.87,34.408287,-118.576071
716014,Magic Mtn Pkwy,5,S,OR,1,69088,37,169.747,34.420911,-118.582284
716015,Magic Mtn Pkwy,5,N,OR,1,69088,37,170.05,34.424267,-118.58367
716016,RYE CANYON,5,S,ML,4,69088,37,170.547,34.431273,-118.588555
716017,RYE CANYON,5,N,ML,4,69088,37,170.61,34.43153,-118.588374
716018,HASLEY CANYON,5,S,OR,1,,37,172.817,34.454192,-118.615941
716019,HASLEY CANYON,5,N,OR,1,,37,173.17,34.458426,-118.615547
716020,LAKE HUGHES,5,S,OR,1,,37,175.847,34.495729,-118.623863
716021,LAKE HUGHES,5,N,OR,1,,37,176.01,34.497131,-118.624674
716023,TEMPLIN,5,N,ML,4,,37,182.44,34.571045,-118.689102
716025,SMOKEY BEAR RD,5,N,OR,1,,37,194.617,34.709779,-118.796647
716026,SUNFLOWER AV,210,E,HV,1,30014,37,43.589,34.117595,-117.844142
716028,ECHANDIA,10,E,ML,3,44000,37,16.759,34.055167,-118.216535
716029,OVERLAND,10,W,OR,1,44000,37,4.305,34.031891,-118.416029
716030,OVERLAND,10,E,OR,1,44000,37,4.345,34.031647,-118.41534
716032,MOTOR,10,W,ML,4,44000,37,4.575,34.030891,-118.411427
716033,MANNING,10,E,OR,1,44000,37,5.065,34.029516,-118.403014
716035,NATIONAL,10,E,OR,1,44000,37,5.835,34.031182,-118.390169
716036,CATTARAUGUS,10,E,ML,5,44000,37,6.205,34.034311,-118.384884
716038,LA CIENEGA,10,W,OR,1,44000,37,6.575,34.036959,-118.379466
716039,LA CIENEGA,10,E,OR,1,44000,37,6.595,34.036847,-118.379114
716040,VENICE,10,E,OR,1,44000,37,6.855,34.036314,-118.374796
716041,FAIRFAX,10,W,OR,1,44000,37,7.055,34.03577,-118.371368
716043,WASHINGTON,10,E,OR,1,44000,37,7.355,34.034495,-118.366371
716044,LA BREA SB,10,E,OR,1,44000,37,8.075,34.033989,-118.353882
716045,LA BREA 2,10,E,OR,1,44000,37,8.375,34.034193,-118.348655
716046,LA BREA NB,10,W,OR,1,44000,37,8.375,34.03448,-118.348667
716047,HARCOURT,10,E,ML,4,44000,37,8.545,34.034363,-118.345701
716050,WEST,10,E,ML,4,44000,37,8.905,34.034677,-118.339444
716051,CRENSHAW 2,10,E,FR,1,44000,37,9.375,34.035067,-118.331254
716054,ARLINGTON 1,10,W,OR,1,44000,37,10.075,34.036614,-118.31917
716055,ARLINGTON 2,10,E,OR,1,44000,37,10.295,34.03681,-118.315379
716057,GRAMERCY,10,E,ML,4,44000,37,10.425,34.036953,-118.313131
716058,WESTERN 1,10,W,OR,1,44000,37,10.545,34.037281,-118.311045
716059,WESTERN 2,10,W,FR,1,44000,37,10.795,34.037253,-118.306713
716060,WESTERN 2,10,E,OR,1,44000,37,10.795,34.036945,-118.306723
716061,NORMANDIE 1,10,W,OR,1,44000,37,11.055,34.037222,-118.302221
716063,BUDLONG,10,W,ML,4,44000,37,11.375,34.037129,-118.296691
716064,VERMONT 1,10,W,OR,1,44000,37,11.505,34.037096,-118.294389
716065,VERMONT 2,10,E,OR,1,44000,37,11.795,34.036796,-118.289266
716066,HOOVER 2,10,E,OR,1,44000,37,12.215,34.037427,-118.282004
716067,STATE,10,E,ML,3,44000,37,17.03,34.054801,-118.211859
716069,SAINT LOUIS,10,E,ML,4,44000,37,17.25,34.053806,-118.208214
716071,SOTO,10,W,OR,1,44000,37,17.4,34.053753,-118.205692
716072,SOTO,10,E,ML,6,44000,37,17.53,34.05411,-118.203478
716074,TREMONT,10,W,FR,1,44000,37,17.81,34.055448,-118.19888
716075,INDIANA,10,E,ML,6,44000,37,18.16,34.055306,-118.192689
716076,INDIANA,10,W,ML,6,44000,37,18.16,34.055573,-118.192729
716078,HERBERT,10,E,ML,6,44000,37,18.55,34.055285,-118.185874
716081,EASTERN,10,E,ML,4,,37,19.29,34.059959,-118.174416
716084,W OF 710,10,W,ML,4,48914,37,19.75,34.061442,-118.167268
716085,E OF 710,10,E,ML,4,48914,37,20.04,34.061918,-118.162504
716086,WINTHROPE,10,W,OR,1,884,37,20.22,34.063934,-118.160163
716087,WARWICK,10,E,ML,5,884,37,20.51,34.065882,-118.155495
716088,WARWICK,10,W,ML,4,884,37,20.53,34.066326,-118.155441
716089,HELLMAN,10,W,OR,1,884,37,20.8,34.068501,-118.151418
716090,FREMONT,10,E,OR,1,884,37,20.9,34.069016,-118.149713
716091,MARENGO,10,W,ML,4,884,37,21.32,34.071793,-118.143409
716092,MARENGO,10,E,ML,4,884,37,21.41,34.071251,-118.141723
716093,ATLANTIC SB,10,E,OR,1,884,37,21.79,34.071335,-118.135155
716094,ATLANTIC SB,10,W,OR,1,884,37,21.79,34.071644,-118.135158
716095,ATLANTIC NB,10,E,OR,1,884,37,21.88,34.071342,-118.133569
716096,ATLANTIC NB,10,W,OR,1,884,37,21.88,34.071662,-118.133572
716097,GARFIELD SB,10,E,OR,1,884,37,22.43,34.071438,-118.123947
716098,GARFIELD SB,10,W,OR,1,884,37,22.45,34.071803,-118.123604
716099,GARFIELD NB,10,E,OR,1,884,37,22.52,34.071457,-118.122386
716100,GARFIELD NB,10,W,OR,1,884,37,22.54,34.071819,-118.12204
716101,ALMANSOR,10,W,ML,4,884,37,22.81,34.071889,-118.117349
716103,NEW SB,10,E,OR,1,884,37,23.27,34.071665,-118.10937
716104,NEW SB,10,W,OR,1,884,37,23.3,34.072021,-118.108838
716105,NEW NB,10,E,OR,1,48914,37,23.37,34.07168,-118.107635
716106,NEW NB,10,W,OR,1,48914,37,23.39,34.072053,-118.107276
716107,DEL MAR SB,10,E,OR,1,48914,37,23.76,34.071731,-118.100852
716108,DEL MAR SB,10,W,OR,1,67042,37,23.77,34.072192,-118.100669
716109,DEL MAR NB,10,E,OR,1,62896,37,23.89,34.071766,-118.098584
716110,DEL MAR NB,10,W,OR,1,62896,37,23.89,34.072118,-118.09858
716111,SAN GABRIEL SB,10,E,OR,1,62896,37,24.27,34.071834,-118.091958
716112,SAN GABRIEL SB,10,W,OR,1,62896,37,24.3,34.072221,-118.091434
716113,SAN GABRIEL NB,10,E,OR,1,62896,37,24.39,34.07186,-118.089866
716114,SAN GABRIEL NB,10,W,OR,1,62896,37,24.4,34.072253,-118.089691
716115,WALNUT GROVE,10,E,OR,1,62896,37,24.81,34.071945,-118.082543
716116,WALNUT GROVE,10,W,OR,1,62896,37,24.792,34.072342,-118.082856
716117,ROSEMEAD SB,10,W,OR,1,62896,37,25.29,34.072457,-118.074173
716118,ROSEMEAD SB,10,E,OR,1,62896,37,25.29,34.072071,-118.074173
716119,ROSEMEAD NB,10,W,OR,1,22230,37,25.41,34.072494,-118.07208
716120,ROSEMEAD NB,10,E,OR,1,22230,37,25.44,34.072083,-118.071554
716121,FLAIR,10,E,OR,1,22230,37,25.598,34.072102,-118.06879
716124,TEMPLE CITY,10,W,OR,1,22230,37,26.13,34.072661,-118.059491
716126,BALDWIN,10,E,ML,4,22230,37,26.59,34.071934,-118.051536
716127,SANTA ANITA,10,W,OR,1,22230,37,27.06,34.069271,-118.044184
716128,SANTA ANITA,10,E,OR,1,22230,37,27.28,34.06847,-118.040429
716129,PECK,10,W,OR,1,22230,37,27.84,34.068078,-118.030663
716130,VALLEY,10,E,OR,1,22230,37,28.01,34.067963,-118.027743
716131,VALLEY,10,W,OR,1,22230,37,28.111,34.068199,-118.025926
716132,STEWART,10,E,OR,1,22230,37,28.48,34.06699,-118.019773
716133,DURFEE,10,E,OR,1,22230,37,29.19,34.063981,-118.008051
716134,DURFEE RD,10,W,FR,1,22230,37,29.19,34.064175,-118.008013
716135,FRAZIER,10,W,OR,1,3666,37,30.22,34.066554,-117.990356
716136,BALDWIN PARK SB,10,W,OR,1,3666,37,30.71,34.067663,-117.981905
716137,BALDWIN PARK NB,10,E,OR,1,3666,37,30.81,34.06769,-117.980138
716138,BALDWIN PARK NB,10,W,OR,1,3666,37,30.83,34.067905,-117.979831
716139,FRANCISQUITO,10,W,OR,1,3666,37,31.31,34.069011,-117.971555
716140,PUENTE NB,10,E,OR,1,3666,37,31.96,34.070282,-117.960307
716141,PUENTE,10,W,OR,1,3666,37,31.98,34.07049,-117.959994
716142,SUNFLOWER AV,210,E,ML,4,30014,37,43.589,34.117595,-117.844142
716143,LONE HILL AV,210,E,ML,4,30014,37,44.489,34.120911,-117.829234
716144,WEST COVINA,10,W,OR,1,84200,37,32.86,34.072082,-117.94475
716145,WEST COVINA PKWY,10,E,OR,1,84200,37,32.94,34.072075,-117.943345
716146,SUNSET,10,W,ML,5,84200,37,33.4,34.072549,-117.935381
716148,VINCENT SB,10,W,OR,1,84200,37,33.86,34.072468,-117.92737
716149,VINCENT SB,10,E,OR,1,84200,37,33.86,34.0723,-117.927358
716150,VINCENT NB,10,W,OR,1,84200,37,33.95,34.072452,-117.925803
716151,VINCENT NB,10,E,OR,1,84200,37,34.0,34.072274,-117.924923
716152,LARK ELLEN,10,E,ML,4,84200,37,34.4,34.072202,-117.917964
716153,LARK ELLEN,10,W,ML,5,84200,37,34.4,34.072356,-117.917965
716154,AZUSA SB,10,W,OR,1,84200,37,34.91,34.072264,-117.909076
716155,AZUSA SB,10,E,OR,1,84200,37,34.96,34.072101,-117.908205
716156,AZUSA NB,10,W,OR,1,84200,37,35.02,34.072249,-117.907159
716157,AZUSA NB,10,E,OR,1,84200,37,35.064,34.072082,-117.906392
716158,CITRUS SB,10,W,OR,1,84200,37,35.93,34.072105,-117.891295
716159,CITRUS NB,10,W,OR,1,84200,37,36.02,34.072087,-117.889726
716160,CITRUS 2,10,E,OR,1,84200,37,36.09,34.071847,-117.888507
716161,BARRANCA SB,10,W,OR,1,84200,37,36.42,34.072029,-117.882752
716162,BARRANCA NB,10,W,OR,1,84200,37,36.57,34.072002,-117.880137
716163,BARRANCA 2,10,E,OR,1,84200,37,36.59,34.071814,-117.87979
716164,GRAND,10,W,OR,1,84200,37,36.89,34.071952,-117.87456
716165,GRAND,10,E,OR,1,84200,37,36.98,34.07172,-117.872992
716166,HOLT WB,10,W,OR,1,84200,37,37.39,34.071035,-117.865957
716167,HOLT SB,10,E,OR,1,84200,37,37.45,34.070451,-117.86513
716168,HOLT EB,10,W,OR,1,84200,37,37.551,34.069881,-117.863508
716169,HOLT  NB,10,E,OR,1,84200,37,37.64,34.069047,-117.862283
716170,VIA VERDE 1,10,W,OR,1,,37,38.85,34.069037,-117.841455
716171,VIA VERDE,10,E,OR,1,,37,39.09,34.068106,-117.83743
716172,E OF VIA V,10,E,ML,4,,37,39.2,34.067608,-117.835601
716174,COVINA HILLS 1,10,W,ML,5,,37,39.7,34.064588,-117.827856
716176,COVINA HILLS 2,10,W,ML,5,,37,40.1,34.063827,-117.820969
716178,KELLOGG,10,W,OR,1,58072,37,40.48,34.0639,-117.814349
716181,E OF 71,10,E,ML,5,58072,37,41.26,34.067443,-117.801629
716182,FAIRPLEX,10,W,OR,1,58072,37,42.02,34.072518,-117.789858
716183,FAIRPLEX,10,E,OR,1,58072,37,42.26,34.072803,-117.785705
716184,DUDLEY,10,W,OR,1,58072,37,42.35,34.072978,-117.784144
716185,DUDLEY,10,E,OR,1,58072,37,42.63,34.072839,-117.779264
716187,CLEVELAND,10,E,ML,4,58072,37,43.18,34.071766,-117.769758
716188,WHITE,10,W,OR,1,58072,37,43.66,34.071029,-117.761475
716189,GAREY,10,W,OR,1,58072,37,44.12,34.073286,-117.753978
716190,ORANGE GROVE,10,E,OR,1,58072,37,44.51,34.075604,-117.74786
716191,TOWNE,10,W,OR,1,58072,37,44.72,34.077146,-117.744573
716192,TOWNE,10,E,OR,1,58072,37,45.06,34.079138,-117.739234
716193,MOUNTAIN,10,W,ML,4,58072,37,45.74,34.081731,-117.72793
716195,INDIAN HILL,10,W,OR,1,58072,37,46.1,34.081821,-117.721638
716196,INDIAN HILL,10,E,OR,1,13756,37,46.37,34.081722,-117.71693
716197,BREA CANYON,57,N,OR,1,,37,13.077,33.960273,-117.855729
716200,PATHFINDER,57,S,OR,1,19192,37,14.902,33.981951,-117.842186
716201,PATHFINDER,57,N,OR,1,19192,37,15.217,33.988721,-117.842841
716203,CAMPUS,57,N,ML,3,58072,37,19.117,34.059539,-117.804678
716204,SOTO,60,W,OR,1,44000,37,0.624,34.029636,-118.217534
716205,SOTO,60,E,OR,1,44000,37,0.694,34.02902,-118.216326
716206,E OF 101 / MARRIETTA,60,W,ML,3,44000,37,0.974,34.029065,-118.211497
716207,LORENA,60,W,OR,1,44000,37,1.704,34.029648,-118.199219
716208,LORENA,60,E,OR,1,44000,37,1.734,34.029608,-118.198629
716209,INDIANA,60,E,OR,1,44000,37,2.224,34.03154,-118.190445
716211,THIRD,60,W,OR,1,44000,37,2.694,34.032661,-118.182471
716213,EASTERN / W OF 710,60,E,ML,4,,37,3.254,34.034994,-118.173285
716214,ATLANTIC SB,60,W,OR,1,48914,37,4.524,34.035886,-118.151414
716215,ATLANTIC SB,60,E,OR,1,48914,37,4.524,34.035723,-118.151516
716216,ATLANTIC NB,60,E,OR,1,48914,37,4.738,34.034219,-118.148257
716217,ATLANTIC NB,60,W,OR,1,48914,37,4.704,34.034655,-118.148653
716218,FINDLAY,60,W,OR,1,48816,37,5.114,34.033066,-118.141975
716219,PARAMOUNT SB,60,W,OR,1,48914,37,7.774,34.03582,-118.095997
716220,PARAMOUNT SB,60,E,OR,1,48914,37,7.914,34.035853,-118.093489
716221,PARAMOUNT NB,60,W,OR,1,,37,7.984,34.036302,-118.092399
716222,PARAMOUNT NB,60,E,OR,1,,37,8.084,34.036512,-118.090626
716223,SAN GABRIEL,60,E,OR,1,62896,37,8.661,34.039225,-118.081093
716224,SAN  GABRIEL,60,W,OR,1,62896,37,8.721,34.039747,-118.080226
716225,ROSEMEAD SB,60,W,OR,1,,37,9.531,34.041418,-118.066377
716226,ROSEMEAD SB,60,E,OR,1,,37,9.601,34.041255,-118.065153
716227,ROSEMEAD NB,60,W,OR,1,,37,9.681,34.041414,-118.06376
716228,ROSEMEAD NB,60,E,OR,1,,37,9.751,34.041213,-118.062543
716229,SANTA ANITA SB,60,W,OR,1,,37,10.241,34.040308,-118.054105
716230,SANTA ANITA SB,60,E,OR,1,,37,10.271,34.039962,-118.05362
716231,SANTA ANITA NB,60,E,OR,1,,37,10.401,34.03958,-118.051399
716232,SANTA ANITA NB,60,W,OR,1,,37,10.441,34.039693,-118.05069
716233,PECK SB,60,W,OR,1,,37,11.041,34.037915,-118.040413
716234,PECK / DURFEE,60,E,OR,1,,37,11.121,34.037428,-118.039136
716235,W OF 605,60,E,ML,4,,37,11.711,34.034891,-118.029411
716237,WORKMAN MILL,60,E,ML,6,,37,12.241,34.031123,-118.02136
716238,WORKMAN MI,60,W,ML,5,,37,12.241,34.03138,-118.02126
716239,CROSSROADS,60,E,OR,1,36490,37,12.781,34.02896,-118.012462
716240,CROSSROADS,60,W,OR,1,36490,37,13.011,34.029247,-118.008439
716241,W/O TURNBULL,60,W,ML,4,,37,15.121,34.012079,-117.980022
716243,HACIENDA SB,60,E,OR,1,,37,16.051,34.007035,-117.965011
716244,HACIENDA SB,60,W,OR,1,,37,15.921,34.00782,-117.967088
716245,HACIENDA NB,60,W,OR,1,,37,16.121,34.006822,-117.963815
716246,HACIENDA NB,60,E,OR,1,,37,16.261,34.00598,-117.961572
716249,AZUSA SB,60,W,OR,1,,37,17.911,33.997875,-117.934513
716250,AZUSA SB,60,E,OR,1,,37,18.081,33.996934,-117.931728
716251,AZUSA NB,60,W,OR,1,,37,18.141,33.997,-117.930655
716252,AZUSA NB,60,E,OR,1,,37,18.281,33.996462,-117.928294
716253,E/O AZUSA 1,60,W,ML,4,,37,18.491,33.996291,-117.924633
716254,E/O AZUSA 1,60,E,ML,4,,37,18.491,33.996031,-117.924675
716255,FULLERTON SB,60,W,OR,1,36490,37,19.451,33.994319,-117.908132
716256,FULLERTON NB,60,W,OR,1,36490,37,19.661,33.994314,-117.904483
716257,FULLERTON NB,60,E,OR,1,36490,37,19.751,33.994073,-117.902914
716258,NOGALES SB,60,W,OR,1,36490,37,20.481,33.994299,-117.890213
716259,NOGALES SB,60,E,OR,1,36490,37,20.521,33.994085,-117.88949
716260,NOGALES NB,60,W,OR,1,36490,37,20.611,33.994278,-117.887951
716261,NOGALES NB,60,E,OR,1,36490,37,20.671,33.994021,-117.886877
716262,FAIRWAY SB,60,W,OR,1,36490,37,21.451,33.995905,-117.873496
716263,FAIRWAY SB,60,E,OR,1,36490,37,21.601,33.99613,-117.870894
716264,FAIRWAY NB,60,E,OR,1,36490,37,21.831,33.996748,-117.866957
716265,W OF LEMON,60,E,ML,4,36490,37,22.441,33.998463,-117.856533
716267,BREA CANYON,60,W,OR,1,19192,37,22.931,33.999995,-117.848226
716268,BREA CANYON,60,E,OR,1,19192,37,23.081,34.000335,-117.84567
716269,RESERVOIR,60,W,OR,1,58072,37,30.331,34.025038,-117.734229
716270,RESERVOIR,60,E,OR,1,58072,37,30.512,34.024861,-117.730929
716271,RIDGEWAY ST,71,S,ML,1,58072,37,0.501,34.06708,-117.804144
716272,VERMONT,91,E,ML,3,44000,37,0.108,33.872586,-118.289005
716273,FIGUEROA,91,E,ML,3,44000,37,0.558,33.872636,-118.2812
716274,MAIN,91,W,OR,1,11530,37,1.158,33.872685,-118.27075
716275,MAIN,91,E,OR,1,11530,37,1.158,33.872471,-118.27074
716276,AVALON 1,91,W,OR,1,11530,37,1.548,33.873537,-118.264071
716279,CENTRAL 1,91,W,OR,1,11530,37,2.268,33.873676,-118.251564
716281,CENTRAL 2,91,E,OR,1,11530,37,2.578,33.873339,-118.246168
716282,WILMINGTON,91,W,OR,1,15044,37,3.098,33.873772,-118.23715
716283,WILMINGTON,91,E,OR,1,15044,37,3.108,33.87359,-118.236964
716284,ACACIA,91,W,OR,1,15044,37,3.668,33.874114,-118.227251
716285,ALAMEDA,91,E,OR,1,15044,37,4.128,33.873494,-118.219285
716287,SANTA FE,91,E,OR,1,15044,37,4.478,33.873361,-118.213213
716289,LONG BEACH,91,W,OR,1,15044,37,5.028,33.872905,-118.203748
716290,LONG BEACH 1,91,E,OR,1,15044,37,5.028,33.872655,-118.203751
716292,ATLANTIC,91,W,OR,1,43000,37,5.778,33.87619,-118.191575
716294,ATLANTIC 2,91,E,OR,1,43000,37,6.198,33.876737,-118.184403
716295,ORANGE,91,W,ML,5,43000,37,6.568,33.876997,-118.177986
716296,ORANGE,91,E,ML,5,43000,37,6.568,33.876767,-118.177981
716297,CHERRY,91,W,OR,1,43000,37,7.008,33.876459,-118.1704
716298,CHERRY,91,E,OR,1,43000,37,7.258,33.875898,-118.166089
716299,PARAMOUNT,91,W,OR,1,43000,37,7.508,33.876117,-118.161745
716300,PARAMOUNT,91,E,OR,1,43000,37,7.688,33.876265,-118.158652
716301,DOWNEY,91,W,OR,1,43000,37,8.038,33.877134,-118.152656
716302,DOWNEY 2,91,E,OR,1,4982,37,8.208,33.876929,-118.149691
716303,LAKEWOOD SB,91,W,OR,1,4982,37,8.548,33.877179,-118.143773
716304,LAKEWOOD SB,91,E,OR,1,4982,37,8.588,33.876989,-118.143077
716305,LAKEWOOD NB,91,W,OR,1,4982,37,8.648,33.877201,-118.142032
716306,LAKEWOOD NB,91,E,OR,1,4982,37,8.798,33.877024,-118.139428
716307,CLARK,91,E,OR,1,4982,37,9.218,33.8765,-118.132216
716309,BELLFLOWER 2,91,E,OR,1,4982,37,9.758,33.87605,-118.122915
716310,BELLFLOWER 1,91,W,OR,1,4982,37,9.538,33.87621,-118.126705
716311,CALIFORNIA,91,W,ML,5,4982,37,10.218,33.876731,-118.114918
716312,CALIFORNIA,91,E,ML,6,4982,37,10.218,33.876464,-118.114961
716313,W OF 605,91,E,ML,3,12552,37,10.798,33.876234,-118.104961
716314,W OF 605,91,W,ML,4,12552,37,10.798,33.876465,-118.104925
716315,PIONEER SB,91,E,OR,1,2896,37,11.958,33.876317,-118.084773
716316,PIONEER SB,91,W,OR,1,2896,37,11.958,33.876536,-118.084783
716317,PIONEER NB,91,W,OR,1,2896,37,12.208,33.87657,-118.080438
716318,PIONEER NB,91,E,OR,1,2896,37,12.208,33.876324,-118.080425
716319,NORWALK SB,91,E,OR,1,12552,37,12.538,33.876358,-118.074686
716320,NORWALK SB,91,W,OR,1,12552,37,12.498,33.876583,-118.075397
716321,NORWALK NB,91,E,OR,1,12552,37,12.768,33.876366,-118.070702
716322,NORWALK NB,91,W,OR,1,12552,37,12.698,33.876613,-118.071914
716323,BLOOMFIELD,91,W,OR,1,12552,37,13.058,33.876119,-118.065686
716325,183RD,91,W,OR,1,12552,37,14.138,33.866819,-118.050661
716328,EDGEWARE,101,S,ML,4,44000,37,3.428,34.067067,-118.254688
716330,GLENDALE,101,N,OR,1,44000,37,3.768,34.06933,-118.259931
716331,GLENDALE,101,S,ML,4,44000,37,3.908,34.070002,-118.262279
716332,ALVARADO,101,S,OR,1,44000,37,4.138,34.071462,-118.265891
716333,ALVARADO,101,N,OR,1,44000,37,4.288,34.072657,-118.268106
716334,RAMPART,101,N,OR,1,44000,37,4.628,34.074945,-118.273396
716335,RAMPART,101,S,OR,1,44000,37,4.628,34.074797,-118.273463
716336,SILVER LAKE,101,S,OR,1,44000,37,5.078,34.076926,-118.280908
716337,SILVER LAKE,101,N,ML,4,44000,37,5.188,34.077518,-118.282724
716338,AUTO CENTER,57,S,OR,1,66070,37,23.282,34.115919,-117.824413
716339,VERMONT,101,S,ML,4,44000,37,5.548,34.078365,-118.288977
716340,VERMONT 2,101,N,OR,1,44000,37,5.858,34.081134,-118.29347
716341,MELROSE,101,S,OR,1,44000,37,6.128,34.082786,-118.297762
716342,NORMANDIE,101,N,OR,1,44000,37,6.438,34.085801,-118.301771
716343,NORMANDIE,101,S,FR,1,44000,37,6.438,34.085657,-118.301901
716344,SANTA MONICA,101,S,OR,1,44000,37,6.828,34.089949,-118.306085
716345,SANTA MONICA,101,N,FR,1,44000,37,6.828,34.090089,-118.305929
716346,WESTERN,101,N,OR,1,44000,37,7.248,34.094618,-118.310464
716347,WESTERN,101,S,FR,1,44000,37,7.248,34.094488,-118.310649
716348,SUNSET,101,S,OR,1,44000,37,7.448,34.096382,-118.313222
716349,HOLLYWOOD,101,S,OR,1,44000,37,7.708,34.099575,-118.315495
716351,ARGYLE,101,S,OR,1,44000,37,8.338,34.104365,-118.323801
716352,ARGYLE,101,N,OR,1,44000,37,8.558,34.105922,-118.327165
716353,CAHUENGA 1,101,S,OR,1,44000,37,8.618,34.106229,-118.328138
716355,CAHUENGA,101,N,OR,1,44000,37,9.458,34.115601,-118.33666
716356,BARHAM,101,S,OR,1,44000,37,10.658,34.129747,-118.348132
716358,LANKERSHIM,101,S,OR,1,44000,37,11.388,34.134933,-118.358849
716359,LANKERSHIM,101,N,ML,5,44000,37,11.878,34.139643,-118.365139
716360,VENTURA,101,S,OR,1,44000,37,11.878,34.139513,-118.36535
716362,VINELAND,101,S,OR,1,44000,37,12.518,34.147297,-118.371049
716363,MOORPARK,101,N,OR,1,44000,37,12.878,34.151437,-118.374683
716364,TUJUNGA,101,N,OR,1,44000,37,13.356,34.154581,-118.381115
716365,LAUREL CANYON,101,S,OR,1,44000,37,14.067,34.154314,-118.394541
716366,COLDWATER CANYON,101,S,OR,1,44000,37,15.117,34.156627,-118.412272
716367,COLDWATER CANYON,101,N,OR,1,44000,37,15.356,34.156829,-118.415379
716368,VAN NUYS,101,S,OR,1,44000,37,17.127,34.156121,-118.44689
716369,VAN NUYS,101,N,OR,1,44000,37,17.386,34.15746,-118.450006
716370,SEPULVEDA,101,S,OR,1,44000,37,18.017,34.159347,-118.461778
716371,HASKELL,101,N,OR,1,44000,37,18.966,34.165132,-118.474715
716372,WHITE OAK,101,N,OR,1,44000,37,21.699,34.171285,-118.520359
716373,BURBANK,101,S,OR,1,44000,37,22.292,34.171531,-118.531109
716374,RESEDA,101,N,OR,1,44000,37,22.739,34.173406,-118.538066
716375,TAMPA,101,S,OR,1,44000,37,23.402,34.173426,-118.550079
716376,TAMPA,101,N,OR,1,44000,37,23.719,34.17368,-118.555198
716377,WINNETKA,101,S,OR,1,44000,37,24.552,34.172374,-118.570043
716378,WINNETKA,101,N,OR,1,44000,37,24.759,34.171556,-118.573031
716379,DE SOTO,101,S,OR,1,44000,37,25.562,34.167855,-118.586613
716380,DE SOTO,101,N,OR,1,44000,37,25.809,34.168519,-118.590528
716381,CANOGA,101,S,OR,1,44000,37,26.092,34.16912,-118.595733
716382,TOPANGA NB,101,S,OR,1,44000,37,26.592,34.17043,-118.60432
716383,TOPANGA SB,101,S,OR,1,44000,37,26.722,34.170677,-118.606564
716384,TOPANGA CYN,101,N,OR,1,44000,37,26.809,34.170894,-118.607747
716385,VENTURA 1,101,S,OR,1,44000,37,27.002,34.169734,-118.611241
716386,WOODLAKE,101,N,OR,1,44000,37,28.219,34.162351,-118.629794
716387,MULHOLLAND,101,S,OR,1,44000,37,28.592,34.159836,-118.636043
716388,LONG VALLEY,101,N,OR,1,44000,37,28.869,34.158544,-118.640131
716389,PKWY CALABASAS 1,101,S,OR,1,90310,37,29.452,34.1544,-118.649487
716390,CALABASAS,101,S,ML,5,90310,37,30.832,34.149135,-118.672472
716391,TRUCK STOP,101,S,ML,4,90310,37,31.332,34.151032,-118.680765
716392,LAS VIRGENES 1,101,S,ML,4,90310,37,32.352,34.148836,-118.697394
716395,LIBERTY CANYON RD 1,101,S,OR,1,,37,33.882,34.138582,-118.720114
716397,LIBERTY CANYON RD 2,101,N,OR,1,394,37,34.259,34.138072,-118.726233
716399,KANAN,101,S,OR,1,394,37,36.242,34.145654,-118.759052
716400,REYES ADOBE,101,S,OR,1,394,37,37.402,34.146952,-118.779156
716402,SEPULVEDA / SELBY,105,W,ML,3,44000,37,0.6,33.931618,-118.394435
716403,HUGHES,105,E,OR,1,44000,37,0.9,33.931132,-118.389223
716404,HUGHES,105,W,ML,3,44000,37,0.9,33.931388,-118.389223
716405,DOUGLAS,105,W,ML,4,44000,37,1.3,33.931349,-118.382283
716406,IMPERIAL 1,105,E,OR,1,44000,37,1.8,33.929816,-118.373757
716407,IMPERIAL 1,105,W,ML,3,44000,37,1.8,33.93015,-118.373771
716409,INGLEWOOD,105,W,ML,3,32548,37,2.6,33.932384,-118.3602
716410,HAWTHORNE,105,E,OR,1,32548,37,3.1,33.933294,-118.351898
716411,IMPERIAL 3,105,W,OR,1,,37,3.3,33.932736,-118.3484
716412,IMPERIAL 3,105,E,OR,1,32548,37,3.6,33.930073,-118.344285
716413,118TH,105,W,ML,4,32548,37,4.0,33.926558,-118.338643
716414,YUKON,105,E,ML,4,36546,37,4.2,33.924911,-118.335537
716415,CRENSHAW SB,105,W,OR,1,36546,37,4.5,33.925127,-118.330354
716416,CRENSHAW SB,105,E,OR,1,36546,37,4.6,33.924855,-118.32862
716417,CRENSHAW NB,105,W,OR,1,32548,37,4.8,33.925436,-118.325192
716418,CRENSHAW NB,105,E,OR,1,32548,37,4.9,33.925162,-118.323479
716419,WILTON,105,E,ML,4,32548,37,5.5,33.925238,-118.313092
716420,WILTON,105,W,ML,4,32548,37,5.5,33.925579,-118.313116
716421,NORMANDIE,105,E,ML,4,,37,6.0,33.926392,-118.304528
716422,NORMANDIE,105,W,ML,4,,37,6.0,33.926754,-118.304542
716423,VERMONT,105,W,OR,1,,37,6.5,33.928605,-118.29615
716424,VERMONT,105,E,ML,5,,37,6.6,33.928424,-118.29444
716426,HOOVER,105,W,ML,4,44000,37,7.1,33.928915,-118.285761
716427,MAIN,105,E,ML,3,44000,37,7.8,33.927891,-118.273645
716428,MAIN,105,W,ML,3,44000,37,7.8,33.928261,-118.273648
716430,SB 110 TO EB 105,105,E,FF,2,44000,37,7.55,33.928419,-118.277962
716431,AVALON,105,E,ML,4,44000,37,8.2,33.927305,-118.266557
716432,AVALON,105,W,HV,1,44000,37,8.2,33.927683,-118.266559
716433,STANFORD,105,E,ML,4,44000,37,8.4,33.927289,-118.263121
716434,STANFORD,105,W,ML,4,44000,37,8.4,33.927654,-118.263124
716435,CENTRAL,105,W,OR,1,44000,37,8.8,33.92794,-118.256279
716436,CENTRAL,105,E,OR,1,,37,9.0,33.928141,-118.252891
716437,COMPTON,105,W,ML,3,,37,9.5,33.928838,-118.244115
716438,WILMINGTON,105,E,OR,1,,37,9.7,33.928223,-118.240518
716439,WILMINGTON,105,W,OR,1,,37,10.1,33.928184,-118.233573
716440,MONA,105,E,ML,3,,37,10.5,33.929161,-118.226832
716441,MONA,105,W,ML,3,,37,10.5,33.929479,-118.226883
716442,STATE,105,E,ML,3,,37,10.9,33.929098,-118.220055
716443,STATE,105,W,ML,3,,37,10.9,33.929386,-118.220032
716444,LONG BEACH 1,105,W,OR,1,44574,37,11.4,33.926113,-118.212249
716445,LONG BEACH 2,105,W,OR,1,44574,37,11.6,33.924777,-118.209134
716446,LONG BEACH SB,105,E,OR,1,44574,37,11.7,33.923785,-118.207757
716447,LONG BEACH NB,105,E,OR,1,44574,37,11.9,33.922422,-118.20466
716448,BULLIS,105,W,ML,3,44574,37,12.1,33.921331,-118.201425
716449,HARRIS,105,E,ML,4,44574,37,12.6,33.917731,-118.194032
716450,HARRIS,105,W,ML,4,44574,37,12.6,33.918043,-118.193865
716451,NB 710 TO WB 105,105,W,FF,2,44574,37,13.01,33.915511,-118.187405
716452,SB 710 TO WB 105,105,W,FF,1,44574,37,13.21,33.914378,-118.184198
716453,GARFIELD 1,105,E,ML,3,44574,37,13.8,33.911105,-118.174619
716454,GARFIELD 1,105,W,OR,1,44574,37,13.8,33.911423,-118.174572
716455,GARFIELD 2 TO 710,105,W,OR,1,55618,37,14.1,33.911194,-118.169366
716456,FACADE,105,E,ML,5,55618,37,14.4,33.91131,-118.164179
716457,FACADE,105,W,ML,5,55618,37,14.4,33.911652,-118.164198
716458,PARAMOUNT,105,E,OR,1,73080,37,14.8,33.912001,-118.157276
716459,MERKEL,105,W,ML,3,73080,37,14.9,33.912441,-118.155588
716460,GARDENDALE,105,E,ML,3,73080,37,15.3,33.912739,-118.148633
716461,GARDENDALE,105,W,ML,3,73080,37,15.3,33.913023,-118.148672
716462,LAKEWOOD SB,105,E,OR,1,19766,37,15.6,33.9129,-118.143428
716463,LAKEWOOD 1,105,W,OR,1,19766,37,15.6,33.913204,-118.143449
716464,LAKEWOOD NB,105,E,OR,1,19766,37,15.9,33.91291,-118.138216
716466,ARDIS,105,E,ML,3,19766,37,16.3,33.912952,-118.131271
716467,BELLFLOWER 1,105,W,OR,1,19766,37,16.5,33.913234,-118.12779
716468,BELLFLOWER 2,105,E,OR,1,19766,37,16.8,33.91319,-118.122603
716470,CARFAX,105,E,ML,4,19766,37,17.3,33.913689,-118.113948
716471,CARFAX,105,W,ML,4,19766,37,17.3,33.914009,-118.113945
716473,JS GIBSON,110,N,OR,1,44000,37,1.58,33.758627,-118.28954
716474,Harry S. Bridges,110,N,OR,1,44000,37,2.77,33.772948,-118.279693
716475,ANAHEIM,110,N,OR,1,44000,37,3.31,33.78064,-118.280253
716476,PCH,110,N,OR,1,44000,37,4.1,33.791949,-118.282519
716477,SEPULVEDA 1,110,N,OR,1,,37,5.31,33.807904,-118.287726
716478,220TH,110,N,OR,1,,37,6.77,33.82907,-118.28727
716479,TORRANCE,110,N,OR,1,,37,7.91,33.845433,-118.285155
716480,190TH,110,N,OR,1,44000,37,9.14,33.863231,-118.284914
716481,S OF 91,110,S,ML,3,44000,37,9.29,33.865396,-118.285083
716482,NB 110 TO EB 91,110,N,FF,2,44000,37,9.61,33.870044,-118.28482
716484,GARDENA,110,N,ML,5,44000,37,10.64,33.884861,-118.285153
716485,GARDENA,110,S,ML,6,44000,37,10.64,33.884866,-118.28555
716486,REDONDO BEACH,110,N,OR,1,44000,37,11.15,33.892333,-118.285489
716487,REDONDO BEACH,110,S,OR,1,44000,37,11.04,33.890677,-118.285802
716488,ROSECRANS,110,S,OR,1,44000,37,11.66,33.899562,-118.286804
716489,ROSECRANS WB,110,N,OR,1,44000,37,11.9,33.903061,-118.2864
716490,137TH,110,N,ML,5,44000,37,12.17,33.90698,-118.286419
716491,137TH,110,S,ML,5,44000,37,12.17,33.906991,-118.286756
716492,EL SEGUNDO,110,S,OR,1,44000,37,12.69,33.914535,-118.286578
716493,EL SEGUNDO,110,N,OR,1,44000,37,12.79,33.915926,-118.285841
716494,126TH,110,S,ML,5,44000,37,13.06,33.919393,-118.284015
716495,126TH,110,N,ML,5,44000,37,13.06,33.919346,-118.283589
716496,IMPERIAL 2,110,N,OR,1,44000,37,14.22,33.93561,-118.27973
716498,CENTURY,110,N,OR,1,44000,37,15.03,33.947463,-118.279359
716499,94TH,110,N,ML,5,44000,37,15.29,33.951161,-118.279899
716500,94TH,110,S,ML,6,44000,37,15.29,33.95115,-118.280258
716501,MANCHESTER1,110,N,OR,1,44000,37,15.81,33.958618,-118.280545
716502,MANCHESTER1,110,S,OR,1,44000,37,15.81,33.958616,-118.281057
716503,MANCHESTER2,110,N,OR,1,44000,37,15.95,33.960648,-118.280531
716504,MANCHESTER2,110,S,OR,1,44000,37,16.09,33.962692,-118.280984
716507,76TH,110,N,FR,1,44000,37,16.51,33.968834,-118.280651
716508,FLORENCE,110,N,OR,1,44000,37,17.06,33.976848,-118.280643
716509,76TH,110,S,OR,1,44000,37,16.51,33.968828,-118.28101
716510,SLAUSON,110,S,OR,1,44000,37,17.81,33.987824,-118.280807
716511,SLAUSON,110,N,OR,1,44000,37,17.9,33.989159,-118.280238
716512,51ST,110,N,OR,1,44000,37,18.57,33.998622,-118.280613
716513,51ST,110,S,FR,1,44000,37,18.57,33.998609,-118.280951
716514,VERNON,110,S,OR,1,44000,37,18.82,34.002226,-118.28122
716515,VERNON,110,N,OR,1,44000,37,19.09,34.006152,-118.280854
716516,KING BLVD,110,S,OR,1,44000,37,19.3,34.009215,-118.281288
716517,KING,110,N,OR,1,44000,37,19.4,34.010617,-118.280787
716518,WASHINGTON2,110,N,OR,1,44000,37,21.29,34.037093,-118.274088
716520,11TH,110,S,OR,1,44000,37,21.53,34.040612,-118.27373
716521,8TH,110,S,OR,1,44000,37,22.24,34.04828,-118.266145
716523,THIRD,110,S,OR,1,44000,37,22.98,34.055433,-118.256754
716524,STADIUM,110,S,OR,1,44000,37,24.39,34.068002,-118.238015
716526,AMADOR,110,S,OR,1,44000,37,24.93,34.074472,-118.233103
716527,TOPANGA CYN,118,W,OR,1,,37,35.241,34.277998,-118.606079
716528,TOPANGA CYN,118,E,OR,1,,37,35.401,34.277217,-118.60339
716529,DE SOTO,118,E,OR,1,44000,37,36.331,34.273354,-118.588108
716530,DE SOTO,118,W,OR,1,44000,37,36.331,34.273553,-118.588111
716531,TAMPA,118,W,OR,1,44000,37,38.051,34.272684,-118.558209
716532,TAMPA,118,E,OR,1,44000,37,38.211,34.272223,-118.555464
716533,RESEDA,118,W,OR,1,44000,37,39.181,34.274745,-118.538826
716534,RESEDA,118,E,OR,1,44000,37,39.361,34.275083,-118.535822
716535,BALBOA 1,118,W,OR,1,44000,37,41.211,34.27815,-118.504149
716536,BALBOA SB,118,E,OR,1,44000,37,41.261,34.277904,-118.503383
716537,BALBOA NB,118,E,OR,1,44000,37,41.521,34.277556,-118.498886
716538,HAYVENHURST,118,E,OR,1,44000,37,42.041,34.273127,-118.491528
716540,WOODLEY,118,W,OR,1,44000,37,42.461,34.268987,-118.485999
716541,WOODLEY,118,E,HV,1,44000,37,42.461,34.268787,-118.486194
716543,CAHUENGA BLVD,134,E,OR,1,44000,37,0.95,34.153063,-118.359904
716544,ALAMEDA SB,134,W,OR,1,44000,37,1.9,34.154195,-118.343722
716545,BUENA VISTA,134,W,OR,1,8954,37,2.86,34.153625,-118.327063
716546,BUENA VISTA,134,E,OR,1,8954,37,3.04,34.154023,-118.324031
716547,FOREST LAWN,134,W,OR,1,44000,37,3.75,34.154816,-118.311893
716548,FOREST LAWN,134,E,OR,1,44000,37,3.88,34.155121,-118.309741
716550,RIVERSIDE,134,W,OR,1,44000,37,4.69,34.15564,-118.29597
716551,SAN FERNANDO,134,W,ML,4,30000,37,5.983,34.154235,-118.274159
716552,SAN FERNANDO,134,E,OR,1,30000,37,6.1,34.154438,-118.272455
716553,PACIFIC,134,E,OR,1,30000,37,6.48,34.155877,-118.266072
716554,PACIFIC,134,W,ML,4,30000,37,6.503,34.156198,-118.265345
716555,CENTRAL,134,W,OR,1,30000,37,6.693,34.156458,-118.262159
716556,BRAND,134,E,OR,1,30000,37,7.41,34.156268,-118.25012
716557,GLENDALE 1,134,W,OR,1,30000,37,7.673,34.156447,-118.245195
716558,GLENDALE SB,134,E,OR,1,30000,37,7.84,34.155839,-118.242691
716559,GLENDALE NB,134,E,OR,1,30000,37,7.98,34.15489,-118.240354
716560,HARVEY,134,W,OR,1,30000,37,8.743,34.148123,-118.229499
716561,HARVEY,134,E,OR,1,30000,37,8.92,34.146882,-118.227103
716562,FIGUEROA,134,W,OR,1,44000,37,11.473,34.142674,-118.184801
716563,FIGUEROA,134,E,OR,1,44000,37,11.52,34.142229,-118.18445
716564,SAN RAFAEL,134,W,OR,1,56000,37,12.253,34.142896,-118.172193
716565,SAN RAFAEL,134,E,OR,1,56000,37,12.45,34.144583,-118.1678
716567,ORANGE GROVE,134,E,OR,1,56000,37,13.18,34.148278,-118.157788
716568,BURBANK,170,S,OR,1,44000,37,3.046,34.171634,-118.388333
716569,OXNARD,170,S,OR,1,44000,37,3.686,34.178734,-118.394967
716570,VICTORY EB,170,S,OR,1,44000,37,4.246,34.185249,-118.400787
716571,SHERMAN WAY,170,S,ML,4,44000,37,5.276,34.19999,-118.403413
716572,ROSCOE EB,170,S,OR,1,44000,37,6.706,34.219986,-118.409792
716573,ROSCOE 2,170,S,ML,3,44000,37,6.886,34.222738,-118.410536
716574,ARLETA,170,S,OR,1,44000,37,7.356,34.23061,-118.410097
716575,ARROYO 1,210,W,OR,1,56000,37,22.3,34.182539,-118.171545
716576,ARROYO,210,E,OR,1,56000,37,22.6,34.179921,-118.167405
716577,LINCOLN 1,210,E,OR,1,56000,37,23.14,34.174756,-118.160407
716578,LINCOLN 1,210,W,OR,1,56000,37,23.0,34.176273,-118.161942
716579,MOUNTAIN 1,210,W,OR,1,56000,37,23.9,34.164368,-118.158093
716580,MOUNTAIN 2,210,E,OR,1,56000,37,24.16,34.160546,-118.158748
716582,WALNUT,210,W,OR,1,56000,37,24.9,34.15225,-118.154678
716583,FAIR OAKS 1,210,W,OR,1,56000,37,25.4,34.152218,-118.14821
716585,MARENGO,210,E,OR,1,56000,37,25.72,34.151691,-118.142523
716586,LAKE 1,210,W,OR,1,56000,37,26.12,34.15195,-118.13555
716587,LAKE NB,210,E,OR,1,56000,37,26.47,34.151658,-118.12944
716588,HILL,210,W,OR,1,56000,37,26.8,34.152357,-118.123714
716589,HILL NB,210,E,OR,1,56000,37,27.14,34.152187,-118.117782
716590,ALLEN,210,E,OR,1,56000,37,27.63,34.152301,-118.109239
716591,ALTADENA,210,W,OR,1,56000,37,28.03,34.1527,-118.102255
716592,SAN GABRIEL,210,W,OR,1,56000,37,28.27,34.152727,-118.098063
716593,SAN GABRIEL,210,E,OR,1,56000,37,28.68,34.151406,-118.091041
716594,SIERRA MADRE V1,210,W,OR,1,56000,37,29.17,34.148074,-118.08377
716595,SIERRA MADRE V2,210,E,OR,1,56000,37,29.44,34.147621,-118.079037
716596,ROSEMEAD 1,210,W,OR,1,,37,29.879,34.148737,-118.071321
716597,ROSEMEAD 2,210,W,OR,1,,37,29.999,34.148823,-118.069206
716598,ROSEMEAD NB,210,E,OR,1,,37,30.029,34.148522,-118.068683
716599,MICHILLINDA,210,W,OR,1,2462,37,30.139,34.148876,-118.066773
716600,MICHILLINDA,210,E,OR,1,2462,37,30.299,34.148554,-118.064055
716601,BALDWIN SB,210,W,OR,1,2462,37,30.779,34.14889,-118.055903
716602,BALDWIN NB,210,W,OR,1,2462,37,30.999,34.148916,-118.052166
716603,BALDWIN,210,E,OR,1,2462,37,31.239,34.148636,-118.048053
716604,SANTA ANITA SB,210,W,OR,1,2462,37,32.019,34.148355,-118.034499
716605,SANTA ANITA 2,210,E,OR,1,2462,37,32.349,34.146752,-118.029146
716606,MOUNTAIN,210,E,OR,1,19990,37,35.409,34.135219,-117.979798
716607,IRWINDALE SB,210,W,OR,1,36826,37,38.069,34.129595,-117.935
716608,IRWINDALE NB,210,W,OR,1,36826,37,38.208,34.130142,-117.932676
716609,VERNON,210,W,OR,1,36826,37,39.159,34.12721,-117.917059
716610,AZUSA SB,210,W,OR,1,3386,37,39.809,34.120999,-117.908877
716611,AZUSA NB,210,W,OR,1,3386,37,39.909,34.120813,-117.90718
716612,CITRUS,210,W,OR,1,3386,37,40.549,34.121161,-117.896071
716613,GRAND SB,210,W,OR,1,3386,37,41.789,34.120839,-117.874498
716614,GRAND NB,210,W,OR,1,30014,37,41.969,34.120655,-117.871352
716615,SUNFLOWER AV,210,W,OR,1,30014,37,43.389,34.117701,-117.847619
716616,SUNFLOWER AV,210,E,OR,1,30014,37,43.589,34.117595,-117.844142
716617,STUDEBAKER,405,N,OR,1,43000,37,24.548,33.791829,-118.100867
716619,STEARNS,405,S,OR,1,43000,37,24.848,33.794536,-118.10487
716620,PALO VERDE,405,N,OR,1,43000,37,25.048,33.796718,-118.107431
716621,WOODRUFF,405,S,OR,1,43000,37,25.448,33.800308,-118.112651
716622,WOODRUFF,405,N,OR,1,43000,37,25.678,33.802431,-118.115997
716623,BELLFLOWER NB,405,S,OR,1,43000,37,26.138,33.802629,-118.12381
716624,BELLFLOWER SB,405,N,OR,1,43000,37,26.398,33.802865,-118.128314
716625,BELLFLOWER SB,405,S,OR,1,43000,37,26.398,33.802649,-118.128338
716626,CLARK,405,S,ML,5,43000,37,26.688,33.802703,-118.13339
716628,WILLOW,405,S,OR,1,43000,37,26.918,33.803094,-118.137329
716629,LAKEWOOD NB,405,N,OR,1,43000,37,27.228,33.805639,-118.141821
716630,LAKEWOOD SB,405,N,OR,1,43000,37,27.388,33.806208,-118.144497
716631,LAKEWOOD SB,405,S,OR,1,43000,37,27.418,33.80609,-118.145126
716632,REDONDO,405,N,ML,5,43000,37,27.768,33.807173,-118.150983
716634,SPRING,405,S,OR,1,43000,37,28.418,33.811173,-118.161074
716635,SPRING,405,N,OR,1,43000,37,28.518,33.812037,-118.162485
716636,CHERRY NB,405,N,OR,1,43000,37,28.758,33.813266,-118.166414
716637,CHERRY SB,405,S,OR,1,43000,37,28.758,33.813053,-118.166482
716638,CHERRY SB,405,N,OR,1,43000,37,28.868,33.813802,-118.168227
716639,ORANGE,405,S,OR,1,43000,37,29.328,33.814193,-118.176143
716640,ORANGE,405,N,OR,1,71876,37,29.408,33.814416,-118.177538
716641,ATLANTIC NB,405,N,OR,1,71876,37,29.762,33.814996,-118.183577
716642,ATLANTIC NB,405,S,OR,1,71876,37,29.772,33.814807,-118.183838
716643,ATLANTIC SB,405,S,OR,1,71876,37,29.922,33.815698,-118.186295
716644,LONG BEACH,405,N,FR,1,71876,37,30.042,33.816753,-118.18802
716645,LONG BEACH,405,S,OR,1,43000,37,30.192,33.818022,-118.190184
716646,WARDLOW,405,N,OR,1,43000,37,30.332,33.819612,-118.191829
716647,PACIFIC,405,N,OR,1,43000,37,30.992,33.824899,-118.20179
716649,SANTA FE,405,N,OR,1,43000,37,31.792,33.825614,-118.215047
716650,SANTA FE,405,S,OR,1,43000,37,31.822,33.825332,-118.215513
716651,ALAMEDA,405,S,OR,1,43000,37,32.402,33.825229,-118.225244
716652,ALAMEDA,405,N,OR,1,43000,37,32.462,33.825518,-118.226232
716653,WILMINGTON,405,N,OR,1,11530,37,33.242,33.825976,-118.240051
716654,WILMINGTON,405,S,OR,1,11530,37,33.242,33.825757,-118.24005
716655,CARSON,405,S,OR,1,11530,37,34.262,33.830851,-118.255253
716656,CARSON,405,N,OR,1,11530,37,34.432,33.832936,-118.25697
716657,AVALON 2,405,S,OR,1,11530,37,35.092,33.840128,-118.264312
716658,AVALON,405,N,OR,1,11530,37,35.092,33.840237,-118.264144
716659,TRUCK SCALE 1,405,N,ML,5,11530,37,35.592,33.845809,-118.269724
716660,TRUCK SCALE 2,405,S,ML,5,11530,37,35.822,33.847883,-118.272889
716661,MAIN,405,S,OR,1,11530,37,36.342,33.852707,-118.279831
716663,N OF 110,405,N,ML,4,,37,36.952,33.858551,-118.287766
716664,VERMONT,405,N,OR,1,,37,37.082,33.859338,-118.289828
716665,NORMANDIE1,405,N,OR,1,44000,37,37.582,33.859963,-118.298466
716666,NORMANDIE NB,405,S,OR,1,44000,37,37.582,33.859717,-118.298546
716667,WESTERN,405,N,OR,1,44000,37,38.112,33.859955,-118.307741
716668,190TH,405,S,OR,1,80000,37,38.292,33.85998,-118.31095
716670,VAN NESS,405,N,ML,4,80000,37,38.732,33.862176,-118.318174
716671,CRENSHAW BLVD,405,N,OR,1,80000,37,39.202,33.86453,-118.3259
716672,CRENSHAW,405,S,OR,1,80000,37,39.282,33.864701,-118.327312
716674,YUKON,405,S,ML,4,80000,37,39.772,33.867122,-118.335344
716675,ARTESIA EB,405,S,OR,1,80000,37,40.242,33.871474,-118.341378
716676,ARTESIA 2,405,N,OR,1,80000,37,40.432,33.873958,-118.342856
716678,REDONDO BEACH BL,405,N,OR,1,40886,37,40.782,33.878338,-118.345949
716680,HAWTHORNE BLVD,405,N,OR,1,40886,37,41.292,33.884045,-118.351506
716681,HAWTHORNE BLVD,405,S,OR,1,40886,37,41.412,33.885033,-118.353285
716682,INGLEWOOD NB,405,S,OR,1,40886,37,41.972,33.89032,-118.360662
716683,INGLEWOOD NB,405,N,OR,1,40886,37,41.972,33.890483,-118.360485
716684,INGLEWOOD SB,405,S,OR,1,60018,37,42.072,33.891266,-118.361985
716685,INGLEWOOD SB,405,N,OR,1,60018,37,42.122,33.8919,-118.362464
716686,ROSECRANS1,405,S,OR,1,32548,37,42.932,33.90085,-118.370549
716687,ROSECRANS EB,405,N,OR,1,32548,37,42.932,33.900921,-118.370315
716688,ROSECRANS WB,405,N,OR,1,32548,37,43.132,33.903819,-118.370313
716689,137TH,405,N,ML,5,32548,37,43.342,33.906863,-118.370302
716691,EL SEGUNDO EB,405,S,OR,1,,37,44.072,33.91767,-118.370052
716692,EL SEGUNDO WB,405,N,OR,1,,37,44.162,33.918874,-118.36955
716693,125TH,405,S,OR,1,,37,44.372,33.921786,-118.369125
716694,122ND,405,N,ML,5,,37,44.372,33.921751,-118.368902
716695,CENTURY WB,405,N,OR,1,36546,37,46.472,33.952042,-118.369045
716696,CENTURY EB,405,N,OR,1,36546,37,46.452,33.951752,-118.368991
716697,MANCHESTER EB,405,N,OR,2,36546,37,47.132,33.961638,-118.36932
716698,MANCHESTER WB,405,N,OR,1,36546,37,47.242,33.963205,-118.369661
716699,LA CIENEGA,405,S,OR,1,36546,37,47.382,33.965086,-118.370528
716700,LA TIJERA,405,S,OR,1,36546,37,48.022,33.971543,-118.377669
716701,LA TIJERA,405,N,OR,1,36546,37,48.022,33.971707,-118.377522
716709,BRADDOCK,405,S,OR,1,44000,37,50.612,33.998479,-118.407756
716710,CULVER,405,N,OR,1,17568,37,51.122,34.004889,-118.412552
716712,VENICE,405,S,OR,1,17568,37,51.572,34.010121,-118.416943
716713,VENICE,405,N,OR,1,17568,37,51.582,34.010379,-118.41687
716714,WESTMINSTER,405,N,ML,5,44000,37,52.292,34.018964,-118.42366
716715,NATIONAL,405,S,OR,1,44000,37,52.932,34.026631,-118.430023
716716,NATIONAL,405,N,FR,1,44000,37,52.932,34.026728,-118.429807
716717,PICO / OLYMPIC,405,N,OR,1,44000,37,53.902,34.038204,-118.439159
716719,LA GRANGE,405,S,ML,5,44000,37,54.242,34.042214,-118.442698
716720,LA GRANGE,405,N,ML,6,44000,37,54.242,34.042287,-118.44249
716721,SANTA MONICA,405,S,OR,1,44000,37,54.572,34.046105,-118.44607
716722,SANTA MONICA,405,N,OR,1,44000,37,54.722,34.047963,-118.44737
716723,WILSHIRE EB,405,S,OR,1,,37,55.062,34.052401,-118.449849
716724,WILSHIRE WB,405,N,OR,1,,37,55.342,34.055946,-118.452118
716725,WILSHIRE WB,405,S,OR,1,,37,55.432,34.056927,-118.453241
716727,SUNSET,405,N,OR,1,44000,37,56.732,34.07238,-118.466123
716728,SUNSET WB / CHURCH,405,S,OR,1,44000,37,56.812,34.073269,-118.467097
716729,MORAGA,405,N,OR,1,44000,37,57.192,34.077939,-118.470493
716731,GETTY / SEPULVEDA,405,N,OR,1,44000,37,58.482,34.095833,-118.476524
716732,GETTY / SEPULVEDA,405,S,OR,1,44000,37,58.502,34.096057,-118.47685
716733,BEL AIR CR,405,N,ML,5,44000,37,59.572,34.11048,-118.481488
716735,SKIRBALL/MULHOLLAND,405,S,OR,1,44000,37,60.322,34.120834,-118.480151
716736,SKIRBALL/MULHOLLAND,405,N,OR,1,44000,37,60.702,34.125144,-118.47636
716738,ROYAL RIDGE,405,N,ML,6,44000,37,61.342,34.133767,-118.472292
716739,WOODCREST,405,N,ML,6,44000,37,61.912,34.141958,-118.471286
716740,VALLEY VISTA,405,S,FR,1,44000,37,62.192,34.146041,-118.470721
716741,VALLEY VISTA,405,S,OR,1,44000,37,62.192,34.146041,-118.470721
716742,GREENLEAF/SEPULVEDA,101,S,OR,1,44000,37,18.117,34.159355,-118.463521
716743,VENTURA,405,N,OR,1,44000,37,62.512,34.150297,-118.468373
716744,VENTURA,405,S,OR,1,44000,37,62.862,34.155321,-118.468529
716745,BURBANK 2,405,N,OR,1,44000,37,64.102,34.172831,-118.467569
716746,VICTORY,405,N,OR,1,44000,37,65.252,34.188192,-118.474075
716747,SHERMAN WAY EB,405,S,OR,1,44000,37,66.032,34.199504,-118.473939
716748,SHERMAN WAY WB,405,S,OR,1,44000,37,66.222,34.202228,-118.473512
716749,SHERMAN WAY,405,N,OR,1,44000,37,66.232,34.202543,-118.473233
716750,ROSCOE,405,S,OR,1,44000,37,67.452,34.220042,-118.473313
716751,ROSCOE,405,N,OR,1,44000,37,67.642,34.222979,-118.473083
716752,NORDHOFF,405,S,OR,1,44000,37,68.432,34.234235,-118.473205
716753,NORDHOFF,405,N,OR,1,44000,37,68.642,34.237367,-118.472933
716754,DEVONSHIRE EB,405,S,OR,1,44000,37,69.872,34.255035,-118.472413
716755,DEVONSHIRE WB,405,S,OR,1,44000,37,69.982,34.256625,-118.472419
716756,SPRING 1,605,N,OR,1,70686,37,2.282,33.809588,-118.081304
716758,CARSON EB,605,N,OR,1,43000,37,3.732,33.830383,-118.083453
716759,CARSON WB,605,N,OR,1,39892,37,3.902,33.832657,-118.084601
716760,CENTRALIA,605,N,ML,4,39892,37,4.332,33.838278,-118.087885
716761,DEL AMO EB,605,N,OR,1,39892,37,4.842,33.844957,-118.091715
716762,DEL AMO WB,605,N,OR,1,12552,37,4.982,33.84679,-118.092752
716763,SOUTH EB,605,N,OR,1,12552,37,5.732,33.857321,-118.09579
716764,SOUTH WB,605,N,OR,1,12552,37,5.872,33.859308,-118.096265
716767,ARROW HWY 2,57,S,OR,1,66070,37,22.722,34.107022,-117.821888
716768,CARSON EB,605,S,OR,1,43000,37,3.722,33.830177,-118.08363
716769,CARSON WB,605,S,OR,1,39892,37,3.902,33.832579,-118.084831
716771,DEL AMO EB,605,S,OR,1,39892,37,4.842,33.844875,-118.091947
716772,DEL AMO WB,605,S,OR,1,12552,37,4.982,33.846711,-118.092994
716773,SOUTH EB,605,S,OR,1,12552,37,5.732,33.857271,-118.09599
716774,SOUTH WB,605,S,OR,1,12552,37,5.882,33.859402,-118.096491
716775,183RD,605,S,ML,5,12552,37,6.362,33.866067,-118.098862
716776,ARTESIA,605,S,ML,4,12552,37,6.952,33.87427,-118.101893
716778,N OF 91 (3),605,S,ML,6,12552,37,7.482,33.881753,-118.104077
716779,ALONDRA EB,605,S,OR,1,12552,37,7.792,33.886248,-118.104435
716780,ALONDRA EB,605,N,OR,1,12552,37,7.822,33.886691,-118.104261
716781,ALONDRA WB,605,S,OR,1,12552,37,7.932,33.888287,-118.10455
716782,ALONDRA WB,605,N,OR,1,12552,37,7.972,33.888878,-118.104376
716784,FAIRTON,605,N,ML,5,12552,37,8.342,33.894297,-118.104669
716785,ROSECRANS EB,605,S,OR,1,52526,37,8.772,33.900526,-118.105238
716786,ROSECRANS WB,605,S,OR,1,52526,37,8.892,33.902261,-118.105349
716787,ROSECRANS1 TO 105 WB,605,N,OR,1,52526,37,8.902,33.902407,-118.105114
716788,ROSECRANS 2,605,N,ML,5,52526,37,8.982,33.903565,-118.10513
716790,COVINA,57,S,FR,2,66070,37,21.862,34.094818,-117.819726
716791,IMPERIAL,605,N,OR,1,52526,37,9.852,33.916153,-118.104585
716792,IMPERIAL,605,S,OR,2,52526,37,9.952,33.917606,-118.104793
716793,FIRESTONE,605,S,OR,1,52526,37,10.392,33.923989,-118.104406
716794,FIRESTONE,605,N,OR,1,52526,37,10.552,33.926206,-118.1036
716795,FLORENCE,605,S,OR,1,19766,37,11.216,33.935212,-118.099885
716797,N OF 5,605,S,ML,3,19766,37,11.802,33.942967,-118.095825
716798,TELEGRAPH,605,N,OR,1,69154,37,12.447,33.951332,-118.090846
716799,TELEGRAPH,605,S,OR,1,69154,37,12.412,33.950974,-118.091381
716800,PLACITA,605,N,ML,4,69154,37,12.962,33.958124,-118.087014
716802,SLAUSON,605,S,OR,1,,37,13.562,33.966467,-118.083807
716804,WASHINGTON 1,605,S,OR,1,,37,14.012,33.972515,-118.080722
716805,EB WASHINGTON ON,605,N,OR,1,,37,14.042,33.972857,-118.080336
716806,WASHINGTON 2,605,S,OR,1,,37,14.172,33.974742,-118.079877
716807,SARAGOSA,605,N,OR,1,,37,14.532,33.979377,-118.077076
716808,WASHINGTON 3,605,S,FR,1,,37,14.625,33.980513,-118.076242
716810,ROSEHEDGE,605,S,ML,4,,37,15.052,33.985594,-118.072012
716811,WHITTIER EB,605,S,OR,1,,37,15.532,33.992205,-118.069649
716812,WHITTIER EB 1,605,N,OR,1,,37,15.532,33.992148,-118.069414
716813,WHITTIER WB,605,S,OR,1,85292,37,15.664,33.994073,-118.069196
716814,WHITTIER WB 2,605,N,OR,1,85292,37,15.7,33.994533,-118.068855
716815,BEVERLY EB,605,S,OR,1,56924,37,16.442,34.004272,-118.064134
716817,BEVERLY WB,605,S,OR,1,56924,37,16.492,34.004792,-118.063514
716818,BEVERLY 2,605,N,OR,1,56924,37,16.562,34.005361,-118.06248
716819,NOYES,605,N,ML,4,,37,16.942,34.009316,-118.057906
716821,ROSE HILL1,605,S,OR,1,36490,37,17.532,34.01717,-118.05398
716822,ROSE HILL1,605,N,FR,1,36490,37,17.532,34.017016,-118.053825
716823,ROSE HILL2,605,N,OR,1,56924,37,17.712,34.018698,-118.051437
716824,ROSE HILL2,605,S,FR,1,56924,37,17.712,34.01886,-118.051593
716825,PECK 1,605,S,OR,1,36490,37,18.632,34.026807,-118.038666
716827,PECK 2,605,N,OR,1,36490,37,18.812,34.028108,-118.035925
716828,PECK 2,605,S,OR,1,36490,37,18.812,34.028263,-118.036063
716829,S OF 60,605,N,ML,3,36490,37,19.152,34.030914,-118.031047
716831,VALLEY EB,605,S,OR,1,,37,21.352,34.052972,-118.005179
716832,VALLEY WB,605,S,OR,1,,37,21.262,34.051776,-118.005858
716833,VALLEY WB,605,N,OR,1,,37,21.554,34.05556,-118.003436
716834,VALLEY 1,605,N,ML,4,,37,21.417,34.053746,-118.004464
716837,RAMONA,605,N,OR,1,3666,37,23.283,34.079858,-117.997784
716838,LOWER AZUSA,605,S,OR,1,3666,37,24.003,34.089665,-117.99394
716839,LOWER AZUSA,605,N,OR,1,3666,37,24.418,34.093924,-117.988767
716841,ARROW 1,605,N,ML,4,36826,37,26.004,34.114761,-117.977832
716842,ARROW WB,605,N,OR,1,36826,37,26.204,34.11687,-117.975459
716843,DEL AMO WB,710,S,OR,1,43000,37,5.99,33.848404,-118.20545
716844,DEL AMO WB,710,N,OR,1,43000,37,6.04,33.849095,-118.205202
716845,LONG BEACH,710,S,OR,1,43000,37,6.93,33.861086,-118.200442
716846,LONG BEACH NB,710,N,OR,1,43000,37,7.17,33.864017,-118.19821
716847,N OF 91,710,S,ML,4,43000,37,8.15,33.877433,-118.192776
716849,ALONDRA,710,S,OR,1,15044,37,8.87,33.887504,-118.18958
716850,ALONDRA,710,N,OR,1,15044,37,9.14,33.891258,-118.18823
716851,ROSECRANS EB,710,S,OR,1,15044,37,9.94,33.9026,-118.18619
716852,ROSECRANS EB,710,N,OR,1,15044,37,9.94,33.902585,-118.185914
716853,ROSECRANS WB,710,S,OR,1,55618,37,10.14,33.905048,-118.184378
716854,ROSECRANS WB,710,N,OR,1,55618,37,10.14,33.905011,-118.184089
716855,KING 1,710,S,OR,1,55618,37,10.94,33.915832,-118.179574
716856,EB/WB 105 TO NB 710,710,N,FF,1,55618,37,11.14,33.918675,-118.178732
716857,KING 2,710,S,ML,5,44574,37,11.54,33.924409,-118.177989
716858,IMPERIAL EB,710,N,OR,1,44574,37,11.907,33.929626,-118.178731
716859,IMPERIAL EB,710,S,OR,1,44574,37,11.927,33.92992,-118.178962
716860,IMPERIAL WB,710,S,OR,1,44574,37,11.987,33.93079,-118.178918
716861,IMPERIAL WB,710,N,OR,1,44574,37,12.057,33.931754,-118.178439
716862,FIRESTONE EB,710,N,OR,1,73080,37,13.427,33.949445,-118.170327
716863,FIRESTONE EB,710,S,OR,1,73080,37,13.427,33.949462,-118.170596
716864,FIRESTONE WB,710,N,OR,1,73080,37,13.517,33.950741,-118.170417
716865,FIRESTONE WB,710,S,OR,1,73080,37,13.517,33.950759,-118.170667
716866,FLORENCE EB,710,N,OR,1,73080,37,14.507,33.964927,-118.168788
716867,FLORENCE WB,710,S,OR,2,73080,37,14.767,33.9686,-118.16791
716868,ATLANTIC SB,710,S,OR,1,4870,37,16.957,33.998038,-118.176649
716869,ATLANTIC NB,710,N,OR,1,82422,37,17.147,34.000423,-118.174959
716870,WASHINGTON,710,S,OR,1,14974,37,17.537,34.005785,-118.172807
716871,WASHINGTON,710,N,OR,1,14974,37,17.547,34.005883,-118.172597
716872,COVINA,57,S,OR,1,66070,37,21.862,34.094818,-117.819726
716873,OLYMPIC BLVD,710,S,OR,1,,37,18.477,34.019379,-118.17355
716875,EASTERN,710,S,ML,4,,37,18.714,34.022791,-118.172955
716876,EB/WB 60 TO SB 710,710,S,FF,3,,37,19.307,34.031085,-118.171069
716878,THIRD,710,S,OR,1,,37,19.547,34.0344,-118.170119
716879,CESAR CHAVEZ AV,710,S,OR,1,,37,19.897,34.039459,-118.170157
716880,PECK NB,60,W,OR,1,,37,11.141,34.037619,-118.038699
716881,MOUNT OLIVE DR,210,W,OR,1,19990,37,36.589,34.13492,-117.959306
716882,KING 2,710,S,FR,1,44574,37,11.54,33.924409,-118.177989
716883,HOOVER,105,E,OR,1,44000,37,7.2,33.928478,-118.284031
716884,EB/WB 105 TO SB 405,405,S,OR,1,32548,37,43.872,33.914766,-118.370486
716885,VIA VERDE,57,S,OR,1,66070,37,20.662,34.078431,-117.814654
716887,LINCOLN,10,E,OR,1,70000,37,0.175,34.016298,-118.483358
716889,WHITE OAK,101,S,OR,1,44000,37,21.482,34.171108,-118.517031
716890,HOOVER 1,10,W,OR,1,44000,37,11.965,34.037067,-118.286318
716891,S OF 5,710,S,ML,3,14974,37,18.167,34.014955,-118.172721
716893,FULLERTON SB,60,E,OR,1,36490,37,19.561,33.994088,-117.906225
716895,PARAMOUNT,5,S,ML,4,19766,37,125.5,33.963867,-118.11987
716896,PHOEBE,5,S,ML,4,40032,37,117.25,33.879952,-118.021355
716898,VALLEY VIEW,5,S,ML,3,40032,37,117.63,33.882892,-118.026822
716899,VALLEY VIEW,5,N,ML,3,40032,37,117.743,33.8834,-118.027451
716900,ALONDRA,5,N,ML,3,69154,37,118.193,33.886992,-118.034125
716902,CARMENITA,5,S,ML,3,69154,37,118.84,33.892489,-118.044573
716903,CARMENITA,5,N,FR,1,52526,37,119.153,33.894587,-118.048098
716904,CARMENITA,5,N,ML,3,52526,37,119.153,33.894587,-118.048098
716906,FIRESTONE,5,S,ML,3,52526,37,120.19,33.903961,-118.064046
716907,ROSECRANS,5,S,ML,3,52526,37,119.85,33.900669,-118.059422
716908,SAN ANTONIO/NORWALK,5,S,ML,3,52526,37,120.85,33.911074,-118.071686
716911,IMPERIAL,5,S,ML,3,52526,37,121.46,33.916643,-118.079557
716912,PIONEER,5,S,ML,3,52526,37,121.79,33.920763,-118.082501
716915,FLORENCE,5,S,ML,4,52526,37,123.07,33.936792,-118.09377
716916,LAKEWOOD 1,5,S,ML,4,19766,37,124.78,33.956897,-118.110532
716917,LAKEWOOD,5,S,FR,1,19766,37,124.92,33.958225,-118.11239
716918,LAKEWOOD 2,5,S,ML,4,19766,37,124.92,33.958225,-118.11239
716919,SLAUSON,5,S,FR,1,14974,37,126.44,33.97646,-118.125953
716920,SLAUSON,5,S,ML,4,14974,37,126.44,33.97646,-118.125953
716921,SLAUSON,5,N,ML,4,14974,37,126.503,33.976554,-118.125758
716922,GARFIELD,5,S,ML,4,14974,37,127.33,33.986224,-118.136014
716923,GARFIELD,5,N,ML,4,14974,37,127.353,33.985955,-118.135337
716924,WASHINGTON 1,5,S,ML,4,14974,37,128.11,33.994935,-118.14469
716925,WASHINGTON 1,5,N,ML,4,14974,37,128.173,33.995023,-118.144513
716928,ATLANTIC,5,S,ML,4,14974,37,129.25,34.007592,-118.157266
716929,ATLANTIC,5,N,ML,4,14974,37,129.263,34.007196,-118.156466
716930,FERRIS,5,S,ML,4,14974,37,129.92,34.013529,-118.166192
716933,DOWNEY,5,N,ML,5,,37,130.983,34.020076,-118.181702
716934,DOWNEY,5,S,ML,5,,37,130.91,34.019879,-118.181588
716935,DITMAN,5,S,FR,1,,37,131.33,34.020089,-118.188975
716936,DITMAN,5,S,ML,5,,37,131.333,34.020088,-118.189029
716937,CONCORD,5,N,ML,5,44000,37,132.403,34.025295,-118.205056
716938,EIGHTH,5,S,ML,2,44000,37,133.06,34.029033,-118.217141
716939,FOURTH,5,S,ML,5,44000,37,134.01,34.041407,-118.218373
716940,CESAR CHAVEZ,5,S,ML,5,44000,37,134.5,34.047784,-118.214638
716941,MISSION,5,S,ML,4,44000,37,135.16,34.057314,-118.214378
716942,MARENGO,5,N,ML,5,44000,37,135.403,34.059886,-118.214755
716943,MARENGO,5,S,ML,4,44000,37,135.34,34.059821,-118.21496
716944,BROADWAY,5,S,ML,4,44000,37,136.02,34.069368,-118.217386
716945,VIA VERDE,57,S,FR,2,66070,37,20.662,34.078431,-117.814654
716946,AVE 26,5,S,ML,3,44000,37,136.9,34.080943,-118.22237
716949,DUVALL,5,S,ML,5,44000,37,137.27,34.083198,-118.228213
716950,RIVERSIDE,5,N,FR,1,44000,37,137.733,34.086881,-118.233611
716951,RIVERSIDE,5,N,ML,4,44000,37,137.733,34.086881,-118.233611
716952,STADIUM WAY,5,N,FR,2,44000,37,138.433,34.094038,-118.242314
716953,STADIUM WAY,5,N,ML,5,44000,37,138.433,34.094038,-118.242314
716955,STADIUM,5,S,ML,5,44000,37,138.5,34.095413,-118.243957
716956,FLETCHER,5,N,ML,5,44000,37,139.833,34.108429,-118.258982
716958,GLENDALE,5,S,ML,5,44000,37,140.15,34.111314,-118.264526
716959,LOS FELIZ,5,S,CD,2,44000,37,140.92,34.120734,-118.271398
716960,LOS FELIZ,5,S,ML,4,44000,37,140.92,34.120734,-118.271398
716961,GRIFFITH PARK,5,S,FR,1,44000,37,141.11,34.123357,-118.272486
716962,WESTERN 1,5,N,FR,1,30000,37,144.403,34.164088,-118.295568
716963,WESTERN 1,5,N,ML,4,30000,37,144.403,34.164088,-118.295568
716964,WESTERN 1,5,S,FR,1,30000,37,144.23,34.162761,-118.294541
716965,WESTERN 2,5,S,ML,4,30000,37,144.27,34.163197,-118.29497
716966,WESTERN 2,5,S,FR,1,30000,37,144.27,34.163197,-118.29497
716967,WESTERN 2,5,N,FR,1,30000,37,144.553,34.165484,-118.29753
716968,WESTERN 2,5,N,ML,4,30000,37,144.553,34.165484,-118.29753
716970,ALAMEDA 1,5,N,FR,1,8954,37,145.033,34.17007,-118.303837
716971,ALAMEDA 1,5,N,ML,4,8954,37,145.033,34.17007,-118.303837
716972,ALAMEDA 2,5,N,FR,1,8954,37,145.083,34.170572,-118.30448
716973,ALAMEDA 2,5,N,ML,4,8954,37,145.083,34.170572,-118.30448
716974,OLIVE,5,N,ML,4,8954,37,145.903,34.179879,-118.312407
716977,BURBANK 1,5,S,ML,4,8954,37,146.25,34.184491,-118.316733
716978,BURBANK 2,5,N,ML,5,8954,37,146.603,34.187037,-118.320656
716979,LINCOLN,5,S,ML,5,8954,37,147.26,34.19381,-118.330292
716980,LINCOLN,5,N,FR,2,8954,37,147.323,34.193931,-118.330086
716981,LINCOLN,5,N,ML,4,8954,37,147.323,34.193931,-118.330086
716982,BUENA VISTA,5,S,FR,1,8954,37,147.99,34.200916,-118.339473
716983,BUENA VISTA,5,S,ML,4,8954,37,147.99,34.200916,-118.339473
716984,BUENA VISTA,5,N,FR,1,8954,37,148.043,34.200877,-118.339185
716985,BUENA VISTA,5,N,ML,4,8954,37,148.043,34.200877,-118.339185
716986,HOLLYWOOD WAY,5,S,ML,4,44000,37,148.85,34.211259,-118.347597
716987,HOLLYWOOD WAY,5,S,FR,1,44000,37,148.85,34.211259,-118.347597
716988,HOLLYWOOD WAY,5,N,ML,4,44000,37,149.043,34.212728,-118.349041
716989,ROSCOE,5,S,ML,4,44000,37,149.8,34.221104,-118.358957
716990,SUNLAND,5,N,ML,4,44000,37,150.353,34.222169,-118.3673
716991,SUNLAND,5,S,ML,4,44000,37,150.15,34.221822,-118.364915
716992,PENROSE,5,S,FR,1,44000,37,150.81,34.225778,-118.375075
716993,PENROSE,5,S,ML,4,44000,37,150.81,34.225778,-118.375075
716994,PENROSE,5,N,ML,4,44000,37,150.873,34.225945,-118.374982
716995,TUXFORD #1,5,N,FR,1,44000,37,151.373,34.226627,-118.383614
716996,TUXFORD,5,S,ML,4,44000,37,151.45,34.226376,-118.385923
716997,LANKERSHIM,5,N,ML,4,44000,37,151.703,34.227093,-118.389006
716998,LANKERSHIM,5,S,FR,1,44000,37,151.64,34.226944,-118.389042
716999,LANKERSHIM,5,S,ML,4,44000,37,151.64,34.226944,-118.389042
717000,SHELDON,5,N,ML,4,44000,37,152.473,34.231273,-118.40134
717001,SHELDON,5,S,ML,4,44000,37,152.41,34.231047,-118.401401
717002,BRANFORD 1,5,S,ML,4,44000,37,153.32,34.23742,-118.414827
717004,OSBORNE 2,5,S,ML,6,44000,37,154.04,34.245149,-118.422992
717005,OSBORNE 2,5,S,FR,2,44000,37,154.04,34.245149,-118.422992
717006,TERRA BELLA,5,S,ML,6,44000,37,154.41,34.249183,-118.427257
717008,MOTOR,10,E,ML,5,44000,37,4.575,34.030709,-118.41147
717009,MANNING,10,E,ML,5,44000,37,5.065,34.029516,-118.403014
717011,NATIONAL,10,E,ML,5,44000,37,5.835,34.031182,-118.390169
717012,CATTARAUGUS,10,W,ML,4,44000,37,6.205,34.034476,-118.38503
717014,LA CIENEGA,10,E,ML,4,44000,37,6.595,34.036847,-118.379114
717015,LA CIENEGA,10,W,ML,4,44000,37,6.575,34.036959,-118.379466
717016,VENICE,10,E,ML,4,44000,37,6.855,34.036314,-118.374796
717018,VENICE BLVD,10,W,FR,2,44000,37,7.055,34.03577,-118.371368
717019,FAIRFAX,10,W,ML,4,44000,37,7.055,34.03577,-118.371368
717020,FAIRFAX,10,E,ML,4,44000,37,7.055,34.035587,-118.371451
717022,WASHINGTON,10,E,ML,5,44000,37,7.355,34.034495,-118.366371
717024,LA BREA SB,10,E,FR,1,44000,37,8.075,34.033989,-118.353882
717025,LA BREA NB,10,W,FR,1,44000,37,8.375,34.03448,-118.348667
717026,LA BREA 2,10,W,ML,4,44000,37,8.375,34.03448,-118.348667
717027,LA BREA 2,10,E,FR,1,44000,37,8.375,34.034193,-118.348655
717028,LA BREA 2,10,E,ML,4,44000,37,8.375,34.034193,-118.348655
717029,HARCOURT,10,W,ML,4,44000,37,8.545,34.034617,-118.345712
717031,WEST,10,W,ML,5,44000,37,8.905,34.034894,-118.339451
717032,CRENSHAW 2,10,E,ML,5,44000,37,9.385,34.035074,-118.33108
717033,CRENSHAW 2,10,W,ML,5,44000,37,9.375,34.035298,-118.331265
717035,ARLINGTON 1,10,E,ML,5,44000,37,10.075,34.036382,-118.319158
717036,GRAMERCY,10,W,ML,4,44000,37,10.425,34.037228,-118.31313
717039,WESTERN 2,10,E,ML,5,44000,37,10.795,34.036945,-118.306723
717040,WESTERN 2,10,W,ML,4,44000,37,10.795,34.037253,-118.306713
717041,NORMANDIE 1,10,W,ML,4,44000,37,11.055,34.037222,-118.302221
717042,BUDLONG,10,E,ML,4,44000,37,11.375,34.03682,-118.296713
717043,VERMONT 1,10,W,ML,5,44000,37,11.505,34.037096,-118.294389
717044,HOOVER 1,10,W,FR,2,44000,37,11.965,34.037067,-118.286318
717045,HOOVER 1,10,W,ML,6,44000,37,11.965,34.037067,-118.286318
717046,HOOVER 1,10,E,ML,5,44000,37,11.965,34.036841,-118.286287
717047,ECHANDIA,10,W,ML,3,44000,37,16.759,34.055356,-118.216546
717048,STATE,10,E,FR,1,44000,37,17.03,34.054801,-118.211859
717049,STATE,10,W,ML,3,44000,37,17.03,34.05498,-118.211804
717052,SAINT LOUIS,10,W,ML,4,44000,37,17.25,34.053995,-118.208218
717053,SAINT LOUIS,10,W,FR,1,44000,37,17.25,34.053995,-118.208218
717055,SOTO,10,W,ML,4,44000,37,17.4,34.053753,-118.205692
717056,SOTO,10,W,HV,2,44000,37,17.4,34.053753,-118.205692
717059,TREMONT,10,E,ML,6,44000,37,17.81,34.055193,-118.198785
717060,TREMONT,10,W,ML,6,44000,37,17.81,34.055448,-118.19888
717065,EASTERN,10,W,ML,4,,37,19.29,34.060186,-118.174504
717070,W OF 710,10,E,ML,4,48914,37,19.75,34.061277,-118.167246
717071,WINTHROPE,10,W,ML,3,884,37,20.22,34.063934,-118.160163
717072,HELLMAN,10,W,FR,1,884,37,20.8,34.068501,-118.151418
717073,HELLMAN,10,W,ML,4,884,37,20.8,34.068501,-118.151418
717074,ATLANTIC 2,10,E,FR,1,884,37,21.88,34.071342,-118.133569
717075,ATLANTIC 2,10,E,ML,4,884,37,21.88,34.071342,-118.133569
717076,ATLANTIC 1,10,E,FR,1,884,37,21.79,34.071335,-118.135155
717077,ATLANTIC 1,10,E,ML,4,884,37,21.79,34.071335,-118.135155
717078,ATLANTIC 1,10,W,FR,1,884,37,21.79,34.071644,-118.135158
717079,ATLANTIC 1,10,W,ML,4,884,37,21.79,34.071644,-118.135158
717080,ATLANTIC 2,10,W,FR,1,884,37,21.88,34.071662,-118.133572
717081,ATLANTIC 2,10,W,ML,4,884,37,21.88,34.071662,-118.133572
717082,GARFIELD 2,10,E,FR,1,884,37,22.52,34.071457,-118.122386
717083,GARFIELD 2,10,E,ML,4,884,37,22.529,34.07146,-118.12223
717084,ALMANSOR,10,E,ML,4,884,37,22.82,34.071574,-118.11718
717086,GARFIELD 1,10,W,FR,1,884,37,22.45,34.071803,-118.123604
717087,GARFIELD 1,10,W,ML,4,884,37,22.45,34.071803,-118.123604
717088,GARFIELD 1,10,E,FR,1,884,37,22.43,34.071438,-118.123947
717089,GARFIELD 1,10,E,ML,4,884,37,22.43,34.071438,-118.123947
717090,GARFIELD 2,10,W,FR,1,884,37,22.54,34.071819,-118.12204
717091,GARFIELD 2,10,W,ML,4,884,37,22.54,34.071819,-118.12204
717092,NEW 1,10,E,FR,1,884,37,23.27,34.071665,-118.10937
717093,NEW 1,10,E,ML,4,884,37,23.27,34.071665,-118.10937
717094,NEW 1,10,W,FR,1,884,37,23.3,34.072021,-118.108838
717095,NEW 1,10,W,ML,4,884,37,23.3,34.072021,-118.108838
717096,NEW 2,10,E,FR,1,48914,37,23.37,34.07168,-118.107635
717097,NEW 2,10,E,ML,4,48914,37,23.37,34.07168,-118.107635
717098,HOLLYWOOD WAY,134,E,OR,1,44000,37,2.11,34.153535,-118.339979
717099,GLENDALE 1,134,W,ML,4,30000,37,7.673,34.156447,-118.245195
717100,NEW 2,10,W,FR,1,48914,37,23.39,34.072053,-118.107276
717101,NEW 2,10,W,ML,4,48914,37,23.39,34.072053,-118.107276
717103,VICTORY WB,170,S,OR,1,44000,37,4.386,34.187159,-118.401618
717104,DEL MAR 1,10,E,FR,1,48914,37,23.76,34.071731,-118.100852
717105,DEL MAR 1,10,E,ML,4,48914,37,23.76,34.071731,-118.100852
717107,SANTA ANITA NB,210,W,OR,1,2462,37,32.199,34.14791,-118.031417
717108,DEL MAR 1,10,W,ML,4,67042,37,23.77,34.072192,-118.100669
717109,DEL MAR 2,10,E,FR,1,62896,37,23.89,34.071766,-118.098584
717110,DEL MAR 2,10,E,ML,4,62896,37,23.89,34.071766,-118.098584
717111,DEL MAR 2,10,W,FR,1,62896,37,23.89,34.072118,-118.09858
717112,DEL MAR 2,10,W,ML,4,62896,37,23.89,34.072118,-118.09858
717113,SAN GABRIEL 1,10,E,FR,1,62896,37,24.27,34.071834,-118.091958
717114,SAN GABRIEL 1,10,E,ML,4,62896,37,24.27,34.071834,-118.091958
717115,SAN GABRIEL 1,10,W,FR,1,62896,37,24.3,34.072221,-118.091434
717116,SAN GABRIEL 1,10,W,ML,4,62896,37,24.3,34.072221,-118.091434
717117,SAN GABRIEL 2,10,E,FR,1,62896,37,24.39,34.07186,-118.089866
717118,SAN GABRIEL 2,10,W,FR,1,62896,37,24.4,34.072253,-118.089691
717119,SAN GABRIEL 2,10,W,ML,4,62896,37,24.4,34.072253,-118.089691
717120,WALNUT GROVE,10,W,FR,1,62896,37,24.81,34.072345,-118.082543
717121,WALNUT GROVE,10,W,ML,4,62896,37,24.792,34.072342,-118.082856
717122,WALNUT GROVE,10,E,FR,1,62896,37,24.81,34.071945,-118.082543
717123,WALNUT GROVE,10,E,ML,4,62896,37,24.81,34.071945,-118.082543
717124,ROSEMEAD 1,10,W,FR,1,62896,37,25.29,34.072457,-118.074173
717125,ROSEMEAD 1,10,W,ML,4,62896,37,25.29,34.072457,-118.074173
717126,ROSEMEAD 1,10,E,FR,1,62896,37,25.29,34.072071,-118.074173
717127,ROSEMEAD 1,10,E,ML,4,62896,37,25.29,34.072071,-118.074173
717128,ROSEMEAD 2,10,W,FR,1,22230,37,25.41,34.072494,-118.07208
717129,ROSEMEAD 2,10,W,ML,4,22230,37,25.41,34.072494,-118.07208
717130,ROSEMEAD 2,10,E,FR,1,22230,37,25.44,34.072083,-118.071554
717131,ROSEMEAD 2,10,E,ML,4,22230,37,25.44,34.072083,-118.071554
717132,FLAIR,10,E,FR,1,22230,37,25.598,34.072102,-118.06879
717133,FLAIR,10,E,ML,4,22230,37,25.62,34.072106,-118.068405
717134,FLAIR,10,W,ML,4,22230,37,25.63,34.07251,-118.068233
717135,TEMPLE CITY,10,W,ML,4,22230,37,26.13,34.072661,-118.059491
717136,TEMPLE CITY,10,E,ML,5,22230,37,26.33,34.072292,-118.055988
717137,BALDWIN,10,E,OR,1,22230,37,26.59,34.071934,-118.051536
717138,BALDWIN,10,E,FR,1,22230,37,26.59,34.071934,-118.051536
717139,BALDWIN,10,W,ML,4,22230,37,26.59,34.072302,-118.051535
717140,BALDWIN,10,E,HV,1,22230,37,26.59,34.071934,-118.051536
717141,SANTA ANITA,10,W,FR,1,22230,37,27.06,34.069271,-118.044184
717142,SANTA ANITA,10,W,ML,4,22230,37,27.06,34.069271,-118.044184
717143,DEL AMO 1,605,N,ML,4,39892,37,4.842,33.844957,-118.091715
717145,SANTA ANITA,10,E,FR,1,22230,37,27.06,34.069054,-118.044182
717146,SANTA ANITA,10,E,ML,4,22230,37,27.28,34.06847,-118.040429
717148,SANTA ANITA,10,E,HV,1,22230,37,27.28,34.06847,-118.040429
717149,PECK,10,W,FR,1,22230,37,27.84,34.068078,-118.030663
717150,PECK,10,W,ML,5,22230,37,27.84,34.068078,-118.030663
717152,VALLEY,10,E,ML,4,22230,37,28.01,34.067963,-118.027743
717153,VALLEY,10,W,FR,1,22230,37,28.12,34.068201,-118.025768
717154,VALLEY,10,W,ML,5,22230,37,28.111,34.068199,-118.025926
717155,STEWART,10,E,ML,4,22230,37,28.48,34.06699,-118.019773
717156,DURFEE,10,E,ML,4,22230,37,29.19,34.063981,-118.008051
717157,DURFEE RD,10,W,ML,4,22230,37,29.19,34.064175,-118.008013
717158,DURFEE,10,E,HV,1,22230,37,29.19,34.063981,-118.008051
717159,FRAZIER,10,W,FR,2,3666,37,30.22,34.066554,-117.990356
717160,FRAZIER,10,W,ML,4,3666,37,30.22,34.066554,-117.990356
717162,BALDWIN PARK 1,10,W,ML,5,3666,37,30.71,34.067663,-117.981905
717164,BALDWIN PARK 2,10,E,FR,1,3666,37,30.81,34.06769,-117.980138
717165,BALDWIN PARK 2,10,E,ML,5,3666,37,30.81,34.06769,-117.980138
717166,BALDWIN PARK 2,10,W,FR,1,3666,37,30.83,34.067905,-117.979831
717167,BALDWIN PARK 2,10,W,ML,5,3666,37,30.83,34.067905,-117.979831
717168,FRANCISQUITO,10,W,FR,2,3666,37,31.31,34.069011,-117.971555
717169,FRANCISQUITO,10,W,ML,4,3666,37,31.31,34.069011,-117.971555
717170,PUENTE,10,W,FR,2,3666,37,31.98,34.07049,-117.959994
717171,PUENTE,10,W,ML,4,3666,37,31.98,34.07049,-117.959994
717173,PUENTE,10,E,FR,1,3666,37,31.96,34.070282,-117.960307
717174,PUENTE,10,E,ML,4,3666,37,31.96,34.070282,-117.960307
717175,WEST COVINA,10,W,FR,2,84200,37,32.86,34.072082,-117.94475
717176,WEST COVINA,10,W,ML,4,84200,37,32.86,34.072082,-117.94475
717178,WEST COVINA PKWY,10,E,FR,2,84200,37,32.767,34.071756,-117.946332
717179,WEST COVINA PKWY,10,E,ML,4,84200,37,32.94,34.072075,-117.943345
717183,SUNSET,10,W,FR,2,84200,37,33.4,34.072549,-117.935381
717184,VINCENT 1,10,E,FR,2,84200,37,33.86,34.0723,-117.927358
717185,VINCENT 1,10,E,ML,4,84200,37,33.86,34.0723,-117.927358
717187,VINCENT 1,10,W,ML,4,84200,37,33.86,34.072468,-117.92737
717189,VINCENT 2,10,E,FR,1,84200,37,34.0,34.072274,-117.924923
717190,VINCENT 2,10,E,ML,4,84200,37,34.0,34.072274,-117.924923
717191,VINCENT 2,10,W,FR,2,84200,37,33.95,34.072452,-117.925803
717192,VINCENT 2,10,W,ML,4,84200,37,33.95,34.072452,-117.925803
717194,AZUSA SB,10,E,FR,1,84200,37,34.96,34.072101,-117.908205
717195,AZUSA 1,10,E,ML,4,84200,37,34.96,34.072101,-117.908205
717196,AZUSA 1,10,W,ML,4,84200,37,34.91,34.072264,-117.909076
717198,AZUSA 2,10,E,ML,4,84200,37,35.064,34.072082,-117.906392
717199,AZUSA 2,10,W,FR,3,84200,37,35.02,34.072249,-117.907159
717200,AZUSA 2,10,W,ML,4,84200,37,35.028,34.072247,-117.90702
717202,CITRUS 1,10,W,ML,4,84200,37,35.93,34.072105,-117.891295
717205,CITRUS 2,10,E,ML,4,84200,37,36.09,34.071847,-117.888507
717206,CITRUS 2,10,W,FR,2,84200,37,36.02,34.072087,-117.889726
717207,CITRUS 2,10,W,ML,4,84200,37,36.02,34.072087,-117.889726
717209,BARRANCA 1,10,W,ML,4,84200,37,36.42,34.072029,-117.882752
717211,BARRANCA 2,10,W,ML,4,84200,37,36.57,34.072002,-117.880137
717212,BARRANCA 2,10,E,FR,1,84200,37,36.59,34.071814,-117.87979
717213,GRAND,10,E,FR,1,84200,37,36.98,34.07172,-117.872992
717214,GRAND,10,E,ML,5,84200,37,36.98,34.07172,-117.872992
717215,GRAND,10,W,FR,2,84200,37,36.89,34.071952,-117.87456
717216,GRAND,10,W,ML,4,84200,37,36.89,34.071952,-117.87456
717218,HOLT SB,10,E,FR,1,84200,37,37.45,34.070451,-117.86513
717219,HOLT 1,10,E,ML,5,84200,37,37.45,34.070451,-117.86513
717220,HOLT 1,10,W,ML,4,84200,37,37.39,34.071035,-117.865957
717223,HOLT EB,10,W,FR,2,84200,37,37.55,34.069889,-117.863523
717224,HOLT 2,10,W,ML,4,84200,37,37.55,34.069889,-117.863523
717225,VIA VERDE 1,10,W,FR,2,,37,38.85,34.069037,-117.841455
717226,VIA VERDE 1,10,W,ML,4,,37,38.85,34.069037,-117.841455
717234,KELLOGG,10,W,FR,2,58072,37,40.48,34.0639,-117.814349
717235,KELLOGG,10,W,ML,4,58072,37,40.48,34.0639,-117.814349
717236,KELLOGG,10,E,ML,5,,37,40.48,34.063698,-117.814269
717238,E OF 71,10,W,ML,4,58072,37,41.26,34.067625,-117.801715
717239,FAIRPLEX,10,W,FR,2,58072,37,42.02,34.072518,-117.789858
717240,FAIRPLEX,10,W,ML,4,58072,37,42.02,34.072518,-117.789858
717241,FAIRPLEX,10,E,ML,4,58072,37,42.26,34.072803,-117.785705
717242,DUDLEY,10,E,FR,1,58072,37,42.63,34.072839,-117.779264
717243,DUDLEY,10,E,ML,4,58072,37,42.63,34.072839,-117.779264
717245,CLEVELAND,10,W,ML,4,58072,37,43.18,34.071938,-117.769749
717246,WHITE,10,W,ML,4,58072,37,43.66,34.071029,-117.761475
717247,WHITE,10,E,ML,4,58072,37,43.66,34.070843,-117.76148
717249,GAREY,10,W,ML,4,58072,37,44.12,34.073286,-117.753978
717251,ORANGE GROVE,10,E,ML,4,58072,37,44.51,34.075604,-117.74786
717252,TOWNE,10,W,ML,4,58072,37,44.72,34.077146,-117.744573
717254,TOWNE,10,E,ML,4,58072,37,45.06,34.079138,-117.739234
717257,MOUNTAIN,10,E,ML,4,58072,37,45.74,34.081545,-117.727932
717258,INDIAN HILL,10,W,ML,4,58072,37,46.1,34.081821,-117.721638
717260,INDIAN HILL,10,E,ML,4,13756,37,46.37,34.081722,-117.71693
717262,SOTO,60,E,ML,3,44000,37,0.694,34.02902,-118.216326
717263,LORENA,60,W,ML,5,44000,37,1.704,34.029648,-118.199219
717264,LORENA,60,E,ML,5,44000,37,1.734,34.029608,-118.198629
717265,INDIANA,60,E,ML,5,44000,37,2.224,34.03154,-118.190445
717266,INDIANA,60,W,ML,5,44000,37,2.224,34.031713,-118.190515
717267,THIRD,60,E,FR,2,44000,37,2.634,34.032146,-118.183387
717268,THIRD,60,E,ML,5,44000,37,2.634,34.032146,-118.183387
717269,THIRD,60,W,ML,5,44000,37,2.694,34.032661,-118.182471
717270,EASTERN / W OF 710,60,W,ML,4,,37,3.164,34.034977,-118.174866
717272,ATLANTIC SB,60,E,FR,2,48914,37,4.524,34.035723,-118.151516
717273,ATLANTIC 1,60,E,ML,5,48914,37,4.524,34.035723,-118.151516
717274,ATLANTIC 1,60,W,ML,6,48914,37,4.524,34.035886,-118.151414
717276,ATLANTIC NB,60,W,FR,2,48914,37,4.704,34.034655,-118.148653
717277,ATLANTIC 2,60,W,ML,5,48914,37,4.704,34.034655,-118.148653
717279,ATLANTIC 2,60,E,ML,6,48914,37,4.738,34.034219,-118.148257
717281,FINDLAY,60,W,ML,5,48816,37,5.114,34.033066,-118.141975
717282,PARAMOUNT 1,60,W,ML,5,48914,37,7.774,34.03582,-118.095997
717284,PARAMOUNT SB,60,E,FR,2,48914,37,7.914,34.035853,-118.093489
717285,PARAMOUNT 1,60,E,ML,4,48914,37,7.914,34.035853,-118.093489
717287,PARAMOUNT NB,60,W,FR,2,,37,7.984,34.036302,-118.092399
717288,PARAMOUNT 2,60,W,ML,5,,37,7.984,34.036302,-118.092399
717290,PARAMOUNT 2,60,E,ML,4,,37,8.084,34.036512,-118.090626
717292,SAN GABRIEL,60,E,ML,4,62896,37,8.661,34.039225,-118.081093
717293,SAN  GABRIEL,60,W,FR,1,62896,37,8.721,34.039747,-118.080226
717294,SAN  GABRIEL,60,W,ML,5,62896,37,8.721,34.039747,-118.080226
717295,ROSEMEAD,60,E,FR,2,,37,9.451,34.041248,-118.067752
717296,ROSEMEAD 1,60,E,ML,4,,37,9.601,34.041255,-118.065153
717297,ROSEMEAD SB,60,W,FR,2,,37,9.531,34.041418,-118.066377
717298,ROSEMEAD 1,60,W,ML,5,,37,9.531,34.041418,-118.066377
717299,ROSEMEAD,60,W,FR,2,,37,9.681,34.041414,-118.06376
717300,ROSEMEAD 2,60,W,ML,5,,37,9.681,34.041414,-118.06376
717301,ROSEMEAD 2,60,E,ML,5,,37,9.751,34.041213,-118.062543
717302,SANTA ANITA SB,60,E,FR,2,,37,10.271,34.039962,-118.05362
717303,SANTA ANITA 1,60,E,ML,5,,37,10.271,34.039962,-118.05362
717306,SANTA ANITA 1,60,W,ML,5,,37,10.241,34.040308,-118.054105
717308,SANTA ANITA 2,60,E,ML,5,,37,10.401,34.03958,-118.051399
717311,PECK / DURFEE,60,E,FR,1,,37,11.121,34.037428,-118.039136
717312,PECK / DURFEE,60,E,ML,5,,37,11.121,34.037428,-118.039136
717314,PECK NB,60,W,FR,1,,37,11.141,34.037619,-118.038699
717315,PECK 2,60,W,ML,5,,37,11.141,34.037619,-118.038699
717316,W OF 605,60,W,ML,4,,37,11.711,34.035073,-118.029281
717318,CROSSROADS,60,E,ML,5,36490,37,12.781,34.02896,-118.012462
717319,CROSSROADS,60,W,FR,2,36490,37,13.011,34.029247,-118.008439
717320,CROSSROADS,60,W,ML,5,36490,37,13.011,34.029247,-118.008439
717321,HACIENDA SB,60,E,FR,2,,37,16.051,34.007035,-117.965011
717322,HACIENDA 1,60,E,ML,4,,37,16.051,34.007035,-117.965011
717324,HACIENDA 1,60,W,ML,4,,37,15.921,34.00782,-117.967088
717326,HACIENDA NB,60,W,FR,2,,37,16.121,34.006822,-117.963815
717328,HACIENDA 2,60,E,ML,4,,37,16.261,34.00598,-117.961572
717330,AZUSA 1,60,W,ML,4,,37,17.911,33.997875,-117.934513
717331,AZUSA SB,60,E,FR,3,,37,18.081,33.996934,-117.931728
717332,AZUSA 1,60,E,ML,4,,37,18.081,33.996934,-117.931728
717334,AZUSA 2,60,E,ML,4,,37,18.281,33.996462,-117.928294
717336,AZUSA NB,60,W,FR,2,,37,18.141,33.997,-117.930655
717337,AZUSA 2,60,W,ML,4,,37,18.141,33.997,-117.930655
717339,FULLERTON 1,60,W,ML,4,36490,37,19.451,33.994319,-117.908132
717340,FULLERTON 1,60,E,ML,4,36490,37,19.561,33.994088,-117.906225
717341,FULLERTON NB,60,W,FR,1,36490,37,19.661,33.994314,-117.904483
717342,FULLERTON 2,60,W,ML,4,36490,37,19.661,33.994314,-117.904483
717343,FULLERTON 2,60,E,ML,4,36490,37,19.751,33.994073,-117.902914
717345,NOGALES SB,60,E,FR,2,36490,37,20.521,33.994085,-117.88949
717346,NOGALES 1,60,E,ML,4,36490,37,20.521,33.994085,-117.88949
717349,NOGALES NB,60,W,FR,2,36490,37,20.611,33.994278,-117.887951
717350,NOGALES 2,60,W,ML,4,36490,37,20.611,33.994278,-117.887951
717352,NOGALES 2,60,E,ML,4,36490,37,20.671,33.994021,-117.886877
717354,FAIRWAY SB,60,W,FR,2,36490,37,21.451,33.995905,-117.873496
717355,FAIRWAY 1,60,W,ML,4,36490,37,21.451,33.995905,-117.873496
717357,FAIRWAY 1,60,E,ML,4,36490,37,21.601,33.99613,-117.870894
717358,FAIRWAY 2,60,E,ML,4,36490,37,21.831,33.996748,-117.866957
717360,BREA CANYON,60,W,FR,2,19192,37,22.931,33.999995,-117.848226
717361,BREA CANYON,60,W,ML,4,19192,37,22.931,33.999995,-117.848226
717363,BREA CANYON,60,E,FR,2,19192,37,23.081,34.000335,-117.84567
717365,MAIN,91,W,ML,3,11530,37,0.838,33.872789,-118.276308
717366,MAIN,91,E,FR,2,11530,37,1.158,33.872471,-118.27074
717367,MAIN,91,E,ML,5,11530,37,1.158,33.872471,-118.27074
717368,AVALON 1,91,W,ML,4,11530,37,1.548,33.873537,-118.264071
717369,AVALON 1,91,E,ML,4,11530,37,1.548,33.873324,-118.264042
717373,CENTRAL 2,91,E,ML,4,11530,37,2.578,33.873339,-118.246168
717374,CENTRAL 2,91,W,ML,4,11530,37,2.578,33.873522,-118.246184
717375,CENTRAL 1,91,W,ML,4,11530,37,2.268,33.873676,-118.251564
717376,CENTRAL 1,91,E,ML,4,11530,37,2.268,33.873496,-118.251545
717378,WILMINGTON,91,W,ML,4,15044,37,3.098,33.873772,-118.23715
717379,WILMINGTON,91,E,ML,4,15044,37,3.108,33.87359,-118.236964
717380,ACACIA,91,W,ML,4,15044,37,3.668,33.874114,-118.227251
717381,ACACIA,91,E,ML,4,15044,37,3.668,33.873878,-118.227243
717382,ALAMEDA,91,E,FR,2,15044,37,4.128,33.873494,-118.219285
717383,ALAMEDA,91,E,ML,4,15044,37,4.128,33.873494,-118.219285
717384,ALAMEDA,91,W,ML,3,15044,37,4.128,33.873704,-118.219282
717385,ALAMEDA,91,E,HV,1,15044,37,4.128,33.873494,-118.219285
717386,SANTA FE,91,E,FR,1,15044,37,4.478,33.873361,-118.213213
717387,SANTA FE,91,E,ML,4,15044,37,4.478,33.873361,-118.213213
717388,SANTA FE,91,W,ML,4,15044,37,4.478,33.873559,-118.213194
717389,LONG BEACH 1,91,E,FR,2,15044,37,5.028,33.872655,-118.203751
717390,LONG BEACH 1,91,E,ML,5,15044,37,5.028,33.872655,-118.203751
717391,LONG BEACH,91,W,FR,2,15044,37,5.028,33.872905,-118.203748
717392,ATLANTIC 1,91,W,ML,3,43000,37,5.778,33.87619,-118.191575
717393,ATLANTIC 1,91,E,ML,3,43000,37,5.778,33.876009,-118.191574
717394,ATLANTIC 1,91,W,HV,1,43000,37,5.778,33.87619,-118.191575
717395,ATLANTIC 2,91,E,FR,2,43000,37,6.208,33.876737,-118.18423
717396,ATLANTIC 2,91,E,ML,5,43000,37,6.198,33.876737,-118.184403
717397,ATLANTIC 2,91,W,ML,4,43000,37,6.198,33.87692,-118.184411
717398,CHERRY,91,W,FR,2,43000,37,7.008,33.876459,-118.1704
717399,CHERRY,91,W,ML,5,43000,37,7.008,33.876459,-118.1704
717400,CHERRY,91,W,HV,1,43000,37,7.008,33.876459,-118.1704
717401,CHERRY,91,E,FR,1,43000,37,7.258,33.875898,-118.166089
717402,CHERRY,91,E,ML,4,43000,37,7.258,33.875898,-118.166089
717403,PARAMOUNT,91,W,FR,2,43000,37,7.508,33.876117,-118.161745
717404,PARAMOUNT,91,W,ML,5,43000,37,7.508,33.876117,-118.161745
717405,PARAMOUNT,91,E,FR,2,43000,37,7.688,33.876265,-118.158652
717406,PARAMOUNT,91,E,ML,4,43000,37,7.688,33.876265,-118.158652
717407,DOWNEY 2,91,E,FR,2,4982,37,8.208,33.876929,-118.149691
717409,DOWNEY,91,W,FR,2,43000,37,8.038,33.877134,-118.152656
717410,DOWNEY 1,91,W,ML,4,43000,37,7.998,33.877126,-118.153353
717412,DOWNEY 1,91,W,HV,1,43000,37,7.998,33.877126,-118.153353
717413,LAKEWOOD 1,91,W,ML,4,4982,37,8.548,33.877179,-118.143773
717415,LAKEWOOD NB,91,W,FR,3,4982,37,8.648,33.877201,-118.142032
717416,LAKEWOOD 2,91,W,ML,4,4982,37,8.648,33.877201,-118.142032
717417,LAKEWOOD 2,91,W,HV,1,4982,37,8.648,33.877201,-118.142032
717418,LAKEWOOD 2,91,E,ML,4,4982,37,8.798,33.877024,-118.139428
717419,LAKEWOOD 2,91,E,HV,1,4982,37,8.798,33.877024,-118.139428
717420,CLARK,91,E,ML,5,4982,37,9.218,33.8765,-118.132216
717421,CLARK,91,W,ML,4,4982,37,9.218,33.876702,-118.132194
717422,CLARK,91,E,HV,1,4982,37,9.218,33.8765,-118.132216
717423,BELLFLOWER 1,91,W,FR,2,4982,37,9.538,33.87621,-118.126705
717424,BELLFLOWER 1,91,W,ML,4,4982,37,9.538,33.87621,-118.126705
717426,BELLFLOWER 2,91,E,ML,5,4982,37,9.758,33.87605,-118.122915
717428,PIONEER 1,91,W,ML,4,2896,37,11.958,33.876536,-118.084783
717429,PIONEER 1,91,W,HV,1,2896,37,11.958,33.876536,-118.084783
717430,PIONEER SB,91,E,FR,1,2896,37,11.958,33.876317,-118.084773
717431,PIONEER 1,91,E,ML,4,2896,37,11.958,33.876317,-118.084773
717433,PIONEER 2,91,W,ML,4,2896,37,12.208,33.87657,-118.080438
717434,PIONEER 2,91,E,ML,4,2896,37,12.208,33.876324,-118.080425
717435,NORWALK 1,91,W,ML,4,12552,37,12.498,33.876583,-118.075397
717436,NORWALK 1,91,E,ML,4,12552,37,12.538,33.876358,-118.074686
717437,NORWALK NB,91,W,FR,1,12552,37,12.698,33.876613,-118.071914
717438,NORWALK 2,91,W,ML,4,12552,37,12.698,33.876613,-118.071914
717439,NORWALK 2,91,E,ML,4,12552,37,12.768,33.876366,-118.070702
717440,BLOOMFIELD,91,W,ML,4,12552,37,13.058,33.876119,-118.065686
717441,BLOOMFIELD,91,E,ML,4,12552,37,13.108,33.875647,-118.064958
717442,183RD,91,W,ML,4,12552,37,14.138,33.866819,-118.050661
717443,183RD,91,E,ML,4,12552,37,14.208,33.86603,-118.049777
717444,GLENDALE,101,N,FR,1,44000,37,3.768,34.06933,-118.259931
717445,GLENDALE,101,N,ML,4,44000,37,3.768,34.06933,-118.259931
717446,ALVARADO,101,S,ML,4,44000,37,4.138,34.071462,-118.265891
717447,ALVARADO,101,N,ML,4,44000,37,4.288,34.072657,-118.268106
717450,RAMPART,101,S,ML,4,44000,37,4.628,34.074797,-118.273463
717451,RAMPART,101,N,FR,1,44000,37,4.628,34.074945,-118.273396
717452,RAMPART,101,N,ML,4,44000,37,4.628,34.074945,-118.273396
717453,SILVER LAKE,101,S,ML,4,44000,37,5.078,34.076926,-118.280908
717456,VERMONT 2,101,N,ML,4,44000,37,5.858,34.081134,-118.29347
717458,MELROSE,101,S,ML,4,44000,37,6.128,34.082786,-118.297762
717459,MELROSE,101,N,ML,4,44000,37,6.128,34.083079,-118.297553
717460,NORMANDIE,101,N,ML,4,44000,37,6.438,34.085801,-118.301771
717461,NORMANDIE,101,S,ML,4,44000,37,6.438,34.085657,-118.301901
717462,SANTA MONICA,101,S,ML,4,44000,37,6.828,34.089949,-118.306085
717463,SANTA MONICA,101,N,ML,4,44000,37,6.828,34.090089,-118.305929
717465,WESTERN,101,N,ML,4,44000,37,7.248,34.094618,-118.310464
717466,WESTERN,101,S,ML,4,44000,37,7.248,34.094488,-118.310649
717467,HOLLYWOOD,101,N,FR,1,44000,37,7.708,34.099677,-118.315293
717468,SUNSET,101,S,ML,4,44000,37,7.448,34.096382,-118.313222
717469,SUNSET,101,N,ML,4,44000,37,7.448,34.096481,-118.313058
717471,SUNSET,101,S,FR,2,44000,37,7.708,34.099575,-118.315495
717472,HOLLYWOOD,101,S,ML,4,44000,37,7.708,34.099575,-118.315495
717473,HOLLYWOOD,101,N,ML,4,44000,37,7.718,34.099806,-118.315367
717479,ARGYLE,101,S,ML,4,44000,37,8.338,34.104365,-118.323801
717480,ARGYLE,101,N,ML,4,44000,37,8.558,34.105922,-118.327165
717481,CAHUENGA 1,101,S,ML,4,44000,37,8.618,34.106229,-118.328138
717483,CAHUENGA,101,N,ML,5,44000,37,9.458,34.115601,-118.33666
717484,CAHUENGA,101,S,ML,4,44000,37,9.458,34.115404,-118.336938
717485,BARHAM,101,N,FR,1,44000,37,10.658,34.129873,-118.347977
717486,BARHAM,101,S,ML,5,44000,37,10.658,34.129747,-118.348132
717487,LANKERSHIM,101,S,FR,3,44000,37,11.388,34.134933,-118.358849
717488,LANKERSHIM,101,S,ML,5,44000,37,11.388,34.134933,-118.358849
717489,VENTURA,101,S,ML,5,44000,37,11.878,34.139513,-118.36535
717490,VINELAND,101,S,ML,5,44000,37,12.518,34.147297,-118.371049
717491,VINELAND,101,N,ML,5,44000,37,12.518,34.14739,-118.370853
717492,TUJUNGA,101,N,ML,5,44000,37,13.356,34.154581,-118.381115
717493,LAUREL CANYON,101,S,ML,5,44000,37,14.067,34.154314,-118.394541
717495,COLDWATER CANYON,101,S,ML,5,44000,37,15.117,34.156627,-118.412272
717497,COLDWATER CANYON,101,N,ML,5,44000,37,15.356,34.156829,-118.415379
717498,WOODMAN,101,N,ML,5,44000,37,16.376,34.155725,-118.432994
717499,VAN NUYS,101,S,ML,5,44000,37,17.127,34.156121,-118.44689
717501,VAN NUYS,101,N,ML,5,44000,37,17.386,34.15746,-118.450006
717502,HASKELL,101,N,ML,6,44000,37,18.966,34.165132,-118.474715
717503,HAYVENHURST,101,S,OR,1,44000,37,19.832,34.165142,-118.49033
717504,HAYVENHURST,101,S,ML,5,44000,37,19.832,34.165142,-118.49033
717508,WHITE OAK,101,S,ML,5,44000,37,21.482,34.171108,-118.517031
717510,WHITE OAK,101,N,ML,5,44000,37,21.699,34.171285,-118.520359
717511,BURBANK,101,S,ML,5,44000,37,22.292,34.171531,-118.531109
717513,RESEDA,101,N,ML,5,44000,37,22.739,34.173406,-118.538066
717514,TAMPA,101,S,ML,5,44000,37,23.402,34.173426,-118.550079
717515,TAMPA,101,N,ML,5,44000,37,23.719,34.17368,-118.555198
717516,WINNETKA,101,S,ML,5,44000,37,24.552,34.172374,-118.570043
717517,WINNETKA,101,N,ML,5,44000,37,24.759,34.171556,-118.573031
717518,DE SOTO,101,S,ML,5,44000,37,25.562,34.167855,-118.586613
717519,DE SOTO,101,N,ML,5,44000,37,25.809,34.168519,-118.590528
717520,CANOGA,101,S,ML,5,44000,37,26.092,34.16912,-118.595733
717521,TOPANGA CYN,101,N,FR,1,44000,37,26.809,34.170894,-118.607747
717522,TOPANGA CYN,101,N,ML,4,44000,37,26.809,34.170894,-118.607747
717523,WOODLAKE,101,N,FR,1,44000,37,28.219,34.162351,-118.629794
717524,WOODLAKE,101,N,ML,4,44000,37,28.219,34.162351,-118.629794
717525,TOPANGA CYN,118,E,ML,4,,37,35.481,34.276735,-118.602125
717526,TOPANGA CYN,118,E,HV,1,,37,35.481,34.276735,-118.602125
717527,DE SOTO,118,W,FR,2,44000,37,36.331,34.273553,-118.588111
717528,DE SOTO,118,W,ML,4,44000,37,36.331,34.273553,-118.588111
717529,DE SOTO,118,E,FR,2,44000,37,36.331,34.273354,-118.588108
717530,DE SOTO,118,E,ML,4,44000,37,36.331,34.273354,-118.588108
717531,DE SOTO,118,E,HV,1,44000,37,36.331,34.273354,-118.588108
717532,TAMPA,118,W,ML,4,44000,37,38.051,34.272684,-118.558209
717533,TAMPA,118,E,ML,4,44000,37,38.211,34.272223,-118.555464
717534,TAMPA,118,E,HV,1,44000,37,38.211,34.272223,-118.555464
717535,RESEDA,118,W,ML,4,44000,37,39.181,34.274745,-118.538826
717536,RESEDA,118,E,ML,4,44000,37,39.361,34.275083,-118.535822
717537,BALBOA 1,118,W,ML,4,44000,37,41.211,34.27815,-118.504149
717538,BALBOA SB,118,E,FR,2,44000,37,41.261,34.277904,-118.503383
717539,BALBOA 1,118,E,ML,4,44000,37,41.261,34.277904,-118.503383
717540,BALBOA 1,118,E,HV,1,44000,37,41.261,34.277904,-118.503383
717541,BALBOA 2,118,E,ML,5,44000,37,41.521,34.277556,-118.498886
717542,BALBOA 2,118,E,HV,1,44000,37,41.521,34.277556,-118.498886
717543,HAYVENHURST,118,E,ML,5,44000,37,42.041,34.273127,-118.491528
717544,HAYVENHURST,118,W,ML,5,44000,37,42.041,34.273353,-118.491355
717545,HAYVENHURST,118,E,HV,1,44000,37,42.041,34.273127,-118.491528
717546,WOODLEY,118,W,ML,5,44000,37,42.461,34.268987,-118.485999
717547,WOODLEY,118,E,ML,5,44000,37,42.461,34.268787,-118.486194
717548,YOSEMITE SB,118,W,OR,1,72016,111,30.291,34.281753,-118.681653
717549,YOSEMITE 1,118,W,ML,4,72016,111,30.291,34.281753,-118.681653
717550,STEARNS NB,118,W,FR,2,72016,111,29.791,34.281761,-118.690432
717551,YOSEMITE SB,118,E,OR,1,72016,111,30.461,34.28145,-118.678709
717552,YOSEMITE SB,118,E,FR,2,72016,111,30.461,34.28145,-118.678709
717553,YOSEMITE 1,118,E,ML,4,72016,111,30.461,34.28145,-118.678709
717554,PRINCETON/LA AVE,118,W,ML,2,49138,111,19.949,34.292599,-118.860081
717555,YOSEMITE NB,118,W,OR,1,72016,111,30.521,34.281746,-118.677613
717556,YOSEMITE NB,118,W,FR,2,72016,111,30.521,34.281746,-118.677613
717557,YOSEMITE 2,118,W,ML,4,72016,111,30.431,34.28175,-118.679194
717558,STEARNS 2,118,W,ML,4,72016,111,29.791,34.281761,-118.690432
717559,YOSEMITE NB,118,E,OR,1,72016,111,30.661,34.281433,-118.675198
717560,YOSEMITE 2,118,E,ML,4,72016,111,30.661,34.281433,-118.675198
717561,KUEHNER,118,W,OR,1,72016,111,31.311,34.279351,-118.664241
717562,KUEHNER,118,W,ML,4,72016,111,31.311,34.279351,-118.664241
717563,KUEHNER,118,E,OR,1,72016,111,31.751,34.276128,-118.658042
717564,KUEHNER,118,E,FR,2,72016,111,31.751,34.276128,-118.658042
717565,KUEHNER,118,E,ML,4,72016,111,31.751,34.276128,-118.658042
717566,COLLINS,118,W,ML,2,49138,111,20.819,34.293436,-118.844767
717567,ROCKY PEAK 2,118,E,OR,1,,111,33.461,34.268955,-118.634171
717568,ROCKY PEAK 2,118,E,ML,4,,111,33.461,34.268955,-118.634171
717570,CAHUENGA,134,E,ML,4,44000,37,0.95,34.153063,-118.359904
717571,CAHUENGA,134,W,ML,4,44000,37,0.95,34.153255,-118.359896
717572,BUENA VISTA,134,W,ML,4,8954,37,2.86,34.153625,-118.327063
717573,BUENA VISTA,134,E,ML,4,8954,37,3.04,34.154023,-118.324031
717574,FOREST LAWN,134,E,FR,1,44000,37,3.88,34.155121,-118.309741
717576,RIVERSIDE,134,W,ML,4,44000,37,4.69,34.15564,-118.29597
717577,SAN FERNANDO,134,E,FR,1,30000,37,6.1,34.154438,-118.272455
717578,SAN FERNANDO,134,E,ML,4,30000,37,6.1,34.154438,-118.272455
717579,PACIFIC,134,E,FR,1,30000,37,6.48,34.155877,-118.266072
717580,PACIFIC,134,E,ML,4,30000,37,6.48,34.155877,-118.266072
717581,CENTRAL,134,W,FR,1,30000,37,6.693,34.156458,-118.262159
717582,CENTRAL,134,W,ML,4,30000,37,6.693,34.156458,-118.262159
717583,BRAND,134,E,ML,4,30000,37,7.41,34.156268,-118.25012
717584,GLENDALE SB,134,E,FR,3,30000,37,7.84,34.155839,-118.242691
717585,GLENDALE 1,134,E,ML,4,30000,37,7.84,34.155839,-118.242691
717586,GLENDALE 1,134,E,HV,1,30000,37,7.84,34.155839,-118.242691
717587,GLENDALE 2,134,E,ML,5,30000,37,7.98,34.15489,-118.240354
717588,GLENDALE 2,134,E,HV,1,30000,37,7.98,34.15489,-118.240354
717589,HARVEY,134,W,FR,1,30000,37,8.743,34.148123,-118.229499
717590,HARVEY,134,W,ML,4,30000,37,8.743,34.148123,-118.229499
717591,HARVEY,134,E,FR,3,30000,37,8.92,34.146882,-118.227103
717592,HARVEY,134,E,ML,4,30000,37,8.92,34.146882,-118.227103
717593,HARVEY,134,E,HV,1,30000,37,8.92,34.146882,-118.227103
717594,FIGUEROA,134,E,FR,2,44000,37,11.52,34.142229,-118.18445
717595,FIGUEROA,134,E,ML,4,44000,37,11.52,34.142229,-118.18445
717596,FIGUEROA,134,W,FR,1,44000,37,11.473,34.142674,-118.184801
717597,FIGUEROA,134,W,ML,4,44000,37,11.473,34.142674,-118.184801
717598,SAN RAFAEL,134,W,FR,1,56000,37,12.253,34.142896,-118.172193
717599,SAN RAFAEL,134,W,ML,4,56000,37,12.253,34.142896,-118.172193
717600,SAN RAFAEL,134,E,FR,1,56000,37,12.45,34.144583,-118.1678
717601,SAN RAFAEL,134,E,ML,4,56000,37,12.45,34.144583,-118.1678
717603,ORANGE GROVE,134,W,ML,5,56000,37,12.763,34.146519,-118.162409
717604,ORANGE GROVE,134,W,HV,1,56000,37,12.763,34.146519,-118.162409
717605,ORANGE GROVE,134,E,FR,1,56000,37,13.18,34.148278,-118.157788
717606,ORANGE GROVE,134,E,ML,4,56000,37,13.18,34.148278,-118.157788
717607,ORANGE GROVE,134,E,HV,1,56000,37,13.18,34.148278,-118.157788
717608,BURBANK,170,S,ML,4,44000,37,3.046,34.171634,-118.388333
717609,BURBANK,170,S,HV,1,44000,37,3.046,34.171634,-118.388333
717610,OXNARD,170,S,ML,4,44000,37,3.686,34.178734,-118.394967
717611,VICTORY 1,170,S,FR,2,44000,37,4.216,34.184862,-118.400538
717612,VICTORY 1,170,S,ML,4,44000,37,4.246,34.185249,-118.400787
717613,ROSCOE 1,170,S,ML,3,44000,37,6.706,34.219986,-118.409792
717614,ARLETA,170,S,ML,3,44000,37,7.356,34.23061,-118.410097
717615,ARROYO 1,210,W,ML,4,56000,37,22.3,34.182539,-118.171545
717616,ARROYO,210,E,FR,2,56000,37,22.6,34.179921,-118.167405
717617,ARROYO,210,E,ML,4,56000,37,22.6,34.179921,-118.167405
717619,LINCOLN 1,210,E,FR,2,56000,37,23.14,34.174756,-118.160407
717620,LINCOLN 1,210,E,ML,4,56000,37,23.14,34.174756,-118.160407
717622,LINCOLN 1,210,W,ML,4,56000,37,23.0,34.176273,-118.161942
717623,MOUNTAIN 1,210,W,FR,2,56000,37,23.9,34.164368,-118.158093
717624,MOUNTAIN 1,210,W,ML,5,56000,37,23.9,34.164368,-118.158093
717625,MOUNTAIN 2,210,E,ML,4,56000,37,24.16,34.160546,-118.158748
717627,WALNUT,210,W,ML,2,56000,37,24.9,34.15225,-118.154678
717628,WALNUT,210,E,ML,1,56000,37,24.81,34.152216,-118.156144
717630,FAIR OAKS 1,210,W,ML,4,56000,37,25.4,34.152218,-118.14821
717631,FAIR OAKS 1,210,E,ML,4,56000,37,25.12,34.15099,-118.152369
717632,FAIR OAKS 1,210,W,HV,1,56000,37,25.4,34.152218,-118.14821
717633,MARENGO,210,E,ML,6,56000,37,25.72,34.151691,-118.142523
717634,LAKE 1,210,W,ML,5,56000,37,26.12,34.15195,-118.13555
717635,LAKE 2,210,E,ML,5,56000,37,26.47,34.151658,-118.12944
717636,HILL,210,W,FR,1,56000,37,26.8,34.152357,-118.123714
717637,HILL,210,W,ML,5,56000,37,26.8,34.152357,-118.123714
717638,HILL 1,210,E,ML,5,56000,37,27.14,34.152187,-118.117782
717640,ALLEN,210,E,ML,5,56000,37,27.63,34.152301,-118.109239
717641,MICHILLINDA,210,E,HV,1,2462,37,30.299,34.148554,-118.064055
717642,ALTADENA,210,W,ML,5,56000,37,28.03,34.1527,-118.102255
717643,ALTADENA,210,W,HV,1,56000,37,28.03,34.1527,-118.102255
717644,SAN GABRIEL,210,W,ML,5,56000,37,28.27,34.152727,-118.098063
717645,SAN GABRIEL,210,W,HV,1,56000,37,28.27,34.152727,-118.098063
717646,SAN GABRIEL,210,E,ML,5,56000,37,28.68,34.151406,-118.091041
717648,SIERRA MADRE V1,210,W,FR,3,56000,37,29.17,34.148074,-118.08377
717649,SIERRA MADRE V1,210,W,ML,5,56000,37,29.17,34.148074,-118.08377
717650,SIERRA MADRE V2,210,E,ML,5,56000,37,29.44,34.147621,-118.079037
717651,SIERRA MADRE V2,210,E,FR,1,56000,37,29.44,34.147621,-118.079037
717652,ROSEMEAD 1,210,W,FR,1,,37,29.879,34.148737,-118.071321
717653,ROSEMEAD 1,210,W,ML,5,,37,29.879,34.148737,-118.071321
717654,ROSEMEAD 1,210,E,ML,4,,37,30.029,34.148522,-118.068683
717656,ROSEMEAD 2,210,W,FR,2,,37,29.999,34.148823,-118.069206
717657,ROSEMEAD 2,210,W,ML,4,,37,29.999,34.148823,-118.069206
717658,MICHILLINDA,210,E,FR,2,2462,37,30.299,34.148554,-118.064055
717659,MICHILLINDA,210,E,ML,4,2462,37,30.299,34.148554,-118.064055
717660,FM RT 105,710,N,ML,4,55618,37,11.14,33.918675,-118.178732
717661,MICHILLINDA,210,W,ML,4,2462,37,30.139,34.148876,-118.066773
717662,BALDWIN SB,210,W,FR,2,2462,37,30.779,34.14889,-118.055903
717663,BALDWIN 1,210,W,ML,4,2462,37,30.779,34.14889,-118.055903
717664,BALDWIN 2,210,W,ML,4,2462,37,30.999,34.148916,-118.052166
717665,BALDWIN 2,210,W,HV,1,2462,37,30.999,34.148916,-118.052166
717666,BALDWIN,210,E,FR,3,2462,37,31.239,34.148636,-118.048053
717667,BALDWIN,210,E,ML,4,2462,37,31.239,34.148636,-118.048053
717669,SANTA ANITA 1,210,W,ML,4,2462,37,32.019,34.148355,-118.034499
717670,SANTA ANITA 1,210,W,HV,1,2462,37,32.019,34.148355,-118.034499
717671,SANTA ANITA 2,210,E,FR,3,2462,37,32.349,34.146752,-118.029146
717672,SANTA ANITA 2,210,E,ML,4,2462,37,32.349,34.146752,-118.029146
717673,MOUNT OLIVE DR / 605,210,W,ML,4,19990,37,36.589,34.13492,-117.959306
717674,IRWINDALE 1,210,W,ML,4,36826,37,38.069,34.129595,-117.935
717675,IRWINDALE 2,210,W,ML,4,36826,37,38.208,34.130142,-117.932676
717676,VERNON,210,W,ML,4,36826,37,39.159,34.12721,-117.917059
717677,VERNON,210,W,HV,1,36826,37,39.159,34.12721,-117.917059
717678,AZUSA 1,210,W,ML,5,3386,37,39.809,34.120999,-117.908877
717679,AZUSA SB,210,E,OR,1,3386,37,39.929,34.120571,-117.906859
717680,AZUSA SB,210,E,FR,2,3386,37,39.929,34.120571,-117.906859
717681,AZUSA NB,210,W,FR,2,3386,37,39.909,34.120813,-117.90718
717682,AZUSA 2,210,W,ML,4,3386,37,39.909,34.120813,-117.90718
717683,AZUSA NB,210,E,OR,1,3386,37,39.999,34.120654,-117.905646
717684,AZUSA 2,210,E,ML,4,3386,37,39.999,34.120654,-117.905646
717685,CITRUS,210,W,ML,4,3386,37,40.549,34.121161,-117.896071
717686,GRAND 1,210,W,ML,4,3386,37,41.789,34.120839,-117.874498
717687,GRAND 1,210,W,HV,1,3386,37,41.789,34.120839,-117.874498
717688,GRAND 2,210,W,ML,4,30014,37,41.969,34.120655,-117.871352
717689,GRAND 2,210,W,HV,1,30014,37,41.969,34.120655,-117.871352
717690,GRAND AV,210,E,OR,1,30014,37,41.979,34.120461,-117.871209
717691,GRAND AV NB,210,E,FR,1,30014,37,41.979,34.120461,-117.871209
717692,GRAND AV,210,E,ML,4,30014,37,41.979,34.120461,-117.871209
717693,SUNFLOWER AV,210,W,FR,2,30014,37,43.389,34.117701,-117.847619
717694,SUNFLOWER AV,210,W,ML,4,30014,37,43.389,34.117701,-117.847619
717695,SUNFLOWER AV,210,W,HV,1,30014,37,43.389,34.117701,-117.847619
717696,STUDEBAKER,405,N,ML,4,43000,37,24.548,33.791829,-118.100867
717697,STUDEBAKER,405,S,ML,4,43000,37,24.548,33.79164,-118.10099
717699,STEARNS,405,S,ML,4,43000,37,24.848,33.794536,-118.10487
717700,WOODRUFF,405,N,FR,1,43000,37,25.678,33.802431,-118.115997
717701,WOODRUFF,405,N,ML,4,43000,37,25.678,33.802431,-118.115997
717702,BELLFLOWER NB,405,N,FR,2,43000,37,26.108,33.802826,-118.123292
717703,BELLFLOWER 2,405,N,ML,4,43000,37,26.398,33.802865,-118.128314
717705,LAKEWOOD NB,405,N,FR,1,43000,37,27.228,33.805639,-118.141821
717706,LAKEWOOD 1,405,N,ML,5,43000,37,27.228,33.805639,-118.141821
717707,LAKEWOOD 1,405,N,HV,1,43000,37,27.228,33.805639,-118.141821
717708,LAKEWOOD SB,405,N,FR,2,43000,37,27.388,33.806208,-118.144497
717709,LAKEWOOD 2,405,N,ML,5,43000,37,27.388,33.806208,-118.144497
717710,REDONDO,405,S,ML,5,43000,37,27.768,33.806934,-118.151138
717711,SPRING,405,N,ML,4,43000,37,28.518,33.812037,-118.162485
717712,CHERRY NB,405,N,FR,1,43000,37,28.758,33.813266,-118.166414
717713,CHERRY 1,405,N,ML,4,43000,37,28.758,33.813266,-118.166414
717715,CHERRY 2,405,N,ML,4,43000,37,28.868,33.813802,-118.168227
717716,ORANGE,405,N,FR,1,71876,37,29.408,33.814416,-118.177538
717717,ORANGE,405,N,ML,5,71876,37,29.408,33.814416,-118.177538
717718,ATLANTIC NB,405,N,FR,1,71876,37,29.762,33.814996,-118.183577
717719,ATLANTIC 1,405,N,ML,5,71876,37,29.762,33.814996,-118.183577
717720,LONG BEACH,405,N,ML,4,71876,37,30.042,33.816753,-118.18802
717721,WARDLOW,405,N,ML,5,43000,37,30.332,33.819612,-118.191829
717722,WARDLOW,405,N,HV,1,43000,37,30.332,33.819612,-118.191829
717723,PACIFIC,405,N,ML,4,43000,37,30.992,33.824899,-118.20179
717724,PACIFIC,405,S,ML,4,43000,37,30.992,33.824728,-118.201883
717725,PACIFIC,405,N,HV,1,43000,37,30.992,33.824899,-118.20179
717726,SANTA FE,405,N,FR,1,43000,37,31.792,33.825614,-118.215047
717727,SANTA FE,405,N,ML,4,43000,37,31.792,33.825614,-118.215047
717728,ALAMEDA,405,N,FR,1,43000,37,32.462,33.825518,-118.226232
717729,ALAMEDA,405,N,ML,5,43000,37,32.462,33.825518,-118.226232
717730,WILMINGTON,405,S,FR,1,11530,37,33.242,33.825757,-118.24005
717731,WILMINGTON,405,S,ML,4,11530,37,33.242,33.825757,-118.24005
717732,CARSON,405,N,FR,1,11530,37,34.432,33.832936,-118.25697
717733,CARSON,405,N,ML,4,11530,37,34.432,33.832936,-118.25697
717734,AVALON,405,N,FR,1,11530,37,35.092,33.840237,-118.264144
717735,AVALON,405,N,ML,4,11530,37,35.092,33.840237,-118.264144
717738,MAIN,405,N,HV,1,11530,37,36.342,33.852884,-118.279686
717740,VERMONT,405,N,ML,5,,37,37.082,33.859338,-118.289828
717741,NORMANDIE1,405,N,FR,1,44000,37,37.582,33.859963,-118.298466
717742,NORMANDIE1,405,N,ML,4,44000,37,37.582,33.859963,-118.298466
717743,WESTERN,405,N,FR,1,44000,37,38.112,33.859955,-118.307741
717744,WESTERN,405,N,ML,4,44000,37,38.112,33.859955,-118.307741
717746,VAN NESS,405,S,ML,4,80000,37,38.732,33.861991,-118.318254
717747,CRENSHAW BLVD,405,N,FR,1,80000,37,39.202,33.86453,-118.3259
717749,ARTESIA 2,405,N,FR,1,80000,37,40.432,33.873958,-118.342856
717750,ARTESIA 2,405,N,ML,4,80000,37,40.432,33.873958,-118.342856
717751,ARTESIA 2,405,S,ML,4,80000,37,40.432,33.873847,-118.343065
717752,REDONDO BEACH BL,405,N,ML,4,40886,37,40.782,33.878338,-118.345949
717753,REDONDO BEACH BL,405,S,ML,4,40886,37,40.782,33.878203,-118.346171
717754,HAWTHORNE BLVD,405,N,FR,1,40886,37,41.292,33.884045,-118.351506
717755,HAWTHORNE BLVD,405,N,ML,4,40886,37,41.292,33.884045,-118.351506
717756,HAWTHORNE BLVD,405,N,HV,1,40886,37,41.292,33.884045,-118.351506
717757,INGLEWOOD NB,405,N,FR,1,40886,37,41.972,33.890483,-118.360485
717758,INGLEWOOD 1,405,N,ML,4,40886,37,41.972,33.890483,-118.360485
717759,INGLEWOOD 1,405,N,HV,1,40886,37,41.972,33.890483,-118.360485
717760,INGLEWOOD 2,405,N,ML,4,60018,37,42.122,33.8919,-118.362464
717761,INGLEWOOD 2,405,N,HV,1,60018,37,42.122,33.8919,-118.362464
717762,ROSECRANS EB,405,N,FR,1,32548,37,42.932,33.900921,-118.370315
717763,ROSECRANS 1,405,N,ML,4,32548,37,42.932,33.900921,-118.370315
717764,ROSECRANS 2,405,S,FR,1,32548,37,43.132,33.903772,-118.370548
717765,ROSECRANS 2,405,N,ML,4,32548,37,43.132,33.903819,-118.370313
717766,137TH,405,S,ML,5,32548,37,43.342,33.90684,-118.370538
717767,EL SEGUNDO EB,405,N,OR,1,32548,37,43.902,33.915198,-118.370234
717768,EL SEGUNDO EB,405,N,FR,1,32548,37,43.902,33.915198,-118.370234
717769,EL SEGUNDO 1,405,N,ML,4,32548,37,43.902,33.915198,-118.370234
717770,ROSECRANS 1,710,N,ML,4,15044,37,9.94,33.902585,-118.185914
717771,OLIVE / MANCHESTER,405,S,OR,2,36546,37,47.062,33.960581,-118.36949
717772,OLIVE / MANCHESTER,405,S,ML,5,36546,37,47.062,33.960581,-118.36949
717775,MANCHESTER EB,405,N,FR,2,36546,37,47.132,33.961638,-118.36932
717776,MANCHESTER 1,405,N,ML,4,36546,37,47.132,33.961638,-118.36932
717777,MANCHESTER 2,405,N,ML,4,36546,37,47.242,33.963205,-118.369661
717778,LA TIJERA,405,N,FR,2,36546,37,48.022,33.971707,-118.377522
717779,LA TIJERA,405,N,ML,4,36546,37,48.022,33.971707,-118.377522
717787,CULVER,405,N,ML,5,17568,37,51.122,34.004889,-118.412552
717788,CULVER,405,S,ML,5,17568,37,51.122,34.004651,-118.412662
717789,VENICE,405,N,FR,1,17568,37,51.582,34.010379,-118.41687
717790,VENICE,405,N,ML,5,17568,37,51.582,34.010379,-118.41687
717794,PICO / OLYMPIC,405,N,ML,5,44000,37,53.902,34.038204,-118.439159
717795,PICO,405,S,ML,6,44000,37,53.902,34.038114,-118.439397
717797,SANTA MONICA,405,N,ML,5,44000,37,54.722,34.047963,-118.44737
717798,WILSHIRE2,405,N,ML,5,,37,55.342,34.055946,-118.452118
717799,CASHMERE,405,N,ML,4,,37,56.172,34.065808,-118.460396
717800,SUNSET,405,N,ML,5,44000,37,56.732,34.07238,-118.466123
717801,MORAGA,405,N,ML,5,44000,37,57.192,34.077939,-118.470493
717802,OLYMPIC,710,N,OR,1,,37,18.507,34.019763,-118.173271
717804,GETTY / SEPULVEDA,405,N,ML,5,44000,37,58.482,34.095833,-118.476524
717806,SKIRBALL/MULHOLLAND,405,N,ML,5,44000,37,60.702,34.125144,-118.47636
717807,ROYAL RIDGE,405,S,ML,5,44000,37,61.342,34.133964,-118.47252
717809,VALLEY VISTA,405,S,ML,5,44000,37,62.192,34.146041,-118.470721
717813,GREENLEAF/SEPULVEDA,101,S,ML,3,44000,37,18.117,34.159355,-118.463521
717814,VENTURA,405,N,ML,4,44000,37,62.512,34.150297,-118.468373
717816,VENTURA,405,S,ML,5,44000,37,62.862,34.155321,-118.468529
717818,BURBANK 2,405,N,ML,4,44000,37,64.102,34.172831,-118.467569
717819,VICTORY,405,N,ML,4,44000,37,65.252,34.188192,-118.474075
717820,VICTORY,405,N,FR,1,44000,37,65.252,34.188192,-118.474075
717821,SHERMAN WAY 1,405,S,ML,4,44000,37,66.032,34.199504,-118.473939
717822,SHERMAN WAY 1,405,S,HV,1,44000,37,66.032,34.199504,-118.473939
717823,SHERMAN WAY,405,N,ML,4,44000,37,66.232,34.202543,-118.473233
717824,ROSCOE,405,S,ML,4,44000,37,67.452,34.220042,-118.473313
717825,ROSCOE,405,N,ML,4,44000,37,67.642,34.222979,-118.473083
717826,NORDHOFF ON,405,S,ML,4,44000,37,68.432,34.234235,-118.473205
717827,NORDHOFF,405,N,ML,4,44000,37,68.642,34.237367,-118.472933
717828,DEVONSHIRE 1,405,S,ML,6,44000,37,69.872,34.255035,-118.472413
717829,DEVONSHIRE 2,405,S,ML,6,44000,37,69.982,34.256625,-118.472419
717830,DEVONSHIRE 2,405,S,FR,2,44000,37,69.982,34.256625,-118.472419
717831,SPRING 1,605,N,ML,4,70686,37,2.282,33.809588,-118.081304
717832,SPRING 1,605,S,ML,4,70686,37,2.252,33.80915,-118.081596
717833,CARSON 1,605,S,ML,4,43000,37,3.722,33.830177,-118.08363
717834,EB 105 TO SB 605,605,S,OR,1,52526,37,9.252,33.907474,-118.105239
717835,CARSON EB,605,N,FR,1,43000,37,3.732,33.830383,-118.083453
717836,CARSON EB,605,N,ML,4,43000,37,3.732,33.830383,-118.083453
717837,CARSON WB,605,S,FR,2,39892,37,3.902,33.832579,-118.084831
717838,CARSON 2,605,S,ML,4,39892,37,3.902,33.832579,-118.084831
717839,CARSON 2,605,N,ML,4,39892,37,3.902,33.832657,-118.084601
717840,ROSECRANS,605,N,OR,1,52526,37,8.982,33.903565,-118.10513
717842,CENTRALIA,605,S,ML,4,39892,37,4.332,33.838214,-118.088062
717843,DEL AMO 1,605,S,ML,4,39892,37,4.842,33.844875,-118.091947
717844,DEL AMO 2,605,N,ML,4,12552,37,4.982,33.84679,-118.092752
717845,DEL AMO WB,605,S,FR,1,12552,37,4.982,33.846711,-118.092994
717846,DEL AMO 2,605,S,ML,4,12552,37,4.982,33.846711,-118.092994
717847,SOUTH 1,605,S,ML,4,12552,37,5.732,33.857271,-118.09599
717848,SB 605 AT 105,605,S,ML,4,52526,37,9.252,33.907474,-118.105239
717849,SOUTH EB,605,N,FR,1,12552,37,5.732,33.857321,-118.09579
717850,SOUTH 1,605,N,ML,4,12552,37,5.732,33.857321,-118.09579
717851,SOUTH 2,605,N,ML,4,12552,37,5.872,33.859308,-118.096265
717852,SOUTH WB,605,S,FR,1,12552,37,5.882,33.859402,-118.096491
717853,SOUTH 2,605,S,ML,4,12552,37,5.882,33.859402,-118.096491
717854,183RD,605,N,ML,5,12552,37,6.362,33.86612,-118.098646
717857,N OF 91 (3),605,N,ML,6,12552,37,7.482,33.881766,-118.103878
717858,ALONDRA 1,605,N,ML,5,12552,37,7.822,33.886691,-118.104261
717859,ALONDRA 1,605,S,ML,5,12552,37,7.792,33.886248,-118.104435
717861,ALONDRA WB,605,S,FR,2,12552,37,7.932,33.888287,-118.10455
717862,ALONDRA 2,605,S,ML,5,12552,37,7.932,33.888287,-118.10455
717863,ALONDRA 2,605,N,ML,5,12552,37,7.972,33.888878,-118.104376
717864,FOSTER,605,N,ML,5,52526,37,9.382,33.909354,-118.104924
717865,FAIRTON,605,S,ML,5,12552,37,8.342,33.894293,-118.104912
717867,ROSECRANS 1,605,S,ML,5,52526,37,8.772,33.900526,-118.105238
717868,ROSECRANS WB,605,S,FR,2,52526,37,8.892,33.902261,-118.105349
717869,ROSECRANS 1,605,N,FR,2,52526,37,8.902,33.902407,-118.105114
717871,ROSECRANS 2,605,S,ML,5,52526,37,8.892,33.902261,-118.105349
717872,FIRESTONE,605,S,ML,4,52526,37,10.392,33.923989,-118.104406
717874,FIRESTONE,605,N,FR,2,52526,37,10.552,33.926206,-118.1036
717875,FIRESTONE,605,N,ML,5,52526,37,10.552,33.926206,-118.1036
717876,FIRESTONE,605,N,HV,1,52526,37,10.552,33.926206,-118.1036
717877,FLORENCE,605,S,ML,4,19766,37,11.216,33.935212,-118.099885
717879,N OF 5,605,N,ML,4,19766,37,11.802,33.942882,-118.09562
717880,TELEGRAPH,605,N,FR,1,69154,37,12.447,33.951332,-118.090846
717881,TELEGRAPH,605,N,ML,4,69154,37,12.447,33.951332,-118.090846
717882,TELEGRAPH,605,N,HV,1,69154,37,12.447,33.951332,-118.090846
717883,TELEGRAPH,605,S,FR,2,69154,37,12.412,33.950974,-118.091381
717884,TELEGRAPH,605,S,ML,4,69154,37,12.412,33.950974,-118.091381
717885,PLACITA,605,S,ML,4,69154,37,12.962,33.958207,-118.087265
717887,SLAUSON,605,S,ML,4,,37,13.562,33.966467,-118.083807
717888,SLAUSON,605,N,ML,4,,37,13.562,33.966404,-118.083604
717889,SLAUSON,605,S,HV,1,,37,13.562,33.966467,-118.083807
717892,SLAUSON,605,N,HV,1,,37,13.562,33.966404,-118.083604
717893,S OF WASHINGTON,605,N,ML,4,,37,14.042,33.972857,-118.080336
717894,WASHINGTON 1,605,S,ML,4,,37,14.012,33.972515,-118.080722
717895,WASHINGTON 2,605,S,FR,1,,37,14.172,33.974742,-118.079877
717896,WASHINGTON 2,605,S,ML,4,,37,14.172,33.974742,-118.079877
717897,SARAGOSA,605,N,ML,4,,37,14.532,33.979377,-118.077076
717898,WASHINGTON 3,605,S,ML,4,,37,14.625,33.980513,-118.076242
717899,SARAGOSA,605,N,HV,1,,37,14.532,33.979377,-118.077076
717902,WASHINGTON 3,605,S,HV,1,,37,14.625,33.980513,-118.076242
717903,ROSEHEDGE,605,N,ML,4,,37,15.052,33.9855,-118.071807
717905,WHITTIER 1,605,N,FR,3,,37,15.532,33.992148,-118.069414
717906,WHITTIER 1,605,N,ML,4,,37,15.532,33.992148,-118.069414
717907,WHITTIER 1,605,S,ML,4,,37,15.532,33.992205,-118.069649
717908,WHITTIER 1,605,S,HV,1,,37,15.532,33.992205,-118.069649
717909,WHITTIER 2,605,N,ML,4,85292,37,15.7,33.994533,-118.068855
717910,WHITTIER 2,605,N,HV,1,85292,37,15.7,33.994533,-118.068855
717911,WHITTIER WB,605,S,FR,2,85292,37,15.664,33.994073,-118.069196
717912,WHITTIER 2,605,S,ML,4,85292,37,15.664,33.994073,-118.069196
717913,BEVERLY EB,605,S,FR,1,56924,37,16.442,34.004272,-118.064134
717914,BEVERLY 1,605,S,ML,4,56924,37,16.442,34.004272,-118.064134
717915,BEVERLY 1,605,N,ML,4,56924,37,16.359,34.003288,-118.064985
717916,BEVERLY 1,605,S,HV,1,56924,37,16.442,34.004272,-118.064134
717920,BEVERLY 1,605,N,HV,1,56924,37,16.359,34.003288,-118.064985
717922,BEVERLY 2,605,N,ML,4,56924,37,16.562,34.005361,-118.06248
717924,NOYES,605,S,ML,4,,37,16.942,34.009472,-118.058066
717925,ROSE HILL1,605,S,ML,4,36490,37,17.532,34.01717,-118.05398
717926,ROSE HILL1,605,N,ML,4,36490,37,17.508,34.01677,-118.05412
717929,ROSE HILL2,605,N,ML,4,56924,37,17.712,34.018698,-118.051437
717930,ROSE HILL2,605,S,ML,4,56924,37,17.712,34.01886,-118.051593
717933,PECK 1,605,S,ML,4,36490,37,18.632,34.026807,-118.038666
717934,PECK 1,605,N,ML,4,36490,37,18.632,34.026653,-118.038537
717935,PECK 1,605,S,HV,1,36490,37,18.632,34.026807,-118.038666
717938,PECK 1,605,N,HV,1,36490,37,18.632,34.026653,-118.038537
717939,PECK 2,605,N,FR,2,36490,37,18.812,34.028108,-118.035925
717940,PECK 2,605,N,ML,5,36490,37,18.812,34.028108,-118.035925
717941,PECK 2,605,S,FR,1,36490,37,18.812,34.028263,-118.036063
717942,PECK 2,605,S,ML,4,36490,37,18.812,34.028263,-118.036063
717943,S OF 60,605,S,ML,3,36490,37,19.152,34.031082,-118.03122
717945,VALLEY 2,605,N,ML,4,,37,21.554,34.05556,-118.003436
717946,VALLEY EB,605,S,FR,2,,37,21.352,34.052972,-118.005179
717949,RAMONA,605,S,OR,1,3666,37,22.934,34.074896,-117.998897
717950,RAMONA,605,S,FR,2,3666,37,22.934,34.074896,-117.998897
717951,RAMONA,605,S,ML,4,3666,37,22.934,34.074896,-117.998897
717953,RAMONA,605,N,FR,2,3666,37,23.283,34.079858,-117.997784
717955,LOWER AZUSA,605,N,FR,2,3666,37,24.418,34.093924,-117.988767
717956,LOWER AZUSA,605,N,ML,4,3666,37,24.418,34.093924,-117.988767
717957,ARROW 1,605,S,ML,4,36826,37,26.004,34.114904,-117.97806
717958,ARROW 2,605,N,ML,4,36826,37,26.204,34.11687,-117.975459
717959,LONG BEACH SB,710,S,FR,2,43000,37,6.93,33.861086,-118.200442
717960,DEL AMO 1,710,S,ML,4,43000,37,5.99,33.848404,-118.20545
717961,DEL AMO WB,710,N,FR,1,43000,37,6.04,33.849095,-118.205202
717962,DEL AMO 2,710,N,ML,4,43000,37,6.04,33.849095,-118.205202
717963,LONG BEACH,710,S,ML,4,43000,37,6.93,33.861086,-118.200442
717965,LONG BEACH NB,710,N,FR,1,43000,37,7.17,33.864017,-118.19821
717966,LONG BEACH,710,N,ML,5,43000,37,7.17,33.864017,-118.19821
717968,ATLANTIC,710,N,ML,3,43000,37,8.33,33.879953,-118.191917
717969,ALONDRA,710,S,FR,1,15044,37,8.93,33.888326,-118.189265
717970,ALONDRA,710,S,ML,5,15044,37,8.87,33.887504,-118.18958
717972,ROSECRANS 2,710,S,ML,6,55618,37,10.05,33.903982,-118.185282
717974,ROSECRANS EB,710,N,FR,1,15044,37,9.94,33.902585,-118.185914
717975,ROSECRANS 1,710,S,ML,6,15044,37,9.77,33.900287,-118.18707
717976,KING 1,710,S,FR,1,55618,37,10.94,33.915832,-118.179574
717977,KING 1,710,N,ML,4,55618,37,10.94,33.915802,-118.179338
717978,KING 1,710,S,ML,4,55618,37,10.94,33.915832,-118.179574
717979,IMPERIAL EB,710,S,CD,1,44574,37,11.927,33.92992,-118.178962
717980,IMPERIAL 1,710,S,ML,4,44574,37,11.927,33.92992,-118.178962
717982,IMPERIAL WB,710,N,FR,1,44574,37,12.057,33.931754,-118.178439
717983,IMPERIAL 2,710,N,ML,4,44574,37,12.057,33.931754,-118.178439
717985,FIRESTONE EB,710,S,FR,1,73080,37,13.427,33.949462,-118.170596
717986,FIRESTONE 1,710,S,ML,4,73080,37,13.427,33.949462,-118.170596
717988,FIRESTONE WB,710,S,FR,1,73080,37,13.517,33.950759,-118.170667
717989,FIRESTONE 2,710,S,ML,4,73080,37,13.517,33.950759,-118.170667
717991,FIRESTONE EB,710,N,FR,2,73080,37,13.427,33.949445,-118.170327
717992,FIRESTONE 1,710,N,ML,4,73080,37,13.427,33.949445,-118.170327
717994,FIRESTONE WB,710,N,FR,1,73080,37,13.517,33.950741,-118.170417
717995,FIRESTONE 2,710,N,ML,4,73080,37,13.517,33.950741,-118.170417
717997,FLORENCE EB,710,S,OR,2,73080,37,14.307,33.962172,-118.169953
717998,FLORENCE EB,710,S,FR,1,73080,37,14.507,33.964963,-118.169033
717999,FLORENCE EB,710,N,FR,1,73080,37,14.507,33.964927,-118.168788
718001,FLORENCE WB,710,S,FR,1,73080,37,14.767,33.9686,-118.16791
718002,FLORENCE 2,710,S,ML,4,73080,37,14.597,33.966186,-118.168485
718004,FLORENCE WB,710,N,OR,2,73080,37,14.767,33.968571,-118.167682
718005,FLORENCE WB,710,N,FR,1,73080,37,14.767,33.968571,-118.167682
718007,ATLANTIC SB,710,S,FR,1,4870,37,16.957,33.998038,-118.176649
718008,ATLANTIC 2,710,S,ML,4,4870,37,16.887,33.997066,-118.176999
718009,WASHINGTON,710,N,FR,1,14974,37,17.547,34.005883,-118.172597
718011,WASHINGTON,710,S,FR,1,14974,37,17.537,34.005785,-118.172807
718012,WASHINGTON,710,S,ML,5,14974,37,17.537,34.005785,-118.172807
718013,OLYMPIC,710,N,FR,1,,37,18.507,34.019763,-118.173271
718014,OLYMPIC,710,N,ML,4,,37,18.507,34.019763,-118.173271
718015,THIRD,710,N,FR,1,,37,19.437,34.032849,-118.170134
718016,THIRD,710,N,ML,3,,37,19.437,34.032849,-118.170134
718017,THIRD,710,S,ML,3,,37,19.547,34.0344,-118.170119
718018,CESAR CHAVEZ AV,710,S,ML,3,,37,19.897,34.039459,-118.170157
718020,HERBERT,10,W,ML,6,44000,37,18.55,34.055551,-118.185914
718021,HERBERT,10,E,FR,1,44000,37,18.55,34.055285,-118.185874
718022,EASTERN,10,E,OR,1,,37,19.29,34.059959,-118.174416
718023,SUNSET CROSSING,57,N,OR,1,58072,37,17.087,34.032569,-117.808962
718024,SUNSET CROSSING,57,S,OR,1,19192,37,16.942,34.029739,-117.811086
718033,SHOEMAKER,91,E,OR,1,12552,37,13.398,33.873397,-118.060742
718040,PKWY CALABASAS 2,101,S,OR,1,90310,37,29.752,34.152479,-118.654183
718041,KING BLVD,110,S,ML,5,44000,37,19.3,34.009215,-118.281288
718042,EXPOSITION1,110,S,OR,1,44000,37,19.73,34.015503,-118.281106
718043,FM RT 105,710,N,OR,1,55618,37,11.14,33.918675,-118.178732
718045,STADUIM,110,S,ML,3,44000,37,24.39,34.068002,-118.238015
718046,STADUIM,110,N,ML,3,44000,37,24.39,34.067909,-118.23795
718047,LONE HILL AV,210,W,ML,4,30014,37,44.389,34.121259,-117.830969
718048,AUTO CENTER,57,S,ML,4,66070,37,23.282,34.115919,-117.824413
718050,ARROW HWY 2,57,S,ML,4,66070,37,22.722,34.107022,-117.821888
718051,ARROW HWY,57,N,ML,4,66070,37,22.437,34.104337,-117.820298
718052,COVINA,57,S,ML,4,66070,37,21.862,34.094818,-117.819726
718053,COVINA BL,57,N,ML,4,66070,37,21.957,34.097462,-117.819268
718054,VIA VERDE,57,S,ML,5,66070,37,20.662,34.078431,-117.814654
718055,IMPERIAL EB,405,S,OR,1,,37,44.852,33.928621,-118.368522
718057,IMPERIAL WB,405,N,OR,1,,37,45.162,33.933137,-118.368221
718058,IMPERIAL WB,405,S,OR,1,44000,37,44.962,33.930217,-118.368535
718059,RIVERSIDE DR,2,W,OR,1,44000,37,7.512,34.099971,-118.251285
718060,SB 5 TO WB/SB 2,2,W,FF,2,44000,37,7.502,34.099842,-118.25136
718062,SAN FERNANDO RD,2,W,OR,1,44000,37,8.487,34.112548,-118.245533
718064,SAN FERNANDO RD,2,W,ML,4,44000,37,8.487,34.112548,-118.245533
718066,VERDUGO RD,2,W,ML,4,44000,37,9.61,34.121743,-118.229567
718067,COLORADO BLVD,2,W,OR,1,44000,37,10.799,34.138775,-118.228707
718070,HOLLY DR,2,W,OR,1,44000,37,11.478,34.148241,-118.225967
718071,HOLLY DR,2,W,FR,2,44000,37,11.729,34.151698,-118.224908
718072,HOLLY DR,2,W,ML,4,44000,37,11.478,34.148241,-118.225967
718074,MOUNTAIN ST,2,W,OR,1,30000,37,12.393,34.161165,-118.225695
718075,MOUNTAIN ST,2,W,FR,2,30000,37,12.392,34.16115,-118.225693
718076,MOUNTAIN ST,2,W,ML,4,30000,37,12.393,34.161165,-118.225695
718078,VERDUGO BLVD,2,W,OR,1,30000,37,14.732,34.193844,-118.220321
718079,WB 210 TO WB/SB 2,2,W,FF,2,30000,37,14.732,34.193844,-118.220321
718081,BLOOMFIELD,5,N,ML,4,52526,37,120.353,33.905186,-118.065055
718083,TRIGGS,5,S,FR,1,14974,37,129.593,34.011229,-118.161247
718085,TRIGGS,5,S,ML,4,14974,37,129.593,34.011229,-118.161247
718086,S OF 710,5,N,ML,4,14974,37,130.303,34.015567,-118.171131
718087,PASADENA,5,N,OR,1,44000,37,136.633,34.076978,-118.219273
718088,LOS FELIZ WB,5,N,OR,1,44000,37,141.173,34.123398,-118.272271
718089,GRIFFITH PARK,5,S,ML,4,44000,37,141.11,34.123357,-118.272486
718090,ZOO DR,5,S,ML,6,44000,37,142.92,34.148833,-118.27989
718091,TUXFORD,5,N,OR,1,44000,37,151.373,34.226627,-118.383614
718092,OSBORNE 2,5,N,ML,6,44000,37,154.183,34.24614,-118.423735
718093,BUNDY DR,10,E,OR,1,44000,37,2.525,34.028893,-118.446438
718094,CENTINELA AVE,10,W,OR,1,70000,37,1.965,34.027751,-118.456128
718095,CENTINELA AVE,10,E,OR,1,70000,37,2.345,34.028077,-118.449505
718096,CLOVERFIELD,10,E,OR,1,70000,37,1.335,34.025103,-118.466669
718097,LINCOLN,10,W,FR,2,70000,37,0.175,34.016413,-118.483481
718099,ROBERTSON,10,W,ML,5,44000,37,5.655,34.029948,-118.392928
718102,ROSECRANS 2,710,N,ML,4,55618,37,10.14,33.905011,-118.184089
718103,CRENSHAW 1,10,W,ML,5,44000,37,9.045,34.035005,-118.337015
718105,NORMANDIE 2,10,E,OR,1,44000,37,11.285,34.036842,-118.298268
718111,OLYMPIC,10,E,OR,1,44000,37,15.145,34.025775,-118.236393
718118,BARRANCA 2,10,E,ML,4,84200,37,36.59,34.071814,-117.87979
718119,HOLT 2,10,E,ML,5,84200,37,37.64,34.069047,-117.862283
718120,FAIRPLEX,10,E,FR,1,58072,37,42.26,34.072803,-117.785705
718121,TEMPLE EB,57,N,OR,1,58072,37,17.977,34.04332,-117.800771
718122,TEMPLE EB,57,S,OR,1,58072,37,17.874,34.040947,-117.802381
718123,HINNEN,60,E,ML,4,,37,16.701,34.003773,-117.954366
718124,HINNEN,60,W,ML,4,,37,16.701,34.003931,-117.95432
718125,NOGALES 1,60,W,ML,4,36490,37,20.481,33.994299,-117.890213
718126,W OF LEMON,60,W,ML,4,36490,37,22.441,33.99864,-117.856574
718127,BREA CANYON,60,E,ML,4,19192,37,23.081,34.000335,-117.84567
718128,AVALON,91,E,OR,1,11530,37,1.808,33.873486,-118.259531
718129,AVALON,91,E,FR,1,11530,37,1.808,33.873486,-118.259531
718130,AVALON 2,91,E,ML,4,11530,37,1.808,33.873486,-118.259531
718141,MOORPARK,101,N,ML,3,44000,37,12.878,34.151437,-118.374683
718142,TOPANGA 1,101,S,ML,4,44000,37,26.592,34.17043,-118.60432
718143,TOPANGA 2,101,S,ML,4,44000,37,26.722,34.170677,-118.606564
718144,VENTURA 1,101,S,ML,4,44000,37,27.002,34.169734,-118.611241
718146,MULHOLLAND,101,S,ML,4,44000,37,28.592,34.159836,-118.636043
718147,FLORENCE 2,710,N,ML,4,73080,37,14.767,33.968571,-118.167682
718148,PKWY CALABASAS 1,101,S,ML,4,90310,37,29.452,34.1544,-118.649487
718149,KANAN,101,S,ML,4,394,37,36.242,34.145654,-118.759052
718150,REYES ADOBE,101,S,ML,4,394,37,37.402,34.146952,-118.779156
718151,IMPERIAL 1,710,N,ML,4,44574,37,11.907,33.929626,-118.178731
718152,EB/WB 105 TO SB 710,710,S,FF,1,55618,37,10.29,33.906773,-118.182716
718155,WRIGHT,105,E,ML,3,44574,37,13.2,33.914156,-118.184451
718156,LEIBACHER,105,E,OR,1,52526,37,18.13,,
718159,IMPERIAL 1,110,S,OR,1,44000,37,13.8,33.929513,-118.281024
718161,GAGE,110,N,OR,1,44000,37,17.61,33.984847,-118.280312
718162,GAGE,110,S,OR,1,44000,37,17.29,33.980182,-118.281036
718163,SLAUSON,110,N,FR,1,44000,37,17.9,33.989159,-118.280238
718164,SLAUSON,110,N,ML,4,44000,37,17.9,33.989159,-118.280238
718165,WASHINGTON2,110,N,ML,3,44000,37,21.29,34.037093,-118.274088
718166,WASHINGTON2,110,S,ML,3,44000,37,21.29,34.03711,-118.274257
718173,THIRD,110,S,ML,3,44000,37,22.98,34.055433,-118.256754
718175,PRINCETON/LA AVE,118,W,OR,1,49138,111,19.949,34.292599,-118.860081
718176,PRINCETON/LA AVE,118,E,OR,1,49138,111,20.289,34.292788,-118.854026
718177,COLLINS,118,W,OR,1,49138,111,20.819,34.293436,-118.844767
718178,COLLINS,118,E,OR,1,49138,111,20.849,34.293197,-118.84425
718179,MADERA,118,W,OR,1,72016,111,23.791,34.285131,-118.79486
718180,MADERA NB,118,E,OR,1,72016,111,24.111,34.28279,-118.789901
718181,MADERA SB,118,E,OR,1,72016,111,23.861,34.284287,-118.793847
718182,FIRST SB,118,W,OR,1,72016,111,24.551,34.282452,-118.782329
718183,FIRST SB,118,E,OR,1,72016,111,24.711,34.282155,-118.779539
718184,FIRST NB,118,W,OR,1,72016,111,24.821,34.282447,-118.777608
718185,FIRST NB,118,E,OR,1,72016,111,24.901,34.28215,-118.776188
718186,ERRINGER SB,118,W,OR,1,72016,111,25.601,34.282441,-118.7638
718187,ERRINGER NB,118,W,OR,1,72016,111,25.781,34.28245,-118.760625
718188,ERRINGER SB,118,E,OR,1,72016,111,25.711,34.282158,-118.761848
718189,ERRINGER NB,118,E,OR,1,72016,111,25.901,34.282158,-118.75852
718190,SYCAMORE SB,118,W,OR,1,72016,111,26.601,34.28243,-118.746287
718191,SYCAMORE NB,118,W,OR,1,72016,111,26.791,34.282439,-118.742964
718192,SYCAMORE SB,118,E,OR,1,72016,111,26.711,34.282139,-118.744365
718193,SYCAMORE NB,118,E,OR,1,72016,111,26.831,34.282133,-118.742267
718194,TAPO CYN SB,118,W,OR,1,72016,111,28.091,34.282189,-118.720254
718195,TAPO CYN NB,118,W,OR,1,72016,111,28.281,34.281851,-118.716955
718196,TAPO CYN SB,118,E,OR,1,72016,111,28.221,34.281623,-118.718019
718197,TAPO CYN NB,118,E,OR,1,72016,111,28.411,34.281529,-118.714692
718198,STEARNS SB,118,W,OR,1,72016,111,29.601,34.28177,-118.693769
718199,STEARNS NB,118,W,OR,1,72016,111,29.791,34.281761,-118.690432
718200,STEARNS SB,118,E,OR,1,72016,111,29.721,34.281486,-118.691694
718201,STEARNS NB,118,E,OR,1,72016,111,29.911,34.28146,-118.68836
718203,VINELAND AVE,134,E,OR,1,44000,37,0.59,34.153108,-118.366127
718204,RIVERSIDE,134,E,ML,4,44000,37,4.69,34.155439,-118.295974
718205,HUNTINGTON WB,210,E,OR,1,48648,37,33.149,34.140676,-118.017243
718206,HUNTINGTON 1,210,W,OR,1,48648,37,33.049,34.141791,-118.018365
718207,HUNTINGTON EB,210,E,OR,1,48648,37,33.379,34.138178,-118.014556
718208,MYRTLE AV,210,W,OR,1,48648,37,34.049,34.135576,-118.003558
718209,MYRTLE AV,210,E,OR,1,48648,37,34.439,34.135316,-117.996727
718210,MOUNTAIN AV,210,W,ML,4,48648,37,34.899,34.135547,-117.988695
718211,BUENA VISTA,210,W,OR,1,19990,37,35.409,34.135484,-117.97979
718212,BUENA VISTA,210,E,OR,1,19990,37,35.649,34.135237,-117.975628
718213,MOUNT OLIVE DR / 605,210,E,OR,1,19990,37,36.619,34.13449,-117.958916
718214,IRWINDALE,210,E,OR,1,36826,37,38.298,34.130297,-117.931111
718215,VERNON,210,E,OR,1,36826,37,39.339,34.125143,-117.915079
718216,CITRUS SB,210,E,OR,1,3386,37,40.849,34.12079,-117.890867
718218,PALO VERDE,405,N,FR,1,43000,37,25.048,33.796718,-118.107431
718219,PALO VERDE,405,N,ML,4,43000,37,25.048,33.796718,-118.107431
718220,WOODRUFF,405,S,FR,1,43000,37,25.448,33.800308,-118.112651
718221,WOODRUFF,405,S,ML,4,43000,37,25.448,33.800308,-118.112651
718222,BELLFLOWER NB,405,S,FR,1,43000,37,26.138,33.802629,-118.12381
718223,BELLFLOWER 1,405,S,ML,4,43000,37,26.138,33.802629,-118.12381
718224,BELLFLOWER NB,405,N,OR,1,43000,37,26.108,33.802826,-118.123292
718225,BELLFLOWER SB,405,S,FR,1,43000,37,26.398,33.802649,-118.128338
718226,BELLFLOWER 2,405,S,ML,4,43000,37,26.398,33.802649,-118.128338
718227,CLARK,405,N,ML,5,43000,37,26.688,33.802923,-118.133344
718228,WILLOW,405,S,FR,1,43000,37,26.918,33.803094,-118.137329
718229,WILLOW,405,S,ML,5,43000,37,26.918,33.803094,-118.137329
718230,WILLOW,405,S,HV,1,43000,37,26.918,33.803094,-118.137329
718231,LAKEWOOD SB,405,S,FR,2,43000,37,27.318,33.805815,-118.143415
718232,LAKEWOOD 1,405,S,ML,4,43000,37,27.318,33.805815,-118.143415
718233,LAKEWOOD 2,405,N,HV,1,43000,37,27.388,33.806208,-118.144497
718235,SPRING,405,S,ML,5,43000,37,28.418,33.811173,-118.161074
718236,SPRING,405,S,HV,1,43000,37,28.418,33.811173,-118.161074
718237,CHERRY SB,405,S,FR,1,43000,37,28.758,33.813053,-118.166482
718238,CHERRY 1,405,S,ML,5,43000,37,28.758,33.813053,-118.166482
718239,ORANGE,405,S,FR,2,43000,37,29.328,33.814193,-118.176143
718240,ORANGE,405,S,ML,4,43000,37,29.328,33.814193,-118.176143
718241,ATLANTIC SB,405,S,FR,1,71876,37,29.922,33.815698,-118.186295
718242,ATLANTIC 2,405,S,ML,5,71876,37,29.922,33.815698,-118.186295
718243,ATLANTIC 1,405,S,ML,5,71876,37,29.772,33.814807,-118.183838
718244,LONG BEACH,405,S,FR,1,43000,37,30.192,33.818022,-118.190184
718245,LONG BEACH,405,S,ML,5,43000,37,30.192,33.818022,-118.190184
718246,SANTA FE,405,S,FR,1,43000,37,31.822,33.825332,-118.215513
718247,SANTA FE,405,S,ML,4,43000,37,31.822,33.825332,-118.215513
718248,ALAMEDA,405,S,FR,1,43000,37,32.402,33.825229,-118.225244
718249,ALAMEDA,405,S,ML,5,43000,37,32.402,33.825229,-118.225244
718250,WILMINGTON,405,N,FR,2,11530,37,33.242,33.825976,-118.240051
718251,WILMINGTON,405,N,ML,4,11530,37,33.242,33.825976,-118.240051
718252,CARSON,405,S,FR,1,11530,37,34.262,33.830851,-118.255253
718253,CARSON,405,S,ML,4,11530,37,34.262,33.830851,-118.255253
718254,CARSON,405,S,HV,1,11530,37,34.262,33.830851,-118.255253
718255,AVALON 2,405,S,FR,2,11530,37,35.092,33.840128,-118.264312
718256,AVALON 2,405,S,ML,4,11530,37,35.092,33.840128,-118.264312
718257,AVALON 2,405,S,HV,1,11530,37,35.092,33.840128,-118.264312
718258,MAIN,405,S,ML,5,11530,37,36.342,33.852707,-118.279831
718259,MAIN,405,N,ML,5,11530,37,36.342,33.852884,-118.279686
718260,MAIN,405,S,HV,1,11530,37,36.342,33.852707,-118.279831
718261,190TH,405,S,FR,1,80000,37,38.292,33.85998,-118.31095
718262,190TH,405,S,ML,4,80000,37,38.292,33.85998,-118.31095
718264,CRENSHAW,405,S,FR,1,80000,37,39.282,33.864701,-118.327312
718265,CRENSHAW,405,S,ML,4,80000,37,39.282,33.864701,-118.327312
718266,CRENSHAW BLVD,405,N,ML,4,80000,37,39.202,33.86453,-118.3259
718267,YUKON,405,N,ML,4,80000,37,39.772,33.867312,-118.335177
718268,ARTESIA EB,405,S,FR,1,80000,37,40.242,33.871474,-118.341378
718270,ARTESIA 1,405,S,HV,1,80000,37,40.242,33.871474,-118.341378
718274,HAWTHORNE BLVD,405,S,FR,3,40886,37,41.412,33.885033,-118.353285
718275,HAWTHORNE BLVD,405,S,ML,4,40886,37,41.412,33.885033,-118.353285
718276,HAWTHORNE BLVD,405,S,HV,1,40886,37,41.412,33.885033,-118.353285
718277,INGLEWOOD 2,405,S,ML,4,60018,37,42.072,33.891266,-118.361985
718278,INGLEWOOD 2,405,S,HV,1,60018,37,42.072,33.891266,-118.361985
718279,ROSECRANS1,405,S,FR,1,32548,37,42.932,33.90085,-118.370549
718280,ROSECRANS1,405,S,ML,4,32548,37,42.932,33.90085,-118.370549
718282,102ND / CENTURY EB,405,S,OR,1,,37,45.772,33.941969,-118.368525
718283,102ND / CENTURY EB,405,S,FR,1,,37,45.772,33.941969,-118.368525
718284,102ND / CENTURY,405,S,ML,4,,37,45.772,33.941969,-118.368525
718286,LA TIJERA,405,S,FR,2,36546,37,48.022,33.971543,-118.377669
718287,LA TIJERA,405,S,ML,4,36546,37,48.022,33.971543,-118.377669
718289,SHERMAN WAY EB,170,S,OR,1,44000,37,5.276,34.19999,-118.403413
718290,CENTINELA,405,S,ML,5,,37,49.182,33.981148,-118.394054
718291,CENTINELA,405,N,ML,5,,37,49.182,33.981278,-118.393836
718292,N OF 90,405,N,ML,4,17568,37,49.922,33.990323,-118.400988
718295,VENICE,405,S,FR,1,17568,37,51.572,34.010121,-118.416943
718296,VENICE,405,S,ML,5,17568,37,51.572,34.010121,-118.416943
718297,NATIONAL,405,S,ML,4,44000,37,52.932,34.026631,-118.430023
718300,SANTA MONICA,405,S,ML,5,44000,37,54.572,34.046105,-118.44607
718301,WILSHIRE EB,405,S,FR,1,,37,55.062,34.052401,-118.449849
718302,WILSHIRE 1,405,S,ML,5,,37,55.062,34.052401,-118.449849
718303,WILSHIRE WB,405,S,FR,1,,37,55.432,34.056927,-118.453241
718304,WILSHIRE 2,405,S,ML,5,,37,55.432,34.056927,-118.453241
718308,WATERFORD,405,S,ML,6,,37,55.882,34.062316,-118.45765
718309,SUNSET WB / CHURCH,405,S,FR,1,44000,37,56.812,34.073269,-118.467097
718310,SUNSET WB / CHURCH,405,S,ML,4,44000,37,56.812,34.073269,-118.467097
718312,GETTY / SEPULVEDA,405,S,ML,4,44000,37,58.502,34.096057,-118.47685
718313,GETTY / SEPULVEDA,405,S,HV,1,44000,37,58.502,34.096057,-118.47685
718314,BEL AIR CR,405,S,ML,4,44000,37,59.572,34.110424,-118.481702
718315,SKIRBALL/MULHOLLAND,405,S,ML,4,44000,37,60.322,34.120834,-118.480151
718318,DEL AMO EB,710,N,OR,1,43000,37,5.73,33.844662,-118.205795
718319,DEL AMO EB,710,N,FR,1,43000,37,5.73,33.844662,-118.205795
718320,ATLANTIC 2,710,N,ML,5,82422,37,17.147,34.000423,-118.174959
718321,OLYMPIC,710,S,ML,4,,37,18.477,34.019379,-118.17355
718325,SHELDON,5,S,FR,1,44000,37,152.41,34.231047,-118.401401
718326,LAKEWOOD 1,91,E,ML,4,4982,37,8.588,33.876989,-118.143077
718327,LONG BEACH,91,W,ML,5,15044,37,5.028,33.872905,-118.203748
718331,DURFEE RD,10,W,HV,1,22230,37,29.19,34.064175,-118.008013
718332,MILLER,10,W,ML,4,,37,19.16,34.059334,-118.176508
718335,VERMONT 2,10,E,ML,5,44000,37,11.795,34.036796,-118.289266
718345,PALO COMADO CYN,101,S,OR,1,394,37,35.092,34.143077,-118.739279
718346,LINDERO 1,101,S,OR,1,84438,37,38.702,34.148124,-118.801429
718347,LINDERO 2,101,S,OR,1,84438,37,38.912,34.149194,-118.804893
718348,LINDERO 1,101,N,OR,1,84438,37,38.839,34.148901,-118.803161
718349,LINDERO 2,101,N,OR,1,84438,37,39.049,34.149983,-118.806674
718354,LONE HILL AV,210,E,OR,1,30014,37,44.489,34.120911,-117.829234
718356,LOMA VISTA,57,N,ML,4,66070,37,21.537,34.091335,-117.819352
718358,FIDEL,5,N,ML,3,52526,37,119.433,33.896767,-118.052213
718360,SILVER BOW,5,N,ML,3,52526,37,120.583,33.907717,-118.067667
718364,GASPAR,5,S,ML,4,14974,37,128.75,34.002455,-118.151164
718370,DORRIS,5,S,ML,5,44000,37,138.04,34.09021,-118.238774
718371,DORRIS,5,N,ML,5,44000,37,138.103,34.090311,-118.238626
718375,S OF 2,5,S,ML,4,44000,37,138.97,34.100828,-118.248623
718376,N OF 2,5,S,ML,4,44000,37,139.33,34.104544,-118.252924
718377,LOS FELIZ EB,5,N,OR,1,44000,37,140.933,34.120132,-118.270864
718378,GRIFFITH PARK,5,S,OR,1,44000,37,141.11,34.123357,-118.272486
718379,COLORADO,5,S,ML,5,44000,37,142.42,34.141806,-118.278086
718380,COLORADO,5,N,OR,1,44000,37,142.533,34.142573,-118.277948
718384,VICTORY TR,5,N,ML,5,30000,37,143.833,34.156976,-118.290498
718385,VERDUGO,5,S,OR,1,8954,37,145.47,34.176309,-118.30783
718388,OSBORNE EB,5,S,OR,1,44000,37,153.87,34.243318,-118.42108
718389,OSBORNE 1,5,N,ML,6,44000,37,154.003,34.244193,-118.42169
718391,PAXTON,5,N,OR,1,44000,37,155.943,34.266064,-118.442825
718392,PAXTON,5,S,ML,4,44000,37,155.7,34.263648,-118.4415
718393,RTE 118 CN,5,S,ML,4,44000,37,156.08,34.268223,-118.445171
718394,RTE 118 CN,5,N,ML,4,44000,37,156.143,34.26834,-118.444992
718395,CHATSWORTH,5,S,OR,1,44000,37,156.35,34.271236,-118.448172
718397,BRAND,5,S,OR,1,44000,37,156.57,34.273972,-118.450111
718399,SAN FERNANDO 1,5,S,OR,1,44000,37,156.74,34.275868,-118.452003
718400,LAUREL CANYON,5,N,OR,1,44000,37,157.073,34.279114,-118.455041
718401,SAN FERNANDO 2,5,S,OR,1,44000,37,156.88,34.277432,-118.45372
718402,ROXFORD,5,S,OR,1,44000,37,158.99,34.300684,-118.477275
718403,ROXFORD,5,N,OR,1,44000,37,159.383,34.304527,-118.480635
718404,N OF 210,5,N,ML,4,44000,37,160.73,34.320108,-118.4945
718405,S OF 210,5,S,ML,5,44000,37,159.957,34.311743,-118.487332
718408,CLOVERFIELD,10,W,FR,1,70000,37,1.445,34.025766,-118.4649
718410,SEPULVEDA,10,E,ML,3,44000,37,3.455,34.031541,-118.430583
718411,SEPULVEDA,10,W,ML,3,44000,37,3.465,34.031734,-118.430419
718412,WESTWOOD,10,E,ML,5,44000,37,4.005,34.031688,-118.421146
718414,HAUSER,10,W,ML,5,44000,37,7.645,34.033976,-118.361349
718415,HAUSER,10,E,ML,5,44000,37,7.645,34.033741,-118.361383
718416,LA BREA 1,10,W,OR,1,44000,37,8.085,34.034256,-118.353711
718419,E OF 110,10,E,ML,4,44000,37,12.755,34.037793,-118.272782
718421,SAN PEDRO ST,10,E,ML,5,44000,37,14.055,34.028118,-118.253469
718428,STATE,10,E,OR,1,44000,37,17.03,34.054801,-118.211859
718441,LAKEWOOD SB,405,S,HV,1,43000,37,27.318,33.805815,-118.143415
718442,SPRING,405,N,HV,1,43000,37,28.518,33.812037,-118.162485
718445,SAN GABRIEL 2,10,E,ML,4,62896,37,24.39,34.07186,-118.089866
718448,LONE HILL AV,210,E,HV,1,30014,37,44.489,34.120911,-117.829234
718449,TEMPLE WB,57,S,OR,1,58072,37,18.178,34.045058,-117.800792
718450,TEMPLE WB,57,N,OR,1,58072,37,18.167,34.04611,-117.800531
718453,W/O TURNBULL,60,E,ML,5,,37,15.121,34.011912,-117.980122
718455,SANTA  ANITA 2,60,W,ML,5,,37,10.441,34.039693,-118.05069
718456,SANTA ANITA NB,60,W,FR,1,,37,10.441,34.039693,-118.05069
718457,PHILLIPS RANCH,60,W,OR,1,58072,37,28.011,34.02492,-117.773748
718462,WOODMAN,101,S,OR,1,44000,37,16.017,34.155572,-118.427822
718465,HOXIE,105,W,OR,1,52526,37,17.9,33.914273,-118.103564
718466,FM 105 EB,605,N,ML,4,52526,37,10.252,33.92193,-118.104318
718467,SEPULVEDA WB,110,N,OR,1,,37,5.53,33.81107,-118.287268
718469,CITRUS 2,210,E,ML,4,3386,37,40.989,34.120764,-117.88843
718470,WB 105 TO NB 405 #2,405,N,OR,1,,37,45.137,33.932781,-118.368223
718477,IMPERIAL EB,710,N,FR,1,44574,37,11.907,33.929626,-118.178731
718478,INGLEWOOD NB,405,S,FR,1,40886,37,41.972,33.89032,-118.360662
718479,INGLEWOOD 1,405,S,ML,4,40886,37,41.972,33.89032,-118.360662
718480,INGLEWOOD 1,405,S,HV,1,40886,37,41.972,33.89032,-118.360662
718487,SUNSET EB,405,S,OR,1,44000,37,56.672,34.071567,-118.465753
718488,COMPTON,710,N,ML,6,15044,37,9.42,33.89529,-118.187593
718490,FLORENCE,605,S,FR,1,19766,37,11.216,33.935212,-118.099885
718492,S OF 105,710,N,ML,4,55618,37,10.34,33.907361,-118.181983
718493,S OF 105,710,S,ML,4,55618,37,10.34,33.907395,-118.182244
718494,ATLANTIC NB,710,N,FR,1,82422,37,17.067,33.999405,-118.175639
718496,ALAMEDA SB,134,W,ML,4,44000,37,1.9,34.154195,-118.343722
718497,EXPOSITION2,110,N,OR,1,44000,37,19.93,34.018144,-118.279568
718498,LIVE OAK,605,S,OR,1,36826,37,25.398,34.106905,-117.982368
718499,FOREST LAWN,134,W,ML,4,44000,37,3.75,34.154816,-118.311893
718500,NATIONAL,405,N,ML,4,44000,37,52.932,34.026728,-118.429807
737152,IMPERIAL,605,S,ML,4,52526,37,9.952,33.917606,-118.104793
737158,OLYMPIC 2,10,E,ML,5,44000,37,15.245,34.026415,-118.234825
737184,NORMANDIE 2,10,E,ML,4,44000,37,11.285,34.036842,-118.298268
737211,PACIFIC,710,N,OR,1,43000,37,4.76,33.830873,-118.208577
737229,14TH,10,E,ML,3,70000,37,0.475,34.019283,-118.479535
737232,14TH,10,W,ML,4,70000,37,0.475,34.019435,-118.47969
737237,20TH 2,10,E,ML,3,70000,37,0.925,34.02328,-118.473469
737242,20TH,10,W,ML,3,70000,37,0.925,34.023443,-118.473579
737246,CLOVERFIELD,10,E,ML,3,70000,37,1.335,34.025103,-118.466669
737257,DORCHESTER,10,E,ML,4,70000,37,1.775,34.02693,-118.459319
737258,DORCHESTER,10,W,ML,4,70000,37,1.775,34.027093,-118.459353
737269,PICO BLVD,10,W,ML,4,70000,37,2.215,34.027802,-118.451776
737278,BUNDY DR,10,E,ML,4,44000,37,2.525,34.028893,-118.446438
737292,WESTWOOD,10,W,ML,5,44000,37,3.995,34.031903,-118.4213
737313,SANTA FE / PORTER,10,E,ML,5,44000,37,15.445,34.027658,-118.231686
737320,E OF MACY,10,E,ML,3,44000,37,16.419,34.053847,-118.221966
737344,CAMPUS,10,E,ML,4,,37,19.54,34.061366,-118.170554
737345,CAMPUS,10,W,ML,4,,37,19.54,34.061578,-118.1706
737433,LAS VIRGENES RD,101,N,ML,4,90310,37,32.359,34.149171,-118.69734
737480,ALTADENA,210,E,FR,2,56000,37,27.98,34.152332,-118.103137
737490,ROSEMEAD 1,210,E,HV,1,,37,30.029,34.148522,-118.068683
737504,WARDLOW,605,S,ML,4,43000,37,3.082,33.821152,-118.081557
737529,SHERMAN WAY 2,405,S,ML,4,44000,37,66.222,34.202228,-118.473512
759142,GALENA,118,E,ML,3,72016,111,27.281,34.282136,-118.734404
759155,SB 110 TO EB 10,10,E,FF,1,44000,37,12.085,34.037023,-118.284201
759165,GALENA,118,W,ML,3,72016,111,27.281,34.282445,-118.734398
759197,NB 110 TO EB 10,10,E,FF,1,44000,37,12.655,34.038052,-118.274457
759228,VAN NUYS 1,5,S,ML,6,44000,37,154.91,34.254614,-118.433051
759230,VAN NUYS EB,5,S,OR,1,44000,37,154.91,34.254614,-118.433051
759250,VAN NUYS 2,5,S,ML,6,44000,37,155.12,34.256907,-118.435472
759252,VAN NUYS WB,5,S,OR,1,44000,37,155.12,34.256907,-118.435472
759257,LINCOLN,10,E,ML,3,70000,37,0.175,34.016298,-118.483358
759259,LINCOLN,10,W,ML,3,70000,37,0.175,34.016413,-118.483481
759271,REYES ADOBE,101,N,ML,4,394,37,37.639,34.14691,-118.782745
759272,REYES ADOBE,101,N,OR,1,394,37,37.639,34.14691,-118.782745
759280,FM 110 NB,10,E,ML,3,44000,37,12.655,34.038052,-118.274457
759289,FM 110 NB,10,W,ML,3,44000,37,12.345,34.038055,-118.279858
759290,FM 110 NB,10,W,OR,1,44000,37,12.345,34.038055,-118.279858
759385,FM 110 SB,10,E,ML,4,44000,37,12.085,34.037023,-118.284201
759416,FM 105 EB,110,S,ML,4,44000,37,13.38,33.923435,-118.281525
759418,FM 105 WB,110,S,ML,5,44000,37,13.37,33.923292,-118.281555
759422,FM RT 105,405,S,ML,4,32548,37,43.872,33.914766,-118.370486
759427,FM 105 WB,405,N,ML,4,,37,45.137,33.932781,-118.368223
759486,VERDUGO RD,2,W,FR,2,44000,37,9.61,34.121743,-118.229567
759487,VERDUGO RD,2,W,OR,1,44000,37,9.61,34.121743,-118.229567
759513,IMPERIAL HWY,5,N,ML,3,52526,37,121.593,33.917571,-118.080056
759514,IMPERIAL,5,N,FR,1,52526,37,121.452,33.915878,-118.078758
759518,NORWALK 2,5,N,ML,3,52526,37,121.213,33.913564,-118.075867
759530,LAKEWOOD 1,5,N,FR,1,19766,37,124.903,33.957583,-118.111199
759531,LAKEWOOD 1,5,N,ML,4,19766,37,124.903,33.957583,-118.111199
759542,LAKEWOOD 2,5,N,ML,4,19766,37,125.043,33.95891,-118.113036
759551,PARAMOUNT,5,N,FR,1,19766,37,125.493,33.9632,-118.1189
759552,PARAMOUNT,5,N,ML,4,19766,37,125.493,33.9632,-118.1189
759566,DITMAN,5,N,ML,5,,37,131.433,34.020251,-118.189669
759572,CALZONA,5,N,FR,1,44000,37,131.751,34.021007,-118.195039
759576,CALZONA,5,N,ML,5,44000,37,131.773,34.021135,-118.195375
759590,GLENDALE,5,N,OR,1,44000,37,140.493,34.114313,-118.267737
759591,GLENDALE,5,N,ML,4,44000,37,140.493,34.114313,-118.267737
759602,LOS FELIZ 2,5,N,ML,4,44000,37,141.173,34.123398,-118.272271
759610,SILVER BOW,5,S,ML,3,52526,37,120.52,33.907584,-118.067796
759617,PAXTON,5,N,ML,4,44000,37,155.943,34.266064,-118.442825
759626,LAUREL CANYON,5,N,ML,3,44000,37,157.073,34.279114,-118.455041
759636,ROXFORD,5,N,ML,5,44000,37,159.383,34.304527,-118.480635
759637,ROXFORD,5,N,FR,1,44000,37,159.383,34.304527,-118.480635
759648,CALGROVE,5,N,ML,4,69088,37,165.61,34.364506,-118.555784
759653,VALENCIA,5,N,FR,2,69088,37,168.87,34.408287,-118.576071
759654,VALENCIA,5,N,ML,4,69088,37,168.87,34.408287,-118.576071
759666,Magic Mtn Pkwy,5,N,ML,4,69088,37,170.05,34.424267,-118.58367
759667,Magic Mtn Pkwy,5,N,FR,1,69088,37,169.81,34.421063,-118.581981
759672,HASLEY CANYON,5,N,ML,4,,37,173.17,34.458426,-118.615547
759677,LAKE HUGHES,5,N,ML,4,,37,176.01,34.497131,-118.624674
759680,HASLEY CANYON,5,N,FR,1,,37,173.17,34.458426,-118.615547
759685,SMOKEY BEAR RD,5,N,ML,4,,37,194.617,34.709779,-118.796647
759700,CALZONA,5,S,ML,5,44000,37,131.71,34.020961,-118.195456
759707,CONCORD,5,S,ML,5,44000,37,132.34,34.025109,-118.20517
759713,STADIUM,5,S,FR,1,44000,37,138.5,34.095413,-118.243957
759735,COLORADO,5,S,OR,1,44000,37,142.42,34.141806,-118.278086
759742,ZOO DR,5,S,OR,1,44000,37,142.92,34.148833,-118.27989
759747,VICTORY TR,5,S,ML,5,30000,37,143.77,34.156871,-118.290763
759762,ALAMEDA 1,5,S,ML,4,30000,37,144.77,34.167992,-118.301293
759765,ALAMEDA 1,5,S,FR,1,30000,37,144.77,34.167992,-118.301293
759766,ALAMEDA 1,5,S,CD,1,30000,37,144.77,34.167992,-118.301293
759772,ALAMEDA 2,5,S,ML,4,8954,37,144.87,34.168963,-118.302648
759776,ALAMEDA 2,5,S,FR,1,8954,37,144.87,34.168963,-118.302648
759777,ALAMEDA 2,5,S,CD,1,8954,37,144.87,34.168963,-118.302648
759783,VERDUGO,5,S,ML,4,8954,37,145.47,34.176309,-118.30783
759790,SUNLAND,5,S,FR,1,44000,37,150.15,34.221822,-118.364915
759822,CHATSWORTH,5,S,ML,5,44000,37,156.35,34.271236,-118.448172
759834,SAN FERNANDO 1,5,N,ML,3,44000,37,156.803,34.275954,-118.451881
759835,SAN FERNANDO 1,5,S,ML,5,44000,37,156.74,34.275868,-118.452003
759844,BRAND,5,S,ML,5,44000,37,156.57,34.273972,-118.450111
759850,SAN FERNANDO 2,5,S,ML,3,44000,37,156.88,34.277432,-118.45372
759858,ROXFORD,5,S,ML,5,44000,37,158.99,34.300684,-118.477275
759870,CALGROVE,5,S,ML,4,,37,165.147,34.358847,-118.554053
759875,CALGROVE,5,S,FR,1,,37,165.147,34.358847,-118.554053
759892,LYONS 2,5,S,FR,2,69088,37,166.647,34.378358,-118.565494
759900,LYONS 2,5,S,ML,4,69088,37,166.647,34.378358,-118.565494
759914,Magic Mtn Pkwy,5,S,ML,4,69088,37,169.747,34.420911,-118.582284
759922,RYE CANYON,5,S,OR,1,69088,37,170.547,34.431273,-118.588555
759927,HASLEY CANYON,5,S,ML,4,,37,172.817,34.454192,-118.615941
759933,LAKE HUGHES,5,S,ML,4,,37,175.847,34.495729,-118.623863
759938,LAKE HUGHES,5,S,FR,2,,37,175.847,34.495729,-118.623863
759942,TEMPLIN,5,S,ML,4,,37,182.047,34.565923,-118.685975
759945,TEMPLIN,5,S,FR,1,,37,182.047,34.565923,-118.685975
759961,BARRANCA 2,10,W,FR,2,84200,37,36.57,34.072002,-117.880137
759965,LONG BEACH 1,91,E,HV,1,15044,37,5.028,33.872655,-118.203751
759967,CHERRY,91,E,HV,1,43000,37,7.258,33.875898,-118.166089
759974,PIONEER 1,91,E,HV,1,2896,37,11.958,33.876317,-118.084773
759975,PIONEER 2,91,E,HV,1,2896,37,12.208,33.876324,-118.080425
759978,NORWALK 2,91,E,HV,1,12552,37,12.768,33.876366,-118.070702
759979,SHOEMAKER,91,E,HV,1,12552,37,13.408,33.873306,-118.060607
759980,SHOEMAKER,91,E,ML,4,12552,37,13.408,33.873306,-118.060607
759981,WILMINGTON,91,W,HV,1,15044,37,3.098,33.873772,-118.23715
759982,ACACIA,91,W,HV,1,15044,37,3.668,33.874114,-118.227251
759984,PARAMOUNT,91,W,HV,1,43000,37,7.508,33.876117,-118.161745
759986,BELLFLOWER 1,91,W,HV,1,4982,37,9.538,33.87621,-118.126705
759987,PIONEER 2,91,W,HV,1,2896,37,12.208,33.87657,-118.080438
759988,NORWALK 2,91,W,HV,1,12552,37,12.698,33.876613,-118.071914
759989,NORWALK 1,91,W,HV,1,12552,37,12.498,33.876583,-118.075397
759990,BLOOMFIELD,91,W,HV,1,12552,37,13.058,33.876119,-118.065686
759991,BLOOMFIELD,91,E,HV,1,12552,37,13.108,33.875647,-118.064958
759992,183RD,91,E,HV,1,12552,37,14.208,33.86603,-118.049777
759993,183RD,91,W,HV,1,12552,37,14.138,33.866819,-118.050661
759996,WILMINGTON,91,E,HV,1,15044,37,3.108,33.87359,-118.236964
760001,WOODMAN,101,N,OR,1,44000,37,16.376,34.155725,-118.432994
760002,LONG VALLEY,101,N,ML,4,44000,37,28.869,34.158544,-118.640131
760003,GLENDALE,101,S,OR,1,44000,37,3.908,34.070002,-118.262279
760006,WHITE OAK,101,S,FR,1,44000,37,21.482,34.171108,-118.517031
760013,WOODMAN,101,S,ML,5,44000,37,16.017,34.155572,-118.427822
760024,SEPULVEDA,101,S,ML,6,44000,37,18.017,34.159347,-118.461778
760040,SEPULVEDA SB,105,E,OR,1,44000,37,0.6,33.931239,-118.394434
760046,HUGHES,105,E,ML,3,44000,37,0.9,33.931132,-118.389223
760054,HUGHES,105,W,FR,1,44000,37,0.9,33.931388,-118.389223
760063,IMPERIAL 1,105,E,ML,3,44000,37,1.8,33.929816,-118.373757
760073,HAWTHORNE,105,E,HV,1,32548,37,3.1,33.933294,-118.351898
760074,HAWTHORNE,105,E,ML,4,32548,37,3.1,33.933294,-118.351898
760076,HAWTHORNE,105,E,FR,1,32548,37,3.1,33.933294,-118.351898
760080,IMPERIAL 3,105,E,ML,3,32548,37,3.6,33.930073,-118.344285
760085,IMPERIAL 3,105,E,HV,1,32548,37,3.6,33.930073,-118.344285
760090,YUKON,105,E,HV,1,36546,37,4.2,33.924911,-118.335537
760091,YUKON,105,E,FR,1,36546,37,4.2,33.924911,-118.335537
760100,CRENSHAW 1,105,E,HV,1,36546,37,4.6,33.924855,-118.32862
760101,CRENSHAW 1,105,E,ML,3,36546,37,4.6,33.924855,-118.32862
760110,CRENSHAW 2,105,E,HV,1,32548,37,4.9,33.925162,-118.323479
760112,CRENSHAW 2,105,E,ML,4,32548,37,4.9,33.925162,-118.323479
760117,E/O WILTON,105,E,HV,1,32548,37,5.5,33.925238,-118.313092
760122,W/O NORMANDIE,105,E,HV,1,,37,6.0,33.926392,-118.304528
760128,W/O VERMONT,105,E,FR,1,,37,6.6,33.928424,-118.29444
760130,W/O VERMONT,105,E,HV,1,,37,6.6,33.928424,-118.29444
760139,MAIN,105,E,HV,1,44000,37,7.8,33.927891,-118.273645
760147,MAIN,105,W,HV,1,44000,37,7.8,33.928261,-118.273648
760156,FM 110 SB,105,E,OR,1,44000,37,7.55,33.928419,-118.277962
760166,FM 110 NB,105,E,HV,1,44000,37,7.56,33.928407,-118.277789
760167,FM 110 NB,105,E,ML,3,44000,37,7.56,33.928407,-118.277789
760168,FM 110 NB,105,E,OR,1,44000,37,7.56,33.928407,-118.277789
760173,AVALON,105,E,HV,1,44000,37,8.2,33.927305,-118.266557
760178,STANFORD,105,E,HV,1,44000,37,8.4,33.927289,-118.263121
760187,CENTRAL,105,E,ML,3,,37,9.0,33.928141,-118.252891
760188,CENTRAL,105,E,HV,1,,37,9.0,33.928141,-118.252891
760196,WILMINGTON,105,E,ML,3,,37,9.7,33.928223,-118.240518
760199,WILMINGTON,105,E,HV,1,,37,9.7,33.928223,-118.240518
760201,WILMINGTON,105,E,FR,1,,37,9.7,33.928223,-118.240518
760206,MONA,105,E,HV,1,,37,10.5,33.929161,-118.226832
760207,MONA,105,W,HV,1,,37,10.5,33.929479,-118.226883
760209,MONA,105,W,FR,1,,37,10.5,33.929479,-118.226883
760213,STATE,105,E,HV,1,,37,10.9,33.929098,-118.220055
760224,LONG BEACH 1,105,E,HV,1,44574,37,11.7,33.923785,-118.207757
760226,LONG BEACH 1,105,E,ML,3,44574,37,11.7,33.923785,-118.207757
760227,LONG BEACH SB,105,E,FR,1,44574,37,11.7,33.923785,-118.207757
760236,LONG BEACH 2,105,E,ML,3,44574,37,11.9,33.922422,-118.20466
760237,LONG BEACH 2,105,E,HV,1,44574,37,11.9,33.922422,-118.20466
760242,HARRIS,105,E,HV,1,44574,37,12.6,33.917731,-118.194032
760246,WRIGHT,105,E,HV,1,44574,37,13.2,33.914156,-118.184451
760256,WRIGHT,105,W,HV,1,44574,37,13.2,33.91443,-118.184361
760267,GARFIELD 1,105,E,HV,1,44574,37,13.8,33.911105,-118.174619
760279,E/O FACADE,105,E,HV,1,55618,37,14.4,33.91131,-118.164179
760283,PARAMOUNT,105,E,ML,3,73080,37,14.8,33.912001,-118.157276
760289,PARAMOUNT,105,E,HV,1,73080,37,14.8,33.912001,-118.157276
760293,GARDENDALE,105,E,HV,1,73080,37,15.3,33.912739,-118.148633
760301,LAKEWOOD 1,105,E,ML,3,19766,37,15.6,33.9129,-118.143428
760303,LAKEWOOD 1,105,E,HV,1,19766,37,15.6,33.9129,-118.143428
760314,LAKEWOOD 2,105,E,HV,1,19766,37,15.9,33.91291,-118.138216
760315,LAKEWOOD 2,105,E,ML,4,19766,37,15.9,33.91291,-118.138216
760320,W/O ARDIS,105,E,HV,1,19766,37,16.3,33.912952,-118.131271
760321,W/O ARDIS,105,E,FR,1,19766,37,16.3,33.912952,-118.131271
760329,BELLFLOWER 2,105,E,HV,1,19766,37,16.8,33.91319,-118.122603
760330,BELLFLOWER 2,105,E,ML,3,19766,37,16.8,33.91319,-118.122603
760333,BELLFLOWER 2,105,W,HV,1,19766,37,16.8,33.91352,-118.122596
760335,BELLFLOWER 2,105,W,FR,1,19766,37,16.8,33.91352,-118.122596
760344,CARFAX,105,E,HV,1,19766,37,17.3,33.913689,-118.113948
760345,CARFAX,105,W,HV,1,19766,37,17.3,33.914009,-118.113945
760349,LEIBACHER,105,E,ML,2,52526,37,18.13,,
760350,LEIBACHER,105,E,FR,1,52526,37,18.13,,
760358,HOXIE,105,W,ML,2,52526,37,17.9,33.914273,-118.103564
760361,LEIBACHER,105,W,ML,2,52526,37,18.13,,
760369,BELLFLOWER 2,105,W,ML,4,19766,37,16.8,33.91352,-118.122596
760375,BELLFLOWER 1,105,W,ML,4,19766,37,16.5,33.913234,-118.12779
760380,BELLFLOWER 1,105,W,HV,1,19766,37,16.5,33.913234,-118.12779
760384,HANWELL,105,W,ML,3,19766,37,16.0,33.913209,-118.136477
760387,HANWELL,105,W,HV,1,19766,37,16.0,33.913209,-118.136477
760388,HANWELL,105,W,FR,1,19766,37,16.0,33.913209,-118.136477
760395,LAKEWOOD 1,105,W,HV,1,19766,37,15.6,33.913204,-118.143449
760398,LAKEWOOD 1,105,W,ML,3,19766,37,15.6,33.913204,-118.143449
760403,GARDENDALE,105,W,HV,1,73080,37,15.3,33.913023,-118.148672
760413,WB 105 TO NB 405,105,W,FF,3,32548,37,2.6,33.932384,-118.3602
760424,IMPERIAL 3,105,W,HV,1,,37,3.3,33.932736,-118.3484
760426,IMPERIAL 3,105,W,ML,3,,37,3.3,33.932736,-118.3484
760427,PRAIRIE OFF,105,W,FR,1,,37,3.31,33.932665,-118.348246
760432,118TH,105,W,HV,1,32548,37,4.0,33.926558,-118.338643
760440,CRENSHAW 1,105,W,ML,4,36546,37,4.5,33.925127,-118.330354
760442,CRENSHAW 1,105,W,HV,1,36546,37,4.5,33.925127,-118.330354
760452,CRENSHAW 2,105,W,ML,3,32548,37,4.8,33.925436,-118.325192
760454,CRENSHAW 2,105,W,HV,1,32548,37,4.8,33.925436,-118.325192
760455,CRENSHAW NB,105,W,FR,2,32548,37,4.8,33.925436,-118.325192
760460,E/O WILTON,105,W,HV,1,32548,37,5.5,33.925579,-118.313116
760465,W/O NORMANDIE,105,W,HV,1,,37,6.0,33.926754,-118.304542
760473,VERMONT,105,W,ML,4,,37,6.5,33.928605,-118.29615
760476,VERMONT,105,W,HV,1,,37,6.5,33.928605,-118.29615
760481,FM 110 SB,105,W,ML,3,,37,6.81,33.928912,-118.290792
760484,FM 110 SB,105,W,OR,1,,37,6.81,33.928912,-118.290792
760490,HOOVER,105,W,HV,1,44000,37,7.1,33.928915,-118.285761
760491,HOOVER,105,W,FR,1,44000,37,7.1,33.928915,-118.285761
760496,AVALON,105,W,ML,5,44000,37,8.2,33.927683,-118.266559
760505,STANFORD,105,W,HV,1,44000,37,8.4,33.927654,-118.263124
760512,CENTRAL,105,W,ML,3,44000,37,8.8,33.92794,-118.256279
760519,CENTRAL,105,W,HV,1,44000,37,8.8,33.92794,-118.256279
760520,CENTRAL,105,E,FR,2,44000,37,8.8,33.927658,-118.256273
760521,CENTRAL,105,W,FR,1,44000,37,8.8,33.92794,-118.256279
760525,COMPTON,105,W,HV,1,,37,9.5,33.928838,-118.244115
760532,WILMINGTON,105,W,HV,1,,37,10.1,33.928184,-118.233573
760535,WILMINGTON,105,W,ML,3,,37,10.1,33.928184,-118.233573
760545,BULLIS,105,W,HV,1,44574,37,12.1,33.921331,-118.201425
760550,HARRIS,105,W,HV,1,44574,37,12.6,33.918043,-118.193865
760558,LONG BEACH 1,105,W,ML,4,44574,37,11.4,33.926113,-118.212249
760561,LONG BEACH 1,105,W,HV,1,44574,37,11.4,33.926113,-118.212249
760568,LONG BEACH 2,105,W,ML,3,44574,37,11.6,33.924777,-118.209134
760572,LONG BEACH 2,105,W,HV,1,44574,37,11.6,33.924777,-118.209134
760574,LONG BEACH 2,105,W,FR,1,44574,37,11.6,33.924777,-118.209134
760580,E/O FACADE,105,W,HV,1,55618,37,14.4,33.911652,-118.164198
760585,MERKEL,105,W,HV,1,73080,37,14.9,33.912441,-118.155588
760586,MERKEL,105,W,FR,1,73080,37,14.9,33.912441,-118.155588
760597,FM 710 NB,105,W,OR,1,44574,37,13.01,33.915511,-118.187405
760598,FM 710 NB,105,W,HV,1,44574,37,13.01,33.915511,-118.187405
760599,FM 710 NB,105,W,ML,3,44574,37,13.01,33.915511,-118.187405
760604,FM 710 SB,105,W,HV,1,44574,37,13.21,33.914378,-118.184198
760606,FM 710 SB,105,W,ML,3,44574,37,13.21,33.914378,-118.184198
760608,FM 710 SB,105,W,OR,1,44574,37,13.21,33.914378,-118.184198
760617,GARFIELD 1,105,W,HV,1,44574,37,13.8,33.911423,-118.174572
760619,GARFIELD 1,105,W,ML,3,44574,37,13.8,33.911423,-118.174572
760624,GARFIELD 1,105,W,FF,3,44574,37,13.8,33.911423,-118.174572
760635,11TH,110,S,ML,6,44000,37,21.53,34.040612,-118.27373
760643,8TH,110,S,ML,5,44000,37,22.24,34.04828,-118.266145
760646,8TH,110,S,FR,1,44000,37,22.25,34.048366,-118.266006
760650,AMADOR,110,S,ML,5,44000,37,24.93,34.074472,-118.233103
760656,TOPANGA CYN,118,W,FR,1,,37,35.331,34.277791,-118.604549
760661,TAMPA,118,W,FR,2,44000,37,38.051,34.272684,-118.558209
760666,RESEDA,118,W,FR,3,44000,37,39.361,34.27535,-118.535775
760672,HAYVENHURST,118,W,HV,1,44000,37,42.041,34.273353,-118.491355
760675,HAYVENHURST,118,W,FR,1,44000,37,42.041,34.273353,-118.491355
760677,WOODLEY,118,W,HV,1,44000,37,42.461,34.268987,-118.485999
760679,WOODLEY,118,E,FR,1,44000,37,42.461,34.268787,-118.486194
760686,PRINCETON/LA AVE,118,E,ML,2,49138,111,20.289,34.292788,-118.854026
760693,COLLINS,118,E,ML,2,49138,111,20.849,34.293197,-118.84425
760696,COLLINS,118,E,FR,2,49138,111,20.849,34.293197,-118.84425
760706,ROCKY PEAK 2,118,W,ML,4,,111,33.461,34.269157,-118.634264
760708,ROCKY PEAK 2,118,E,FR,2,,111,33.461,34.268955,-118.634171
760718,STEARNS 2,118,E,ML,4,72016,111,29.911,34.28146,-118.68836
760726,STEARNS 1,118,E,ML,4,72016,111,29.721,34.281486,-118.691694
760730,STEARNS SB,118,E,FR,2,72016,111,29.721,34.281486,-118.691694
760738,TAPO CYN 2,118,E,ML,4,72016,111,28.411,34.281529,-118.714692
760746,TAPO CYN 1,118,E,ML,4,72016,111,28.221,34.281623,-118.718019
760749,TAPO CYN SB,118,E,FR,2,72016,111,28.221,34.281623,-118.718019
760756,SYCAMORE 2,118,E,ML,3,72016,111,26.911,34.28213,-118.740869
760765,SYCAMORE 1,118,E,ML,3,72016,111,26.711,34.282139,-118.744365
760767,SYCAMORE SB,118,E,FR,2,72016,111,26.711,34.282139,-118.744365
760774,ERRINGER 2,118,E,ML,3,72016,111,25.901,34.282158,-118.75852
760782,ERRINGER 1,118,E,ML,3,72016,111,25.711,34.282158,-118.761848
760786,ERRINGER SB,118,E,FR,2,72016,111,25.711,34.282158,-118.761848
760794,FIRST 2,118,E,ML,3,72016,111,24.901,34.28215,-118.776188
760801,FIRST 1,118,E,ML,3,72016,111,24.711,34.282155,-118.779539
760806,FIRST SB,118,E,FR,2,72016,111,24.711,34.282155,-118.779539
760812,MADERA 1,118,E,ML,2,72016,111,23.861,34.284287,-118.793847
760814,MADERA 2,118,E,ML,2,72016,111,24.111,34.28279,-118.789901
760826,TOPANGA CYN,118,E,FR,2,,37,35.241,34.27773,-118.606073
760827,TOPANGA CYN,118,W,HV,1,,37,35.241,34.277998,-118.606079
760828,TOPANGA CYN,118,W,ML,4,,37,35.241,34.277998,-118.606079
760832,DE SOTO,118,W,HV,1,44000,37,36.331,34.273553,-118.588111
760835,TAMPA,118,W,HV,1,44000,37,38.051,34.272684,-118.558209
760837,TAMPA,118,E,FR,2,44000,37,38.211,34.272223,-118.555464
760840,RESEDA,118,W,HV,1,44000,37,39.181,34.274745,-118.538826
760842,RESEDA,118,E,FR,2,44000,37,39.361,34.275083,-118.535822
760844,BALBOA 1,118,W,HV,1,44000,37,41.211,34.27815,-118.504149
760860,COLLINS,118,W,FR,2,49138,111,20.819,34.293436,-118.844767
760869,MADERA 1,118,W,ML,3,72016,111,23.791,34.285131,-118.79486
760871,MADERA,118,W,FR,3,72016,111,23.791,34.285131,-118.79486
760875,KUEHNER,118,W,FR,2,72016,111,31.311,34.279351,-118.664241
760892,STEARNS 1,118,W,ML,4,72016,111,29.601,34.28177,-118.693769
760900,TAPO CYN 2,118,W,ML,4,72016,111,28.281,34.281851,-118.716955
760904,TAPO CYN NB,118,W,FR,2,72016,111,28.281,34.281851,-118.716955
760911,TAPO CYN 1,118,W,ML,4,72016,111,28.091,34.282189,-118.720254
760921,SYCAMORE 2,118,W,ML,3,72016,111,26.791,34.282439,-118.742964
760924,SYCAMORE NB,118,W,FR,2,72016,111,26.791,34.282439,-118.742964
760932,SYCAMORE 1,118,W,ML,3,72016,111,26.601,34.28243,-118.746287
760941,ERRINGER 2,118,W,ML,3,72016,111,25.781,34.28245,-118.760625
760944,ERRINGER NB,118,W,FR,2,72016,111,25.781,34.28245,-118.760625
760951,ERRINGER 1,118,W,ML,3,72016,111,25.601,34.282441,-118.7638
760959,FIRST 2,118,W,ML,3,72016,111,24.821,34.282447,-118.777608
760963,FIRST NB,118,W,FR,2,72016,111,24.821,34.282447,-118.777608
760971,FIRST 1,118,W,ML,3,72016,111,24.551,34.282452,-118.782329
760975,CAHUENGA,134,E,HV,1,44000,37,0.95,34.153063,-118.359904
760987,HOLLYWOOD WAY,134,E,ML,4,44000,37,2.11,34.153535,-118.339979
760989,HOLLYWOOD WAY,134,E,HV,1,44000,37,2.11,34.153535,-118.339979
760994,BUENA VISTA,134,E,HV,1,8954,37,3.04,34.154023,-118.324031
761003,FOREST LAWN,134,E,ML,4,44000,37,3.88,34.155121,-118.309741
761005,SAN FERNANDO,134,E,HV,1,30000,37,6.1,34.154438,-118.272455
761009,PACIFIC,134,E,HV,1,30000,37,6.48,34.155877,-118.266072
761014,BRAND,134,E,HV,1,30000,37,7.41,34.156268,-118.25012
761016,VINELAND AVE,134,E,ML,4,44000,37,0.59,34.153108,-118.366127
761017,VINELAND AVE,134,E,HV,1,44000,37,0.59,34.153108,-118.366127
761022,ALAMEDA SB,134,W,HV,1,44000,37,1.9,34.154195,-118.343722
761025,BUENA VISTA,134,W,HV,1,8954,37,2.86,34.153625,-118.327063
761027,FOREST LAWN,134,W,HV,1,44000,37,3.75,34.154816,-118.311893
761031,RIVERSIDE,134,W,HV,1,44000,37,4.69,34.15564,-118.29597
761033,RIVERSIDE,134,E,HV,1,44000,37,4.69,34.155439,-118.295974
761035,HARVEY,134,W,HV,1,30000,37,8.743,34.148123,-118.229499
761038,GLENDALE 1,134,W,HV,1,30000,37,7.673,34.156447,-118.245195
761039,GLENDALE 1,134,W,FR,2,30000,37,7.673,34.156447,-118.245195
761041,CENTRAL,134,W,HV,1,30000,37,6.693,34.156458,-118.262159
761044,PACIFIC,134,W,HV,1,30000,37,6.503,34.156198,-118.265345
761046,PACIFIC,134,W,OR,1,30000,37,6.503,34.156198,-118.265345
761049,PACIFIC,134,W,FR,1,30000,37,6.503,34.156198,-118.265345
761052,SAN FERNANDO,134,W,OR,1,30000,37,5.983,34.154235,-118.274159
761056,SAN FERNANDO,134,W,FR,1,30000,37,5.983,34.154235,-118.274159
761061,OXNARD,170,S,HV,1,44000,37,3.686,34.178734,-118.394967
761066,VICTORY 1,170,S,HV,1,44000,37,4.246,34.185249,-118.400787
761070,VICTORY 2,170,S,ML,4,44000,37,4.386,34.187159,-118.401618
761076,VICTORY 2,170,S,HV,1,44000,37,4.386,34.187159,-118.401618
761077,VICTORY 2,170,S,FR,1,44000,37,4.386,34.187159,-118.401618
761079,SHERMAN WAY,170,S,HV,1,44000,37,5.276,34.19999,-118.403413
761081,ROSCOE 1,170,S,HV,1,44000,37,6.706,34.219986,-118.409792
761085,ROSCOE 2,170,S,HV,1,44000,37,6.886,34.222738,-118.410536
761088,ROSCOE WB,170,S,OR,1,44000,37,6.886,34.222738,-118.410536
761091,MOUNTAIN 2,210,E,FR,2,56000,37,24.16,34.160546,-118.158748
761093,MARENGO,210,E,HV,1,56000,37,25.72,34.151691,-118.142523
761098,LAKE 2,210,E,HV,1,56000,37,26.47,34.151658,-118.12944
761102,HILL 1,210,E,HV,1,56000,37,27.14,34.152187,-118.117782
761105,ALLEN,210,E,HV,1,56000,37,27.63,34.152301,-118.109239
761109,SAN GABRIEL,210,E,HV,1,56000,37,28.68,34.151406,-118.091041
761112,SIERRA MADRE V2,210,E,HV,1,56000,37,29.44,34.147621,-118.079037
761115,BALDWIN,210,E,HV,1,2462,37,31.239,34.148636,-118.048053
761117,SANTA ANITA 2,210,E,HV,1,2462,37,32.349,34.146752,-118.029146
761126,HUNTINGTON 1,210,E,HV,1,48648,37,33.149,34.140676,-118.017243
761128,HUNTINGTON 1,210,E,ML,4,48648,37,33.149,34.140676,-118.017243
761130,HUNTINGTON WB,210,E,FR,3,48648,37,33.149,34.140676,-118.017243
761138,HUNTINGTON 2,210,E,HV,1,48648,37,33.379,34.138178,-118.014556
761141,HUNTINGTON 2,210,E,ML,4,48648,37,33.379,34.138178,-118.014556
761149,MYRTLE AV,210,E,HV,1,48648,37,34.439,34.135316,-117.996727
761152,MYRTLE AV,210,E,ML,4,48648,37,34.439,34.135316,-117.996727
761154,MYRTLE AV,210,E,FR,2,48648,37,34.439,34.135316,-117.996727
761161,MOUNTAIN,210,E,HV,1,19990,37,35.409,34.135219,-117.979798
761165,MOUNTAIN,210,E,ML,4,19990,37,35.409,34.135219,-117.979798
761167,MOUNTAIN,210,E,FR,1,19990,37,35.409,34.135219,-117.979798
761174,BUENA VISTA,210,E,HV,1,19990,37,35.649,34.135237,-117.975628
761177,BUENA VISTA,210,E,ML,5,19990,37,35.649,34.135237,-117.975628
761188,MOUNT OLIVE DR / 605,210,E,HV,1,19990,37,36.619,34.13449,-117.958916
761191,MOUNT OLIVE DR / 605,210,E,ML,4,19990,37,36.619,34.13449,-117.958916
761199,IRWINDALE,210,E,HV,1,36826,37,38.298,34.130297,-117.931111
761206,IRWINDALE,210,E,ML,4,36826,37,38.298,34.130297,-117.931111
761214,VERNON,210,E,HV,1,36826,37,39.339,34.125143,-117.915079
761220,VERNON,210,E,ML,4,36826,37,39.339,34.125143,-117.915079
761222,AZUSA 2,210,E,HV,1,3386,37,39.999,34.120654,-117.905646
761228,CITRUS SB,210,E,FR,2,3386,37,40.849,34.12079,-117.890867
761240,CITRUS 2,210,E,HV,1,3386,37,40.989,34.120764,-117.88843
761242,GRAND AV,210,E,HV,1,30014,37,41.979,34.120461,-117.871209
761318,LAKE 1,210,W,HV,1,56000,37,26.12,34.15195,-118.13555
761322,HILL,210,W,HV,1,56000,37,26.8,34.152357,-118.123714
761325,SIERRA MADRE V1,210,W,HV,1,56000,37,29.17,34.148074,-118.08377
761327,MICHILLINDA,210,W,HV,1,2462,37,30.139,34.148876,-118.066773
761329,BALDWIN 1,210,W,HV,1,2462,37,30.779,34.14889,-118.055903
761337,HUNTINGTON 1,210,W,FR,1,48648,37,33.049,34.141791,-118.018365
761339,HUNTINGTON 1,210,W,HV,1,48648,37,33.049,34.141791,-118.018365
761342,HUNTINGTON 1,210,W,ML,4,48648,37,33.049,34.141791,-118.018365
761353,MYRTLE AV,210,W,HV,1,48648,37,34.049,34.135576,-118.003558
761356,MYRTLE AV,210,W,ML,4,48648,37,34.049,34.135576,-118.003558
761363,MOUNTAIN AV,210,W,HV,1,48648,37,34.899,34.135547,-117.988695
761366,MOUNTAIN / CENTRAL,210,W,OR,1,48648,37,34.899,34.135547,-117.988695
761371,BUENA VISTA,210,W,HV,1,19990,37,35.409,34.135484,-117.97979
761374,BUENA VISTA,210,W,ML,4,19990,37,35.409,34.135484,-117.97979
761377,BUENA VISTA,210,W,FR,1,19990,37,35.409,34.135484,-117.97979
761380,MOUNT OLIVE DR / 605,210,W,HV,1,19990,37,36.589,34.13492,-117.959306
761382,IRWINDALE 1,210,W,HV,1,36826,37,38.069,34.129595,-117.935
761384,IRWINDALE 2,210,W,HV,1,36826,37,38.208,34.130142,-117.932676
761386,AZUSA 1,210,W,HV,1,3386,37,39.809,34.120999,-117.908877
761388,AZUSA 2,210,W,HV,1,3386,37,39.909,34.120813,-117.90718
761390,CITRUS,210,W,HV,1,3386,37,40.549,34.121161,-117.896071
761396,LONE HILL AV,210,W,HV,1,30014,37,44.389,34.121259,-117.830969
761397,LONE HILL AV,210,W,FR,2,30014,37,44.389,34.121259,-117.830969
761400,LONE HILL AV,210,W,OR,1,30014,37,44.389,34.121259,-117.830969
761410,ARROW HWY,57,N,FR,2,66070,37,22.437,34.104337,-117.820298
761412,ARROW HWY,57,N,OR,1,66070,37,22.437,34.104337,-117.820298
761423,COVINA BL,57,N,FR,2,66070,37,21.957,34.097462,-117.819268
761426,COVINA BL,57,N,OR,1,66070,37,21.957,34.097462,-117.819268
761428,ROSEMEAD 2,210,W,HV,1,,37,29.999,34.148823,-118.069206
761431,ROSEMEAD 1,210,W,HV,1,,37,29.879,34.148737,-118.071321
761435,WESTERN,405,N,HV,1,44000,37,38.112,33.859955,-118.307741
761439,VAN NESS,405,N,HV,1,80000,37,38.732,33.862176,-118.318174
761440,VAN NESS,405,S,HV,1,80000,37,38.732,33.861991,-118.318254
761441,CRENSHAW BLVD,405,N,HV,1,80000,37,39.202,33.86453,-118.3259
761444,ARTESIA 2,405,N,HV,1,80000,37,40.432,33.873958,-118.342856
761445,ARTESIA 2,405,S,HV,1,80000,37,40.432,33.873847,-118.343065
761448,137TH STREET,405,N,HV,1,32548,37,43.342,33.906863,-118.370302
761452,EL SEGUNDO 2,405,N,HV,1,,37,44.162,33.918874,-118.36955
761455,EL SEGUNDO 2,405,N,ML,4,,37,44.162,33.918874,-118.36955
761468,IMPERIAL EB,405,N,OR,1,,37,44.872,33.928938,-118.368232
761482,CENTURY 1,405,N,ML,6,36546,37,46.452,33.951752,-118.368991
761492,CENTURY 2,405,N,ML,6,36546,37,46.472,33.952042,-118.369045
761500,BRADDOCK,405,S,ML,5,44000,37,50.612,33.998479,-118.407756
761511,SHERMAN WAY,405,N,FR,1,44000,37,66.232,34.202543,-118.473233
761523,NORMANDIE 1,405,S,HV,1,44000,37,37.582,33.859717,-118.298546
761526,NORMANDIE 1,405,S,ML,4,44000,37,37.582,33.859717,-118.298546
761527,NORMANDIE NB,405,S,FR,1,44000,37,37.582,33.859717,-118.298546
761531,N YUKON AVE,405,S,HV,1,80000,37,39.772,33.867122,-118.335344
761532,YUKON,405,N,HV,1,80000,37,39.772,33.867312,-118.335177
761538,EL SEGUNDO 1,405,S,HV,1,,37,44.072,33.91767,-118.370052
761541,EL SEGUNDO 1,405,S,ML,4,,37,44.072,33.91767,-118.370052
761548,125TH,405,S,HV,1,,37,44.372,33.921786,-118.369125
761552,125TH,405,S,ML,4,,37,44.372,33.921786,-118.369125
761585,ROSCOE 2,170,S,FR,1,44000,37,6.886,34.222738,-118.410536
761592,RESEDA,118,E,HV,1,44000,37,39.361,34.275083,-118.535822
761594,MADERA SB,118,E,FR,3,72016,111,23.861,34.284287,-118.793847
761599,COLORADO,5,N,ML,5,44000,37,142.533,34.142573,-118.277948
761604,N OF 134,5,N,ML,4,44000,37,143.513,34.153792,-118.286458
761608,LAKE HUGHES,5,N,FR,2,,37,176.01,34.497131,-118.624674
761621,ROXFORD,5,S,FR,1,44000,37,158.99,34.300684,-118.477275
761623,Magic Mtn Pkwy,5,S,FR,1,69088,37,169.747,34.420911,-118.582284
761635,CALGROVE,5,N,FR,1,69088,37,165.61,34.364506,-118.555784
761638,SAN FERNANDO 1,5,N,FR,2,44000,37,156.803,34.275954,-118.451881
761642,PAXTON,5,N,FR,1,44000,37,155.943,34.266064,-118.442825
761644,TUXFORD,5,N,ML,4,44000,37,151.373,34.226627,-118.383614
761649,SUNLAND,5,N,FR,1,44000,37,150.213,34.222028,-118.36487
761652,DEL AMO EB,605,N,FR,1,39892,37,4.842,33.844957,-118.091715
761655,ALONDRA EB,605,N,FR,2,12552,37,7.822,33.886691,-118.104261
761675,IMPERIAL,605,N,ML,4,52526,37,9.852,33.916153,-118.104585
761676,IMPERIAL EB,605,N,FR,2,52526,37,9.952,33.917599,-118.104527
761734,ALONDRA,710,N,ML,5,15044,37,9.14,33.891258,-118.18823
761735,ALONDRA,710,N,FR,1,15044,37,9.14,33.891258,-118.18823
761757,ROSECRANS EB,710,S,FR,1,15044,37,9.94,33.9026,-118.18619
761761,FM RTE 105,710,S,ML,4,55618,37,10.29,33.906773,-118.182716
761767,FM RTE 105,710,S,OR,1,55618,37,10.29,33.906773,-118.182716
761776,IMPERIAL 2,710,S,ML,4,44574,37,11.987,33.93079,-118.178918
761778,IMPERIAL EB,710,S,FR,1,44574,37,11.927,33.92992,-118.178962
761790,ATLANTIC NB,710,S,OR,1,4870,37,16.687,33.994201,-118.176658
761844,WARDLOW,605,N,ML,4,43000,37,3.082,33.821171,-118.081273
761851,COMPTON,710,S,ML,6,15044,37,9.42,33.8953,-118.187843
762329,COLORADO BLVD,2,W,ML,4,44000,37,10.799,34.138775,-118.228707
762347,ARTESIA,5,S,ML,4,8786,37,116.6,33.875077,-118.012367
762353,SPRING ST,5,N,ML,4,69154,37,118.663,33.890697,-118.041009
762355,VALLEY VIEW,5,N,FR,1,40032,37,117.743,33.8834,-118.027451
762357,BLOOMFIELD,5,N,FR,1,52526,37,120.353,33.905186,-118.065055
762359,ORR AND DAY,5,N,FR,1,52526,37,122.833,33.93311,-118.091005
762378,WASHINGTON 2,5,N,FR,1,14974,37,128.403,33.997786,-118.146738
762398,OSMOND,5,S,ML,4,40032,37,116.77,33.876316,-118.014605
762404,ECHANDIA,10,E,HV,1,44000,37,16.759,34.055167,-118.216535
762405,ECHANDIA,10,W,HV,1,44000,37,16.759,34.055356,-118.216546
762408,SAINT LOUIS,10,E,HV,1,44000,37,17.25,34.053806,-118.208214
762409,SAINT LOUIS,10,W,HV,1,44000,37,17.25,34.053995,-118.208218
762410,TREMONT,10,E,HV,1,44000,37,17.81,34.055193,-118.198785
762413,TREMONT,10,W,HV,1,44000,37,17.81,34.055448,-118.19888
762422,INDIANA,10,E,HV,1,44000,37,18.16,34.055306,-118.192689
762423,INDIANA,10,W,HV,1,44000,37,18.16,34.055573,-118.192729
762432,HERBERT,10,W,HV,1,44000,37,18.55,34.055551,-118.185914
762435,EASTERN,10,E,HV,1,,37,19.29,34.059959,-118.174416
762436,EASTERN,10,W,HV,1,,37,19.29,34.060186,-118.174504
762438,SOTO,10,E,HV,1,44000,37,17.53,34.05411,-118.203478
762441,CAMPUS,10,E,OR,1,,37,19.54,34.061366,-118.170554
762447,WARWICK,10,E,HV,1,884,37,20.51,34.065882,-118.155495
762449,MARENGO,10,E,HV,1,884,37,21.41,34.071251,-118.141723
762451,ATLANTIC 2,10,E,HV,1,884,37,21.88,34.071342,-118.133569
762453,GARFIELD 2,10,E,HV,1,884,37,22.529,34.07146,-118.12223
762455,NEW 2,10,E,HV,1,48914,37,23.37,34.07168,-118.107635
762457,DEL MAR 2,10,E,HV,1,62896,37,23.89,34.071766,-118.098584
762459,SAN GABRIEL 2,10,E,HV,1,62896,37,24.39,34.07186,-118.089866
762461,WALNUT GROVE,10,E,HV,1,62896,37,24.81,34.071945,-118.082543
762463,ROSEMEAD 2,10,E,HV,2,22230,37,25.44,34.072083,-118.071554
762467,FLAIR,10,E,HV,2,22230,37,25.62,34.072106,-118.068405
762468,FLAIR,10,W,HV,1,22230,37,25.63,34.07251,-118.068233
762470,BALDWIN,10,W,HV,1,22230,37,26.59,34.072302,-118.051535
762472,BUS STATE,10,W,HV,1,44000,37,17.0,34.055122,-118.212293
762474,MILLER,10,W,HV,1,,37,19.16,34.059334,-118.176508
762480,WINTHROPE,10,W,HV,2,884,37,20.22,34.063934,-118.160163
762482,WARWICK,10,W,HV,2,884,37,20.53,34.066326,-118.155441
762484,HELLMAN,10,W,HV,1,884,37,20.8,34.068501,-118.151418
762486,MARENGO,10,W,HV,2,884,37,21.32,34.071793,-118.143409
762488,GARFIELD 1,10,W,HV,2,884,37,22.45,34.071803,-118.123604
762491,ALMANSOR,10,W,HV,2,884,37,22.81,34.071889,-118.117349
762492,ALMANSOR,10,E,HV,2,884,37,22.82,34.071574,-118.11718
762494,NEW 1,10,W,HV,1,884,37,23.3,34.072021,-118.108838
762496,DEL MAR 1,10,W,HV,1,67042,37,23.77,34.072192,-118.100669
762498,SAN GABRIEL 1,10,W,HV,2,62896,37,24.3,34.072221,-118.091434
762500,WALNUT GROVE,10,W,HV,2,62896,37,24.792,34.072342,-118.082856
762502,ROSEMEAD 1,10,W,HV,1,62896,37,25.29,34.072457,-118.074173
762504,TEMPLE CITY,10,W,HV,2,22230,37,26.13,34.072661,-118.059491
762508,SLAUSON,110,N,HV,2,44000,37,17.9,33.989159,-118.280238
762517,STUDEBAKER,405,N,HV,1,43000,37,24.548,33.791829,-118.100867
762518,STUDEBAKER,405,S,HV,1,43000,37,24.548,33.79164,-118.10099
762520,PALO VERDE,405,N,HV,1,43000,37,25.048,33.796718,-118.107431
762523,WOODRUFF,405,N,HV,1,43000,37,25.678,33.802431,-118.115997
762526,BELLFLOWER 2,405,N,HV,1,43000,37,26.398,33.802865,-118.128314
762528,CHERRY 1,405,N,HV,1,43000,37,28.758,33.813266,-118.166414
762531,CHERRY 2,405,N,HV,1,43000,37,28.868,33.813802,-118.168227
762533,ORANGE,405,N,HV,1,71876,37,29.408,33.814416,-118.177538
762535,ATLANTIC 1,405,N,HV,1,71876,37,29.762,33.814996,-118.183577
762538,SANTA FE,405,N,HV,1,43000,37,31.792,33.825614,-118.215047
762541,ALAMEDA,405,N,HV,1,43000,37,32.462,33.825518,-118.226232
762543,WILMINGTON,405,N,HV,1,11530,37,33.242,33.825976,-118.240051
762545,CARSON,405,N,HV,1,11530,37,34.432,33.832936,-118.25697
762547,VERMONT,405,N,HV,1,,37,37.082,33.859338,-118.289828
762549,NORMANDIE1,405,N,HV,1,44000,37,37.582,33.859963,-118.298466
762552,REDONDO BEACH,405,N,HV,1,40886,37,40.782,33.878338,-118.345949
762553,REDONDO BEACH,405,S,HV,1,40886,37,40.782,33.878203,-118.346171
762555,ROSECRANS 1,405,N,HV,1,32548,37,42.932,33.900921,-118.370315
762557,ROSECRANS 2,405,N,HV,1,32548,37,43.132,33.903819,-118.370313
762559,EL SEGUNDO 1,405,N,HV,1,32548,37,43.902,33.915198,-118.370234
762561,122ND,405,N,HV,1,,37,44.372,33.921751,-118.368902
762565,BURBANK 2,405,N,HV,1,44000,37,64.102,34.172831,-118.467569
762567,VICTORY,405,N,HV,1,44000,37,65.252,34.188192,-118.474075
762569,SHERMAN WAY,405,N,HV,1,44000,37,66.232,34.202543,-118.473233
762571,ROSCOE,405,N,HV,1,44000,37,67.642,34.222979,-118.473083
762573,NORDHOFF,405,N,HV,1,44000,37,68.642,34.237367,-118.472933
762576,STEARNS,405,S,HV,1,43000,37,24.848,33.794536,-118.10487
762578,WOODRUFF,405,S,HV,1,43000,37,25.448,33.800308,-118.112651
762580,BELLFLOWER 1,405,S,HV,1,43000,37,26.138,33.802629,-118.12381
762582,BELLFLOWER 2,405,S,HV,1,43000,37,26.398,33.802649,-118.128338
762584,CHERRY 1,405,S,HV,1,43000,37,28.758,33.813053,-118.166482
762586,ORANGE,405,S,HV,1,43000,37,29.328,33.814193,-118.176143
762588,ATLANTIC 1,405,S,HV,1,71876,37,29.772,33.814807,-118.183838
762590,ATLANTIC 2,405,S,HV,1,71876,37,29.922,33.815698,-118.186295
762592,LONG BEACH,405,S,HV,1,43000,37,30.192,33.818022,-118.190184
762594,SANTA FE,405,S,HV,1,43000,37,31.822,33.825332,-118.215513
762596,ALAMEDA,405,S,HV,1,43000,37,32.402,33.825229,-118.225244
762598,WILMINGTON,405,S,HV,1,11530,37,33.242,33.825757,-118.24005
762600,ROSECRANS1,405,S,HV,1,32548,37,42.932,33.90085,-118.370549
762602,ROSCOE,405,S,HV,1,44000,37,67.452,34.220042,-118.473313
762604,NORDHOFF,405,S,HV,1,44000,37,68.432,34.234235,-118.473205
762606,DEVONSHIRE 1,405,S,HV,1,44000,37,69.872,34.255035,-118.472413
762608,DEVONSHIRE 2,405,S,HV,1,44000,37,69.982,34.256625,-118.472419
762610,ALONDRA 1,605,N,HV,1,12552,37,7.822,33.886691,-118.104261
762612,ALONDRA 2,605,N,HV,1,12552,37,7.972,33.888878,-118.104376
762616,IMPERIAL,605,N,HV,1,52526,37,9.852,33.916153,-118.104585
762619,PLACITA,605,N,HV,1,69154,37,12.962,33.958124,-118.087014
762620,PLACITA,605,S,HV,1,69154,37,12.962,33.958207,-118.087265
762622,S OF WASHINGTON,605,N,HV,1,,37,14.042,33.972857,-118.080336
762624,WHITTIER 1,605,N,HV,1,,37,15.532,33.992148,-118.069414
762627,BEVERLY 2,605,N,HV,1,56924,37,16.562,34.005361,-118.06248
762629,NOYES,605,S,HV,1,,37,16.942,34.009472,-118.058066
762631,NOYES,605,N,HV,1,,37,16.942,34.009316,-118.057906
762634,ROSE HILL2,605,N,HV,1,56924,37,17.712,34.018698,-118.051437
762637,PECK 2,605,N,HV,1,36490,37,18.812,34.028108,-118.035925
762640,S OF 60,605,N,HV,1,36490,37,19.152,34.030914,-118.031047
762641,S OF 60,605,S,HV,1,36490,37,19.152,34.031082,-118.03122
762643,VALLEY 1,605,N,HV,1,,37,21.417,34.053746,-118.004464
762645,VALLEY 2,605,N,HV,1,,37,21.554,34.05556,-118.003436
762648,183RD,605,S,HV,1,12552,37,6.362,33.866067,-118.098862
762649,183RD,605,N,HV,1,12552,37,6.362,33.86612,-118.098646
762652,N OF 91 (3),605,S,HV,1,12552,37,7.482,33.881753,-118.104077
762653,N OF 91 (3),605,N,HV,1,12552,37,7.482,33.881766,-118.103878
762655,ALONDRA 1,605,S,HV,1,12552,37,7.792,33.886248,-118.104435
762657,ALONDRA 2,605,S,HV,1,12552,37,7.932,33.888287,-118.10455
762659,ROSECRANS 1,605,S,HV,1,52526,37,8.772,33.900526,-118.105238
762661,ROSECRANS 2,605,S,HV,1,52526,37,8.892,33.902261,-118.105349
762663,IMPERIAL,605,S,HV,1,52526,37,9.952,33.917606,-118.104793
762665,FIRESTONE,605,S,HV,1,52526,37,10.392,33.923989,-118.104406
762667,FLORENCE,605,S,HV,1,19766,37,11.216,33.935212,-118.099885
762669,N OF 5,605,S,HV,1,19766,37,11.802,33.942967,-118.095825
762671,TELEGRAPH,605,S,HV,1,69154,37,12.412,33.950974,-118.091381
762673,WASHINGTON 1,605,S,HV,1,,37,14.012,33.972515,-118.080722
762675,WASHINGTON 2,605,S,HV,1,,37,14.172,33.974742,-118.079877
762678,ROSEHEDGE,605,S,HV,1,,37,15.052,33.985594,-118.072012
762679,ROSEHEDGE,605,N,HV,1,,37,15.052,33.9855,-118.071807
762681,WHITTIER 2,605,S,HV,1,85292,37,15.664,33.994073,-118.069196
762685,ROSE HILL1,605,S,HV,1,36490,37,17.532,34.01717,-118.05398
762686,ROSE HILL1,605,N,HV,1,36490,37,17.508,34.01677,-118.05412
762688,PECK 2,605,S,HV,1,36490,37,18.812,34.028263,-118.036063
763237,PASADENA,5,N,ML,4,44000,37,136.633,34.076978,-118.219273
763243,EXPOSITION1,110,S,HV,2,44000,37,19.73,34.015503,-118.281106
763246,EXPOSITION1,110,S,ML,4,44000,37,19.73,34.015503,-118.281106
763251,VERNON,110,S,ML,4,44000,37,18.82,34.002226,-118.28122
763256,SLAUSON,110,S,HV,2,44000,37,17.81,33.987824,-118.280807
763259,SLAUSON,110,S,ML,4,44000,37,17.81,33.987824,-118.280807
763264,GAGE,110,S,HV,2,44000,37,17.29,33.980182,-118.281036
763267,GAGE,110,S,ML,4,44000,37,17.29,33.980182,-118.281036
763272,76TH,110,S,HV,2,44000,37,16.51,33.968828,-118.28101
763275,76TH,110,S,ML,4,44000,37,16.51,33.968828,-118.28101
763280,76TH,110,N,HV,2,44000,37,16.51,33.968834,-118.280651
763283,MANCHESTER2,110,S,HV,2,44000,37,16.09,33.962692,-118.280984
763286,MANCHESTER2,110,S,ML,4,44000,37,16.09,33.962692,-118.280984
763291,MANCHESTER1,110,S,HV,2,44000,37,15.81,33.958616,-118.281057
763294,MANCHESTER1,110,S,ML,4,44000,37,15.81,33.958616,-118.281057
763299,IMPERIAL 1,110,S,ML,4,44000,37,13.74,33.928643,-118.281065
763304,IMPERIAL 1,110,N,ML,4,44000,37,13.74,33.928629,-118.280397
763309,EL SEGUNDO,110,S,ML,4,44000,37,12.69,33.914535,-118.286578
763314,ROSECRANS,110,S,ML,4,44000,37,11.66,33.899562,-118.286804
763323,FOREST LAWN,134,E,HV,1,44000,37,3.88,34.155121,-118.309741
763325,OVERLAND,10,W,ML,4,44000,37,4.305,34.031891,-118.416029
763330,ARLINGTON 1,10,W,ML,5,44000,37,10.075,34.036614,-118.31917
763336,OVERLAND,10,E,ML,4,44000,37,4.345,34.031647,-118.41534
763341,MANNING,10,W,ML,4,44000,37,5.065,34.029722,-118.403033
763346,ARLINGTON 2,10,E,ML,4,44000,37,10.295,34.03681,-118.315379
763354,190TH,110,N,ML,6,44000,37,9.14,33.863231,-118.284914
763361,ROSECRANS 2,110,N,ML,5,44000,37,11.9,33.903061,-118.2864
763367,EL SEGUNDO,110,N,ML,4,44000,37,12.79,33.915926,-118.285841
763372,IMPERIAL 2,110,N,ML,4,44000,37,14.22,33.93561,-118.27973
763377,IMPERIAL 2,110,S,ML,6,44000,37,14.22,33.935598,-118.280279
763384,CENTURY,110,N,ML,4,44000,37,15.03,33.947463,-118.279359
763389,MANCHESTER1,110,N,HV,2,44000,37,15.81,33.958618,-118.280545
763392,MANCHESTER1,110,N,ML,4,44000,37,15.81,33.958618,-118.280545
763397,MANCHESTER2,110,N,HV,2,44000,37,15.95,33.960648,-118.280531
763400,MANCHESTER2,110,N,ML,4,44000,37,15.95,33.960648,-118.280531
763405,FLORENCE,110,N,HV,2,44000,37,17.06,33.976848,-118.280643
763408,FLORENCE,110,N,ML,4,44000,37,17.06,33.976848,-118.280643
763413,FLORENCE,110,S,HV,2,44000,37,17.06,33.976848,-118.281038
763416,GAGE,110,N,HV,2,44000,37,17.61,33.984847,-118.280312
763419,GAGE,110,N,ML,4,44000,37,17.61,33.984847,-118.280312
763424,51ST,110,N,ML,4,44000,37,18.57,33.998622,-118.280613
763429,VERNON,110,N,ML,4,44000,37,19.09,34.006152,-118.280854
763434,KING,110,N,ML,4,44000,37,19.4,34.010617,-118.280787
763439,EXPOSITION2,110,N,ML,4,44000,37,19.93,34.018144,-118.279568
763444,EXPOSITION2,110,N,HV,2,44000,37,19.93,34.018144,-118.279568
763447,EXPOSITION2,110,S,ML,5,44000,37,19.93,34.018314,-118.280127
763453,LOS ANGELES,10,E,ML,4,44000,37,13.625,34.031145,-118.260012
763458,CENTRAL AVE,10,E,ML,4,44000,37,14.685,34.023654,-118.243938
763464,ROSECRANS 2,605,N,HV,1,52526,37,8.982,33.903565,-118.10513
763466,CLARK,91,W,HV,1,4982,37,9.218,33.876702,-118.132194
763468,S OF 5,710,N,ML,3,14974,37,18.167,34.014914,-118.172242
763473,ATLANTIC 1,91,E,HV,1,43000,37,5.778,33.876009,-118.191574
763475,ROSE HILL2,605,S,HV,1,56924,37,17.712,34.01886,-118.051593
763479,VIA VERDE,10,E,ML,5,,37,39.09,34.068106,-117.83743
763485,DUDLEY,10,W,ML,4,58072,37,42.35,34.072978,-117.784144
763490,CENTINELA AVE,10,W,ML,4,70000,37,1.965,34.027751,-118.456128
763498,JS GIBSON,110,N,ML,3,44000,37,1.58,33.758627,-118.28954
763502,Harry S. Bridges,110,N,ML,4,44000,37,2.77,33.772948,-118.279693
763507,ANAHEIM,110,N,ML,4,44000,37,3.31,33.78064,-118.280253
763512,PCH,110,N,ML,4,44000,37,4.1,33.791949,-118.282519
763517,SEPULVEDA 1,110,N,ML,4,,37,5.31,33.807904,-118.287726
763522,SEPULVEDA 2,110,N,ML,4,,37,5.53,33.81107,-118.287268
763527,220TH,110,N,ML,4,,37,6.77,33.82907,-118.28727
763532,TORRANCE,110,N,ML,4,,37,7.91,33.845433,-118.285155
763537,BREA CANYON,57,N,HV,1,,37,13.077,33.960273,-117.855729
763539,BREA CANYON,57,N,ML,4,,37,13.077,33.960273,-117.855729
763551,PATHFINDER,57,N,HV,1,19192,37,15.217,33.988721,-117.842841
763553,PATHFINDER,57,N,ML,4,19192,37,15.217,33.988721,-117.842841
763558,SUNSET CROSSING,57,N,ML,4,58072,37,17.087,34.032569,-117.808962
763563,TEMPLE 1,57,N,ML,4,58072,37,17.977,34.04332,-117.800771
763568,TEMPLE 2,57,N,ML,5,58072,37,18.167,34.04611,-117.800531
763573,TEMPLE 2,57,S,ML,4,58072,37,18.178,34.045058,-117.800792
763578,TEMPLE 1,57,S,ML,4,58072,37,17.874,34.040947,-117.802381
763583,SUNSET CROSSING,57,S,ML,3,19192,37,16.942,34.029739,-117.811086
763588,PATHFINDER,57,S,HV,1,19192,37,14.902,33.981951,-117.842186
763590,PATHFINDER,57,S,ML,4,19192,37,14.902,33.981951,-117.842186
763602,SANTA FE,91,E,HV,1,15044,37,4.478,33.873361,-118.213213
763604,CENTRAL 1,91,E,HV,1,11530,37,2.268,33.873496,-118.251545
763606,FIGUEROA,134,E,HV,1,44000,37,11.52,34.142229,-118.18445
763608,SAN RAFAEL,134,E,HV,1,56000,37,12.45,34.144583,-118.1678
763610,SAN RAFAEL,134,W,HV,1,56000,37,12.253,34.142896,-118.172193
763612,FIGUEROA,134,W,HV,1,44000,37,11.473,34.142674,-118.184801
763614,FAIR OAKS 1,210,E,HV,1,56000,37,25.12,34.15099,-118.152369
763616,LIVE OAK,605,S,ML,4,36826,37,25.398,34.106905,-117.982368
763621,REDONDO BEACH,110,S,ML,4,44000,37,11.04,33.890677,-118.285802
763626,REDONDO BEACH,110,N,ML,4,44000,37,11.15,33.892333,-118.285489
763634,IMPERIAL 1,105,E,HV,1,44000,37,1.8,33.929816,-118.373757
763641,RTE 14 CN -TRUCK RTE,5,N,ML,2,44000,37,162.01,34.333878,-118.508285
763649,LOMA VISTA,57,S,ML,4,66070,37,21.622,34.091304,-117.819676
763654,FAIRTON,605,N,HV,1,12552,37,8.342,33.894297,-118.104669
763656,FAIRTON,605,S,HV,1,12552,37,8.342,33.894293,-118.104912
763658,FOSTER,605,N,HV,1,52526,37,9.382,33.909354,-118.104924
763663,S OF 91,110,N,ML,5,44000,37,9.61,33.870044,-118.28482
763669,N OF 2,5,N,ML,4,44000,37,139.393,34.104688,-118.252741
763674,S OF 2,5,N,ML,4,44000,37,139.033,34.100954,-118.248419
763679,ARTESIA,605,S,HV,1,12552,37,6.952,33.87427,-118.101893
763683,N OF 10,605,N,ML,3,3666,37,22.042,34.062218,-118.000416
763687,S OF 10,605,S,HV,1,3666,37,22.042,34.062222,-118.000626
763689,S OF 10,605,S,ML,3,3666,37,22.042,34.062222,-118.000626
763693,N OF 5,605,N,HV,1,19766,37,11.802,33.942882,-118.09562
763695,SUNSET,10,E,ML,5,84200,37,33.4,34.072372,-117.935361
763700,EUCLID 1,5,N,ML,2,44000,37,132.763,34.027763,-118.210714
763706,FIDEL,5,S,ML,3,52526,37,119.37,33.896666,-118.052294
763710,INGLEWOOD,105,W,HV,1,32548,37,2.6,33.932384,-118.3602
763712,WRIGHT,105,W,ML,3,44574,37,13.2,33.91443,-118.184361
763716,STATE,105,W,HV,1,,37,10.9,33.929386,-118.220032
763720,FM RT 105,110,N,ML,4,44000,37,14.43,33.938699,-118.279654
763731,HOLLENBECK,10,W,ML,4,84200,37,35.5,34.072159,-117.898791
763748,SPRING,5,S,ML,3,69154,37,118.6,33.89061,-118.041088
763752,CENTURY,110,S,FR,1,44000,37,15.03,33.947456,-118.279712
763758,EXPOSITION1,110,S,FR,2,44000,37,19.73,34.015503,-118.281106
763761,KING BLVD,110,S,FR,1,44000,37,19.3,34.009215,-118.281288
763763,VERNON,110,S,FR,1,44000,37,18.82,34.002226,-118.28122
763765,SLAUSON,110,S,FR,1,44000,37,17.81,33.987824,-118.280807
763767,GAGE,110,S,FR,1,44000,37,17.29,33.980182,-118.281036
763769,EL SEGUNDO,110,S,FR,1,44000,37,12.69,33.914535,-118.286578
763771,DEL AMO 1,710,S,FR,1,43000,37,5.99,33.848404,-118.20545
763773,VERDUGO,5,S,FR,1,8954,37,145.47,34.176309,-118.30783
763775,VINELAND AVE,134,E,FR,1,44000,37,0.59,34.153108,-118.366127
763777,OVERLAND,10,W,FR,2,44000,37,4.305,34.031891,-118.416029
763781,LA BREA 1,10,W,FR,1,44000,37,8.085,34.034256,-118.353711
763785,VERMONT 2,10,W,FR,1,44000,37,11.795,34.03706,-118.289279
763789,VENICE,10,E,FR,1,44000,37,6.855,34.036314,-118.374796
763791,TRIGGS,5,N,FR,1,14974,37,129.656,34.011295,-118.161135
763793,EL SEGUNDO,110,N,FR,1,44000,37,12.79,33.915926,-118.285841
763795,MANCHESTER1,110,N,FR,2,44000,37,15.81,33.958618,-118.280545
763798,GAGE,110,N,FR,1,44000,37,17.61,33.984847,-118.280312
763800,VERNON,110,N,FR,1,44000,37,19.09,34.006152,-118.280854
763802,KING,110,N,FR,1,44000,37,19.4,34.010617,-118.280787
763810,OLIVE,5,N,FR,1,8954,37,145.903,34.179879,-118.312407
763812,BURBANK 2,5,N,FR,2,8954,37,146.603,34.187037,-118.320656
763814,GARFIELD,5,S,FR,1,14974,37,127.33,33.986224,-118.136014
763818,BURBANK,170,S,FR,1,44000,37,3.046,34.171634,-118.388333
763822,FOREST LAWN,134,W,FR,1,44000,37,3.75,34.154816,-118.311893
763825,BALBOA 1,118,W,FR,2,44000,37,41.211,34.27815,-118.504149
763828,VIA VERDE,10,E,FR,1,,37,39.09,34.068106,-117.83743
763830,TOWNE,10,E,FR,1,58072,37,44.728,34.077002,-117.74444
763832,INDIAN HILL,10,E,FR,1,13756,37,46.37,34.081722,-117.71693
763834,INDIAN HILL,10,W,FR,1,58072,37,46.1,34.081821,-117.721638
763836,JS GIBSON,110,N,FR,1,44000,37,1.58,33.758627,-118.28954
763838,Harry S. Bridges,110,N,FR,3,44000,37,2.77,33.772948,-118.279693
763842,ANAHEIM,110,N,FR,2,44000,37,3.31,33.78064,-118.280253
763845,SEPULVEDA 1,110,N,FR,1,,37,5.31,33.807904,-118.287726
763847,220TH,110,N,FR,1,,37,6.77,33.82907,-118.28727
763849,TORRANCE,110,N,FR,1,,37,7.91,33.845433,-118.285155
763854,PATHFINDER,57,N,FR,2,19192,37,15.217,33.988721,-117.842841
763857,TEMPLE EB,57,N,FR,3,58072,37,17.977,34.04332,-117.800771
763861,TEMPLE 2,57,S,FR,3,58072,37,18.172,34.044972,-117.8008
763864,SUNSET CROSSING,57,S,FR,2,19192,37,16.942,34.029739,-117.811086
763866,PATHFINDER,57,S,FR,2,19192,37,14.902,33.981951,-117.842186
763872,RESERVOIR,60,W,FR,2,58072,37,30.331,34.025038,-117.734229
763874,PHILLIPS RANCH,60,W,FR,1,58072,37,28.011,34.02492,-117.773748
763878,WALNUT,210,E,FR,1,56000,37,24.81,34.152216,-118.156144
763884,REDONDO BEACH,110,S,FR,1,44000,37,11.04,33.890677,-118.285802
763886,REDONDO BEACH,110,N,FR,2,44000,37,11.15,33.892333,-118.285489
763891,PRINCETON/LA AVE,118,W,FR,1,49138,111,20.289,34.293132,-118.854012
763893,LAKEWOOD1,105,E,FR,1,19766,37,15.6,33.9129,-118.143428
763895,GRAMERCY,10,E,FR,1,44000,37,10.425,34.036953,-118.313131
763897,WB 118 TO NB 5,5,N,FF,1,44000,37,156.143,34.26834,-118.444992
763908,SIERRA MADRE BLVD,210,E,FR,2,56000,37,28.28,34.152385,-118.0979
763917,ROBERTSON,10,W,OR,1,44000,37,5.655,34.029948,-118.392928
763923,CRENSHAW 1,10,W,OR,1,44000,37,9.045,34.035005,-118.337015
763935,THIRD,710,N,OR,1,,37,19.437,34.032849,-118.170134
763939,FM 105 EB,110,S,OR,1,44000,37,13.38,33.923435,-118.281525
763943,FM 105 WB,110,S,OR,1,44000,37,13.37,33.923292,-118.281555
763963,LA BREA 1,10,E,ML,4,44000,37,8.075,34.033989,-118.353882
763968,BREA CANYON,57,S,HV,1,,37,13.162,33.960374,-117.856055
763970,BREA CANYON,57,S,ML,4,,37,13.162,33.960374,-117.856055
763975,MALT,5,N,ML,4,14974,37,127.933,33.992305,-118.141915
763980,MALT,5,S,ML,4,14974,37,127.87,33.992211,-118.142079
763985,GARNISH,5,N,ML,4,19766,37,124.433,33.953085,-118.105015
763990,GARNISH,5,S,ML,4,19766,37,124.37,33.952949,-118.105163
763995,ROSCOE 1,170,N,ML,3,44000,37,6.706,34.220025,-118.409585
763999,FOSTER,605,S,HV,1,52526,37,9.352,33.908921,-118.10517
764001,FOSTER,605,S,ML,4,52526,37,9.352,33.908921,-118.10517
764019,BEVERLY 2,605,S,HV,1,56924,37,16.492,34.004792,-118.063514
764021,BEVERLY 2,605,S,ML,4,56924,37,16.492,34.004792,-118.063514
764026,HOOVER 2,10,E,ML,3,44000,37,12.215,34.037427,-118.282004
764032,ADAMS,110,N,ML,5,44000,37,20.53,34.026085,-118.275163
764037,ADAMS,110,S,ML,5,44000,37,20.53,34.026164,-118.275402
764050,20TH 1,10,W,ML,3,70000,37,0.775,34.022411,-118.475871
764054,PURDUE,10,E,ML,4,44000,37,3.055,34.030628,-118.437426
764059,PURDUE,10,W,ML,4,44000,37,3.055,34.030785,-118.437468
764064,ATHERWOOD,118,W,ML,3,72016,111,26.031,34.282447,-118.756252
764068,ATHERWOOD,118,E,ML,3,72016,111,26.031,34.28215,-118.756247
764072,CALDWELL,118,E,ML,3,72016,111,25.131,34.282147,-118.772116
764076,CALDWELL,118,W,ML,3,72016,111,25.131,34.28245,-118.77212
764081,E OF MADERA,118,E,ML,3,72016,111,24.331,34.2822,-118.786152
764085,E OF MADERA,118,W,ML,4,72016,111,24.331,34.282499,-118.786157
764089,AUTO CENTER,57,N,ML,5,66070,37,23.197,34.11626,-117.823987
764094,VIA VERDE,57,N,FR,2,66070,37,20.517,34.077854,-117.813757
764096,VIA VERDE,57,N,ML,5,66070,37,20.517,34.077854,-117.813757
764101,MAGNOLIA,170,S,ML,4,44000,37,2.346,34.163266,-118.382094
764106,BURBANK,170,N,ML,4,44000,37,3.046,34.171717,-118.388072
764130,FM 405 NB,10,E,ML,3,44000,37,3.585,34.03165,-118.428336
764135,MARENGO,210,W,HV,1,56000,37,25.68,34.152092,-118.143249
764137,MARENGO,210,W,ML,6,56000,37,25.68,34.152092,-118.143249
764144,SANTA ANITA 2,210,W,HV,1,2462,37,32.199,34.14791,-118.031417
764146,SANTA ANITA 2,210,W,ML,4,2462,37,32.199,34.14791,-118.031417
764151,BRANFORD 2,5,S,ML,4,44000,37,153.49,34.239278,-118.4168
764156,BRANFORD 2,5,N,ML,4,44000,37,153.553,34.239405,-118.416632
764161,COCHRAN,118,W,ML,4,72016,111,30.891,34.281084,-118.671219
764165,COCHRAN,118,E,ML,4,72016,111,30.891,34.28077,-118.671276
764169,STOW,118,W,ML,4,72016,111,30.231,34.281773,-118.682707
764173,STOW,118,E,ML,4,72016,111,30.231,34.281476,-118.682746
764177,KADOTA,118,W,ML,4,72016,111,29.231,34.281788,-118.700269
764181,KADOTA,118,E,ML,4,72016,111,29.231,34.281491,-118.700296
764185,TAPO ST,118,E,ML,4,72016,111,28.741,34.281508,-118.708898
764189,TAPO ST,118,W,ML,4,72016,111,28.741,34.281806,-118.708876
764193,COPPERFIELD,118,E,ML,3,72016,111,27.731,34.282131,-118.72654
764197,COPPERFIELD,118,W,ML,3,72016,111,27.731,34.282423,-118.726531
764201,E OF HOLT,10,W,ML,4,84200,37,37.9,34.068125,-117.857896
764206,W OF VIA VERDE,10,W,ML,4,,37,38.4,34.068452,-117.849214
764217,HOLLENBECK,10,E,ML,4,84200,37,35.5,34.071994,-117.898791
764222,MEEKER,10,E,ML,4,84200,37,32.5,34.071267,-117.950956
764227,MEEKER,10,W,ML,4,84200,37,32.5,34.071436,-117.950986
764232,FLORENCE,5,N,ML,3,52526,37,123.363,33.939747,-118.095531
764244,SYCAMORE,10,W,ML,4,44000,37,8.145,34.034301,-118.352667
764249,SYCAMORE,10,E,ML,4,44000,37,8.145,34.034036,-118.352661
764260,SAN FERNANDO,14,N,HV,1,44000,37,2.062,34.362535,-118.504833
764262,SAN FERNANDO,14,N,ML,3,44000,37,2.062,34.362535,-118.504833
764267,PLACERITA 2,14,N,HV,1,44000,37,3.482,34.379368,-118.491328
764269,PLACERITA 2,14,N,ML,3,44000,37,3.482,34.379368,-118.491328
764274,PLACERITA 1,14,N,HV,1,44000,37,3.262,34.377099,-118.494004
764276,PLACERITA 1,14,N,ML,3,44000,37,3.262,34.377099,-118.494004
764281,PLACERITA 1,14,S,HV,1,44000,37,3.092,34.375451,-118.49629
764283,PLACERITA 1,14,S,ML,3,44000,37,3.092,34.375451,-118.49629
764288,SIERRA HWY,14,S,HV,1,44000,37,3.332,34.377963,-118.493391
764290,SIERRA HWY,14,S,ML,3,44000,37,3.332,34.377963,-118.493391
764295,GOLDEN VALLEY,14,S,HV,1,44000,37,4.752,34.391522,-118.474877
764297,GOLDEN VALLEY,14,S,ML,3,44000,37,4.752,34.391522,-118.474877
764302,GOLDEN VALLEY,14,N,HV,1,44000,37,5.192,34.394808,-118.468198
764304,GOLDEN VALLEY,14,N,ML,3,44000,37,5.192,34.394808,-118.468198
764309,VIA PRINCESSA 1,14,S,HV,1,44000,37,5.932,34.401271,-118.457631
764311,VIA PRINCESSA 1,14,S,ML,3,44000,37,5.932,34.401271,-118.457631
764316,VIA PRINCESSA 2,14,N,HV,1,44000,37,6.322,34.404207,-118.451727
764318,VIA PRINCESSA 2,14,N,ML,3,44000,37,6.322,34.404207,-118.451727
764322,VIA PRINCESSA 2,14,S,ML,3,44000,37,6.322,34.404382,-118.451878
764336,ADAMS,110,N,FR,1,44000,37,20.53,34.026085,-118.275163
764338,MAGNOLIA,170,S,FR,1,44000,37,2.346,34.163266,-118.382094
764346,ALLEN,210,W,FR,2,56000,37,27.64,34.152648,-118.109062
764349,MARENGO,210,W,FR,1,56000,37,25.68,34.152092,-118.143249
764353,PLACERITA EB,14,N,FR,1,44000,37,3.262,34.377099,-118.494004
764355,GOLDEN VALLEY,14,S,FR,1,44000,37,4.752,34.391522,-118.474877
764357,GOLDEN VALLEY,14,N,FR,1,44000,37,5.192,34.394808,-118.468198
764359,VIA PRINCESSA 2,14,N,FR,1,44000,37,6.322,34.404207,-118.451727
764365,20TH 1,10,W,OR,1,70000,37,0.775,34.022411,-118.475871
764371,VIA VERDE,57,N,OR,1,66070,37,20.517,34.077854,-117.813757
764377,MAGNOLIA,170,S,OR,1,44000,37,2.346,34.163266,-118.382094
764386,CAMPUS TO 10 EB ONLY,57,N,OR,1,58072,37,19.117,34.059539,-117.804678
764393,FLORENCE,5,N,OR,1,52526,37,123.363,33.939747,-118.095531
764398,SAN FERNANDO,14,N,OR,1,44000,37,2.062,34.362535,-118.504833
764401,PLACERITA WB,14,N,OR,1,44000,37,3.482,34.379368,-118.491328
764403,PLACERITA EB,14,N,OR,1,44000,37,3.262,34.377099,-118.494004
764405,PLACERITA 1,14,S,OR,1,44000,37,3.092,34.375451,-118.49629
764407,SIERRA HWY,14,S,OR,1,44000,37,3.332,34.377963,-118.493391
764409,GOLDEN VALLEY,14,S,OR,1,44000,37,4.752,34.391522,-118.474877
764411,GOLDEN VALLEY,14,N,OR,1,44000,37,5.192,34.394808,-118.468198
764413,VIA PRINCESSA 1,14,S,OR,1,44000,37,5.932,34.401271,-118.457631
764415,VIA PRINCESSA 2,14,N,OR,1,44000,37,6.322,34.404207,-118.451727
764417,WESTERN 1,5,S,ML,4,30000,37,144.23,34.162761,-118.294541
764418,SOTO,60,W,ML,4,44000,37,0.624,34.029636,-118.217534
764420,CAMPUS,57,S,ML,3,58072,37,19.202,34.059467,-117.804897
764425,FIGUEROA,91,W,ML,3,44000,37,0.558,33.872808,-118.281181
764427,EXPOSITION2,110,S,HV,2,44000,37,19.93,34.018314,-118.280127
764430,ARLETA,170,N,ML,2,44000,37,7.356,34.230591,-118.409589
764435,TRIGGS,5,N,ML,4,14974,37,129.656,34.011295,-118.161135
764556,PACIFIC,405,S,HV,1,43000,37,30.992,33.824728,-118.201883
764559,VERMONT,405,S,HV,1,,37,37.082,33.85914,-118.289912
764561,ROSECRANS 2,405,S,HV,1,32548,37,43.132,33.903772,-118.370548
764563,EL SEGUNDO 2,405,S,HV,1,,37,44.162,33.918905,-118.369777
764565,AVALON,405,N,HV,1,11530,37,35.092,33.840237,-118.264144
764567,JEFFERSON,405,S,ML,4,,37,49.602,33.986242,-118.398076
764572,MANCHESTER 2,405,S,ML,5,36546,37,47.242,33.963142,-118.369897
764578,LA CIENEGA,405,S,ML,4,36546,37,47.382,33.965086,-118.370528
764583,LA CIENEGA,405,N,ML,4,36546,37,47.382,33.965167,-118.370291
764588,IMPERIAL WB,405,S,HV,1,44000,37,44.962,33.930217,-118.368535
764590,IMPERIAL WB,405,S,ML,5,44000,37,44.962,33.930217,-118.368535
764596,IMPERIAL EB,405,S,HV,1,,37,44.852,33.928621,-118.368522
764598,IMPERIAL EB,405,S,ML,5,,37,44.852,33.928621,-118.368522
764604,ARTESIA 1,405,S,ML,4,80000,37,40.242,33.871474,-118.341378
764609,CRENSHAW,405,S,HV,1,80000,37,39.282,33.864701,-118.327312
764611,190TH,405,S,HV,1,80000,37,38.292,33.85998,-118.31095
764613,190TH,405,N,HV,1,80000,37,38.292,33.86017,-118.310871
764615,SHERMAN WAY 2,405,S,HV,1,44000,37,66.222,34.202228,-118.473512
764622,LINDERO 2,101,S,ML,4,84438,37,38.912,34.149194,-118.804893
764627,LINDERO 1,101,S,ML,4,84438,37,38.702,34.148124,-118.801429
764632,PALO COMADO CYN,101,S,ML,4,394,37,35.092,34.143077,-118.739279
764637,LIBERTY CANYON RD 1,101,S,ML,4,,37,33.882,34.138582,-118.720114
764646,LAS VIRGENES 2,101,S,ML,4,90310,37,32.532,34.146784,-118.699337
764657,TRUCK SCALE 2,405,S,HV,1,11530,37,35.822,33.847883,-118.272889
764659,TRUCK SCALE 1,405,N,HV,1,11530,37,35.592,33.845809,-118.269724
764661,REDONDO,405,N,HV,1,43000,37,27.768,33.807173,-118.150983
764663,REDONDO,405,S,HV,1,43000,37,27.768,33.806934,-118.151138
764665,CLARK,405,S,HV,1,43000,37,26.688,33.802703,-118.13339
764667,CLARK,405,N,HV,1,43000,37,26.688,33.802923,-118.133344
764669,137TH,405,S,HV,1,32548,37,43.342,33.90684,-118.370538
764671,N OF 90,405,S,ML,4,17568,37,49.922,33.990121,-118.401139
764676,LONG BEACH,405,N,HV,1,71876,37,30.042,33.816753,-118.18802
764680,PACIFIC,405,S,FR,1,43000,37,30.992,33.824728,-118.201883
764682,EL SEGUNDO WB,405,N,FR,1,,37,44.162,33.918874,-118.36955
764684,VINELAND,101,S,FR,2,44000,37,12.518,34.147297,-118.371049
764686,JEFFERSON,405,S,FR,3,,37,49.602,33.986242,-118.398076
764690,SUNSET,405,N,FR,1,44000,37,56.732,34.07238,-118.466123
764692,MORAGA,405,N,FR,1,44000,37,57.192,34.077939,-118.470493
764694,GETTY / SEPULVEDA,405,N,FR,1,44000,37,58.482,34.095833,-118.476524
764696,SKIRBALL/MULHOLLAND,405,N,FR,1,44000,37,60.702,34.125144,-118.47636
764700,CENTURY 1,405,N,FR,3,36546,37,46.452,33.951752,-118.368991
764704,LA CIENEGA,405,S,FR,1,36546,37,47.382,33.965086,-118.370528
764706,EL SEGUNDO EB,405,S,FR,2,,37,44.072,33.91767,-118.370052
764709,WHITE OAK,101,N,FR,1,44000,37,21.699,34.171285,-118.520359
764711,TAMPA,101,N,FR,1,44000,37,23.719,34.17368,-118.555198
764713,WINNETKA,101,S,FR,1,44000,37,24.732,34.171396,-118.572953
764715,LAUREL CANYON,101,S,FR,1,44000,37,14.067,34.154314,-118.394541
764717,SHERMAN WAY,405,S,FR,1,44000,37,66.232,34.202373,-118.473507
764719,BURBANK 2,405,N,FR,1,44000,37,64.102,34.172831,-118.467569
764721,FREMONT,10,E,FR,1,884,37,20.9,34.069016,-118.149713
764723,TEMPLE CITY,10,W,FR,1,22230,37,26.13,34.072661,-118.059491
764727,LINDERO 1,101,N,FR,3,84438,37,38.839,34.148901,-118.803161
764731,LINDERO 2,101,S,FR,1,84438,37,38.912,34.149194,-118.804893
764733,PALO COMADO CYN,101,S,FR,2,394,37,35.092,34.143077,-118.739279
764735,125TH,405,S,FR,2,,37,44.372,33.921786,-118.369125
764740,EASTERN,10,E,FR,1,,37,19.29,34.059959,-118.174416
764744,VERMONT,101,S,OR,1,44000,37,5.548,34.078365,-118.288977
764748,JEFFERSON,405,S,OR,1,,37,49.602,33.986242,-118.398076
764752,LAS VIRGENES,101,S,OR,1,90310,37,32.352,34.148836,-118.697394
764754,WOODCREST,405,S,ML,6,44000,37,61.912,34.142078,-118.471554
764760,UNIVERSAL 2,101,N,ML,5,44000,37,11.178,34.134078,-118.355163
764766,UNIVERSAL 2,101,S,ML,5,44000,37,11.178,34.133863,-118.35542
764781,RT 405 CN,101,S,ML,5,44000,37,18.567,34.160984,-118.470704
764794,RT 405 CN,101,N,ML,4,44000,37,18.516,34.160765,-118.469064
764798,WESTLAKE 2,101,S,ML,5,78582,111,40.172,34.157232,-118.824716
764803,WESTLAKE 1,101,N,ML,5,78582,111,40.469,34.159878,-118.82825
764808,WESTLAKE 2,101,N,ML,5,78582,111,40.489,34.160056,-118.828523
764814,HAMPSHIRE,101,S,ML,4,78582,111,41.032,34.164951,-118.836331
764819,HAMPSHIRE,101,N,ML,5,78582,111,41.319,34.167524,-118.839757
764824,RANCHO,101,S,ML,4,78582,111,42.582,34.175975,-118.85885
764829,RANCHO,101,N,ML,4,78582,111,42.719,34.176331,-118.860741
764834,RT 23 CN,101,S,ML,3,78582,111,42.192,34.175043,-118.852242
764839,MOORPARK,101,N,ML,4,78582,111,43.779,34.1778,-118.879126
764848,MOORPARK,101,S,ML,4,78582,111,43.442,34.17712,-118.873779
764853,N OF 110,101,S,ML,5,44000,37,3.178,34.064756,-118.251325
764863,LYNN RD,101,N,ML,3,78582,111,44.719,34.184342,-118.893462
764868,LYNN 1,101,S,ML,4,78582,111,44.362,34.181854,-118.888445
764874,LYNN 2,101,S,ML,3,78582,111,44.532,34.18312,-118.890989
764879,VENTURA PARK 1,101,N,ML,3,78582,111,45.699,34.184484,-118.910472
764885,VENTURA PARK 1,101,S,ML,4,78582,111,45.582,34.184302,-118.908919
764891,VENTURA PARK 2,101,N,ML,4,78582,111,45.889,34.184452,-118.913787
764900,BORCHARD,101,N,ML,3,78582,111,46.779,34.185571,-118.929061
764905,WENDY DR,101,S,ML,3,78582,111,47.222,34.188438,-118.936403
764910,WENDY 1,101,N,ML,3,78582,111,47.409,34.18968,-118.938878
764915,WENDY 2,101,N,ML,4,78582,111,47.609,34.191042,-118.941959
764921,CAMARILLO,101,N,ML,3,10046,111,50.359,34.205441,-118.984481
764927,CAMARILLO,101,S,ML,4,10046,111,50.342,34.205276,-118.984649
764932,PLEASANT VALLEY,101,N,ML,3,10046,111,51.819,34.213624,-119.007232
764937,PLEASANT VALLEY,101,S,ML,3,10046,111,51.842,34.213685,-119.008009
764941,E OF MACY,10,W,ML,3,44000,37,16.419,34.053988,-118.222069
764949,BARHAM,101,N,ML,5,44000,37,10.558,34.128774,-118.346843
764958,PALO COMADO CYN,101,N,ML,4,394,37,35.129,34.143303,-118.739457
764963,KANAN,101,N,ML,4,394,37,36.339,34.146034,-118.760227
764968,WESTLAKE 2,101,S,FR,3,78582,111,40.172,34.157232,-118.824716
764972,WESTLAKE 1,101,N,FR,2,78582,111,40.469,34.159878,-118.82825
764977,LYNN 2,101,S,FR,2,78582,111,44.532,34.18312,-118.890989
764980,VENTURA PARK 1,101,N,FR,2,78582,111,45.699,34.184484,-118.910472
764984,WENDY DR,101,S,FR,2,78582,111,47.222,34.188438,-118.936403
764986,WENDY 1,101,N,FR,4,78582,111,47.409,34.18968,-118.938878
764989,CAMARILLO,101,N,FR,1,10046,111,50.359,34.205441,-118.984481
764991,CAMARILLO,101,S,FR,1,10046,111,50.342,34.205276,-118.984649
764993,PLEASANT VALLEY,101,N,FR,2,10046,111,51.819,34.213624,-119.007232
764998,WESTLAKE 2,101,S,OR,1,78582,111,40.172,34.157232,-118.824716
765002,WESTLAKE 1,101,N,OR,1,78582,111,40.469,34.159878,-118.82825
765007,WESTLAKE 2,101,N,OR,2,78582,111,40.489,34.160056,-118.828523
765011,HAMPSHIRE,101,S,OR,1,78582,111,41.032,34.164951,-118.836331
765015,HAMPSHIRE,101,N,OR,2,78582,111,41.319,34.167524,-118.839757
765019,RANCHO,101,S,OR,1,78582,111,42.582,34.175975,-118.85885
765023,RANCHO,101,N,OR,1,78582,111,42.719,34.176331,-118.860741
765027,MOORPARK,101,N,OR,2,78582,111,43.779,34.1778,-118.879126
765034,LYNN RD,101,N,OR,1,78582,111,44.719,34.184342,-118.893462
765038,LYNN 1,101,S,OR,1,78582,111,44.362,34.181854,-118.888445
765042,LYNN 2,101,S,OR,1,78582,111,44.532,34.18312,-118.890989
765046,VENTURA PARK 1,101,N,OR,1,78582,111,45.699,34.184484,-118.910472
765050,VENTURA PARK 1,101,S,OR,1,78582,111,45.582,34.184302,-118.908919
765054,VENTURA PARK 2,101,S,OR,1,78582,111,45.742,34.184275,-118.911709
765061,BORCHARD,101,N,OR,1,78582,111,46.779,34.185571,-118.929061
765065,WENDY DR,101,S,OR,1,78582,111,47.222,34.188438,-118.936403
765068,WENDY 1,101,N,OR,1,78582,111,47.409,34.18968,-118.938878
765072,WENDY 2,101,N,OR,1,78582,111,47.609,34.191042,-118.941959
765076,CAMARILLO,101,N,OR,1,10046,111,50.359,34.205441,-118.984481
765080,CAMARILLO,101,S,OR,1,10046,111,50.342,34.205276,-118.984649
765083,PLEASANT VALLEY,101,N,OR,1,10046,111,51.819,34.213624,-119.007232
765087,PLEASANT VALLEY,101,S,OR,1,10046,111,51.842,34.213685,-119.008009
765090,PALO COMADO CYN,101,N,OR,1,394,37,35.129,34.143303,-118.739457
765093,KANAN,101,N,OR,2,394,37,36.339,34.146034,-118.760227
765098,MILLER,10,E,ML,4,,37,19.16,34.059092,-118.176399
765099,N OF 405,101,N,ML,6,44000,37,18.776,34.163563,-118.472068
765100,LEWIS,101,S,ML,4,394,37,35.312,34.143067,-118.743123
765101,LINDERO 1,101,N,ML,4,84438,37,38.839,34.148901,-118.803161
765104,VENTURA PARK 2,101,N,OR,1,78582,111,45.889,34.184452,-118.913787
765106,VENTURA PARK 2,101,S,ML,3,78582,111,45.742,34.184275,-118.911709
765109,IMPERIAL 2,110,S,FR,1,44000,37,14.22,33.935598,-118.280279
765111,FLORENCE,110,S,FR,1,44000,37,17.06,33.976848,-118.281038
765113,BRADDOCK,405,N,FR,1,44000,37,50.612,33.998742,-118.407685
765115,SANTA MONICA,405,S,FR,2,44000,37,54.722,34.047884,-118.447583
765117,SANTA MONICA,405,S,FR,2,44000,37,54.572,34.046105,-118.44607
765120,NORDHOFF,405,S,FR,1,44000,37,68.642,34.237277,-118.473175
765122,NORDHOFF,405,N,FR,1,44000,37,68.432,34.234345,-118.472967
765124,ROSCOE,405,S,FR,1,44000,37,67.642,34.222794,-118.473304
765126,ROSCOE,405,N,FR,1,44000,37,67.452,34.220237,-118.473091
765130,PKWY CALABASAS 2,101,S,FR,2,90310,37,29.752,34.152479,-118.654183
765133,CENTINELA,405,N,FR,1,,37,49.182,33.981278,-118.393836
765137,HAMPSHIRE,101,S,FR,1,78582,111,41.292,34.167283,-118.839845
765139,RT 23 CN,101,N,FR,1,78582,111,42.219,34.17528,-118.852198
765141,MOORPARK,101,S,FR,1,78582,111,43.752,34.177624,-118.879132
765145,LYNN 1,101,N,FR,1,78582,111,44.389,34.182074,-118.888412
765150,WESTLAKE 1,101,S,ML,5,78582,111,40.002,34.1557,-118.822425
765151,WESTLAKE 1,101,S,OR,1,78582,111,40.002,34.1557,-118.822425
765153,98TH / WB CENTURY,405,S,ML,4,36546,37,46.172,33.947774,-118.368562
765154,98TH / WB CENTURY,405,S,FR,2,36546,37,46.172,33.947774,-118.368562
765155,98TH / WB CENTURY,405,S,OR,1,36546,37,46.172,33.947774,-118.368562
765159,IMPERIAL WB,405,S,FR,2,44000,37,44.962,33.930217,-118.368535
765164,VERMONT 1,101,N,ML,4,44000,37,5.548,34.078907,-118.288793
765169,BURBANK 1,405,S,HV,1,44000,37,63.772,34.168246,-118.468752
765171,BURBANK 1,405,S,ML,4,44000,37,63.772,34.168246,-118.468752
765176,UNIVERSAL 1,101,N,ML,5,44000,37,11.008,34.133337,-118.352345
765195,BURBANK 1,405,N,HV,1,44000,37,63.772,34.168209,-118.468498
765197,VENTURA,405,S,FR,1,44000,37,62.862,34.155321,-118.468529
765201,LANKERSHIM,101,N,FR,2,44000,37,11.388,34.135151,-118.358579
765203,UNIVERSAL 1,101,N,FR,1,44000,37,11.008,34.133337,-118.352345
765207,SOTO,10,E,FR,1,44000,37,17.25,34.053806,-118.208214
765218,UNIVERSAL 2,101,N,OR,1,44000,37,11.178,34.134078,-118.355163
765223,UNIVERSAL 1,101,N,OR,1,44000,37,11.008,34.133337,-118.352345
765263,VICTORY 1,405,S,HV,1,44000,37,65.082,34.185796,-118.47407
765265,VICTORY 1,405,S,ML,4,44000,37,65.082,34.185796,-118.47407
765271,VICTORY 2,405,S,HV,1,44000,37,65.252,34.188237,-118.474342
765273,VICTORY 2,405,S,ML,4,44000,37,65.252,34.188237,-118.474342
765295,VICTORY,405,S,FR,1,44000,37,65.252,34.188237,-118.474342
765297,VICTORY 1,405,S,OR,1,44000,37,65.082,34.185796,-118.47407
765301,VICTORY 2 / HASKELL,405,S,OR,2,44000,37,65.252,34.188237,-118.474342
765429,WASHINGTON 2,5,N,OR,1,14974,37,128.403,33.997786,-118.146738
765444,PKWY CALABASAS 2,101,S,ML,4,90310,37,29.752,34.152479,-118.654183
765451,FREMONT,10,E,ML,4,884,37,20.897,34.068993,-118.149756
765456,PHILLIPS RANCH,60,W,ML,4,58072,37,28.007,34.024942,-117.773813
765461,RESERVOIR,60,W,ML,4,58072,37,30.335,34.025041,-117.73416
765467,DOWNEY 2,91,E,ML,5,4982,37,8.208,33.876929,-118.149691
765472,LINDERO 2,101,N,ML,4,84438,37,39.059,34.150034,-118.806843
765476,FM 110 SB,105,E,ML,3,44000,37,7.55,33.928419,-118.277962
765477,AZUSA 1,210,E,ML,4,3386,37,39.929,34.120571,-117.906859
765486,CITRUS 1,210,E,ML,4,3386,37,40.853,34.120787,-117.890798
765501,LOWER AZUSA,605,S,ML,4,3666,37,24.003,34.089665,-117.99394
765506,CENTINELA AVE,10,E,ML,4,70000,37,2.345,34.028077,-118.449505
765508,HERBERT,10,E,HV,1,44000,37,18.55,34.055285,-118.185874
765591,AVALON 2,91,W,ML,4,11530,37,1.808,33.873665,-118.259554
765592,AVALON 2,91,W,FR,1,11530,37,1.808,33.873665,-118.259554
765594,AVALON 1,91,W,HV,1,11530,37,1.548,33.873537,-118.264071
765597,NB 5 TO NB 710,710,N,FF,1,,37,18.581,34.02084,-118.173195
765608,BURBANK,170,N,HV,1,44000,37,3.046,34.171717,-118.388072
765616,ROSCOE 1,170,N,HV,1,44000,37,6.706,34.220025,-118.409585
765618,ARLETA,170,N,HV,1,44000,37,7.356,34.230591,-118.409589
765624,BRAND,5,N,FR,1,44000,37,156.633,34.274042,-118.450004
765625,SB 5 TO EB 118,5,S,FF,1,44000,37,156.08,34.268223,-118.445171
765627,CHATSWORTH,5,N,FR,1,44000,37,156.413,34.271347,-118.447993
765793,CENTRAL 1,91,W,HV,1,11530,37,2.268,33.873676,-118.251564
765795,CENTRAL 2,91,W,FR,1,11530,37,2.578,33.873522,-118.246184
765797,CENTRAL 1,91,E,FR,1,11530,37,2.268,33.873496,-118.251545
765819,VALLEY EB,605,N,OR,1,,37,21.417,34.053746,-118.004464
765820,VALLEY,605,N,FR,1,,37,21.417,34.053746,-118.004464
765825,WILMINGTON,91,W,FR,1,15044,37,3.108,33.873777,-118.236976
765827,WILMINGTON,91,E,FR,1,15044,37,3.098,33.873586,-118.237138
765831,CLARK,91,W,FR,2,4982,37,9.218,33.876702,-118.132194
765834,ACACIA,91,E,FR,1,15044,37,3.668,33.873878,-118.227243
765837,CARMENITA,91,W,FR,1,12552,37,14.138,33.866819,-118.050661
765839,SHOEMAKER,91,E,FR,1,12552,37,13.398,33.873397,-118.060742
765842,ALAMEDA,91,W,FR,1,15044,37,4.478,33.873559,-118.213194
765920,INVERSON RD,118,E,ML,4,,37,34.631,34.276428,-118.616547
765921,INVERSON RD,118,E,HV,1,,37,34.631,34.276428,-118.616547
765922,INVERSON RD,118,W,ML,4,,37,34.631,34.276649,-118.616557
765923,INVERSON RD,118,W,HV,1,,37,34.631,34.276649,-118.616557
765941,MASON AVE,118,E,ML,4,44000,37,36.731,34.273305,-118.581148
765942,MASON AVE,118,E,HV,1,44000,37,36.731,34.273305,-118.581148
765943,MASON AVE,118,W,ML,4,44000,37,36.731,34.273529,-118.581144
765944,MASON AVE,118,W,HV,1,44000,37,36.731,34.273529,-118.581144
765958,WILBUR AVE,118,E,ML,4,44000,37,38.731,34.273995,-118.546706
765959,WILBUR AVE,118,E,HV,1,44000,37,38.731,34.273995,-118.546706
765960,WILBUR AVE,118,W,ML,5,44000,37,38.731,34.27423,-118.546666
765961,WILBUR AVE,118,W,HV,1,44000,37,38.731,34.27423,-118.546666
765976,CANOGA AVE,118,W,ML,5,,37,35.731,34.275485,-118.598169
765977,CANOGA AVE,118,W,HV,1,,37,35.731,34.275485,-118.598169
765978,CANOGA AVE,118,E,ML,5,,37,35.731,34.275246,-118.598163
765979,CANOGA AVE,118,E,HV,1,,37,35.731,34.275246,-118.598163
765993,CORBIN AVE,118,W,ML,5,44000,37,37.731,34.273216,-118.563746
765994,CORBIN AVE,118,W,HV,1,44000,37,37.731,34.273216,-118.563746
765995,CORBIN AVE,118,E,ML,5,44000,37,37.731,34.272999,-118.563764
765996,CORBIN AVE,118,E,HV,1,44000,37,37.731,34.272999,-118.563764
766010,CHIMINEAS,118,W,ML,5,44000,37,39.931,34.278307,-118.526519
766011,CHIMINEAS,118,W,HV,1,44000,37,39.931,34.278307,-118.526519
766012,CHIMINEAS,118,E,ML,4,44000,37,39.931,34.278074,-118.526592
766013,CHIMINEAS,118,E,HV,1,44000,37,39.931,34.278074,-118.526592
766027,WHITE OAK AVE,118,W,ML,5,44000,37,40.431,34.278043,-118.517789
766028,WHITE OAK AVE,118,W,HV,1,44000,37,40.431,34.278043,-118.517789
766029,WHITE OAK AVE,118,E,ML,4,44000,37,40.431,34.277793,-118.517876
766030,WHITE OAK AVE,118,E,HV,1,44000,37,40.431,34.277793,-118.517876
766044,LOUISE AVE,118,W,ML,5,44000,37,40.931,34.278039,-118.509048
766045,LOUISE AVE,118,W,HV,1,44000,37,40.931,34.278039,-118.509048
766046,LOUISE AVE,118,E,ML,4,44000,37,40.931,34.277783,-118.509148
766047,LOUISE AVE,118,E,HV,1,44000,37,40.931,34.277783,-118.509148
766060,HASKELL AVE,118,W,ML,4,44000,37,43.031,34.266157,-118.47724
766061,HASKELL AVE,118,W,HV,1,44000,37,43.031,34.266157,-118.47724
766062,HASKELL AVE,118,E,ML,4,44000,37,43.031,34.265948,-118.477329
766063,HASKELL AVE,118,E,HV,1,44000,37,43.031,34.265948,-118.477329
766096,COLUMBUS,118,W,ML,4,44000,37,43.831,34.266055,-118.463188
766097,COLUMBUS,118,W,HV,1,44000,37,43.831,34.266055,-118.463188
766110,ONEIDA,118,W,ML,4,44000,37,45.331,34.267929,-118.437323
766111,ONEIDA,118,W,HV,1,44000,37,45.331,34.267929,-118.437323
766112,ONEIDA,118,E,ML,5,44000,37,45.331,34.267722,-118.437268
766113,ONEIDA,118,E,HV,1,44000,37,45.331,34.267722,-118.437268
766124,SEPULVEDA BLVD,118,W,ML,4,44000,37,44.131,34.266023,-118.457798
766125,SEPULVEDA BLVD,118,W,OR,1,44000,37,44.131,34.266023,-118.457798
766127,SEPULVEDA BLVD,118,W,HV,1,44000,37,44.131,34.266023,-118.457798
766138,SEPULVEDA BLVD,118,E,ML,6,44000,37,43.531,34.265847,-118.468667
766139,SEPULVEDA BLVD,118,E,HV,1,44000,37,43.531,34.265847,-118.468667
766140,SEPULVEDA BLVD,118,E,OR,1,44000,37,43.531,34.265847,-118.468667
766153,SAN FERNANDO RD,118,E,ML,4,44000,37,45.831,34.271535,-118.429947
766154,SAN FERNANDO RD,118,E,OR,1,44000,37,45.831,34.271535,-118.429947
766155,SAN FERNANDO RD,118,E,FR,1,44000,37,45.831,34.271535,-118.429947
766167,SAN FERNANDO RD,118,W,ML,5,44000,37,45.827,34.271697,-118.430141
766168,SAN FERNANDO RD,118,W,OR,1,44000,37,45.827,34.271697,-118.430141
766169,SAN FERNANDO RD,118,W,FR,1,44000,37,45.827,34.271697,-118.430141
766170,COLUMBUS,118,E,ML,6,44000,37,43.831,34.265805,-118.463409
766171,COLUMBUS,118,E,HV,1,44000,37,43.831,34.265805,-118.463409
766184,LAUREL CYN BLVD,118,W,ML,4,44000,37,45.131,34.267413,-118.440737
766185,LAUREL CYN BLVD,118,E,ML,3,44000,37,45.131,34.267093,-118.440661
766186,LAUREL CYN BLVD,118,W,OR,1,44000,37,45.131,34.267413,-118.440737
766190,BELLFLOWER 2,91,E,FR,2,4982,37,9.758,33.87605,-118.122915
766209,STUDEBAKER,91,E,ML,5,12552,37,11.368,33.876279,-118.095037
766210,STUDEBAKER,91,E,HV,1,12552,37,11.368,33.876279,-118.095037
766211,STUDEBAKER,91,W,ML,3,12552,37,11.368,33.876493,-118.095039
766212,STUDEBAKER,91,W,HV,1,12552,37,11.368,33.876493,-118.095039
766213,STUDEBAKER,91,W,FR,2,12552,37,11.368,33.876493,-118.095039
766214,STUDEBAKER,91,E,OR,1,12552,37,11.368,33.876279,-118.095037
766240,HAWTHORNE OFF,105,W,FR,1,,37,3.3,33.932736,-118.3484
766242,FAIRFAX,10,E,CD,1,44000,37,7.055,34.035587,-118.371451
766268,MAIN,405,N,FR,2,11530,37,36.342,33.852884,-118.279686
766270,PIONEER 2,91,W,FR,1,2896,37,12.208,33.87657,-118.080438
766272,NORWALK 1,91,E,FR,1,12552,37,12.538,33.876358,-118.074686
766274,BLOOMFIELD,91,E,FR,1,12552,37,13.058,33.875883,-118.065771
766276,MAIN,91,W,FR,1,11530,37,0.938,33.872769,-118.27457
766281,FM RT 105,110,N,OR,1,44000,37,14.43,33.938699,-118.279654
766286,ADAMS (HOV OFF RAMP),110,N,FR,1,44000,37,20.52,34.025954,-118.275241
766291,SB 405 TO 710 NB,405,S,FF,2,43000,37,31.822,33.825332,-118.215513
766292,SANTA FE TO 405 SB,405,S,CD,1,43000,37,31.822,33.825332,-118.215513
766336,S OF 405,110,N,ML,3,,37,8.59,33.855279,-118.284699
766337,S OF 405,110,S,ML,3,,37,8.59,33.855273,-118.2849
766338,SB 405 TO NB 110 #2,110,N,FF,1,,37,8.59,33.855279,-118.284699
766339,SB 405 TO SB 110 #2,110,S,FF,2,,37,8.59,33.855273,-118.2849
766340,NB 110 TO NB 405 #1,110,N,FF,2,,37,8.58,33.855134,-118.284707
766341,NB 110 TO SB 405,110,N,FF,1,,37,8.57,33.854989,-118.284715
766493,TRUCK SCALE 1,405,S,ML,5,11530,37,35.592,33.845636,-118.269942
766494,TRUCK SCALE 1,405,S,HV,1,11530,37,35.592,33.845636,-118.269942
766495,TRUCK SCALE 1,405,N,CD,2,11530,37,35.592,33.845809,-118.269724
766504,TRUCK SCALE 2,405,S,CD,2,11530,37,35.822,33.847883,-118.272889
766505,TRUCK SCALE 2,405,N,ML,5,11530,37,35.822,33.848064,-118.272687
766506,TRUCK SCALE 2,405,N,HV,1,11530,37,35.822,33.848064,-118.272687
766508,CARSON EB,605,N,HV,1,43000,37,3.732,33.830383,-118.083453
766510,CARSON 2,605,N,HV,1,39892,37,3.902,33.832657,-118.084601
766512,CENTRALIA,605,N,HV,1,39892,37,4.332,33.838278,-118.087885
766514,DEL AMO 1,605,N,HV,1,39892,37,4.842,33.844957,-118.091715
766516,DEL AMO 2,605,N,HV,1,12552,37,4.982,33.84679,-118.092752
766518,SOUTH 1,605,N,HV,1,12552,37,5.732,33.857321,-118.09579
766520,SOUTH 2,605,N,HV,1,12552,37,5.872,33.859308,-118.096265
766522,WARDLOW,605,S,HV,1,43000,37,3.082,33.821152,-118.081557
766525,CARSON 1,605,S,HV,1,43000,37,3.722,33.830177,-118.08363
766528,CARSON 2,605,S,HV,1,39892,37,3.902,33.832579,-118.084831
766530,CENTRALIA,605,S,HV,1,39892,37,4.332,33.838214,-118.088062
766532,DEL AMA 1,605,S,HV,1,39892,37,4.842,33.844875,-118.091947
766534,DEL AMO 2,605,S,HV,1,12552,37,4.982,33.846711,-118.092994
766536,SOUTH 1,605,S,HV,1,12552,37,5.732,33.857271,-118.09599
766538,SOUTH 2,605,S,HV,1,12552,37,5.882,33.859402,-118.096491
766542,FM 105 EB,605,N,OR,1,52526,37,10.252,33.92193,-118.104318
766546,ATLANTIC 2,91,W,FR,2,43000,37,6.208,33.876924,-118.184238
766553,SHOWMAKER,91,W,FR,1,12552,37,13.398,33.873627,-118.060623
766554,SHOWMAKER,91,W,HV,1,12552,37,13.398,33.873627,-118.060623
766555,SHOWMAKER,91,W,ML,4,12552,37,13.398,33.873627,-118.060623
766568,E/O PHILLIP RANCH RD,60,E,HV,1,58072,37,28.681,34.024204,-117.762443
766569,E/O PHILLIP RANCH RD,60,E,ML,4,58072,37,28.681,34.024204,-117.762443
766570,E/O PHILLIP RANCH RD,60,W,HV,1,58072,37,28.681,34.024575,-117.762375
766571,E/O PHILLIP RANCH RD,60,W,ML,4,58072,37,28.681,34.024575,-117.762375
766584,W/O TOWNE AVE,60,E,HV,1,58072,37,29.871,34.024073,-117.742058
766585,W/O TOWNE AVE,60,E,ML,4,58072,37,29.871,34.024073,-117.742058
766586,W/O TOWNE AVE,60,W,HV,1,58072,37,29.871,34.024354,-117.742097
766587,W/O TOWNE AVE,60,W,ML,4,58072,37,29.871,34.024354,-117.742097
766599,E/B 60 W/O 71,60,E,HV,1,58072,37,29.111,34.024058,-117.755124
766600,E/B 60 W/O 71,60,E,ML,4,58072,37,29.111,34.024058,-117.755124
766601,W/B 60 W/O 71,60,W,HV,1,58072,37,29.111,34.024322,-117.755055
766602,W/B 60 W/O 71,60,W,ML,4,58072,37,29.111,34.024322,-117.755055
766619,RTE 71 / GAREY AVE 2,60,E,HV,1,58072,37,29.651,34.023534,-117.745774
766620,RTE 71 / GAREY AVE 2,60,E,ML,4,58072,37,29.651,34.023534,-117.745774
766621,RTE 71 / GAREY AVE 2,60,W,HV,1,58072,37,29.651,34.023776,-117.745822
766622,RTE 71 / GAREY AVE 2,60,W,ML,4,58072,37,29.651,34.023776,-117.745822
766623,RTE 71 / GAREY AVE 1,60,W,FR,2,58072,37,29.291,34.02362,-117.75203
766624,RTE 71 / GAREY AVE 2,60,E,OR,1,58072,37,29.651,34.023534,-117.745774
766641,RTE 71 / GAREY AVE 1,60,W,HV,1,58072,37,29.291,34.02362,-117.75203
766642,RTE 71 / GAREY AVE 1,60,W,ML,4,58072,37,29.291,34.02362,-117.75203
766643,RTE 71 / GAREY AVE 1,60,E,HV,1,58072,37,29.291,34.023384,-117.752093
766644,RTE 71 / GAREY AVE 1,60,E,ML,4,58072,37,29.291,34.023384,-117.752093
766645,RTE 71 / GAREY AVE 1,60,W,OR,1,58072,37,29.291,34.02362,-117.75203
766646,RTE 71 / GAREY AVE 2,60,E,FR,1,58072,37,29.651,34.023534,-117.745774
766660,DIAMOND BAR,60,E,HV,1,19192,37,25.841,34.024192,-117.809808
766661,DIAMOND BAR,60,E,ML,4,19192,37,25.841,34.024192,-117.809808
766662,DIAMOND BAR,60,E,OR,1,19192,37,25.841,34.024192,-117.809808
766663,DIAMOND BAR,60,E,FR,2,19192,37,25.841,34.024192,-117.809808
766673,RIO RANCHO,71,N,ML,2,58072,37,3.684,34.035347,-117.761863
766674,RIO RANCHO,71,N,OR,1,58072,37,3.684,34.035347,-117.761863
766685,RIO RANCHO,71,S,ML,2,58072,37,4.139,34.028771,-117.755133
766686,RIO RANCHO,71,S,OR,1,58072,37,4.139,34.028771,-117.755133
766694,SAND CANYON,14,N,ML,2,44000,37,8.663,34.425605,-118.422402
766695,SAND CANYON,14,N,OR,1,44000,37,8.663,34.425605,-118.422402
766696,SAND CANYON,14,S,FR,1,44000,37,8.663,34.425778,-118.422478
766703,SAND CANYON,14,S,ML,2,44000,37,8.463,34.424397,-118.425567
766704,SAND CANYON,14,S,OR,1,44000,37,8.463,34.424397,-118.425567
766705,SAND CANYON,14,N,FR,1,44000,37,8.463,34.424238,-118.425484
766712,SOLEDAD CANYON RD,14,S,ML,3,44000,37,10.663,34.433995,-118.38947
766713,SOLEDAD CANYON RD,14,S,OR,1,44000,37,10.663,34.433995,-118.38947
766714,SOLEDAD CANYON RD,14,N,FR,1,44000,37,10.663,34.433794,-118.389445
766721,SOLEDAD CANYON RD,14,N,ML,2,44000,37,11.163,34.434709,-118.380974
766722,SOLEDAD CANYON RD,14,N,OR,1,44000,37,11.163,34.434709,-118.380974
766723,SOLEDAD CANYON RD,14,S,FR,1,44000,37,11.163,34.434913,-118.381027
766730,AGUA DULCE CANYON RD,14,S,ML,2,44000,37,14.763,34.466425,-118.334293
766731,AGUA DULCE CANYON RD,14,S,OR,1,44000,37,14.763,34.466425,-118.334293
766732,AGUA DULCE CANYON RD,14,N,FR,1,44000,37,14.763,34.466232,-118.33427
766740,AGUA DULCE CANYON RD,14,N,ML,3,44000,37,15.163,34.466671,-118.327283
766741,AGUA DULCE CANYON RD,14,N,OR,1,44000,37,15.163,34.466671,-118.327283
766742,AGUA DULCE CANYON RD,14,S,FR,1,44000,37,15.163,34.46681,-118.327298
766749,ESCONDIDO CANYON RD,14,S,ML,2,,37,18.163,34.488826,-118.286572
766750,ESCONDIDO CANYON RD,14,S,OR,1,,37,18.163,34.488826,-118.286572
766751,ESCONDIDO CANYON RD,14,N,FR,1,,37,18.163,34.48864,-118.286438
766758,ESCONDIDO CANYON RD,14,N,ML,3,,37,18.663,34.493332,-118.280287
766759,ESCONDIDO CANYON RD,14,N,OR,1,,37,18.663,34.493332,-118.280287
766760,ESCONDIDO CANYON RD,14,S,FR,1,,37,18.663,34.493576,-118.280482
766788,DIAMOND BAR,60,W,ML,4,19192,37,25.851,34.024472,-117.809793
766789,DIAMOND BAR,60,W,HV,1,19192,37,25.851,34.024472,-117.809793
766790,DIAMOND BAR,60,W,OR,1,19192,37,25.851,34.024472,-117.809793
766791,DIAMOND BAR,60,W,FR,2,19192,37,25.851,34.024472,-117.809793
766806,GRAND AVE,60,E,ML,6,19192,37,24.653,34.010718,-117.82259
766807,GRAND AVE,60,E,OR,1,19192,37,24.653,34.010718,-117.82259
766808,GRAND AVE,60,E,FR,2,19192,37,24.653,34.010718,-117.82259
766829,RESERVOIR,60,W,HV,1,58072,37,30.335,34.025041,-117.73416
766842,RESERVOIR,60,E,FR,2,58072,37,30.512,34.024861,-117.730929
766843,RESERVOIR,60,E,ML,4,58072,37,30.512,34.024861,-117.730929
766844,RESERVOIR,60,E,HV,1,58072,37,30.512,34.024861,-117.730929
766851,ROSECRANS 1,605,N,ML,4,52526,37,8.902,33.902407,-118.105114
766852,ROSECRANS 1,605,N,HV,1,52526,37,8.902,33.902407,-118.105114
766857,SEPULVEDA NB,105,W,FR,2,44000,37,0.6,33.931618,-118.394435
766859,SEPULVEDA SB,105,W,FR,1,44000,37,0.59,33.931619,-118.394609
766861,SEPULVEDA SB,105,W,OR,1,44000,37,0.6,33.931618,-118.394435
766867,NB 405 TO WB 105,105,W,FF,2,44000,37,1.8,33.93015,-118.373771
766868,SB 405 TO WB 105,105,W,FF,1,44000,37,1.79,33.930157,-118.373945
766871,EB 105 TO NB 405,105,E,FF,1,44000,37,1.8,33.929816,-118.373757
766872,EB 105 TO SB 405,105,E,FF,1,44000,37,1.79,33.929821,-118.373931
766873,IMPERIAL 1,105,W,HV,1,44000,37,1.8,33.93015,-118.373771
766874,W/B 105 TO AVIATION,105,W,FR,1,44000,37,1.8,33.93015,-118.373771
766875,DOUGLAS,105,E,ML,1,44000,37,1.3,33.931058,-118.382272
766922,ARROW  EB,605,N,OR,1,36826,37,26.004,34.114761,-117.977832
766925,605 SB TO ARROW EB,605,S,FR,1,36826,37,26.014,34.11502,-117.977954
766927,NB 5 TO WB 10,5,N,FF,2,44000,37,132.763,34.027763,-118.210714
766928,NB 5 TO NB 101,5,N,FF,2,44000,37,132.773,34.027834,-118.21087
766936,VALLEY 2,605,S,HV,1,,37,21.349,34.052932,-118.005202
766937,VALLEY 2,605,S,ML,4,,37,21.349,34.052932,-118.005202
766947,CONCORD,5,S,OR,1,44000,37,132.34,34.025109,-118.20517
766950,CONCORD,5,N,FR,1,44000,37,132.403,34.025295,-118.205056
766952,SKIRBALL/MULHOLLAND,405,S,HV,1,44000,37,60.322,34.120834,-118.480151
766954,BEL AIR CR,405,S,HV,1,44000,37,59.572,34.110424,-118.481702
766956,SUNSET WB / CHURCH,405,S,HV,1,44000,37,56.812,34.073269,-118.467097
766958,WASHINGTON 2,5,S,FR,1,14974,37,128.34,33.9977,-118.146913
766961,AGUA DULCE CANYON RD,14,N,HV,1,44000,37,15.163,34.466671,-118.327283
766963,AGUA DULCE CANYON RD,14,S,HV,1,44000,37,14.763,34.466425,-118.334293
766965,ESCONDIDO CANYON RD,14,N,HV,1,,37,18.663,34.493332,-118.280287
766967,SOLEDAD CANYON RD,14,N,HV,1,44000,37,11.163,34.434709,-118.380974
766969,SAND CANYON,14,N,HV,1,44000,37,8.663,34.425605,-118.422402
766971,MAGNOLIA,170,S,HV,1,44000,37,2.346,34.163266,-118.382094
766988,N OF 91,110,S,ML,4,44000,37,9.93,33.874645,-118.28514
766989,SB 110 TO EB 91,110,S,FF,2,44000,37,9.93,33.874645,-118.28514
766990,110 SB TO ARTESIA WB,110,S,FR,1,44000,37,9.93,33.874645,-118.28514
766992,SAND CANYON,14,S,HV,1,44000,37,8.463,34.424397,-118.425567
766994,SOLEDAD CANYON RD,14,S,HV,1,44000,37,10.663,34.433995,-118.38947
766996,ESCONDIDO CANYON RD,14,S,HV,1,,37,18.163,34.488826,-118.286572
766998,VIA PRINCESSA 2,14,S,HV,1,44000,37,6.322,34.404382,-118.451878
767035,EB 10 TO SB 605,605,S,FF,2,3666,37,22.002,34.061661,-118.000799
767036,S 605 TO S605/E10,605,S,FF,1,3666,37,22.032,34.062082,-118.000669
767037,SB 605 TO WB 10,605,S,FF,1,3666,37,22.042,34.062222,-118.000626
767038,S 605/W 10 TO S 605,605,S,FF,2,3666,37,22.012,34.061801,-118.000756
767039,S 605/W 10 TO E 10,605,S,FF,1,3666,37,22.022,34.061942,-118.000713
767053,BURBANK 2,405,S,ML,4,44000,37,63.852,34.169308,-118.468207
767054,BURBANK 2,405,S,HV,1,44000,37,63.852,34.169308,-118.468207
767055,BURBANK 2,405,S,OR,1,44000,37,63.852,34.169308,-118.468207
767056,BURBANK 2,405,S,FR,1,44000,37,63.852,34.169308,-118.468207
767160,NB 605 TO WB 105,605,N,FF,2,52526,37,8.902,33.902407,-118.105114
767165,RIDGEWAY ST,71,N,OR,1,58072,37,0.476,34.066788,-117.802782
767166,RIDGEWAY ST,71,N,ML,2,58072,37,0.476,34.066788,-117.802782
767167,E 10 TO CAMPUS,71,S,FR,1,58072,37,0.501,34.06708,-117.804144
767168,EB 10 TO SB 71,71,S,FF,2,58072,37,0.501,34.06708,-117.804144
767169,NB 71 TO WB 10,71,N,FF,1,58072,37,0.476,34.066788,-117.802782
767171,RIO RANCHO,71,S,FR,1,58072,37,3.715,34.033381,-117.760018
767175,SB 71 TO EB 60,71,S,FF,2,58072,37,4.139,34.028771,-117.755133
767176,RIO RANCHO TO EB 60,71,S,OR,1,58072,37,3.989,34.030401,-117.756862
767233,ARTESIA,605,N,ML,3,12552,37,6.852,33.872931,-118.101112
767234,ARTESIA,605,N,HV,1,12552,37,6.952,33.874318,-118.101628
767235,EB 91 TO SB 605,605,S,FF,1,12552,37,6.952,33.87427,-118.101893
767238,EB 91 TO NB 605,605,N,FF,2,12552,37,6.952,33.874318,-118.101628
767241,SB 605 TO EB 91,605,S,FF,2,12552,37,6.962,33.874409,-118.101944
767258,VENTURA,405,S,HV,1,44000,37,61.862,34.141357,-118.471507
767260,VALLEY VISTA,405,S,HV,1,44000,37,62.192,34.146041,-118.470721
767262,WOODCREST,405,S,HV,1,44000,37,61.912,34.142078,-118.471554
767264,ROYAL RIDGE,405,N,HV,1,44000,37,61.342,34.133767,-118.472292
767313,W OF 605,91,W,HV,1,12552,37,10.798,33.876465,-118.104925
767321,WARDLOW,605,N,HV,1,43000,37,3.082,33.821171,-118.081273
767324,VALLEY (RTMS),10,E,FR,1,22230,37,28.01,34.067963,-118.027743
767329,STEWART,10,W,ML,4,22230,37,28.48,34.067198,-118.019674
767350,OXNARD ST,405,S,ML,4,44000,37,64.672,34.18056,-118.470784
767351,OXNARD ST,405,N,ML,4,44000,37,64.672,34.180527,-118.470463
767352,OXNARD ST,405,S,HV,1,44000,37,64.672,34.18056,-118.470784
767353,OXNARD ST,405,N,HV,1,44000,37,64.672,34.180527,-118.470463
767366,STAGG ST,405,S,ML,4,44000,37,66.972,34.21309,-118.473357
767367,STAGG ST,405,N,ML,4,44000,37,66.972,34.213275,-118.473134
767368,STAGG ST,405,S,HV,1,44000,37,66.972,34.21309,-118.473357
767369,STAGG ST,405,N,HV,1,44000,37,66.972,34.213275,-118.473134
767395,PUENTE,10,W,CD,1,3666,37,31.98,34.07049,-117.959994
767397,WEST COVINA,10,W,CD,1,84200,37,32.86,34.072082,-117.94475
767399,AZUSA 2,10,W,CD,1,84200,37,35.028,34.072247,-117.90702
767401,ATLANTIC 1,10,E,CD,1,884,37,21.78,34.071332,-118.135332
767405,ROSRMEAD 2,10,E,CD,1,22230,37,25.44,34.072083,-118.071554
767406,ROSEMEAD 2,10,E,CD,2,22230,37,25.45,34.072085,-118.071379
767408,PUENTE,10,E,CD,1,3666,37,31.96,34.070282,-117.960307
767411,WEST COVINA PKWY,10,E,FR,1,84200,37,32.94,34.072075,-117.943345
767413,FRANCISQUITO,10,E,FR,1,3666,37,31.279,34.068742,-117.97205
767414,CITRUS 2 TO GARVEY,10,E,FR,2,84200,37,36.091,34.071846,-117.88849
767416,KELLOGG,10,E,FR,1,,37,40.486,34.063701,-117.814164
767419,SB 57 TO WB 10,10,W,FF,4,58072,37,40.486,34.063903,-117.814245
767420,EB 10 TO 57,10,E,FF,1,,37,40.486,34.063701,-117.814164
767422,GARFIELD 1,10,W,CD,1,884,37,22.455,34.071803,-118.123517
767427,AZUSA 2,10,E,CD,1,84200,37,35.064,34.072082,-117.906392
767429,VINCENT 1,10,W,CD,1,84200,37,33.86,34.072468,-117.92737
767431,AZUSA 1,10,W,CD,1,84200,37,34.91,34.072264,-117.909076
767433,CITRUS 1,10,W,CD,1,84200,37,35.931,34.072105,-117.891278
767441,EB/NB 2 TO EB 134,2,E,FF,2,44000,37,10.799,34.13876,-118.228414
767442,COLORADO BLVD,2,E,FR,1,44000,37,10.799,34.13876,-118.228414
767454,CONN ROUTE 134 EB,2,W,ML,4,44000,37,11.362,34.146659,-118.22636
767455,CONN ROUTE 134 EB,2,E,ML,4,44000,37,11.362,34.146613,-118.226176
767456,EB 134 TO WB/SB 2,2,W,FF,1,44000,37,11.362,34.146659,-118.22636
767457,EB/NB 2 TO WB 134,2,E,FF,1,44000,37,11.362,34.146613,-118.226176
767470,N/O CHEVY CHASE DR,2,E,ML,6,44000,37,12.032,34.155998,-118.224185
767471,N/O CHEVY CHASE DR,2,W,ML,6,44000,37,12.032,34.156037,-118.22443
767482,NEWELL ST,2,E,OR,1,44000,37,7.562,34.10053,-118.250581
767483,NB 5 TO EB/NB 2 #1,2,E,FF,2,44000,37,7.562,34.10053,-118.250581
767494,E/O ROUTE 5,2,E,ML,3,44000,37,7.762,34.103332,-118.249733
767495,E/O ROUTE 5,2,W,ML,3,44000,37,7.762,34.103362,-118.249975
767496,NB 5 TO EB/NB 2 #2,2,E,FF,2,44000,37,7.762,34.103332,-118.249733
767497,NB 5 TO WB/SB 2,2,W,FF,1,44000,37,7.762,34.103362,-118.249975
767509,FLETCHER DR,2,E,ML,4,44000,37,8.062,34.107693,-118.249538
767510,FLETCHER DR,2,E,OR,1,44000,37,8.062,34.107693,-118.249538
767511,FLETCHER DR,2,W,FR,2,44000,37,8.062,34.107744,-118.249749
767523,SAN FERNANDO RD,2,E,ML,4,44000,37,8.662,34.113959,-118.242956
767524,SAN FERNANDO RD,2,E,OR,1,44000,37,8.662,34.113959,-118.242956
767525,SAN FERNANDO RD,2,E,FR,2,44000,37,8.662,34.113959,-118.242956
767529,SB 5 TO EB/NB 2,2,E,FF,2,44000,37,7.512,34.099867,-118.250941
767530,WB/SB 2 TO NB 5,2,W,FF,1,44000,37,7.522,34.1001,-118.251209
767541,34TH AVE,2,E,ML,4,44000,37,8.962,34.11606,-118.238384
767542,34TH AVE,2,W,ML,4,44000,37,8.962,34.116219,-118.238557
767554,EAGLE ROCK BLVD,2,E,ML,4,44000,37,9.562,34.121074,-118.229892
767555,EAGLE ROCK BLVD,2,E,OR,1,44000,37,9.562,34.121074,-118.229892
767556,EAGLE ROCK BLVD,2,E,FR,1,44000,37,9.562,34.121074,-118.229892
767572,YORK BLVD / DELEVAN,2,E,ML,5,44000,37,10.062,34.128043,-118.228421
767573,YORK BLVD / DELEVAN,2,W,ML,4,44000,37,10.062,34.128058,-118.228703
767574,YORK BLVD / DELEVAN,2,E,OR,1,44000,37,10.062,34.128043,-118.228421
767575,YORK BLVD / DELEVAN,2,W,FR,1,44000,37,10.062,34.128058,-118.228703
767585,MOUNTAIN ST,2,E,ML,5,30000,37,12.762,34.166367,-118.224105
767586,MOUNTAIN ST,2,E,OR,1,30000,37,12.762,34.166367,-118.224105
767597,N/O MOUNTAIN,2,E,ML,5,30000,37,13.362,34.174822,-118.221416
767598,N/O MOUNTAIN,2,W,ML,4,30000,37,13.362,34.174843,-118.221704
767609,FERN LANE,2,E,ML,5,30000,37,14.062,34.184463,-118.217522
767610,FERN LANE,2,W,ML,4,30000,37,14.062,34.184465,-118.21782
767620,N/O YORK BLVD,2,E,ML,4,44000,37,10.562,34.135337,-118.229285
767621,N/O YORK BLVD,2,W,ML,4,44000,37,10.562,34.135316,-118.229569
767649,NB 57 TO WB 210,210,W,FF,2,30014,37,44.389,34.121259,-117.830969
767650,LONE HILL AV,210,E,FR,2,30014,37,44.389,34.121018,-117.83098
767651,EB 210 TO SB 57,210,E,FF,2,30014,37,44.389,34.121018,-117.83098
767671,ARROW HWY 2,57,S,FR,3,66070,37,22.722,34.107022,-117.821888
767678,LIVE OAK,605,N,ML,4,36826,37,25.352,34.106202,-117.982407
767679,LIVE OAK W/B,605,N,FR,1,36826,37,25.362,34.106333,-117.982335
767680,LIVE OAK E/B,605,N,FR,2,36826,37,25.352,34.106202,-117.982407
767684,LOWER AZUSA,605,S,FR,3,3666,37,23.952,34.089038,-117.994418
767687,SAN FERNANDO RD,2,W,FR,2,44000,37,8.487,34.112548,-118.245533
767690,FLETCHER,5,S,FR,2,44000,37,139.77,34.108255,-118.259137
767693,FAIRWAY,60,E,FR,2,36490,37,21.604,33.996139,-117.870843
767696,FULLERTON,60,E,FR,2,36490,37,19.578,33.994088,-117.905929
767698,FINDLAY,60,E,FR,1,48816,37,5.11,34.032906,-118.142053
767701,INDIANA,60,W,FR,1,44000,37,2.224,34.031713,-118.190515
767704,GRAND,210,W,FR,2,30014,37,41.915,34.120718,-117.872305
767722,SEVENTH AVE 2,60,E,ML,5,,37,14.641,34.016966,-117.985864
767723,SEVENTH AVE 2,60,W,ML,4,,37,14.641,34.017093,-117.985713
767724,SEVENTH AVE 2,60,E,OR,1,,37,14.641,34.016966,-117.985864
767725,SEVENTH AVE 2 NB,60,E,FR,1,,37,14.641,34.016966,-117.985864
767731,RYE CANYON,5,S,FR,2,69088,37,170.547,34.431273,-118.588555
767742,IMPERIAL,605,S,FR,2,52526,37,9.952,33.917606,-118.104793
767750,AVE 43,110,S,ML,3,44000,37,26.982,34.093121,-118.206362
767751,AVE 43,110,N,ML,3,44000,37,27.03,34.09296,-118.206232
767759,YORK BLVD,110,S,ML,3,44000,37,29.382,34.112945,-118.177303
767760,YORK BLVD,110,N,ML,3,44000,37,29.43,34.112828,-118.177006
767767,ORANGE GROVE,110,S,ML,2,73220,37,30.382,34.119213,-118.161998
767768,ORANGE GROVE,110,N,ML,3,73220,37,30.43,34.119072,-118.16196
767769,WB 134 TO WB/SB 2,2,W,FF,2,44000,37,10.802,34.138819,-118.228694
767776,EB 60 TO SB 5,60,E,FF,2,44000,37,0.817,34.029069,-118.214171
767777,EB 10 TO EB 60,60,E,FF,3,44000,37,0.827,34.029054,-118.213998
767780,CITRUS 2,210,W,FR,2,3386,37,41.031,34.120997,-117.887684
767790,AVE S,14,S,ML,3,,37,33.163,34.555214,-118.132256
767791,AVE S,14,N,ML,2,,37,33.163,34.555273,-118.132044
767792,AVE S,14,S,OR,1,,37,33.163,34.555214,-118.132256
767793,AVE S,14,N,FR,1,,37,33.163,34.555273,-118.132044
767801,N/O CALIFORNIA,101,S,ML,3,65042,111,69.721,34.277376,-119.293883
767810,S/O VICTORIA,101,N,ML,3,65042,111,63.749,34.249209,-119.204207
767811,S/O VICTORIA,101,S,ML,3,65042,111,63.722,34.248926,-119.204264
767812,BURBANK 1,405,N,ML,4,44000,37,63.772,34.168209,-118.468498
767827,FM 105 WB,405,S,ML,4,,37,45.137,33.932756,-118.368505
767838,FM 405 NB,105,E,ML,3,,37,2.5,33.931513,-118.361927
767839,FM 405 NB,105,E,HV,1,,37,2.5,33.931513,-118.361927
767840,FM 405 NB,105,E,OR,1,,37,2.5,33.931513,-118.361927
767847,FM RT 105,405,S,HV,1,32548,37,43.872,33.914766,-118.370486
767857,FM 710 NB,105,E,ML,3,55618,37,13.81,33.911091,-118.174445
767858,FM 710 NB,105,E,OR,1,55618,37,13.81,33.911091,-118.174445
767859,FM 710 NB,105,E,HV,1,55618,37,13.81,33.911091,-118.174445
767868,FM 710 SB,105,E,ML,3,55618,37,13.86,33.911021,-118.173573
767869,FM 710 SB,105,E,OR,1,55618,37,13.86,33.911021,-118.173573
767870,FM 710 SB,105,E,HV,1,55618,37,13.86,33.911021,-118.173573
767882,FOOTHILL BL,210,E,HV,1,40830,37,47.289,34.119703,-117.780403
767883,FOOTHILL BL,210,E,ML,3,40830,37,47.289,34.119703,-117.780403
767884,FOOTHILL BL,210,E,OR,1,40830,37,47.289,34.119703,-117.780403
767885,FOOTHILL BL,210,W,FR,1,40830,37,47.289,34.119889,-117.780414
767895,BIXBY DR,210,E,HV,1,40830,37,47.789,34.119372,-117.771695
767896,BIXBY DR,210,E,ML,3,40830,37,47.789,34.119372,-117.771695
767897,BIXBY DR,210,W,HV,1,40830,37,47.789,34.119589,-117.771693
767898,BIXBY DR,210,W,ML,3,40830,37,47.789,34.119589,-117.771693
767909,FRUIT ST,210,W,HV,1,40830,37,48.189,34.119673,-117.76472
767910,FRUIT ST,210,W,ML,3,40830,37,48.189,34.119673,-117.76472
767911,FRUIT ST,210,W,OR,1,40830,37,48.189,34.119673,-117.76472
767912,FRUIT ST,210,E,FR,1,40830,37,48.189,34.119478,-117.764743
767924,FRUIT ST,210,E,HV,1,40830,37,48.489,34.119291,-117.759529
767925,FRUIT ST,210,E,ML,3,40830,37,48.489,34.119291,-117.759529
767926,FRUIT ST,210,E,OR,1,40830,37,48.489,34.119291,-117.759529
767927,FRUIT ST,210,W,FR,1,40830,37,48.489,34.119455,-117.759506
767939,LIVE OAK CANYON,210,W,HV,1,40830,37,49.089,34.119659,-117.748981
767940,LIVE OAK CANYON,210,W,ML,4,40830,37,49.089,34.119659,-117.748981
767941,LIVE OAK CANYON,210,E,HV,1,40830,37,49.089,34.119475,-117.749005
767942,LIVE OAK CANYON,210,E,ML,4,40830,37,49.089,34.119475,-117.749005
767954,TOWNE AV,210,W,HV,1,13756,37,49.889,34.120595,-117.735211
767955,TOWNE AV,210,W,ML,3,13756,37,49.889,34.120595,-117.735211
767956,TOWNE AV,210,W,OR,1,13756,37,49.889,34.120595,-117.735211
767957,TOWNE AV,210,E,FR,1,13756,37,49.889,34.120429,-117.735217
767969,TOWNE AV,210,E,HV,1,13756,37,49.969,34.120394,-117.733824
767970,TOWNE AV,210,E,ML,4,13756,37,49.969,34.120394,-117.733824
767971,TOWNE AV,210,E,OR,1,13756,37,49.969,34.120394,-117.733824
767972,TOWNE AV,210,W,FR,1,13756,37,49.969,34.120574,-117.733818
767983,MOUNTAIN AV,210,E,HV,1,13756,37,50.289,34.120261,-117.728252
767984,MOUNTAIN AV,210,E,ML,4,13756,37,50.289,34.120261,-117.728252
767985,MOUNTAIN AV,210,W,HV,1,13756,37,50.289,34.120489,-117.728247
767986,MOUNTAIN AV,210,W,ML,3,13756,37,50.289,34.120489,-117.728247
767997,INDIAN HILL BL,210,E,HV,1,13756,37,50.749,34.120158,-117.72024
767998,INDIAN HILL BL,210,E,ML,4,13756,37,50.749,34.120158,-117.72024
767999,INDIAN HILL BL,210,W,HV,1,13756,37,50.749,34.120381,-117.720237
768000,INDIAN HILL BL,210,W,ML,3,13756,37,50.749,34.120381,-117.720237
768011,MILLS AV,210,E,HV,1,13756,37,51.289,34.120041,-117.710836
768012,MILLS AV,210,E,ML,4,13756,37,51.289,34.120041,-117.710836
768013,MILLS AV,210,W,HV,1,13756,37,51.289,34.120213,-117.710836
768014,MILLS AV,210,W,ML,3,13756,37,51.289,34.120213,-117.710836
768025,E/O MILLS AV,210,E,HV,1,13756,37,51.789,34.119816,-117.702095
768026,E/O MILLS AV,210,E,ML,4,13756,37,51.789,34.119816,-117.702095
768027,E/O MILLS AV,210,W,HV,1,13756,37,51.789,34.120029,-117.702145
768028,E/O MILLS AV,210,W,ML,3,13756,37,51.789,34.120029,-117.702145
768040,BASELINE RD,210,E,HV,1,13756,37,52.139,34.121357,-117.696262
768041,BASELINE RD,210,E,ML,4,13756,37,52.139,34.121357,-117.696262
768042,BASELINE RD,210,E,FR,1,13756,37,52.139,34.121357,-117.696262
768043,BASELINE RD,210,E,OR,1,13756,37,52.139,34.121357,-117.696262
768054,BASELINE RD,210,W,HV,1,13756,37,52.229,34.122146,-117.695126
768055,BASELINE RD,210,W,ML,3,13756,37,52.229,34.122146,-117.695126
768056,BASELINE RD,210,W,FR,1,13756,37,52.229,34.122146,-117.695126
768057,BASELINE RD,210,W,OR,1,13756,37,52.229,34.122146,-117.695126
768066,MOORPARK,101,S,ML,6,44000,37,12.878,34.151183,-118.375172
768153,WB 134 TO SB 5,5,S,FF,1,44000,37,142.92,34.148833,-118.27989
768173,E OF 605,10,E,ML,4,3666,37,29.8,34.065326,-117.997535
768174,E OF 605,10,W,ML,4,3666,37,29.8,34.065536,-117.997551
768175,NB 605 TO EB 10,10,E,FF,2,3666,37,29.79,34.065306,-117.997708
768176,NB 605 TO WB 10,10,W,FF,1,3666,37,29.79,34.065517,-117.997723
768177,WB 10 TO 605 #1,10,W,FF,2,3666,37,29.8,34.065536,-117.997551
768178,WB 10 TO SB 605 #2,10,W,FF,2,3666,37,29.78,34.065498,-117.997896
768179,WB 10 TO NB 605 #2,10,W,FF,1,3666,37,29.77,34.065479,-117.998068
768180,EB 10 TO NB 605,10,E,FF,1,3666,37,29.8,34.065326,-117.997535
768186,COLORADO,5,S,FR,2,44000,37,142.42,34.141806,-118.278086
768202,HOLLY DR,2,E,ML,4,44000,37,11.462,34.147961,-118.225767
768203,HOLLY DR,2,E,OR,1,44000,37,11.462,34.147961,-118.225767
768204,HOLLY DR,2,E,FR,2,44000,37,11.462,34.147961,-118.225767
768205,EB 134 TO EB/NB 2,2,E,FF,2,44000,37,11.462,34.147961,-118.225767
768206,WB 134 TO EB/NB 2,2,E,FF,1,44000,37,11.472,34.148096,-118.225727
768222,ARTESIA,91,W,ML,4,12552,37,13.498,33.872702,-118.059283
768223,ARTESIA,91,E,ML,4,12552,37,13.498,33.87249,-118.059386
768224,ARTESIA,91,W,OR,1,12552,37,13.498,33.872702,-118.059283
768228,ARTESIA,91,W,HV,1,12552,37,13.498,33.872702,-118.059283
768229,ARTESIA,91,E,HV,1,12552,37,13.498,33.87249,-118.059386
768230,VERDUGO BLVD,2,W,ML,1,30000,37,15.188,34.200406,-118.219456
768231,EB 210 TO WB/SB 2,2,W,FF,3,30000,37,15.188,34.200406,-118.219456
768235,EB/NB 2 TO WB 210,2,E,FF,3,30000,37,15.188,34.20033,-118.21923
768238,VERDUGO BLVD,2,E,ML,2,30000,37,15.188,34.20033,-118.21923
768242,EB/NB 2 TO EB 210,2,E,FF,2,30000,37,15.198,34.200473,-118.219195
768246,VERDUGO BLVD,2,E,FR,2,30000,37,15.188,34.20033,-118.21923
768253,LIBERTY CANYON RD 2,101,N,ML,4,394,37,34.259,34.138072,-118.726233
768265,LIBERTY CANYON RD 2,101,S,ML,4,394,37,34.192,34.137921,-118.725469
768271,LAS VIRGENES RD,101,N,FR,2,90310,37,32.359,34.149171,-118.69734
768272,LAS VIRGENES RD,101,N,OR,1,90310,37,32.359,34.149171,-118.69734
768283,ROXFORD ST,210,E,ML,3,44000,37,2.1,34.323367,-118.457366
768286,ROXFORD ST,210,E,OR,1,44000,37,2.1,34.323367,-118.457366
768297,YARNELL ST,210,E,ML,3,44000,37,1.0,34.323046,-118.476388
768300,YARNELL ST,210,E,OR,1,44000,37,1.0,34.323046,-118.476388
768304,DUDDLEY,10,E,HV,1,58072,37,42.634,34.072838,-117.779194
768310,DUDDLEY,10,W,FR,1,58072,37,41.852,34.071692,-117.79261
768311,DUDDLEY,10,W,HV,1,58072,37,42.352,34.072978,-117.784109
768314,CLEVELAND,10,E,HV,1,58072,37,43.19,34.071739,-117.769587
768315,CLEVELAND,10,W,HV,1,58072,37,43.18,34.071938,-117.769749
768319,WHITE,10,W,HV,1,58072,37,43.66,34.071029,-117.761475
768320,WHITE,10,E,HV,1,58072,37,43.66,34.070843,-117.76148
768321,WHITE,10,E,FR,1,58072,37,43.66,34.070843,-117.76148
768328,GAREY,10,E,ML,4,58072,37,44.123,34.07311,-117.753926
768329,GAREY,10,E,HV,1,58072,37,44.123,34.07311,-117.753926
768330,GAREY,10,W,HV,1,58072,37,44.12,34.073286,-117.753978
768331,GAREY,10,E,FR,1,58072,37,44.12,34.073091,-117.753973
768339,ORANGE GROVE,10,W,ML,4,58072,37,44.514,34.075833,-117.747809
768340,ORANGE GROVE,10,W,HV,1,58072,37,44.514,34.075833,-117.747809
768341,ORANGE GROVE,10,E,HV,1,58072,37,44.51,34.075604,-117.74786
768342,ORANGE GROVE,10,W,FR,1,58072,37,44.51,34.075806,-117.747871
768349,TOWNE,10,W,ML,4,58072,37,45.069,34.079381,-117.739096
768350,TOWNE,10,W,FR,1,58072,37,45.069,34.079381,-117.739096
768351,TONWE,10,E,HV,1,58072,37,45.069,34.079196,-117.739092
768352,TOWNE,10,W,HV,1,58072,37,45.069,34.079381,-117.739096
768354,TOWNE,10,W,HV,1,58072,37,44.728,34.077197,-117.744448
768357,MOUNTAIN,10,W,HV,1,58072,37,45.748,34.081733,-117.72779
768358,MOUNTAIN,10,E,HV,1,58072,37,45.748,34.081547,-117.727792
768360,INDIAL HILL,10,E,HV,1,13756,37,46.37,34.081722,-117.71693
768362,INDIAN HILL,10,W,HV,1,58072,37,46.107,34.081823,-117.721516
768363,FAIRPLEX,10,E,HV,1,58072,37,42.261,34.072803,-117.785687
768365,FAIRPLEX,10,W,HV,1,58072,37,42.025,34.072535,-117.789773
768369,E OF 71,10,E,HV,1,58072,37,41.26,34.067443,-117.801629
768370,E OF 71,10,W,HV,1,58072,37,41.26,34.067625,-117.801715
768375,WB 10 TO NB 57,10,W,FF,2,58072,37,41.26,34.067625,-117.801715
768376,SB 57 TO EB 10,10,E,FF,2,58072,37,41.26,34.067443,-117.801629
768409,EB 118 TO SB 405,118,W,FF,1,44000,37,43.031,34.266157,-118.47724
768410,SB 405 TO WB 118,118,E,FF,1,44000,37,43.031,34.265948,-118.477329
768412,NB 405 TO WB 118,118,E,FF,1,44000,37,43.031,34.265948,-118.477329
768426,TEMPLE CITY,10,E,HV,1,22230,37,26.171,34.072253,-118.058768
768434,EB 60 TO 710 #1,60,E,FF,2,,37,3.154,34.034749,-118.174998
768435,EB 60 TO NB 710 #2,60,E,FF,2,,37,3.169,34.034782,-118.174741
768436,EB 60 TO SB 710 #2,60,E,FF,1,,37,3.164,34.034771,-118.174826
768437,710 TO WB 60,60,W,FF,2,,37,3.164,34.034977,-118.174866
768444,FINDLAY,60,E,ML,5,48816,37,5.11,34.032906,-118.142053
768446,CESAR CHAVEZ / FORD,710,N,FR,1,,37,19.867,34.039036,-118.169921
768450,HAYVENHURST,101,N,FR,1,44000,37,19.759,34.165329,-118.488519
768458,WB 10 TO 710,10,W,FF,2,884,37,20.22,34.063934,-118.160163
768469,LANKERSHIM,101,N,ML,5,44000,37,11.388,34.135151,-118.358579
768472,SUNSET,101,N,FR,1,44000,37,7.448,34.096481,-118.313058
768477,TUJUNGA,101,S,ML,3,44000,37,13.297,34.154294,-118.38111
768488,NB 5 TO SB 605,5,N,FF,1,52526,37,123.143,33.936995,-118.093666
768489,NB 5 TO NB 605,5,N,FF,2,52526,37,123.133,33.936872,-118.093579
768504,NB 605 TO SB 5,5,S,FF,1,52526,37,123.21,33.938544,-118.094941
768507,NB 5 TO 605,5,N,FF,2,52526,37,123.363,33.939747,-118.095531
768523,GREENWOOD,5,S,ML,4,14974,37,126.9,33.981723,-118.130845
768530,ATLANTIC,5,S,FR,1,14974,37,129.25,34.007592,-118.157266
768532,TRIGGS,5,N,OR,1,14974,37,129.656,34.011295,-118.161135
768535,SB 710 TO SB 5,5,S,FF,1,14974,37,130.24,34.015325,-118.17127
768536,NB 5 TO NB 710,5,N,FF,1,14974,37,130.303,34.015567,-118.171131
768540,DITMAN,5,N,FR,1,,37,131.436,34.020251,-118.189723
768545,OVERLAND,10,E,FR,2,44000,37,4.345,34.031647,-118.41534
768552,ATLANTIC,5,N,OR,2,14974,37,129.313,34.007644,-118.15715
768555,TRIGGS,5,S,OR,2,14974,37,129.593,34.011229,-118.161247
768558,BORCHARD,101,N,FR,1,78582,111,46.779,34.185571,-118.929061
768564,PALO COMADO,101,N,FR,1,394,37,35.129,34.143303,-118.739457
768574,MOORPARK,101,S,OR,1,78582,111,43.442,34.17712,-118.873779
768584,ROBERTSON,10,E,ML,5,44000,37,5.645,34.029698,-118.392981
768585,ROBERTSON,10,E,FR,1,44000,37,5.645,34.029698,-118.392981
768591,CRENSHAW 2,10,E,OR,1,44000,37,9.375,34.035067,-118.331254
768592,CRENSHAW 2,10,W,FR,1,44000,37,9.375,34.035298,-118.331265
768594,WASHINGTON,10,W,FR,1,44000,37,7.345,34.034737,-118.366474
768596,ARLINGTON 1,10,E,FR,1,44000,37,10.075,34.036382,-118.319158
768598,VERMONT 2,10,W,ML,5,44000,37,11.795,34.03706,-118.289279
768608,9TH ( 8 TH),110,S,FR,1,44000,37,22.24,34.04828,-118.266145
768610,VERMONT 1,10,E,FR,1,44000,37,11.505,34.036823,-118.294403
768625,NORDHOFF,405,S,HV,1,44000,37,68.642,34.237277,-118.473175
768626,NORDHOFF,405,S,ML,4,44000,37,68.642,34.237277,-118.473175
768643,BRADDOCK,405,N,ML,5,44000,37,50.612,33.998742,-118.407685
768646,EB 10 TO SB 5,5,S,FF,2,44000,37,133.06,34.029033,-118.217141
768655,VAN NUYS 2,5,N,ML,4,44000,37,155.183,34.25709,-118.435212
768656,VAN NUYS 2,5,N,FR,1,44000,37,155.183,34.25709,-118.435212
768664,VAN NUYS 1,5,N,ML,6,44000,37,154.973,34.254804,-118.432792
768665,VAN NUYS 1,5,N,FR,1,44000,37,154.973,34.254804,-118.432792
768668,PAXTON,5,S,OR,1,44000,37,155.7,34.263648,-118.4415
768669,PAXTON,5,S,FR,1,44000,37,155.7,34.263648,-118.4415
768675,NB 5 TO WB 134,5,N,FF,2,44000,37,143.513,34.153792,-118.286458
768682,TERRA BELLA,5,N,ML,6,44000,37,154.473,34.249318,-118.427068
768683,TERRA BELLA,5,N,FR,1,44000,37,154.473,34.249318,-118.427068
768685,TUXFORD #2,5,N,FR,1,44000,37,151.513,34.226551,-118.385908
768697,WB 210 TO SB 5,5,S,FF,1,44000,37,159.957,34.311743,-118.487332
768700,WB 210 TO NB 5,5,N,FF,2,44000,37,160.732,34.320126,-118.494529
768701,RTE 14 CN -TRUCK RTE,5,S,ML,2,44000,37,161.947,34.33367,-118.50838
768709,RYE CANYON-COUNT STA,5,N,FR,2,69088,37,170.61,34.43153,-118.588374
768711,HASLEY CANYON,5,S,FR,1,,37,173.107,34.458412,-118.615822
768715,TEMPLIN,5,N,FR,1,,37,182.04,34.566048,-118.685757
768724,ATLANTIC 1,10,W,HV,2,884,37,21.798,34.071646,-118.135017
768726,VERNON,210,W,FR,1,36826,37,39.339,34.125333,-117.914873
768730,BREA CANYON,57,S,FR,2,,37,13.165,33.960397,-117.856009
768733,AUTO CENTER,57,N,FR,1,66070,37,23.197,34.11626,-117.823987
768736,ROXFORD,5,N,FR,2,44000,37,159.053,34.300824,-118.477054
768738,SANTA ANITA,10,W,HV,1,22230,37,27.06,34.069271,-118.044184
768741,PECK,10,W,HV,1,22230,37,27.849,34.068084,-118.030506
768743,VALLEY,10,E,HV,1,22230,37,28.01,34.067963,-118.027743
768746,VALLEY,10,W,HV,1,22230,37,28.111,34.068199,-118.025926
768751,STEWART,10,E,HV,1,22230,37,28.48,34.06699,-118.019773
768752,STEWART,10,W,HV,1,22230,37,28.48,34.067198,-118.019674
768753,STEWART,10,W,FR,1,22230,37,28.48,34.067198,-118.019674
768766,DUDDLEY,10,W,CD,2,58072,37,42.352,34.072978,-117.784109
768768,FAIRPLEX,10,W,CD,1,58072,37,42.025,34.072535,-117.789773
768779,ARROW HWY 1,57,S,ML,4,66070,37,22.502,34.104041,-117.82037
768780,ARROW HWY 1,57,S,OR,1,66070,37,22.502,34.104041,-117.82037
768793,EB 10 TO SB 57,57,S,FF,1,58072,37,19.222,34.059745,-117.804985
768794,NB 57 TO WB 10,57,N,FF,1,58072,37,19.127,34.059678,-117.804723
768795,WB 10 TO SB 57,57,S,FF,2,58072,37,19.212,34.059606,-117.804941
768796,NB 57 TO EB 10,57,N,FF,2,58072,37,19.117,34.059539,-117.804678
768797,EB 10 TO NB 57,57,N,FF,2,58072,37,19.137,34.059817,-117.804769
768886,IRWINDALE 2,210,W,FR,1,36826,37,38.209,34.130146,-117.932659
768898,BELLFLOWER 1,91,E,ML,5,4982,37,9.538,33.876002,-118.126736
768899,BELLFLOWER 1,91,E,HV,1,4982,37,9.538,33.876002,-118.126736
768907,BELLFLOWER 2,91,W,ML,4,4982,37,9.758,33.876256,-118.122877
768908,BELLFLOWER 2,91,W,HV,1,4982,37,9.758,33.876256,-118.122877
768909,BELLFLOWER 2,91,E,HV,1,4982,37,9.758,33.87605,-118.122915
768913,SB 605 TO WB 91,91,W,FF,2,12552,37,10.798,33.876465,-118.104925
768914,W OF 605,91,E,HV,1,12552,37,10.798,33.876234,-118.104961
768916,NB 710 EXT TO EB 210,210,E,FF,2,56000,37,25.12,34.15099,-118.152369
768920,LAKE 2 - OFF,210,W,FR,2,56000,37,26.47,34.151995,-118.129451
768923,SIERRA MADRE VILLA,210,E,FR,2,56000,37,29.28,34.147544,-118.081868
768927,SAN GABRIEL OFF,210,W,FR,1,56000,37,28.58,34.152365,-118.092642
768934,DOWNEY 2,91,E,HV,1,4982,37,8.208,33.876929,-118.149691
768937,LAKEWOOD 1,91,W,HV,1,4982,37,8.548,33.877179,-118.143773
768945,CITRUS 1,210,E,HV,1,3386,37,40.849,34.12079,-117.890867
768951,WB 60 TO NB 5,60,W,FF,1,44000,37,0.984,34.029014,-118.211332
768952,WB 60 TO NB 101 SPUR,60,W,FF,3,44000,37,0.974,34.029065,-118.211497
768968,S OF 10,405,S,ML,4,44000,37,53.272,34.030752,-118.433309
768969,S OF 10,405,N,ML,4,44000,37,53.272,34.030852,-118.433072
768970,EB 10 TO SB 405,405,S,FF,1,44000,37,53.272,34.030752,-118.433309
768971,NB 405 TO WB 10,405,N,FF,2,44000,37,53.272,34.030852,-118.433072
768978,EASTERN,710,N,ML,5,,37,18.714,34.022735,-118.172717
768984,KING 2,710,N,ML,5,44574,37,11.54,33.924434,-118.177677
769029,N/O TRUCK SCALES,5,N,ML,5,69088,37,171.11,34.436709,-118.594465
769030,N/O TRUCK SCALES,5,S,ML,5,69088,37,171.047,34.436509,-118.594682
769068,PATHFINDER,57,N,ML,4,19192,37,14.863,33.982608,-117.842112
769069,PATHFINDER,57,N,HV,1,19192,37,14.863,33.982608,-117.842112
769090,MCBEAN PKWY 2,5,S,ML,4,69088,37,167.747,34.393517,-118.571234
769091,MCBEAN PKWY 2,5,N,ML,4,69088,37,167.81,34.393574,-118.570864
769092,W/B MCBEAN PKWY,5,S,OR,1,69088,37,167.747,34.393517,-118.571234
769105,CENTRAL AVE,10,W,ML,5,44000,37,14.055,34.028251,-118.253349
769118,SANTA FE / MATEO,10,W,ML,5,44000,37,15.415,34.027652,-118.232238
769136,FOOTHILL BLVD SB,210,W,ML,3,,37,46.749,34.120043,-117.789799
769137,FOOTHILL BLVD SB,210,W,HV,1,,37,46.749,34.120043,-117.789799
769138,FOOTHILL BLVD SB,210,W,OR,1,,37,46.749,34.120043,-117.789799
769139,FOOTHILL BLVD SB,210,E,FR,2,,37,46.749,34.119759,-117.789792
769150,FOOTHILL BLVD NB,210,W,ML,3,40830,37,46.939,34.120189,-117.786499
769151,FOOTHILL BLVD NB,210,W,HV,1,40830,37,46.939,34.120189,-117.786499
769152,FOOTHILL BLVD NB,210,W,OR,1,40830,37,46.939,34.120189,-117.786499
769195,VERMONT,405,S,ML,4,,37,37.082,33.85914,-118.289912
769198,VERMONT,405,S,FR,2,,37,37.082,33.85914,-118.289912
769219,102ND / CENTURY,405,S,HV,1,,37,45.772,33.941969,-118.368525
769221,98TH / WB CENTURY,405,S,HV,1,36546,37,46.172,33.947774,-118.368562
769228,OLIVE / MANCHESTER,405,N,ML,4,36546,37,46.112,33.946811,-118.368252
769231,OLIVE,405,S,HV,1,36546,37,46.112,33.946903,-118.368546
769232,OLIVE,405,N,HV,1,36546,37,46.112,33.946811,-118.368252
769235,LA CIENEGA,405,S,HV,1,36546,37,47.382,33.965086,-118.370528
769236,LA CIENEGA,405,N,HV,1,36546,37,47.382,33.965167,-118.370291
769238,LA TIJERA,405,S,HV,1,36546,37,48.022,33.971543,-118.377669
769241,CENTINELA,405,S,HV,1,,37,49.182,33.981148,-118.394054
769242,CENTINELA,405,N,HV,1,,37,49.182,33.981278,-118.393836
769248,N OF 110,405,S,ML,3,,37,36.952,33.858342,-118.287867
769249,N OF 110,405,N,HV,1,,37,36.952,33.858551,-118.287766
769250,N OF 110,405,S,HV,1,,37,36.952,33.858342,-118.287867
769251,SB 405 to SB 110 #1,405,S,FF,2,,37,36.953,33.858348,-118.287883
769255,CENTURY 1,405,N,HV,1,36546,37,46.452,33.951752,-118.368991
769259,CENTURY 2,405,N,HV,1,36546,37,46.472,33.952042,-118.369045
769260,MANCHESTER 1,405,N,HV,1,36546,37,47.132,33.961638,-118.36932
769263,MANCHESTER 2,405,N,HV,1,36546,37,47.242,33.963205,-118.369661
769265,LA TIJERA,405,N,HV,1,36546,37,48.022,33.971707,-118.377522
769269,LAKE AVE OFF(LAKE 1),210,E,FR,2,56000,37,25.98,34.15167,-118.137983
769272,HILL AVE OFF,210,E,FR,1,56000,37,26.68,34.151855,-118.125787
769279,N/O RTE 60 1,71,N,ML,3,58072,37,2.934,34.043604,-117.770672
769282,N/O RTE 60 1,71,N,FR,2,58072,37,2.934,34.043604,-117.770672
769292,GAREY AVE,71,N,ML,2,58072,37,4.894,34.022008,-117.747706
769293,GAREY AVE,71,N,OR,2,58072,37,4.894,34.022008,-117.747706
769294,GAREY AVE,71,S,ML,2,58072,37,4.939,34.020096,-117.74591
769295,GAREY AVE,71,N,FR,2,58072,37,4.894,34.022008,-117.747706
769300,WB 210 TO ORANGE GRV,210,W,FR,1,56000,37,24.98,34.152008,-118.153813
769301,EB 210 TO WB 134 #2,134,W,FF,1,56000,37,12.883,34.146761,-118.161574
769302,NB 710 EXT TO WB 134,134,W,FF,1,56000,37,12.893,34.146782,-118.161505
769345,WHITSETT AVE,101,S,ML,5,44000,37,14.817,34.156606,-118.407038
769346,WHITSETT AVE,101,N,ML,5,44000,37,14.876,34.156793,-118.407014
769358,FULTON AVE,101,N,ML,5,44000,37,15.776,34.156683,-118.422679
769359,FULTON AVE,101,S,ML,5,44000,37,15.717,34.1565,-118.422723
769372,HOLLYWOOD,101,N,ML,4,44000,37,7.848,34.10148,-118.316373
769373,HOLLYWOOD,101,S,ML,4,44000,37,7.848,34.101382,-118.316558
769374,HOLLYWOOD,101,N,OR,1,44000,37,7.848,34.10148,-118.316373
769388,HIGHLAND,101,S,ML,4,44000,37,9.048,34.110032,-118.334114
769389,HIGHLAND,101,N,ML,4,44000,37,9.048,34.110196,-118.333961
769390,HIGHLAND,101,S,OR,1,44000,37,9.048,34.110032,-118.334114
769402,N/O HIGHLAND,101,N,ML,6,44000,37,9.948,34.121951,-118.34017
769403,N/O HIGHLAND,101,S,ML,4,44000,37,9.948,34.121802,-118.340349
769405,N/O MULHOLLAND,101,S,ML,5,44000,37,10.248,34.125019,-118.343858
769418,N/O MULHOLLAND,101,N,ML,5,44000,37,10.248,34.125162,-118.343673
769430,KESTER,101,S,ML,6,44000,37,17.717,34.158236,-118.456755
769431,KESTER,101,N,ML,6,44000,37,17.776,34.158459,-118.456664
769443,HAZELTINE,101,N,ML,5,44000,37,16.676,34.155751,-118.438222
769444,HAZELTINE,101,S,ML,5,44000,37,16.617,34.155559,-118.438288
769454,CROSSROADS,60,W,ML,5,36490,37,12.849,34.029244,-118.011272
769456,LAUREL CANYON,101,N,FR,1,44000,37,14.126,34.154502,-118.394531
769467,LAUREL CANYON,101,N,ML,5,44000,37,14.276,34.154537,-118.397142
769468,LAUREL CANYON,101,N,OR,1,44000,37,14.276,34.154537,-118.397142
769473,NB 101 TO NB 170,101,N,FF,2,44000,37,13.078,34.153836,-118.376536
769474,WB 134 TO NB 101,101,N,FF,2,44000,37,13.079,34.153847,-118.376548
769496,JEFFERSON,405,N,ML,4,17568,37,49.772,33.98849,-118.399537
769506,JEFFERSON,405,N,FR,2,17568,37,49.772,33.98849,-118.399537
769507,JEFFERSON,405,N,OR,1,17568,37,49.772,33.98849,-118.399537
769513,FLORENCE,605,N,ML,3,52526,37,11.352,33.936927,-118.098751
769519,FLORENCE,605,N,OR,1,52526,37,11.352,33.936927,-118.098751
769524,FLORENCE,605,N,FR,2,52526,37,11.352,33.936927,-118.098751
769625,ROSECRANS,5,N,ML,3,52526,37,119.913,33.900806,-118.059282
769626,ROSECRANS,5,N,FR,1,52526,37,119.913,33.900806,-118.059282
769645,NORMANDIE 2,10,W,FR,1,44000,37,11.285,34.037167,-118.298247
769701,HIGHLAND,210,E,ML,4,19990,37,36.089,34.135426,-117.967987
769702,HIGHLAND,210,W,ML,4,19990,37,36.089,34.13568,-117.967942
769703,HIGHLAND,210,E,HV,1,19990,37,36.089,34.135426,-117.967987
769704,HIGHLAND,210,W,HV,1,19990,37,36.089,34.13568,-117.967942
769705,EB 210 TO SB 605,210,E,FF,2,19990,37,36.089,34.135426,-117.967987
769706,NB 605 TO WB 210,210,W,FF,2,19990,37,36.089,34.13568,-117.967942
769722,NB 605 TO WB 210 CON,210,W,ML,4,19990,37,36.289,34.135685,-117.964445
769723,NB 605 TO WB 210 CON,210,W,HV,1,19990,37,36.289,34.135685,-117.964445
769724,NB 605 TO WB 210 CON,210,W,OR,2,19990,37,36.289,34.135685,-117.964445
769744,NB 57 TO WB 210 CONN,210,W,ML,4,30014,37,44.189,34.121013,-117.834452
769745,NB 57 TO WB 210 CONN,210,W,HV,1,30014,37,44.189,34.121013,-117.834452
769746,NB 57 TO WB 210 CONN,210,W,OR,2,30014,37,44.189,34.121013,-117.834452
769758,NB 57 TO EB 210 CON,210,E,ML,4,30014,37,44.889,34.120306,-117.822311
769759,NB 57 TO EB 210 CON,210,E,HV,1,30014,37,44.889,34.120306,-117.822311
769760,NB 57 TO EB 210 CON,210,E,OR,2,30014,37,44.889,34.120306,-117.822311
769772,NB 605 TO EB 210 CON,210,E,ML,4,36826,37,36.889,34.133397,-117.954412
769773,NB 605 TO EB 210 CON,210,E,HV,1,36826,37,36.889,34.133397,-117.954412
769774,NB 605 TO EB 210 CON,210,E,OR,2,36826,37,36.889,34.133397,-117.954412
769788,BERKSHIRE,210,E,ML,4,39003,37,21.58,34.189219,-118.180753
769789,BERKSHIRE,210,E,FR,1,39003,37,21.58,34.189219,-118.180753
769790,BERKSHIRE,210,E,OR,1,39003,37,21.58,34.189219,-118.180753
769806,FOOTHILL,210,E,ML,4,39003,37,20.98,34.196934,-118.185042
769807,FOOTHILL,210,W,ML,4,39003,37,20.98,34.197068,-118.184827
769808,FOOTHILL,210,W,FR,1,39003,37,20.98,34.197068,-118.184827
769809,FOOTHILL,210,E,OR,1,39003,37,20.98,34.196934,-118.185042
769819,ANGELES CREST HWY NB,210,E,ML,4,39003,37,19.98,34.205892,-118.198234
769820,ANGELES CREST HWY NB,210,E,OR,1,39003,37,19.98,34.205892,-118.198234
769831,ANGELES CREST HWY SB,210,E,ML,4,39003,37,19.78,34.206745,-118.201533
769832,ANGELES CREST HWY SB,210,E,OR,1,39003,37,19.78,34.206745,-118.201533
769833,ANGELES CREST HWY SB,210,E,FR,1,39003,37,19.78,34.206745,-118.201533
769847,OCEAN VIEW,210,E,ML,4,,37,18.18,34.211728,-118.228265
769848,OCEAN VIEW,210,E,OR,1,,37,18.18,34.211728,-118.228265
769849,OCEAN VIEW,210,E,FF,3,,37,18.18,34.211728,-118.228265
769850,OCEAN VIEW,210,E,FR,1,,37,18.18,34.211728,-118.228265
769866,LA CRESCENTA,210,E,ML,4,,37,17.38,34.218398,-118.239738
769867,LA CRESCENTA,210,W,ML,4,,37,17.38,34.218652,-118.239558
769868,LA CRESCENTA,210,E,OR,1,,37,17.38,34.218398,-118.239738
769869,LA CRESCENTA,210,W,FR,1,,37,17.38,34.218652,-118.239558
769880,PENNSYLVANIA,210,E,ML,4,,37,16.98,34.221426,-118.245718
769881,PENNSYLVANIA,210,E,OR,1,,37,16.98,34.221426,-118.245718
769882,PENNSYLVANIA,210,E,FR,1,,37,16.98,34.221426,-118.245718
769895,LOWELL / HONOLULU,210,E,ML,4,30000,37,15.68,34.230849,-118.265101
769896,LOWELL / HONOLULU,210,E,OR,2,30000,37,15.68,34.230849,-118.265101
769897,LOWELL / HONOLULU,210,E,FR,1,30000,37,15.68,34.230849,-118.265101
769898,LOWELL / HONOLULU,210,E,FR,2,30000,37,15.68,34.230849,-118.265101
769911,PENNSYLVANIA,210,W,ML,5,30000,37,16.58,34.224897,-118.251344
769912,PENNSYLVANIA,210,W,OR,1,30000,37,16.58,34.224897,-118.251344
769913,PENNSYLVANIA,210,W,FR,1,30000,37,16.58,34.224897,-118.251344
769926,OCEAN VIEW,210,W,ML,6,,37,17.88,34.214462,-118.232443
769927,OCEAN VIEW,210,W,OR,1,,37,17.88,34.214462,-118.232443
769928,OCEAN VIEW,210,W,FR,1,,37,17.88,34.214462,-118.232443
769941,ANGELES CREST HWY SB,210,W,ML,4,39003,37,19.58,34.207101,-118.204943
769942,ANGELES CREST HWY SB,210,W,OR,2,39003,37,19.58,34.207101,-118.204943
769953,ANGELES CREST HWY NB,210,W,ML,4,39003,37,19.78,34.206998,-118.201441
769954,ANGELES CREST HWY NB,210,W,OR,1,39003,37,19.78,34.206998,-118.201441
769955,ANGELES CREST HWY NB,210,W,FR,1,39003,37,19.78,34.206998,-118.201441
769965,HONOLULU,210,W,ML,4,44000,37,15.28,34.232554,-118.271772
769966,HONOLULU,210,W,OR,1,44000,37,15.28,34.232554,-118.271772
769983,GOULD,210,W,ML,4,39003,37,20.4,34.203186,-118.191671
769984,GOULD,210,E,ML,4,39003,37,20.4,34.202989,-118.191827
769985,GOULD,210,W,OR,1,39003,37,20.4,34.203186,-118.191671
769986,GOULD,210,E,FR,1,39003,37,20.4,34.202989,-118.191827
769998,BERKSHIRE,210,W,FR,1,39003,37,21.39,34.19198,-118.181214
769999,BERKSHIRE,210,W,OR,1,39003,37,21.39,34.19198,-118.181214
770000,BERKSHIRE,210,W,ML,4,39003,37,21.39,34.19198,-118.181214
770012,POLK,210,E,ML,3,44000,37,3.4,34.315198,-118.43844
770013,POLK,210,E,OR,1,44000,37,3.4,34.315198,-118.43844
770014,POLK,210,E,FR,1,44000,37,3.4,34.315198,-118.43844
770024,HUBBARD,210,E,ML,3,44000,37,4.2,34.307175,-118.428329
770025,HUBBARD,210,E,OR,1,44000,37,4.2,34.307175,-118.428329
770026,HUBBARD,210,E,FR,1,44000,37,4.2,34.307175,-118.428329
770036,MACLAY,210,E,ML,3,44000,37,5.1,34.297523,-118.41772
770037,MACLAY,210,E,OR,1,44000,37,5.1,34.297523,-118.41772
770038,MACLAY,210,E,FR,1,44000,37,5.1,34.297523,-118.41772
770048,PAXTON,210,E,ML,3,44000,37,6.2,34.285556,-118.405022
770049,PAXTON,210,E,OR,1,44000,37,6.2,34.285556,-118.405022
770050,PAXTON,210,E,FR,1,44000,37,6.2,34.285556,-118.405022
770061,OSBORNE / FOOTHILL,210,E,ML,4,44000,37,8.0,34.27436,-118.37804
770062,OSBORNE / FOOTHILL,210,E,OR,1,44000,37,8.0,34.27436,-118.37804
770063,OSBORNE / FOOTHILL,210,E,FR,1,44000,37,8.0,34.27436,-118.37804
770076,WHEATLAND,210,E,ML,4,44000,37,9.5,34.271968,-118.351971
770077,WHEATLAND,210,E,OR,1,44000,37,9.5,34.271968,-118.351971
770078,WHEATLAND,210,E,FR,1,44000,37,9.5,34.271968,-118.351971
770089,SUNLAND SB,210,E,ML,4,44000,37,11.0,34.2608,-118.331009
770090,SUNLAND SB,210,E,OR,1,44000,37,11.0,34.2608,-118.331009
770091,SUNLAND SB,210,E,FR,1,44000,37,11.0,34.2608,-118.331009
770103,SUNLAND NB,210,E,ML,4,44000,37,11.3,34.257404,-118.327764
770104,SUNLAND NB,210,E,OR,1,44000,37,11.3,34.257404,-118.327764
770116,LA TUNA CANYON,210,E,ML,4,44000,37,14.39,34.234317,-118.286992
770117,LA TUNA CANYON,210,E,OR,1,44000,37,14.39,34.234317,-118.286992
770118,LA TUNA CANYON,210,E,FR,1,44000,37,14.39,34.234317,-118.286992
770129,LA TUNA CANYON NB,210,W,ML,4,44000,37,14.18,34.234984,-118.290562
770130,LA TUNA CANYON NB,210,W,OR,1,44000,37,14.18,34.234984,-118.290562
770131,LA TUNA CANYON NB,210,W,FR,1,44000,37,14.18,34.234984,-118.290562
770141,LA TUNA CANYON SB,210,W,ML,4,44000,37,13.98,34.234987,-118.294031
770142,LA TUNA CANYON SB,210,W,OR,1,44000,37,13.98,34.234987,-118.294031
770165,EB 134 TO WB 210 CON,210,W,OR,1,56000,37,24.49,34.155945,-118.157667
770170,EB 210 TO WB 134 #1,210,E,FF,1,56000,37,24.49,34.155812,-118.158089
770172,EB 134 TO DEL MAR,134,E,FF,1,56000,37,13.34,,
770187,SUNLAND NB,210,W,ML,4,44000,37,11.1,34.259795,-118.329713
770188,SUNLAND NB,210,W,OR,1,44000,37,11.1,34.259795,-118.329713
770189,SUNLAND NB,210,W,FR,1,44000,37,11.1,34.259795,-118.329713
770200,SUNLAND SB,210,W,ML,4,44000,37,10.9,34.262037,-118.331922
770201,SUNLAND SB,210,W,OR,1,44000,37,10.9,34.262037,-118.331922
770215,POLK,210,W,ML,3,44000,37,3.1,34.31834,-118.442088
770216,POLK,210,W,OR,1,44000,37,3.1,34.31834,-118.442088
770218,POLK,210,W,FR,1,44000,37,3.1,34.31834,-118.442088
770229,HUBBARD,210,W,ML,3,44000,37,3.5,34.314344,-118.436994
770230,HUBBARD,210,W,OR,1,44000,37,3.5,34.314344,-118.436994
770231,HUBBARD,210,W,FR,1,44000,37,3.5,34.314344,-118.436994
770243,MACLAY,210,W,ML,3,44000,37,4.7,34.302019,-118.422166
770244,MACLAY,210,W,OR,1,44000,37,4.7,34.302019,-118.422166
770246,MACLAY,210,W,FR,1,44000,37,4.7,34.302019,-118.422166
770259,PAXTON,210,W,ML,3,44000,37,5.92,34.288741,-118.408086
770260,PAXTON,210,W,OR,1,44000,37,5.92,34.288741,-118.408086
770261,PAXTON,210,W,FR,1,44000,37,5.92,34.288741,-118.408086
770275,OSBORNE / FOOTHILL,210,W,ML,4,44000,37,7.73,34.275519,-118.38254
770276,OSBORNE / FOOTHILL,210,W,OR,1,44000,37,7.73,34.275519,-118.38254
770277,OSBORNE / FOOTHILL,210,W,FR,1,44000,37,7.73,34.275519,-118.38254
770290,WHEATLAND,210,W,ML,4,44000,37,9.3,34.272608,-118.355391
770291,WHEATLAND,210,W,OR,1,44000,37,9.3,34.272608,-118.355391
770292,WHEATLAND,210,W,FR,1,44000,37,9.3,34.272608,-118.355391
770303,ROXFORD,210,W,ML,3,44000,37,1.75,34.323885,-118.463369
770304,ROXFORD,210,W,OR,1,44000,37,1.75,34.323885,-118.463369
770305,ROXFORD,210,W,FR,1,44000,37,1.75,34.323885,-118.463369
770315,YARNELL,210,W,ML,3,44000,37,0.8,34.32289,-118.479923
770316,YARNELL,210,W,OR,1,44000,37,0.8,34.32289,-118.479923
770317,YARNELL,210,W,FR,1,44000,37,0.8,34.32289,-118.479923
770331,EB 118 TO EB 210 CON,210,E,ML,3,44000,37,6.5,34.282287,-118.401572
770332,EB 118 TO EB 210 CON,210,W,ML,4,44000,37,6.5,34.282467,-118.401379
770333,EB 118 TO EB 210 CON,210,E,OR,2,44000,37,6.5,34.282287,-118.401572
770336,EB 118 TO EB 210 CON,210,W,FF,2,44000,37,6.5,34.282467,-118.401379
770353,EB 118 TO WB 210 CON,210,W,ML,3,44000,37,5.51,34.293217,-118.412767
770354,EB 118 TO WB 210 CON,210,E,ML,3,44000,37,5.51,34.293047,-118.412995
770355,EB 118 TO WB 210 CON,210,W,OR,2,44000,37,5.51,34.293217,-118.412767
770356,EB 118 TO WB 210 CON,210,E,FF,2,44000,37,5.51,34.293047,-118.412995
770385,EB/NB 2 TO EB 210 CN,210,E,ML,4,39003,37,19.08,34.206925,-118.21372
770386,EB/NB 2 TO EB 210 CN,210,W,ML,4,39003,37,19.08,34.207155,-118.2137
770387,EB/NB 2 TO EB 210 CN,210,E,OR,2,39003,37,19.08,34.206925,-118.21372
770388,EB/NB 2 TO EB 210,210,W,FF,2,39003,37,19.08,34.207155,-118.2137
770401,EB/NB 2 TO WB 210 CN,210,W,ML,4,,37,18.32,34.211095,-118.225948
770402,EB/NB 2 TO WB 210 CN,210,W,OR,3,,37,18.32,34.211095,-118.225948
770407,AZUSA 1,210,E,HV,1,3386,37,39.929,34.120571,-117.906859
770544,TERRA BELLA,210,E,ML,4,44000,37,7.19,34.277404,-118.391732
770545,TERRA BELLA,210,W,ML,4,44000,37,7.19,34.277612,-118.391579
770555,ORCAS AVE,210,W,ML,4,44000,37,8.6,34.273773,-118.367538
770556,ORCAS AVE,210,E,ML,4,44000,37,8.6,34.273581,-118.367587
770568,HAMMOND ST.,210,W,ML,4,56000,37,23.79,34.165953,-118.157943
770578,WINONA WAY,210,E,ML,2,56000,37,24.442,34.156489,-118.158295
770579,WINONA WAY,210,W,ML,4,56000,37,24.442,34.156597,-118.157944
770587,BLEDSOE ST.,210,E,ML,3,44000,37,2.75,34.321653,-118.446679
770588,BLEDSOE ST.,210,W,ML,3,44000,37,2.75,34.321808,-118.446543
770598,W/B 210  TO N/B 5,210,W,ML,3,44000,37,0.32,34.318013,-118.486171
770599,W/B 210  TO N/B 5,210,E,ML,4,44000,37,0.32,34.31759,-118.486117
770600,W/B 210  TO N/B 5,210,W,FF,1,44000,37,0.32,34.318013,-118.486171
770610,CALABASAS ROAD,101,S,ML,4,90310,37,29.752,34.152479,-118.654183
770611,CALABASAS ROAD,101,N,ML,4,90310,37,29.779,34.152719,-118.65432
771135,RTE 118 CN,5,N,HV,1,44000,37,156.143,34.26834,-118.444992
771136,RTE 118 CN TO PAXTON,5,S,FR,1,44000,37,156.08,34.268223,-118.445171
771143,SAN FERNANDO 1,5,N,HV,1,44000,37,156.803,34.275954,-118.451881
771147,SAN FERNANDO 2,5,S,HV,1,44000,37,156.88,34.277432,-118.45372
771148,SAN FERNANDO 2,5,S,FR,1,44000,37,156.88,34.277432,-118.45372
771150,LAUREL CANYON,5,N,HV,1,44000,37,157.073,34.279114,-118.455041
771153,ROXFORD,5,S,HV,1,44000,37,158.99,34.300684,-118.477275
771155,ROXFORD,5,N,HV,1,44000,37,159.383,34.304527,-118.480635
771157,N OF 210,5,N,HV,1,44000,37,160.73,34.320108,-118.4945
771158,NB 5 TRUCK ROUTE,5,N,FF,2,44000,37,160.73,34.320108,-118.4945
771160,WB210 TO NB5 TRK RTE,5,N,FF,1,44000,37,160.731,34.320117,-118.494515
771209,ATLANTIC,5,N,FR,1,14974,37,129.313,34.007644,-118.15715
771223,137TH,110,S,HV,1,44000,37,12.17,33.906991,-118.286756
771232,REDONDO BEACH,110,S,HV,2,44000,37,11.04,33.890677,-118.285802
771253,HILLCREST,23,N,ML,4,78582,111,12.523,34.179522,-118.86008
771254,HILLCREST,23,S,ML,4,78582,111,12.523,34.178342,-118.860833
771255,HILLCREST,23,N,OR,1,78582,111,12.523,34.179522,-118.86008
771256,HILLCREST,23,N,FR,1,78582,111,12.523,34.179522,-118.86008
771268,JANSS 1,23,N,ML,3,78582,111,13.653,34.196191,-118.859225
771269,JANSS 1,23,N,OR,1,78582,111,13.653,34.196191,-118.859225
771270,JANSS 1,23,N,FR,1,78582,111,13.653,34.196191,-118.859225
771285,JANSS 2,23,N,ML,3,78582,111,13.853,34.198898,-118.857485
771286,JANSS 2,23,N,OR,1,78582,111,13.853,34.198898,-118.857485
771294,LAS FLORES,23,N,ML,3,78582,111,14.213,34.203343,-118.85368
771295,LAS FLORES,23,S,ML,3,78582,111,14.213,34.202778,-118.85498
771306,LOS ARBOLES 1,23,N,ML,3,78582,111,14.623,34.208327,-118.849291
771307,LOS ARBOLES 1,23,N,OR,1,78582,111,14.623,34.208327,-118.849291
771308,LOS ARBOLES 1,23,N,FR,1,78582,111,14.623,34.208327,-118.849291
771318,LOS ARBOLES 2,23,N,ML,3,78582,111,14.823,34.211348,-118.84886
771319,LOS ARBOLES 2,23,N,OR,1,78582,111,14.823,34.211348,-118.84886
771329,SUNSET HILLS 1,23,N,ML,3,78582,111,15.733,34.225045,-118.847994
771330,SUNSET HILLS 1,23,N,OR,1,78582,111,15.733,34.225045,-118.847994
771331,SUNSET HILLS 1,23,N,FR,1,78582,111,15.733,34.225045,-118.847994
771340,SUNSET HILLS 2,23,N,ML,3,78582,111,15.973,34.228473,-118.846374
771341,SUNSET HILLS 2,23,N,OR,1,78582,111,15.973,34.228473,-118.846374
771349,PEDERSON,23,N,ML,3,78582,111,15.073,34.215167,-118.849269
771350,PEDERSON,23,S,ML,3,78582,111,15.073,34.214377,-118.849594
771360,OLSEN 1,23,N,ML,3,78582,111,16.903,34.241576,-118.839735
771361,OLSEN 1,23,N,OR,1,78582,111,16.903,34.241576,-118.839735
771362,OLSEN 1,23,N,FR,1,78582,111,16.903,34.241576,-118.839735
771371,OLSEN 2,23,N,ML,3,78582,111,17.113,34.244752,-118.839479
771372,OLSEN 2,23,N,OR,1,78582,111,17.113,34.244752,-118.839479
771385,N OF OLSEN,23,S,ML,3,78582,111,17.603,34.251851,-118.840288
771386,N OF OLSEN,23,N,ML,3,78582,111,17.603,34.252263,-118.839889
771396,S OF TIERRA REJADA,23,N,ML,3,78582,111,18.103,34.259271,-118.842944
771400,S OF TIERRA REJADA,23,S,ML,3,78582,111,18.103,34.258973,-118.843185
771410,TIERRA REJADA 1,23,N,ML,3,78582,111,18.723,34.266273,-118.850611
771411,TIERRA REJADA 1,23,N,OR,1,78582,111,18.723,34.266273,-118.850611
771421,TIERRA REJADA 2,23,N,ML,3,78582,111,18.763,34.266777,-118.851005
771422,TIERRA REJADA 2,23,N,OR,1,78582,111,18.763,34.266777,-118.851005
771431,N OF TIERRA REJADA,23,N,ML,3,49138,111,19.403,34.274437,-118.857161
771432,N OF TIERRA REJADA,23,S,ML,3,49138,111,19.403,34.274194,-118.857449
771441,NEW LOS ANGELES,23,N,ML,2,49138,111,20.013,34.281715,-118.862785
771442,NEW LOS ANGELES,23,N,OR,1,49138,111,20.013,34.281715,-118.862785
771443,NEW LOS ANGELES,23,N,FR,1,49138,111,20.013,34.281715,-118.862785
771453,NEW LOS ANGLES,23,S,ML,2,49138,111,19.813,34.279095,-118.861308
771454,NEW LOS ANGLES,23,S,OR,1,49138,111,19.813,34.279095,-118.861308
771463,TIERRA REJADA 2,23,S,ML,3,78582,111,18.763,34.266547,-118.851334
771464,TIERRA REJADA 2,23,S,OR,1,78582,111,18.763,34.266547,-118.851334
771475,TIERRA REJADA,23,S,ML,3,78582,111,18.523,34.263542,-118.848753
771476,TIERRA REJADA,23,S,OR,1,78582,111,18.523,34.263542,-118.848753
771488,OLSEN 2,23,S,ML,3,78582,111,16.813,34.239756,-118.840813
771489,OLSEN 2,23,S,OR,1,78582,111,16.813,34.239756,-118.840813
771490,OLSEN 2,23,S,FR,1,78582,111,16.813,34.239756,-118.840813
771499,OLSEN 1,23,S,ML,3,78582,111,16.503,34.235225,-118.842692
771500,OLSEN 1,23,S,OR,1,78582,111,16.503,34.235225,-118.842692
771509,SUNSET HILLS 2,23,S,ML,3,78582,111,15.793,34.225282,-118.848315
771510,SUNSET HILLS 2,23,S,OR,1,78582,111,15.793,34.225282,-118.848315
771521,SUNSET HILLS 1,23,S,ML,3,78582,111,15.613,34.222667,-118.849481
771522,SUNSET HILLS 1,23,S,OR,1,78582,111,15.613,34.222667,-118.849481
771531,LOS ARBOLES 2,23,S,ML,3,78582,111,14.653,34.207941,-118.849838
771532,LOS ARBOLES 2,23,S,OR,1,78582,111,14.653,34.207941,-118.849838
771542,LOS ARBOLES 1,23,S,ML,3,78582,111,14.473,34.205523,-118.851449
771543,LOS ARBOLES 1,23,S,OR,1,78582,111,14.473,34.205523,-118.851449
771553,JANSS 2,23,S,ML,3,78582,111,13.693,34.195845,-118.85983
771554,JANSS 2,23,S,OR,1,78582,111,13.693,34.195845,-118.85983
771555,JANSS 2,23,S,FR,1,78582,111,13.693,34.195845,-118.85983
771565,JANSS 1,23,S,ML,3,78582,111,13.493,34.193023,-118.861362
771566,JANSS 1,23,S,OR,1,78582,111,13.493,34.193023,-118.861362
771577,PAIGE,23,S,ML,4,78582,111,12.823,34.182962,-118.860859
771578,PAIGE,23,N,ML,4,78582,111,12.823,34.184067,-118.860802
771603,SAN DIMAS AVE,210,E,ML,3,66070,37,45.949,34.11972,-117.803812
771604,SAN DIMAS AVE,210,E,OR,1,66070,37,45.949,34.11972,-117.803812
771605,SAN DIMAS AVE,210,E,FR,1,66070,37,45.949,34.11972,-117.803812
771606,SAN DIMAS AVE,210,E,HV,1,66070,37,45.949,34.11972,-117.803812
771618,SAN DIMAS AVE,210,W,ML,4,30014,37,45.599,34.119932,-117.809917
771619,SAN DIMAS AVE,210,W,OR,1,30014,37,45.599,34.119932,-117.809917
771620,SAN DIMAS AVE,210,W,FR,1,30014,37,45.599,34.119932,-117.809917
771621,SAN DIMAS AVE,210,W,HV,1,30014,37,45.599,34.119932,-117.809917
771651,CENTINELA AVE,10,W,FR,2,70000,37,1.965,34.027751,-118.456128
771652,CENTINELA AVE,10,E,FR,3,70000,37,1.965,34.027574,-118.456103
771656,SEPULVEDA BLVD,118,W,FR,1,44000,37,44.131,34.266023,-118.457798
771659,LAUREL CYN BLVD,118,W,FR,2,44000,37,45.131,34.267413,-118.440737
771667,SOLANO AVE,110,N,ML,4,44000,37,25.01,34.075092,-118.232059
771673,SO OF N/B 5,110,N,ML,4,44000,37,25.33,34.078403,-118.228171
771690,FOX,118,E,ML,6,44000,37,44.331,34.265724,-118.454632
771691,FOX,118,W,ML,6,44000,37,44.331,34.266037,-118.454234
771692,FOX,118,E,HV,1,44000,37,44.331,34.265724,-118.454632
771693,FOX,118,W,HV,1,44000,37,44.331,34.266037,-118.454234
771706,PORTER RANCH,118,E,ML,4,44000,37,37.431,34.273315,-118.56897
771707,PORTER RANCH,118,E,OR,1,44000,37,37.431,34.273315,-118.56897
771708,PORTER RANCH,118,E,HV,1,44000,37,37.431,34.273315,-118.56897
771721,PORTER RANCH,118,W,ML,4,44000,37,37.391,34.273598,-118.56965
771722,PORTER RANCH,118,W,OR,1,44000,37,37.391,34.273598,-118.56965
771723,PORTER RANCH,118,W,HV,1,44000,37,37.391,34.273598,-118.56965
771725,FM 110 NB,105,E,FF,1,44000,37,7.56,33.928407,-118.277789
771739,LAS VIRGENES 2,101,S,OR,1,90310,37,32.532,34.146784,-118.699337
771740,LAS VIRGENES 2,101,S,FR,1,90310,37,32.532,34.146784,-118.699337
771748,MULHOLLAND,101,N,FR,2,44000,37,28.619,34.16001,-118.636156
771767,DEVONSHIRE 1,405,N,ML,6,44000,37,69.972,34.256535,-118.472044
771768,DEVONSHIRE 1,405,N,OR,1,44000,37,69.972,34.256535,-118.472044
771769,DEVONSHIRE 1,405,N,HV,1,44000,37,69.972,34.256535,-118.472044
771770,DEVONSHIRE 1,405,N,FR,1,44000,37,69.972,34.256535,-118.472044
771778,DEVONSHIRE 2,405,N,OR,1,44000,37,70.172,34.259446,-118.472041
771807,LASSEN,405,S,ML,4,44000,37,69.472,34.249256,-118.472492
771808,LASSEN,405,N,ML,4,44000,37,69.472,34.249268,-118.472234
771809,LASSEN,405,S,HV,1,44000,37,69.472,34.249256,-118.472492
771810,LASSEN,405,N,HV,1,44000,37,69.472,34.249268,-118.472234
771825,N. OF 605,405,S,ML,4,43000,37,24.058,33.786942,-118.094686
771826,N. OF 605,405,N,ML,4,43000,37,24.058,33.787054,-118.094505
771827,N. OF 605,405,S,HV,1,43000,37,24.058,33.786942,-118.094686
771828,N. OF 605,405,N,HV,1,43000,37,24.058,33.787054,-118.094505
771829,S/B 405 - N/B 605,405,S,FF,2,43000,37,24.058,33.786942,-118.094686
771831,S/B 605 - N/B 405,405,S,FF,1,43000,37,24.058,33.786942,-118.094686
771845,TEMPLE,405,N,ML,5,43000,37,28.158,33.809267,-118.157166
771846,TEMPLE,405,S,ML,5,43000,37,28.158,33.809074,-118.157336
771847,TEMPLE,405,N,HV,1,43000,37,28.158,33.809267,-118.157166
771848,TEMPLE,405,S,HV,1,43000,37,28.158,33.809074,-118.157336
771863,PACIFIC 1,405,N,ML,6,43000,37,30.552,33.821489,-118.195048
771864,PACIFIC 1,405,S,ML,5,43000,37,30.552,33.821302,-118.195219
771865,PACIFIC 1,405,N,HV,1,43000,37,30.552,33.821489,-118.195048
771866,PACIFIC 1,405,S,HV,1,43000,37,30.552,33.821302,-118.195219
771876,SO. OF 710,405,N,HV,1,43000,37,31.402,33.826587,-118.208548
771877,SO. OF 710,405,N,ML,4,43000,37,31.402,33.826587,-118.208548
771878,SO. OF 710,405,S,HV,1,43000,37,31.402,33.826384,-118.20858
771879,SO. OF 710,405,S,ML,3,43000,37,31.402,33.826384,-118.20858
771882,N/B 405 - S/B 710,405,N,FF,1,43000,37,31.402,33.826587,-118.208548
771883,S/B 405 - S/B 710,405,S,FF,1,43000,37,31.402,33.826384,-118.20858
771897,RIVER AVE,405,S,ML,5,43000,37,32.222,33.82515,-118.222222
771898,RIVER AVE,405,N,ML,5,43000,37,32.222,33.825373,-118.222223
771899,RIVER AVE,405,S,HV,1,43000,37,32.222,33.82515,-118.222222
771900,RIVER AVE,405,N,HV,1,43000,37,32.222,33.825373,-118.222223
771914,WESTWARD,405,S,ML,5,11530,37,32.862,33.825703,-118.233178
771915,WESTWARD,405,N,ML,5,11530,37,32.862,33.825932,-118.233155
771916,WESTWARD,405,S,HV,1,11530,37,32.862,33.825703,-118.233178
771917,WESTWARD,405,N,HV,1,11530,37,32.862,33.825932,-118.233155
771925,LUCERNE ST,405,S,ML,4,11530,37,33.802,33.826193,-118.24972
771926,LUCERNE ST,405,S,HV,1,11530,37,33.802,33.826193,-118.24972
771938,213TH ST,405,S,ML,4,11530,37,34.672,33.835431,-118.259732
771939,213TH ST,405,N,ML,4,11530,37,34.672,33.835595,-118.259571
771940,213TH ST,405,S,HV,1,11530,37,34.672,33.835431,-118.259732
771941,213TH ST,405,N,HV,1,11530,37,34.672,33.835595,-118.259571
771954,HOWARD HUGHES PKWY,405,S,ML,5,44000,37,48.672,33.976541,-118.387273
771955,HOWARD HUGHES PKWY,405,S,HV,1,44000,37,48.672,33.976541,-118.387273
771956,HOWARD HUGHES PKWY,405,S,OR,1,44000,37,48.672,33.976541,-118.387273
771957,HOWARD HUGHES PKWY,405,S,FR,1,44000,37,48.672,33.976541,-118.387273
771969,HOWARD HUGHES PKWY,405,N,ML,4,44000,37,48.872,33.978135,-118.390097
771970,HOWARD HUGHES PKWY,405,N,OR,1,44000,37,48.872,33.978135,-118.390097
771981,RINALDI,405,S,ML,3,44000,37,71.572,34.279568,-118.469694
771982,RINALDI,405,S,OR,1,44000,37,71.572,34.279568,-118.469694
771983,RINALDI,405,S,FR,1,44000,37,71.572,34.279568,-118.469694
771997,SAN FERNANDO,405,S,ML,4,44000,37,71.382,34.276797,-118.470607
771998,SAN FERNANDO,405,S,HV,1,44000,37,71.382,34.276797,-118.470607
771999,SAN FERNANDO,405,S,OR,1,44000,37,71.382,34.276797,-118.470607
772011,RINALDI,405,N,ML,3,44000,37,71.712,34.281744,-118.468905
772012,RINALDI,405,N,HV,1,44000,37,71.712,34.281744,-118.468905
772013,RINALDI,405,N,OR,1,44000,37,71.712,34.281744,-118.468905
772024,FM 5 to 405,405,N,ML,3,44000,37,72.072,34.287473,-118.467596
772025,FM 5 to 405,405,S,ML,4,44000,37,72.072,34.28742,-118.467814
772055,VALENCIA EB,5,S,ML,4,69088,37,168.747,34.407375,-118.576054
772056,VALENCIA EB,5,S,OR,1,69088,37,168.747,34.407375,-118.576054
772075,94TH,110,S,HV,2,44000,37,15.29,33.95115,-118.280258
772076,94TH,110,S,HV,2,44000,37,15.29,33.95115,-118.280258
772078,137TH,110,N,HV,1,44000,37,12.17,33.90698,-118.286419
772092,ROCKY PEAK 1,118,W,ML,3,,111,33.411,34.268605,-118.634966
772094,ROCKY PEAK 1,118,W,OR,1,,111,33.411,34.268605,-118.634966
772095,ROCKY PEAK 1,118,W,FR,1,,111,33.411,34.268605,-118.634966
772107,E/O KEUHNER DR.,118,E,ML,4,,111,32.251,34.270739,-118.652796
772118,W/O DUMP SITE ACCESS,118,E,ML,2,49138,111,23.361,34.287992,-118.801315
772119,W/O DUMP SITE ACCESS,118,W,ML,2,49138,111,23.361,34.288377,-118.801243
772125,W/O ALMOS CYN ACCESS,118,E,ML,2,49138,111,22.431,34.291143,-118.816801
772126,W/O ALMOS CYN ACCESS,118,W,ML,2,49138,111,22.431,34.291452,-118.816751
772132,E/O COLLINS DR.,118,E,ML,2,49138,111,21.431,34.292667,-118.834172
772133,E/O COLLINS DR.,118,W,ML,2,49138,111,21.431,34.292952,-118.834105
772140,HASKELL,101,S,ML,6,44000,37,18.907,34.164781,-118.474288
772151,BALBOA,101,S,ML,5,44000,37,20.382,34.168861,-118.498546
772167,WOODLEY,101,S,ML,6,44000,37,19.432,34.165169,-118.483356
772168,WOODLEY,101,N,ML,6,44000,37,19.459,34.165406,-118.483271
772178,BALBOA,101,N,ML,5,44000,37,20.759,34.171202,-118.503926
772180,BALBOA,101,S,FR,1,44000,37,20.732,34.171019,-118.503945
772193,KANAN 2,101,S,ML,4,394,37,36.232,34.145632,-118.758879
772194,KANAN 2,101,S,OR,1,394,37,36.232,34.145632,-118.758879
772195,KANAN 2,101,S,FR,1,394,37,36.232,34.145632,-118.758879
772208,VALLEY CIRCLE,101,S,ML,4,44000,37,28.732,34.159019,-118.638271
772209,VALLEY CIRCLE,101,S,OR,1,44000,37,28.732,34.159019,-118.638271
772210,VALLEY CIRCLE,101,S,FR,1,44000,37,28.732,34.159019,-118.638271
772340,KANAN 2,101,N,ML,4,394,37,36.559,34.14652,-118.764022
772341,KANAN 2,101,N,OR,1,394,37,36.559,34.14652,-118.764022
772342,KANAN 2,101,N,FR,1,394,37,36.559,34.14652,-118.764022
772354,CRAFTMAN,101,N,ML,4,44000,37,28.959,34.158019,-118.641563
772355,CRAFTMAN,101,S,ML,4,44000,37,28.932,34.157863,-118.64146
772362,CALABASAS 2,101,N,OR,1,90310,37,29.779,34.152719,-118.65432
772363,CALABASAS 2,101,N,FR,1,90310,37,29.779,34.152719,-118.65432
772371,CALABASAS 1,101,N,OR,1,90310,37,29.699,34.153134,-118.653016
772382,N/B 47 - S/B 110,47,N,FF,2,44000,37,0.234,33.749575,-118.29116
772383,S/B 110 - S/B 47,47,S,FF,2,44000,37,0.234,33.748932,-118.290236
772384,N/B 110 - S/B 47,47,S,FF,1,44000,37,0.234,33.748932,-118.290236
772385,N/B 47 - N/B 110,47,N,FF,2,44000,37,0.234,33.749575,-118.29116
772396,HARBOR BLVD,47,S,ML,2,44000,37,0.634,33.749346,-118.282102
772397,HARBOR BLVD,47,S,OR,1,44000,37,0.634,33.749346,-118.282102
772398,HARBOR BLVD,47,S,FR,1,44000,37,0.634,33.749346,-118.282102
772420,FERRY ST,47,N,ML,2,44000,37,1.942,33.748821,-118.267383
772421,FERRY ST,47,S,ML,2,44000,37,1.942,33.748895,-118.267356
772437,N/O VENICE,405,N,ML,6,44000,37,51.872,34.013859,-118.419645
772438,N/O VENICE,405,S,ML,6,44000,37,51.872,34.01375,-118.419839
772439,N/O VENICE,405,N,HV,1,44000,37,51.872,34.013859,-118.419645
772440,N/O VENICE,405,S,HV,1,44000,37,51.872,34.01375,-118.419839
772454,PALMS BLVD,405,S,ML,5,44000,37,52.312,34.019097,-118.424066
772455,PALMS BLVD,405,N,ML,5,44000,37,52.312,34.019206,-118.423854
772456,PALMS BLVD,405,S,HV,1,44000,37,52.312,34.019097,-118.424066
772457,PALMS BLVD,405,N,HV,1,44000,37,52.312,34.019206,-118.423854
772466,SEVENTH ST,5,S,OR,1,44000,37,133.17,34.030114,-118.218616
772473,N/B 405 TO S/B 110,405,N,FF,1,,37,36.772,33.857241,-118.285057
772474,N/B 405 TO N/B 110,405,N,FF,1,,37,36.772,33.857241,-118.285057
772475,N/B 405 TO N/B 110,405,N,FF,2,,37,36.772,33.857241,-118.285057
772487,E/O  ROCKY PEAK,118,E,ML,4,,37,33.961,34.273908,-118.627732
772488,E/O  ROCKY PEAK,118,W,ML,4,,37,33.961,34.274157,-118.627753
772489,E/O  ROCKY PEAK,118,E,HV,1,,37,33.961,34.273908,-118.627732
772490,E/O  ROCKY PEAK,118,W,HV,1,,37,33.961,34.274157,-118.627753
772501,3RD ST,110,N,ML,5,44000,37,23.13,34.057029,-118.254921
772502,3RD ST,110,N,OR,1,44000,37,23.13,34.057029,-118.254921
772513,STADIUM WAY,110,N,ML,4,44000,37,24.63,34.070398,-118.235253
772514,STADIUM WAY,110,N,OR,1,44000,37,24.63,34.070398,-118.235253
772518,CULVER,405,N,HV,1,17568,37,51.122,34.004889,-118.412552
772519,CULVER,405,S,HV,1,17568,37,51.122,34.004651,-118.412662
772527,WESTMINSTER,405,S,ML,5,44000,37,52.292,34.018854,-118.423874
772528,WESTMINSTER,405,N,HV,1,44000,37,52.292,34.018964,-118.42366
772529,WESTMINSTER,405,S,HV,1,44000,37,52.292,34.018854,-118.423874
772532,NATIONAL,405,S,HV,1,44000,37,52.932,34.026631,-118.430023
772533,NATIONAL,405,N,HV,1,44000,37,52.932,34.026728,-118.429807
772538,S OF 10,405,S,HV,1,44000,37,53.272,34.030752,-118.433309
772539,S OF 10,405,N,HV,1,44000,37,53.272,34.030852,-118.433072
772564,LAS VIRGENES,101,S,ML,4,90310,37,32.582,34.14622,-118.699888
772582,FALLBROOK,101,S,ML,4,44000,37,27.932,34.163717,-118.62555
772583,FALLBROOK,101,N,ML,4,44000,37,27.959,34.163866,-118.625655
772584,FALLBROOK,101,S,FR,1,44000,37,27.932,34.163717,-118.62555
772596,LOUISE,101,N,ML,5,44000,37,21.159,34.171254,-118.510916
772597,LOUISE,101,S,ML,5,44000,37,21.132,34.171083,-118.510919
772609,CORBIN,101,N,ML,5,44000,37,24.059,34.173613,-118.561137
772610,CORBIN,101,S,ML,5,44000,37,24.032,34.173421,-118.561073
772669,DLC 110 NB TO 5 NB,110,N,ML,8,44000,37,25.34,34.078503,-118.228045
772689,E/B ANAHEIM - N/B710,710,N,ML,4,43000,37,1.84,33.788736,-118.207663
772690,E/B ANAHEIM - N/B710,710,N,OR,1,43000,37,1.84,33.788736,-118.207663
772691,E/B ANAHEIM - N/B710,710,N,FR,1,43000,37,1.84,33.788736,-118.207663
772701,E/B ANAHEIM - S/B710,710,S,ML,5,43000,37,1.84,33.788737,-118.207896
772702,E/B ANAHEIM - S/B710,710,S,OR,1,43000,37,1.84,33.788737,-118.207896
772703,E/B ANAHEIM - S/B710,710,S,FR,1,43000,37,1.84,33.788737,-118.207896
772711,W/B ANAHEIM - S/B710,710,S,ML,4,43000,37,1.84,33.788737,-118.207896
772712,W/B ANAHEIM - S/B710,710,S,OR,1,43000,37,1.84,33.788737,-118.207896
772713,W/B ANAHEIM - S/B710,710,S,FR,1,43000,37,1.84,33.788737,-118.207896
772857,SAN GABRIEL RIVER,210,E,ML,5,36826,37,37.389,34.130657,-117.946351
772858,SAN GABRIEL RIVER,210,W,ML,5,36826,37,37.389,34.130886,-117.946237
772859,SAN GABRIEL RIVER,210,E,HV,1,36826,37,37.389,34.130657,-117.946351
772860,SAN GABRIEL RIVER,210,W,HV,1,36826,37,37.389,34.130886,-117.946237
772872,W/O IRWINDALE,210,E,ML,4,36826,37,37.789,34.128708,-117.939757
772873,W/O IRWINDALE,210,W,ML,5,36826,37,37.789,34.129017,-117.939742
772874,W/O IRWINDALE,210,E,HV,1,36826,37,37.789,34.128708,-117.939757
772875,W/O IRWINDALE,210,W,HV,1,36826,37,37.789,34.129017,-117.939742
772887,ZACHARY PADILLA,210,E,ML,4,36826,37,38.789,34.128935,-117.923112
772888,ZACHARY PADILLA,210,W,ML,4,36826,37,38.789,34.129156,-117.923041
772889,ZACHARY PADILLA,210,E,HV,1,36826,37,38.789,34.128935,-117.923112
772890,ZACHARY PADILLA,210,W,HV,1,36826,37,38.789,34.129156,-117.923041
772902,PASADENA AVE,210,W,ML,4,3386,37,40.189,34.121215,-117.902335
772903,PASADENA AVE,210,E,ML,4,3386,37,40.189,34.120955,-117.902358
772904,PASADENA AVE,210,W,HV,1,3386,37,40.189,34.121215,-117.902335
772905,PASADENA AVE,210,E,HV,1,3386,37,40.189,34.120955,-117.902358
772917,E/B 210-W/O BARRANCA,210,E,ML,4,3386,37,41.389,34.120865,-117.881465
772918,E/B 210-W/O BARRANCA,210,W,ML,4,3386,37,41.389,34.121071,-117.881454
772919,E/B 210-W/O BARRANCA,210,E,HV,1,3386,37,41.389,34.120865,-117.881465
772920,E/B 210-W/O BARRANCA,210,W,HV,1,3386,37,41.389,34.121071,-117.881454
772932,E/O GLENDORA,210,E,ML,4,30014,37,42.589,34.117037,-117.861494
772933,E/O GLENDORA,210,W,ML,4,30014,37,42.589,34.117234,-117.861438
772934,E/O GLENDORA,210,E,HV,1,30014,37,42.589,34.117037,-117.861494
772935,E/O GLENDORA,210,W,HV,1,30014,37,42.589,34.117234,-117.861438
772953,BONNIE COVE,210,E,ML,4,30014,37,42.889,34.117359,-117.85626
772954,BONNIE COVE,210,W,ML,4,30014,37,42.889,34.117587,-117.856255
772955,BONNIE COVE,210,E,HV,1,30014,37,42.889,34.117359,-117.85626
772956,BONNIE COVE,210,W,HV,1,30014,37,42.889,34.117587,-117.856255
772966,AMELIA,210,E,ML,4,30014,37,44.989,34.120153,-117.820582
772967,AMELIA,210,W,ML,4,30014,37,44.989,34.120411,-117.820528
772968,AMELIA,210,E,HV,1,30014,37,44.989,34.120153,-117.820582
772969,AMELIA,210,W,HV,1,30014,37,44.989,34.120411,-117.820528
772980,W/B ANAHEIM- N/B 710,710,N,ML,4,43000,37,1.84,33.788736,-118.207663
772981,W/B ANAHEIM- N/B 710,710,N,FR,1,43000,37,1.84,33.788736,-118.207663
772982,W/B ANAHEIM- N/B 710,710,N,OR,1,43000,37,1.84,33.788736,-118.207663
772999,FROM NB 110 CONN,405,S,ML,5,11530,37,36.372,33.852994,-118.280221
773000,FROM NB 110 CONN,405,N,ML,3,11530,37,36.372,33.853172,-118.280079
773001,FROM NB 110 CONN,405,S,HV,1,11530,37,36.372,33.852994,-118.280221
773002,FROM NB 110 CONN,405,N,HV,1,11530,37,36.372,33.853172,-118.280079
773003,N/B 110 - S/B 405,405,S,FF,2,11530,37,36.372,33.852994,-118.280221
773012,N/O 5,110,S,ML,3,44000,37,25.882,34.084203,-118.220447
773013,N/O 5,110,N,ML,3,44000,37,25.93,34.084087,-118.220354
773023,BROADWAY,101,N,ML,4,44000,37,2.428,34.056973,-118.242279
773024,BROADWAY,101,S,ML,4,44000,37,2.428,34.056861,-118.242427
773047,DOUGLAS / NASH ST,105,E,ML,3,44000,37,1.23,33.931041,-118.38349
773048,DOUGLAS / NASH ST,105,E,OR,1,44000,37,1.23,33.931041,-118.38349
773062,GAREY STREET,101,S,ML,4,44000,37,1.798,34.053512,-118.232514
773063,GAREY STREET,101,S,OR,1,44000,37,1.798,34.053512,-118.232514
773064,GAREY STREET,101,S,FR,1,44000,37,1.798,34.053512,-118.232514
773131,FAIR OAKS OFF,210,E,FF,2,56000,37,25.48,34.15154,-118.146708
773132,FAIR OAKS OFF,210,W,FR,2,56000,37,25.48,34.152216,-118.146794
773154,VAQUERO,210,E,ML,5,2462,37,30.689,34.148585,-118.057432
773155,VAQUERO,210,E,HV,1,2462,37,30.689,34.148585,-118.057432
773179,VAQUERO,210,W,ML,4,2462,37,30.689,34.148892,-118.057432
773180,VAQUERO,210,W,HV,1,2462,37,30.689,34.148892,-118.057432
773193,E OF SECOND,210,E,ML,4,2462,37,32.789,34.143558,-118.022467
773194,E OF SECOND,210,W,ML,5,2462,37,32.789,34.143728,-118.022315
773195,E OF SECOND,210,E,HV,1,2462,37,32.789,34.143558,-118.022467
773196,E OF SECOND,210,W,HV,1,2462,37,32.789,34.143728,-118.022315
773204,NB 605 TO MT. OLIVE,210,W,FF,1,36826,37,36.889,34.133605,-117.954304
773205,EB 210 TO MT. OLIVE,210,W,FF,1,36826,37,36.889,34.133605,-117.954304
773206,SB 605 FROM WB 210,210,W,FF,2,36826,37,36.889,34.133605,-117.954304
773207,NB 605 TO EB 210,210,W,FF,2,36826,37,36.889,34.133605,-117.954304
773221,GARFIELD,60,W,ML,4,48816,37,5.594,34.033226,-118.133609
773222,GARFIELD,60,E,ML,4,48816,37,5.594,34.033031,-118.133612
773232,W/O WILCOX,60,E,ML,4,48816,37,6.974,34.03377,-118.109603
773233,W/O WILCOX,60,W,ML,4,48816,37,6.974,34.033985,-118.109672
773245,W/O GREENWOOD AVE,60,E,ML,5,,37,8.374,34.037734,-118.085774
773246,W/O GREENWOOD AVE,60,W,ML,5,,37,8.374,34.03791,-118.085867
773257,E/O FORD BLVD,60,W,ML,4,,37,3.574,34.036073,-118.167849
773258,E/O FORD BLVD,60,E,ML,4,,37,3.574,34.035882,-118.167827
773273,E/O FETTERLY,60,W,ML,6,,37,3.974,34.03666,-118.160938
773274,E/O FETTERLY,60,E,ML,6,,37,3.974,34.036464,-118.16093
773281,EUCLID,60,E,ML,5,44000,37,1.174,34.028031,-118.208136
773293,E/O GREENWOOD AVE,60,E,ML,5,48914,37,7.774,34.035659,-118.095917
773294,E/O GREENWOOD AVE,60,W,ML,5,48914,37,7.774,34.03582,-118.095997
773304,MARKLAND / WILCOX,60,E,ML,4,48816,37,7.474,34.035592,-118.101149
773305,MARKLAND / WILCOX,60,W,ML,4,48816,37,7.474,34.035797,-118.101226
773316,E/O SAN GABRIEL BLVD,60,W,ML,5,,37,9.141,34.041206,-118.073157
773317,E/O SAN GABRIEL BLVD,60,E,ML,4,,37,9.141,34.041034,-118.073108
773329,E/O SANTA ANITA,60,W,ML,5,,37,10.741,34.038816,-118.045552
773330,E/O SANTA ANITA,60,E,ML,5,,37,10.741,34.038564,-118.045604
773342,W/O SAN GABRIEL BLVD,60,E,ML,5,,37,8.374,34.037734,-118.085774
773343,W/O SAN GABRIEL BLVD,60,W,ML,5,,37,8.374,34.03791,-118.085867
773362,CARMENITA,91,W,ML,4,12552,37,14.698,33.862383,-118.04237
773363,CARMENITA,91,E,ML,4,12552,37,14.698,33.862202,-118.042466
773364,CARMENITA,91,W,FR,1,12552,37,14.698,33.862383,-118.04237
773365,CARMENITA,91,W,HV,1,12552,37,14.698,33.862383,-118.04237
773366,CARMENITA,91,E,HV,1,12552,37,14.698,33.862202,-118.042466
773391,WB 91 TO NB 605,91,W,FF,2,12552,37,10.998,33.87643,-118.101472
773392,WB 91 TO SB 605,91,W,FF,1,12552,37,10.998,33.87643,-118.101472
773393,NB 605 TO WB 91,605,N,FF,1,36490,37,19.052,34.030031,-118.032429
773407,E/O CROSSROAD PKWY,60,W,ML,6,,37,13.341,34.028877,-118.0027
773409,E/O CROSSROAD PKWY,60,E,ML,5,,37,13.341,34.028638,-118.002779
773410,E/O CROSSROAD PKWY,60,E,HV,1,,37,13.341,34.028638,-118.002779
773422,E/O TURNBULL CYN RD,60,W,ML,4,,37,15.541,34.009709,-117.973312
773423,E/O TURNBULL CYN RD,60,W,HV,1,,37,15.541,34.009709,-117.973312
773424,E/O TURNBULL CYN RD,60,E,ML,4,,37,15.541,34.009557,-117.973378
773425,E/O TURNBULL CYN RD,60,E,HV,1,,37,15.541,34.009557,-117.973378
773437,E/O LEMON AVE,60,W,ML,4,19192,37,22.641,33.999193,-117.853162
773438,E/O LEMON AVE,60,W,HV,1,19192,37,22.641,33.999193,-117.853162
773439,E/O LEMON AVE,60,E,ML,4,19192,37,22.641,33.999031,-117.853126
773440,E/O LEMON AVE,60,E,HV,1,19192,37,22.641,33.999031,-117.853126
773458,SEVENTH AVE 1,60,W,ML,4,,37,14.241,34.021646,-117.990029
773459,SEVENTH AVE 1,60,W,HV,1,,37,14.241,34.021646,-117.990029
773460,SEVENTH AVE 1,60,E,ML,5,,37,14.241,34.021504,-117.990223
773461,SEVENTH AVE 1,60,E,HV,1,,37,14.241,34.021504,-117.990223
773462,SEVENTH AVE 1,60,W,OR,1,,37,14.241,34.021646,-117.990029
773463,SEVENTH AVE 1 SB,60,E,FR,1,,37,14.241,34.021504,-117.990223
773473,W/O AZUSA 1,60,E,ML,4,,37,17.141,34.001559,-117.94716
773474,W/O AZUSA 1,60,W,ML,4,,37,17.141,34.001722,-117.947119
773477,W/O AZUSA 1,60,E,HV,1,,37,17.141,34.001559,-117.94716
773478,W/O AZUSA 1,60,W,HV,1,,37,17.141,34.001722,-117.947119
773490,W/O AZUSA 2,60,W,ML,4,,37,17.541,33.999699,-117.94058
773491,W/O AZUSA 2,60,W,HV,1,,37,17.541,33.999699,-117.94058
773492,W/O AZUSA 2,60,E,ML,4,,37,17.541,33.999541,-117.940612
773493,W/O AZUSA 2,60,E,HV,1,,37,17.541,33.999541,-117.940612
773505,E/O FULLERTON,60,E,ML,4,36490,37,20.041,33.994094,-117.897858
773506,E/O FULLERTON,60,E,HV,1,36490,37,20.041,33.994094,-117.897858
773507,E/O FULLERTON,60,E,ML,4,36490,37,20.041,33.994094,-117.897858
773508,E/O FULLERTON,60,E,HV,1,36490,37,20.041,33.994094,-117.897858
773520,E/O AZUSA 2,60,E,ML,4,,37,18.641,33.995684,-117.922099
773521,E/O AZUSA 2,60,E,HV,1,,37,18.641,33.995684,-117.922099
773522,E/O AZUSA 2,60,W,ML,4,,37,18.641,33.995952,-117.922059
773523,E/O AZUSA 2,60,W,HV,1,,37,18.641,33.995952,-117.922059
773535,W/O FAIRWAY DR,60,E,ML,4,36490,37,21.141,33.994885,-117.878772
773536,W/O FAIRWAY DR,60,E,HV,1,36490,37,21.141,33.994885,-117.878772
773537,W/O FAIRWAY DR,60,W,ML,4,36490,37,21.141,33.99513,-117.87881
773538,W/O FAIRWAY DR,60,W,HV,1,36490,37,21.141,33.99513,-117.87881
773542,W/O TURNBULL,60,W,HV,1,,37,15.121,34.012079,-117.980022
773543,W/O TURNBULL,60,E,HV,1,,37,15.121,34.011912,-117.980122
773638,SILVER LAKE,101,N,OR,1,44000,37,5.188,34.077518,-118.282724
773647,LA BREA 1,10,W,ML,4,44000,37,8.245,34.034377,-118.350928
773656,SB 405 TO EB 105,105,E,ML,3,32548,37,2.82,33.933059,-118.356686
773657,SB 405 TO EB 105,105,E,OR,1,32548,37,2.82,33.933059,-118.356686
773658,SB 405 TO EB 105,105,E,HV,1,32548,37,2.82,33.933059,-118.356686
773668,ROCKY PEAK 1,118,W,HV,1,,111,33.411,34.268605,-118.634966
773711,SPRING STREET,605,S,ML,4,70686,37,2.432,33.811752,-118.08157
773712,SPRING STREET,605,N,ML,4,70686,37,2.432,33.811752,-118.081294
773723,223RD STREET,605,N,ML,4,43000,37,3.552,33.827898,-118.082496
773724,223RD STREET,605,S,ML,4,43000,37,3.552,33.827839,-118.082741
773736,195TH STREET,605,N,ML,4,12552,37,5.352,33.851922,-118.09452
773737,195TH STREET,605,S,ML,4,12552,37,5.352,33.851874,-118.094684
773743,ROUTE 605 / ROUTE 91,605,N,ML,4,12552,37,7.152,33.877092,-118.102657
773749,ROUTE 605 / ROUTE 91,605,N,ML,4,12552,37,7.252,33.878493,-118.103113
773773,RAMONA BOULEVARD,605,S,ML,4,3666,37,23.652,34.085128,-117.996724
773774,RAMONA BOULEVARD,605,N,ML,4,3666,37,23.652,34.085033,-117.996438
773784,RIVERGRADE ROAD,605,S,ML,4,36826,37,24.752,34.09799,-117.985785
773785,RIVERGRADE ROAD,605,N,ML,4,36826,37,24.752,34.097894,-117.98553
773795,ARROW HIGHWAY,605,N,ML,4,36826,37,26.552,34.12006,-117.970742
773796,ARROW HIGHWAY,605,S,ML,4,36826,37,26.552,34.120181,-117.970962
773798,ROUTE 605/ ROUTE 210,605,S,ML,4,36826,37,27.052,34.125606,-117.965149
773807,ROUTE 605/ ROUTE 210,605,N,ML,4,36826,37,27.052,34.125482,-117.964907
773869,PARISH PL,134,E,ML,4,8954,37,3.4,34.154966,-118.317908
773870,PARISH PL,134,W,ML,4,8954,37,3.4,34.155158,-118.317885
773871,PARISH PL,134,E,HV,1,8954,37,3.4,34.154966,-118.317908
773872,PARISH PL,134,W,HV,1,8954,37,3.4,34.155158,-118.317885
773880,W/O PASS,134,E,ML,4,44000,37,2.0,34.153816,-118.341876
773881,W/O PASS,134,E,HV,1,44000,37,2.0,34.153816,-118.341876
773882,W/O PASS,134,E,FR,1,44000,37,2.0,34.153816,-118.341876
773890,W/O BOB HOPE,134,E,ML,4,44000,37,2.3,34.152957,-118.336851
773891,W/O BOB HOPE,134,E,HV,1,44000,37,2.3,34.152957,-118.336851
773892,W/O BOB HOPE,134,E,FR,1,44000,37,2.3,34.152957,-118.336851
773904,W/O RIVERSIDE,134,E,ML,4,44000,37,4.8,34.155227,-118.294082
773906,W/O RIVERSIDE,134,W,ML,4,44000,37,4.8,34.155435,-118.294082
773907,W/O RIVERSIDE,134,E,HV,1,44000,37,4.8,34.155227,-118.294082
773908,W/O RIVERSIDE,134,W,HV,1,44000,37,4.8,34.155435,-118.294082
773916,RTE 5 SB,134,E,ML,3,44000,37,5.5,34.152202,-118.282684
773917,RTE 5 SB,134,E,FF,2,44000,37,5.5,34.152202,-118.282684
773927,RTE 5 / ZOO DR,134,E,ML,4,44000,37,5.7,34.152895,-118.279266
773928,RTE 5 / ZOO DR,134,E,OR,1,44000,37,5.7,34.152895,-118.279266
773939,VINELAND NB,134,W,ML,3,44000,37,0.38,34.153052,-118.36974
773940,VINELAND NB,134,W,OR,1,44000,37,0.38,34.153052,-118.36974
773941,VINELAND NB,134,W,FF,2,44000,37,0.38,34.153052,-118.36974
773953,W/O VICTORY,134,E,ML,4,44000,37,5.0,34.155081,-118.290573
773954,W/O VICTORY,134,W,ML,4,44000,37,5.0,34.155428,-118.29055
773955,W/O VICTORY,134,E,HV,1,44000,37,5.0,34.155081,-118.290573
773956,W/O VICTORY,134,W,HV,1,44000,37,5.0,34.155428,-118.29055
773974,OAKVIEW,134,E,ML,4,44000,37,9.23,34.145484,-118.221919
773975,OAKVIEW,134,W,ML,4,44000,37,9.213,34.14568,-118.221874
773976,OAKVIEW,134,E,HV,1,44000,37,9.23,34.145484,-118.221919
773977,OAKVIEW,134,W,HV,1,44000,37,9.213,34.14568,-118.221874
773978,OAKVIEW,134,E,FF,2,44000,37,9.23,34.145484,-118.221919
773979,OAKVIEW,134,W,FF,2,44000,37,9.213,34.14568,-118.221874
773980,OAKVIEW,134,W,FF,1,44000,37,9.213,34.14568,-118.221874
773995,FM 2 NB TO 134 EB,134,E,ML,5,44000,37,9.59,34.144881,-118.215655
773996,FM 2 NB TO 134 EB,134,W,ML,5,44000,37,9.573,34.145076,-118.215608
773997,FM 2 NB TO 134 EB,134,E,HV,1,44000,37,9.59,34.144881,-118.215655
773998,FM 2 NB TO 134 EB,134,W,HV,1,44000,37,9.573,34.145076,-118.215608
774011,TOWNSEND,134,E,ML,4,44000,37,10.66,34.147884,-118.197557
774012,TOWNSEND,134,W,ML,4,44000,37,10.643,34.148107,-118.197509
774013,TOWNSEND,134,E,HV,1,44000,37,10.66,34.147884,-118.197557
774014,TOWNSEND,134,W,HV,1,44000,37,10.643,34.148107,-118.197509
774031,COLORADO,134,E,ML,4,44000,37,11.64,34.141573,-118.182594
774032,COLORADO,134,W,ML,4,44000,37,11.623,34.141843,-118.182666
774033,COLORADO,134,E,HV,1,44000,37,11.64,34.141573,-118.182594
774034,COLORADO,134,W,HV,1,44000,37,11.623,34.141843,-118.182666
774035,COLORADO,134,E,OR,1,44000,37,11.64,34.141573,-118.182594
774037,COLORADO,134,W,FR,2,44000,37,11.623,34.141843,-118.182666
774053,FM 2 SB TO 134,134,W,ML,4,30000,37,8.403,34.15084,-118.234258
774054,FM 2 SB TO 134,134,E,ML,4,30000,37,8.42,34.15068,-118.234471
774055,FM 2 SB TO 134,134,W,HV,1,30000,37,8.403,34.15084,-118.234258
774056,FM 2 SB TO 134,134,E,HV,1,30000,37,8.42,34.15068,-118.234471
774057,FM 2 SB TO 134,134,W,FF,1,30000,37,8.403,34.15084,-118.234258
774058,FM 2 SB TO 134,134,E,FF,2,30000,37,8.42,34.15068,-118.234471
774067,FM 5 NB,134,W,ML,3,44000,37,5.39,34.153547,-118.284244
774068,5 N - 134 W,134,W,FF,2,44000,37,5.39,34.153547,-118.284244
774069,FM 5 NB,134,W,FR,1,44000,37,5.39,34.153547,-118.284244
774070,FM 5 NB,134,W,OR,1,44000,37,5.39,34.153547,-118.284244
774078,170 S - 134 E,134,E,FF,2,44000,37,0.0,34.153163,-118.376417
774079,101 S - 134 E,134,E,FF,2,44000,37,0.0,34.153163,-118.376417
774080,RTE 170 / RTE 101,134,E,FR,2,44000,37,0.0,34.153163,-118.376417
774085,FM 5 to 405,405,N,HV,1,44000,37,72.072,34.287473,-118.467596
774092,S OF 210,5,N,ML,5,44000,37,160.02,34.311851,-118.487084
774093,S OF 210,5,N,HV,1,44000,37,160.02,34.311851,-118.487084
774095,JEFFERSON,405,N,HV,1,17568,37,49.772,33.98849,-118.399537
774097,HOWARD HUGHES PKWY,405,N,HV,1,44000,37,48.872,33.978135,-118.390097
774099,VENICE,405,N,HV,1,17568,37,51.582,34.010379,-118.41687
774101,BRADDOCK,405,S,HV,1,44000,37,50.612,33.998479,-118.407756
774105,N OF 90,405,S,HV,1,17568,37,49.922,33.990121,-118.401139
774106,N OF 90,405,N,HV,1,17568,37,49.922,33.990323,-118.400988
774108,JEFFERSON,405,S,HV,1,,37,49.602,33.986242,-118.398076
774112,VENICE,405,S,HV,1,17568,37,51.572,34.010121,-118.416943
774125,W/B 60 BY PASS/GRAND,60,W,ML,4,19192,37,22.921,33.999966,-117.848396
774126,W/B 60 BY PASS/GRAND,60,W,HV,1,19192,37,22.921,33.999966,-117.848396
774127,W/B 60 BY PASS/GRAND,60,W,OR,1,19192,37,22.921,33.999966,-117.848396
774140,LANKERSHIM,101,N,OR,1,44000,37,11.878,34.139643,-118.365139
774150,ARTESIA,710,S,OR,1,43000,37,7.84,33.873014,-118.193822
774151,ARTESIA,710,S,FF,1,43000,37,7.84,33.873014,-118.193822
774164,E/O BREA CANYON RD,60,E,ML,4,19192,37,23.441,34.001268,-117.839546
774165,E/O BREA CANYON RD,60,W,ML,4,19192,37,23.441,34.001459,-117.839573
774166,E/O BREA CANYON RD,60,E,HV,1,19192,37,23.441,34.001268,-117.839546
774167,E/O BREA CANYON RD,60,E,HV,1,19192,37,23.441,34.001268,-117.839546
774180,57 N TO 60 E CONN.,60,E,ML,4,19192,37,23.841,34.002482,-117.832788
774181,57 N TO 60 E CONN.,60,W,ML,4,19192,37,23.841,34.00266,-117.832837
774182,57 N TO 60 E CONN.,60,E,HV,1,19192,37,23.841,34.002482,-117.832788
774183,57 N TO 60 E CONN.,60,W,HV,1,19192,37,23.841,34.00266,-117.832837
774189,MARENGO,5,N,OR,1,44000,37,135.403,34.059886,-118.214755
774193,PACIFIC,710,N,FF,2,43000,37,4.76,33.830873,-118.208577
774204,ALAMEDA 2 NB,134,W,ML,4,44000,37,1.92,34.154161,-118.343375
774205,ALAMEDA 2 NB,134,W,OR,1,44000,37,1.92,34.154161,-118.343375
774206,ALAMEDA 2 NB,134,W,HV,1,44000,37,1.92,34.154161,-118.343375
774216,E/O MINDANAO WAY,90,W,ML,3,44000,37,0.079,33.984448,-118.441266
774217,E/O MINDANAO WAY,90,E,ML,3,44000,37,0.079,33.984216,-118.441188
774226,E/O LINCOLN,90,W,ML,2,44000,37,0.009,33.984652,-118.442457
774227,E/O LINCOLN,90,E,ML,3,44000,37,0.009,33.984496,-118.442338
774235,E/O BALLONA CREEK,90,W,ML,3,44000,37,0.319,33.983698,-118.4372
774236,E/O BALLONA CREEK,90,E,ML,3,44000,37,0.319,33.982842,-118.437453
774244,E/O CULVER,90,E,ML,2,44000,37,0.009,33.984496,-118.442338
774245,E/O CULVER,90,W,ML,2,44000,37,0.009,33.984652,-118.442457
774246,E/O CULVER,90,E,OR,1,44000,37,0.009,33.984496,-118.442338
774247,E/O CULVER,90,E,FR,1,44000,37,0.009,33.984496,-118.442338
774258,MT OLIVE TO EB 210,605,S,OR,1,36826,37,27.952,34.133594,-117.953454
774260,MT OLIVE TO SB 605,605,S,OR,1,36826,37,27.952,34.133594,-117.953454
774261,EB 210 TO MT OLIVE,605,S,FF,1,36826,37,27.952,34.133594,-117.953454
774262,WB 210 TO MT OLIVE,605,S,FR,1,36826,37,27.952,34.133594,-117.953454
774263,MT OLIVE TO WB 210,605,S,OR,1,36826,37,27.952,34.133594,-117.953454
774264,NB 605 TO MT OLIVE,605,S,FF,1,36826,37,27.952,34.133594,-117.953454
774278,W/O RTE 405,90,W,ML,3,44000,37,2.466,33.988276,-118.40316
774279,W/O RTE 405,90,E,ML,3,44000,37,2.466,33.988048,-118.402906
774280,90 E - 405 S,90,E,FF,2,44000,37,2.466,33.988048,-118.402906
774281,90 E - 405 N,90,E,FF,1,44000,37,2.466,33.988048,-118.402906
774282,405 S - 90 W,90,W,FF,1,44000,37,2.466,33.988276,-118.40316
774301,CENTINELA,90,W,ML,3,44000,37,0.689,33.982569,-118.43092
774302,CENTINELA,90,E,ML,4,44000,37,0.689,33.981692,-118.431248
774303,CENTINELA,90,W,OR,1,44000,37,0.689,33.982569,-118.43092
774304,CENTINELA,90,E,OR,1,44000,37,0.689,33.981692,-118.431248
774305,CENTINELA,90,E,FR,1,44000,37,0.689,33.981692,-118.431248
774327,AVALON 1,405,S,ML,4,11530,37,34.972,33.838786,-118.263002
774328,AVALON 1,405,S,OR,1,11530,37,34.972,33.838786,-118.263002
774329,AVALON 1,405,S,HV,1,11530,37,34.972,33.838786,-118.263002
774344,NO. OF 210,5,S,ML,4,44000,37,160.547,34.318789,-118.493056
774345,NO. OF 210,5,S,HV,1,44000,37,160.547,34.318789,-118.493056
774346,5 S TO 210 E,5,S,FF,3,44000,37,160.547,34.318789,-118.493056
774347,5 S TRUCK TO 5 S,5,S,FF,2,44000,37,160.547,34.318789,-118.493056
774348,5 S TRUCK TO 210 E,5,S,FF,1,44000,37,160.547,34.318789,-118.493056
774358,NORTH OF MILLER WAY,710,S,ML,4,73080,37,12.707,33.9392,-118.171985
774359,NORTH OF MILLER WAY,710,N,ML,4,73080,37,12.707,33.939137,-118.171805
774372,NORTH OF LONG BEACH,710,S,ML,5,43000,37,7.54,33.868933,-118.195568
774373,NORTH OF LONG BEACH,710,N,ML,6,43000,37,7.54,33.868842,-118.1953
774377,TEMPLIN,5,N,OR,1,,37,182.44,34.571045,-118.689102
774389,WILLOW STREET,710,S,ML,3,43000,37,3.05,33.806185,-118.207378
774390,WILLOW STREET,710,S,OR,1,43000,37,3.05,33.806185,-118.207378
774391,WILLOW STREET,710,S,FR,1,43000,37,3.05,33.806185,-118.207378
774411,WILLOW STREET,710,N,ML,3,43000,37,3.05,33.806183,-118.207214
774412,WILLOW STREET,710,N,OR,1,43000,37,3.05,33.806183,-118.207214
774413,WILLOW STREET,710,N,FR,1,43000,37,3.05,33.806183,-118.207214
774440,TYLER AVE,10,E,ML,5,22230,37,27.6,34.067931,-118.034889
774441,TYLER AVE,10,W,ML,5,22230,37,27.6,34.068121,-118.034859
774442,TYLER AVE,10,W,HV,2,22230,37,27.6,34.068121,-118.034859
774443,TYLER AVE,10,E,HV,1,22230,37,27.6,34.067931,-118.034889
774444,SO OF 405,710,N,ML,3,43000,37,4.29,33.82419,-118.20687
774445,SO OF 405,710,S,ML,3,43000,37,4.29,33.824173,-118.207084
774458,NB 710 CONN,710,N,CD,2,43000,37,4.29,33.82419,-118.20687
774459,NB 710 TO SB 405,710,N,FF,1,43000,37,4.29,33.82419,-118.20687
774460,SB 710 TO SB 405,710,S,FF,1,43000,37,4.29,33.824173,-118.207084
774461,NB 405 TO SB 710,710,S,FF,1,43000,37,4.29,33.824173,-118.207084
774475,PHILLIPS RANCH RD,60,E,ML,4,58072,37,27.941,34.025037,-117.774955
774476,PHILLIPS RANCH RD,60,E,HV,1,58072,37,27.941,34.025037,-117.774955
774477,PHILLIPS RANCH RD,60,E,FR,1,58072,37,27.941,34.025037,-117.774955
774478,PHILLIPS RANCH RD,60,E,OR,1,58072,37,27.941,34.025037,-117.774955
774491,PHILLIPS RANCH W/B,60,W,ML,4,58072,37,28.141,34.024242,-117.771627
774492,PHILLIPS RANCH W/B,60,W,HV,1,58072,37,28.141,34.024242,-117.771627
774493,PHILLIPS RANCH W/B,60,W,OR,1,58072,37,28.141,34.024242,-117.771627
774502,REYES ADOBE,101,S,FR,1,394,37,37.402,34.146952,-118.779156
774538,S/B 710 TO W/B 10,10,W,FF,1,48914,37,19.76,34.061419,-118.16711
774539,N/B 710 TO W/B 10,10,W,FF,1,48914,37,19.76,34.061419,-118.16711
774544,TO S/B 5,10,W,FF,2,44000,37,17.488,34.054081,-118.204242
774549,N/B 710 TO W/B 10,10,E,FF,2,,37,19.54,34.061366,-118.170554
774550,CONN  W/B 10,10,E,CD,1,,37,19.54,34.061366,-118.170554
774556,N/B 5 - E/B 10,10,E,FF,2,44000,37,17.25,34.053806,-118.208214
774557,W/B 10 - S/B 5,10,W,FF,3,44000,37,17.25,34.053995,-118.208218
774562,MILLER,10,E,HV,1,,37,19.16,34.059092,-118.176399
774563,MILLER,10,E,FR,1,,37,19.16,34.059092,-118.176399
774564,N/B 710 - W/B 10,10,W,FF,2,,37,19.16,34.059334,-118.176508
774576,N710 - E10,10,E,FF,1,48914,37,20.04,34.061918,-118.162504
774577,S710 - E10,10,E,FF,1,48914,37,20.04,34.061918,-118.162504
774578,W10 - S710,10,W,FF,2,48914,37,20.04,34.062304,-118.162695
774579,W10 - N710,10,W,FF,1,48914,37,20.04,34.062304,-118.162695
774580,BUSWAY  TO N710,10,W,FF,1,48914,37,20.04,34.062304,-118.162695
774592,W OF 710,10,E,OR,1,48914,37,19.75,34.061277,-118.167246
774593,W OF 710,10,W,FR,1,48914,37,19.75,34.061442,-118.167268
774594,TO N/B 710,10,E,FF,2,48914,37,19.75,34.061277,-118.167246
774595,TO S/B 710,10,E,FF,1,48914,37,19.75,34.061277,-118.167246
774596,TO N/B 710,10,E,FF,1,48914,37,19.75,34.061277,-118.167246
774597,W/B COLLECTOR,10,E,FF,1,48914,37,19.75,34.061277,-118.167246
774598,TO S/B 710,10,W,FF,2,48914,37,19.75,34.061442,-118.167268
774599,W OF 710,10,W,FR,1,48914,37,19.75,34.061442,-118.167268
774604,TO 710,10,E,FF,2,,37,19.29,34.059959,-118.174416
774605,FROM 710,10,W,FF,2,,37,19.29,34.060186,-118.174504
774614,HOOVER,105,E,ML,3,44000,37,7.2,33.928478,-118.284031
774615,HOOVER,105,E,HV,1,44000,37,7.2,33.928478,-118.284031
774619,SEVENTH AVE 2,60,E,HV,1,,37,14.641,34.016966,-117.985864
774620,SEVENTH AVE 2,60,W,HV,1,,37,14.641,34.017093,-117.985713
774623,HINNEN,60,E,HV,1,,37,16.701,34.003773,-117.954366
774624,HINNEN,60,W,HV,1,,37,16.701,34.003931,-117.95432
774627,HACIENDA 1,60,E,HV,1,,37,16.05,34.00704,-117.965027
774630,AZUSA 1,60,E,HV,1,,37,18.082,33.99693,-117.931711
774632,AZUSA 2,60,E,HV,1,,37,18.289,33.996445,-117.928156
774634,E/O AZUSA 1,60,W,HV,1,,37,18.491,33.996291,-117.924633
774636,FULLERTON 1,60,E,HV,1,36490,37,19.578,33.994088,-117.905929
774639,FULLERTON 2,60,E,HV,1,36490,37,19.77,33.99407,-117.902583
774641,NOGALES 1,60,E,HV,1,36490,37,20.527,33.994082,-117.889386
774644,NOGALES 2,60,E,HV,1,36490,37,20.67,33.994022,-117.886895
774646,FAIRWAY 1,60,E,HV,1,36490,37,21.604,33.996139,-117.870843
774648,FAIRWAY 2,60,E,HV,1,36490,37,21.835,33.996758,-117.866888
774650,BREA CANYON,60,E,HV,1,19192,37,23.087,34.000356,-117.845569
774658,8TH,110,N,ML,4,44000,37,22.24,34.048162,-118.265992
774659,8TH,110,S,CD,2,44000,37,22.24,34.04828,-118.266145
774671,14TH STREET,110,S,ML,3,44000,37,21.63,34.042012,-118.273319
774672,14TH STREET,110,N,ML,3,44000,37,21.63,34.041951,-118.273107
774673,14TH STREET,110,S,FF,2,44000,37,21.63,34.042012,-118.273319
774685,11TH STREET,110,N,ML,5,44000,37,22.03,34.046357,-118.268913
774687,11TH STREET,110,N,OR,1,44000,37,22.03,34.046357,-118.268913
774703,120TH STREET,110,S,ML,4,44000,37,13.33,33.922722,-118.281671
774704,120TH STREET,110,N,ML,5,44000,37,13.33,33.922709,-118.281293
774705,120TH STREET,110,S,HV,2,44000,37,13.33,33.922722,-118.281671
774706,120TH STREET,110,S,FF,1,44000,37,13.33,33.922722,-118.281671
774712,CONNECTOR TO 405,110,S,FF,2,,37,8.83,33.85875,-118.284833
774713,CONNECTOR TO 405,110,S,FF,2,,37,8.83,33.85875,-118.284833
774728,E/O SAN ANTONIO,10,W,ML,4,58072,37,45.7,34.08172,-117.728629
774729,E/O SAN ANTONIO,10,E,ML,4,58072,37,45.7,34.081536,-117.728631
774730,E/O SAN ANTONIO,10,W,HV,1,58072,37,45.7,34.08172,-117.728629
774731,E/O SAN ANTONIO,10,E,HV,1,58072,37,45.7,34.081536,-117.728631
774743,E/O COLLEGE,10,W,ML,4,13756,37,46.7,34.081976,-117.71118
774744,E/O COLLEGE,10,E,ML,4,13756,37,46.7,34.081798,-117.711187
774745,E/O COLLEGE,10,W,HV,1,13756,37,46.7,34.081976,-117.71118
774746,E/O COLLEGE,10,E,HV,1,13756,37,46.7,34.081798,-117.711187
774783,N/O RTE 10,57,N,FF,2,,37,19.817,34.069319,-117.807688
774787,RTE 10 EB,57,S,FF,2,,37,19.822,34.068075,-117.807668
774799,E/O CIENEGA AVE,57,N,ML,5,66070,37,22.317,34.102685,-117.819622
774800,E/O CIENEGA AVE,57,S,ML,5,66070,37,22.402,34.10267,-117.819835
774812,N/O PATHFINDER,57,S,ML,5,19192,37,15.882,33.998818,-117.837988
774813,N/O PATHFINDER,57,N,ML,5,19192,37,15.797,33.998678,-117.837798
774826,S/O BREA CANYON RD,57,N,ML,4,,37,12.437,33.953364,-117.863075
774827,S/O BREA CANYON RD,57,S,ML,4,,37,12.522,33.953336,-117.863361
774828,S/O BREA CANYON RD,57,N,HV,1,,37,12.437,33.953364,-117.863075
774829,S/O BREA CANYON RD,57,S,HV,1,,37,12.522,33.953336,-117.863361
774841,N/O POMONA,57,N,ML,5,58072,37,18.617,34.052554,-117.802449
774842,N/O POMONA,57,S,ML,5,58072,37,18.702,34.052501,-117.802728
774854,N/O COLD SPRING LN,57,N,ML,4,19192,37,14.427,33.976502,-117.842562
774855,N/O COLD SPRING LN,57,S,ML,4,19192,37,14.512,33.976527,-117.842817
774856,N/O COLD SPRING LN,57,N,HV,1,19192,37,14.427,33.976502,-117.842562
774857,N/O COLD SPRING LN,57,S,HV,1,19192,37,14.512,33.976527,-117.842817
774865,S/O SUNSET CROSSING,57,S,ML,3,19192,37,16.702,34.024519,-117.812703
774866,S/O SUNSET CROSSING,57,N,ML,3,19192,37,16.617,34.024465,-117.812463
774877,STATE ST,57,N,ML,4,58072,37,17.427,34.036774,-117.805975
774878,STATE ST,57,S,ML,4,58072,37,17.512,34.036865,-117.806244
774890,W/O GLADSTONE ST,57,S,ML,5,66070,37,23.002,34.11142,-117.823902
774891,W/O GLADSTONE ST,57,S,ML,5,66070,37,23.002,34.11142,-117.823902
774901,RTE 10 EB,57,S,ML,3,,37,19.822,34.068075,-117.807668
774902,RTE 10 EB,57,N,ML,3,,37,19.737,34.068185,-117.807434
774903,RTE 10 EB,57,S,FF,2,,37,19.822,34.068075,-117.807668
774926,57 SB TO 60 WB,60,W,ML,6,19192,37,25.141,34.016653,-117.81781
774927,57 SB TO 60 WB,60,E,ML,6,19192,37,25.141,34.016499,-117.817563
774928,57 SB TO 60 WB,60,W,HV,1,19192,37,25.141,34.016653,-117.81781
774929,57 SB TO 60 WB,60,E,HV,1,19192,37,25.141,34.016499,-117.817563
774930,57 SB TO 60 WB,60,W,FF,3,19192,37,25.141,34.016653,-117.81781
774946,WEST OF GRAND,60,W,ML,6,19192,37,24.341,34.007487,-117.826362
774947,WEST OF GRAND,60,E,ML,6,19192,37,24.341,34.007264,-117.826181
774948,WEST OF GRAND,60,W,HV,1,19192,37,24.341,34.007487,-117.826362
774949,WEST OF GRAND,60,E,HV,1,19192,37,24.341,34.007264,-117.826181
774958,GRAND,60,W,ML,6,19192,37,24.741,34.011894,-117.821807
774959,GRAND,60,W,HV,1,19192,37,24.741,34.011894,-117.821807
774968,CROSSROADS,60,E,HV,1,36490,37,12.849,34.028963,-118.01128
774990,IRWINDALE 1,210,E,FR,2,36826,37,38.069,34.129374,-117.934937
774994,VAN NUYS,101,N,FR,2,44000,37,17.386,34.15746,-118.450006
775012,CARMENITA,5,N,ML,3,69154,37,118.903,33.892607,-118.044468
775029,E/O FRANCISQUITO AVE,10,W,ML,4,3666,37,31.0,34.06828,-117.976897
775030,E/O FRANCISQUITO AVE,10,E,ML,4,3666,37,31.0,34.068079,-117.976855
775031,E/O FRANCISQUITO AVE,10,W,HV,1,3666,37,31.0,34.06828,-117.976897
775032,E/O FRANCISQUITO AVE,10,E,HV,1,3666,37,31.0,34.068079,-117.976855
775083,VAN NUYS,101,S,FR,2,44000,37,17.127,34.156121,-118.44689
775100,MISSION BLVD,71,S,ML,2,58072,37,1.935,34.052705,-117.780575
775101,MISSION BLVD,71,N,ML,2,58072,37,1.904,34.055022,-117.782658
775102,MISSION BLVD,71,S,OR,1,58072,37,1.935,34.052705,-117.780575
775103,MISSION BLVD,71,N,FR,1,58072,37,1.904,34.055022,-117.782658
775120,SO. OF SKIRBALL,405,N,ML,5,44000,37,60.172,34.11879,-118.481253
775121,SO. OF SKIRBALL,405,S,ML,4,44000,37,60.172,34.118968,-118.481445
775122,SO. OF SKIRBALL,405,N,HV,1,44000,37,60.172,34.11879,-118.481253
775123,SO. OF SKIRBALL,405,S,HV,1,44000,37,60.172,34.118968,-118.481445
775136,SO OF GETTY CNTR DR,405,S,ML,4,44000,37,57.962,34.088256,-118.475372
775137,SO OF GETTY CNTR DR,405,N,ML,5,44000,37,57.962,34.088064,-118.475109
775138,SO OF GETTY CNTR DR,405,S,HV,1,44000,37,57.962,34.088256,-118.475372
775139,SO OF GETTY CNTR DR,405,N,HV,1,44000,37,57.962,34.088064,-118.475109
775155,NO OF SANTA MONICA,405,N,ML,6,,37,55.072,34.052632,-118.449662
775156,NO OF SANTA MONICA,405,S,ML,6,,37,55.072,34.052538,-118.449904
775157,NO OF SANTA MONICA,405,N,HV,1,,37,55.072,34.052632,-118.449662
775158,NO OF SANTA MONICA,405,S,HV,1,,37,55.072,34.052538,-118.449904
775165,S/B 405 - NO OF 10,405,S,ML,4,44000,37,53.542,34.033563,-118.436492
775166,S/B 405 - NO OF 10,405,S,HV,1,44000,37,53.542,34.033563,-118.436492
775169,LA GRANGE,405,S,HV,1,44000,37,54.242,34.042214,-118.442698
775170,LA GRANGE,405,N,HV,1,44000,37,54.242,34.042287,-118.44249
775183,N/O SEPULVEDA,405,N,ML,5,44000,37,58.992,34.102985,-118.477246
775184,N/O SEPULVEDA,405,S,ML,4,44000,37,58.992,34.102911,-118.477469
775185,N/O SEPULVEDA,405,N,HV,1,44000,37,58.992,34.102985,-118.477246
775186,N/O SEPULVEDA,405,S,HV,1,44000,37,58.992,34.102911,-118.477469
775191,SUNSET 2,405,N,HV,1,44000,37,56.732,34.07238,-118.466123
775193,BEL AIR CR,405,N,HV,1,44000,37,59.572,34.11048,-118.481488
775199,PICO,405,N,HV,1,44000,37,53.902,34.038204,-118.439159
775200,PICO,405,S,HV,1,44000,37,53.902,34.038114,-118.439397
775205,MULHOLLAND,405,N,HV,1,44000,37,60.702,34.125144,-118.47636
775211,SKIRBALL/MULHOLLAND,405,S,FR,1,44000,37,60.322,34.120834,-118.480151
775214,ROYAL RIDGE,405,S,HV,1,44000,37,61.342,34.133964,-118.47252
775217,WOODCREST,405,N,HV,1,44000,37,61.912,34.141958,-118.471286
775225,VALLEY VISTA,405,N,ML,6,44000,37,62.192,34.145971,-118.470484
775226,VALLEY VISTA,405,N,HV,1,44000,37,62.192,34.145971,-118.470484
775230,MORAGA,405,N,HV,1,44000,37,57.192,34.077939,-118.470493
775239,SUNSET 1,405,S,ML,4,44000,37,56.672,34.071567,-118.465753
775240,SUNSET 1,405,S,HV,1,44000,37,56.672,34.071567,-118.465753
775249,CASHMERE,405,S,ML,4,,37,56.172,34.065723,-118.460607
775250,CASHMERE,405,N,HV,1,,37,56.172,34.065808,-118.460396
775251,CASHMERE,405,S,HV,1,,37,56.172,34.065723,-118.460607
775261,WATERFORD,405,N,ML,5,,37,55.882,34.0624,-118.457437
775262,WATERFORD,405,S,HV,1,,37,55.882,34.062316,-118.45765
775263,WATERFORD,405,N,HV,1,,37,55.882,34.0624,-118.457437
775266,GETTY 2,405,N,HV,1,44000,37,58.482,34.095833,-118.476524
775270,GETTY 2,405,S,FR,1,44000,37,58.502,34.096057,-118.47685
775276,WILSHIRE 1,405,S,HV,1,,37,55.162,34.053695,-118.450603
775280,WILSHIRE 2,405,S,HV,1,,37,55.432,34.056927,-118.453241
775286,WILSHIRE2,405,N,HV,1,,37,55.342,34.055946,-118.452118
775290,SANTA MONICA,405,S,HV,1,44000,37,54.572,34.046105,-118.44607
775302,RICE 1,101,N,ML,3,54652,111,59.579,34.222669,-119.141683
775303,RICE 1,101,N,OR,1,54652,111,59.579,34.222669,-119.141683
775304,RICE 1,101,N,FR,2,54652,111,59.579,34.222669,-119.141683
775314,RICE,101,S,ML,3,54652,111,59.552,34.22247,-119.141616
775315,RICE,101,S,OR,1,54652,111,59.552,34.22247,-119.141616
775321,SANTA MONICA,405,N,HV,1,44000,37,54.722,34.047963,-118.44737
775325,MARENGO,5,S,FF,2,44000,37,135.34,34.059821,-118.21496
775328,HACIENDA 1,60,W,HV,1,,37,15.926,34.007796,-117.967006
775333,NOGALES 2,60,W,HV,1,36490,37,20.611,33.994278,-117.887951
775335,HACIENDA 2,60,E,HV,1,,37,16.267,34.00595,-117.961474
775337,AZUSA 1,60,W,HV,1,,37,17.914,33.997861,-117.934463
775339,AZUSA 2,60,W,HV,1,,37,18.146,33.996988,-117.930569
775341,E/O AZUSA 1,60,E,HV,1,,37,18.491,33.996031,-117.924675
775343,FULLERTON 1,60,W,HV,1,36490,37,19.457,33.994315,-117.908028
775345,FULLERTON 2,60,W,HV,1,36490,37,19.662,33.994314,-117.904466
775347,NOGALES 1,60,W,HV,1,36490,37,20.484,33.9943,-117.89016
775349,FAIRWAY 1,60,W,HV,1,36490,37,21.446,33.995892,-117.873582
775352,W OF LEMON,60,E,HV,1,36490,37,22.441,33.998463,-117.856533
775353,W OF LEMON,60,W,HV,1,36490,37,22.441,33.99864,-117.856574
775355,BREA CANYON,60,W,HV,1,19192,37,22.936,34.00001,-117.848141
775365,RICE 2,101,N,ML,4,54652,111,59.699,34.222807,-119.143772
775366,RICE 2,101,N,OR,1,54652,111,59.699,34.222807,-119.143772
775390,TERRA BELLA,5,S,HV,1,44000,37,154.41,34.249183,-118.427257
775391,TERRA BELLA,5,N,HV,1,44000,37,154.473,34.249318,-118.427068
775397,OSBORNE 2,5,N,HV,1,44000,37,154.183,34.24614,-118.423735
775404,OSBORNE 2,5,S,HV,1,44000,37,154.04,34.245149,-118.422992
775407,OSBORNE 1,5,S,HV,1,44000,37,153.87,34.243318,-118.42108
775413,OSBORNE 1,5,N,HV,1,44000,37,154.003,34.244193,-118.42169
775414,OSBORNE 1,5,N,FR,1,44000,37,154.003,34.244193,-118.42169
775419,PAXTON,5,S,HV,1,44000,37,155.7,34.263648,-118.4415
775425,VAN NUYS 2,5,S,HV,1,44000,37,155.12,34.256907,-118.435472
775426,VAN NUYS 2,5,N,HV,1,44000,37,155.183,34.25709,-118.435212
775427,VAN NUYS 2,5,N,FF,3,44000,37,155.183,34.25709,-118.435212
775439,BRANFORD 2,5,S,FR,2,44000,37,153.49,34.239278,-118.4168
775440,BRANFORD 2,5,N,FF,3,44000,37,153.553,34.239405,-118.416632
775441,BRANFORD 2,5,N,FF,2,44000,37,153.553,34.239405,-118.416632
775442,BRANFORD 2,5,N,HV,2,44000,37,153.553,34.239405,-118.416632
775443,BRANFORD 2,5,S,HV,2,44000,37,153.49,34.239278,-118.4168
775461,BRANFORD 1,5,S,HV,2,44000,37,153.32,34.23742,-118.414827
775462,BRANFORD 1,5,N,ML,4,44000,37,153.383,34.23758,-118.414654
775463,BRANFORD 1,5,N,HV,2,44000,37,153.383,34.23758,-118.414654
775464,BRANFORD 1,5,N,FR,2,44000,37,153.383,34.23758,-118.414654
775465,BRANFORD 1,5,S,FF,3,44000,37,153.32,34.23742,-118.414827
775476,VAN NUYS 1,5,S,HV,1,44000,37,154.91,34.254614,-118.433051
775477,VAN NUYS 1,5,N,HV,1,44000,37,154.973,34.254804,-118.432792
775478,VAN NUYS 1,5,N,FF,3,44000,37,154.973,34.254804,-118.432792
775495,FLORENCE,5,N,ML,4,52526,37,123.133,33.936872,-118.093579
775511,S/B 14 OFF TO BALBOA,14,S,ML,3,44000,37,0.012,34.334177,-118.508382
775512,S/B 14 OFF TO BALBOA,14,S,FR,2,44000,37,0.012,34.334177,-118.508382
775520,N/B 5 CONN TO 14,5,N,ML,4,44000,37,162.11,34.334956,-118.509451
775521,N/B 5 CONN TO 14,5,N,FF,3,44000,37,162.11,34.334956,-118.509451
775535,N/B 5 - S/B 14,5,N,ML,5,44000,37,161.41,34.326025,-118.503782
775536,N/B 5 - S/B 14,5,S,ML,4,44000,37,161.347,34.325864,-118.503984
775537,N/B 5 - S/B 14,5,N,HV,1,44000,37,161.41,34.326025,-118.503782
775538,N/B 5 - S/B 14,5,S,HV,1,44000,37,161.347,34.325864,-118.503984
775552,S/B 605 TO E/B 10,10,E,ML,5,3666,37,30.5,34.066974,-117.985481
775553,S/B 605 TO E/B 10,10,E,HV,1,3666,37,30.5,34.066974,-117.985481
775554,S/B 605 TO E/B 10,10,E,OR,1,3666,37,30.5,34.066974,-117.985481
775564,DITMAN,5,N,OR,1,,37,131.436,34.020251,-118.189723
775569,S OF 710,5,N,FR,1,14974,37,130.303,34.015567,-118.171131
775574,GARFIELD,5,N,OR,1,14974,37,127.393,33.986322,-118.135879
775610,SUNSET,110,S,ML,3,44000,37,23.73,34.063457,-118.247963
775611,SUNSET,110,S,FF,2,44000,37,23.73,34.063457,-118.247963
775636,21ST STREET,110,S,ML,3,44000,37,20.93,34.031839,-118.274646
775637,21ST STREET,110,N,ML,3,44000,37,20.93,34.031804,-118.274441
775638,21ST STREET,110,S,FF,2,44000,37,20.93,34.031839,-118.274646
775639,21ST STREET,110,S,FF,2,44000,37,20.93,34.031839,-118.274646
775677,SEPULVEDA BLVD,118,E,FR,1,44000,37,43.531,34.265847,-118.468667
775689,S/O VALLEY,605,N,ML,4,36490,37,20.752,34.044907,-118.009503
775690,S/O VALLEY,605,S,ML,4,36490,37,20.752,34.045005,-118.009709
775691,S/O VALLEY,605,N,HV,1,36490,37,20.752,34.044907,-118.009503
775692,S/O VALLEY,605,S,HV,1,36490,37,20.752,34.045005,-118.009709
775725,WB 210 CON,210,W,FF,2,56000,37,24.49,34.155945,-118.157667
775729,EB 210 CON,210,E,FF,2,56000,37,24.49,34.155812,-118.158089
775734,LOS FELIZ E/B,5,N,ML,4,44000,37,140.993,34.120938,-118.271262
775747,JS GIBSON,110,N,FR,1,44000,37,1.58,33.758627,-118.28954
775752,JS GIBSON,110,S,ML,4,44000,37,1.58,33.758642,-118.289784
775762,CONNECTOR TO 110,47,S,ML,2,44000,37,0.234,33.748932,-118.290236
775763,CONNECTOR TO 110,47,S,ML,3,44000,37,0.234,33.748932,-118.290236
775773,S/O HARRY BRIDGES,110,N,ML,4,44000,37,2.58,33.770321,-118.280319
775774,S/O HARRY BRIDGES,110,S,ML,4,44000,37,2.58,33.770329,-118.280609
775776,MYRTLE AV,210,W,FR,1,48648,37,34.039,34.135577,-118.003733
775795,NB 605 TO WB 210,210,W,ML,2,36826,37,36.889,34.133605,-117.954304
775796,EB 210 TO SB 605,210,W,FF,2,36826,37,36.899,34.13356,-117.954138
775806,REDONDO BEACH,110,N,HV,1,44000,37,11.15,33.892333,-118.285489
775825,ROSECRANS E/B,110,N,ML,4,44000,37,11.76,33.901039,-118.286407
775826,ROSECRANS E/B,110,N,FR,1,44000,37,11.76,33.901039,-118.286407
775827,ROSECRANS E/B,110,N,OR,1,44000,37,11.76,33.901039,-118.286407
775851,WB 210 TO SB 57,210,W,FF,2,30014,37,44.989,34.120411,-117.820528
775854,NB 57 TO EB 210,210,E,FF,2,30014,37,44.989,34.120153,-117.820582
775859,VERNON,210,E,FR,2,36826,37,39.159,34.127006,-117.917217
775926,LOS ANGELES,118,E,FR,2,49138,111,19.949,34.291948,-118.859753
775936,LUCERNE ST,405,N,ML,4,11530,37,33.802,33.826405,-118.249664
775937,LUCERNE ST,405,N,HV,1,11530,37,33.802,33.826405,-118.249664
775949,COMMERCE CENTER DR,126,W,ML,3,,37,39.478,34.436159,-118.616969
775950,COMMERCE CENTER DR,126,W,OR,1,,37,39.478,34.436159,-118.616969
775951,COMMERCE CENTER DR,126,W,FR,2,,37,39.478,34.436159,-118.616969
775961,COMMERCE CENTER DR,126,E,ML,3,,37,39.398,34.435404,-118.618054
775962,COMMERCE CENTER DR,126,E,FR,1,,37,39.398,34.435404,-118.618054
775963,COMMERCE CENTER DR,126,E,OR,1,,37,39.398,34.435404,-118.618054
775975,COMMERCE CENTER DR.2,126,E,ML,4,,37,39.398,34.435404,-118.618054
775976,COMMERCE CENTER DR.2,126,E,OR,1,,37,39.398,34.435404,-118.618054
775990,UNIVERSAL CITY DR,101,S,ML,5,44000,37,11.048,34.13332,-118.353249
775991,UNIVERSAL CITY DR,101,S,OR,1,44000,37,11.048,34.13332,-118.353249
776019,S/O RAMONA BLVD,605,S,ML,5,3666,37,22.752,34.072359,-117.999767
776020,S/O RAMONA BLVD,605,N,ML,5,3666,37,22.752,34.07235,-117.999431
776052,TOPANGA 1,101,N,ML,5,44000,37,26.619,34.170656,-118.604454
776054,WINNETKA,101,N,FR,1,44000,37,24.579,34.17254,-118.57012
776060,TAMPA,101,N,ML,5,44000,37,23.429,34.173608,-118.550128
776066,BURBANK,101,N,ML,5,44000,37,22.319,34.171745,-118.531122
776073,CANOGA,101,N,ML,5,44000,37,26.119,34.169341,-118.595856
776074,CANOGA,101,N,FR,1,44000,37,26.119,34.169341,-118.595856
776081,BALBOA,101,N,ML,5,44000,37,20.409,34.169082,-118.498485
776115,HOLLYWOOD,101,S,FR,1,44000,37,7.848,34.101382,-118.316558
776136,N OF 110,101,N,ML,5,44000,37,3.146,34.06459,-118.250774
776142,W/B MCBEAN PKWY,5,S,FR,1,69088,37,167.747,34.393517,-118.571234
776177,WESTERN 1,10,W,ML,4,44000,37,10.545,34.037281,-118.311045
776187,N/O RAMONA,710,N,FR,2,48914,37,21.407,34.059988,-118.165192
776188,N/O RAMONA,710,N,ML,2,48914,37,21.407,34.059988,-118.165192
776196,S/O RAMONA,710,N,ML,3,,37,20.907,34.052413,-118.164153
776197,S/O RAMONA,710,S,ML,3,,37,20.907,34.052438,-118.164419
776203,SLAUSON,710,N,ML,4,14974,37,17.607,34.006745,-118.172418
776208,SLAUSON,710,S,ML,4,14974,37,17.607,34.006795,-118.172616
776215,N/O WHITTIER,710,S,ML,5,,37,19.007,34.026963,-118.1724
776221,N/O WHITTIER,710,N,ML,5,,37,19.007,34.026922,-118.172165
776228,N/B 710-FM 60,710,N,ML,3,,37,19.307,34.031074,-118.170833
776229,N/B 710-FM 60,710,N,FR,2,,37,19.307,34.031074,-118.170833
776240,S/B 710 ROUTE 60,710,S,OR,1,,37,19.607,34.035263,-118.170122
776241,S/B 710 ROUTE 60,710,S,FF,2,,37,19.607,34.035263,-118.170122
776242,FLORAL DR,710,N,ML,4,,37,20.307,34.04534,-118.169425
776243,FLORAL DR,710,N,OR,1,,37,20.307,34.04534,-118.169425
776253,S/B 710 - 3RD ST OFF,710,S,ML,3,,37,19.307,34.031085,-118.171069
776254,S/B 710 - 3RD ST OFF,710,S,FR,1,,37,19.307,34.031085,-118.171069
776255,CONNECTOR TO E/B 60,710,S,FF,1,,37,19.507,34.033826,-118.170119
776256,CONNECTOR TO E/B 60,710,N,FF,2,,37,19.507,34.033836,-118.169915
776266,FLORENCE 1,710,N,ML,4,73080,37,14.507,33.964927,-118.168788
776289,ATLANTIC 1,710,S,ML,4,4870,37,16.687,33.994201,-118.176658
776290,ATLANTIC 1,710,N,ML,4,4870,37,16.687,33.994181,-118.17643
776295,FLORENCE 1,710,S,ML,4,73080,37,14.507,33.964963,-118.169033
776300,S101 TO S405,101,S,FF,2,44000,37,18.567,34.160984,-118.470704
776301,S101 TO N405,101,N,FF,1,44000,37,18.626,34.161818,-118.470499
776307,N101 TO N405,101,N,FF,2,44000,37,18.516,34.160765,-118.469064
776308,N101 TO S405,101,S,FF,1,44000,37,18.457,34.159955,-118.469295
776313,CALABASAS 1,101,N,ML,4,90310,37,29.699,34.153134,-118.653016
776316,RICE,101,S,FR,2,54652,111,59.552,34.22247,-119.141616
776318,LEWIS,101,S,FR,1,394,37,35.312,34.143067,-118.743123
776328,LOS ANGELES ST,101,S,ML,4,44000,37,1.988,34.053705,-118.235846
776329,LOS ANGELES ST,101,S,OR,1,44000,37,1.988,34.053705,-118.235846
776334,LOS ARBOLES 2,23,S,FR,1,78582,111,14.653,34.207941,-118.849838
776336,SUNSET HILLS 2,23,S,FR,1,78582,111,15.793,34.225282,-118.848315
776338,TIERRA REJADA 1,23,N,FR,1,78582,111,18.723,34.266273,-118.850611
776340,TIERRA REJADA 2,23,S,FR,1,78582,111,18.763,34.266547,-118.851334
776369,RAMPART,101,S,FR,2,44000,37,4.628,34.074797,-118.273463
776416,SANTA ANITA 2,210,W,FR,2,2462,37,32.204,34.147883,-118.031336
776419,ALVARADO,101,N,FR,1,44000,37,4.138,34.071642,-118.265776
776425,MISSION RD,101,N,ML,4,44000,37,1.538,34.053056,-118.228007
776440,LOST HILLS,101,S,ML,4,,37,33.162,34.141371,-118.708131
776441,LOST HILLS,101,S,OR,1,,37,33.162,34.141371,-118.708131
776442,LOST HILLS,101,S,FR,1,,37,33.162,34.141371,-118.708131
776457,LOST HILLS,101,N,ML,4,90310,37,33.459,34.140004,-118.712596
776458,LOST HILLS,101,N,FR,1,90310,37,33.459,34.140004,-118.712596
776459,LOST HILLS,101,N,OR,1,90310,37,33.459,34.140004,-118.712596
776465,RTE 23 CN,101,N,ML,4,78582,111,42.989,34.176675,-118.865433
776469,ORANGE GROVE,134,E,FF,2,56000,37,13.18,34.148278,-118.157788
776472,BUENA VISTA,134,E,HV,1,8954,37,3.04,34.154023,-118.324031
776480,VIGNES STREET,101,N,ML,5,44000,37,1.748,34.053569,-118.231606
776487,RAMONA,605,N,ML,4,3666,37,23.283,34.079858,-117.997784
776493,WASHINGTON,710,N,ML,5,14974,37,17.547,34.005883,-118.172597
776513,LA CIENEGA,10,E,FR,1,44000,37,6.545,34.0367,-118.379898
776518,PICO BLVD,10,E,ML,4,70000,37,2.215,34.027623,-118.451758
776580,N/O RTE 23,101,N,FF,2,,111,82.641,34.376444,-119.47088
776628,BATES RD,101,S,ML,2,,111,82.914,34.375862,-119.476139
776629,BATES RD,101,S,ML,2,,111,82.914,34.375862,-119.476139
776630,BATES RD,101,S,HV,1,,111,82.914,34.375862,-119.476139
776631,BATES RD,101,N,HV,1,,111,82.941,34.376072,-119.476052
776632,BATES RD,101,S,FR,1,,111,82.914,34.375862,-119.476139
776640,MISSION RD,101,N,OR,1,44000,37,1.538,34.053056,-118.228007
776657,GRAND AVE,60,W,ML,6,19192,37,24.491,34.009128,-117.824638
776658,GRAND AVE,60,W,HV,1,19192,37,24.491,34.009128,-117.824638
776659,GRAND AVE,60,W,OR,1,19192,37,24.491,34.009128,-117.824638
776690,LEMON,60,W,ML,4,19192,37,22.791,33.999591,-117.850605
776691,LEMON,60,W,HV,1,19192,37,22.791,33.999591,-117.850605
776692,LEMON,60,W,OR,1,19192,37,22.791,33.999591,-117.850605
776708,LEMON,60,E,ML,4,19192,37,22.831,33.999573,-117.8499
776709,LEMON,60,E,OR,1,19192,37,22.831,33.999573,-117.8499
776710,LEMON,60,E,FR,1,19192,37,22.831,33.999573,-117.8499
776711,LEMON,60,E,HV,1,19192,37,22.831,33.999573,-117.8499
776717,NEW LOS ANGLES,23,S,FR,1,49138,111,19.813,34.279095,-118.861308
776724,WINONA WAY,210,E,FF,2,56000,37,24.442,34.156489,-118.158295
776739,WILMINGTON AVE,405,N,ML,4,11530,37,33.272,33.825976,-118.240596
776740,WILMINGTON AVE,405,N,OR,1,11530,37,33.272,33.825976,-118.240596
776741,WILMINGTON AVE,405,N,HV,1,11530,37,33.272,33.825976,-118.240596
776751,FIRST STREET,101,S,ML,4,44000,37,2.348,34.056156,-118.241309
776752,FIRST STREET,101,N,ML,3,44000,37,2.348,34.056286,-118.24115
776756,CALZONA,5,S,FR,1,44000,37,131.71,34.020961,-118.195456
776761,LINCOLN 1,210,W,FR,3,56000,37,22.982,34.176444,-118.162183
776773,W. STANLEY AVE,33,N,ML,2,,111,1.6,34.301291,-119.30129
776775,W. STANLEY AVE,33,N,FR,1,,111,1.6,34.301291,-119.30129
776776,W. STANLEY AVE,33,N,CD,2,,111,1.6,34.301291,-119.30129
776825,CENTRAL,105,E,HV,1,44000,37,8.8,33.927658,-118.256273
776826,CENTRAL,105,E,ML,3,44000,37,8.8,33.927658,-118.256273
776843,ARBOR VITAE,405,S,ML,4,36546,37,46.472,33.952079,-118.369273
776844,ARBOR VITAE,405,N,ML,4,36546,37,46.472,33.952042,-118.369045
776845,ARBOR VITAE,405,S,HV,1,36546,37,46.472,33.952079,-118.369273
776846,ARBOR VITAE,405,N,HV,1,36546,37,46.472,33.952042,-118.369045
776906,BUS STATE,10,E,ML,1,44000,37,17.0,34.054946,-118.212353
776907,BUS STATE,10,W,CD,1,44000,37,17.0,34.055122,-118.212293
776908,BUS STATE,10,W,CD,1,44000,37,17.0,34.055122,-118.212293
776909,BUS STATE,10,W,CD,2,44000,37,17.0,34.055122,-118.212293
776945,ALAMEDA,91,W,HV,1,15044,37,4.128,33.873704,-118.219282
776981,ALAMEDA,10,E,ML,5,44000,37,14.943,34.024458,-118.239564
776986,FLOWER,10,E,ML,4,44000,37,13.175,34.034315,-118.266848
777061,PARTHENIA,405,S,ML,3,44000,37,67.972,34.227573,-118.473245
777062,PARTHENIA,405,S,HV,1,44000,37,67.972,34.227573,-118.473245
777065,NORTH OF 101,405,N,ML,3,44000,37,63.272,34.161136,-118.469426
777066,NORTH OF 101,405,S,ML,3,44000,37,63.272,34.161152,-118.469631
777067,NORTH OF 101,405,N,HV,1,44000,37,63.272,34.161136,-118.469426
777068,NORTH OF 101,405,S,HV,1,44000,37,63.272,34.161152,-118.469631
777169,FREMONT,10,W,HV,1,884,37,20.897,34.06927,-118.149982
777203,E. of Route 43 Exit,710,S,ML,4,43000,37,0.17,33.767072,-118.21011
777204,E. of Route 43 Exit,710,N,ML,4,43000,37,0.17,33.766621,-118.210746
777212,E. Of Route 43 Exit,710,N,ML,3,43000,37,0.364,33.767621,-118.207815
777213,E. Of Route 43 Exit,710,S,ML,3,43000,37,0.364,33.76833,-118.207637
777215,E. Of Route 43 Exit,710,N,FR,1,43000,37,0.364,33.767621,-118.207815
777223,Pier S Ln,710,N,ML,3,43000,37,0.56,33.770274,-118.20707
777224,Pier S Ln,710,S,ML,3,43000,37,0.56,33.770893,-118.207158
777232,N. Of Alpine Way,710,S,ML,3,43000,37,1.278,33.780573,-118.207865
777233,N. Of Alpine Way,710,N,ML,3,43000,37,1.278,33.780572,-118.20738
777243,On Pico Ave,710,N,ML,3,43000,37,1.76,33.787577,-118.207552
777244,On Pico Ave,710,N,FR,2,43000,37,1.76,33.787577,-118.207552
777245,On Pico Ave,710,S,ML,3,43000,37,1.76,33.787581,-118.207796
777253,Pier D St.,710,N,ML,3,43000,37,2.07,33.792058,-118.207497
777254,Pier D St.,710,S,ML,3,43000,37,2.07,33.792054,-118.207728
777262,S. Of Anaheim Exit,710,N,ML,3,43000,37,2.14,33.793053,-118.207266
777263,S. Of Anaheim Exit,710,S,ML,3,43000,37,2.14,33.79305,-118.207495
777285,VICTORY 1,405,S,FR,1,44000,37,65.082,34.185796,-118.47407
777292,FRANCISQUITO,10,W,HV,1,3666,37,31.279,34.06894,-117.97209
777316,NEW DOCK ST,47,N,ML,2,44000,37,2.447,33.760141,-118.238738
777317,NEW DOCK ST,47,S,ML,3,44000,37,2.447,33.760415,-118.238914
777434,NEW DOCK ST,47,N,FR,1,44000,37,2.447,33.760141,-118.238738
777435,NEW DOCK ST,47,S,FR,1,44000,37,2.447,33.760415,-118.238914
777600,SHERMAN WAY,170,S,FR,2,44000,37,5.276,34.19999,-118.403413
777733,BURBANK 2,5,S,ML,5,8954,37,146.54,34.186899,-118.320813
777734,BURBANK 2,5,N,HV,1,8954,37,146.603,34.187037,-118.320656
777735,BURBANK 2,5,S,HV,1,8954,37,146.54,34.186899,-118.320813
777738,BALDWIN PARK 1,10,W,HV,1,3666,37,30.664,34.067565,-117.9827
777741,BUENA VISTA,5,S,HV,1,8954,37,147.99,34.200916,-118.339473
777745,BUENA VISTA,5,N,HV,1,8954,37,148.043,34.200877,-118.339185
777747,FRAZIER,10,W,HV,1,3666,37,30.22,34.066554,-117.990356
777751,BALDWIN PARK 2,10,W,HV,1,3666,37,30.83,34.067905,-117.979831
777754,BALDWIN PARK 2,10,E,HV,1,3666,37,30.813,34.067696,-117.980087
777765,LINCOLN,5,N,HV,1,8954,37,147.323,34.193931,-118.330086
777766,LINCOLN,5,S,HV,1,8954,37,147.26,34.19381,-118.330292
777767,LINCOLN,5,S,ML,5,8954,37,147.26,34.19381,-118.330292
777781,LINCOLN,5,N,ML,5,8954,37,147.323,34.193931,-118.330086
777782,LINCOLN,5,N,HV,1,8954,37,147.323,34.193931,-118.330086
777783,LINCOLN,5,S,HV,1,8954,37,147.26,34.19381,-118.330292
777784,LINCOLN,5,S,FR,3,8954,37,147.26,34.19381,-118.330292
777794,BURBANK 1,5,S,HV,1,8954,37,146.25,34.184491,-118.316733
777795,BURBANK 1,5,N,HV,1,8954,37,146.313,34.184656,-118.316541
777796,BURBANK 1,5,N,ML,5,8954,37,146.313,34.184656,-118.316541
777797,BURBANK 1,5,S,FR,3,8954,37,146.25,34.184491,-118.316733
777829,THIRD,60,W,FR,1,44000,37,2.647,34.032415,-118.183235
777998,RTE 134 WB,5,N,ML,4,44000,37,143.133,34.150856,-118.28089
777999,RTE 134 WB,5,S,ML,4,44000,37,143.07,34.150716,-118.281143
778019,7th St & 5-NB,5,N,OR,1,44000,37,133.343,34.032095,-118.218933
778027,4th St & 5-NB,5,N,OR,1,44000,37,133.833,34.038127,-118.219591
778040,TUJUNGA,170,N,ML,4,44000,37,2.116,34.16014,-118.380436
778041,TUJUNGA,170,N,OR,1,44000,37,2.116,34.16014,-118.380436
778051,MAGNOLIA BLVD,170,N,ML,4,44000,37,2.586,34.166612,-118.383265
778052,MAGNOLIA BLVD,170,N,OR,1,44000,37,2.586,34.166612,-118.383265
778062,BURBANK BLVD,170,N,ML,4,44000,37,3.226,34.173338,-118.390499
778063,BURBANK BLVD,170,N,OR,1,44000,37,3.226,34.173338,-118.390499
778074,OXNARD ST,170,N,ML,4,44000,37,3.696,34.178939,-118.394806
778075,OXNARD ST,170,N,OR,1,44000,37,3.696,34.178939,-118.394806
778086,EB VICTORY BLVD,170,N,ML,4,44000,37,4.286,34.185829,-118.400862
778087,EB VICTORY BLVD,170,N,OR,1,44000,37,4.286,34.185829,-118.400862
778097,WB VICTORY BLVD,170,N,ML,4,44000,37,4.506,34.188937,-118.401676
778098,WB VICTORY BLVD,170,N,OR,1,44000,37,4.506,34.188937,-118.401676
778108,EB SHERMAN WAY,170,N,ML,4,44000,37,5.286,34.200185,-118.403205
778109,EB SHERMAN WAY,170,N,OR,1,44000,37,5.286,34.200185,-118.403205
778119,WB SHERMAN WAY,170,N,ML,4,44000,37,5.496,34.20306,-118.404374
778120,WB SHERMAN WAY,170,N,OR,1,44000,37,5.496,34.20306,-118.404374
778130,ROSCOE BLVD,170,N,ML,4,44000,37,6.766,34.220866,-118.409839
778131,ROSCOE BLVD,170,N,OR,1,44000,37,6.766,34.220866,-118.409839
778134,FROM RTE 105 EB,405,N,FF,1,,37,45.162,33.933137,-118.368221
778138,TO RTE 405 SB,105,W,FF,2,44000,37,2.36,33.9312,-118.364167
778139,W/O Whittier,60,E,ML,5,44000,37,1.404,34.028583,-118.204211
778140,W/O Whittier,60,E,ML,5,44000,37,1.404,34.028583,-118.204211
778155,N RANCH RD,71,S,ML,4,58072,37,2.785,34.04348,-117.770754
778156,N RANCH RD,71,S,ML,3,58072,37,2.785,34.04348,-117.770754
778167,OLD POMONA RD,71,S,ML,4,58072,37,3.485,34.035882,-117.762667
778168,OLD POMONA RD,71,S,ML,3,58072,37,3.485,34.035882,-117.762667
778169,OLD POMONA RD,71,S,HV,1,58072,37,3.485,34.035882,-117.762667
778170,OLD POMONA RD,71,S,HV,1,58072,37,3.485,34.035882,-117.762667
778179,RIO RANCHO RD,71,N,ML,2,58072,37,3.744,34.034693,-117.76115
778180,RIO RANCHO RD,71,N,HV,1,58072,37,3.744,34.034693,-117.76115
778223,RTE 105 TO RTE 405,105,E,FF,2,44000,37,1.92,33.929809,-118.371669
