id,name,freeway,direction,type,lanes,city,county,abs_pm,lat,lon
400000,SR-37 conn-s-diag,101,S,ML,4,52582,41,459.835,38.081498,-122.547963
400001,NB 880 rm-n-loop,101,N,ML,5,68000,85,387.897,37.364085,-121.901149
400002,Peninsula Ave OC,101,S,ML,5,68252,81,416.893,37.584097,-122.328465
400006,Whipple Rd rm-s-diag,880,S,ML,4,81204,1,23.767,37.605003,-122.065542
400007,2000' N of Pennisula Ave,101,N,ML,5,68252,81,417.437,37.586936,-122.337721
400009,oppo University Ave off-e-diag,80,W,ML,5,6000,1,11.01,37.864883,-122.303345
400010,San Bruno Ave off-n-diag,101,N,ML,4,,81,422.457,37.629765,-122.402365
400011,2600' N of Miller Creek Rd,101,S,ML,5,52582,41,456.755,38.041862,-122.536533
400014,Bernal rd  rm-n-diag,101,N,ML,5,68000,85,376.491,37.245818,-121.775473
400017,BASCOM AVE,85,S,ML,4,68000,85,10.07,37.253303,-121.94544
400025,NEWELL AVE,680,N,ML,5,83346,13,45.192,37.892272,-122.06331
400026,Lakeshore Ave on-e-diag,580,E,ML,4,53000,1,59.403,37.809611,-122.246363
400027,oppo E of Carlson Blvd,80,E,ML,4,60620,13,14.573,37.914241,-122.317388
400028,Westborough Blvd,280,N,ML,4,73262,81,45.5,37.649733,-122.451962
400030,N First St rm-s-loop,880,S,ML,4,68000,85,3.64,37.359087,-121.906538
400031,EB High St. off ramp,580,W,ML,4,53000,1,56.34,37.787056,-122.196191
400037,Monument Blvd rm-s-diag,680,S,ML,6,57764,13,49.133,37.943971,-122.058927
400038,2200' N of Industrial Pkwy,880,S,ML,5,33000,1,25.177,37.622701,-122.078223
400039,SFIA/San Bruno Ave,101,N,ML,4,,81,422.967,37.637025,-122.404035
400040,Curtner Ave rm-s-loop,87,S,ML,3,68000,85,2.86,37.294949,-121.873109
400041,TENNYSON RD,880,N,ML,4,33000,1,26.027,37.633535,-122.085656
400044,Parish Rd,680,S,ML,2,,95,63.198,38.116791,-122.106303
400045,SB 101 rm-n-loop,880,N,ML,4,68000,85,4.02,37.363402,-121.902233
400048,Gateway Blvd on-e-diag,24,W,ML,4,54232,13,5.498,37.867468,-122.199253
400049,Willow Pass Rd rm-e-diag,4,E,ML,4,,13,16.744,38.014622,-121.994448
400050,KENT ST,238,N,ML,3,,1,15.233,37.688984,-122.114253
400052,Almaden Expwy  rm-n-loop,85,N,ML,3,68000,85,6.09,37.255936,-121.874584
400053,Livorna Rd on-s-diag,680,S,ML,4,,13,42.568,37.862138,-122.034099
400057,Bascom Ave rm-n-diag,880,N,ML,3,68000,85,1.33,37.335022,-121.935522
400059,Camden Ave rm-s-diag,85,S,ML,3,68000,85,7.97,37.250481,-121.907735
400060,oppo N of University Ave,80,W,ML,5,6000,1,11.51,37.87181,-122.305549
400065,NB & SB 280  rm-s-conn,87,S,ML,2,68000,85,4.89,37.320292,-121.890281
400067,Alvarado-Niles Rd rm-s-diag,880,S,ML,4,81204,1,23.167,37.597694,-122.060285
400069,Great America Pkwy rm-s-diag,101,S,ML,4,69084,85,392.443,37.385758,-121.977493
400071,2700' E of Foster City Blvd.,92,W,ML,3,25338,81,14.656,37.567395,-122.26939
400073,NB 85 rm-s-loop/conn,17,S,ML,2,44112,85,21.953,37.2563,-121.955559
400074,Tennessee St off-w-loop,80,W,ML,3,81666,95,30.902,38.108738,-122.229761
400075,West St off ramp,580,E,ML,6,53000,1,61.493,37.82576,-122.275143
400078,N Main St off-n-loop,680,N,ML,6,83346,13,46.912,37.913722,-122.066597
400079,oppo W of Panama Ave,80,W,ML,4,60620,13,13.843,37.904377,-122.313309
400082,1000' W of Richmond Pkwy,80,E,ML,4,60620,13,19.603,37.980187,-122.317007
400083,SHATTUCK AVE/ 55TH ST,24,W,ML,4,53000,1,1.043,37.839128,-122.264826
400084,Wolfe Rd rm-s-loop,280,S,ML,4,17610,85,9.602,37.329258,-122.012053
400085,ALMADEN EXPWY,85,S,ML,3,68000,85,6.1,37.255594,-121.87471
400088,Great Mall Pkwy rm-n-loop,880,N,ML,4,47766,85,7.65,37.414988,-121.912685
400090,2000' N OF Sycamore Valley Rd,680,N,ML,5,17988,13,38.673,37.819445,-121.993177
400091,200' N of Fairway/Aladdin Dr,880,S,ML,5,68084,1,32.727,37.70723,-122.162087
400093,oppo 1400' N of 7th St,880,S,ML,4,53000,1,44.027,37.811953,-122.303779
400094,23th Ave/Kennedy St rm-s-loop,880,N,ML,4,53000,1,39.107,37.776769,-122.236107
400096,oppo Great America Pkwy,237,W,ML,3,69084,85,6.227,37.417981,-121.972547
400097,Saratoga Ave  rm-n-diag,85,S,ML,3,70280,85,14.106,37.279012,-122.010614
400098,Broadway rm-s-loop/diag,101,S,ML,4,9066,81,418.723,37.589264,-122.360143
400100,Hamilton Ave rm-n-loop,17,S,ML,3,10340,85,24.943,37.295052,-121.938872
400101,1200' W of Orinda exit,24,W,ML,5,54232,13,6.158,37.872945,-122.189548
400103,Shattuck Ave / 55th St,24,E,ML,4,53000,1,1.043,37.839085,-122.26443
400104,NORTH FIRST STREET,237,E,ML,3,68000,85,7.162,37.419313,-121.95548
400105,Crow Canyon Rd on-n-diag,680,S,ML,4,68378,13,35.758,37.77936,-121.976464
400106,oppo peninsula ave rm-n-diag,101,S,ML,5,68252,81,417.153,37.586325,-122.332169
400107,oppo EB 92 rm-s-diag,101,N,ML,5,68252,81,413.917,37.551402,-122.29412
400108,Bear Creek Rd rm-n-diag,17,N,ML,2,,85,16.613,37.190197,-121.992771
400109,N 13th St/Oakland Rd rm-s-diag,101,S,ML,4,68000,85,387.283,37.362706,-121.889426
400110,GREGORY LN OFF-S-DIAG,680,S,ML,6,57764,13,49.693,37.951643,-122.055554
400111,Hacienda Dr rm-e-loop,580,E,ML,5,57792,1,34.882,37.70141,-121.888557
400112,Olivera St oc (Reitz Ct),242,N,ML,4,16000,13,3.069,37.998096,-122.038232
400113,Barrett Ave rm-w-diag,80,W,ML,4,60620,13,15.953,37.932553,-122.326013
400115,Kent St,238,S,ML,3,,1,15.233,37.688688,-122.114306
400116,N Access Rd rm-s-fly,101,S,ML,5,,81,422.793,37.634035,-122.403213
400118,Crow Canyon Rd on-n-diag,680,N,ML,4,68378,13,35.783,37.780195,-121.976672
400119,Oppo 3300' N of Milbrae ave OC,101,N,ML,5,,81,420.767,37.608473,-122.389316
400122,NB 101 rm-n-diag,880,N,ML,3,68000,85,4.21,37.36614,-121.901132
400124,oppo 600' W of Refinery Rd UC,80,E,ML,4,,13,25.247,38.036872,-122.249008
400125,oppo 1200' N of SFIA,101,N,ML,7,,81,421.607,37.617768,-122.398679
400126,oppo S Aquatic Park,80,W,ML,5,6000,1,10.4,37.856366,-122.301014
400128,oppo Magazine St  on-e-hook,80,W,ML,3,81666,95,29.212,38.084834,-122.233136
400132,Cottle rd rm-n-diag,85,N,ML,4,68000,85,2.11,37.243208,-121.806387
400134,98th Ave rm-s-loop,880,S,ML,5,53000,1,34.977,37.731787,-122.188781
400137,THORNTON AVE,880,N,ML,4,26000,1,19.057,37.54653,-122.022581
400138,Tully Rd rm-s-diag,101,S,ML,5,,85,382.589,37.317118,-121.830485
400141,Stevenson Blvd rm-n-diag,880,N,ML,4,26000,1,16.597,37.523522,-121.989607
400143,2200' N of Ignasio Blvd,101,S,ML,5,,41,459.225,38.074388,-122.541483
400145,BLOSSOM HILL RD,85,N,ML,3,68000,85,4.03,37.251693,-121.838501
400146,100' S OF PASEO GRANDE,880,S,ML,6,,1,29.907,37.680405,-122.123301
400147,The Alameda rm-n-loop,880,N,ML,3,68000,85,2.04,37.34221,-121.926305
400148,Camden Ave rm-n-diag,85,N,ML,3,68000,85,8.23,37.250664,-121.912479
400149,Shoreline Blvd rm-s-diag,85,S,ML,3,49670,85,23.996,37.40848,-122.070905
400150,oppo 3000' S of Rudgear Rd,680,N,ML,4,83346,13,43.543,37.874155,-122.044346
400152,oppo 2100' S Sycamore Valley,680,N,ML,5,17988,13,37.683,37.805463,-121.990262
400153,oppo W of Airway Blvd,580,E,ML,7,41992,1,31.492,37.700927,-121.826692
400154,Saratoga Ave rm-n-loop,17,N,ML,2,44112,85,19.603,37.226342,-121.975157
400156,Havelock St,280,N,ML,5,67000,75,52.011,37.727079,-122.445019
400158,Zanker Rd RM-E-Diag,237,W,ML,3,68000,85,8.222,37.421059,-121.93678
400160,Alum Rock Ave rm-s-diag,101,S,ML,4,68000,85,385.309,37.348392,-121.860589
400162,S Delaware St off-w-diag,92,W,ML,2,68252,81,12.216,37.552538,-122.307782
400168,Lawrence Expwy. rm-n-loop,101,N,ML,4,77000,85,393.467,37.391166,-121.995524
400169,oppo 3300' N of Livorna Rd,680,S,ML,5,83346,13,43.348,37.871257,-122.042369
400171,Acalanes Rd on-e-diag,24,E,ML,4,39122,13,8.878,37.891457,-122.152067
400172,De La Cruz Blvd rm-s-diag,101,S,ML,4,68000,85,390.263,37.376264,-121.939712
400174,oppo Moffett Blvd rm-s-loop,85,N,ML,3,49670,85,23.656,37.403686,-122.06976
400176,University Ave rm-w-loop,80,W,ML,5,6000,1,11.202,37.867545,-122.304183
400178,Capitol Expwy  rm-n-diag,87,N,ML,2,68000,85,1.53,37.276874,-121.863698
400180,oppo 900' S of Hacienda Ave,880,N,ML,5,,1,29.267,37.674405,-122.114201
400181,Bernal Rd rm-n-loop,101,N,ML,4,68000,85,376.291,37.244125,-121.772528
400182,Cutting Blvd rm-e-diag,80,E,ML,6,60620,13,15.383,37.925458,-122.320648
400183,2400' N of Sierra Point Prkwy,101,N,ML,4,8310,81,426.997,37.689942,-122.390669
400184,WILLOW PASS  ON-N-DIAG,680,N,ML,4,16000,13,50.597,37.964604,-122.055102
400185,De Anza Blvd/Saratoga-Sunny,85,N,ML,3,68000,85,16.236,37.303131,-122.034527
400186,600' N of Paseo Padre Pkwy,880,S,ML,4,26000,1,21.277,37.572471,-122.046218
400189,Fremont Blvd rm-n-loop,880,N,ML,4,26000,1,13.507,37.493107,-121.948928
400190,42nd/High St rm-n-diag,880,S,ML,4,53000,1,38.297,37.771395,-122.223163
400192,oppo davis st off-n-diag,880,S,ML,6,68084,1,33.577,37.71565,-122.173379
400193,oppo 100' N of Oak Park Blvd,680,S,ML,4,57764,13,48.529,37.935406,-122.060387
400195,Tully Rd rm-n-loop,101,N,ML,4,68000,85,382.903,37.321278,-121.834098
400197,600' E of 1st St UC,24,E,ML,4,39122,13,11.078,37.895088,-122.112962
400201,N FIRST STREET,237,W,ML,3,68000,85,6.752,37.419186,-121.962831
400202,Marina Bay Parkway (S 23rd St),580,E,ML,3,60620,13,66.236,37.92135,-122.337615
400203,Kempton St/Fairmont St,580,E,ML,4,53000,1,60.613,37.822145,-122.259965
400206,San Tomas Expwy rm-s-loop,101,S,ML,4,68000,85,391.543,37.381356,-121.96211
400207,1300' S of El Cerro Blvd,680,N,ML,4,17988,13,39.353,37.827979,-121.998142
400208,N. Main St off-s-diag,680,S,ML,5,83346,13,47.309,37.918191,-122.06364
400209,Stevens Creek Blvd  rm-s-diag,85,S,ML,4,17610,85,17.666,37.319961,-122.049031
400211,oppo 1700' N of South Main St.,680,N,ML,5,83346,13,44.862,37.8897,-122.058213
400212,2000' S of Bollinger Canyon Rd,680,N,ML,4,68378,13,33.903,37.75546,-121.962333
400213,Winchester Blvd  rm-n-diag,85,S,ML,4,44112,85,11.336,37.259192,-121.967128
400214,SR-37 conn-n-diag,101,N,ML,4,52582,41,460.033,38.076333,-122.54237
400216,Regatta Blvd off-w-diag,580,E,ML,3,60620,13,66.089,37.920897,-122.335094
400221,Hamilton Ave  rm-n-loop,17,N,ML,3,10340,85,24.833,37.293614,-121.937899
400222,oppo Saratoga Ave rm-s-diag,85,N,ML,3,68000,85,13.696,37.275395,-122.004702
400223,Bailey Ave rm-s-diag,101,S,ML,4,68000,85,372.587,37.208513,-121.721905
400224,47th St and MLK,24,W,ML,4,53000,1,0.783,37.835531,-122.266013
400225,Washington Ave rm-s-loop,880,S,ML,4,68084,1,30.877,37.689656,-122.136588
400227,Trimble Rd rm-n-diag,101,N,ML,5,68000,85,390.447,37.377237,-121.943586
400228,Davis St rm-s-loop/diag,880,S,ML,6,68084,1,33.757,37.71769,-122.175415
400231,18th St / Pennsylvania,280,S,ML,3,67000,75,56.493,37.762469,-122.392743
400232,Scott Creek Rd rm-n-diag,680,N,ML,3,26000,1,10.276,37.468847,-121.907383
400235,oppo California St / Spring,80,W,ML,4,,13,24.714,38.030602,-122.254968
400236,Auzerais Ave/Delmas St,87,S,ML,3,68000,85,5.25,37.325009,-121.892984
400237,Bailey Ave rm-n-loop,101,N,ML,4,68000,85,372.701,37.210372,-121.723483
400238,Great Mall Pkwy rm-s-diag,880,S,ML,4,47766,85,7.53,37.413256,-121.912324
400240,NB 85 rm-n-conn,17,N,ML,3,44112,85,22.103,37.258184,-121.953853
400242,oppo 2000' N of 7th St/Grand,880,S,ML,4,53000,1,44.087,37.812685,-122.3032
400246,Great America Pkwy rm-n-diag,101,N,ML,4,69084,85,392.527,37.386551,-121.979462
400248,Thornton Ave rm-s-loop,880,S,ML,4,26000,1,19.097,37.546915,-122.023163
400249,Auto Mall Pkwy rm-n-loop,880,N,ML,4,26000,1,14.887,37.506892,-121.966671
400251,Oak Hill Rd off diag,24,E,ML,4,39122,13,10.468,37.893156,-122.123812
400252,Lewelling Blvd rm-n-diag,880,N,ML,4,,1,30.647,37.687544,-122.133225
400253,The Alameda rm-s-loop,880,S,ML,3,68000,85,2.1,37.342957,-121.925721
400255,BACON ST NEAR SAN BRUNO AVE,101,N,ML,5,67000,75,429.694,37.727662,-122.402599
400257,Curtner Ave rm-n-diag,87,S,ML,3,68000,85,2.65,37.291715,-121.871799
400258,Lelong St rm-n-diag,87,N,ML,3,68000,85,4.36,37.313462,-121.886197
400260,oppo Harney Way  rm-s-diag,101,N,ML,4,8310,81,428.167,37.706585,-122.394455
400261,500' W of Park Blvd,580,E,ML,4,53000,1,58.693,37.805061,-122.234851
400263,BETW POPLAR & 3RD -CYPRESS AVE,101,S,ML,5,68252,81,415.943,37.573665,-122.317153
400264,Old Middlefield Way rm-s-diag,101,S,ML,4,49670,85,398.553,37.413855,-122.082578
400265,Industrial Rd / Park Rd,680,S,ML,2,5290,95,59.598,38.070185,-122.12636
400268,SANTA TERESA,85,N,ML,3,68000,85,5.18,37.255651,-121.858078
400270,Willow Pass Rd (Bay Point),4,E,ML,4,,13,18.674,38.022118,-121.962342
400272,Hillsdale Blvd off-s-diag,101,S,ML,4,68252,81,413.573,37.546868,-122.290231
400274,oppo Lawrence Expwy,237,W,ML,3,77000,85,4.737,37.409627,-121.997252
400275,A St rm-n-diag,880,N,ML,5,,1,28.707,37.667821,-122.108348
400276,Sneath Ln rm-n-diag/loop,280,N,ML,3,65028,81,43.734,37.62897,-122.432885
400278,San Tomas Expwy rm-s-diag,17,S,ML,3,44112,85,22.753,37.266561,-121.948692
400280,Santa Teresa Blvd rm-n-diag,87,N,ML,3,68000,85,0.32,37.260103,-121.858435
400283,2000' N of Pacheco Creek OC,101,N,ML,4,,41,458.313,38.053731,-122.530648
400284,Tennyson Rd off-n-diag,880,N,ML,4,33000,1,25.767,37.630267,-122.083308
400287,Parish Rd,680,N,ML,2,,95,63.093,38.116567,-122.106057
400289,1450' E of EBmud Aqueduct UC,24,W,ML,5,39122,13,11.408,37.896274,-122.107979
400291,oppo Hillsdale Blvd off-s-diag,101,N,ML,5,68252,81,413.537,37.546976,-122.290032
400292,Saratoga ave  rm-s-diag,280,S,ML,4,68000,85,7.162,37.316378,-121.972052
400295,Industrial Rd / Park Rd,680,N,ML,2,5290,95,59.493,38.070032,-122.126275
400296,oppo Zanker Rd  rm-w-loop,237,E,ML,3,68000,85,8.082,37.420359,-121.93915
400298,Hamilton Ave rm-s-diag,17,S,ML,3,10340,85,24.793,37.293047,-121.937861
400300,7th St rm-s-diag,880,S,ML,3,53000,1,43.577,37.805659,-122.303914
400301,oppo Pinole Valley Rd,80,W,ML,4,57288,13,22.025,37.999311,-122.28411
400302,Beaumont Ave,580,E,ML,4,53000,1,58.188,37.800558,-122.227577
400303,oppo Rudgear Rd on-s-diag,680,N,ML,4,83346,13,43.613,37.875017,-122.045018
400304,N OF IGNACIO BLVD,101,S,ML,4,,41,458.845,38.069309,-122.538884
400307,Olivera St oc (Reitz Ct),242,S,ML,3,16000,13,3.069,37.997771,-122.03856
400308,Beaumont Ave,580,W,ML,4,53000,1,58.34,37.800758,-122.227469
400309,Fremont Blvd rm-n-diag,880,N,ML,4,26000,1,13.697,37.495016,-121.951359
400312,Hacienda Ave OC,880,S,ML,6,,1,29.597,37.677442,-122.118925
400313,oppo Appian Way rm-e-diag,80,W,ML,4,57288,13,20.953,37.993511,-122.301607
400314,oppo S Delaware St off-w-diag,92,E,ML,2,68252,81,12.426,37.552461,-122.303913
400316,EB 380/S Airport Blvd,101,N,ML,4,73262,81,423.147,37.639474,-122.405195
400318,SOUTH OF MONTEREY,280,S,ML,4,67000,75,52.613,37.731198,-122.436258
400319,SR 92,280,N,ML,4,,81,33.266,37.506335,-122.337198
400321,Winton Ave rm-n-coll,880,S,ML,5,33000,1,28.047,37.659179,-122.103312
400322,oppo Alemany Blvd,280,N,ML,5,67000,75,53.831,37.734299,-122.409462
400323,1200' W of Acalanes Rd,24,E,ML,4,54232,13,8.398,37.892701,-122.16068
400324,Bailey Rd. rm-e-diag,4,E,ML,4,,13,19.794,38.018708,-121.941653
400325,CAPITOL EXPWY,101,N,ML,4,68000,85,381.453,37.304612,-121.818006
400329,Central Ave rm-e-diag,80,E,ML,4,60620,13,13.773,37.903574,-122.31244
400330,Mathilda Ave. rm-s-diag,101,S,ML,4,77000,85,395.303,37.398628,-122.026802
400331,oppo SFIA off-s-diag,101,N,ML,5,,81,421.817,37.62072,-122.399676
400333,Davis St rm-n-loop/diag,880,N,ML,4,68084,1,33.917,37.719584,-122.177086
400334,Airway Blvd  rm-w-loop,580,W,ML,5,41992,1,31.164,37.701111,-121.817968
400336,Union Ave rm-s-diag,85,N,ML,4,68000,85,9.1,37.250624,-121.928209
400337,Sonoma Blvd on-w-diag,80,W,ML,3,81666,95,28.562,38.075741,-122.231688
400338,Serramonte Blvd rm-n-diag,280,N,ML,4,17918,81,47.29,37.671398,-122.466632
400339,Fruitvale Ave off-e-diag,580,W,ML,4,53000,1,57.74,37.79841,-122.216924
400340,San Bruno Ave rm-s-diag,101,S,ML,5,,81,422.503,37.629746,-122.402661
400341,42nd/High St rm-n-diag,880,N,ML,4,53000,1,38.297,37.771469,-122.22307
400343,Coleman Ave rm-n-diag,880,N,ML,3,68000,85,2.7,37.348907,-121.917833
400345,Davis St on-e-diag,24,E,ML,5,54232,13,7.008,37.882713,-122.1802
400349,S of Los Robles Rd,101,N,ML,4,,41,458.603,38.057912,-122.530824
400350,SR 92,280,S,ML,4,,81,33.326,37.506759,-122.33852
400353,San Tomas Expwy rm-n-diag,101,N,ML,4,68000,85,391.827,37.383125,-121.967496
400354,1900' E of St Stephens Dr OC,24,W,ML,5,54232,13,8.108,37.892849,-122.166614
400359,Harbour Way on ramp,580,E,ML,3,60620,13,67.386,37.922431,-122.357855
400360,98th Ave rm-n-loop,880,N,ML,4,53000,1,34.877,37.730698,-122.187572
400361,oppo San Pablo Ave rm-e-diag,80,W,ML,4,60620,13,16.303,37.937368,-122.326196
400363,Auto Mall Pkwy rm-s-diag,880,S,ML,4,26000,1,14.807,37.505941,-121.965865
400369,Lake Herman Rd,680,N,ML,2,,95,61.063,38.088513,-122.109515
400372,Great America Pkwy rm-s-loop,101,S,ML,4,69084,85,392.253,37.38482,-121.974251
400376,Mission Blvd rm-n-coll,680,N,ML,4,26000,1,12.406,37.496302,-121.923874
400378,Cutting Blvd off-w-diag,80,W,ML,5,60620,13,15.383,37.925318,-122.320965
400381,Broadway rm-n-diag/hook,101,N,ML,4,9066,81,419.097,37.593148,-122.365697
400382,oppo N of Miller Creek Rd,101,S,ML,4,,41,456.455,38.037635,-122.536716
400383,1900' N OF A ST,880,S,ML,6,,1,28.947,37.670804,-122.110602
400388,N of Union Pacific RROC,101,N,ML,5,46870,81,405.387,37.480426,-122.174688
400389,1650' W of St Stephens Dr OC,24,E,ML,5,54232,13,7.348,37.887084,-122.177406
400390,N of 37 / 101 Interchange,101,N,ML,4,52582,41,460.503,38.081688,-122.547804
400392,N of Posada Del sol,101,S,ML,4,,41,458.395,38.063597,-122.535214
400393,1500' N of El Pintado Rd,680,S,ML,4,17988,13,40.508,37.837989,-122.014484
400394,SB 880 rm-s-loop,101,S,ML,5,68000,85,388.023,37.364382,-121.902692
400395,Bayview Ave on-e-diag,580,E,ML,3,60620,13,65.265,37.912995,-122.324769
400397,HAVELOCK ST,280,S,ML,5,67000,75,52.023,37.726891,-122.445512
400400,SB 680  rm-n-diag,101,N,ML,4,68000,85,384.743,37.34241,-121.854543
400401,1300' S OF EL CERRO BLVD,680,S,ML,4,17988,13,39.388,37.827922,-121.99838
400406,42nd St and Martin Luther King,24,W,ML,4,53000,1,0.473,37.83111,-122.266925
400407,oppo Bayview Ave on-e-diag,580,W,ML,3,60620,13,65.187,37.912968,-122.324482
400409,Fremont Blvd rm-s-diag,880,S,ML,4,26000,1,13.277,37.490584,-121.945998
400410,Great Oaks Blvd/Monterey Hwy,85,N,ML,3,68000,85,0.81,37.240325,-121.782062
400411,1000' W of Richmond Pkwy,80,W,ML,4,60620,13,19.603,37.980256,-122.317154
400413,E of Camino Pablo,24,W,ML,4,54232,13,6.918,37.881791,-122.181562
400414,Saratoga Ave rm-n-diag,280,N,ML,4,68000,85,7.472,37.317942,-121.977301
400416,oppo Saratoga Ave on-n-diag,17,S,ML,2,44112,85,19.713,37.227752,-121.974276
400417,oppo at the truck scales,880,N,ML,4,26000,1,14.257,37.500569,-121.958606
400418,Curtner Ave rm-n-diag,87,N,ML,3,68000,85,2.66,37.291828,-121.871836
400420,Anza Blvd rm-n-diag,101,N,ML,5,68252,81,418.207,37.587312,-122.35175
400421,oppo 1500' N of Broadway,101,S,ML,6,9066,81,419.213,37.593761,-122.367078
400422,Davis St off-n-diag,880,N,ML,4,68084,1,33.577,37.715784,-122.173158
400425,University Ave rm-s-diag,101,S,ML,4,20970,81,403.003,37.459416,-122.139286
400427,Jackson St rm-s-fly,880,S,ML,4,33000,1,26.927,37.64476,-122.093918
400428,2600' N of Miller Creek Rd,101,N,ML,5,,41,457.423,38.041791,-122.536263
400429,LAWRENCE EXPWY,280,S,ML,4,68000,85,8.362,37.319424,-121.993175
400430,oppo 1000' W of Appian Way,80,E,ML,5,57288,13,20.56,37.991671,-122.308362
400432,University Ave off-e-diag,80,E,ML,5,6000,1,11.01,37.864887,-122.30302
400435,Ellis St rm-s-diag,101,S,ML,4,77000,85,396.483,37.403153,-122.047463
400436,Camden Ave rm-n-diag,17,N,ML,4,10340,85,23.123,37.271687,-121.947037
400437,Sycamore Valley Rd,680,S,ML,4,17988,13,38.278,37.813185,-121.993418
400438,Camino Pablo off-e-diag,24,E,ML,4,54232,13,6.598,37.87761,-122.184005
400439,S of Hinkley Rd,101,S,ML,5,9066,81,419.443,37.595859,-122.370348
400440,Mckee Rd/Julian St rm-s-diag,101,S,ML,4,68000,85,385.779,37.353727,-121.865827
400441,S of Hinkley Rd,101,N,ML,5,9066,81,419.407,37.595999,-122.37006
400442,98th Ave rm-s-diag,880,S,ML,5,53000,1,34.827,37.730017,-122.18722
400443,San Pablo Ave rm-e-diag,80,E,ML,4,60620,13,16.303,37.937479,-122.325945
400444,BLOSSOM HILL,85,N,ML,3,68000,85,3.84,37.25025,-121.835557
400445,oppo Barrett Ave rm-w-diag,80,E,ML,4,60620,13,15.953,37.932712,-122.325878
400446,Crow Canyon Rd rm-s-diag,680,S,ML,4,68378,13,35.388,37.77437,-121.973981
400449,N First St,237,W,ML,3,68000,85,7.162,37.419452,-121.955498
400450,1500' N OF EL PINTADO RD,680,N,ML,4,17988,13,40.473,37.838067,-122.014224
400451,Decoto Rd rm-s-diag,880,S,ML,4,26000,1,20.347,37.561479,-122.036403
400457,Capitol Expwy  rm-n-diag,87,S,ML,2,68000,85,1.52,37.276763,-121.863661
400460,2000' N of Pacheco Creek OC,101,S,ML,4,,41,457.645,38.05375,-122.530892
400461,ALMADEN EXPWY  RM-N-DIA,85,N,ML,3,68000,85,6.34,37.254781,-121.878917
400462,Gold Hill Rd oc,680,S,ML,2,,95,68.098,38.182315,-122.134276
400463,2000' N OF WINTON AVE,880,S,ML,5,33000,1,28.217,37.661372,-122.104698
400464,SB 17 / NB 17 rm-n-coll,85,N,ML,3,44112,85,11.056,37.258029,-121.962211
400465,oppo Richmond Pkwy rm-e-diag,80,W,ML,4,57288,13,20.273,37.989153,-122.3126
400468,Stevenson Blvd rm-s-diag,880,S,ML,4,26000,1,16.257,37.520726,-121.984478
400470,E of Carlson Blvd,80,W,ML,4,60620,13,14.573,37.914219,-122.317555
400473,N Access Rd off-n-diag,101,N,ML,5,,81,422.757,37.634102,-122.402969
400474,Blossom Hill Rd  rm-n-loop,101,N,ML,4,68000,85,377.741,37.256032,-121.794206
400478,SR4 rm-e-fly/diag,80,E,ML,4,33308,13,23.528,38.016698,-122.267706
400479,SB 101 rm-s-diag,880,S,ML,4,68000,85,3.94,37.362439,-121.903211
400480,West St / 35th St,580,W,ML,4,53000,1,61.395,37.824968,-122.270895
400484,1200' N of SFIA,101,S,ML,6,,81,421.643,37.617632,-122.398979
400485,SB 17/NB 17 rm-s-diag,85,N,ML,3,68000,85,10.29,37.254231,-121.949216
400486,Hesperian Blvd rm-s-diag,880,S,ML,6,,1,30.187,37.683114,-122.127218
400488,Whipple Rd  rm-n-coll,880,N,ML,5,33000,1,24.007,37.608066,-122.067407
400489,West St / 35th St,580,E,ML,2,53000,1,61.243,37.824791,-122.270978
400490,Mowry Ave rm-n-diag,880,N,ML,4,26000,1,17.587,37.531271,-122.004734
400492,Seminary Ave,580,E,ML,4,53000,1,54.804,37.780572,-122.173006
400494,1400' E of EBmud Aqueduct UC,24,E,ML,5,39122,13,11.328,37.895807,-122.108492
400495,Hegenberger Rd rm-n-loop,880,N,ML,4,53000,1,35.687,37.740229,-122.195912
400497,Sierra Pt Prkwy off-n-diag,101,N,ML,4,73262,81,425.717,37.672002,-122.390835
400498,High St rm-s-diag,880,S,ML,4,53000,1,37.757,37.764896,-122.217766
400499,WOLFE RD,280,N,ML,4,17610,85,9.802,37.331068,-122.014931
400501,600' W of Refinery Rd UC,80,W,ML,4,,13,25.247,38.036851,-122.249232
400503,S. Airport Blvd rm-n-hook,101,N,ML,5,73262,81,423.667,37.646963,-122.406317
400504,oppo W Hillsdale Blvd,92,W,ML,2,68252,81,10.006,37.531103,-122.330303
400505,100' N of Oak Park Blvd,680,N,ML,6,57764,13,48.502,37.935645,-122.060104
400507,oppo De Anza Blvd rm-s-diag,85,N,ML,3,68000,85,15.846,37.298931,-122.029806
400508,Coleman Ave rm-s-diag,880,S,ML,3,68000,85,2.55,37.34766,-121.919969
400513,SR-37 rm-s-fly/diag,101,S,ML,4,,41,459.365,38.076213,-122.542571
400514,Bascom Ave rm-s-loop,880,S,ML,3,68000,85,1.28,37.334602,-121.936288
400515,oppo Hesperian Blvd off-n-diag,880,N,ML,6,,1,30.187,37.683298,-122.126995
400516,SB 242 conn,4,W,ML,2,16000,13,15.078,38.009807,-122.023367
400519,SB 87 rm-s-fly,85,S,ML,3,68000,85,4.88,37.255262,-121.852738
400521,Solano Way rm-s-diag,242,N,ML,3,16000,13,2.329,37.987589,-122.040509
400525,2000' S of Pacheco Creek OC,101,S,ML,5,,41,456.905,38.043798,-122.535322
400527,peninsula ave rm-n-diag,101,N,ML,4,68252,81,417.117,37.586468,-122.331956
400528,EAST EVELYN AVE,85,S,ML,3,49670,85,22.666,37.388893,-122.068829
400529,oppo Hacienda Ave OC,880,N,ML,5,,1,29.597,37.677613,-122.118725
400531,EB 92 rm-s-diag,101,S,ML,6,68252,81,413.953,37.551321,-122.294329
400532,Risa rd,24,E,ML,4,39122,13,9.688,37.890463,-122.137515
400534,ALVARADO-FREMONT BLVD,880,N,ML,4,26000,1,21.887,37.581087,-122.048943
400535,Jackson Ave rm-s-diag,680,S,ML,5,68000,85,0.97,37.349493,-121.839218
400536,Alvarado-Niles Rd rm-n-diag,880,N,ML,5,81204,1,23.367,37.600243,-122.061912
400538,Richmond Pkwy rm-w-loop,80,W,ML,4,57288,13,20.093,37.987092,-122.31465
400539,PASEO PADRE PKWY,880,N,ML,5,26000,1,21.277,37.572566,-122.045996
400540,S Airport Blvd off-s-diag,101,N,ML,5,73262,81,423.947,37.65101,-122.406709
400545,EB 237 rm-s-diag,101,S,ML,4,77000,85,395.693,37.40013,-122.033628
400546,2200' S OF ALCOSTA BLVD,680,N,ML,5,20018,1,31.478,37.724687,-121.941
400547,N of Greenbrae POC,101,S,ML,4,16462,41,449.125,37.942551,-122.515478
400549,Seminary Ave,580,W,ML,4,53000,1,54.956,37.78073,-122.172868
400550,Laurel Dr on-w-diag,24,W,ML,4,39122,13,10.798,37.89455,-122.118824
400551,Gold Hill Rd oc,680,N,ML,2,,95,67.993,38.182144,-122.133796
400552,oppo S of St. Mary's POC,280,S,ML,4,67000,75,53.433,37.731863,-122.421517
400553,2000' S OF BOLLINGER CANYON RD,680,S,ML,4,68378,13,33.938,37.755435,-121.962571
400554,DIABLO RD  ON-S-DIAG,680,N,ML,4,17988,13,38.883,37.822475,-121.993421
400560,Stevens Creek Blvd  rm-n-diag,280,N,ML,4,69084,85,9.012,37.324839,-122.002891
400563,Auzerais Ave/Delmas St,87,N,ML,3,68000,85,5.26,37.325124,-121.893062
400565,Alvarado-Fremont Blvd,880,S,ML,4,26000,1,21.647,37.577648,-122.04799
400566,Mission Blvd on-s-loop,680,S,ML,4,26000,1,12.39,37.496212,-121.924229
400567,N First St,237,E,ML,4,68000,85,6.752,37.418931,-121.962821
400568,3300' N of Milbrae ave OC,101,S,ML,6,,81,420.803,37.608375,-122.389578
400570,23th Ave/Kennedy St rm-s-loop,880,S,ML,4,53000,1,39.107,37.776614,-122.236242
400573,18 TH ST / PENNSYLVANIA,280,N,ML,3,67000,75,56.481,37.770861,-122.397356
400574,Marina Blvd rm-n-diag,880,N,ML,4,68084,1,33.187,37.711717,-122.168258
400575,S of St. Mary's POC,280,N,ML,4,67000,75,53.431,37.731898,-122.417132
400576,Mowry Ave rm-s-diag,880,S,ML,4,26000,1,17.297,37.528764,-122.000496
400577,BLOSSOM HILL RD,85,S,ML,4,68000,85,3.8,37.249661,-121.835108
400578,Willow Rd rm-s-loop,101,S,ML,4,20970,81,404.123,37.469095,-122.155726
400579,500' W of El Nido Ranch Rd,24,E,ML,4,39122,13,9.068,37.890953,-122.148661
400580,700' W of El Curtola,24,W,ML,5,39122,13,12.548,37.89816,-122.087509
400581,Mathilda Ave rm-w-diag,237,W,ML,2,77000,85,2.927,37.402668,-122.029069
400582,Saratoga Ave rm-s-diag,85,S,ML,3,68000,85,13.696,37.275212,-122.004898
400586,Trimble Rd. rm-s-loop,101,S,ML,4,68000,85,390.423,37.376835,-121.942537
400591,Capital Expwy rm-n-diag,101,N,ML,5,68000,85,381.463,37.304727,-121.818118
400593,3200' S of San Bruno ave OC,101,N,ML,7,,81,421.967,37.622827,-122.400394
400596,Solano Way  rm-s-diag,242,S,ML,4,16000,13,2.329,37.987627,-122.040728
400598,N OF PACHECO CREEK OC,101,N,ML,4,52582,41,458.043,38.04987,-122.531433
400600,600' E of El Nido Ranch Rd,24,W,ML,5,39122,13,9.038,37.891528,-122.149959
400601,E of Maritime,948,N,ML,3,53000,1,0.56,37.821923,-122.298544
400604,Pleasant Hill Rd off-w-coll,24,W,ML,4,39122,13,12.298,37.89803,-122.09204
400606,Kempton St/Fairmont St,580,W,ML,4,53000,1,60.765,37.822295,-122.25977
400607,oppo 29th Ave rm-s-diag,880,N,ML,4,53000,1,38.877,37.77487,-122.232742
400608,Hegenberger Rd rm-n-diag,880,N,ML,5,53000,1,35.817,37.741804,-122.197315
400609,Broadway  rm-s-diag,880,S,ML,5,53000,1,41.537,37.796547,-122.270242
400611,Industrial Pkwy rm-n-diag,880,N,ML,4,33000,1,24.917,37.619533,-122.075651
400612,N of University Ave,80,E,ML,5,6000,1,11.51,37.871861,-122.305215
400615,Port Chicago Hwy rm-e-coll,4,E,ML,4,16000,13,15.454,38.010295,-122.017437
400616,2000' E of El Nido Ranch Rd,24,W,ML,4,39122,13,9.448,37.891578,-122.142555
400617,Camino Pablo on-w-coll/diag,24,W,ML,4,54232,13,6.628,37.878808,-122.185235
400619,1000' W of Dolores Drive UC,24,W,ML,4,39122,13,10.018,37.891509,-122.132425
400620,Ignacio Blvd on-s-diag,101,S,ML,4,,41,458.565,38.065599,-122.536996
400621,2000' N of Pennisula Ave,101,S,ML,5,68252,81,417.473,37.58677,-122.337944
400622,Magazine St  on-e-hook,80,E,ML,3,81666,95,29.192,38.084435,-122.233021
400625,Santa Rita Rd rm-e-loop,580,E,ML,5,57792,1,33.972,37.701329,-121.871949
400628,oppo Central Ave rm-e-diag,80,W,ML,4,60620,13,13.773,37.903475,-122.312712
400630,2000' S of Pacheco Creek OC,101,N,ML,5,,41,457.573,38.043717,-122.535012
400634,TENNYSON RD,880,S,ML,4,33000,1,26.027,37.633433,-122.085877
400636,oppo Livorna Rd on-s-diag,680,N,ML,4,,13,42.533,37.862189,-122.033884
400637,Santa Teresa rm-s-diag,85,S,ML,3,68000,85,5.09,37.255332,-121.856478
400639,Canal Blvd on-e-diag,580,E,ML,3,60620,13,68.376,37.927097,-122.37423
400641,Harney Way rm-s-diag,101,S,ML,4,8310,81,428.193,37.706492,-122.394734
400642,27TH ST  ON-E-DIAG,980,E,ML,3,53000,1,1.821,37.821318,-122.268956
400643,Lawrence Expwy. rm-s-loop,101,S,ML,4,77000,85,393.463,37.390763,-121.994912
400648,De Anza Blvd/Saratoga-Sunny,85,S,ML,3,68000,85,16.236,37.303016,-122.034801
400649,LARK AVE,17,N,ML,2,44112,85,21.613,37.251741,-121.958118
400654,Curtner Ave  rm-n-diag,87,N,ML,3,68000,85,3.07,37.297486,-121.874117
400655,42nd and Dover / 51st Street,24,E,ML,4,53000,1,0.373,37.829582,-122.266637
400656,N of Miller Creek Rd,101,N,ML,4,,41,457.123,38.037559,-122.536356
400657,SFIA on-s-fly (lower roadway),101,S,ML,6,,81,421.143,37.611521,-122.394365
400659,oppo W Grand Ave rm-n-diag,880,S,ML,2,53000,1,45.027,37.822953,-122.292056
400660,Pinole Valley Rd rm-e-diag,80,E,ML,4,57288,13,21.923,37.99801,-122.285108
400661,E Hillsdale Blvd rm-n-diag,101,N,ML,4,68252,81,413.447,37.545931,-122.289058
400662,Stevenson Blvd rm-n-loop,880,N,ML,4,26000,1,16.407,37.522071,-121.986671
400664,Almaden Expwy  rm-n-diag,87,N,ML,3,68000,85,3.54,37.303458,-121.878143
400665,King Rd rm-s-diag,680,S,ML,4,68000,85,0.19,37.341439,-121.849299
400666,900' S of Hacienda Ave,880,S,ML,6,,1,29.267,37.67425,-122.114421
400668,Mckee Rd/Julian St  rm-n-diag,101,N,ML,4,68000,85,385.853,37.35512,-121.866967
400669,29th Ave rm-s-diag,880,S,ML,4,53000,1,38.877,37.774755,-122.232821
400670,A St rm-s-diag,880,S,ML,5,,1,28.477,37.664733,-122.106795
400673,Wolfe Rd rm-s-loop,280,S,ML,4,17610,85,9.692,37.329972,-122.013423
400674,Decoto Rd rm-n-diag,880,N,ML,4,26000,1,20.717,37.565692,-122.040628
400675,Marina Bay Parkway (S 23rd St),580,W,ML,3,60620,13,66.166,37.921473,-122.336918
400676,S of Monterey Blvd,280,N,ML,4,67000,75,52.601,37.731577,-122.43422
400677,Stevens Creek Blvd  rm-s-diag,85,N,ML,4,17610,85,17.666,37.32001,-122.048757
400678,oppo High St rm-s-diag,880,N,ML,4,53000,1,37.757,37.764978,-122.217592
400679,S Aquatic Park,80,E,ML,5,6000,1,10.22,37.853676,-122.300011
400681,Tennyson Rd rm-s-coll,880,S,ML,4,33000,1,25.727,37.629653,-122.083176
400682,23rd Ave rm-n-fly/diag,880,N,ML,4,53000,1,39.327,37.779555,-122.237925
400683,2700' E of Foster City Blvd.,92,E,ML,3,25338,81,14.656,37.56726,-122.269207
400685,oppo Winton Ave on-s-coll/diag,880,N,ML,5,33000,1,27.707,37.654859,-122.100333
400686,Decoto Rd rm-s-loop,880,S,ML,4,26000,1,20.547,37.563681,-122.038765
400687,Lawrence Expwy rm-w-diag,237,W,ML,3,77000,85,4.527,37.408833,-122.000989
400688,Winchester Blvd  rm-n-diag,85,N,ML,4,44112,85,11.336,37.259412,-121.966974
400690,ALMADEN EXPWY,85,S,ML,3,68000,85,6.22,37.255184,-121.876817
400691,oppo Ashby Ave on-e-diag,80,W,ML,5,6000,1,9.98,37.850502,-122.299413
400692,EB High St. off ramp,580,E,ML,4,53000,1,56.188,37.786914,-122.196329
400695,oppo Scott Creek Rd rm-n-diag,680,S,ML,4,26000,1,10.26,37.468731,-121.907735
400696,2500' S OF BOLLINGER CANYON RD,680,S,ML,4,68378,13,33.638,37.751571,-121.96005
400698,AT THE TRUCK SCALES,880,S,ML,4,26000,1,14.257,37.500427,-121.958791
400700,Union Ave  rm-n-diag,85,S,ML,3,,85,9.43,37.251345,-121.934089
400703,Hickey Blvd. rm-n-loop,280,N,ML,4,17918,81,46.67,37.662585,-122.465286
400707,oppo SR4 rm-e-fly/diag,80,W,ML,4,33308,13,23.522,38.016716,-122.267896
400709,The Alameda rm-s-diag,880,S,ML,4,68000,85,1.94,37.341275,-121.927699
400712,EL PINTADO WY  ON-N-DIAG,680,N,ML,4,17988,13,40.183,37.835529,-122.009979
400713,Union Ave  rm-n-diag,85,N,ML,3,,85,9.43,37.251585,-121.934046
400714,Winchester Blvd rm-n-diag,280,N,ML,4,68000,85,6.142,37.316788,-121.953512
400715,SB 85 rm-n-conn,17,N,ML,2,44112,85,21.953,37.256205,-121.955355
400716,Thornton Ave rm-n-diag,880,N,ML,4,26000,1,19.257,37.54901,-122.02445
400717,Camden Ave rm-n-diag,85,S,ML,4,68000,85,8.23,37.250424,-121.912467
400720,Dore Ave off-n-diag,101,N,ML,5,68252,81,416.107,37.575964,-122.319373
400723,Bascom Ave rm-s-diag,880,S,ML,4,68000,85,1.25,37.334296,-121.936706
400726,200' N of St. Joseph Ave,280,N,ML,4,,85,14.282,37.341729,-122.091188
400727,S of Los Robles Rd,101,S,ML,4,52582,41,457.935,38.057889,-122.531097
400728,University Ave on-e-diag,80,E,ML,5,6000,1,11.13,37.866567,-122.303586
400729,Bernal Rd rm-n-loop,85,N,ML,1,68000,85,0.1,37.241625,-121.7675
400730,oppo Dore Ave off-n-diag,101,S,ML,5,68252,81,416.143,37.575865,-122.319539
400733,University Ave  rm-n-coll/diag,101,S,ML,4,20970,81,403.403,37.462878,-122.145152
400734,Cutting Blvd off-w-diag,580,W,ML,3,60620,13,67.806,37.926527,-122.365224
400736,1200' W of Orinda exit,24,E,ML,4,54232,13,6.158,37.872735,-122.18927
400738,200' E of Canal Blvd,580,W,ML,3,60620,13,68.306,37.927273,-122.37421
400739,Auto Mall Pkwy rm-s-loop,880,S,ML,4,26000,1,15.007,37.507992,-121.968393
400740,Hegenberger Rd rm-s-diag,880,S,ML,5,53000,1,35.567,37.738713,-122.194862
400741,2100' S Sycamore Valley Rd,680,S,ML,5,17988,13,37.718,37.805445,-121.990488
400742,Blossom Hill Rd rm-s-diag,101,S,ML,4,68000,85,377.837,37.256359,-121.795246
400743,Mathilda Ave rm-s-loop,101,S,ML,4,77000,85,395.393,37.398989,-122.028373
400744,2400' N of Sierra Point Prkwy,101,S,ML,4,8310,81,427.033,37.689976,-122.390983
400746,Geneva Ave on-s-diag,280,S,ML,5,67000,75,51.623,37.721564,-122.448231
400747,1450' W of St. Stephens Dr OC,24,W,ML,5,54232,13,7.655,37.890426,-122.174138
400748,Juanita Dr,24,E,ML,6,,13,12.828,37.89729,-122.081421
400749,3000' S of Rudgear Rd,680,S,ML,5,83346,13,43.578,37.874152,-122.044475
400750,oppo Camden Ave rm-s-diag,85,N,ML,3,68000,85,7.97,37.250746,-121.907763
400753,Bet Poplar & 3rd Ave - Cypress,101,N,ML,5,68252,81,415.907,37.573775,-122.316986
400754,BLOSSOM HILL RD,85,S,ML,3,68000,85,4.04,37.25151,-121.838854
400755,Carlson Blvd,80,W,ML,4,60620,13,14.243,37.909536,-122.316706
400756,Marina Vista Ave rm-s-diag,680,S,ML,3,,13,56.015,38.024938,-122.11109
400760,NB 87 rm-n-diag,101,N,ML,4,68000,85,389.737,37.374628,-121.931055
400761,Mowry Ave rm-n-loop,880,N,ML,4,26000,1,17.357,37.529397,-122.001271
400763,SFIA/San Bruno Ave,101,S,ML,4,73262,81,423.003,37.636976,-122.40429
400764,Willow Pass Rd (Bay Point,4,E,ML,4,,13,18.424,38.022988,-121.966809
400765,1400' N of 7th St,880,N,ML,4,53000,1,44.027,37.811809,-122.303409
400766,oppo S. Airport Blvd rm-n-hook,101,S,ML,4,73262,81,423.713,37.647089,-122.406584
400767,2000' N OF SYCAMORE VALLEY RD,680,S,ML,5,17988,13,38.708,37.819421,-121.993374
400768,2200' N of Ignasio Blvd,101,N,ML,5,52582,41,459.893,38.074507,-122.541273
400770,San Pablo Dam Rd rm-e-diag,80,E,ML,4,60620,13,17.633,37.955597,-122.329563
400772,Union Ave rm-s-diag,85,S,ML,3,68000,85,9.1,37.250448,-121.928226
400774,S Main St off-s-loop,680,S,ML,6,83346,13,44.559,37.885471,-122.055264
400778,Stevenson Blvd rm-s-loop,880,S,ML,4,26000,1,16.527,37.522837,-121.988605
400781,oppo Sierra Pt Prkwy,101,S,ML,4,73262,81,425.703,37.671403,-122.391502
400782,N OF PACHECO CREEK OC,101,S,ML,4,,41,457.325,38.04924,-122.531986
400783,oppo N of Union Pacific RROC,101,S,ML,5,46870,81,405.423,37.480254,-122.174886
400784,3200' S of San Bruno ave OC,101,S,ML,6,,81,422.003,37.622678,-122.400677
400785,3300' N of Livorna Rd,680,N,ML,4,,13,43.313,37.871289,-122.042178
400787,Anza Blvd rm-n-diag,101,S,ML,6,68252,81,418.223,37.587118,-122.351625
400788,NB 238/Washington Ave,880,N,ML,4,68084,1,31.047,37.691415,-122.138842
400790,Lawrence Expwy rm-n-diag,101,N,ML,5,77000,85,393.617,37.391922,-121.998077
400791,SB Dixon Rd,680,S,ML,5,47766,85,9.6,37.460727,-121.901158
400792,Bascom Ave rm-n-diag,85,S,ML,3,68000,85,10.646,37.255491,-121.955543
400793,Hegenberger Rd rm-s-loop,880,S,ML,4,53000,1,35.757,37.740971,-122.19684
400794,Lawrence Expwy rm-s-diag,101,S,ML,5,77000,85,393.393,37.390422,-121.993716
400797,oppo Broadway rm-s-loop/diag,101,N,ML,4,9066,81,418.687,37.589378,-122.359934
400799,10TH ST,280,N,ML,4,68000,85,1.59,37.327927,-121.876137
400800,100' E of Acalanes Rd UC,24,W,ML,5,39122,13,8.788,37.892206,-122.154409
400801,Mt Diablo,680,N,ML,4,83346,13,45.762,37.897448,-122.070857
400804,Story Rd/SB 280 rm-n-coll,101,N,ML,4,68000,85,384.193,37.336089,-121.848437
400805,S of Cordelia Rd/Bridgeport Av,680,N,ML,2,23182,95,69.593,38.204729,-122.137909
400807,200' N OF ST JOSEPH AVE,280,S,ML,4,,85,14.282,37.341455,-122.091236
400810,Thornton Ave rm-s-diag,880,S,ML,4,26000,1,18.907,37.544559,-122.021402
400814,N. Main St. rm-n-diag,680,N,ML,5,83346,13,47.232,37.917697,-122.063663
400815,West St off ramp,580,W,ML,6,53000,1,61.645,37.825941,-122.275114
400816,Hacienda Dr rm-w-loop,580,W,ML,5,57792,1,34.854,37.701684,-121.885255
400817,S of Anza Blvd,101,N,ML,5,68252,81,417.847,37.587146,-122.34519
400818,2200' S of Alcosta Blvd,680,S,ML,5,20018,1,31.527,37.724817,-121.941397
400819,Potrero Ave rm-w-diag,80,W,ML,4,60620,13,14.873,37.918568,-122.317539
400822,Bascom Ave rm-n-diag,85,N,ML,3,68000,85,10.646,37.255715,-121.955375
400823,De Anza Blvd rm-s-diag,280,S,ML,4,17610,85,10.692,37.334249,-122.030111
400828,De Anza Blvd rm-s-diag,85,S,ML,3,68000,85,15.846,37.298804,-122.030071
400829,oppo Sonoma Blvd on-w-diag,80,E,ML,3,81666,95,28.562,38.075421,-122.231255
400832,SB 85 rm-s-diag,17,S,ML,3,44112,85,21.823,37.254601,-121.956775
400835,Oak St rm-s-diag,880,S,ML,4,53000,1,41.187,37.794062,-122.264744
400837,oppo Almaden Expwy  rm-n-diag,87,S,ML,3,68000,85,3.53,37.303359,-121.878066
400838,Richmond Pkwy rm-e-diag,80,E,ML,5,57288,13,20.263,37.988948,-122.312525
400839,Alvarado-Fremont Blvd,880,S,ML,4,26000,1,21.817,37.580027,-122.048801
400842,oppo Santa Teresa Blvd,87,S,ML,2,68000,85,0.34,37.260412,-121.859365
400844,W Grand Ave rm-n-diag,880,N,ML,2,53000,1,45.027,37.822794,-122.291843
400852,Oppo El Pintado Wy on-n-diag,680,S,ML,4,17988,13,40.218,37.835476,-122.010223
400853,Alvarado-Niles Rd rm-s-loop,880,S,ML,4,81204,1,23.327,37.5997,-122.061725
400858,Hellyer Ave. rm-n-loop,101,N,ML,4,,85,379.683,37.281279,-121.807832
400859,University Ave  rm-n-coll/diag,101,N,ML,4,20970,81,403.367,37.463019,-122.145022
400861,El Camino Real rm-e-diag,92,E,ML,2,68252,81,12.016,37.550944,-122.310834
400863,N 1st St rm-n-loop,101,N,ML,4,68000,85,388.917,37.371809,-121.91655
400865,Appian Way rm-e-loop,80,E,ML,4,57288,13,20.943,37.99336,-122.301718
400867,Regatta Blvd off-w-diag,580,W,ML,3,60620,13,66.106,37.921308,-122.335837
400869,Moffett Blvd rm-s-loop,85,S,ML,3,49670,85,23.656,37.403673,-122.069953
400870,SB Dixon Rd,680,N,ML,3,47766,85,9.6,37.460605,-121.900727
400873,ZANKER RD,237,E,ML,3,68000,85,8.222,37.420927,-121.93674
400878,200' W of EBmud Aqueduct UC,24,W,ML,5,39122,13,11.188,37.895657,-122.111891
400880,2500' S of Bollinger Canyon Rd,680,N,ML,4,68378,13,33.603,37.751602,-121.959813
400883,Between Treat & Main St,680,S,ML,7,83346,13,47.569,37.92161,-122.061947
400884,Fashion Island Blvd rm-s-diag,101,S,ML,5,68252,81,414.043,37.552362,-122.2953
400886,WB 380 conn-s-diag,101,S,ML,5,73262,81,423.193,37.639558,-122.405568
400891,Capitol Expwy rm-s-coll,101,S,ML,5,68000,85,380.969,37.29855,-121.812553
400892,HOPYARD RD,580,E,ML,6,57792,1,35.902,37.701571,-121.907167
400894,COTTLE RD,85,S,ML,3,68000,85,2.0,37.242723,-121.804466
400895,San Tomas Expwy rm-s-diag,101,S,ML,5,68000,85,391.463,37.380958,-121.960741
400898,2000' N of Winton Ave,880,N,ML,5,33000,1,28.257,37.661989,-122.104729
400902,Appian Way rm-e-diag,80,E,ML,4,57288,13,21.033,37.993583,-122.300078
400904,Fair Oaks Ave rm-s-diag,101,S,ML,4,77000,85,394.373,37.395067,-122.010518
400905,El Camino Real rm-w-loop,92,W,ML,2,68252,81,11.986,37.550785,-122.311328
400907,SB 17 / NB 17 rm-n-coll,85,S,ML,3,44112,85,11.056,37.257815,-121.96237
400911,Brokaw Rd rm-n-diag,101,N,ML,4,68000,85,389.227,37.372674,-121.922087
400916,NB & SB 280  rm-s-conn,87,N,ML,3,68000,85,4.9,37.320404,-121.89031
400922,NB 880 rm-s-diag,101,S,ML,5,68000,85,387.843,37.363644,-121.899535
400923,2000' N of 7th St/Grand Ave,880,N,ML,4,53000,1,44.147,37.813142,-122.302137
400928,oppo 2200' N of Industrial,880,N,ML,5,33000,1,25.177,37.62282,-122.077983
400929,1000' W of Appian Way,80,W,ML,5,57288,13,20.573,37.991876,-122.308285
400933,Livorna Rd on-n-diag,680,N,ML,4,,13,42.753,37.86442,-122.036749
400934,SB 17/NB 17 rm-s-diag,85,S,ML,3,68000,85,10.29,37.254002,-121.949365
400935,PENINSULA AVE OC,101,N,ML,5,68252,81,416.857,37.584184,-122.328291
400939,1900' N of A St,880,N,ML,5,,1,28.947,37.670921,-122.110371
400941,Fremont Blvd rm-s-loop,880,S,ML,4,26000,1,13.467,37.492551,-121.948549
400942,Marina Blvd rm-s-diag,880,S,ML,5,68084,1,32.947,37.709334,-122.165111
400946,EL CURTOLA,24,E,ML,5,39122,13,12.528,37.89776,-122.086814
400948,Fruitvale Ave off-e-diag,580,E,ML,4,53000,1,57.588,37.798217,-122.216962
400949,66th Ave/Coliseum Wy,880,N,ML,4,53000,1,37.067,37.756731,-122.210399
400950,oppo Lakeshore Ave on-e-diag,580,W,ML,4,53000,1,59.555,37.80979,-122.246264
400951,Stevens Creek Blvd,880,N,ML,4,,85,0.54,37.325151,-121.940679
400952,Saratoga Ave  rm-n-diag,85,N,ML,3,70280,85,14.106,37.279234,-122.01035
400953,4TH ST/REED ST,280,N,ML,4,68000,85,1.85,37.327241,-121.88076
400955,98th Ave rm-n-diag,880,N,ML,5,53000,1,35.067,37.732945,-122.189517
400956,66th Ave rm-s-loop/diag,880,S,ML,4,53000,1,36.557,37.750611,-122.205291
400958,2700' N of Crow Canyon Rd,680,S,ML,5,68378,13,36.118,37.784162,-121.979035
400961,LAKE HERMAN RD,680,S,ML,2,,95,61.168,38.088709,-122.109659
400962,N of Posada Del sol,101,N,ML,4,,41,459.063,38.06368,-122.534971
400963,COTTLE RD,85,S,ML,3,68000,85,1.74,37.241254,-121.798377
400964,De La Cruz Blvd rm-n-loop,101,N,ML,3,68000,85,390.287,37.376685,-121.94075
400965,Oakland Rd rm-n-diag,101,N,ML,4,68000,85,387.477,37.363311,-121.893592
400970,Lawrence Expwy rm-e-coll/diag,237,E,ML,3,77000,85,4.787,37.409675,-121.996301
400971,Old Bayshore Hwy,880,S,ML,4,68000,85,4.39,37.368669,-121.901336
400972,Sycamore Valley Rd rm-n-diag,680,N,ML,4,17988,13,38.243,37.813212,-121.993211
400973,Great America Pkwy rm-e-diag,237,E,ML,3,69084,85,6.227,37.417735,-121.972451
400975,oppo SFIA,101,N,ML,6,,81,421.117,37.611714,-122.394268
400976,Richmond Pkwy rm-e-loop,80,E,ML,4,60620,13,20.049,37.986348,-122.314626
400977,SFIA off-s-diag,101,S,ML,4,,81,421.853,37.620575,-122.399975
400978,Hellyer Ave. rm-s-loop,101,S,ML,4,,85,379.819,37.282486,-121.808807
400980,Jackson St rm-n-diag,880,N,ML,4,53000,1,41.647,37.797439,-122.271974
400981,Willow Rd rm-n-loop,101,N,ML,4,20970,81,404.027,37.468732,-122.154696
400983,oppo 7th St rm-s-diag,880,N,ML,3,53000,1,43.577,37.805759,-122.303642
400986,Santa Rita Rd. rm-e-diag,580,E,ML,5,57792,1,33.832,37.701322,-121.869395
400988,2700' N of Crow Canyon Rd,680,N,ML,5,68378,13,36.083,37.784173,-121.978863
400989,Gateway Blvd on-w-diag,24,W,ML,4,54232,13,5.458,37.867462,-122.200125
400990,100' S of Paseo Grande,880,N,ML,5,,1,29.907,37.680566,-122.123107
400993,oppo Willow Pass Rd rm-e-diag,4,W,ML,4,,13,16.828,38.016167,-121.992426
400995,Lelong St rm-n-diag,87,S,ML,5,68000,85,4.35,37.313375,-121.886106
400996,Alum Rock Ave  rm-n-diag,101,N,ML,4,68000,85,385.473,37.350928,-121.862378
401000,S of Anza Blvd,101,S,ML,5,68252,81,417.883,37.586941,-122.345424
401002,Pleasant Hill Rd on-e-coll,24,E,ML,4,39122,13,12.148,37.897613,-122.093745
401003,Winton Ave rm-n-coll,880,N,ML,5,33000,1,28.047,37.659267,-122.103058
401006,Hopyard Rd rm-e-diag,580,E,ML,6,57792,1,35.772,37.701529,-121.904795
401011,Decoto Rd rm-n-loop,880,N,ML,4,26000,1,20.507,37.563362,-122.038123
401012,W Hillsdale Blvd off-e-diag,92,E,ML,2,68252,81,10.066,37.531919,-122.329851
401014,ZANKER RD,237,W,ML,3,68000,85,8.082,37.420505,-121.9392
401015,Mountain Blvd on-w-fly,580,W,ML,4,53000,1,55.336,37.783815,-122.178637
401016,Westborough Blvd. rm-n-loop,280,N,ML,4,73262,81,45.12,37.644965,-122.448632
401017,500' W of Park Blvd,580,W,ML,4,53000,1,58.845,37.805197,-122.234712
401018,Alemany Blvd,280,S,ML,5,67000,75,53.843,37.732647,-122.414119
401038,Alvarado/Niles Rd & Alvarado B,880,S,ML,5,26000,1,22.527,37.589412,-122.05441
401041,oppo Cutting Blvd rm-e-loop,80,W,ML,4,60620,13,15.333,37.92469,-122.320506
401045,Cutting Blvd rm-e-loop,80,E,ML,4,60620,13,15.333,37.924801,-122.320238
401052,oppo W of Central Ave,80,W,ML,4,60620,13,13.393,37.898689,-122.309697
401053,US 101,92,E,ML,2,68252,81,13.096,37.553842,-122.29183
401056,Oakland/Trinity Ave,680,S,ML,3,83346,13,46.269,37.904098,-122.069992
401058,oppo 3000' W of SR4,80,E,ML,4,33308,13,22.743,38.007548,-122.276203
401062,N of Alameda Flood Control,880,N,ML,4,26000,1,22.227,37.58562,-122.051459
401065,US 101,92,W,ML,3,68252,81,13.026,37.553869,-122.293168
401066,Gilman St off-w-diag,80,W,ML,6,6000,1,11.95,37.878125,-122.307431
401068,oppo S of Marina Blvd,880,S,ML,5,68084,1,32.357,37.703701,-122.156989
401070,1200' E of Pinole Valley Rd,80,E,ML,4,57288,13,22.413,38.003715,-122.279792
401072,SB 238  rm-s-fly,880,S,ML,4,,1,30.557,37.68658,-122.132116
401073,oppo N Alameda Flood Control,880,S,ML,4,26000,1,22.227,37.585543,-122.051649
401079,Gilman St rm-e-diag,80,E,ML,5,6000,1,11.95,37.878155,-122.307214
401081,3000' W of SR4,80,W,ML,4,33308,13,22.741,38.007643,-122.276369
401083,Sycamore Ave UC,80,W,ML,4,33308,13,23.016,38.010814,-122.273346
401084,1200' E of Pinole Valley Rd,80,W,ML,5,,13,22.405,38.003734,-122.280004
401090,oppo Sycamore Ave UC,80,E,ML,5,33308,13,23.243,38.013374,-122.270787
401095,Oakland Blvd & Almond Ave,680,N,ML,4,83346,13,46.022,37.901176,-122.070224
401097,1000' S of El Pintado Rd,680,S,ML,4,17988,13,40.028,37.833812,-122.007449
401098,oppo 1800' N of Greenbrook Dr.,680,N,ML,5,68378,13,37.073,37.797357,-121.98592
401100,2200' N of Hwy 4/N of Blum Ave,680,S,ML,6,,13,53.325,37.998946,-122.075414
401102,oppo 150' N of Montevideo UC,680,N,ML,4,68378,13,33.323,37.747942,-121.957587
401103,1600' S of Greenbrook Dr.,680,S,ML,5,17988,13,36.428,37.788286,-121.9813
401104,1000' S OF EL PINTADO RD  /  S,680,N,ML,4,17988,13,39.993,37.833874,-122.007206
401106,NB 680,24,W,FF,3,,13,13.288,37.896362,-122.074417
401107,oppo 1600' S of Greenbrook Dr.,680,N,ML,5,68378,13,36.393,37.788293,-121.981119
401110,oppo Oakland Blvd & Almond Ave,680,S,ML,4,83346,13,46.049,37.901016,-122.070699
401111,Ygnacio Valley Rd,680,S,ML,5,83346,13,46.409,37.906086,-122.069493
401112,EL CERRO BLVD  ON-N-DIAG,680,N,ML,4,17988,13,39.813,37.832229,-122.004645
401113,2200' N of Hwy 4/N of Blum Ave,680,N,ML,5,,13,53.305,37.999266,-122.075542
401114,1800' N of Greenbrook Dr.,680,S,ML,5,17988,13,37.108,37.797324,-121.986164
401121,NB 680,24,E,FF,3,,13,13.338,37.896362,-122.073007
401124,S OF EL CERRO BLVD,680,S,ML,4,17988,13,39.508,37.829025,-122.000079
401126,150'  N OF MONTEVIDEO UC,680,S,ML,4,68378,13,33.358,37.747916,-121.957829
401134,E of 5th St,780,E,ML,3,5290,95,0.668,38.050657,-122.142601
401137,14th St OC,980,W,ML,3,53000,1,0.691,37.806967,-122.278034
401141,Market St rm-s-diag,880,S,ML,3,53000,1,42.537,37.802658,-122.286768
401142,oppo Market St rm-s-diag,880,N,ML,3,53000,1,42.537,37.802856,-122.286698
401143,34th & Wood St,880,N,ML,2,53000,1,45.167,37.824713,-122.290947
401144,14th ST OC,980,E,ML,3,53000,1,0.691,37.80687,-122.277794
401148,E of 5th St,780,W,ML,2,5290,95,0.668,38.050828,-122.142488
401151,W Texas St/Beck Rd rm-e-diag,80,E,ML,5,23182,95,44.863,38.251746,-122.067825
401152,Travis Blvd rm-w-diag,80,W,ML,5,23182,95,45.333,38.257563,-122.063217
401155,Travis Blvd rm-w-loop,80,W,ML,5,23182,95,45.463,38.259133,-122.061907
401156,oppo 34th & Wood St,880,S,ML,2,53000,1,45.167,37.824879,-122.291343
401190,7th St,980,E,ML,2,53000,1,0.411,37.803051,-122.279792
401195,CARLSON AVE,80,E,ML,4,60620,13,14.453,37.912502,-122.317364
401197,oppo El Portal Dr rm-e-diag,80,W,ML,4,60620,13,18.833,37.969432,-122.320772
401198,N aquatic park,80,E,ML,5,6000,1,10.56,37.858492,-122.30137
401199,oppo E Poplar ave rm-s-diag,101,N,ML,6,68252,81,416.507,37.580362,-122.324109
401208,580 EB,580,W,ML,2,53000,1,63.35,37.890467,-122.308444
401209,Hilltop Dr rm-e-loop,80,E,ML,4,60620,13,19.263,37.975449,-122.318616
401211,Powell St rm-w-loop,80,W,ML,6,22594,1,9.21,37.839668,-122.297004
401213,Avalon Dr off-n-diag,280,N,ML,4,65028,81,44.494,37.638316,-122.440672
401215,Hilltop Dr rm-w-diag,80,W,ML,4,60620,13,19.203,37.974619,-122.319044
401216,Green Valley Rd rm-w-diag,80,W,ML,5,23182,95,39.642,38.21022,-122.147452
401218,580 EB,580,E,ML,2,53000,1,63.42,37.891533,-122.308848
401219,Red Top rd rm-w-diag,80,W,ML,4,23182,95,38.792,38.201274,-122.158165
401221,Solano Ave rm-w-diag,80,E,ML,4,60620,13,16.743,37.943467,-122.323784
401223,EB 92 to NB 280 loop,92,W,ML,2,,81,8.066,37.507295,-122.338218
401226,SR4 rm-w-fly/diag,80,W,ML,4,33308,13,23.303,38.014164,-122.270259
401228,600' W of San Pablo Dam Rd,80,E,ML,4,60620,13,17.393,37.952355,-122.327741
401229,oppo Carlson Ave rm-e-diag,80,W,ML,4,60620,13,14.453,37.91248,-122.317515
401230,Pinole Valley Rd rm-w-diag,80,W,ML,4,57288,13,21.736,37.996269,-122.287675
401233,E Poplar ave rm-s-diag,101,S,ML,5,68252,81,416.543,37.580255,-122.324301
401234,Cleveland Ave off-w-diag,80,W,ML,4,674,1,13.05,37.89438,-122.307952
401239,Buchanan St rm-e-diag,80,E,ML,4,674,1,12.66,37.889597,-122.308245
401240,North of Ward Creek,880,S,ML,4,33000,1,24.477,37.613899,-122.071851
401242,N aquatic park,80,W,ML,5,6000,1,10.56,37.858593,-122.301665
401243,El Portal Dr rm-e-diag,80,E,ML,4,60620,13,18.833,37.969552,-122.320607
401253,Solano Ave rm-w-diag,80,W,ML,4,60620,13,16.743,37.943406,-122.323941
401256,oppo 600' W of San Pablo Dam,80,W,ML,5,60620,13,17.393,37.952266,-122.327891
401260,Hilltop Dr rm-e-diag,80,E,ML,4,60620,13,19.533,37.979209,-122.317341
401269,Pinole Valley Rd rm-w-diag,80,E,ML,4,57288,13,21.803,37.996735,-122.286591
401273,7th St,980,W,ML,3,53000,1,0.451,37.803541,-122.279977
401274,Willow Ave rm-w-diag,80,W,ML,4,33308,13,23.941,38.0216,-122.263382
401279,2000' of Norris Canyon Rd,680,N,ML,5,68378,13,34.823,37.767312,-121.970029
401280,Contra Costa Blvd rm-s-diag,680,S,ML,7,57764,13,48.943,37.94137,-122.060054
401282,oppo Clayton rd rm-s-diag,242,N,ML,3,16000,13,1.029,37.969613,-122.04788
401283,TREAT BLVD / GEARY RD,680,S,ML,6,83346,13,48.019,37.92803,-122.060616
401288,2000' OF NORRIS CANYON RD,680,S,ML,5,68378,13,34.858,37.767277,-121.970295
401289,Clayton Rd,242,S,ML,3,16000,13,1.029,37.969653,-122.048119
401298,Mariners Island Blvd rm-w-diag,92,W,ML,3,68252,81,13.6,37.557273,-122.283726
401305,Foster City Blvd rm-w-diag,92,W,ML,3,68252,81,14.211,37.562748,-122.274967
401314,Diablo Rd on-n-diag,680,N,ML,4,17988,13,38.963,37.823575,-121.993841
401318,Red Top rd  rm-e-diag,80,E,ML,4,23182,95,38.962,38.202928,-122.155877
401328,Diablo Rd on-n-diag,680,S,ML,4,17988,13,38.998,37.823549,-121.994013
401333,Adeline St rm-s-diag,880,N,ML,4,53000,1,42.327,37.801768,-122.283102
401336,Millbrae Ave on-n-loop/diag,101,N,ML,5,47486,81,420.337,37.604536,-122.38319
401339,Adeline St rm-s-diag,880,S,ML,4,53000,1,42.327,37.801684,-122.28315
401343,Foster City Blvd rm-e-loop,92,E,ML,3,25338,81,14.316,37.563622,-122.273387
401344,1700' N of South Main St.,680,S,ML,7,83346,13,44.929,37.889908,-122.058992
401347,Bollinger Canyon Rd on-s-loop,680,S,ML,4,68378,13,34.388,37.76122,-121.966344
401351,WB 237  TO NB101,237,W,ML,2,77000,85,2.707,37.401701,-122.032879
401356,oppo 2300' N of Alcosta Blvd,680,S,ML,4,20018,13,31.868,37.729031,-121.944636
401357,Paul Ave off-s-loop,101,S,ML,5,67000,75,429.43,37.723512,-122.401258
401358,Paul Ave off-s-loop,101,N,ML,5,67000,75,429.394,37.72349,-122.40102
401359,2300' N of Alcosta Blvd,680,N,ML,4,20018,13,31.833,37.729064,-121.944384
401362,Mowry Ave rm-s-loop,880,S,ML,4,26000,1,17.527,37.53065,-122.003967
401366,oppo 1000' N of Livorna rd,680,S,ML,5,,13,43.108,37.868257,-122.040144
401373,1000' N of Livorna Rd,680,N,ML,4,,13,43.073,37.868315,-122.039906
401381,47th and Dover / 51st Stree,24,E,ML,4,53000,1,0.773,37.835333,-122.265611
401385,HESPERIAN BLVD,238,S,ML,4,,1,16.143,37.690755,-122.130603
401392,Hesperian Blvd rm-s-loop,238,N,ML,2,,1,16.143,37.690807,-122.131038
401393,Concord Ave rm-n-loop,242,N,ML,3,16000,13,1.729,37.979004,-122.043205
401394,Vintage Park Dr OC,92,W,ML,4,68252,81,13.966,37.560575,-122.278481
401395,oppo Cummings Skywy rm-e-diag,80,W,ML,4,,13,26.171,38.046031,-122.23699
401399,Concord Ave rm-s-loop,242,S,ML,3,16000,13,1.739,37.979212,-122.043366
401400,Bascom & Leland,280,N,ML,6,68000,85,6.082,37.316841,-121.952427
401401,Concord Ave rm-n-diag,242,N,ML,4,16000,13,1.729,37.979004,-122.043205
401402,Vintage Park Dr OC,92,E,ML,4,68252,81,13.966,37.560418,-122.278316
401405,13th / South Van Ness,101,S,ML,2,67000,75,434.139,37.769586,-122.416414
401407,Between Treat & Main St.,680,N,ML,6,83346,13,47.542,37.921844,-122.061541
401409,Vermont St,101,N,ML,4,67000,75,431.824,37.756863,-122.403503
401410,Vermont St,101,S,ML,4,67000,75,431.86,37.75671,-122.403619
401411,Millbrae Ave rm-n-diag,101,N,ML,4,,81,420.877,37.609492,-122.390874
401412,Airway Blvd rm-e-loop,580,E,ML,6,41992,1,31.052,37.70086,-121.818662
401413,23rd St,980,E,ML,5,53000,1,1.301,37.814021,-122.271468
401416,23rd St,980,W,ML,5,53000,1,1.301,37.814242,-122.271837
401420,3500' N of Greenbrook Dr.,680,S,ML,5,17988,13,37.358,37.800514,-121.988319
401421,Marshview Rd,680,S,ML,2,,95,65.208,38.145352,-122.110074
401422,oppo 3500' N of Greenbrook Dr.,680,N,ML,5,68378,13,37.323,37.800538,-121.988095
401423,HAPPY VALLEY RD UC,24,W,ML,4,39122,13,10.398,37.893061,-122.12582
401424,Marshview Rd,680,N,ML,2,,95,65.103,38.145138,-122.109703
401426,oppo Alameda De Las Pulgas,92,E,ML,2,68252,81,11.416,37.547452,-122.32065
401431,Alameda De Las Pulgas,92,W,ML,2,68252,81,11.206,37.546647,-122.324375
401433,Hacienda Dr. rm-e-diag,580,E,ML,6,57792,1,34.702,37.70139,-121.885271
401434,Alcosta Blvd rm-n-diag,680,N,ML,4,20018,13,31.503,37.724997,-121.941236
401435,80 / 580 split,80,E,FF,3,53000,1,7.93,37.825581,-122.302794
401437,2400' South of Livorna Rd,680,S,ML,4,,13,42.218,37.857661,-122.031123
401439,Hillsdale Blvd rm-s-diag,101,S,ML,4,68252,81,413.103,37.541393,-122.285108
401440,N First St rm-s-diag,880,S,ML,4,68000,85,3.44,37.356826,-121.908804
401441,Crow Canyon rd rm-n-loop,680,N,ML,4,68378,13,35.583,37.777505,-121.9753
401443,Ralston Ave rm-n-diag,101,N,ML,4,5108,81,411.827,37.527313,-122.271113
401444,2400' SOUTH OF LIVORNA RD,680,N,ML,4,,13,42.183,37.857709,-122.030894
401446,Hillsdale Blvd rm-s-loop,101,S,ML,4,68252,81,413.343,37.544196,-122.287712
401447,Grand Ave off-e-diag,580,W,ML,4,53000,1,59.785,37.811386,-122.249717
401448,Oyster Point Blvd rm-n,101,N,ML,4,73262,81,425.107,37.664884,-122.397377
401450,Industrial Pkwy rm-s-loop,880,S,ML,4,33000,1,24.767,37.61754,-122.074491
401451,Oyster Point Blvd rm-n-diag,101,S,ML,4,73262,81,425.153,37.665037,-122.397511
401452,Grand Ave off-e-diag,580,E,ML,4,53000,1,59.633,37.811293,-122.249829
401453,oppo De Anza Blvd off-w-diag,92,E,ML,2,68252,81,9.546,37.524638,-122.332182
401454,3rd St. off ramp,101,S,ML,4,67000,75,428.98,37.717182,-122.399154
401461,BOLLINGER CANYON RD  ON-S-DIAG,680,S,ML,4,68378,13,34.178,37.75851,-121.964605
401462,Sierra Point Pkwy rm-s-hook,101,S,ML,4,8310,81,427.103,37.690972,-122.391216
401464,EB 237 rm-n-loop,880,N,ML,4,47766,85,8.36,37.424833,-121.916049
401467,oppo Ringwood POC,101,S,ML,5,46870,81,404.773,37.474668,-122.165291
401468,oppo Crow Canyon Rd rm-s-diag,680,N,ML,4,68378,13,35.403,37.775076,-121.974082
401469,Sierra Point Parkway rm-s-diag,101,N,ML,4,8310,81,427.087,37.691221,-122.39097
401470,MISSION ST OC,280,S,ML,4,67000,75,53.083,37.731979,-122.427875
401472,Sierra Pt Parkway & Lagoon Wy,101,N,ML,5,8310,81,427.737,37.700468,-122.393067
401474,Ringwood POC,101,N,ML,5,46870,81,404.737,37.47483,-122.165147
401475,Winton Ave rm-s-coll/diag,880,S,ML,5,33000,1,27.707,37.654774,-122.100556
401476,Willow Pass Rd (Concord),4,W,ML,4,16000,13,16.438,38.013608,-121.99884
401478,Webster St / 36th,580,W,ML,6,53000,1,60.885,37.822927,-122.261851
401480,Appian Way rm-w-diag,80,W,ML,4,57288,13,20.933,37.99346,-122.301971
401481,Webster St / 36th,580,E,ML,6,53000,1,60.733,37.822748,-122.262051
401482,oppo Juanita Dr,24,W,ML,6,,13,12.828,37.897809,-122.082484
401483,Chetwood St & Santa Clara,580,W,ML,4,53000,1,60.155,37.816343,-122.251589
401484,oppo Livorna Rd on-n-diag,680,S,ML,4,,13,42.858,37.865141,-122.037802
401485,W of Bailey Rd,4,E,ML,4,,13,19.434,38.019047,-121.94895
401486,Mission St OC,280,N,ML,4,67000,75,53.071,37.731414,-122.424609
401487,Bollinger Canyon Rd rm-n-diag,680,N,ML,4,68378,13,34.363,37.761391,-121.966173
401488,S of Cordelia Rd/Bridgeport Av,680,S,ML,2,23182,95,69.698,38.204941,-122.138165
401489,Calaveras Blvd rm-n-diag,880,N,ML,4,47766,85,8.55,37.427486,-121.916962
401496,EB 4 on-s-diag,680,S,ML,5,,13,53.025,37.99585,-122.071553
401501,Sierra Pt Parkway & Lagoon Wy,101,S,ML,4,8310,81,427.773,37.700511,-122.393392
401503,I-880S,80,W,ML,7,53000,1,7.72,37.825278,-122.30642
401507,SHORELINE BLVD,101,N,ML,6,49670,85,398.327,37.412677,-122.079539
401509,W of Panama Ave,80,E,ML,4,60620,13,13.843,37.904465,-122.313054
401512,Sullivan Ave rm-s-diag,280,S,ML,4,17918,81,47.8,37.677847,-122.47162
401513,Powell St rm-e-diag,80,E,ML,6,22594,1,9.2,37.838814,-122.296557
401515,SFIA rm-s-fly (upper roadway),101,S,ML,6,,81,421.273,37.61287,-122.39602
401517,S of Marina Blvd,880,N,ML,5,68084,1,32.357,37.703862,-122.156797
401519,oppo Rudgear rd rm-n-fly,680,S,ML,5,83346,13,44.198,37.881497,-122.050948
401522,Treat Blvd rm-s-diag,680,S,ML,6,83346,13,47.839,37.925437,-122.060919
401523,S Airport Blvd off-s-diag,101,S,ML,4,73262,81,424.003,37.651292,-122.406933
401524,Gilman St rm-w-diag,80,W,ML,5,6000,1,11.91,37.877407,-122.307241
401526,oppo W of Bailey Rd,4,W,ML,4,,13,19.368,38.019378,-121.949271
401529,Bet Alvarado/Niles & Alvarado,880,N,ML,4,26000,1,22.527,37.589488,-122.054221
401531,E of Airway Blvd,580,W,ML,6,41992,1,30.884,37.701058,-121.812858
401534,MOFFETT BLVD,101,N,ML,4,49670,85,397.467,37.407511,-122.065278
401537,Solano Way rm-n-diag,242,N,ML,3,16000,13,2.369,37.988174,-122.04039
401538,EB 237 rm-n-fly,880,N,ML,6,47766,85,8.77,37.430587,-121.917925
401539,80/880 W,80,W,ML,7,53000,1,7.97,37.826038,-122.302202
401541,Gish Rd rm-n-diag,880,N,ML,3,68000,85,4.5,37.370203,-121.901514
401542,oppo Ygnacio Valley Rd,680,N,ML,6,83346,13,46.382,37.906311,-122.069159
401545,oppo S of Decoto Rd / Rt 84,880,N,ML,5,26000,1,20.127,37.559198,-122.03362
401546,oppo SFOBB MLM station AB,80,E,ML,5,53000,1,6.53,37.821573,-122.327415
401547,EB 92 to NB 280 loop,92,E,ML,2,,81,8.066,37.507109,-122.338144
401548,Chetwood St & Santa Clara,580,E,ML,4,53000,1,60.003,37.816339,-122.251805
401551,Hilltop Dr off-e-diag,80,E,ML,5,60620,13,19.023,37.972158,-122.319728
401555,Santa Teresa rm-n-diag,85,N,ML,3,68000,85,5.34,37.255642,-121.860983
401557,S of Decoto Rd / Rt 84,880,S,ML,4,26000,1,20.127,37.559063,-122.033816
401558,oppo Potrero Ave rm-w-diag,80,E,ML,4,60620,13,14.873,37.91859,-122.317348
401560,1st St rm-n-loop,880,N,ML,3,68000,85,3.51,37.357526,-121.907884
401561,oppo North of Ward Creek,880,N,ML,5,33000,1,24.477,37.614012,-122.071623
401564,E of Airway Blvd,580,E,ML,7,41992,1,30.732,37.700802,-121.812823
401566,Rudgear Rd rm-n-fly,680,N,ML,4,83346,13,44.163,37.881591,-122.050662
401568,oppo Willow Pass Rd (Concord),4,E,ML,4,16000,13,16.504,38.013247,-121.998502
401571,oppo Hilltop Dr off-e-diag,80,W,ML,5,60620,13,19.023,37.972099,-122.319898
401575,oppo Carlson Blvd rm-w-diag,80,E,ML,4,60620,13,14.243,37.909564,-122.31655
401578,Dunne Ave. rm-n-diag,101,N,ML,3,,85,365.431,37.133642,-121.634578
401579,700' S of East Main Ave,101,S,ML,3,,85,366.007,37.140073,-121.640223
401581,Dunne Ave rm-n-loop,101,N,ML,3,,85,365.201,37.13061,-121.632802
401582,Dublin Blvd rm-n-loop,680,N,ML,5,20018,1,30.338,37.710859,-121.929582
401586,700' S OF EAST MAIN AVE,101,N,ML,3,,85,365.971,37.140251,-121.639919
401587,2500' N of I-580,680,N,ML,5,20018,1,30.538,37.713274,-121.931606
401588,Alcosta Blvd.  rm-s-diag,680,S,ML,4,20018,1,31.837,37.728651,-121.944342
401589,S of Church Ave OC,101,S,ML,3,,85,360.387,37.070428,-121.589598
401590,oppo 2500' N of I-580,680,S,ML,5,20018,1,30.587,37.713363,-121.932068
401592,oppo S of Church Ave OC,101,N,ML,3,,85,360.351,37.070515,-121.589243
401593,Alcosta Blvd.  rm-s-diag,680,N,ML,4,20018,1,31.788,37.72851,-121.943953
401595,Wilfred Ave rm-s-diag,101,S,ML,3,62546,97,483.024,38.364505,-122.712662
401596,Stoneridge Dr rm-s-diag,680,S,ML,3,57792,1,29.357,37.697749,-121.921633
401597,900' S of Carol Dr,87,N,ML,3,68000,85,2.33,37.2874,-121.869623
401598,TODD RD,101,N,ML,3,,97,485.212,38.385828,-122.716069
401599,Hearn Ave rm-s-diag,101,S,ML,3,,97,486.464,38.413712,-122.7162
401601,LAGUNA DE SANTA ROSA,101,S,ML,3,62546,97,483.294,38.368371,-122.712467
401602,Baker Ave rm-n-diag,101,N,ML,3,70098,97,487.652,38.421215,-122.715338
401603,Hearn Ave Rm-n-diag,101,N,ML,3,70098,97,487.132,38.413693,-122.715906
401604,Todd Rd rm-s-diag,101,S,ML,3,,97,484.544,38.385827,-122.716316
401605,Wilfred Ave rm-n-diag,101,N,ML,3,,97,483.682,38.364327,-122.712405
401606,oppo 900' S of Carol Dr,87,S,ML,3,68000,85,2.32,37.287298,-121.869548
401608,EB 580 conn-n-diag,680,N,ML,3,20018,1,29.938,37.706032,-121.925529
401609,Baker Ave rm-s-diag,101,S,ML,3,70098,97,486.934,38.420521,-122.715784
401610,14th/18th St,980,W,ML,4,53000,1,0.971,37.810554,-122.275579
401611,Stevens Creek Blvd,880,S,ML,3,,85,0.11,37.318919,-121.940307
401613,oppo 2500' N of Alameda Creek,880,N,ML,4,26000,1,22.777,37.592711,-122.056527
401614,2500' N of Alameda Creek,880,S,ML,4,81204,1,22.777,37.592635,-122.056711
401615,oppo 14th/18th St,980,E,ML,3,53000,1,0.971,37.810407,-122.275345
401616,IGNACIO BLVD,101,N,ML,5,52582,41,459.513,38.069425,-122.538644
401621,oppo Williams St OC,880,S,ML,6,68084,1,33.427,37.713988,-122.171625
401624,Sir Francis Drake Blvd,101,N,ML,4,68364,41,450.003,37.945448,-122.514406
401629,Williams St OC,880,N,ML,5,68084,1,33.427,37.714115,-122.171416
401631,MILLBRAE AVE,101,S,ML,4,9066,81,420.213,37.60296,-122.381221
401634,Millbrae Ave  rm-s-diag,101,S,ML,6,9066,81,420.093,37.601853,-122.379526
401636,Carquinez North Tower West Leg,80,W,ML,4,,95,27.702,38.064357,-122.226272
401637,Dixon Landing Rd rm-s-loop,880,S,ML,5,47766,1,10.542,37.4562,-121.923217
401639,Auto Mall Pkwy rm-n-diag,880,N,ML,4,26000,1,15.027,37.508312,-121.968475
401642,Dixon Landing Rd rm-s-diag,880,S,ML,6,47766,85,10.21,37.451227,-121.922218
401643,Dixon Landing Rd rm-n-coll,880,N,ML,5,47766,1,10.552,37.456422,-121.923067
401649,Marsh Rd rm-s-loop,101,S,ML,4,46870,81,405.883,37.483737,-122.182037
401651,Holly St rm-s-coll,101,S,ML,4,60102,81,410.093,37.508175,-122.249762
401652,oppo Holly St rm-s-coll,101,N,ML,4,60102,81,410.027,37.50798,-122.249252
401653,Marsh Rd rm-n-diag,101,N,ML,4,46870,81,405.837,37.483811,-122.181671
401655,McLaughlin Ave rm-n-loop/diag,280,N,ML,5,68000,85,0.48,37.335596,-121.858919
401657,80 / 580 SPLIT,80,E,ML,4,53000,1,7.93,37.825581,-122.302794
401658,5000' N of Bailey Ave,101,N,ML,4,,85,373.651,37.220762,-121.734732
401660,Cochrane rd  rm-n-loop,101,N,ML,3,,85,367.041,37.152456,-121.65189
401661,oppo 2000' N of Coyote Creek,101,S,ML,4,68000,85,371.677,37.200753,-121.708573
401662,Coyote Creek Golf Dr rm-n-diag,101,N,ML,4,,85,370.721,37.19253,-121.695462
401663,Cochrane Rd rm-n-diag,101,N,ML,4,,85,367.231,37.154637,-121.653989
401666,700' S OF BOLSA RD,25,S,ML,1,,85,72.632,36.950307,-121.521775
401668,Cochrane Rd  rm-n-diag.,101,S,ML,3,,85,367.277,37.154503,-121.654348
401669,5000' N of Bailey Ave,101,S,ML,4,,85,373.687,37.220499,-121.734981
401670,2000' N of Coyote Creek Golf,101,N,ML,4,68000,85,371.641,37.201089,-121.708235
401671,BERKELEY CURVE,80,E,ML,3,53000,1,8.48,37.828559,-122.294113
401673,Cummings Skywy rm-w-diag,80,W,ML,4,,13,25.999,38.044372,-122.239337
401677,2000' N OF BOLSA RD,25,N,ML,1,,85,72.972,36.9526,-121.527113
401678,2000' N OF BOLSA RD,25,S,ML,1,,85,72.972,36.952601,-121.527114
401679,700' S OF BOLSA RD,25,N,ML,1,,85,72.632,36.950307,-121.521774
401680,2600' S OF 101,25,N,ML,1,,85,74.172,36.962635,-121.54368
401681,1650' W of St Stephens Dr OC,24,E,ML,5,54232,13,7.648,37.890212,-122.17369
401682,5500' N OF BOLSA RD,25,N,ML,1,,85,73.172,36.954824,-121.52944
401683,100' E of Acalanes Rd UC,24,W,ML,5,54232,13,8.648,37.892591,-122.156901
401684,Pleasant Hill Rd off-e-coll,24,E,ML,4,39122,13,11.858,37.897341,-122.099019
401685,2600' S OF 101,25,S,ML,1,,85,74.172,36.962635,-121.54368
401686,Lewelling Blvd rm-s-diag,238,S,ML,3,,1,14.823,37.688902,-122.106837
401687,Gateway Blvd on-e-diag,24,W,ML,4,54232,13,5.758,37.868833,-122.194784
401688,5500' N OF BOLSA RD,25,S,ML,1,,85,73.172,36.954824,-121.52944
401689,1450' W of St. Stephens Dr OC,24,E,ML,5,54232,13,7.738,37.890918,-122.172316
401691,E 10th St rm-s-loop,101,S,ML,3,29504,85,355.427,37.003565,-121.556793
401692,Pleasant Hill Rd off-w-coll,24,W,ML,4,39122,13,11.838,37.897512,-122.10034
401694,oppo Sonoma Blvd on-w-loop,37,E,ML,3,81666,95,19.283,38.140282,-122.253117
401695,Hopyard Rd off-e-coll,580,E,ML,4,57792,1,36.672,37.701171,-121.921149
401697,EB 580 rm-n-diag,680,N,ML,5,20018,1,30.148,37.708575,-121.92765
401699,1700' OF MARINE WORLD PKWY,37,W,ML,2,81666,95,19.693,38.141954,-122.246347
401700,Sonoma Blvd on-w-loop,37,W,ML,2,81666,95,19.283,38.140335,-122.253057
401701,oppo 1700' of Marine World,37,E,ML,2,81666,95,19.693,38.14186,-122.246347
401702,oppo Wilson Ave on-w-hook,37,E,ML,2,81666,95,17.809,38.124517,-122.27079
401703,Wilson Ave on-w-hook,37,W,ML,2,81666,95,17.819,38.124634,-122.270656
401705,Dublin Blvd rm-s-diag,680,S,ML,3,20018,1,30.347,37.710472,-121.929641
401710,oppo 23rd Ave rm-n-fly/diag,880,S,ML,4,53000,1,39.327,37.779393,-122.238114
401714,Castro St,880,S,ML,4,53000,1,42.127,37.800363,-122.279928
401716,Whipple Rd  rm-n-coll,880,S,ML,4,33000,1,24.007,37.607967,-122.067645
401718,EB 4 on-n-loop,680,N,ML,5,,13,52.775,37.993647,-122.068919
401720,Arthur Rd,680,S,ML,5,,13,53.615,38.002087,-122.078951
401724,Oppo Stone Valley Rd ON-S-Diag,680,N,ML,4,17988,13,41.623,37.849917,-122.028521
401728,Rohnert Park Expwy rm-s-loop,101,S,ML,3,62546,97,481.964,38.349211,-122.71318
401734,oppo Monument Blvd  rm-n-diag,680,S,ML,6,57764,13,49.373,37.947268,-122.057489
401742,oppo Willow Pass Rd on-s-diag,680,N,ML,4,16000,13,50.507,37.963414,-122.054436
401744,STONE VALLEY RD  ON-S-DIAG,680,S,ML,4,17988,13,41.658,37.84987,-122.028746
401746,Hidden Valley Rd/St Stephens,24,E,ML,4,54232,13,8.048,37.892433,-122.167031
401748,WILLOW PASS RD ON-S-LOOP,680,S,ML,4,16000,13,50.845,37.967137,-122.057083
401750,oppo N of Service Rd UC,680,S,ML,4,,13,55.355,38.020578,-122.100284
401756,NB 680 on-w-loop,4,W,ML,3,,13,12.399,37.995123,-122.068515
401758,Rohnert Park Expwy rm-n-diag,101,N,ML,3,62546,97,482.772,38.351161,-122.712983
401762,Contra Costa Blvd,680,N,ML,6,57764,13,49.007,37.942855,-122.05913
401766,Rohnert Park Expwy rm-s-diag,101,S,ML,3,62546,97,481.754,38.346176,-122.713111
401768,N of Service Rd UC,680,N,ML,4,,13,55.305,38.020646,-122.100069
401770,Monument Blvd  rm-n-diag,680,N,ML,5,57764,13,49.327,37.947233,-122.057213
401774,Willow Pass Rd on-s-diag,680,S,ML,4,16000,13,50.553,37.963401,-122.054609
401778,Contra Costa Blvd,680,N,ML,5,57764,13,49.087,37.943954,-122.05866
401780,ARTHUR RD,680,N,ML,4,,13,53.565,38.002078,-122.078721
401781,NB 680 rm-e-diag,80,E,ML,5,23182,95,40.463,38.218004,-122.135704
401782,0.372 mi WO Suisun Valley Rd,80,W,ML,5,23182,95,40.594,38.21932,-122.134265
401784,Suisun VLY Rd rm-e-dia,80,E,ML,6,23182,95,41.094,38.223909,-122.127027
401785,oppo Suisun VLY Rd on-e-diag,80,W,ML,6,23182,95,41.094,38.224038,-122.127245
401786,2500' E OF SUISUN VALLEY RD OC,80,W,ML,5,,95,41.473,38.227238,-122.121552
401787,2500' E of Suisun Valley Rd oc,80,E,ML,5,,95,41.473,38.227089,-122.121342
401788,E of Cordelia Truck Inspection,80,W,ML,5,,95,41.993,38.230959,-122.113197
401789,E OF CORDELIA TRUCK INSPECTION,80,E,ML,5,,95,41.993,38.23082,-122.113024
401790,5000' E of Cordelia Truck Insp,80,W,ML,5,,95,42.453,38.234207,-122.105771
401791,5000' E OF CORDELIA TRUCK INSP,80,E,ML,5,,95,42.453,38.233999,-122.105578
401793,Cummings Skywy rm-e-diag,80,E,ML,4,,13,26.166,38.046061,-122.236703
401794,Rudgear Rd on-s-diag,680,S,ML,5,83346,13,43.648,37.875054,-122.045272
401795,3rd St off-n-diag,101,N,ML,5,67000,75,428.944,37.717176,-122.398947
401796,Trancas St rm-n-diag,29,N,ML,2,50258,55,19.139,38.321776,-122.309316
401797,oppo Trancas St on-n-diag,29,S,ML,2,50258,55,19.139,38.321719,-122.309541
401798,Trancas St,29,S,ML,2,50258,55,18.839,38.317605,-122.307867
401799,oppo Trancas,29,N,ML,2,50258,55,18.839,38.317645,-122.307697
401809,McLaughlin Ave off-s-diag,280,S,ML,6,68000,85,0.56,37.334524,-121.860098
401810,N of 1st St,280,N,ML,5,68000,85,2.05,37.32592,-121.883989
401811,N OF 1ST STREET,280,S,ML,5,68000,85,2.05,37.325651,-121.883953
401816,Guapalupe Parkway,87,S,ML,2,,85,9.03,37.37116,-121.926885
401817,Guapalupe Parkway,87,N,ML,4,,85,9.04,37.371274,-121.926917
401818,Newell Ave,680,S,ML,6,83346,13,45.219,37.892113,-122.063514
401819,Valencia St,101,N,ML,3,67000,75,433.474,37.77007,-122.419351
401820,Valencia St,101,S,ML,2,67000,75,434.179,37.769613,-122.416876
401825,W OF Railroad Ave,4,W,ML,4,,13,21.964,38.019902,-121.901355
401826,W OF RAILROAD AVE,4,E,ML,4,,13,22.011,38.01981,-121.90176
401827,Railroad Ave rm-w-diag,4,W,ML,4,,13,22.504,38.017781,-121.892161
401828,oppo Railroad Ave rm-w-diag,4,E,ML,4,,13,22.551,38.01749,-121.892302
401829,Railroad Ave rm-e-diag,4,E,ML,4,57456,13,22.861,38.016161,-121.886863
401830,Harbor St/Railroad Ave,4,W,ML,5,57456,13,23.454,38.013862,-121.875409
401831,Ralston Ave/Harbor Blvd,101,S,ML,4,5108,81,411.343,37.521616,-122.264949
401832,Holly St rm-n-loop/diag,101,N,ML,4,60102,81,410.707,37.515299,-122.25749
401833,Whipple Ave rm-n-diag,101,N,ML,6,60102,81,408.837,37.496527,-122.233527
401834,Whipple Ave rm-n-loop,101,N,ML,4,60102,81,408.757,37.496129,-122.232158
401835,Seaport Blvd rm-n-diag,101,N,ML,4,60102,81,407.957,37.491388,-122.218882
401837,Woodside Rd/Seaport Blvd,101,S,ML,4,60102,81,407.893,37.490595,-122.217518
401840,S Main St off-s-loop,680,S,ML,6,83346,13,44.649,37.886545,-122.056179
401851,400' W of Tassajara Rd,580,W,ML,6,57792,1,34.744,37.701673,-121.883255
401852,400' W of Tassajara Rd,580,E,ML,6,57792,1,34.592,37.701391,-121.883264
401853,5000' W OF EDEN CANYON RD,580,W,ML,4,,1,43.374,37.70123,-122.037919
401854,5000' W of Eden Canyon Rd,580,E,ML,4,,1,43.222,37.70096,-122.03778
401857,E OF FONTAIN ST OC,580,W,ML,4,53000,1,53.156,37.763173,-122.149746
401858,E of Fontain St OC,580,E,ML,4,53000,1,53.004,37.763133,-122.149977
401859,oppo Ralston Ave/Harbor Blvd,101,N,ML,6,5108,81,411.307,37.521719,-122.264813
401860,Whipple Ave rm-s-diag,101,S,ML,5,60102,81,408.793,37.495989,-122.23223
401861,Whipple Ave rm-s-loop,101,S,ML,4,60102,81,408.893,37.496473,-122.233944
401868,Holly St off-s-diag,101,S,ML,4,60102,81,410.683,37.514523,-122.256924
401869,N OF HOLLY ST,101,N,ML,5,60102,81,410.967,37.518081,-122.260663
401870,N of Holly St,101,S,ML,5,60102,81,411.003,37.517958,-122.26082
401871,oppo 200' N of Fairway/Aladdin,880,N,ML,5,68084,1,32.727,37.707384,-122.161886
401872,800' N of Marsh Rd.,101,N,ML,5,60102,81,405.917,37.484232,-122.183031
401873,800' N of Marsh Rd.,101,S,ML,5,60102,81,405.953,37.484087,-122.183239
401874,S of Woodside Rd,101,N,ML,5,60102,81,407.057,37.487321,-122.203433
401875,S OF WOODSIDE RD,101,S,ML,5,60102,81,407.093,37.487195,-122.203699
401876,Seaport Blvd off-s-loop/diag,101,S,ML,4,60102,81,408.003,37.491361,-122.219254
401877,E of Pleasant Valley OC,80,W,ML,4,,95,51.441,38.335912,-122.017281
401878,E of Pleasant Valley OC,80,E,ML,4,,95,51.441,38.335762,-122.017033
401879,Travis Blvd rm-e-diag,80,E,ML,5,23182,95,45.513,38.259621,-122.061166
401880,SB 101 rm-n-diag,85,N,ML,3,68000,85,0.57,37.24082,-121.778693
401881,Bernal Rd rm-s-diag,101,S,ML,4,,85,376.087,37.241836,-121.769232
401882,oppo Holly St on-s-coll,101,N,ML,4,60102,81,410.477,37.512823,-122.254705
401883,Holly St  on-s-coll,101,S,ML,4,60102,81,410.523,37.512813,-122.254967
401888,500' N of Central Ave,880,N,ML,5,26000,1,18.657,37.541569,-122.018846
401889,S Main St,680,S,ML,6,83346,13,44.399,37.883723,-122.053331
401892,I-880S conn-e-diag,80,E,ML,6,53000,1,7.63,37.824658,-122.307909
401893,West Grand Ave & Maritime St,80,E,FF,2,53000,1,7.63,37.824658,-122.307909
401894,800' E of San Pablo Dam Rd,80,W,ML,5,68294,13,17.89,37.959017,-122.33077
401895,800' E of San Pablo Dam Rd,80,E,ML,4,68294,13,17.88,37.959098,-122.33058
401896,28th St/Northgate,980,E,ML,3,53000,1,1.571,37.817758,-122.269915
401897,28th St/Northgate,980,E,FF,2,53000,1,1.571,37.817758,-122.269915
401898,MLK Jr. Way,580,W,ML,3,53000,1,61.385,37.824927,-122.270729
401899,MLK Jr. Way,580,E,ML,3,53000,1,61.233,37.824753,-122.270809
401900,Buchanan St rm-w-diag,80,W,ML,6,674,1,12.57,37.88833,-122.30909
401901,Buchanan St off-e-diag,80,E,ML,5,6000,1,12.293,37.884846,-122.30863
401906,S of Story Rd. off ramp,101,S,ML,4,68000,85,384.169,37.335259,-121.848031
401907,S of story Rd. off ramp,101,S,FF,3,68000,85,384.169,37.335259,-121.848031
401908,Story Rd. off-n-diag,101,N,ML,4,68000,85,384.123,37.335284,-121.847662
401909,Story Rd. off-n-diag,101,N,FF,3,68000,85,384.123,37.335284,-121.847662
401910,Ralston Ave rm-n-loop,101,N,ML,4,5108,81,411.687,37.525813,-122.269411
401911,29th Street,980,W,ML,3,53000,1,1.611,37.818437,-122.27017
401912,29th street,980,W,FF,3,53000,1,1.611,37.818437,-122.27017
401913,Marsh Rd rm-s diag,101,S,ML,4,46870,81,405.723,37.482728,-122.179403
401914,Hillsdale Blvd rm-n-loop,101,N,ML,4,68252,81,413.347,37.544766,-122.287979
401917,S of Pine Valley Rd,680,N,ML,4,68378,13,32.413,37.736265,-121.949884
401918,S of Pine Valley Rd,680,S,ML,4,68378,13,32.448,37.736222,-121.95013
401923,E Monte Vista Ave rm-w-hook,80,W,ML,5,81554,95,55.031,38.364998,-121.963981
401924,Stone Valley Rd on-n-diag,680,N,ML,4,,13,41.863,37.853385,-122.02894
401925,Oppo Stone Valley Rd on-n-diag,680,S,ML,4,,13,41.898,37.853324,-122.029154
401926,Shoreline Blvd rm-s-loop,101,S,ML,4,49670,85,397.843,37.40905,-122.071117
401927,Marsh Rd  rm-n-loop,101,N,ML,4,46870,81,405.727,37.483144,-122.17985
401928,BRITTAN AVE,101,S,ML,6,60102,81,409.783,37.504821,-122.246025
401929,Oppo Brittan Ave on-s-diag,101,S,ML,6,60102,81,409.813,37.505142,-122.246392
401934,On Bayshore Blvd,101,N,ML,3,67000,75,430.194,37.73437,-122.406177
401935,On Bayshore Blvd,101,S,ML,4,67000,75,430.23,37.734313,-122.406375
401936,Moffett Blvd rm-s-diag,101,S,ML,4,49670,85,397.493,37.407282,-122.06515
401937,Shoreline Blvd rm-s-diag,85,S,ML,4,49670,85,23.996,37.40848,-122.070905
401942,BIRD AVE,280,N,ML,6,68000,85,2.85,37.322594,-121.897858
401943,Bird Ave,280,S,ML,4,68000,85,2.85,37.322361,-121.8978
401948,MOFFETT BLVD,101,N,ML,5,49670,85,397.847,37.409514,-122.071728
401949,SHORELINE BLVD RM-N-COLL,101,N,ML,5,49670,85,398.577,37.414582,-122.083368
401950,Crow Canyon Rd rm-s-loop,680,S,ML,4,68378,13,35.598,37.777206,-121.975377
401951,oppo Pacheco Blvd off-e-diag,4,W,ML,2,46114,13,11.932,37.992454,-122.076392
401952,Pacheco Blvd off-e-diag,4,E,ML,2,46114,13,11.979,37.992177,-122.076479
401954,Loveridge Rd rm-e-diag,4,E,ML,4,57456,13,24.101,38.011247,-121.864952
401955,500' S OF NORRIS CANYON RD,680,N,ML,5,68378,13,35.173,37.771983,-121.972539
401956,500' S of Norris Canyon Rd,680,S,ML,5,68378,13,35.208,37.771955,-121.972763
401994,GREAT AMERICA PKWY,101,N,ML,4,69084,85,392.317,37.385523,-121.975872
401996,FAIR OAKS,101,N,ML,4,77000,85,394.637,37.396411,-122.015716
401997,MATHILDA AVE,101,N,ML,4,77000,85,395.267,37.398829,-122.026742
401998,Ellis Street rm-n-diag,101,N,ML,4,49670,85,396.657,37.404178,-122.05107
401999,El Cerro Blvd on-n-diag,680,S,ML,4,17988,13,39.848,37.832159,-122.004898
402000,Rengstorff Ave rm-s-diag,101,S,ML,5,49670,85,399.173,37.419828,-122.091045
402002,American Canyon Rd,80,E,ML,4,,95,35.642,38.169958,-122.198969
402003,Oliver Rd off-w-diag,80,W,ML,5,23182,95,44.973,38.253226,-122.066886
402004,oppo Oliver Rd off-w-diag,80,E,ML,5,23182,95,44.973,38.253081,-122.066699
402005,Lakeview Hwy rm-s-diag,101,S,ML,2,56784,97,471.844,38.2353,-122.619054
402007,Airway Blvd rm-w-diag,580,W,ML,6,41992,1,31.264,37.701136,-121.819792
402010,1200' S of Route 152,101,S,ML,3,29504,85,355.147,36.999566,-121.556242
402011,oppo 1200' S of Route 152,101,N,ML,3,29504,85,355.111,36.9996,-121.555853
402012,Foothill Rd/San Ramon Rd,580,W,ML,4,57792,1,37.724,37.698503,-121.937095
402015,FOOTHILL RD,580,E,ML,4,57792,1,37.442,37.698211,-121.934682
402016,Hopyard Rd rm-w-loop,580,W,ML,5,57792,1,35.934,37.70183,-121.90489
402017,2800' E OF HWY 680,580,E,ML,3,57792,1,36.182,37.701638,-121.912277
402018,Dougherty Rd rm-w-diag,580,W,ML,6,57792,1,36.114,37.701847,-121.908181
402019,Santa Rita Rd rm-w-loop,580,W,ML,5,57792,1,34.114,37.701573,-121.871745
402020,Tassajara Rd rm-w-diag,580,W,ML,6,57792,1,34.134,37.701578,-121.872112
402025,W of Los Colinas Rd OC,580,W,ML,6,,1,27.714,37.702942,-121.755507
402026,W of Los Colinas Rd OC,580,E,ML,6,41992,1,27.562,37.702703,-121.755526
402027,N Livermore Ave,580,W,ML,4,,1,28.754,37.700891,-121.774267
402028,FIRST STREET,580,W,ML,4,41992,1,26.854,37.702801,-121.739963
402029,Vasco Rd  rm-w-diag,580,W,ML,5,41992,1,25.954,37.708574,-121.725238
402030,1st St rm-e-diag,580,E,ML,6,41992,1,26.612,37.702925,-121.738302
402031,Vasco Rd rm-e-diag,580,E,ML,5,41992,1,25.553,37.710034,-121.7211
402032,Greenville Rd rm-e-diag,580,E,ML,5,41992,1,24.553,37.716692,-121.705048
402033,Greenville Rd rm-w-diag,580,W,ML,4,41992,1,24.695,37.717123,-121.704989
402038,Atherton Ave off-e-diag,37,W,ML,2,52582,41,2.46,38.104366,-122.513055
402039,Atherton Ave off-e-diag,37,E,ML,2,52582,41,2.468,38.104341,-122.512799
402040,Harbor Dr oppo on-e-diag,37,W,ML,2,52582,41,2.715,38.107059,-122.510052
402042,1800' E of The Bridge,37,W,ML,2,52582,97,4.041,38.121611,-122.497174
402043,oppo 1800' E of the bridge,37,E,ML,2,52582,97,4.041,38.121444,-122.497006
402044,NOBLE RD,37,W,ML,1,,97,8.831,38.15484,-122.422075
402045,NOBLE RD,37,E,ML,1,,97,8.831,38.154841,-122.422072
402046,oppo Walnut Ave off-e-diag,37,W,ML,2,81666,95,16.768,38.117663,-122.288689
402047,Walnut Ave off-e-diag,37,E,ML,2,81666,95,16.756,38.117471,-122.288893
402048,MARINE WORLD PKWY  OFF-W-DIAG,37,W,ML,2,81666,95,20.443,38.141456,-122.232308
402049,MARINE WORLD PKWY  OFF-W-DIAG,37,E,ML,2,81666,95,20.443,38.141243,-122.232302
402050,Columbus to 37 West,37,W,ML,3,81666,95,21.113,38.140802,-122.221723
402051,oppo Columbus to 37 West,37,E,ML,4,81666,95,21.113,38.140566,-122.222246
402056,PARK AVE,87,N,ML,3,68000,85,5.56,37.328954,-121.895643
402057,JULIAN ST,87,S,ML,4,68000,85,6.08,37.336401,-121.897563
402058,JULIAN ST,87,S,ML,3,68000,85,6.13,37.337137,-121.897741
402059,JULIAN ST RM-IN-DIAG,87,N,ML,4,68000,85,6.16,37.337479,-121.897848
402060,N OF FREMONT AVE,85,N,ML,3,,85,20.376,37.356655,-122.062397
402061,N OF FREMONT AVE,85,S,ML,3,,85,20.376,37.356616,-122.06262
402062,W of Central Ave,80,E,ML,4,60620,13,13.393,37.89875,-122.309494
402068,oppo E of Century Blvd,4,W,ML,5,57456,13,24.654,38.008612,-121.854384
402069,E of Century Blvd,4,E,ML,5,57456,13,24.701,38.008461,-121.854505
402070,oppo S of Oakley Rd.,160,S,ML,3,,13,0.86,38.018347,-121.751494
402071,S of Oakley Rd.,160,N,ML,3,,13,0.86,38.018353,-121.75143
402072,Olympic Blvd on-s-loop,680,S,ML,5,83346,13,45.459,37.893923,-122.067279
402077,EB 37 rm-e-diag,80,W,ML,4,81666,95,32.992,38.137369,-122.221311
402079,SR 37 conn-e-fly/diag,80,E,ML,3,81666,95,32.932,38.136531,-122.221583
402085,oppo E of Hwy160 overpass,4,W,ML,3,2252,13,30.202,37.990264,-121.75602
402086,E of Hwy 160 overpass,4,E,ML,3,2252,13,30.252,37.990042,-121.756062
402089,Laurel Rd rm-w-diag,4,W,ML,2,2252,13,30.882,37.983658,-121.747439
402090,Laurel Rd rm-e-loop,4,E,ML,2,2252,13,31.192,37.980043,-121.745333
402091,Laurel Rd rm-e-diag,4,E,ML,2,2252,13,31.212,37.979789,-121.745155
402092,oppo Laurel Rd rm-e-diag,4,W,ML,2,53070,13,31.822,37.97175,-121.739085
402093,W of Lone Tree Way,4,W,ML,2,53070,13,32.282,37.965277,-121.739626
402094,oppo W of Lone Tree Way,4,E,ML,2,53070,13,32.332,37.964854,-121.740054
402095,Lone Tree Way rm-w-diag,4,W,ML,2,53070,13,32.283,37.965265,-121.739634
402096,Lone Tree Way rm-w-diag,4,E,ML,2,53070,13,32.363,37.964456,-121.740326
402098,Jeffery way rm-w-diag,4,W,ML,2,53070,13,33.232,37.952476,-121.744429
402103,San Ramon Valley Blvd rm-s-hoo,680,S,ML,4,20018,13,31.518,37.724706,-121.94131
402104,35th Ave on-w-diag,580,W,ML,4,53000,1,57.03,37.793991,-122.20519
402105,oppo 35th Ave on-w-diag,580,E,ML,4,53000,1,56.878,37.793819,-122.2053
402106,300' S of Route 152,101,S,ML,3,29504,85,355.237,37.000864,-121.556242
402117,Taylor St rm-s-diag,87,S,ML,3,68000,85,6.69,37.344302,-121.902123
402118,Taylor Street,87,N,ML,3,68000,85,6.7,37.344411,-121.902181
402119,Calaveras Blvd/EB 237,880,S,ML,4,47766,85,8.1,37.421182,-121.915036
402120,Montague Expressway,880,S,ML,4,68000,85,6.54,37.399227,-121.908515
402121,Brokaw Rd rm-s-diag,880,S,ML,4,68000,85,5.22,37.380274,-121.904061
402122,Willow Rd rm-s-diag,101,S,ML,5,20970,81,403.993,37.467957,-122.153833
402124,EB 12 rm-s-diag,101,S,ML,4,70098,97,487.654,38.430806,-122.71547
402125,EB 12/WB 12 rm-s-fly/diag,101,N,ML,3,70098,97,488.412,38.432104,-122.715593
402126,WB 12 rm-s-loop,101,S,ML,3,70098,97,487.734,38.431917,-122.715812
402127,oppo Third St rm-s-diag,101,S,ML,3,70098,97,488.104,38.436946,-122.718
402128,Third St rm-s-diag,101,N,ML,3,70098,97,488.772,38.437017,-122.717757
402129,6th St rm-n-diag,101,N,ML,3,70098,97,489.042,38.44047,-122.72011
402130,oppo 6th St rm-n-diag,101,S,ML,4,70098,97,488.374,38.440397,-122.72033
402131,SB College Ave rm-s-diag,101,S,ML,3,70098,97,488.714,38.444726,-122.723327
402132,oppo SB College Ave rm-s-diag,101,N,ML,3,70098,97,489.382,38.444794,-122.723133
402133,NB College Ave rm-n-diag,101,N,ML,3,70098,97,489.572,38.447225,-122.724799
402134,oppo NB College Ave rm-n-diag,101,S,ML,3,70098,97,488.894,38.447044,-122.724873
402135,N of College Ave on-n-diag,101,N,ML,4,70098,97,489.932,38.45231,-122.725972
402136,oppo N of College Ave,101,S,ML,4,70098,97,489.264,38.452267,-122.726193
402137,Steele Lane rm-s-diag,101,S,ML,3,70098,97,489.754,38.459424,-122.726283
402138,oppo Steele Lane rm-s-diag,101,N,ML,3,70098,97,490.422,38.459434,-122.7261
402139,Francisco Blvd West rm-s-diag,101,S,ML,4,68364,41,450.565,37.961812,-122.510124
402141,SB OFF-RAMP TO FRANCISCO BLVD,101,N,ML,6,68364,41,451.313,37.962862,-122.510604
402142,ON FRANCISCO BLVD EAST 80FT AF,101,N,ML,6,68364,41,451.793,37.967035,-122.517695
402151,NEW BENICIA BRIDGE PIER 7,680,N,ML,5,46114,95,57.297,38.041481,-122.120454
402152,New Benicia Bridge Pier 7,680,N,ML,5,46114,95,57.297,38.041481,-122.120454
402155,NEW BENICIA BRIDGE PIER 11,680,N,ML,5,,95,57.597,38.045206,-122.123374
402156,NEW BENICIA BRIDGE PIER 11,680,N,ML,5,,95,57.597,38.045206,-122.123374
402157,NEW BENICIA BRIDGE PIER 13,680,N,ML,5,,95,57.747,38.047027,-122.124819
402158,New Benicia Bridge Pier 13,680,N,ML,5,,95,57.747,38.047027,-122.124819
402165,S of SR-152,156,W,ML,1,,85,23.648,36.961948,-121.383526
402166,S of SR-152,156,E,ML,1,,85,23.648,36.961948,-121.383526
402168,Lewelling Blvd rm-n-diag,880,N,FF,2,,1,30.647,37.687544,-122.133225
402200,SR13  CONN-W-FLY,24,W,ML,4,53000,1,3.113,37.849093,-122.231287
402201,Patton St on-w-diag,24,W,ML,4,53000,1,2.153,37.846642,-122.247226
402202,FOREST ST UC,24,E,ML,4,53000,1,1.653,37.843252,-122.254814
402203,4A5354 LOC 27,4,E,ML,4,,13,21.781,38.019932,-121.905976
402204,4A5354 loc 23,4,W,ML,4,16000,13,15.848,38.01195,-122.009481
402205,4A5354 loc 23,4,E,ML,4,16000,13,15.834,38.011347,-122.010573
402207,W of SR-242,4,E,ML,4,,13,13.694,38.002161,-122.047775
402208,4A5354 LOC 17,4,W,ML,2,46114,13,11.832,37.991988,-122.078142
402209,4A5354 loc 10,4,W,ML,3,,13,8.262,37.990092,-122.139719
402210,4A5354 loc 10,4,E,ML,2,,13,8.309,37.989935,-122.139741
402211,4A5354 loc 9,4,W,ML,2,,13,7.752,37.99605,-122.144786
402212,4A5354 loc 9,4,E,ML,2,,13,7.799,37.995777,-122.144977
402213,4A5354 loc 8,4,W,ML,2,,13,7.252,38.001707,-122.150084
402214,4A5354 loc 8,4,E,ML,2,,13,7.299,38.001498,-122.150137
402218,4A5314 LOC 9,580,W,ML,4,41992,1,25.944,37.708641,-121.725076
402240,4A5344 loc 49,80,W,ML,3,81554,95,58.697,38.402318,-121.915787
402241,4A5344 loc 49,80,E,ML,3,81554,95,58.697,38.402199,-121.915666
402242,4A5344 loc 50,80,W,ML,3,81554,95,59.467,38.410093,-121.905606
402243,4A5344 loc 50,80,E,ML,3,81554,95,59.467,38.409972,-121.905441
402244,4A5344 loc 51,80,W,ML,3,81554,95,60.087,38.416347,-121.897404
402245,4A5344 loc 51,80,E,ML,3,81554,95,60.087,38.416238,-121.897211
402246,4A5344 LOC 52,80,E,ML,3,,95,60.467,38.42011,-121.892123
402247,4A5344 loc 54,80,W,ML,3,,95,61.467,38.430261,-121.879137
402248,4A5344 loc 54,80,E,ML,3,,95,61.467,38.430209,-121.878856
402249,4A5344 loc 55,80,W,ML,3,,95,62.467,38.44034,-121.865893
402250,4A5344 loc 55,80,E,ML,3,,95,62.467,38.440289,-121.865617
402251,4A5344 LOC 56,80,E,ML,3,,95,62.867,38.444361,-121.860391
402252,4A5344 loc 57,80,W,ML,3,,95,63.037,38.446157,-121.858439
402253,4A5344 LOC 58,80,W,ML,3,,95,63.467,38.450532,-121.852801
402254,4A5344 loc 59,80,W,ML,3,,95,63.967,38.455628,-121.846255
402255,4A5344 loc 59,80,E,ML,3,,95,63.967,38.455556,-121.846011
402256,4A5344 loc 61,80,W,ML,3,,95,64.467,38.460724,-121.83971
402257,4A5344 loc 61,80,E,ML,3,,95,64.497,38.460952,-121.839086
402258,4A5344 loc 63,80,W,ML,3,,95,64.967,38.465814,-121.833155
402259,4A5344 loc 63,80,E,ML,3,,95,64.967,38.465727,-121.83293
402260,4A5344 loc 66,80,W,ML,3,,95,65.707,38.473363,-121.823474
402261,4A5344 loc 66,80,E,ML,3,,95,65.667,38.47285,-121.823777
402262,4A5344 loc 67,80,W,ML,3,,95,66.467,38.481149,-121.813543
402263,4A5344 loc 67,80,E,ML,3,,95,66.467,38.481036,-121.813375
402264,4A5344 LOC 68,80,E,ML,3,,95,67.067,38.487178,-121.805573
402265,4A5344 LOC 69,80,W,ML,3,,95,67.247,38.489167,-121.803384
402266,4A5344 LOC 70,80,E,ML,3,,95,67.467,38.491377,-121.800506
402267,4A5344 loc 72,80,W,ML,3,,95,67.967,38.49707,-121.79472
402268,4A5344 loc 72,80,E,ML,3,,95,67.967,38.49691,-121.79457
402269,4A5344 loc 73,80,W,ML,4,,95,68.927,38.507719,-121.78334
402270,4A5344 loc 73,80,E,ML,4,,95,68.867,38.506841,-121.783839
402294,4A5324 Loc 1,101,N,ML,2,,85,349.864,36.92555,-121.547028
402295,4A5324 Loc 1,101,S,ML,2,,85,349.9,36.925548,-121.547247
402296,4A5324 Loc 2,101,N,ML,2,,85,350.858,36.938711,-121.552481
402297,4A5324 Loc 2,101,S,ML,2,,85,350.894,36.938772,-121.552731
402298,4A5324 Loc 3,101,N,ML,2,,85,351.798,36.952216,-121.552213
402299,4A5324 Loc 3,101,S,ML,2,,85,351.834,36.952235,-121.552455
402300,4A5324 Loc 4,101,N,ML,2,,85,352.758,36.965869,-121.552149
402301,4A5324 Loc 4,101,S,ML,2,,85,352.794,36.96584,-121.552382
402302,4A5324 Loc 5,101,N,ML,2,,85,353.771,36.980439,-121.55735
402303,4A5324 Loc 5,101,S,ML,2,,85,353.807,36.980409,-121.557644
402314,4A5324 LOC 17,101,N,ML,3,,85,358.471,37.044741,-121.578022
402321,4A5324 loc 25A not 24,101,N,ML,3,,85,361.211,37.081974,-121.595454
402322,4A5324 loc 25A not 24,101,S,ML,3,,85,361.207,37.081336,-121.595505
402327,4A5324 LOC 30,101,N,ML,3,,85,362.871,37.103108,-121.60944
402328,4A5324 loc 31,101,N,ML,3,,85,363.771,37.112261,-121.621044
402329,4A5324 loc 31,101,S,ML,3,,85,363.807,37.112135,-121.621406
402337,4A5324 loc 40,101,N,ML,4,,85,368.021,37.163058,-121.663633
402338,4A5324 loc 40,101,S,ML,4,,85,368.107,37.163384,-121.664417
402339,4A5324 loc 42,101,N,ML,4,68000,85,368.501,37.168787,-121.668555
402340,4A5324 loc 42,101,S,ML,4,68000,85,368.807,37.171546,-121.671905
402341,4A5324 loc 44,101,N,ML,4,68000,85,369.571,37.180554,-121.681139
402342,4A5324 loc 44,101,S,ML,4,68000,85,369.607,37.1802,-121.681522
402343,4A5324 loc 47,101,N,ML,4,68000,85,371.171,37.196849,-121.701575
402344,4A5324 loc 47,101,S,ML,4,68000,85,371.107,37.195584,-121.700525
402345,4A5324 loc 48,101,N,ML,4,,85,373.171,37.215727,-121.728741
402346,4A5324 loc 48,101,S,ML,4,,85,373.207,37.215461,-121.729
402347,4A5324 loc 50,101,N,ML,4,,85,375.721,37.239343,-121.764097
402348,4A5324 loc 50,101,S,ML,4,,85,375.837,37.239708,-121.765563
402350,4A5324 LOC 53,101,N,ML,4,68000,85,376.871,37.248955,-121.781141
402351,4A5324 LOC 54,101,S,ML,4,68000,85,376.907,37.248679,-121.78139
402352,4A5324 LOC 55,101,S,ML,4,,85,378.669,37.266834,-121.802011
402355,4A5324 LOC 58,101,N,ML,4,68000,85,381.033,37.299781,-121.813351
402356,oppo 4A5324 loc 60,101,N,ML,5,68000,85,381.733,37.307829,-121.821116
402357,4A5324 loc 60,101,S,ML,6,68000,85,381.869,37.308845,-121.822499
402358,4A5324 Loc 61,101,N,ML,5,68000,85,382.333,37.314719,-121.827787
402359,4A5324 loc 62,101,N,ML,4,68000,85,383.633,37.329728,-121.842102
402360,4A5324 loc 62,101,S,ML,5,68000,85,383.669,37.329591,-121.842361
402361,4A5324 LOC 64,101,N,ML,4,68000,85,384.233,37.336549,-121.848881
402362,4A5324 loc 65,101,N,ML,4,68000,85,386.237,37.358996,-121.871981
402363,4A5324 loc 65,101,S,ML,4,68000,85,386.273,37.3588,-121.872094
402364,4A5324 loc 66,101,N,ML,4,68000,85,388.367,37.368104,-121.90788
402365,4A5324 loc 66,101,S,ML,5,68000,85,388.403,37.367859,-121.907971
402366,4A5324 loc 68,101,N,ML,4,69084,85,392.937,37.388542,-121.986478
402367,4A5324 loc 68,101,S,ML,4,69084,85,392.973,37.388372,-121.986538
402370,4A5324 LOC 70,101,N,ML,4,77000,85,394.507,37.39592,-122.013438
402371,4A5324 LOC 71,101,S,ML,4,77000,85,394.773,37.396611,-122.017518
402372,4A5324 loc 72,101,N,ML,4,49670,85,396.937,37.40547,-122.055924
402373,4A5324 loc 72,101,S,ML,4,49670,85,396.993,37.405335,-122.056343
402376,4A5324 LOC 75,101,N,ML,6,55282,85,400.637,37.435945,-122.109246
402377,4A5324 loc 76,101,N,ML,4,55282,85,401.037,37.440393,-122.113925
402379,4A5324 LOC 77,101,N,ML,4,55282,85,401.537,37.445961,-122.11976
402380,4A5324 loc 78,101,N,ML,4,55282,85,402.037,37.451442,-122.125642
402381,4A5324 loc 78,101,S,ML,4,55282,85,402.073,37.451289,-122.125797
402390,4A5324 LOC 86,101,N,ML,4,73262,81,424.887,37.662818,-122.400418
402391,4A5324 loc 87,101,N,ML,4,73262,81,425.287,37.666938,-122.395366
402392,4A5324 loc 87,101,S,ML,4,73262,81,425.323,37.666959,-122.395578
402398,Willow Rd rm-n-diag,101,N,ML,4,20970,81,404.127,37.46959,-122.156168
402399,oppo West of Portola Ave OC,580,W,ML,6,,1,29.074,37.700224,-121.780045
402400,West of Portola Ave OC,580,E,ML,7,,1,28.922,37.699984,-121.780016
402401,oppo N Livermore Ave,580,W,ML,6,,1,28.214,37.70248,-121.764596
402402,2500' E of N Livermore Ave,580,E,ML,7,,1,28.062,37.702234,-121.764593
402403,1600' W of First St,580,W,ML,6,,1,27.274,37.702595,-121.747543
402404,1600' W of First St,580,E,ML,7,41992,1,27.122,37.70238,-121.747506
402405,1900' E of First St,580,W,ML,6,41992,1,26.574,37.704313,-121.735236
402406,1900' E of First St,580,E,ML,7,41992,1,26.422,37.704105,-121.735155
402411,Waterfront rm-n-loop,680,N,ML,4,,13,55.895,38.024635,-122.109562
402412,1400' N of Marina Vista Ave,680,S,ML,4,46114,13,56.355,38.027717,-122.116138
402416,Fallon Rd rm-w-loop,580,W,ML,5,,1,32.844,37.701361,-121.84861
402417,El Charro Rd rm-e-loop,580,E,ML,6,,1,32.762,37.701135,-121.849868
402418,El Charro Rd rm-e-diag,580,E,ML,6,,1,32.552,37.701099,-121.846036
402419,4A5314 LOC 1,580,W,ML,4,,1,22.635,37.718428,-121.669385
402420,4A5314 Loc 1,580,E,ML,4,,1,22.483,37.718211,-121.669346
402423,4A5314 LOC 4,580,W,ML,4,,1,23.665,37.72094,-121.686875
402424,4A5314 Loc 4,580,E,ML,4,,1,23.553,37.720431,-121.687475
402426,4A5314 LOC 8,580,W,ML,5,41992,1,25.355,37.712635,-121.715594
402442,4A5314 LOC 25,580,E,ML,7,57792,1,35.112,37.70137,-121.892753
402443,W of Hacienda Dr.,580,W,ML,6,57792,1,35.444,37.701773,-121.895981
402444,4A5314 LOC 27,580,W,ML,5,57792,1,36.534,37.701951,-121.915924
402451,4A5314 LOC 36,580,W,ML,4,,1,40.784,37.701593,-121.992068
402464,780 EB to 680 NB&SB Fly Over,780,E,ML,3,5290,95,0.478,38.050082,-122.139317
402479,BROADWAY,24,E,ML,4,53000,1,2.523,37.849522,-122.241018
402480,TELEGRAPH AVE,24,W,ML,4,53000,1,1.503,37.842559,-122.25791
402481,BROADWAY,24,W,ML,4,53000,1,2.753,37.849812,-122.237592
402482,4A5354 LOC 42,4,E,ML,2,2252,13,30.172,37.990233,-121.757519
402501,W of Loveridge Rd,4,W,ML,4,57456,13,23.084,38.015328,-121.88184
402502,W of Loveridge Rd,4,E,ML,5,57456,13,23.271,38.014413,-121.879651
402503,4A5354 LOC 26,4,E,ML,4,,13,21.181,38.019991,-121.917022
402504,4A5354 LOC 25,4,W,ML,4,,13,18.768,38.021948,-121.959789
402505,4A5354 LOC 6A,4,W,ML,2,,13,5.832,38.011266,-122.172198
402507,4A5354 LOC 16,4,W,ML,3,46114,13,10.912,37.990725,-122.094956
402509,W of Morello Ave,4,W,ML,3,46114,13,10.202,37.994441,-122.106976
402510,W of Morello Ave,4,E,ML,3,46114,13,10.249,37.99419,-122.10704
402512,1200' E of Pine St,4,E,ML,3,46114,13,9.869,37.996353,-122.113433
402514,4A5354 LOC 11,4,W,ML,3,46114,13,9.282,37.993945,-122.122364
402515,4A5354 loc 7,4,W,ML,2,,13,6.252,38.007109,-122.166569
402516,4A5354 loc 7,4,E,ML,2,,13,6.299,38.006871,-122.166606
402517,4A5354 loc 6,4,W,ML,2,,13,5.352,38.015575,-122.179034
402518,4A5354 loc 6,4,E,ML,2,,13,5.399,38.015347,-122.179054
402521,4A5354 LOC 3,4,W,ML,2,,13,4.035,38.010999,-122.201565
402522,4A5354 LOC 2,4,W,ML,2,,13,2.955,38.008562,-122.220678
402528,SB 680 to WB 780 connector,780,W,ML,3,5290,95,0.168,38.051007,-122.133434
402532,1100' W OF ASHLAND AVE,238,N,ML,2,,1,15.593,37.689868,-122.120854
402533,1100' W of Ashland Ave,238,S,ML,3,,1,15.593,37.689774,-122.12086
402536,Foothill Blvd rm-e-diag,580,E,FF,3,,1,46.434,37.690236,-122.091948
402537,Foothill Blvd rm-e-diag,580,E,ML,3,,1,46.434,37.690236,-122.091948
402538,oppo Strobridge Ave on-e-diag,580,W,ML,5,,1,46.196,37.690839,-122.08497
402539,Strobridge Ave on-e-diag,580,E,ML,5,,1,46.044,37.690526,-122.084955
402540,NEW BENICIA BRIDGE PIER 5,680,N,ML,5,46114,13,56.588,38.031982,-122.11675
402541,New Benicia Bridge Pier 5,680,N,ML,5,46114,13,56.588,38.031982,-122.11675
402555,4A5334 loc 2,101,N,ML,4,70364,41,442.073,37.841973,-122.485648
402556,4A5334 loc 2,101,S,ML,4,,41,441.405,37.84191,-122.485884
402559,4A5334 loc 4,101,N,ML,4,,41,443.373,37.857163,-122.497555
402560,4A5334 loc 4,101,S,ML,4,70364,41,442.705,37.856955,-122.497516
402561,4A5334 loc 6,101,N,ML,4,,41,443.663,37.860178,-122.501486
402562,4A5334 loc 6,101,S,ML,4,70364,41,443.205,37.861516,-122.504435
402575,4A5334 loc 15,101,N,ML,5,16462,41,447.373,37.908497,-122.514031
402576,4A5334 loc 15,101,S,ML,5,,41,446.705,37.908462,-122.514293
402577,4A5334 loc 16,101,N,ML,5,16462,41,447.773,37.914035,-122.511883
402578,4A5334 loc 16,101,S,ML,5,16462,41,447.105,37.913992,-122.51216
402579,4A5334 loc 17,101,N,ML,5,16462,41,448.273,37.92111,-122.511887
402580,4A5334 loc 17,101,S,ML,5,16462,41,447.605,37.921052,-122.512103
402582,4A5334 LOC 19,101,S,ML,4,16462,41,448.105,37.92784,-122.51539
402583,4A5334 loc 20,101,N,ML,5,40438,41,449.273,37.935199,-122.516528
402584,4A5334 loc 20,101,S,ML,4,16462,41,448.605,37.935185,-122.51674
402585,4A5334 LOC 21,101,N,ML,4,40438,41,449.673,37.94093,-122.515733
402586,4A5334 LOC 22,101,S,ML,4,40438,41,449.305,37.945072,-122.514753
402587,4A5334 loc 23,101,N,ML,4,68364,41,450.323,37.949644,-122.511853
402588,4A5334 loc 23,101,S,ML,4,68364,41,449.655,37.949662,-122.512058
402589,4A5334 loc 24,101,N,ML,5,68364,41,454.473,38.000724,-122.536873
402590,4A5334 loc 24,101,S,ML,4,68364,41,453.805,38.000645,-122.537054
402591,4A5334 loc 26,101,N,ML,4,68364,41,454.973,38.0069,-122.541228
402593,4A5334 loc 27,101,N,ML,5,,41,455.473,38.014108,-122.541703
402594,4A5334 loc 27,101,S,ML,4,68364,41,454.805,38.014112,-122.541958
402595,4A5334 loc 28,101,N,ML,4,,41,455.973,38.021089,-122.539073
402596,4A5334 loc 28,101,S,ML,4,,41,455.305,38.021163,-122.539241
402597,4A5334 loc 29,101,N,ML,4,,41,456.173,38.02395,-122.538378
402598,4A5334 loc 29,101,S,ML,4,,41,455.505,38.02401,-122.538569
402599,4A5334 loc 31,101,N,ML,4,,41,456.673,38.031163,-122.537269
402600,4A5334 loc 31,101,S,ML,4,,41,456.005,38.031191,-122.537492
402601,4A5334 LOC 32,101,N,ML,5,,41,457.073,38.036845,-122.536348
402602,4A5334 loc 33/130A,101,N,ML,2,,97,514.675,38.740689,-122.948338
402603,4A5334 loc 33/130A,101,S,ML,2,,97,514.007,38.740529,-122.94846
402604,4A5334 Loc 34 / 143B,101,N,ML,2,14190,97,520.965,38.808343,-123.011669
402651,4A5334 loc 66,101,N,ML,2,,97,477.232,38.281046,-122.681512
402652,4A5334 loc 66,101,S,ML,2,56784,97,476.564,38.280662,-122.681356
402655,4A5334 loc (68) / 68A,101,N,ML,3,,97,478.202,38.290757,-122.694521
402657,4A5334 loc (69) / 69A,101,N,ML,2,,97,478.692,38.29555,-122.701201
402658,4A5334 loc (69) / 69A,101,S,ML,2,,97,478.024,38.295172,-122.701107
402671,4A5334 loc 78,101,N,ML,3,,97,484.702,38.378431,-122.71612
402672,4A5334 loc 78,101,S,ML,3,,97,484.034,38.378426,-122.716347
402673,4A5334 loc 79,101,N,ML,3,,97,485.702,38.392939,-122.71603
402674,4A5334 loc 79,101,S,ML,3,,97,485.034,38.392943,-122.716306
402675,4A5334 loc 80,101,N,ML,3,,97,486.152,38.399471,-122.715987
402676,4A5334 loc 80,101,S,ML,3,,97,485.484,38.399479,-122.71628
402677,4A5334 LOC 81,101,N,ML,5,70098,97,488.192,38.42899,-122.714934
402698,4A5334 LOC 99,101,N,ML,2,,97,498.195,38.548783,-122.80957
402701,4A5334 loc 101,101,N,ML,2,,97,499.285,38.560924,-122.822047
402702,4A5334 loc 101,101,S,ML,2,,97,498.617,38.560915,-122.8223
402703,4A5334 loc 102,101,N,ML,2,,97,499.685,38.565538,-122.826435
402705,4A5334 loc 103,101,S,ML,3,,97,499.177,38.567357,-122.828465
402706,4A5334 loc 104,101,N,ML,2,,97,500.645,38.577103,-122.836069
402707,4A5334 loc 104,101,S,ML,2,,97,499.977,38.577055,-122.836329
402708,4A5334 loc 105,101,N,ML,2,,97,501.195,38.583945,-122.841166
402709,4A5334 loc 105,101,S,ML,2,,97,500.527,38.58389,-122.841408
402710,4A5334 loc 106,101,N,ML,2,,97,501.725,38.590526,-122.846097
402711,4A5334 loc 106,101,S,ML,2,,97,501.057,38.590438,-122.846326
402712,4A5334 LOC 107,101,N,ML,2,,97,502.305,38.595747,-122.854373
402713,4A5334 loc 108,101,N,ML,2,33056,97,502.595,38.598044,-122.858814
402714,4A5334 loc 108,101,S,ML,2,,97,501.927,38.598056,-122.859295
402716,4A5334 loc 109,101,S,ML,2,33056,97,502.427,38.602504,-122.866436
402717,4A5334 loc 110,101,N,ML,2,,97,503.655,38.608079,-122.87372
402718,4A5334 loc 110,101,S,ML,2,33056,97,502.987,38.608009,-122.873866
402719,4A5334 loc 111,101,N,ML,2,,97,504.625,38.621129,-122.878381
402720,4A5334 loc 111,101,S,ML,2,,97,503.957,38.621185,-122.87856
402721,4A5334 loc 112,101,N,ML,2,33056,97,505.045,38.627242,-122.877985
402722,4A5334 loc 112,101,S,ML,2,,97,504.377,38.627327,-122.878141
402723,4A5334 loc 113,101,N,ML,2,,97,505.725,38.637098,-122.877151
402724,4A5334 loc 113,101,S,ML,2,,97,505.057,38.637067,-122.877326
402725,4A5334 loc 114,101,N,ML,2,,97,506.495,38.647636,-122.872752
402726,4A5334 loc 114,101,S,ML,2,,97,505.827,38.647595,-122.872942
402727,4A5334 loc 116,101,N,ML,2,,97,507.785,38.665486,-122.876344
402728,4A5334 loc 116,101,S,ML,2,,97,507.117,38.665432,-122.876624
402729,4A5334 loc 117,101,N,ML,2,,97,508.265,38.671863,-122.879711
402730,4A5334 loc 117,101,S,ML,2,,97,507.597,38.671802,-122.880009
402731,4A5334 LOC 118,101,S,ML,2,,97,508.017,38.67783,-122.880796
402733,4A5334 loc 119,101,S,ML,2,,97,508.417,38.683619,-122.880925
402734,4A5334 loc 120,101,N,ML,2,,97,509.785,38.693222,-122.884247
402735,4A5334 loc 120,101,S,ML,2,,97,509.117,38.693174,-122.884616
402736,4A5334 loc 121,101,N,ML,2,,97,510.345,38.698208,-122.892367
402737,4A5334 loc 121,101,S,ML,2,,97,509.677,38.698167,-122.892708
402738,4A5334 LOC 122,101,S,ML,2,,97,510.117,38.702262,-122.898883
402739,4A5334 loc 123,101,N,ML,2,,97,511.345,38.706169,-122.907576
402740,4A5334 loc 123,101,S,ML,2,,97,510.617,38.705412,-122.907159
402741,4A5334 LOC 125,101,S,ML,3,,97,511.277,38.710951,-122.917006
402742,4A5334 loc 126,101,N,ML,2,,97,512.255,38.714797,-122.919956
402743,4A5334 loc 126,101,S,ML,2,,97,511.587,38.714671,-122.920216
402744,4A5334 loc 128,101,N,ML,2,,97,513.285,38.724755,-122.933815
402745,4A5334 loc 128,101,S,ML,2,,97,512.617,38.724602,-122.934036
402746,4A5334 loc 129,101,N,ML,2,,97,513.805,38.729321,-122.941408
402747,4A5334 loc 129,101,S,ML,2,,97,513.137,38.729162,-122.941598
402748,4A5334 loc 130,101,N,ML,2,,97,514.235,38.73499,-122.944745
402749,4A5334 loc 130,101,S,ML,2,,97,513.567,38.734813,-122.944928
402751,4A5334 loc 133,101,N,ML,2,,97,516.355,38.756315,-122.971836
402752,4A5334 loc 133,101,S,ML,2,,97,515.687,38.756135,-122.971959
402754,4A5334 loc 135,101,N,ML,2,,97,516.985,38.760993,-122.981554
402755,4A5334 loc 135,101,S,ML,2,,97,516.317,38.760826,-122.981662
402756,4A5334 loc 136,101,N,ML,2,,97,517.385,38.76368,-122.988057
402757,4A5334 loc 136,101,S,ML,2,,97,516.717,38.763503,-122.988176
402758,4A5334 loc 137,101,N,ML,2,,97,517.835,38.767641,-122.994584
402759,4A5334 loc 137,101,S,ML,2,,97,517.167,38.767459,-122.994724
402760,4A5334 loc 138,101,N,ML,2,,97,518.285,38.772941,-122.999263
402761,4A5334 loc 138,101,S,ML,2,,97,517.617,38.772785,-122.99946
402762,4A5334 LOC (139) / 143A,101,S,ML,2,14190,97,520.217,38.807273,-123.012139
402763,4A5334 loc 141,101,N,ML,2,,97,521.785,38.820241,-123.014671
402764,4A5334 loc 141,101,S,ML,2,14190,97,521.117,38.820063,-123.01491
402767,4A5334 loc 143,101,N,ML,2,14190,97,520.415,38.800458,-123.012923
402768,4A5334 loc 143,101,S,ML,2,14190,97,519.747,38.800553,-123.013208
402769,4A5334 loc 144,101,N,ML,2,14190,97,521.285,38.813041,-123.012302
402770,4A5334 loc 144,101,S,ML,2,14190,97,520.617,38.813021,-123.012591
402773,4A5334 loc 146,101,N,ML,2,,97,522.529,38.831117,-123.014906
402774,4A5334 loc 146,101,S,ML,2,,97,521.861,38.830813,-123.014883
402775,4A5334 loc 147,101,N,ML,2,,97,523.129,38.838137,-123.0207
402776,4A5334 loc 147,101,S,ML,2,,97,522.461,38.837892,-123.020792
402777,4A5334 loc 148,101,N,ML,2,,97,523.709,38.844486,-123.026976
402778,4A5334 loc 148,101,S,ML,2,,97,523.041,38.844327,-123.027058
402779,4A5334 loc 149,101,N,ML,2,,97,524.129,38.849907,-123.0299
402780,4A5334 loc 149,101,S,ML,2,,97,523.461,38.849837,-123.029949
402788,Mission Blvd rm-s-fly,880,S,ML,4,26000,1,12.202,37.478472,-121.933858
402789,oppo Mission Blvd rm-s-fly,880,N,ML,4,26000,1,12.202,37.478546,-121.93368
402793,Auto Mall Pkwy rm-s-diag,680,S,ML,4,26000,1,13.89,37.513955,-121.939573
402794,oppo N of Auto Mall Pkwy,680,N,ML,5,26000,1,13.976,37.514975,-121.939719
402795,Washington Blvd,680,S,ML,4,26000,1,15.3,37.531118,-121.941782
402796,N of Palm Ave,680,N,ML,5,26000,1,15.886,37.536006,-121.931923
402797,N of Palm Ave,680,S,ML,4,26000,1,15.87,37.535677,-121.933111
402798,Mission Blvd rm-s-diag,680,S,ML,4,26000,1,16.331,37.539435,-121.926165
402799,Mission Blvd rm-n-loop,680,N,ML,3,26000,1,16.296,37.539395,-121.9258
402800,N of Dixon Landing Rd,880,N,ML,6,26000,1,11.052,37.463015,-121.925972
402801,oppo N of Dixon Landing Rd,880,S,ML,6,26000,1,11.052,37.462951,-121.926164
402802,N of Warren Ave,880,N,ML,5,26000,1,12.657,37.484332,-121.93758
402803,oppo N of Warren Ave,880,S,ML,5,26000,1,12.657,37.484241,-121.937739
402828,Dixon Landing and Gateway Blvd,880,N,ML,6,26000,1,11.352,37.467064,-121.927994
402829,Dixon Landing and Gateway Blvd,880,S,ML,6,26000,1,11.362,37.467124,-121.928274
402834,oppo Alhambra ave,4,W,ML,3,,13,8.752,37.990552,-122.130959
402835,Alhambra Ave,4,E,ML,2,,13,8.799,37.99036,-122.131008
402836,oppo Milano Way OC,4,W,ML,3,46114,13,11.372,37.991269,-122.086531
402837,Milano Way OC,4,E,ML,3,46114,13,11.419,37.991002,-122.086497
402840,Bear Creek Rd off,17,N,FR,1,,85,16.613,37.190197,-121.992771
402841,Bear Creek Rd on,17,N,OR,1,,85,16.613,37.190197,-121.992771
402842,Saratoga Ave off,17,N,FR,1,44112,85,19.603,37.226342,-121.975157
402843,Saratoga Ave on loop,17,N,OR,1,44112,85,19.603,37.226342,-121.975157
402844,Saratoga Ave off loop,17,S,FR,1,44112,85,19.583,37.226182,-121.975559
402845,Saratoga Ave off diag,17,S,FR,1,44112,85,19.773,37.228552,-121.973837
402846,Saratoga Ave on diag,17,N,OR,1,44112,85,19.733,37.227964,-121.973947
402847,Saratoga Ave on loop,17,S,OR,1,44112,85,19.663,37.227128,-121.974733
402848,N85 conn,17,S,FR,1,44112,85,21.953,37.2563,-121.955559
402850,N85 conn,17,N,OR,2,44112,85,22.103,37.258184,-121.953853
402851,San Tomas Expway on,17,S,OR,2,44112,85,22.753,37.266561,-121.948692
402852,San Tomas Expway HOV on,17,S,OR,1,10340,85,22.763,37.266696,-121.948636
402853,Camden Ave on diag,17,N,OR,3,10340,85,23.313,37.274389,-121.946398
402854,Hamilton Ave on loop,17,N,OR,2,10340,85,24.833,37.293614,-121.937899
402855,Hamilton Ave on,17,S,OR,1,10340,85,24.943,37.295052,-121.938872
402856,Harrison St off,580,W,FR,1,53000,1,60.155,37.816343,-122.251589
402857,Harrison St on,580,E,OR,1,53000,1,60.003,37.816339,-122.251805
402858,Grand Ave off,580,E,FR,1,53000,1,59.633,37.811293,-122.249829
402859,Grand Ave off,580,W,FR,1,53000,1,59.785,37.811386,-122.249717
402860,Grand Ave on,580,W,OR,1,53000,1,59.785,37.811386,-122.249717
402861,Willow Pass Rd off,680,S,FR,2,16000,13,50.845,37.967137,-122.057083
402862,Willow Pass Rd on loop,680,S,OR,1,16000,13,50.845,37.967137,-122.057083
402863,Trancas St off,29,S,FR,1,50258,55,19.139,38.321719,-122.309541
402864,Trancas St on,29,N,OR,1,50258,55,19.139,38.321776,-122.309316
402865,Trancas St off,29,N,FR,1,50258,55,18.839,38.317645,-122.307697
402866,Trancas St,29,S,OR,2,50258,55,18.839,38.317605,-122.307867
402867,Hellyer Ave off,101,N,FR,1,,85,379.683,37.281279,-121.807832
402868,Hellyer Ave on loop,101,N,OR,2,,85,379.683,37.281279,-121.807832
402869,Hellyer Ave off,101,S,FR,1,,85,379.819,37.282486,-121.808807
402870,Hellyer Ave on diag,101,S,OR,1,,85,379.819,37.282486,-121.808807
402871,Capitol Expwy off loop,101,S,FR,1,68000,85,380.969,37.29855,-121.812553
402872,Capitol Expwy on coll,101,S,OR,2,68000,85,380.969,37.29855,-121.812553
402873,Tully Rd off loop,101,N,FR,2,68000,85,382.903,37.321278,-121.834098
402874,Tully Rd on diag,101,N,OR,2,68000,85,382.903,37.321278,-121.834098
402875,Story Rd/S280 coll on,101,N,OR,1,68000,85,384.193,37.336089,-121.848437
402876,S680 on diag,101,N,OR,2,68000,85,384.743,37.34241,-121.854543
402877,Oakland Rd off diag,101,N,FR,1,68000,85,387.247,37.362962,-121.88944
402878,Oakland Rd on diag,101,S,OR,2,68000,85,387.283,37.362706,-121.889426
402879,Oakland Rd off,101,S,FR,1,68000,85,387.463,37.363022,-121.89264
402880,Oakland Rd on diag,101,N,OR,2,68000,85,387.427,37.363256,-121.892687
402881,Brokaw Rd off,101,S,FR,1,68000,85,388.953,37.371561,-121.916648
402882,N 1st St off,101,N,FR,1,68000,85,388.917,37.371809,-121.91655
402883,N 1st St on loop,101,N,OR,1,68000,85,388.917,37.371809,-121.91655
402884,Brokaw Rd on diag,101,N,OR,2,68000,85,389.227,37.372674,-121.922087
402885,Guadalupe Pkwy on diag,101,N,OR,2,68000,85,389.737,37.374628,-121.931055
402886,de la cruz blvd off loop,101,S,FR,1,68000,85,390.263,37.376264,-121.939712
402887,De La Cruz Blvd on diag,101,S,OR,3,68000,85,390.263,37.376264,-121.939712
402888,De La Cruz Blvd off loop,101,N,FR,1,68000,85,390.287,37.376685,-121.94075
402889,De La Cruz Blvd on loop,101,N,OR,1,68000,85,390.287,37.376685,-121.94075
402890,Trimble Rd. off diag,101,S,FR,1,68000,85,390.423,37.376835,-121.942537
402891,Trimble Rd. on loop,101,S,OR,2,68000,85,390.423,37.376835,-121.942537
402892,Trimble Rd on diag,101,N,OR,3,68000,85,390.447,37.377237,-121.943586
402893,San Tomas Expwy off loop,101,S,FR,1,68000,85,391.463,37.380958,-121.960741
402894,San Tomas Expwy on diag,101,S,OR,2,68000,85,391.463,37.380958,-121.960741
402895,San Tomas Expwy off diag,101,S,FR,1,68000,85,391.543,37.381356,-121.96211
402896,San Tomas Expwy on loop,101,S,OR,2,68000,85,391.543,37.381356,-121.96211
402897,San Tomas Expwy off,101,N,FR,1,68000,85,391.827,37.383125,-121.967496
402898,San Tomas Expwy on diag,101,N,OR,3,68000,85,391.827,37.383125,-121.967496
402899,Great America Pkwy on loop,101,S,FR,3,69084,85,392.443,37.385758,-121.977493
402900,Great America Pkwy on loop,101,S,OR,2,69084,85,392.443,37.385758,-121.977493
402901,Great America Pkwy on diag,101,S,OR,2,69084,85,392.253,37.38482,-121.974251
402902,Lawrence expwy on diag,101,S,OR,3,77000,85,393.393,37.390422,-121.993716
402903,Lawrence Expwy. off,101,S,FR,2,77000,85,393.463,37.390763,-121.994912
402904,Lawrence Expwy. on loop,101,S,OR,2,77000,85,393.463,37.390763,-121.994912
402905,Lawrence Expwy off,101,N,FR,2,77000,85,393.467,37.391166,-121.995524
402906,Lawrence Expwy on loop,101,N,OR,2,77000,85,393.467,37.391166,-121.995524
402907,Lawrence Expwy on diag,101,N,OR,2,77000,85,393.617,37.391922,-121.998077
402908,Fair Oaks Ave off loop,101,S,FR,1,77000,85,394.373,37.395067,-122.010518
402909,Fair Oaks Ave on diag,101,S,OR,2,77000,85,394.373,37.395067,-122.010518
402910,Mahilda Ave on diag,101,S,OR,2,77000,85,395.303,37.398628,-122.026802
402911,Mathilda Ave off,101,S,FR,1,77000,85,395.393,37.398989,-122.028373
402912,Mathilda Ave on loop,101,S,OR,2,77000,85,395.393,37.398989,-122.028373
402913,EB 237 off diag,101,S,FR,1,77000,85,395.693,37.40013,-122.033628
402914,EB 237 on diag,101,S,OR,1,77000,85,395.693,37.40013,-122.033628
402915,Ellis St on diag,101,S,OR,2,77000,85,396.483,37.403153,-122.047463
402916,Moffett Blvd off loop,101,S,FR,1,49670,85,397.453,37.407128,-122.064444
402917,Moffett Blvd off diag,101,N,FR,1,49670,85,397.417,37.407316,-122.064397
402918,Moffett Blvd on,101,S,OR,2,49670,85,397.453,37.407128,-122.064444
402919,Moffett Blvd on loop,101,N,OR,2,49670,85,397.417,37.407316,-122.064397
402920,Shoreline Blvd on diag,85,S,OR,2,49670,85,23.996,37.40848,-122.070905
402921,Shoreline Blvd off,101,S,FR,1,49670,85,397.843,37.40905,-122.071117
402922,Shoreline Blvd on loop,101,S,OR,2,49670,85,397.843,37.40905,-122.071117
402923,Old Middlefield Wy on diag,101,S,OR,2,49670,85,398.553,37.413855,-122.082578
402924,Bernal Rd off,101,N,FR,2,68000,85,376.291,37.244125,-121.772528
402925,Bernal rd on loop,101,N,OR,2,68000,85,376.291,37.244125,-121.772528
402926,Blossom Hill Rd off,101,N,FR,3,68000,85,377.631,37.255102,-121.792585
402927,Blossom Hill Rd  on,101,N,OR,2,68000,85,377.741,37.256032,-121.794206
402928,Alum Rock Ave/Santa Clara St,101,S,FR,1,68000,85,385.309,37.348392,-121.860589
402929,Alum Rock Ave/Santa Clara St,101,S,OR,2,68000,85,385.309,37.348392,-121.860589
402930,Alum Rock Ave off,101,N,FR,1,68000,85,385.473,37.350928,-121.862378
402931,Alum Rock Ave on diag,101,N,OR,2,68000,85,385.473,37.350928,-121.862378
402932,Mckee Rd/Julian Rd off,101,S,FR,1,68000,85,385.929,37.355353,-121.867625
402933,Mckee Rd/Julian Rd off,101,N,FR,1,68000,85,385.893,37.355549,-121.86746
402934,Mckee Rd/Julian Rd on diag,101,N,OR,2,68000,85,385.893,37.355549,-121.86746
402935,Coleman Ave on diag,880,S,OR,3,68000,85,2.55,37.34766,-121.919969
402936,Coleman Ave off,880,S,FR,2,68000,85,2.7,37.349037,-121.917956
402937,Coleman Ave on,880,N,OR,3,68000,85,2.7,37.348907,-121.917833
402938,Great Mall Pkwy on,880,S,OR,2,47766,85,7.53,37.413256,-121.912324
402939,Great Mall Pkwy off,880,N,FR,1,47766,85,7.69,37.415548,-121.912875
402940,Great Mall Pkwy on,880,N,OR,2,47766,85,7.69,37.415548,-121.912875
402941,Mowry Ave off,880,S,FR,1,26000,1,17.617,37.531397,-122.005323
402942,Mowry Ave on loop,880,S,OR,2,26000,1,17.527,37.53065,-122.003967
402943,Auto Mall Pkwy on diag,880,N,OR,3,26000,1,15.057,37.508622,-121.96886
402944,Fremont Blvd on diag,880,S,OR,3,26000,1,13.277,37.490584,-121.945998
402945,Fremont Blvd off,880,S,FR,2,26000,1,13.487,37.492757,-121.948815
402946,Fremont Blvd on loop,880,S,OR,2,26000,1,13.407,37.491933,-121.947752
402947,Fremont Blvd off,880,N,FR,3,26000,1,13.417,37.492185,-121.947724
402948,Fremont Blvd on loop,880,N,OR,2,26000,1,13.507,37.493107,-121.948928
402949,Fremont Blvd on diag,880,N,OR,1,26000,1,13.607,37.49411,-121.950208
402950,Auto Mall Pkwy on diag,880,S,OR,2,26000,1,14.777,37.505634,-121.965487
402951,Auto Mall Pkwy off,880,N,FR,1,26000,1,14.887,37.506892,-121.966671
402952,Auto Mall Pkwy on loop,880,N,OR,2,26000,1,14.887,37.506892,-121.966671
402953,Auto Mall Pkwy off,880,S,FR,2,26000,1,15.137,37.509333,-121.970047
402954,Auto Mall Pkwy on loop,880,S,OR,2,26000,1,14.967,37.507579,-121.967888
402955,Stevenson Blvd on diag,880,S,OR,2,26000,1,16.347,37.521461,-121.985825
402956,,880,N,FR,1,26000,1,16.247,37.520806,-121.984229
402957,Stevenson Blvd on loop,880,N,OR,2,26000,1,16.407,37.522071,-121.986671
402958,Stevenson Blvd off,880,S,FR,1,26000,1,16.657,37.523819,-121.990628
402959,Stevenson Blvd on loop,880,S,OR,2,26000,1,16.527,37.522837,-121.988605
402960,Stevenson Blvd on diag,880,N,OR,3,26000,1,16.627,37.523755,-121.990066
402961,Mowry Ave on diag,880,S,OR,2,26000,1,17.327,37.529007,-122.00095
402962,Mowry Ave off,880,N,FR,2,26000,1,17.357,37.529397,-122.001271
402963,Mowry Ave on loop,880,N,OR,2,26000,1,17.357,37.529397,-122.001271
402964,Thornton Ave on diag,880,N,OR,3,26000,1,19.237,37.54876,-122.024268
402965,Mowry Ave on rm-n-diag,880,N,OR,2,26000,1,17.577,37.531189,-122.004583
402966,Thornton ave on diag,880,S,OR,3,26000,1,18.877,37.544186,-122.021127
402967,Thornton Ave off,880,N,FR,2,26000,1,18.907,37.544658,-122.021179
402968,Thornton Ave on loop,880,N,OR,2,26000,1,19.057,37.54653,-122.022581
402969,Thornton Ave off,880,S,FR,3,26000,1,19.257,37.548899,-122.024643
402970,Thornton Ave on loop,880,S,OR,2,26000,1,19.097,37.546915,-122.023163
402971,E84 on diag,880,S,OR,2,26000,1,20.347,37.561479,-122.036403
402972,Decoto Rd off,880,N,FR,1,26000,1,20.387,37.562052,-122.036693
402973,E84 on loop,880,N,OR,2,26000,1,20.507,37.563362,-122.038123
402974,Decoto Rd off,880,S,FR,2,26000,1,20.547,37.563681,-122.038765
402975,Decoto Rd on loop,880,S,OR,1,26000,1,20.547,37.563681,-122.038765
402976,Decoto Rd on diag,880,N,OR,1,26000,1,20.717,37.565692,-122.040628
402977,Alvarado Blvd on diag,880,S,OR,3,26000,1,21.647,37.577648,-122.04799
402978,Alvarado Blvd off,880,S,FR,1,26000,1,21.817,37.580027,-122.048801
402979,Alvarado Blvd on loop,880,S,OR,1,26000,1,21.817,37.580027,-122.048801
402980,Alvarado Blvd off,880,N,FR,1,26000,1,21.537,37.576193,-122.047274
402981,Alvarado Blvd on,880,N,OR,3,26000,1,21.887,37.581087,-122.048943
402982,Alvarado-Niles Rd on diag,880,S,OR,2,81204,1,23.177,37.597825,-122.060378
402983,Alvarado-Niles Rd off,880,S,FR,1,81204,1,23.327,37.5997,-122.061725
402984,Alvarado-Niles Rd on loop,880,S,OR,2,81204,1,23.327,37.5997,-122.061725
402985,Alvarado-Niles Rd on,880,N,OR,3,81204,1,23.367,37.600243,-122.061912
402986,Whipple Rd off,880,N,FR,1,81204,1,23.737,37.604734,-122.065032
402987,Whipple Rd on,880,S,OR,3,81204,1,23.777,37.605123,-122.065629
402988,Whipple Rd off,880,S,FR,1,33000,1,24.007,37.607967,-122.067645
402989,Whipple Rd off,880,N,OR,1,33000,1,24.007,37.608066,-122.067407
402990,Industrial Pkwy on,880,N,OR,2,33000,1,24.917,37.619533,-122.075651
402991,Tennyson Rd off loop,880,S,FR,1,33000,1,25.687,37.629148,-122.082814
402992,Tennyson Rd off diag,880,S,FR,1,33000,1,25.697,37.629274,-122.082905
402993,Tennyson Rd on loop,880,S,OR,1,33000,1,25.687,37.629148,-122.082814
402994,Tennyson Rd on diag,880,S,OR,2,33000,1,25.697,37.629274,-122.082905
402995,Tennyson Rd on diag,880,N,OR,2,33000,1,26.027,37.633535,-122.085656
402996,Tennyson Rd on coll,880,N,OR,1,33000,1,26.037,37.63366,-122.085746
402998,Winton Ave off,880,S,FR,1,33000,1,28.047,37.659179,-122.103312
402999,Winton Ave on diag,880,S,OR,2,33000,1,27.587,37.653201,-122.099615
403000,Winton Ave on loop,880,S,OR,1,33000,1,27.577,37.653069,-122.099539
403001,Winton Ave off loop,880,N,FR,1,33000,1,28.047,37.659267,-122.103058
403002,Winton Ave on,880,N,OR,2,33000,1,28.057,37.659397,-122.103135
403003,A St off,880,S,FR,1,,1,28.477,37.664733,-122.106795
403004,A St on,880,S,OR,2,,1,28.477,37.664733,-122.106795
403005,A St off,880,N,FR,1,,1,28.457,37.664588,-122.106305
403006,A St on,880,N,OR,2,,1,28.707,37.667821,-122.108348
403007,Hesperian Blvd on,880,S,OR,2,,1,30.187,37.683114,-122.127218
403008,Washington Ave off,880,N,FR,1,68084,1,30.877,37.68978,-122.136442
403009,Washington Ave on,880,S,OR,1,68084,1,30.877,37.689656,-122.136588
403010,Washington Ave off,238,N,FR,1,68084,1,16.323,37.690513,-122.135803
403011,Washington Ave on,880,N,OR,1,68084,1,31.107,37.691998,-122.139682
403013,Davis St off,880,S,FR,1,68084,1,34.017,37.720632,-122.178374
403014,Davis St on diag,880,S,OR,2,68084,1,33.847,37.718712,-122.176431
403015,Davis St on loop,880,S,OR,2,68084,1,33.857,37.718824,-122.176545
403016,Davis St off,880,N,FR,1,68084,1,33.917,37.719584,-122.177086
403017,Davis St on diag,880,N,OR,1,68084,1,33.927,37.719697,-122.1772
403018,Davis St on loop,880,N,OR,1,68084,1,33.917,37.719584,-122.177086
403019,98th ave rm-s-diag,880,S,OR,3,53000,1,34.907,37.730958,-122.188061
403020,98th Ave off,880,N,FR,2,53000,1,34.807,37.729878,-122.186837
403021,98th Ave on loop,880,N,OR,2,53000,1,34.947,37.731528,-122.188289
403022,98th Ave off,880,S,FR,1,53000,1,34.977,37.731787,-122.188781
403023,98th Ave on loop,880,S,OR,2,53000,1,34.977,37.731787,-122.188781
403024,98th Ave on diag,880,N,OR,1,53000,1,35.127,37.733652,-122.190132
403025,66th Ave off,880,S,FR,2,53000,1,36.557,37.750611,-122.205291
403026,66th Ave on loop,880,S,OR,1,53000,1,36.567,37.750729,-122.205394
403027,66th Ave on diag,880,S,OR,1,53000,1,36.557,37.750611,-122.205291
403028,66th Ave/Coliseum Wy on l/c,880,N,OR,2,53000,1,37.077,37.756851,-122.210503
403029,66th Ave on diag,880,N,OR,1,53000,1,37.067,37.756731,-122.210399
403030,High St off,880,N,FR,1,53000,1,37.767,37.765099,-122.217693
403031,High St on,880,S,OR,1,53000,1,37.757,37.764896,-122.217766
403032,West St off,580,W,FR,1,53000,1,61.395,37.824968,-122.270895
403033,High St off,880,S,FR,1,53000,1,38.297,37.771395,-122.223163
403034,High St on,880,N,OR,1,53000,1,38.307,37.77155,-122.223223
403035,42nd Ave on,880,N,OR,1,53000,1,38.297,37.771469,-122.22307
403036,29th Ave off,880,N,FR,1,53000,1,38.877,37.77487,-122.232742
403037,Fruitvale Ave off,880,S,FR,1,53000,1,38.877,37.774755,-122.232821
403038,29th Ave on,880,S,OR,1,53000,1,38.877,37.774755,-122.232821
403039,23rd Ave off,880,N,FR,1,53000,1,39.107,37.776769,-122.236107
403040,23rd Ave on,880,S,OR,1,53000,1,39.107,37.776614,-122.236242
403041,Lisbon Ave & 8th St on,880,N,OR,1,53000,1,39.107,37.776769,-122.236107
403042,23rd Ave off,880,S,FR,1,53000,1,39.387,37.780226,-122.238414
403043,23rd Ave on fly,880,N,OR,2,53000,1,39.327,37.779555,-122.237925
403044,23rd Ave on hook,880,N,OR,1,53000,1,39.377,37.780243,-122.238194
403045,Oak St on,880,S,OR,3,53000,1,41.187,37.794062,-122.264744
403046,Broadway on,880,S,OR,2,53000,1,41.537,37.796547,-122.270242
403047,Jackson St on,880,N,OR,2,53000,1,41.647,37.797439,-122.271974
403051,Foothill Blvd on,580,E,OR,2,,1,46.434,37.690236,-122.091948
403052,Strobridge Ave off,580,W,FR,1,,1,46.196,37.690839,-122.08497
403053,Strobridge Ave on,580,E,OR,1,,1,46.044,37.690526,-122.084955
403055,Monument Blvd on,680,S,OR,2,57764,13,49.133,37.943971,-122.058927
403056,Monument Blvd on,680,N,OR,2,57764,13,49.327,37.947233,-122.057213
403057,Mckee Rd/Julian Rd off slip,101,S,FR,1,68000,85,385.779,37.353727,-121.865827
403058,Mckee Rd/Julian Rd on diag,101,S,OR,1,68000,85,385.779,37.353727,-121.865827
403059,University Ave off loop,101,N,FR,1,20970,81,403.367,37.463019,-122.145022
403060,University Ave on coll,101,N,OR,1,20970,81,403.367,37.463019,-122.145022
403061,University Ave on diag,101,N,OR,1,20970,81,403.377,37.463106,-122.145168
403062,WB 380,280,N,FF,3,65028,81,43.754,37.629176,-122.433159
403064,Willow Pass Rd off,680,N,FR,1,16000,13,50.597,37.964604,-122.055102
403065,Willow Pass Rd on diag,680,S,OR,1,16000,13,50.673,37.964993,-122.055483
403066,Lake Herman Rd off,680,N,FR,1,,95,61.063,38.088513,-122.109515
403067,Lake Herman Rd off,680,S,FR,1,,95,61.168,38.088709,-122.109659
403068,Lake Herman Rd on,680,S,OR,1,,95,61.168,38.088709,-122.109659
403069,Lake Herman Rd on loop,680,N,OR,1,,95,61.063,38.088513,-122.109515
403070,Crow Canyon Rd off,680,N,FR,2,68378,13,35.363,37.774537,-121.973817
403071,Crow Canyon Rd on,680,S,OR,2,68378,13,35.438,37.775048,-121.974319
403072,Industrial Wy off,680,S,FR,1,5290,95,59.598,38.070185,-122.12636
403073,Industrial Rd / Park Rd,680,N,OR,1,5290,95,59.493,38.070032,-122.126275
403074,Oakland Ave off,580,E,FR,1,53000,1,60.613,37.822145,-122.259965
403075,Harrison St off,580,E,FR,1,53000,1,60.623,37.8222,-122.260137
403076,Kempton St/Fairmont St on,580,W,OR,1,53000,1,60.765,37.822295,-122.25977
403077,Parish Rd off,680,S,FR,1,,95,63.198,38.116791,-122.106303
403078,Parish Rd off,680,N,FR,1,,95,63.093,38.116567,-122.106057
403079,Parish Rd on,680,S,OR,1,,95,63.198,38.116791,-122.106303
403080,Parish Rd on,680,N,OR,1,,95,63.093,38.116567,-122.106057
403081,Willow Pass Rd on,680,N,OR,2,16000,13,50.597,37.964604,-122.055102
403082,Gold Hill Rd off,680,S,FR,1,,95,68.098,38.182315,-122.134276
403083,Gold Hill Rd off,680,N,FR,1,,95,67.993,38.182144,-122.133796
403084,Gold Hill Rd on,680,N,OR,1,,95,67.993,38.182144,-122.133796
403085,Gold Hill Rd on,680,S,OR,1,,95,68.098,38.182315,-122.134276
403086,Anza Blvd off,101,N,FR,1,68252,81,418.177,37.587299,-122.351204
403087,Anza Blvd on,101,N,OR,1,68252,81,418.227,37.587325,-122.352115
403088,E4 on loop,680,N,OR,1,,13,52.775,37.993647,-122.068919
403089,Crow Canyon Rd off diag,680,S,FR,1,68378,13,35.808,37.780034,-121.976807
403090,Crow Canyon Rd off diag,680,S,FR,1,68378,13,35.818,37.780167,-121.976876
403091,Crow Canyon Rd on,680,N,OR,1,68378,13,35.783,37.780195,-121.976672
403092,Paul Ave off,101,S,FR,1,67000,75,429.43,37.723512,-122.401258
403093,Seminary Ave off,580,W,FR,1,53000,1,54.956,37.78073,-122.172868
403094,Seminary Ave off,580,E,FR,1,53000,1,54.804,37.780572,-122.173006
403095,Seminary Ave on,580,E,OR,2,53000,1,54.804,37.780572,-122.173006
403096,Seminary Ave on,580,E,OR,2,53000,1,54.814,37.780654,-122.173156
403097,Gregory Ln off,680,S,FR,3,57764,13,49.693,37.951643,-122.055554
403099,Olympic Blvd on diag,680,S,OR,1,83346,13,45.299,37.892717,-122.064772
403100,Olympic Blvd on loop,680,S,OR,1,83346,13,45.469,37.894012,-122.067461
403101,Bollinger Canyon Rd off,680,S,FR,2,68378,13,34.388,37.76122,-121.966344
403102,Bollinger Canyon Rd on loop,680,S,OR,1,68378,13,34.388,37.76122,-121.966344
403103,W of Airway Blvd,580,W,ML,6,41992,1,31.644,37.701171,-121.826724
403104,W Grand Ave on,880,N,OR,1,53000,1,45.027,37.822794,-122.291843
403105,High St off,580,E,FR,1,53000,1,56.188,37.786914,-122.196329
403106,High St on,580,W,OR,1,53000,1,56.34,37.787056,-122.196191
403107,El Pintado Wy off,680,S,FR,1,17988,13,40.218,37.835476,-122.010223
403108,El Pintado Wy on,680,N,OR,1,17988,13,40.183,37.835529,-122.009979
403109,E Hillsdale Blvd off diag,101,S,FR,1,68252,81,413.623,37.547451,-122.290775
403110,Sycamore Valley Rd off loop,680,S,FR,1,17988,13,38.288,37.81333,-121.993427
403111,Sycamore Valley Rd off diag,680,S,FR,1,17988,13,38.278,37.813185,-121.993418
403112,Sycamore Valley Rd on,680,N,OR,2,17988,13,38.243,37.813212,-121.993211
403113,Winton Ave off coll,880,N,FR,1,33000,1,27.707,37.654859,-122.100333
403114,Winton Ave off diag,880,N,FR,1,33000,1,27.717,37.654988,-122.100415
403115,Fruitvale Ave off,580,E,FR,1,53000,1,57.588,37.798217,-122.216962
403116,Fruitvale Ave on,580,W,OR,1,53000,1,57.74,37.79841,-122.216924
403118,Scott Creek Rd off,680,S,FR,1,26000,1,10.26,37.468731,-121.907735
403119,Scott Creek Rd on,680,N,OR,2,26000,1,10.276,37.468847,-121.907383
403120,Livorna Rd off,680,S,FR,1,,13,42.858,37.865141,-122.037802
403121,Livorna Rd on,680,N,OR,1,,13,42.753,37.86442,-122.036749
403122,Beaumont Ave off,580,W,FR,1,53000,1,58.34,37.800758,-122.227469
403123,Beaumont Ave on,580,E,OR,1,53000,1,58.188,37.800558,-122.227577
403124,Livorna Rd off,680,N,FR,1,,13,42.533,37.862189,-122.033884
403125,Livorna Rd on,680,S,OR,1,,13,42.568,37.862138,-122.034099
403126,Bollinger Canyon Rd on diag,680,S,OR,1,68378,13,34.178,37.75851,-121.964605
403127,Park Blvd off,580,E,FR,1,53000,1,58.693,37.805061,-122.234851
403129,Park Blvd on,580,W,OR,1,53000,1,58.845,37.805197,-122.234712
403130,Dore Ave off,101,N,FR,1,68252,81,416.107,37.575964,-122.319373
403133,Lakeshore Ave off,580,W,FR,1,53000,1,59.465,37.809352,-122.244723
403134,Lakeshore Ave on,580,E,OR,1,53000,1,59.423,37.809713,-122.246703
403135,Rudgear Rd off,680,N,FR,1,83346,13,43.613,37.875017,-122.045018
403137,Rudgear Rd on,680,S,OR,1,83346,13,43.638,37.874867,-122.045091
403138,Seaport Blvd off,101,S,FR,1,60102,81,408.013,37.491431,-122.219412
403139,Woodside Rd off,101,S,FR,1,60102,81,408.003,37.491361,-122.219254
403141,Diablo Rd on,680,S,OR,1,17988,13,38.908,37.822299,-121.993564
403142,W 92 off diag,880,S,FR,2,33000,1,26.967,37.645269,-122.09427
403143,Jackson St off loop,880,S,FR,1,33000,1,26.957,37.645141,-122.094182
403145,Treat Blvd/Geary Rd on,680,S,OR,2,83346,13,48.019,37.92803,-122.060616
403146,N Main St off,680,N,FR,1,83346,13,47.022,37.915187,-122.065824
403147,contra costa blvd off,680,S,FR,1,57764,13,49.053,37.942878,-122.059398
403148,Contra Costa Blvd on,680,S,OR,1,57764,13,49.053,37.942878,-122.059398
403149,Industrial Pkwy on,880,S,OR,1,33000,1,24.747,37.617288,-122.074309
403151,N. Main St. merge,680,N,OR,1,83346,13,47.262,37.91806,-122.063371
403152,Treat Blvd/Geary Rd on,680,S,OR,1,83346,13,47.839,37.925437,-122.060919
403153,Olympic Blvd off,680,S,FR,1,,13,45.739,37.896601,-122.071098
403154,Ygnacio Valley Blvd off,24,E,FR,1,83346,13,13.448,37.897214,-122.071815
403155,Mt Diablo Blvd on,24,W,OR,2,,13,13.448,37.897833,-122.072031
403156,El Cerro Blvd off,680,S,FR,1,17988,13,39.848,37.832159,-122.004898
403157,El Cerro Blvd on,680,N,OR,1,17988,13,39.813,37.832229,-122.004645
403158,Marshview Rd off,680,S,FR,1,,95,65.208,38.145352,-122.110074
403159,Marshview Rd off,680,N,FR,1,,95,65.103,38.145138,-122.109703
403160,Marshview Rd on,680,N,OR,1,,95,65.103,38.145138,-122.109703
403161,Marshview Rd on,680,S,OR,1,,95,65.208,38.145352,-122.110074
403164,Hesperian Blvd on,238,S,OR,1,,1,16.143,37.690755,-122.130603
403167,Diablo Rd off,680,S,FR,1,17988,13,38.998,37.823549,-121.994013
403168,Diablo Rd on,680,N,OR,1,17988,13,38.963,37.823575,-121.993841
403169,Scott Creek Rd rm-s-diag,680,S,ML,4,47766,1,9.95,37.464949,-121.904686
403170,Tennyson Rd off coll,880,N,FR,1,33000,1,25.767,37.630267,-122.083308
403171,Marina Vista/Waterfront Rd off,680,S,FR,1,,13,56.125,38.02567,-122.112891
403172,Marina Vista/Waterfront Rd on,680,S,OR,1,,13,56.015,38.024938,-122.11109
403173,SFIA on fly (upper roadway),101,S,OR,2,,81,421.273,37.61287,-122.39602
403174,SFIA on fly (lower roadway),101,S,OR,2,,81,421.073,37.610856,-122.393398
403175,3200' S of San Bruno ave,101,S,FR,2,,81,422.013,37.622819,-122.400722
403176,SFIA off diag,101,N,FR,1,,81,422.187,37.625911,-122.401468
403177,SFIA on diag,101,S,OR,2,,81,422.223,37.625766,-122.401698
403178,Dublin Blvd on,680,N,OR,2,20018,1,30.348,37.710979,-121.929682
403179,Alcosta Blvd off,680,N,FR,2,20018,1,31.728,37.727772,-121.943379
403180,Alcosta Blvd on hook,680,S,OR,2,20018,1,31.777,37.727904,-121.943765
403181,Granite Creek Rd off,17,S,FR,1,70588,87,5.54,37.062379,-122.004038
403182,Granite Creek Rd off,17,N,FR,1,70588,87,5.43,37.060865,-122.004603
403183,Granite Creek Rd on,17,S,OR,1,70588,87,5.48,37.061592,-122.004466
403184,Granite Creek Rd on,17,N,OR,1,70588,87,5.5,37.061793,-122.004121
403185,Calaveras Rd off,880,N,FR,3,47766,85,8.36,37.424833,-121.916049
403186,Calaveras Ave on loop,880,N,OR,1,47766,85,8.36,37.424833,-121.916049
403187,Calaveras Ave on diag,880,N,OR,2,47766,85,8.76,37.430444,-121.917891
403188,EB 237 on fly,880,N,OR,3,47766,85,8.77,37.430587,-121.917925
403189,Stone Valley Rd off loop,680,S,FR,1,,13,41.898,37.853324,-122.029154
403190,Stone Valley Rd off loop,680,N,FR,1,,13,41.863,37.853385,-122.02894
403191,Stone Valley Rd on,680,N,OR,1,,13,41.863,37.853385,-122.02894
403192,Lewelling Blvd off,238,S,FR,1,,1,14.823,37.688902,-122.106837
403193,Lewelling Blvd on,238,S,OR,2,,1,14.823,37.688902,-122.106837
403194,Dixon Landing rd off,880,N,FR,2,47766,85,10.21,37.451256,-121.922021
403195,Dixon Landing Rd on,880,S,OR,2,47766,85,10.21,37.451227,-121.922218
403196,Dixon Landing Rd off,880,S,FR,2,47766,1,10.682,37.458024,-121.923773
403197,Dixon Landing Rd on loop,880,S,OR,3,47766,1,10.542,37.4562,-121.923217
403198,Dixon Landing Rd off loop,880,N,FR,1,47766,85,10.18,37.450825,-121.921937
403199,Dixon Landing Rd on diag,880,N,OR,2,47766,1,10.582,37.456816,-121.923157
403200,Dixon Landing Rd on loop,880,N,OR,1,47766,1,10.572,37.456684,-121.923127
403205,Seaport Blvd,101,N,FR,1,60102,81,407.887,37.490897,-122.217764
403206,Woodside Rd off,101,N,FR,1,60102,81,407.897,37.490966,-122.217925
403207,Woodside Rd,101,N,OR,2,60102,81,407.897,37.490966,-122.217925
403209,Woodside Rd/Seaport Blvd on,101,S,OR,3,60102,81,407.893,37.490595,-122.217518
403218,Redwood Rd on,580,W,OR,1,,1,45.584,37.690954,-122.073988
403219,REDWOOD RD,580,W,ML,5,,1,45.584,37.690954,-122.073988
403220,Redwood Rd off,580,E,FR,1,,1,45.302,37.690595,-122.071617
403221,Redwood Rd off,580,W,FR,1,,1,45.454,37.691024,-122.071635
403222,Redwood Rd on,580,E,OR,3,,1,45.302,37.690595,-122.071617
403223,Redwood Rd rm-e-diag,580,E,ML,5,,1,45.302,37.690595,-122.071617
403224,Airport Blvd on,880,S,OR,2,68000,85,2.75,37.349517,-121.91728
403225,Airport Blvd rm-s-diag,880,S,ML,3,68000,85,2.75,37.349517,-121.91728
403226,N of Auto Mall Pkwy,680,S,ML,5,26000,1,13.96,37.514883,-121.940093
403227,oppo E of Tassajara Rd,580,E,ML,6,,1,33.542,37.701267,-121.864103
403228,E of Tassajara Rd,580,W,ML,6,,1,33.694,37.701495,-121.864059
403235,Calaveras Blvd off,680,S,FR,1,47766,85,7.57,37.433785,-121.888307
403236,Calaveras Blvd on diag,680,S,OR,1,47766,85,7.57,37.433785,-121.888307
403237,Calaveras Blvd rm-s-diag,680,S,ML,5,47766,85,7.57,37.433785,-121.888307
403238,Calaveras Blvd off,680,S,FR,1,47766,85,8.03,37.440283,-121.890041
403239,Calaveras Blvd on loop,680,S,OR,1,47766,85,8.03,37.440283,-121.890041
403240,Calaveras Blvd rm-s-loop,680,S,ML,5,47766,85,8.03,37.440283,-121.890041
403241,Jacklin Rd off,680,S,FR,1,47766,85,8.48,37.446722,-121.891377
403242,Jacklin Rd on,680,S,OR,1,47766,85,8.48,37.446722,-121.891377
403243,Jacklin Rd rm-s-diag,680,S,ML,4,47766,85,8.48,37.446722,-121.891377
403244,1200' N of Jacklin Rd,680,N,ML,3,47766,85,8.72,37.449973,-121.891948
403245,oppo 1200' N of Jacklin Rd,680,S,ML,5,47766,85,8.72,37.450086,-121.892368
403246,1700' N of Scott Creek Rd,680,N,ML,3,26000,1,10.506,37.471715,-121.909504
403247,1700' N of Scott Creek Rd,680,S,ML,5,26000,1,10.49,37.471574,-121.909912
403250,200' S of E Warren Ave UC,680,N,ML,3,26000,1,11.856,37.489989,-121.917822
403251,200' S OF E WARREN AVE UC,680,S,ML,5,26000,1,11.84,37.489832,-121.918271
403254,Mission Blvd rm-s-coll,680,S,ML,5,26000,1,12.19,37.494036,-121.921808
403258,N of Malcolm Rd,101,N,ML,5,9066,81,419.717,37.598847,-122.374424
403259,N OF MALCOLM RD,101,S,ML,5,9066,81,419.753,37.598722,-122.37472
403260,3rd Ave on,101,N,OR,2,68252,81,415.772,37.572291,-122.315385
403261,E 3rd Ave rm-n-diag,101,N,ML,5,68252,81,415.736,37.571899,-122.314952
403262,oppo 3rd Ave rm-n-diag,101,S,ML,5,68252,81,415.603,37.569931,-122.313095
403263,Coleman Ave off,880,N,FR,2,68000,85,2.72,37.349102,-121.917563
403264,Coleman Ave on loop,880,S,OR,2,68000,85,2.72,37.349229,-121.917686
403265,Coleman Ave rm-s-loop,880,S,ML,3,68000,85,2.72,37.349229,-121.917686
403266,,580,W,ML,3,68364,41,75.712,37.95535,-122.5003
403270,4A5334 loc 109,101,N,ML,2,33056,97,503.095,38.602528,-122.866119
403271,4A5334 loc 119,101,N,ML,2,,97,509.085,38.683676,-122.880666
403272,SR4 off,80,W,FR,1,33308,13,23.523,38.016727,-122.267886
403273,SR4 on fly/diag,80,E,OR,2,33308,13,23.533,38.016757,-122.267652
403276,California St/Spring,80,E,ML,4,,13,24.606,38.029324,-122.255991
403277,Cummings Skywy off,80,W,FR,1,,13,26.093,38.045274,-122.238047
403278,Cummings Skywy on,80,E,OR,2,,13,26.093,38.045336,-122.23769
403286,E Poplar Ave on,101,S,OR,1,68252,81,416.503,37.579812,-122.323831
403287,peninsula ave off,101,N,FR,2,68252,81,416.927,37.584932,-122.329148
403288,peninsula ave on,101,N,OR,2,68252,81,417.117,37.586468,-122.331956
403289,Broadway off,101,S,FR,2,9066,81,418.963,37.591468,-122.363534
403290,Broadway on,101,S,OR,2,9066,81,418.713,37.589175,-122.359999
403295,Broadway on,101,N,OR,3,9066,81,419.037,37.592586,-122.364865
403300,Stoneridge Dr on,680,S,OR,2,57792,1,29.217,37.695811,-121.920862
403303,4A5334 loc (68) / 68A,101,S,ML,3,,97,477.534,38.290369,-122.694299
403305,Cummings Skywy off,80,E,FR,1,,13,25.993,38.044364,-122.239069
403306,Cummings Skywy on,80,W,OR,1,,13,25.993,38.044315,-122.239419
403311,Seaport Blvd on,101,N,OR,2,60102,81,407.957,37.491388,-122.218882
403312,N of Lincoln Ave,101,S,ML,5,68364,41,453.045,37.991112,-122.529804
403313,oppo N of Lincoln Ave,101,N,ML,6,68364,41,453.713,37.991151,-122.529622
403316,Bell st ped oc,101,S,ML,4,68364,41,452.015,37.978421,-122.520802
403317,Bell st ped oc,101,N,ML,5,68364,41,452.683,37.9784,-122.52052
403318,3000' S of Canada rd oc,280,N,ML,4,86440,81,28.037,37.453878,-122.28392
403319,3000' S of Canada rd oc,280,S,ML,4,86440,81,28.037,37.45368,-122.284145
403320,3000' N of Hayne rd oc,280,N,ML,4,,81,37.556,37.556776,-122.38004
403321,3000' N of Hayne rd oc,280,S,ML,4,,81,37.556,37.556566,-122.380222
403322,Larkspur ave on,280,N,OR,1,47486,81,41.186,37.597201,-122.420373
403323,Larkspur ave on-n-diag,280,N,ML,4,47486,81,41.156,37.596885,-122.420006
403324,Larkspur ave on-n-diag,280,S,ML,4,47486,81,41.156,37.596664,-122.420151
403325,Hickey blvd off,280,N,FR,1,17918,81,46.52,37.660583,-122.464341
403326,Hickey Blvd on,280,S,OR,1,17918,81,46.56,37.661131,-122.465151
403327,oppo Hickey blvd off-n-diag,280,N,ML,4,17918,81,46.42,37.659508,-122.46315
403328,oppo Hickey blvd off-n-diag,280,S,ML,4,17918,81,46.42,37.659478,-122.463677
403329,Camden Ave rm-n-loop,17,N,ML,3,10340,85,23.023,37.270267,-121.947353
403330,Vargas rd off,680,S,FR,1,26000,1,17.577,37.555189,-121.916278
403331,Vargas rd on,680,S,OR,1,26000,1,17.577,37.555189,-121.916278
403332,Vargas rd rm-s-diag,680,S,ML,4,26000,1,17.577,37.555189,-121.916278
403333,Sheridan rd on,680,S,OR,1,,1,18.357,37.562099,-121.905591
403334,Sheridan rd rm-s-diag,680,S,ML,5,,1,18.357,37.562099,-121.905591
403335,Andrade rd off,680,S,FR,1,,1,19.757,37.574508,-121.885487
403336,Andrade rd on,680,S,OR,1,,1,19.757,37.574508,-121.885487
403337,Andrade rd rm-s-diag,680,S,ML,4,,1,19.757,37.574508,-121.885487
403338,900' N of Andrade rd,680,S,ML,4,,1,20.017,37.576,-121.881123
403339,Paloma Rd on,680,S,OR,1,,1,20.977,37.587334,-121.871779
403340,Paloma rd rm-s-diag,680,S,ML,4,,1,20.947,37.586937,-121.871989
403344,Sunol Blvd off,680,S,FR,1,57792,1,25.447,37.647235,-121.891807
403345,Sunol Blvd on,680,S,OR,1,,1,25.397,37.646676,-121.891218
403346,Sunol Blvd rm-s-loop,680,S,ML,3,,1,25.397,37.646676,-121.891218
403347,Bernal Ave off,680,S,FR,1,57792,1,26.757,37.662002,-121.906857
403348,Bernal Ave on,680,S,OR,2,57792,1,26.757,37.662002,-121.906857
403349,Bernal Ave rm-s-diag,680,S,ML,3,57792,1,26.757,37.662002,-121.906857
403351,Stoneridge Dr off,680,S,FR,2,57792,1,29.557,37.700521,-121.922721
403390,Isabel Ave on diag,580,W,OR,2,41992,1,30.364,37.700935,-121.803366
403391,Isabel Ave rm-w-diag,580,W,ML,5,41992,1,30.324,37.700926,-121.802636
403392,Isabel Ave on loop,580,W,OR,3,41992,1,30.204,37.700917,-121.800445
403393,Isabel Ave rm-w-loop,580,W,ML,4,41992,1,30.254,37.700919,-121.801358
403394,Isabel Ave off,580,W,FR,2,41992,1,30.034,37.700896,-121.797342
403395,Isabel Ave on loop,580,E,OR,2,41992,1,30.192,37.700683,-121.802968
403396,Isabel Ave rm-e-loop,580,E,ML,6,41992,1,30.192,37.700683,-121.802968
403397,Isabel Ave off,580,E,FR,2,41992,1,30.372,37.700719,-121.806253
403398,Isabel Ave on diag,580,E,OR,3,41992,1,30.062,37.700657,-121.800596
403399,Isabel Ave rm-e-diag,580,E,ML,6,41992,1,30.112,37.700666,-121.801508
403400,S 11th St on,280,S,OR,2,68000,85,1.29,37.328484,-121.870843
403401,S 11th St rm-s-diag,280,S,ML,4,68000,85,1.29,37.328484,-121.870843
403402,oppo S 11th St rm-s-diag,280,N,ML,5,68000,85,1.29,37.32872,-121.870796
403403,S 7th St on,280,S,OR,2,68000,85,1.52,37.327807,-121.874899
403404,S 7th St rm-s-diag,280,S,ML,4,68000,85,1.52,37.327807,-121.874899
403405,S 1st St on,280,S,OR,1,68000,85,2.01,37.32592,-121.883314
403406,S 1st St rm-s-loop,280,S,ML,5,68000,85,2.01,37.32592,-121.883314
403407,NB 87 on,280,S,OR,1,68000,85,2.44,37.324015,-121.890673
403408,SB 87 on,280,S,OR,2,68000,85,2.45,37.323982,-121.89085
403409,NB 87/SB 87 rm-s-,280,S,ML,5,68000,85,2.44,37.324015,-121.890673
403410,Bird Ave on,280,S,OR,1,68000,85,2.84,37.32243,-121.89764
403411,Bird Ave off,280,S,FR,1,68000,85,2.84,37.32243,-121.89764
403412,Bird Ave rm-s-diag,280,S,ML,4,68000,85,2.84,37.32243,-121.89764
403413,Southwest Expwy/Meridian Av on,280,S,OR,2,68000,85,3.92,37.314844,-121.913648
403414,Southwest Expwy/Meridian Ave,280,S,ML,4,68000,85,3.92,37.314844,-121.913648
403415,Meridian Ave off loop,280,S,FR,1,68000,85,3.92,37.314844,-121.913648
403416,Meridian Ave off diag,280,S,FR,1,68000,85,3.94,37.314945,-121.913988
403417,Meridian off coll,280,S,FR,1,68000,85,4.38,37.316766,-121.921548
403418,Menker Ave on,280,S,OR,2,68000,85,4.38,37.316766,-121.921548
403419,Menker Ave rm-s-diag,280,S,ML,4,68000,85,4.38,37.316766,-121.921548
403453,Manuel Campos pkwy/N Texas st,80,E,FR,2,23182,95,48.583,38.297681,-122.033827
403454,Manuel Campos pkwy/N Texas st,80,E,OR,2,23182,95,48.493,38.296379,-122.033862
403455,Manuel Campos pkwy/N Texas st,80,E,ML,5,23182,95,48.493,38.296379,-122.033862
403456,Menker Ave on,280,N,OR,1,68000,85,4.54,37.316969,-121.924481
403458,1800' E of Calfiornia St OC,80,E,ML,4,,13,25.002,38.033961,-122.251633
403459,1800' E of Calfiornia St OC,80,W,ML,4,,13,24.999,38.033934,-122.251887
403460,W of Cummings Skywy,80,E,ML,4,,13,25.763,38.042156,-122.242272
403461,oppo W of Cummings Skywy,80,W,ML,4,,13,25.77,38.042178,-122.242478
403471,Granite Creek /Santa's Village,17,N,ML,2,70588,87,5.45,37.06113,-122.004466
403475,Granite Creek /Santa's Village,17,S,ML,2,70588,87,5.45,37.061194,-122.004672
403710,Mission Blvd on diag,680,S,FR,1,26000,1,12.19,37.494036,-121.921808
403719,Mission Blvd on,680,S,OR,2,26000,1,12.19,37.494036,-121.921808
403901,NB 1 on,280,S,OR,1,17918,81,47.64,37.675831,-122.470236
403902,John Daly Blvd rm-s-diag,280,S,ML,3,17918,81,49.55,37.702855,-122.472093
403903,John Daly Blvd on,280,S,OR,2,17918,81,49.55,37.702855,-122.472093
403904,Avalon Dr rm-s-diag,280,S,ML,4,65028,81,44.504,37.638284,-122.440981
403905,Avalon Dr on,280,S,OR,2,65028,81,44.504,37.638284,-122.440981
403906,Westborough Blvd rm-s-diag,280,S,ML,4,73262,81,45.12,37.644736,-122.448925
403907,Westborough Blvd on,280,S,OR,2,73262,81,45.1,37.644515,-122.448684
403908,Hickey Blvd rm-s-diag,280,S,ML,4,17918,81,46.65,37.662373,-122.465652
403909,Hickey Blvd on,280,S,OR,2,17918,81,46.65,37.662373,-122.465652
403910,NB 1 rm-s-diag,280,S,ML,4,17918,81,47.64,37.675831,-122.470236
403946,Willow Ave rm-e-diag,80,E,ML,4,,13,24.139,38.023822,-122.261076
403976,Lark ave off,17,N,FR,1,44112,85,21.473,37.249891,-121.959126
403979,Lark Ave off,17,S,FR,2,44112,85,21.473,37.249976,-121.959331
403981,Lark Ave on,17,S,OR,1,44112,85,21.473,37.249976,-121.959331
403982,N85 conn,17,S,OR,1,44112,85,21.953,37.2563,-121.955559
403984,Pleasant Hill Rd off loop,24,E,FR,1,39122,13,12.108,37.897587,-122.094474
403985,Pleasant Hill Rd on diag,24,E,OR,2,39122,13,12.128,37.8976,-122.09411
403986,Mt Diablo Blvd on,24,W,OR,1,,13,13.298,37.896385,-122.074227
403987,SB 680,24,W,FF,2,,13,13.298,37.896385,-122.074227
403998,Ashby ave off-e-diag,80,E,ML,5,22594,1,9.697,37.846189,-122.298192
404002,SR 37 conn-e-fly/diag,80,E,FF,3,81666,95,32.932,38.136531,-122.221583
404017,Taylor St off,87,N,FR,2,68000,85,6.7,37.344411,-121.902181
404028,Taylor St on,87,S,OR,3,68000,85,6.69,37.344302,-121.902123
404353,Railroad Ave on,4,E,OR,3,57456,13,22.861,38.016161,-121.886863
404354,Bailey Rd on,4,E,OR,2,,13,19.794,38.018708,-121.941653
404355,Bailey Rd off,4,E,FR,1,,13,19.794,38.018708,-121.941653
404356,4A5354 LOC 5. Crockett Ave,4,E,ML,2,,13,5.199,38.015867,-122.182664
404360,oppo Bailey Rd rm-e-diag,4,W,ML,5,,13,19.728,38.019098,-121.942678
404361,Bailey rd off diag,4,W,FR,1,,13,19.728,38.019098,-121.942678
404365,800' S of the SCl county line,17,N,ML,2,,87,12.4,37.141139,-121.98489
404370,Hamilton Ave rm-n-diag,17,N,ML,4,10340,85,25.013,37.296028,-121.939132
404378,Lark Ave. rm-s-loop,17,S,ML,3,44112,85,21.473,37.249976,-121.959331
404388,oppo Georgia St on-w-diag,80,E,ML,3,81666,95,30.422,38.101812,-122.229656
404390,Between Redwood Rd/Tennesse St,80,E,ML,3,81666,95,31.452,38.116649,-122.230024
404391,Auto Mall Pkwy rm-e-diag,80,E,ML,5,23182,95,44.383,38.247249,-122.074294
404392,Hilltop Dr on diag,80,E,OR,2,60620,13,19.533,37.979209,-122.317341
404400,oppo SFOBB MLM station CD,80,E,ML,6,53000,1,6.74,37.822124,-122.323635
404401,oppo Pomona St on-w-diag,80,E,ML,3,,13,26.835,38.052579,-122.227498
404402,Willow Ave on,80,E,OR,1,,13,24.123,38.023633,-122.261248
404403,Willow Ave off,80,E,FR,1,,13,24.123,38.023633,-122.261248
404405,Hilltop Dr off,80,W,FR,1,60620,13,19.433,37.977848,-122.317922
404407,Pomona St rm-w-diag,80,W,ML,4,,13,26.86,38.052683,-122.227605
404408,Georgia St on-w-diag,80,W,ML,3,81666,95,30.282,38.099842,-122.229874
404409,Between Redwood Rd/Tennesse St,80,W,ML,3,81666,95,31.452,38.116679,-122.230224
404410,Redwood St rm-w-diag,80,W,ML,3,81666,95,31.842,38.122301,-122.230238
404413,Rockville rd rm-w-diag,80,W,ML,5,23182,95,44.573,38.248687,-122.071376
404415,SFOBB MLM station AB,80,W,ML,5,53000,1,6.53,37.821688,-122.327712
404416,"1400' E of Bay Bridge ""CD""",80,W,ML,5,53000,1,6.74,37.822342,-122.323875
404430,Bernal Rd on loop,85,N,OR,2,68000,85,0.11,37.241636,-121.767999
404431,Great Oaks Blvd/Monterey Hwy,85,N,OR,2,68000,85,0.81,37.240325,-121.782062
404432,SB 101 on,85,N,OR,2,68000,85,0.57,37.24082,-121.778693
404438,Bernal Rd on diag,85,N,OR,2,68000,85,0.22,37.241688,-121.772849
404439,Bernal Rd rm-n-diag,85,N,ML,3,68000,85,0.22,37.241688,-121.772849
404442,oppo NB 101/Bernal Rd,85,S,ML,1,68000,85,0.1,37.241444,-121.769405
404443,NB 101 on,85,N,OR,2,68000,85,0.1,37.241625,-121.7675
404448,Bernal Rd rm-n-diag,85,S,ML,3,68000,85,0.22,37.241502,-121.772811
404449,Bernal Rd off,85,S,FR,1,68000,85,0.22,37.241502,-121.772811
404451,oppo Capitol expwy rm-s-diag,87,N,ML,3,68000,85,1.23,37.27263,-121.862544
404452,1600' N of Hillsdale Ave,87,N,ML,2,68000,85,2.12,37.284773,-121.867709
404453,600' S of Alma Ave,87,N,ML,3,68000,85,4.0,37.309111,-121.882596
404461,600' S of Alma Ave,87,S,ML,4,68000,85,3.99,37.309012,-121.882518
404462,Capitol expwy rm-s-diag,87,S,ML,3,68000,85,1.23,37.272658,-121.862556
404513,Bernal Rd on,101,N,OR,1,68000,85,376.491,37.245818,-121.775473
404517,San Tomas Expwy off,101,N,FR,1,68000,85,391.717,37.382586,-121.965617
404519,Blossom Hill Rd rm-n-diag,101,N,ML,4,68000,85,378.037,37.25906,-121.797947
404520,S of Sierra Point Pkwy/Lagoon,101,N,ML,4,8310,81,426.957,37.689373,-122.390539
404521,San Tomas Expwy  rm-n-loop,101,N,ML,4,68000,85,391.717,37.382586,-121.965617
404522,NB 101 to WB 237 I/C,101,N,ML,4,77000,85,395.827,37.400972,-122.036547
404528,Blanken Ave,101,N,ML,4,67000,75,428.464,37.710864,-122.395412
404529,San Francisquito Cr,101,N,ML,5,20970,81,402.237,37.45328,-122.12842
404531,S of Maple st OC,101,N,ML,5,60102,81,408.017,37.491812,-122.219838
404532,N of Redwood Creek,101,N,ML,5,60102,81,408.387,37.49432,-122.225804
404533,N of Addison Ave,101,N,ML,4,20970,81,403.627,37.46526,-122.148841
404534,N of Henderson Ave.,101,N,ML,5,46870,81,404.497,37.472754,-122.161627
404535,Blossom Hill Rd on,101,N,OR,2,68000,85,378.041,37.259108,-121.797987
404536,San Tomas Expwy on loop,101,N,OR,2,68000,85,391.717,37.382586,-121.965617
404545,SB 85 on,101,S,OR,2,,85,376.087,37.241836,-121.769232
404546,Bernal Rd on,101,S,OR,2,,85,376.097,37.241919,-121.76938
404547,oppo Bernal Rd rm-n-diag,101,S,ML,4,68000,85,376.527,37.245551,-121.775718
404548,Bernal Rd off,101,S,FR,2,68000,85,376.527,37.245551,-121.775718
404550,Blossom Hill Rd off,101,S,FR,3,68000,85,378.461,37.263923,-121.80105
404551,Fair Oaks Ave off diag,101,S,FR,1,77000,85,394.543,37.395734,-122.013489
404552,Ellis St off,101,S,FR,1,49670,85,397.323,37.406628,-122.062152
404553,Fair Oaks Ave rm-s-loop,101,S,ML,4,77000,85,394.543,37.395734,-122.013489
404558,oppo San Francisquito Cr,101,S,ML,5,55282,81,402.263,37.453032,-122.128402
404559,N of Addison Ave,101,S,ML,4,20970,81,403.663,37.465121,-122.148973
404560,oppo N of Henderson Ave.,101,S,ML,5,46870,81,404.533,37.472595,-122.161772
404561,Oregon Expwy rm-s-diag,101,S,ML,4,55282,85,401.563,37.445696,-122.119856
404563,EMBARCADERO RD  RM-S-COLL,101,S,ML,4,55282,85,401.623,37.446362,-122.120546
404565,Fair Oaks Ave on loop,101,S,OR,2,77000,85,394.543,37.395734,-122.013489
404566,Oregon Expwy on diag,101,S,OR,3,55282,85,401.563,37.445696,-122.119856
404569,Blanken Ave,101,S,ML,4,67000,75,428.5,37.710838,-122.395652
404572,N of Marsh Rd,101,S,ML,5,60102,81,406.913,37.486799,-122.200441
404573,S of Maple st OC,101,S,ML,5,60102,81,408.053,37.49171,-122.220042
404574,N of Redwood Creek,101,S,ML,5,60102,81,408.423,37.494154,-122.225964
404575,S of Sierra Point Pkwy/Lagoon,101,S,ML,4,8310,81,426.993,37.689407,-122.390851
404585,Fair Oaks Ave. off-e-diag,237,E,ML,3,77000,85,3.907,37.406298,-122.011605
404586,oppo Fair Oaks Ave. off-e-diag,237,W,ML,3,77000,85,3.907,37.406475,-122.011621
404617,Sickles Ave UC,280,N,ML,4,67000,75,50.781,37.711252,-122.454834
404618,1000' S of San Jose Ave OC,280,N,ML,4,67000,75,51.481,37.719431,-122.448259
404640,SB & NB 85,280,S,ML,4,17610,85,11.842,37.333349,-122.050857
404647,oppo Sickles Ave UC,280,S,ML,4,67000,75,50.793,37.711347,-122.455028
404648,oppo 1000' S of San Jose Ave,280,S,ML,5,67000,75,51.493,37.719675,-122.448467
404683,Newell ave,680,N,ML,5,83346,13,44.812,37.889161,-122.057599
404684,Buskirk Ave rm-n-diag,680,N,ML,6,83346,13,48.292,37.932612,-122.060086
404690,1900' N of Arthur Rd UC,680,N,ML,4,,13,54.665,38.014321,-122.091647
404692,3100' S of Lake Herman Rd,680,N,ML,2,5290,95,59.883,38.074753,-122.122338
404694,Olympic Blvd rm-n-diag,680,N,ML,3,,13,45.592,37.89526,-122.069583
404696,Oak Park Rd/Coggins Dr,680,N,ML,6,83346,13,48.302,37.932757,-122.060083
404703,Truck scale on,680,N,OR,1,83346,13,47.902,37.926965,-122.060431
404704,Buskirk Ave on,680,N,OR,1,83346,13,48.292,37.932612,-122.060086
404705,Olympic Blvd on,680,N,OR,2,,13,45.592,37.89526,-122.069583
404706,Buskirk Ave coll,680,N,OR,2,83346,13,47.892,37.926822,-122.060446
404707,Oak Park Rd/Coggins Dr on,680,N,OR,1,83346,13,48.302,37.932757,-122.060083
404709,3100' S of Lake Herman Rd,680,S,ML,2,5290,95,59.988,38.074908,-122.12242
404728,Pacheco Blvd on ramp,680,S,ML,4,,13,54.145,38.007901,-122.085323
404730,1900' N of Arthur Rd UC,680,S,ML,4,,13,54.715,38.01434,-122.091872
404736,Pacheco Rd on,680,S,OR,1,,13,54.145,38.007901,-122.085323
404745,EB 780,80,W,ML,3,81666,95,29.542,38.089363,-122.231409
404746,Union St on-n-diag,880,N,ML,4,53000,1,42.987,37.802221,-122.294876
404753,oppo NB 101 rm-s-loop,101,N,ML,5,68000,85,388.007,37.364689,-121.902989
404759,NB 101 rm-s-loop,880,S,ML,4,68000,85,4.13,37.365167,-121.901551
404761,oppo Union St on-n-diag,880,S,ML,4,53000,1,42.987,37.801995,-122.294885
404873,oppo Bailey Rd rm-w-diag,4,E,ML,4,,13,19.994,38.018714,-121.938703
404877,Bailey Rd rm-w-diag,4,W,ML,4,,13,19.928,38.019108,-121.939005
404883,SFOBB East Span,80,W,ML,5,67000,75,4.7,37.814051,-122.359471
404884,SFOBB East Span,80,W,ML,5,67000,75,4.91,37.815201,-122.355938
404885,SFOBB East Span,80,E,ML,5,67000,75,5.09,37.816129,-122.352728
404886,SFOBB East Span,80,E,ML,5,67000,75,4.78,37.814439,-122.357984
404887,SFOBB East Span,80,W,ML,5,67000,75,5.19,37.816738,-122.351227
404888,SFOBB East Span,80,W,ML,5,67000,1,5.38,37.817784,-122.34803
404890,SFOBB East Span,80,W,ML,5,53000,1,5.67,37.819267,-122.343098
404891,SFOBB East Span,80,E,ML,5,67000,75,5.29,37.817238,-122.349345
404892,SFOBB East Span,80,E,ML,5,53000,1,5.77,37.819507,-122.34108
404893,SFOBB East Span,80,W,ML,5,53000,1,5.87,37.819855,-122.33953
404895,SFOBB RTMS East Span,80,W,ML,5,53000,1,6.15,37.820638,-122.334519
404896,SFOBB East Span,80,E,ML,5,67000,75,4.56,37.813047,-122.36157
404897,SFOBB East Span,80,E,ML,5,53000,1,6.22,37.820771,-122.332998
404898,SFOBB East Span,80,E,ML,5,53000,1,6.37,37.821192,-122.330304
404905,SFOBB East Span,80,W,ML,5,67000,75,5.09,37.816189,-122.352909
404906,SFOBB East Span,80,E,ML,5,67000,75,5.19,37.816684,-122.351037
404907,SFOBB East Span,80,W,ML,5,67000,75,5.28,37.817231,-122.349713
404908,SFOBB East Span,80,E,ML,5,67000,1,5.39,37.817795,-122.347656
404909,SFOBB East Span,80,W,ML,5,67000,1,5.48,37.81834,-122.346347
404910,SFOBB East Span,80,E,ML,5,53000,1,5.67,37.819207,-122.342869
404911,SFOBB East Span,80,W,ML,5,53000,1,5.77,37.819575,-122.34132
404912,SFOBB East Span,80,E,ML,5,53000,1,5.88,37.819816,-122.339104
404913,SFOBB East Span,80,W,ML,5,53000,1,6.0,37.820219,-122.337204
404914,SFOBB East Span,80,E,ML,5,53000,1,6.16,37.820603,-122.334075
404915,SFOBB East Span,80,W,ML,5,53000,1,6.22,37.82083,-122.333266
404916,SFOBB East Span,80,W,ML,5,53000,1,6.37,37.821241,-122.330579
404917,SFOBB East Span,80,W,ML,5,53000,1,6.46,37.82149,-122.328967
404918,SFOBB East Span,80,W,ML,5,67000,75,4.48,37.812318,-122.362743
404919,YBI Macalla Rd off,80,W,FR,1,67000,75,4.52,37.812723,-122.362231
404920,SFOBB East Span,80,W,ML,5,67000,75,4.59,37.813382,-122.361274
404921,SFOBB East Span,80,E,ML,5,67000,75,4.7,37.814005,-122.359342
404922,SFOBB East Span,80,W,ML,5,67000,75,4.8,37.814597,-122.357787
404923,SFOBB East Span,80,E,ML,5,67000,75,4.89,37.815028,-122.356114
405029,Central Ave off-e-loop,580,E,ML,3,60620,13,64.194,37.899906,-122.314019
405034,Central Ave off-eloop,580,W,ML,3,60620,13,64.104,37.899694,-122.313589
405046,NB 680 rm-e-diag,4,E,ML,2,,13,12.488,37.995123,-122.067914
405047,NB 680 on diag,4,E,OR,1,,13,12.488,37.995123,-122.067914
405140,SR-37,101,N,FF,1,52582,41,460.373,38.080244,-122.546266
405141,SR-37 conn,101,N,FF,2,52582,41,460.033,38.076333,-122.54237
405149,SR-37 conn,101,S,FF,1,52582,41,459.605,38.078947,-122.545253
405150,SR-37 conn-s-diag,101,S,FF,1,52582,41,459.835,38.081498,-122.547963
405248,SR-37 on,101,N,OR,2,52582,41,460.513,38.081799,-122.547922
405259,SR-37 on,101,S,OR,3,,41,459.375,38.076339,-122.542659
405269,Willow Pass Rd (Bay Point),4,E,ML,4,,13,18.294,38.023366,-121.968953
405270,Solano Wy rm-e-diag,4,E,ML,2,,13,13.514,38.001389,-122.050932
405271,Willow Pass Rd (Bay Point),4,E,OR,1,,13,18.694,38.022046,-121.96199
405274,Willow Pass Rd (Bay Point),4,W,ML,4,,13,18.228,38.023805,-121.969427
405275,Willow Pass Rd (Bay Point),4,W,ML,4,,13,18.608,38.022488,-121.962645
405276,Willow Pass Rd (Bay Point),4,W,ML,4,,13,18.448,38.023048,-121.965504
405279,Blossom Hill Rd OC,17,N,ML,2,44112,85,20.253,37.235009,-121.97043
405281,Blossom Hill Rd OC,17,S,ML,2,44112,85,20.253,37.235056,-121.970625
405323,SB 280 conn-e-fly,92,E,FF,1,,81,8.056,37.507076,-122.338323
405324,NB 280 conn-e-diag,92,E,FF,1,,81,8.066,37.507109,-122.338144
405356,NB 280 conn-w-diag,92,W,FF,1,,81,8.056,37.507265,-122.338394
405357,SB 280 conn-w-fly,92,W,FF,2,,81,8.066,37.507295,-122.338218
405367,Between SR-37 and Rowland Blvd,101,N,ML,4,52582,41,460.863,38.085672,-122.552052
405368,Rowland Blvd off,101,N,FR,2,52582,41,461.293,38.090439,-122.557074
405369,oppo Rowland Blvd rm-s-diag,101,N,ML,4,52582,41,461.323,38.090765,-122.557424
405371,Atherton Ave on,101,N,OR,2,,41,463.373,38.119079,-122.565146
405372,De Long Blvd off,101,N,FR,1,52582,41,462.253,38.10325,-122.56161
405373,oppo De Long Blvd rm-s-diag,101,N,ML,4,52582,41,462.333,38.10438,-122.561855
405374,De Long Blvd rm-n-diag,101,N,ML,4,52582,41,462.503,38.106734,-122.562684
405375,De Long Blvd on,101,N,OR,1,52582,41,462.503,38.106734,-122.562684
405376,Atherton Ave off,101,N,FR,1,,41,463.113,38.115365,-122.564594
405377,oppo Atherton Ave rm-s-diag,101,N,ML,4,,41,463.183,38.116364,-122.56475
405384,Atherton Ave rm-n-diag,101,N,ML,3,,41,463.373,38.119079,-122.565146
405385,Rowland Blvd on,101,N,OR,2,52582,41,461.613,38.094103,-122.560474
405386,Rowland Blvd rm-n-diag,101,N,ML,4,52582,41,461.613,38.094103,-122.560474
405389,oppo between SR-37 & Rowland,101,S,ML,4,52582,41,460.195,38.085479,-122.552218
405390,Rowland Blvd rm-s-diag,101,S,ML,4,52582,41,460.645,38.090475,-122.55751
405391,Rowland Blvd on,101,S,OR,3,52582,41,460.655,38.090587,-122.557627
405394,oppo Atherton Ave rm-n-diag,101,S,ML,3,,41,462.705,38.11891,-122.565434
405395,De Long Blvd rm-s-diag,101,S,ML,3,52582,41,461.665,38.104329,-122.562181
405396,De Long Blvd on,101,S,OR,2,52582,41,461.645,38.104065,-122.562106
405397,De Long Blvd off,101,S,FR,1,52582,41,461.855,38.106916,-122.563062
405398,oppo De Long Blvd rm-n-diag,101,S,ML,3,52582,41,461.835,38.106641,-122.562964
405399,Atherton Ave rm-s-diag,101,S,ML,3,,41,462.515,38.116211,-122.565038
405404,Atherton Ave on,101,S,OR,2,,41,462.515,38.116211,-122.565038
405405,Rowland Blvd off,101,S,FR,1,52582,41,460.945,38.093999,-122.560733
405406,oppo Rowland Blvd rm-n-diag,101,S,ML,4,52582,41,460.945,38.093999,-122.560733
405407,Atherton Ave off,101,S,FR,1,,41,462.715,38.119052,-122.565455
405420,Olivera Rd on loop,242,S,OR,1,16000,13,3.079,37.997906,-122.038529
405421,Olivera Rd on diag,242,S,OR,1,16000,13,3.069,37.997771,-122.03856
405426,McLaughlin Ave on loop,280,N,OR,1,68000,85,0.47,37.335685,-121.858776
405428,McLaughlin Ave on diag,280,N,OR,1,68000,85,0.48,37.335596,-121.858919
405444,SB 680 conn,4,W,OR,1,,13,12.189,37.993908,-122.07206
405450,EB 80 HOVl split,80,E,ML,3,53000,1,8.61,37.830413,-122.293447
405451,WB 580 conn,80,E,FF,2,53000,1,8.61,37.830413,-122.293447
405529,S Sierra Point Pkwy off,101,N,FR,1,73262,81,425.607,37.670645,-122.391877
405569,Almaden Expwy on,87,N,OR,3,68000,85,3.54,37.303458,-121.878143
405581,SB 160 on,4,W,OR,2,2252,13,29.842,37.991095,-121.762546
405583,SB 680,4,W,ML,2,,13,12.189,37.993908,-122.07206
405586,800' S of the SCl County Line,17,S,ML,2,,87,12.4,37.140242,-121.984686
405589,Ashby Ave rm-e-diag,80,E,ML,5,6000,1,9.91,37.849265,-122.298899
405602,Ashby ave rm-w-fly,80,W,ML,5,22594,1,9.7,37.846565,-122.298515
405613,SB 85 rm-n-fly,87,N,ML,2,68000,85,0.18,37.258077,-121.858418
405617,SB 85 conn fly,87,N,OR,2,68000,85,0.18,37.258077,-121.858418
405619,1600' N of Hillsdale Ave,87,S,ML,2,68000,85,2.11,37.284665,-121.867631
405644,De Anza Blvd on-w-diag,92,W,ML,2,68252,81,9.266,37.520707,-122.331612
405673,oppo N of Marsh Rd,101,N,ML,5,60102,81,406.877,37.486916,-122.200187
405679,Woodside Rd rm-n-loop,101,N,ML,4,60102,81,407.897,37.490966,-122.217925
405701,Menker Ave rm-n-slip,280,N,ML,5,68000,85,4.54,37.316969,-121.924481
405706,N Livermore Ave rm-e-diag,580,E,ML,6,,1,28.522,37.700905,-121.772818
405712,Sloan Rd on,580,W,OR,1,53000,1,57.75,37.798454,-122.217098
405735,Hesperian Blvd off,880,N,FR,1,,1,30.297,37.684339,-122.128557
405742,NB 160 conn-e-fly,4,E,ML,3,2252,13,30.112,37.990366,-121.758604
405746,oppo NB 160 conn-e-fly,4,W,ML,3,2252,13,30.062,37.990594,-121.758554
405754,oppo McBryde Ave off-w-diag,80,E,ML,4,60620,13,17.083,37.948086,-122.325699
405763,On Amador St W of McBryde Ave,80,W,ML,4,60620,13,17.077,37.947988,-122.325817
405780,Almaden Expwy off,87,S,FR,1,68000,85,3.53,37.303359,-121.878066
405825,SFIA/San Bruno Ave,101,N,OR,2,,81,422.947,37.636753,-122.403907
405826,Kehoe Ave off,101,N,FR,1,68252,81,414.857,37.562248,-122.304464
405827,Kehoe Ave rm-n-diag,101,N,ML,6,68252,81,414.877,37.562468,-122.304701
405828,Kehoe Ave on,101,N,OR,1,68252,81,414.877,37.562468,-122.304701
405831,EB 380 on,101,N,OR,2,73262,81,423.057,37.638242,-122.40464
405832,S Airport Blvd on,101,N,OR,1,73262,81,423.037,37.637973,-122.404502
405833,N Access Rd on,101,N,OR,1,73262,81,423.047,37.638108,-122.404571
405834,WB 380 conn,101,N,FR,2,,81,422.487,37.6302,-122.402415
405835,SFIA conn to WB 380,101,N,FR,1,,81,422.477,37.630055,-122.402399
405836,SFIA conn to NB 101,101,N,FR,1,,81,422.467,37.62991,-122.402382
405838,Harney Way rm-n-loop,101,N,ML,4,8310,81,427.967,37.703738,-122.393821
405839,Harney Way on,101,N,OR,1,8310,81,428.017,37.704449,-122.393981
405840,Harney Way off,101,N,FR,2,8310,81,427.927,37.70317,-122.39369
405841,S Sierra Point Prkwy rm-n-diag,101,N,ML,4,8310,81,426.067,37.67668,-122.388491
405843,Grand Ave rm-n-fly,101,N,ML,4,73262,81,424.297,37.656031,-122.406484
405844,Grand Ave on,101,N,OR,1,73262,81,424.297,37.656031,-122.406484
405845,3rd Ave off coll,101,N,FR,1,68252,81,415.567,37.570051,-122.31293
405846,S Airport Blvd on,101,N,OR,1,73262,81,423.667,37.646963,-122.406317
405847,3rd Ave off diag,101,N,FR,1,68252,81,415.557,37.569941,-122.312812
405848,oppo 3rd Ave off-n-coll/diag,101,N,ML,5,68252,81,415.567,37.570051,-122.31293
405849,3rd Ave on loop,101,N,OR,1,68252,81,415.587,37.570273,-122.313166
405852,WB 92 on,101,N,OR,2,68252,81,414.147,37.554068,-122.296596
405853,Fashion Island Blvd on,101,N,OR,2,68252,81,414.107,37.553608,-122.29615
405856,SR 92 off,101,N,FR,2,68252,81,413.877,37.550934,-122.293693
405859,WB 92/Fashion Island Blvd,101,N,ML,5,68252,81,414.117,37.553723,-122.296261
405862,N Access Rd off,101,N,FR,1,,81,422.757,37.634102,-122.402969
405863,Millbrae Ave on,101,N,OR,2,,81,420.867,37.609399,-122.390732
405864,S Sierra Point Prkwy on,101,N,OR,1,8310,81,426.087,37.676961,-122.388411
405865,SFIA/San Bruno Ave off,101,S,FR,3,73262,81,423.013,37.63711,-122.404362
405867,Harney wy on,101,S,OR,2,8310,81,428.183,37.70635,-122.394704
405868,Harney wy off,101,S,FR,1,8310,81,428.293,37.707922,-122.395018
405869,WB 380 off,101,S,FR,2,73262,81,423.203,37.639697,-122.405624
405870,oppo Harney Way rm-n-loop,101,S,ML,4,8310,81,427.993,37.703641,-122.394116
405871,N Access Rd off,101,S,FR,1,,81,422.833,37.634606,-122.403377
405872,San Bruno Ave off,101,S,FR,1,,81,422.753,37.633443,-122.403124
405873,SFIA collector,101,S,FR,2,,81,422.743,37.633295,-122.403101
405876,3rd Ave off loop,101,S,FR,1,68252,81,415.613,37.57004,-122.313214
405877,3rd Ave rm-s-coll/diag,101,S,ML,4,68252,81,415.613,37.57004,-122.313214
405878,3rd Ave on coll,101,S,OR,1,68252,81,415.593,37.569821,-122.312976
405879,3rd Ave on diag,101,S,OR,2,68252,81,415.613,37.57004,-122.313214
405880,N Access Rd on,101,S,OR,2,,81,422.773,37.633739,-122.403169
405883,Sierra Point Pkwy off,101,S,FR,1,8310,81,427.183,37.692112,-122.391471
405884,Sierra Point Pkwy on,101,S,OR,1,8310,81,427.043,37.690118,-122.391016
405885,Holly St on,101,S,OR,2,60102,81,410.093,37.508175,-122.249762
405886,EB 92 on,101,S,OR,1,68252,81,413.933,37.551089,-122.29411
405887,San Bruno Ave on,101,S,OR,2,,81,422.493,37.629602,-122.402642
405888,Ralston Ave/Harbor Blvd off,101,S,FR,1,5108,81,411.433,37.522583,-122.266044
405889,Ralston Ave/Harbor Blvd on,101,S,OR,3,5108,81,411.353,37.521724,-122.265071
405890,Fashion Island Blvd on,101,S,OR,2,68252,81,414.053,37.552477,-122.295405
405891,Brittan Ave on,101,S,OR,2,60102,81,409.783,37.504821,-122.246025
405892,Holly St off,101,S,FR,1,60102,81,410.093,37.508175,-122.249762
405893,EB 380 conn,101,S,FF,2,,81,422.503,37.629746,-122.402661
405894,SB 101 coll,101,S,FF,2,,81,422.493,37.629602,-122.402642
405900,S Sierra Point Prkwy rm-n-diag,101,S,ML,4,8310,81,426.083,37.676428,-122.388762
405920,WB 24 conn-n-fly,680,N,FF,3,,13,45.592,37.89526,-122.069583
405924,WB 4 on-n-diag,680,N,ML,5,,13,53.005,37.996163,-122.071677
405930,WB 4 conn-s-loop,680,S,ML,5,,13,52.995,37.995542,-122.071163
405931,W4 on loop,680,S,ML,1,,13,52.995,37.995542,-122.071163
405954,0.373 mi WO Suisun VLY Rd,80,W,FF,2,23182,95,40.595,38.21933,-122.134251
406032,Produce Ave rm-s-diag,101,S,ML,4,73262,81,423.653,37.646215,-122.406517
406033,Produce Ave on,101,S,OR,3,73262,81,423.643,37.646069,-122.406506
406056,3500' E of Willow Pass Rd,4,E,ML,5,,13,17.224,38.018609,-121.98725
406057,Baypoint/San Marco Blvd,4,E,ML,5,,13,18.004,38.023532,-121.97444
406063,oppo 3500' E of Willow pass rd,4,W,ML,5,,13,17.158,38.018935,-121.987574
406064,oppo Baypoint/San Marco Blvd,4,W,ML,5,,13,17.938,38.023842,-121.974729
406065,4A5354 loc 4. Crockett Ave,4,W,ML,2,,13,5.152,38.016016,-122.182669
406151,Yerba Buena Rd  rm-s-diag,101,S,ML,4,,85,380.379,37.290532,-121.80987
406159,Yerba Buena Rd on diag,101,S,OR,1,,85,380.379,37.290532,-121.80987
406289,E Washington St rm-n-loop,101,N,ML,3,56784,97,473.442,38.246753,-122.627323
406290,E Washington St on,101,N,OR,2,56784,97,473.502,38.247285,-122.628341
406296,Grand Ave off,101,N,FR,2,73262,81,424.077,37.652884,-122.406867
406297,S. Airport Blvd off,101,N,FR,2,73262,81,423.647,37.646673,-122.406289
406302,E Washington St rm-s-diag,101,S,ML,3,56784,97,472.744,38.246354,-122.626941
406303,E Washington St off,101,S,FR,1,56784,97,472.864,38.247376,-122.628888
406304,E Washington St on,101,S,OR,2,56784,97,472.734,38.246274,-122.62679
406305,oppo E Washington St rm-n-loop,101,S,ML,4,56784,97,472.984,38.248385,-122.630829
406311,S Airport Blvd off,101,S,FR,1,73262,81,423.893,37.649704,-122.4068
406327,Hopyard Rd off,580,E,FR,1,57792,1,36.672,37.701171,-121.921149
406334,WB 580 conn-n-diag,680,N,FF,1,20018,1,29.948,37.706153,-121.925632
406335,EB 580 conn-n-diag,680,N,FF,1,20018,1,29.838,37.704819,-121.924523
406464,Dublin Blvd on,680,S,OR,2,20018,1,30.347,37.710472,-121.929641
406553,S of Pepper Rd rm-s-diag,101,N,ML,3,,97,477.622,38.285021,-122.68666
406554,Railroad Ave off-n-diag,101,N,ML,3,,97,479.232,38.302089,-122.70673
406555,Railroad Ave off,101,N,FR,1,,97,479.232,38.302089,-122.70673
406556,oppo N of W Siera Ave,101,N,ML,3,,97,480.342,38.316269,-122.714775
406557,N of W Siera Ave,101,N,ML,3,16560,97,480.932,38.324586,-122.712765
406558,S of Rohnert Park Expwy,101,N,ML,4,62546,97,482.052,38.34072,-122.712778
406562,oppo Rohnert Park Expwy,101,N,ML,3,62546,97,482.422,38.346087,-122.712867
406563,Rohnert Park Expwy off,101,N,FR,1,62546,97,482.562,38.348116,-122.712928
406564,Rohnert Park Expwy rm-n-loop,101,N,ML,3,62546,97,482.532,38.347681,-122.712915
406565,Rohnert Park Expwy on,101,N,OR,2,62546,97,482.542,38.347826,-122.712919
406575,S of Pepper Rd rm-s-diag,101,S,ML,3,,97,476.954,38.284547,-122.686388
406576,S of Pepper Rd on,101,S,OR,1,,97,476.954,38.284547,-122.686388
406577,oppo Railroad Ave off-n-diag,101,S,ML,3,,97,478.564,38.301757,-122.706742
406578,N of W Siera Ave,101,S,ML,3,,97,479.674,38.316184,-122.715031
406579,oppo N of W Siera Ave,101,S,ML,3,,97,480.264,38.324642,-122.712993
406581,Rohnert Park Expwy on,101,S,OR,2,62546,97,481.754,38.346176,-122.713111
406586,S of Rohnert Park Expwy,101,S,ML,4,62546,97,481.384,38.340828,-122.713007
406602,Grove Way on-e-diag,580,E,ML,5,,1,44.952,37.691723,-122.0654
406603,Grove Way off diag,580,E,FR,2,,1,44.642,37.693221,-122.060057
406604,oppo Castro Valley,580,E,ML,4,,1,43.992,37.693792,-122.048339
406605,I-680 conn,580,E,ML,4,57792,1,36.992,37.699915,-121.926769
406606,EB 580 to SB 680 off,580,E,FR,1,57792,1,36.862,37.700435,-121.924489
406607,EB 580 to SB 680 off,580,E,FR,1,57792,1,36.872,37.700395,-121.924665
406608,EB 580 to SB 680 off,580,E,FR,1,57792,1,36.992,37.699915,-121.926769
406609,E Daugherty Rd on,580,E,ML,7,57792,1,35.652,37.701469,-121.902607
406613,Castro Valley 238/580 i/c,580,W,ML,3,,1,46.646,37.690798,-122.093072
406614,Castro Valley Rd w off,580,W,ML,4,,1,44.154,37.694015,-122.048603
406615,Castro Valley Rd w off,580,W,FR,1,,1,44.204,37.693822,-122.049459
406628,Loveridge Rd on,4,E,OR,3,57456,13,24.101,38.011247,-121.864952
406635,Willow Pass Rd off (Bay Point),4,E,FR,1,,13,18.294,38.023366,-121.968953
406636,Willow Pass Rd on loop,4,E,OR,1,,13,18.434,38.022944,-121.966592
406642,Willow Pass Rd on diag (BP),4,W,OR,2,,13,18.228,38.023805,-121.969427
406643,Willow Pass Rd on (Bay Point),4,W,OR,1,,13,18.458,38.023014,-121.965323
406644,Willow Pass Rd off (Bay Point),4,W,FR,1,,13,18.618,38.022452,-121.962465
406652,oppo San Pablo Dam Rd,80,E,ML,4,60620,13,17.533,37.954251,-122.328788
406657,Ashby Ave on,80,W,OR,3,22594,1,9.74,37.847128,-122.298642
406658,Powell St on,80,W,OR,2,22594,1,9.21,37.839668,-122.297004
406659,University Ave on,80,W,OR,2,6000,1,11.16,37.866963,-122.303994
406660,San Pablo Dam Rd rm-w-diag,80,W,ML,4,60620,13,17.533,37.954132,-122.3289
406684,Industrial Blvd off,92,E,FR,1,33000,1,24.507,37.630956,-122.112459
406685,Industrial Blvd rm-e-loop,92,E,ML,3,33000,1,24.527,37.631102,-122.112144
406686,Industrial Blvd on,92,E,OR,2,33000,1,24.627,37.63185,-122.110585
406687,Clawiter Rd off,92,E,FR,1,33000,1,23.877,37.627408,-122.123036
406688,Clawiter Rd rm-e-loop,92,E,ML,3,33000,1,23.947,37.627801,-122.121868
406689,Clawiter Rd on,92,E,OR,2,33000,1,23.947,37.627801,-122.121868
406694,Hesperian Blvd on,92,E,OR,2,33000,1,25.367,37.636947,-122.098741
406695,Hesperian Blvd rm-e-diag,92,E,ML,2,33000,1,25.367,37.636947,-122.098741
406696,Hesperian Blvd off,92,E,FR,1,33000,1,25.177,37.635501,-122.101672
406712,Clawiter Rd off,92,W,FR,1,33000,1,23.977,37.628164,-122.121409
406713,Clawiter Rd rm-w-loop,92,W,ML,4,33000,1,24.067,37.628674,-122.119903
406714,Clawiter Rd on,92,W,OR,2,33000,1,24.067,37.628674,-122.119903
406715,Industrial Blvd off,92,W,FR,1,33000,1,24.677,37.632433,-122.109896
406716,Industrial Blvd rm-w-diag,92,W,ML,4,33000,1,24.527,37.631299,-122.112219
406717,Industrial Blvd on,92,W,OR,2,33000,1,24.527,37.631299,-122.112219
406718,Hesperian Blvd off,92,W,FR,2,33000,1,25.337,37.636822,-122.099281
406719,Hesperian Blvd rm-w-diag,92,W,ML,4,33000,1,25.177,37.635671,-122.101773
406720,Hesperian Blvd on,92,W,OR,2,33000,1,25.147,37.63549,-122.10227
406766,Foothill / Castro Valley Blvd,238,N,ML,3,,1,14.293,37.690532,-122.091359
406767,Foothill / Castro Valley Blvd,238,S,ML,3,,1,14.293,37.690259,-122.089852
406788,Kelly Rd,12,E,ML,2,,55,33.272,38.222236,-122.250404
406789,2500' W of Kirkland Ranch Rd,12,E,ML,2,,55,33.752,38.221321,-122.24176
406790,oppo 1200' W of Lynch Rd,12,E,ML,2,,55,34.662,38.217324,-122.226189
406791,1200' E of Lynch Rd,12,E,ML,2,,55,35.232,38.214351,-122.217515
406792,3800' E of Lynch Rd,12,E,ML,2,,55,35.752,38.212014,-122.210112
406793,Kelly Rd,12,W,ML,2,,55,33.272,38.222234,-122.250388
406794,oppo 2500' W of Kirkland Ranch,12,W,ML,2,,55,33.752,38.221322,-122.241749
406795,1200' W of Lynch Rd,12,W,ML,2,,55,34.672,38.217263,-122.226022
406796,1200' E of Lynch Rd,12,W,ML,2,,55,35.232,38.214352,-122.217516
406822,Curtner Ave on,87,N,OR,2,68000,85,3.07,37.297486,-121.874117
406871,13th / South Van Ness,101,N,ML,2,67000,75,433.434,37.769968,-122.418524
406888,W of SR-156,152,E,ML,1,,85,32.519,36.966968,-121.387738
406889,N of SR-156,152,E,ML,2,,85,33.324,36.976273,-121.381198
406890,W of SR-156,152,W,ML,1,,85,32.519,36.966966,-121.387743
406891,N of SR-156,152,W,ML,2,,85,33.324,36.976267,-121.381462
406894,Leland Ave on,280,N,OR,2,68000,85,6.082,37.316841,-121.952427
406906,Bollinger Canyon Rd on-n-loop,680,N,ML,4,68378,13,34.153,37.758682,-121.964418
406907,Bollinger Canyon Rd on loop,680,N,OR,1,68378,13,34.153,37.758682,-121.964418
406908,Bollinger Canyon Rd off,680,N,FR,2,68378,13,34.153,37.758682,-121.964418
407007,WB 92 conn-s-loop,101,S,ML,4,68252,81,414.153,37.553623,-122.296488
407008,WB 92 conn,101,S,FF,1,68252,81,414.153,37.553623,-122.296488
407017,1500' E of Regatta Blvd,580,E,ML,4,60620,13,65.674,37.917462,-122.329259
407023,1500' E of Regatta Blvd,580,W,ML,4,60620,13,65.604,37.917369,-122.328803
407148,Calaveras Rd on-n-loop,680,N,ML,3,47766,85,7.57,37.433665,-121.887868
407149,Calaveras Rd off,680,N,FR,2,47766,85,7.55,37.433397,-121.887727
407150,oppo S of Wrigley Way,680,N,ML,4,47766,85,7.09,37.427274,-121.884436
407151,oppo N of Landess Ave,680,N,ML,4,68000,85,6.62,37.420741,-121.882093
407152,Landess Ave rm-n-diag,680,N,ML,4,68000,85,6.29,37.416073,-121.880751
407153,oppo N Capitol Ave rm-s-diag,680,N,ML,4,,85,5.01,37.398059,-121.875211
407154,N Capitol Ave off,680,N,FR,1,,85,5.01,37.398059,-121.875211
407155,Hotstteter Rd rm-s-loop/diag,680,N,ML,4,68000,85,4.48,37.391513,-121.870376
407156,Hotstteter Rd off,680,N,FR,1,68000,85,4.48,37.391513,-121.870376
407157,Berryessa Rd rm-n-diag,680,N,ML,4,,85,3.93,37.385475,-121.863839
407158,Berryessa Rd off,680,N,FR,2,,85,3.93,37.385475,-121.863839
407159,Berryessa Rd off,680,N,FR,2,,85,3.71,37.383052,-121.861237
407160,Montague Expwy off,680,N,FR,2,68000,85,6.04,37.412547,-121.879697
407161,N of N Capitol Ave,680,N,ML,4,68000,85,5.7,37.40777,-121.878234
407162,Jacklin Rd rm-n-diag,680,N,ML,3,47766,85,8.54,37.447443,-121.891175
407163,Calaveras Rd rm-n-diag,680,N,ML,3,47766,85,7.89,37.438152,-121.889287
407165,S. King Rd rm-n-diag,680,N,ML,6,68000,85,0.47,37.344023,-121.845368
407167,Jackson Ave off-n-diag,680,N,ML,5,68000,85,1.05,37.350275,-121.83842
407168,Jackson Ave off,680,N,FR,1,68000,85,1.03,37.350009,-121.838565
407169,E Capitol Expwy off,680,N,FR,1,68000,85,1.34,37.354464,-121.838073
407170,E. Capitol Expwy rm-n-loop,680,N,ML,4,68000,85,1.41,37.355375,-121.838389
407171,E Capitol Expwy off,680,N,FR,1,68000,85,1.41,37.355375,-121.838389
407174,N Capitol Ave rm-n-diag,680,N,ML,4,68000,85,5.21,37.40088,-121.876103
407176,Alum Rock Rd rm-n-loop,680,N,ML,4,68000,85,1.65,37.358523,-121.840267
407177,Alum Rock Rd rm-n-diag,680,N,ML,4,68000,85,1.78,37.360223,-121.841285
407178,McKee Rd off,680,N,FR,1,68000,85,2.22,37.365983,-121.844705
407179,McKee Rd rm-n-diag,680,N,ML,4,,85,2.43,37.368611,-121.846609
407184,S of Wrigley Way,680,S,ML,4,47766,85,7.09,37.427403,-121.884848
407185,N of Landess Ave,680,S,ML,4,68000,85,6.62,37.420881,-121.882423
407186,Hotstteter Rd rn-s-loop/diag,680,S,ML,4,,85,4.48,37.391614,-121.870798
407187,Berryessa Rd rm-s-diag,680,S,ML,4,,85,3.71,37.383139,-121.861675
407189,Landess Ave off,680,S,FR,2,68000,85,6.29,37.416221,-121.881079
407190,Montague Expwy rm-s-diag,680,S,ML,4,68000,85,6.04,37.412704,-121.880023
407191,oppo N of N Capitol Ave,680,S,ML,4,68000,85,5.7,37.407919,-121.878542
407196,E. Capitol Expwy rm-s-loop,680,S,ML,4,68000,85,1.34,37.35456,-121.838284
407197,Alum Rock Rd rm-s-loop,680,S,ML,4,68000,85,1.39,37.355237,-121.838607
407198,Alum Rock Rd off,680,S,FR,1,68000,85,1.64,37.358518,-121.840538
407199,N Capitol Ave off,680,S,FR,2,68000,85,5.21,37.401028,-121.876406
407200,N Capitol Ave rm-s-diag,680,S,ML,4,,85,5.01,37.398207,-121.875543
407202,oppo Alum Rock Rd rm-n-diag,680,S,ML,4,68000,85,1.8,37.360613,-121.841794
407203,Alum Rock Rd off,680,S,FR,1,68000,85,1.8,37.360613,-121.841794
407204,McKee Rd rm-s-diag,680,S,ML,4,68000,85,2.22,37.366097,-121.845103
407205,McKee Rd off,680,S,FR,2,,85,2.43,37.368698,-121.847065
407219,S of Mission Blvd,880,N,ML,6,26000,1,12.132,37.477603,-121.933204
407221,oppo S of Mission Blvd,880,S,ML,6,26000,1,12.182,37.4782,-121.933732
407233,5400' E of Willow Pass Rd,4,E,ML,5,,13,17.584,38.021173,-121.981491
407238,oppo 5400' E of Willow Pass Rd,4,W,ML,5,,13,17.518,38.021449,-121.981785
407239,3800' E of Lynch Rd,12,W,ML,2,,55,35.752,38.212014,-122.210113
407242,Solano Ave off,80,E,FR,1,60620,13,16.743,37.943467,-122.323784
407243,Pomona St off,80,E,FR,1,,13,26.813,38.052365,-122.2278
407244,Buchanan St off,80,E,FR,1,674,1,12.58,37.888622,-122.308678
407245,Carlson Blvd off,80,E,FR,1,60620,13,14.243,37.909564,-122.31655
407246,Carlson Ave on,80,E,OR,2,60620,13,14.453,37.912502,-122.317364
407247,San Pablo Ave on,80,E,OR,2,60620,13,16.303,37.937479,-122.325945
407248,Cutting Blvd on loop,80,E,OR,1,60620,13,15.333,37.924801,-122.320238
407249,San Pablo Dam Rd off,80,E,FR,1,60620,13,17.533,37.954251,-122.328788
407250,San Pablo Dam Rd on,80,W,OR,2,60620,13,17.533,37.954132,-122.3289
407251,San Pablo Dam Rd on,80,E,OR,1,60620,13,17.633,37.955597,-122.329563
407252,Richmond Pkwy HOV off,80,E,FR,1,60620,13,19.893,37.98424,-122.315628
407253,Richmond Pkwy off,80,E,FR,1,60620,13,19.903,37.984379,-122.315577
407254,Richmond Pkwy on loop,80,E,OR,2,60620,13,19.903,37.984379,-122.315577
407255,Richmond Pkwy on diag,80,E,OR,1,57288,13,20.223,37.988496,-122.312983
407257,University Ave off,80,E,FR,1,6000,1,11.01,37.864887,-122.30302
407258,Buchanan St off-e-diag,80,E,FF,2,674,1,12.58,37.888622,-122.308678
407259,Powell st on,80,E,OR,2,22594,1,9.2,37.838814,-122.296557
407260,Central Ave on,80,E,OR,2,60620,13,13.773,37.903574,-122.31244
407261,Pinole Valley Rd off,80,E,FR,1,57288,13,21.803,37.996735,-122.286591
407262,Appian Way on loop,80,E,OR,1,57288,13,20.943,37.99336,-122.301718
407263,Appian Way off,80,E,FR,1,57288,13,20.943,37.99336,-122.301718
407265,University Ave on,80,E,OR,2,6000,1,11.16,37.866986,-122.303717
407268,Pinole Valley Rd on,80,E,OR,1,57288,13,21.923,37.99801,-122.285108
407270,San Pablo Ave off,80,E,FR,1,60620,13,15.953,37.932712,-122.325878
407271,Potrero Ave off,80,E,FR,1,60620,13,14.873,37.91859,-122.317348
407274,El Portal Dr on,80,E,OR,2,60620,13,18.833,37.969552,-122.320607
407275,Hilltop Dr off,80,E,FR,1,60620,13,19.253,37.975313,-122.318663
407278,Cleveland Ave off,80,W,FR,1,674,1,13.05,37.89438,-122.307952
407279,Solano Ave on,80,W,OR,1,60620,13,16.743,37.943406,-122.323941
407280,Pomona St on,80,W,OR,1,,13,26.813,38.052228,-122.228257
407281,University Ave off,80,W,FR,1,6000,1,11.16,37.866963,-122.303994
407282,Carlson Blvd on,80,W,OR,1,60620,13,14.243,37.909536,-122.316706
407283,Carlson Ave off,80,W,FR,1,60620,13,14.453,37.91248,-122.317515
407284,San Pablo Ave off,80,W,FR,1,60620,13,16.303,37.937368,-122.326196
407285,San Pablo Dam Rd off,80,W,FR,1,60620,13,17.633,37.955446,-122.329677
407286,Richmond Pkwy HOV on,80,W,OR,1,60620,13,19.893,37.984399,-122.316033
407287,Richmond Pkwy off,80,W,FR,2,60620,13,19.943,37.985094,-122.315756
407288,Richmond Pkwy on loop,80,W,OR,1,60620,13,19.943,37.985094,-122.315756
407290,Powell St off,80,W,FR,2,22594,1,9.21,37.839668,-122.297004
407291,Gilman St on,80,W,OR,2,6000,1,11.91,37.877407,-122.307241
407293,Willow Ave on,80,W,OR,2,33308,13,23.943,38.021623,-122.26336
407294,Central Ave off,80,W,FR,1,60620,13,13.773,37.903475,-122.312712
407295,Pinole Valley Rd on,80,W,OR,2,57288,13,21.803,37.996849,-122.286694
407296,Appian Way off,80,W,FR,1,57288,13,20.953,37.993511,-122.301607
407298,Appian Way on,80,W,OR,2,57288,13,20.933,37.99346,-122.301971
407305,Pinole Valley Rd off,80,W,FR,1,57288,13,21.923,37.998129,-122.285223
407306,Barrett Ave on,80,W,OR,2,60620,13,15.953,37.932553,-122.326013
407307,Potrero Ave on,80,W,OR,2,60620,13,14.873,37.918568,-122.317539
407308,El Portal Dr off,80,W,FR,1,60620,13,18.833,37.969432,-122.320772
407310,Hilltop Dr on diag,80,W,OR,2,60620,13,19.273,37.975598,-122.318706
407321,NB Rte 280 / Stevens Creek,85,N,ML,3,77000,85,18.726,37.333648,-122.056851
407322,NB Rte 280 / Stevens Creek,85,N,OR,3,77000,85,18.726,37.333648,-122.056851
407323,Central Expwy rm-n-diag,85,N,ML,3,49670,85,23.186,37.396419,-122.068661
407324,Central Expwy on,85,N,OR,1,49670,85,23.186,37.396419,-122.068661
407325,EB 237 rm-n-loop,85,N,ML,3,49670,85,22.306,37.383707,-122.068108
407326,EB 237 on loop,85,N,OR,1,49670,85,22.306,37.383707,-122.068108
407327,EB 237 off,85,N,FR,1,49670,85,22.176,37.381833,-122.067905
407328,ECR rm-n-loop,85,N,ML,3,49670,85,21.856,37.377217,-122.067542
407329,ECR on loop,85,N,OR,1,49670,85,21.856,37.377217,-122.067542
407330,ECR off diag,85,N,FR,1,49670,85,21.856,37.377217,-122.067542
407331,Homestead Dr rm-n-loop,85,N,ML,4,77000,85,18.876,37.335431,-122.058337
407332,NB 101 HOV,85,N,HV,1,49670,85,23.886,37.407311,-122.069566
407333,NB 101,85,N,FF,2,49670,85,23.876,37.407159,-122.069584
407334,Shoreline Blvd off,85,N,FR,2,49670,85,23.886,37.407311,-122.069566
407335,Stevens Creek Trail POC,85,N,ML,3,49670,85,21.576,37.373213,-122.067368
407336,N of Fremont Ave,85,N,ML,3,,85,20.826,37.363146,-122.062707
407337,W Fremont Ave rm-n-diag,85,N,ML,3,77000,85,20.116,37.353092,-122.0609
407338,W Fremont Ave on,85,N,OR,2,77000,85,20.116,37.353092,-122.0609
407339,oppo W Fremont Ave rm-s-diag,85,N,ML,3,77000,85,20.006,37.351571,-122.060285
407340,W Fremont Ave off,85,N,FR,1,77000,85,20.006,37.351571,-122.060285
407341,The Dalles POC,85,N,ML,3,17610,85,19.536,37.344713,-122.059766
407342,ECR rm-n-diag,85,N,ML,3,49670,85,21.986,37.379094,-122.067604
407343,ECR on diag,85,N,OR,1,49670,85,21.986,37.379094,-122.067604
407344,SB I-280 rm-n-loop,85,N,ML,3,77000,85,18.536,37.331501,-122.054687
407345,SB I-280 on,85,N,OR,1,77000,85,18.536,37.331501,-122.054687
407346,Homestead Dr on,85,N,OR,1,77000,85,18.876,37.335431,-122.058337
407347,Central Expwy off,85,S,FR,1,49670,85,23.036,37.394258,-122.068542
407348,EB 237 rm-n-loop,85,S,ML,3,49670,85,22.346,37.384273,-122.068412
407349,EB 237 on,85,S,OR,1,49670,85,22.346,37.384273,-122.068412
407350,EB 237 off,85,S,FR,1,49670,85,22.576,37.387585,-122.068783
407351,ECR off loop,85,S,FR,1,49670,85,21.846,37.377057,-122.067805
407352,ECR rm-s-diag,85,S,ML,3,49670,85,21.846,37.377057,-122.067805
407353,ECR on diag,85,S,OR,1,49670,85,21.846,37.377057,-122.067805
407354,I-280,85,S,FF,2,17610,85,19.046,37.337629,-122.059717
407355,Homestead Dr off,85,S,FR,1,17610,85,19.046,37.337629,-122.059717
407358,SB 101,85,S,FF,2,49670,85,23.876,37.407009,-122.070043
407359,SB 101 HOV,85,S,HV,1,49670,85,23.886,37.407147,-122.070055
407360,oppo Stevens Creek Trail POC,85,S,ML,3,49670,85,21.576,37.373187,-122.067646
407361,oppo N of Fremont Ave,85,S,ML,3,,85,20.826,37.363107,-122.063006
407363,W Fremont Ave off,85,S,FR,1,77000,85,20.176,37.35386,-122.061523
407364,W Fremont Ave rm-s-diag,85,S,ML,3,77000,85,20.006,37.351529,-122.060518
407365,W Fremont Ave on,85,S,OR,2,77000,85,20.006,37.351529,-122.060518
407366,ECR off diag,85,S,FR,1,49670,85,22.006,37.379368,-122.067871
407367,ECR rm-s-loop,85,S,ML,3,49670,85,22.006,37.379368,-122.067871
407368,ECR on loop,85,S,OR,1,49670,85,22.006,37.379368,-122.067871
407369,SB I-280,85,S,FF,2,77000,85,18.536,37.331409,-122.054869
407370,NB I-280 rm-s-loop,85,S,ML,3,77000,85,18.726,37.333574,-122.057007
407371,NB I-280 conn loop,85,S,OR,1,77000,85,18.726,37.333574,-122.057007
407372,oppo The Dalles POC,85,S,ML,3,77000,85,19.536,37.344708,-122.059991
407373,Homestead Dr off-s-diag,85,S,ML,3,17610,85,19.046,37.337629,-122.059717
407374,oppo Central Expwy on-n-diag,85,S,ML,3,49670,85,23.096,37.395123,-122.068612
407429,oppo Coyote Creek Golf Dr,101,N,ML,4,68000,85,370.331,37.188785,-121.690165
407439,Coyote Creek Golf Dr rm-s-diag,101,S,ML,4,68000,85,370.357,37.188381,-121.690347
407455,S of Center Ave UC,680,N,ML,4,57764,13,51.965,37.982228,-122.065865
407456,N of Center Ave UC,680,N,ML,4,,13,52.175,37.98524,-122.066466
407457,Concord Ave rm-n-diag,680,N,ML,4,57764,13,51.715,37.978657,-122.065116
407459,Concord Ave on,680,N,OR,2,57764,13,51.715,37.978657,-122.065116
407460,oppo Bayshore Rd on-s-diag,680,N,ML,2,5290,95,58.863,38.061999,-122.131285
407461,Bayshore Rd on,680,S,OR,1,5290,95,58.968,38.062191,-122.13154
407462,2500' S of Stone Valley Rd,680,N,ML,4,17988,13,41.283,37.845783,-122.025397
407463,5000' S of Stone Valley Rd,680,N,ML,4,17988,13,40.683,37.839933,-122.017269
407464,Treat Blvd/Geary Rd off-n-diag,680,N,ML,4,83346,13,47.872,37.926535,-122.060476
407466,Truck scale off,680,N,FR,1,83346,13,47.752,37.924806,-122.060684
407471,N of Concord Ave,680,S,ML,5,57764,13,52.015,37.982268,-122.066035
407473,oppo N of Center Ave UC,680,S,ML,5,,13,52.225,37.985273,-122.066635
407475,oppo N Main St,680,S,ML,6,83346,13,47.029,37.914749,-122.066515
407477,Bayshore Rd on-s-diag,680,S,ML,2,5290,95,58.968,38.062191,-122.13154
407479,Concord Ave on-s-loop,680,S,ML,4,57764,13,51.715,37.977993,-122.065053
407481,N Main St on diag,680,S,OR,2,83346,13,47.059,37.915144,-122.066301
407483,N Main St off SB,680,S,FR,2,83346,13,47.139,37.91613,-122.065532
407484,N Main St off NB,680,S,FR,1,83346,13,47.129,37.916017,-122.065641
407486,2500' S of Stone Valley Rd,680,S,ML,4,17988,13,41.318,37.845724,-122.025619
407487,5000' S of Stone Valley Rd,680,S,ML,4,17988,13,40.718,37.839897,-122.017522
407710,17/880 IC,280,N,ML,3,68000,85,5.33,37.317459,-121.938793
407711,17/880 IC,280,S,ML,4,68000,85,5.48,37.317112,-121.941507
407745,NB I-880S fly,80,W,FF,3,53000,1,7.72,37.825278,-122.30642
407746,Maritime St off,80,W,FR,1,53000,1,7.73,37.825306,-122.306251
407747,I-880S / Maritime St HOV slip,80,W,FF,1,53000,1,7.73,37.825306,-122.306251
407748,NB I-880S HOV,80,W,FF,1,53000,1,7.71,37.825251,-122.30659
407749,SR4 on,80,W,OR,3,33308,13,23.183,38.012764,-122.271549
407750,WB 80 HOV ramp,80,W,ML,1,53000,1,7.73,37.825306,-122.306251
407857,Ashby Ave off,80,E,FR,1,22594,1,9.73,37.846672,-122.298302
407862,Cutting Blvd on diag,80,E,OR,2,60620,13,15.453,37.926363,-122.321257
407864,Sonoma Blvd off,80,E,FR,1,81666,95,28.462,38.074144,-122.230324
407865,Sonoma Blvd off-e-fly,80,E,ML,3,81666,95,28.462,38.074144,-122.230324
407866,Columbus Pkwy rm-e-diag,80,E,ML,5,81666,95,33.202,38.140013,-122.219315
407867,Columbus Pkwy on,80,E,OR,1,81666,95,33.212,38.140142,-122.219232
407868,Redwood St off,80,E,FR,1,81666,95,32.002,38.124481,-122.229258
407869,Redwood Rd on-e-hook,80,E,ML,3,81666,95,32.032,38.124871,-122.229014
407870,Redwood Rd on,80,E,OR,1,81666,95,32.042,38.125001,-122.228933
407874,Ashby Ave off,80,W,FR,1,6000,1,10.22,37.853858,-122.300293
407881,Cutting Blvd off,80,W,FR,2,60620,13,15.483,37.92657,-122.321889
407883,oppo Redwood Rd on-e-hook,80,W,ML,3,81666,95,32.032,38.124914,-122.229194
407948,Millbrae Ave  off,101,N,FR,1,9066,81,420.047,37.601854,-122.379097
407949,Millbrae Ave  on coll,101,N,OR,1,9066,81,420.087,37.602219,-122.379663
407953,Millbrae Ave  on diag,101,S,OR,3,9066,81,420.113,37.602037,-122.379809
407954,Millbrae Ave on loop,101,S,OR,1,9066,81,420.173,37.60259,-122.380656
407955,Millbrae Ave  off,101,S,FR,2,47486,81,420.293,37.603701,-122.382346
407964,NB 680 rm-e-diag,580,E,ML,3,57792,1,36.272,37.701653,-121.913919
407980,Bailey Rd off loop,4,W,FR,1,,13,19.928,38.019108,-121.939005
407981,Bailey Rd on,4,W,OR,3,,13,19.928,38.019108,-121.939005
407987,Fish Ranch rd rm-e-diag,24,E,ML,4,,13,4.824,37.861705,-122.209368
407988,Fish Ranch rd on,24,E,OR,1,,13,4.824,37.861705,-122.209368
407989,Fish Ranch rd off,24,E,FR,1,,13,4.824,37.861705,-122.209368
407990,sr 13 rm-e-diag,24,E,ML,4,53000,1,3.383,37.848686,-122.225718
407991,sr 13 on,24,E,OR,2,53000,1,3.383,37.848686,-122.225718
407992,Broadway rm-e-diag,24,E,ML,4,53000,1,3.783,37.85316,-122.221654
407993,Broadway off,24,E,FR,1,53000,1,3.733,37.852532,-122.22209
407994,Broadway on,24,E,OR,1,53000,1,3.783,37.85316,-122.221654
407995,SR 13 off-w-diag,24,W,ML,4,53000,1,3.373,37.84877,-122.226571
407996,Tunnel Rd off,24,W,FR,2,53000,1,3.373,37.84877,-122.226571
407997,Fish Ranch rd  on-w-loop,24,W,ML,4,,13,4.844,37.862139,-122.209838
407998,Fish Ranch rd on,24,W,OR,1,,13,4.844,37.862139,-122.209838
407999,Fish Ranch rd off,24,W,FR,1,,13,4.844,37.862139,-122.209838
408000,Caldecott ln rm-w-diag,24,W,ML,4,53000,1,3.733,37.852296,-122.222499
408001,Caldecott ln off,24,W,FR,1,53000,1,3.783,37.852955,-122.222136
408002,Caldecott ln on,24,W,OR,1,53000,1,3.733,37.852296,-122.222499
408004,Suisun Valley Rd off,80,E,FR,1,23182,95,40.831,38.221482,-122.130708
408005,Suisun Valley Rd on,80,E,OR,3,23182,95,41.074,38.223726,-122.127313
408006,Travis Blvd off loop,80,E,FR,1,23182,95,45.373,38.257915,-122.062561
408007,Travis Blvd off diag,80,E,FR,1,23182,95,45.383,38.258036,-122.062459
408008,Travis Blvd off loop down,80,E,FR,1,23182,95,45.493,38.259379,-122.061367
408009,Travis Blvd on,80,E,OR,2,23182,95,45.513,38.259621,-122.061166
408013,San Pablo Dam Rd off,80,E,FR,1,60620,13,17.473,37.953441,-122.328331
408019,oppo McBryde Ave off,80,W,FR,1,60620,13,17.173,37.949288,-122.326446
408020,Suisun Valley Rd off,80,W,FR,1,23182,95,41.06,38.223728,-122.127734
408093,Oyster Point Blvd rm-s-fly,101,N,ML,4,73262,81,424.747,37.661537,-122.402393
408094,Oyster Point Blvd off,101,N,FR,1,73262,81,424.827,37.662266,-122.401263
408098,Bayshore Blvd rm-s-diag/hook,101,S,ML,4,73262,81,425.183,37.665359,-122.397143
408099,Bayshore Blvd on,101,S,OR,2,73262,81,425.173,37.665252,-122.397266
408100,Bayshore Blvd off,101,S,FR,1,73262,81,425.453,37.668456,-122.394143
408101,Oyster Point Blvd rm-s-fly,101,S,ML,4,73262,81,424.803,37.661758,-122.402363
408102,Oyster Point Blvd on,101,S,OR,2,73262,81,424.803,37.661758,-122.402363
408108,Buchanan St on,580,W,OR,1,53000,1,63.35,37.890467,-122.308444
408109,Buchanan St off,580,E,FR,1,53000,1,63.42,37.891533,-122.308848
408116,Treat Blvd off,680,N,FR,2,83346,13,47.742,37.924777,-122.060688
408133,N of Eldridge POC,880,N,ML,5,33000,1,26.317,37.637181,-122.088255
408134,1200' N of Jackson St,880,N,ML,6,33000,1,27.497,37.652145,-122.09861
408135,oppo 1000' S of Jackson/SR-92,880,N,ML,5,33000,1,26.507,37.639571,-122.089968
408138,Oak St off-n-diag,880,N,ML,4,53000,1,41.187,37.794185,-122.264627
408139,Oak St off,880,N,FR,1,53000,1,41.187,37.794185,-122.264627
408140,oppo N of Eldridge POC,880,S,ML,5,33000,1,26.317,37.637086,-122.088463
408141,1200' N of Jackson St,880,S,ML,6,33000,1,27.497,37.652014,-122.098927
408142,1000' S of Jackson/SR-92,880,S,ML,5,33000,1,26.507,37.639477,-122.090158
408149,Loveridge Rd off,4,E,FR,2,57456,13,23.881,38.012181,-121.868816
408151,oppo E of Jeffery Way,4,E,ML,2,53070,13,33.242,37.952549,-121.744429
408152,Lone Tree Way rm-e-diag,4,E,ML,2,53070,13,32.712,37.960149,-121.74361
408153,Lone Tree Way on,4,E,OR,2,53070,13,32.712,37.960149,-121.74361
408154,W of Sommerville Rd,4,E,ML,5,2252,13,24.831,38.007839,-121.852239
408157,Lone Tree Way off,4,E,FR,1,53070,13,32.363,37.964456,-121.740326
408161,Railroad Ave off,4,W,FR,1,57456,13,23.144,38.015096,-121.880891
408162,Loveridge Rd off,4,W,FR,2,57456,13,23.834,38.012269,-121.868734
408163,Loveridge Rd on,4,W,OR,2,57456,13,23.774,38.012505,-121.869759
408164,Loveridge Rd rm-w-diag,4,W,ML,4,57456,13,23.804,38.012389,-121.86926
408165,oppo W of Sommerville Rd,4,W,ML,5,57456,13,24.784,38.007951,-121.851962
408166,E of Jeffery Way,4,W,ML,2,53070,13,33.192,37.953027,-121.744424
408167,Jeffery way off,4,W,FR,1,53070,13,33.232,37.952476,-121.744429
408168,Jeffery way on,4,W,OR,1,53070,13,33.232,37.952476,-121.744429
408172,Lone Tree Way on,4,W,OR,2,53070,13,32.279,37.965316,-121.739602
408177,American Canyon Rd on,80,E,OR,1,,95,35.722,38.17071,-122.197851
408178,WB 780,80,E,ML,3,,95,29.892,38.094187,-122.229869
408179,WB 780 off loop,80,E,FR,1,,95,29.762,38.09233,-122.230162
408180,Benicia Rd off slip,80,E,FR,1,,95,29.792,38.092755,-122.230069
408181,WB 780 on diag,80,E,OR,1,,95,29.792,38.092755,-122.230069
408182,I-780 on coll,80,E,OR,1,,95,29.782,38.092614,-122.2301
408183,I-780 on / Benicia Rd off,80,E,OR,2,,95,29.932,38.09476,-122.22982
408190,American Canyon Rd off,80,E,FR,1,,95,35.482,38.168444,-122.201197
408192,American Canyon Rd off,80,W,FR,1,,95,35.702,38.170741,-122.198431
408193,WB 780 on loop,80,W,OR,1,,95,29.782,38.092685,-122.230301
408194,WB 780 coll/off diag/780 off,80,W,FR,3,,95,29.802,38.092968,-122.230242
408264,Willow Rd on diag,101,N,OR,2,20970,81,404.137,37.469675,-122.156317
408266,Willow Rd off diag,101,N,FR,2,20970,81,403.947,37.468036,-122.153526
408267,Willow Rd on loop,101,N,OR,2,20970,81,404.027,37.468732,-122.154696
408272,Willow Rd on diag,101,S,OR,2,20970,81,403.973,37.467787,-122.153537
408276,University Ave on,101,S,OR,2,20970,81,402.933,37.458804,-122.138264
408278,Willow Rd on loop,101,S,OR,2,20970,81,404.123,37.469095,-122.155726
408279,Willow Rd off diag,101,S,FR,2,20970,81,404.243,37.470129,-122.157487
408289,Bayshore Rd off,680,N,FR,1,5290,95,58.863,38.061999,-122.131285
408306,EB 80,780,W,ML,3,5290,95,6.318,38.090737,-122.227194
408339,Buchanan St on,80,W,OR,2,674,1,12.57,37.88833,-122.30909
408404,NB 880 on loop,101,N,OR,1,68000,85,387.897,37.364085,-121.901149
408410,SB 880 on loop,101,S,OR,1,68000,85,388.023,37.364382,-121.902692
408411,NB 880 on diag,101,S,OR,1,68000,85,387.843,37.363644,-121.899535
408437,SB 101 on loop,880,N,OR,1,68000,85,4.02,37.363402,-121.902233
408438,NB 101 on diag,880,N,OR,1,68000,85,4.21,37.36614,-121.901132
408441,SB 101 on diag,880,S,OR,1,68000,85,3.94,37.362439,-121.903211
408442,NB 101 on loop,880,S,OR,1,68000,85,4.13,37.365167,-121.901551
408464,1200' W of Allison Dr,80,E,ML,4,81554,95,54.241,38.357573,-121.974911
408465,Allison Dr off,80,E,FR,1,81554,95,54.391,38.359113,-121.97297
408466,Gilman St on,80,E,OR,2,6000,1,11.95,37.878155,-122.307214
408467,Buchanan St on,80,E,OR,1,674,1,12.66,37.889597,-122.308245
408473,oppo 1200' W of Allison Dr,80,W,ML,4,81554,95,54.251,38.357776,-121.97501
408588,7th St,980,E,FR,1,53000,1,0.401,37.80291,-122.27986
408589,17th St off,980,E,FR,2,53000,1,0.711,37.807128,-122.277632
408590,12th St on,980,E,OR,1,53000,1,0.831,37.808651,-122.276601
408591,18th St on,980,E,OR,2,53000,1,0.971,37.810407,-122.275345
408592,7th St on,980,W,OR,1,53000,1,0.431,37.8032,-122.28012
408593,17th St on,980,W,OR,1,53000,1,0.651,37.806447,-122.278352
408594,18th St off,980,W,FR,3,53000,1,0.971,37.810554,-122.275579
408601,Somersville Rd on,4,E,OR,3,2252,13,25.771,38.00335,-121.835925
408602,Somersville Rd rm-e-diag,4,E,ML,4,2252,13,25.771,38.00335,-121.835925
408603,Somersville Rd off,4,E,FR,1,2252,13,25.771,38.00335,-121.835925
408605,Sand Creek Rd on,4,E,OR,1,53070,13,34.293,37.938103,-121.738773
408606,Sand Creek Rd rm-e-loop,4,E,ML,2,53070,13,34.293,37.938103,-121.738773
408607,Sand Creek Rd off,4,E,FR,2,53070,13,34.293,37.938103,-121.738773
408608,oppo S of San Jose Ave,4,E,ML,2,53070,13,34.193,37.939448,-121.739453
408614,Somersville Rd on,4,W,OR,3,2252,13,25.554,38.004306,-121.838771
408615,Somersville Rd rm-w-diag,4,W,ML,4,2252,13,25.554,38.004306,-121.838771
408616,Somersville Rd off,4,W,FR,1,2252,13,25.554,38.004306,-121.838771
408618,Sand Creek Rd on,4,W,OR,3,53070,13,33.792,37.944701,-121.741896
408619,Sand Creek Rd rm-w-diag,4,W,ML,2,53070,13,33.792,37.944701,-121.741896
408620,Sand Creek Rd off,4,W,FR,3,53070,13,33.792,37.944701,-121.741896
408621,S of San Jose Ave,4,W,ML,2,53070,13,34.179,37.939452,-121.739387
408633,Gilman St off,80,E,FR,1,6000,1,11.91,37.87745,-122.307025
408634,oppo Cummings Skywy rm-w-diag,80,E,ML,4,,13,26.001,38.044441,-122.238958
408664,Curtner Ave on,87,S,OR,1,68000,85,2.86,37.294949,-121.873109
408665,Curtner Ave off,87,S,FR,1,68000,85,2.86,37.294949,-121.873109
408666,Auzerais Ave/Delmas St on,87,S,OR,2,68000,85,5.37,37.32654,-121.894025
408667,Santa Clara St/Julian St off,87,S,FR,1,68000,85,5.37,37.32654,-121.894025
408755,Warren Ave rm-n-loop,880,N,ML,4,26000,1,12.527,37.482839,-121.936112
408756,Mission Blvd rm-n-diag,880,N,ML,4,26000,1,12.727,37.485075,-121.938463
408757,Warren Ave rm-s-loop,880,S,ML,4,26000,1,12.547,37.483008,-121.936464
408773,Saratoga Ave off loop,17,N,FR,1,44112,85,19.703,37.22756,-121.974161
408774,Saratoga Ave on diag,17,S,OR,1,44112,85,19.543,37.225761,-121.976049
408781,Nut Tree Rd off,80,E,FR,2,81554,95,55.471,38.369338,-121.957953
408782,Nut Tree Rd off,80,E,FR,3,81554,95,55.611,38.370769,-121.956127
408783,Ashby Ave on,80,E,OR,2,6000,1,9.91,37.849265,-122.298899
408784,500' W of Nut Tree Rd OC,80,E,ML,4,81554,95,55.471,38.369338,-121.957953
408790,1/4 mi. E of Alamo Dr OC,80,W,ML,4,81554,95,52.861,38.346893,-121.996082
408865,SR 152 on,101,S,OR,2,29504,85,355.217,37.000576,-121.556215
408872,Stevens Creek off,280,N,FR,2,68000,85,5.25,37.3175,-121.93734
408905,Stevens Creek Blvd on loop,880,N,OR,1,,85,0.47,37.32414,-121.940638
408906,Stevens Creek Blvd on diag,880,N,OR,1,,85,0.48,37.324285,-121.94065
408907,SB/NB 280 rm-n-fly/diag,880,N,ML,3,,85,0.31,37.321822,-121.940425
408908,NB 280 on,880,N,OR,1,,85,0.23,37.320661,-121.940285
408909,SB 280 on,880,N,OR,2,,85,0.18,37.319935,-121.940207
408910,Stevens Creek off,880,N,FR,1,,85,0.16,37.319644,-121.940183
408911,Stevens Creek Blvd,880,S,ML,4,,85,0.54,37.325153,-121.940859
408912,N. Monroe St  off,880,S,FR,1,,85,0.45,37.323856,-121.940803
408913,Stevens Creek Blvd off,880,S,FR,1,,85,0.58,37.32573,-121.940868
408914,NB 280,880,S,FF,1,,85,0.12,37.319065,-121.940319
408915,SB 280,880,S,FF,1,,85,0.11,37.318919,-121.940307
408916,SB 880 on,880,S,OR,1,,85,0.08,37.318458,-121.940301
408917,SB 280 on,880,S,OR,1,,85,0.07,37.318301,-121.940305
409044,Solano Way  off,242,N,FR,1,16000,13,2.209,37.985831,-122.040861
409045,Solano Way on,242,S,OR,2,16000,13,2.329,37.987627,-122.040728
409056,S. King Rd on,680,N,OR,2,68000,85,0.46,37.343919,-121.845498
409057,E Capitol Expwy on,680,N,OR,3,68000,85,1.41,37.355375,-121.838389
409058,Alum Rock Rd on loop,680,N,OR,1,68000,85,1.65,37.358523,-121.840267
409059,Alum Rock Rd on diag,680,N,OR,2,68000,85,1.8,37.360485,-121.841441
409060,McKee Rd on,680,N,OR,2,,85,2.42,37.368496,-121.846497
409061,Berryessa Rd on,680,N,OR,2,,85,3.93,37.385475,-121.863839
409062,N Capitol Ave on,680,N,OR,2,68000,85,5.21,37.40088,-121.876103
409063,Landess Ave on,680,N,OR,2,68000,85,6.28,37.415987,-121.880726
409064,Calaveras Rd on,680,N,OR,2,47766,85,7.92,37.438581,-121.889375
409065,Jacklin Rd on,680,N,OR,2,47766,85,8.54,37.447443,-121.891175
409072,E Capitol Expwy on,680,S,OR,2,68000,85,1.35,37.354692,-121.838351
409073,Alum Rock Rd on,680,S,OR,2,68000,85,1.65,37.358648,-121.840616
409074,McKee Rd on,680,S,OR,2,68000,85,2.21,37.365966,-121.84502
409075,Berryessa Rd on,680,S,OR,2,,85,3.72,37.383248,-121.861797
409076,Hotstteter Rd on,680,S,OR,2,,85,4.48,37.391614,-121.870798
409077,N Capitol Ave on,680,S,OR,2,,85,5.01,37.398207,-121.875543
409078,Montague Expwy on,680,S,OR,2,68000,85,6.05,37.412844,-121.880066
409100,Solano Ave / Springs Rd OC,80,E,ML,3,81666,95,30.612,38.104549,-122.229604
409101,Solano Ave / Springs Rd OC on,80,E,OR,1,81666,95,30.632,38.104837,-122.229601
409102,Solano Ave / Springs Rd OC off,80,E,FR,1,81666,95,30.612,38.104549,-122.229604
409107,oppo Solano Ave/Springs Rd OC,80,W,ML,3,81666,95,30.632,38.104864,-122.229808
409108,Solano Ave / Springs Rd OC on,80,W,OR,1,81666,95,30.612,38.104577,-122.229811
409109,Solano Ave / Springs Rd OC off,80,W,FR,1,81666,95,30.642,38.105007,-122.229807
409131,Capitol expwy off,87,N,FR,1,68000,85,1.29,37.273463,-121.862855
409137,Capitol expwy on,87,S,OR,1,68000,85,1.23,37.272658,-121.862556
409203,E 10th St on,101,S,OR,2,29504,85,355.437,37.003704,-121.556844
409204,E 10th St off,101,S,FR,2,29504,85,355.577,37.005605,-121.557695
409226,Redwood Pkwy off,80,E,FR,1,81666,95,31.822,38.121976,-122.230116
409231,Redwood St on,80,W,OR,2,81666,95,31.802,38.121733,-122.230378
409232,1200' W of Lagoon Valley Rd OC,80,W,ML,5,,95,49.943,38.316871,-122.031008
409462,4A5324 LOC 21,101,S,ML,3,,85,359.907,37.063864,-121.586715
409478,Spurs Trail Rd,12,E,ML,2,,95,37.066,38.208414,-122.186859
409479,500' E of Miners Trail Rd,12,E,ML,2,,95,37.296,38.207555,-122.182448
409480,1/4 mi E of Miners Trail Rd,12,E,ML,2,,95,37.506,38.206534,-122.178479
409481,1/2 mi W of Red Top Rd,12,E,ML,2,,95,38.126,38.207685,-122.166415
409482,Spurs Trail Rd,12,W,ML,2,,95,37.066,38.208414,-122.186859
409483,500' E of Miners Trail Rd,12,W,ML,2,,95,37.296,38.207555,-122.182448
409484,1/4 mi E of Miners Trail Rd,12,W,ML,2,,95,37.506,38.206534,-122.178479
409485,1/2 mi W of Red Top Rd,12,W,ML,2,,95,38.126,38.207685,-122.166415
409524,Taylor Street rm-n-diag,87,N,ML,3,68000,85,7.1,37.348448,-121.907247
409525,oppo Skyport Dr. Rm-s-diag,87,N,ML,3,,85,8.23,37.362566,-121.917493
409526,Skyport Dr rm-n-diag,87,N,ML,3,,85,8.6,37.366737,-121.921627
409528,Skyport Dr. Rm-s-diag,87,S,ML,3,,85,8.22,37.362467,-121.917418
409529,Skyport Dr rm-n-diag,87,S,ML,3,,85,8.59,37.366662,-121.921519
409569,Central Ave off,80,E,FR,1,60620,13,13.563,37.900874,-122.310725
409575,SFOBB bus/HOV off,80,W,OR,1,53000,1,7.97,37.826038,-122.302202
409582,Central Ave on,80,W,OR,1,60620,13,13.563,37.900816,-122.310886
409584,Central Ave rm-w-diag,80,W,ML,4,60620,13,13.563,37.900816,-122.310886
409614,oppo W of Mariner Island Blvd,92,E,ML,3,68252,81,13.386,37.555537,-122.286977
409635,W of Mariner Island Blvd,92,W,ML,4,68252,81,13.386,37.555714,-122.287089
409663,oppo W Sierra Ave rm-s-diag,101,N,ML,3,16560,97,480.672,38.320931,-122.713567
409664,Gravenstein Hwy rm-s-diag,101,N,ML,3,62546,97,481.252,38.329145,-122.712636
409665,Gravenstein Hwy off,101,N,FR,1,62546,97,481.132,38.327433,-122.712615
409666,Gravenstein Hwy rm-n-diag,101,N,ML,3,62546,97,481.522,38.333026,-122.712669
409667,Gravenstein Hwy on,101,N,OR,3,62546,97,481.522,38.333026,-122.712669
409668,River Rd rm-n-loop,101,N,ML,3,,97,493.445,38.495094,-122.75456
409669,River Rd on,101,N,OR,1,,97,493.455,38.495192,-122.754697
409670,River Rd off,101,N,FR,1,,97,493.345,38.494123,-122.75319
409671,Mendocino Dr rm-n-diag,101,N,ML,3,70098,97,491.675,38.476952,-122.731947
409672,Mendocino Dr on,101,N,OR,2,70098,97,491.675,38.476952,-122.731947
409673,oppo Hopper Ave rm-s-loop,101,N,ML,3,,97,491.975,38.48076,-122.734495
409674,Steele Lane rm-n-diag,101,N,ML,3,70098,97,490.542,38.461174,-122.726224
409675,Steele Lane on,101,N,OR,3,70098,97,490.542,38.461174,-122.726224
409676,E Hillsdale Blvd on loop,101,N,OR,2,68252,81,413.357,37.544883,-122.288087
409678,Shiloh Rd rm-n-loop,101,N,ML,3,,97,496.225,38.524825,-122.789007
409679,Shiloh Rd on,101,N,OR,1,,97,496.225,38.524825,-122.789007
409681,Shiloh Rd rm-n-diag,101,N,ML,3,,97,496.355,38.526361,-122.790432
409682,Shiloh Rd on,101,N,OR,1,,97,496.355,38.526361,-122.790432
409683,Mark West Spring Rd rm-n-diag,101,N,ML,3,,97,493.635,38.49694,-122.757163
409684,Mark West Spring on,101,N,OR,1,,97,493.635,38.49694,-122.757163
409711,Hopper Ave off,101,S,FR,1,70098,97,491.417,38.481837,-122.736215
409712,W Sierra Ave rm-s-diag,101,S,ML,3,,97,479.934,38.319929,-122.714062
409713,W Sierra Ave on,101,S,OR,2,,97,479.934,38.319929,-122.714062
409714,W Sierra Ave off,101,N,FR,1,16560,97,480.552,38.319236,-122.714008
409715,Gravenstein Hwy rm-s-diag,101,S,ML,3,16560,97,480.584,38.329265,-122.712886
409716,Gravenstein Hwy on,101,S,OR,2,16560,97,480.584,38.329265,-122.712886
409717,oppo Gravenstein Hwy rm-n-diag,101,S,ML,3,16560,97,480.854,38.333167,-122.712929
409718,Gravenstein Hwy off,101,S,FR,2,16560,97,480.914,38.334034,-122.71294
409719,Hopper Ave on,101,S,OR,2,70098,97,491.307,38.480723,-122.734758
409720,Bicentennial Way rm-s-diag,101,S,ML,3,70098,97,490.457,38.469339,-122.728964
409721,Bicentennial Way on,101,S,OR,3,70098,97,490.457,38.469339,-122.728964
409722,Mendocino Dr rm-s-loop,101,S,ML,3,70098,97,490.927,38.47582,-122.731691
409723,Mendocino Dr on,101,S,OR,1,70098,97,490.927,38.47582,-122.731691
409724,Hopper Ave rm-s-loop,101,S,ML,3,70098,97,491.307,38.480723,-122.734758
409725,Mark West Spring Rd rm-s-loop,101,S,ML,3,,97,493.017,38.49744,-122.758174
409726,Mark West Spring Rd on,101,S,OR,2,,97,492.987,38.497147,-122.757763
409727,Mark West Spring Rd off,101,S,FR,2,,97,493.157,38.498827,-122.76007
409728,Shiloh Rd rm-s-diag,101,S,ML,3,,97,495.617,38.525435,-122.789848
409729,Shiloh Rd on,101,S,OR,2,,97,495.617,38.525435,-122.789848
409730,Shiloh Rd rm-s-loop,101,S,ML,3,,97,495.727,38.526731,-122.79106
409731,Shiloh Rd on,101,S,OR,1,,97,495.727,38.526731,-122.79106
409732,Shiloh Rd off,101,S,FR,1,,97,495.727,38.526731,-122.79106
409733,River Rd rm-s-diag,101,S,ML,3,,97,492.847,38.49579,-122.755832
409734,River Rd on,101,S,OR,2,,97,492.847,38.49579,-122.755832
409785,El Portal Dr on,80,W,OR,2,,13,18.503,37.965473,-122.323829
409856,NB truck scales,101,N,ML,3,,85,360.431,37.071597,-121.58977
409857,NB truck scales on,101,N,OR,1,,85,360.741,37.075742,-121.591969
409858,S. of Monterey St,101,N,ML,2,,85,353.258,36.97321,-121.554325
409859,San Martin Ave rm-n-diag,101,N,ML,3,,85,361.811,37.089952,-121.599842
409865,Monterey Rd rm-n-loop,101,N,ML,3,,85,354.121,36.985369,-121.558479
409866,Monterey Rd rm-n-loop on,101,N,OR,2,,85,354.141,36.985655,-121.558429
409867,Monterey Rd rm-n-loop,101,N,FR,1,,85,354.031,36.984072,-121.558483
409868,N of San Benito,101,N,ML,2,,85,349.434,36.91937,-121.547493
409869,N of Old Monterey Rd UC,101,N,ML,2,,85,350.494,36.933636,-121.551222
409870,SR 25/101 oc,101,N,ML,2,,85,351.298,36.945044,-121.552717
409871,San Martin Ave on,101,N,OR,2,,85,361.811,37.089952,-121.599842
409872,oppo S of Rucker Ave,101,N,ML,3,,85,359.061,37.052834,-121.581531
409873,oppo SB truck scales,101,N,ML,3,29504,85,358.131,37.040108,-121.575953
409875,SR 25 off,101,N,FR,1,,85,352.448,36.961506,-121.551004
409876,SR 25 on,101,N,OR,1,,85,352.458,36.961649,-121.551023
409877,oppo N of E Middle Ave OC,101,N,ML,3,,85,363.261,37.107061,-121.614493
409878,Leavesley Rd rm-n-loop,101,N,ML,3,29504,85,356.751,37.021778,-121.566106
409879,Leavesley Rd on,101,N,OR,2,29504,85,356.741,37.021645,-121.566033
409880,N. of San Martin Ave,101,N,ML,3,,85,362.371,37.097388,-121.60395
409881,Leavesley Rd rm-n-diag,101,N,ML,3,29504,85,357.001,37.025098,-121.5679
409882,Leavesley Rd on,101,N,OR,2,29504,85,356.981,37.024833,-121.567757
409883,Dunne Ave on,101,N,OR,2,,85,365.401,37.133244,-121.634348
409884,E 10th St rm-n-diag,101,N,ML,4,29504,85,355.401,37.00378,-121.556453
409885,Dunne Ave rm-n-loop on,101,N,OR,2,,85,365.211,37.130741,-121.632879
409886,E 10th St on,101,N,OR,2,29504,85,355.401,37.00378,-121.556453
409887,Dunne Ave off,101,N,FR,1,,85,365.141,37.129829,-121.632331
409888,Hillsdale Blvd off,101,N,FR,2,68252,81,413.227,37.543361,-122.286685
409889,E 10th St rm-n-loop,101,N,ML,3,29504,85,355.271,37.001927,-121.555986
409890,E 10th St on,101,N,OR,2,29504,85,355.301,37.002361,-121.556049
409891,E 10th St off,101,N,FR,1,29504,85,355.251,37.001637,-121.555946
409892,S of Leavesley Rd,101,N,ML,3,29504,85,356.251,37.015136,-121.562462
409893,SR 25 on-n-diag,101,N,ML,2,,85,352.458,36.961649,-121.551023
409918,oppo NB truck scales,101,S,ML,3,,85,360.787,37.075762,-121.592442
409919,S. of Monterey St,101,S,ML,2,,85,353.294,36.973161,-121.554545
409924,SB truck scales,101,S,ML,3,29504,85,358.167,37.040052,-121.576318
409925,SB truck scales on,101,S,OR,1,29504,85,358.077,37.038838,-121.575721
409926,N of San Benito,101,S,ML,2,,85,349.47,36.919384,-121.5476
409927,oppo N of Old Monterey Rd UC,101,S,ML,2,,85,350.53,36.93368,-121.551632
409928,oppo SR 25/101 oc,101,S,ML,2,,85,351.324,36.944941,-121.552937
409929,San Martin Ave rm-n-diag,101,S,ML,3,,85,361.867,37.090097,-121.60032
409930,San Martin Ave rm-n-diag off,101,S,FR,1,,85,361.877,37.090229,-121.600393
409931,S of Rucker Ave,101,S,ML,3,,85,359.097,37.052776,-121.581885
409933,oppo SR 25 on-n-diag,101,S,ML,2,,85,352.494,36.961639,-121.551221
409934,SR 25 on,101,S,OR,1,,85,352.584,36.962904,-121.551528
409935,Monterey Rd rm-s-diag,101,S,ML,3,,85,354.147,36.985208,-121.558865
409936,Monterey Rd off,101,S,FR,1,,85,354.427,36.989254,-121.558146
409937,Monterey Rd on,101,S,OR,2,,85,354.157,36.985353,-121.558849
409938,Tennant Ave rm-s-diag,101,S,ML,3,,85,364.277,37.11795,-121.625774
409939,Tennant Ave rm-s-diag on,101,S,OR,2,,85,364.277,37.11795,-121.625774
409940,N of E Middle Ave OC,101,S,ML,3,,85,363.297,37.106915,-121.614849
409941,oppo N of San Martin Ave,101,S,ML,3,,85,362.407,37.097254,-121.604288
409942,E Dunne Ave rm-s-diag,101,S,ML,3,,85,365.217,37.130233,-121.632983
409943,Leavesley Rd rm-n-diag,101,S,ML,3,29504,85,357.037,37.025003,-121.568235
409944,E Dunne Ave on,101,S,OR,2,,85,365.217,37.130233,-121.632983
409945,Leavesley Rd off,101,S,FR,1,29504,85,357.047,37.025136,-121.568306
409946,E Dunne Ave rm-n-diag,101,S,ML,3,,85,365.547,37.13455,-121.63556
409947,E Dunne Ave off,101,S,FR,1,,85,365.557,37.134679,-121.635641
409948,oppo S of Leavesley Rd,101,S,ML,3,29504,85,356.287,37.015035,-121.562809
409958,L St rm-e-diag,4,E,ML,4,2252,13,26.701,37.99892,-121.819777
409959,L St on,4,E,OR,2,2252,13,26.721,37.998821,-121.819434
409960,G St OC,4,E,ML,5,2252,13,26.931,37.998069,-121.815712
409966,L St rm-w-diag,4,W,ML,4,2252,13,26.454,38.000002,-121.823153
409967,L St on,4,W,OR,3,2252,13,26.484,37.99986,-121.82263
409968,G St OC,4,W,ML,5,2252,13,26.884,37.998186,-121.81561
409998,Alamo Dr rm-e-diag,80,E,ML,4,81554,95,52.851,38.346659,-121.995968
409999,Alamo Dr on,80,E,OR,1,81554,95,52.851,38.346659,-121.995968
410000,Alamo Dr off loop,80,E,FR,1,81554,95,52.711,38.34576,-121.99828
410001,Alamo Dr off diag,80,E,FR,1,81554,95,52.701,38.345696,-121.998445
410002,Alamo Dr off coll,80,E,FR,1,81554,95,52.601,38.345062,-122.000101
410083,S of Metcalf Rd,101,N,ML,4,,85,374.181,37.226114,-121.741622
410084,N of Metcalf Rd,101,N,ML,6,,85,375.181,37.234838,-121.75609
410085,Cochrane Rd on diag,101,N,OR,2,,85,367.231,37.154637,-121.653989
410086,Coyote Creek Golf Dr off,101,N,FR,1,68000,85,370.321,37.18869,-121.690029
410087,Coyote Creek Golf Dr on,101,N,OR,1,,85,370.721,37.19253,-121.695462
410093,Whipple Ave on diag,101,N,OR,1,60102,81,408.847,37.496577,-122.233697
410094,Whipple Ave off,101,N,FR,1,60102,81,408.727,37.495982,-122.231643
410095,Whipple Ave on loop,101,N,OR,2,60102,81,408.747,37.49608,-122.231987
410096,oppo Cochrane Rd,101,N,ML,4,,85,367.561,37.158365,-121.657728
410097,N of Cochrane Rd,101,N,ML,4,68000,85,369.091,37.175213,-121.675592
410098,S of Coyote Cr Golf Dr,101,N,ML,4,68000,85,370.031,37.185879,-121.686122
410099,oppo Laurel Rd,101,N,ML,3,,85,366.421,37.145422,-121.644905
410100,S of Bailey Ave,101,N,ML,4,68000,85,372.041,37.204456,-121.71414
410101,Oyster Point Blvd on,101,N,OR,3,73262,81,425.117,37.664998,-122.397266
410103,Leavesley Rd off,101,N,FR,1,29504,85,357.071,37.026026,-121.568405
410106,Masten Blvd rm-n-diag,101,N,ML,3,,85,359.641,37.060792,-121.584968
410107,Masten Blvd on,101,N,OR,3,,85,359.641,37.060792,-121.584968
410108,San Martin Ave rm-s-diag,101,N,ML,3,,85,361.621,37.087426,-121.598455
410109,San Martin Ave off,101,N,FR,1,,85,361.611,37.087292,-121.598382
410110,Ralston Ave on,101,N,OR,2,5108,81,411.677,37.525705,-122.26929
410111,Ralston Ave off,101,N,FR,1,5108,81,411.607,37.52495,-122.268444
410112,Leavesley Rd rm-s-diag,101,N,ML,3,29504,85,356.571,37.01939,-121.564786
410113,Bailey Ave on,101,N,OR,2,68000,85,372.691,37.210264,-121.723363
410114,Bailey Ave off,101,N,FR,1,68000,85,372.461,37.20797,-121.720359
410115,Cochrane Rd on loop,101,N,OR,2,,85,367.041,37.152456,-121.65189
410116,Cochrane rd off,101,N,FR,2,,85,366.981,37.151774,-121.651217
410141,Coyote Creek Golf Dr off,101,S,FR,1,,85,370.767,37.192312,-121.695919
410142,S of Metcalf Rd,101,S,ML,4,,85,374.217,37.225847,-121.741873
410143,N of Metcalf Rd,101,S,ML,6,,85,375.227,37.234595,-121.756538
410144,Cochrane rd  off,101,S,FR,1,,85,367.437,37.156349,-121.656098
410145,Coyote Creek Golf Dr on,101,S,OR,1,68000,85,370.367,37.188477,-121.690483
410150,Cochrane Rd,101,S,ML,4,,85,367.607,37.158247,-121.658053
410151,oppo N of Cochrane Rd,101,S,ML,4,68000,85,369.127,37.174929,-121.675868
410152,oppo S of Coyote Creek Golf Dr,101,S,ML,4,68000,85,370.057,37.185438,-121.686355
410153,Cochrane Rd rm-s-diag,101,S,ML,3,,85,366.917,37.150411,-121.650337
410154,Cochrane Rd rm-s-diag on,101,S,OR,2,,85,366.917,37.150411,-121.650337
410155,Cochrane Rd rm-s-loop,101,S,ML,3,,85,367.177,37.153363,-121.65323
410156,Cochrane Rd on,101,S,OR,1,,85,368.177,37.164199,-121.665172
410157,Laurel Rd,101,S,ML,3,,85,366.467,37.14532,-121.64531
410158,oppo S Bailey Ave,101,S,ML,4,68000,85,372.077,37.20414,-121.714458
410160,Leavesley Rd on,101,S,OR,2,29504,85,356.607,37.019286,-121.56513
410163,Masten Blvd rm-n-diag,101,S,ML,3,,85,359.687,37.060857,-121.585383
410164,Masten Blvd off,101,S,FR,1,,85,359.757,37.061814,-121.585807
410165,San Martin Ave rm-s-diag,101,S,ML,3,,85,361.667,37.087444,-121.598858
410166,San Martin Ave on,101,S,OR,2,,85,361.667,37.087444,-121.598858
410167,Leavesley Rd rm-s-diag,101,S,ML,3,29504,85,356.607,37.019286,-121.56513
410168,Bailey Ave on,101,S,OR,2,68000,85,372.587,37.208513,-121.721905
410169,Bailey Ave rm-n-loop,101,S,ML,4,,85,372.867,37.211575,-121.725216
410170,Bailey Ave rm-n-loop off,101,S,FR,2,,85,372.877,37.21169,-121.725326
410192,SR 92 off,280,N,FR,1,,81,33.216,37.505892,-122.336479
410193,SR 92 on,280,N,OR,1,,81,33.266,37.506335,-122.337198
410211,Westborough Blvd on diag,280,N,OR,2,73262,81,45.5,37.649733,-122.451962
410224,SR 92 on,280,S,OR,1,,81,33.326,37.506759,-122.33852
410363,RR UH,880,N,ML,4,68084,1,34.257,37.723421,-122.180982
410364,Hegenberger Rd on,880,N,OR,1,53000,1,35.807,37.741681,-122.197207
410366,Hegenberger Rd on,880,N,OR,2,53000,1,35.717,37.740587,-122.196231
410367,Hegenberger Rd off,880,N,FR,3,53000,1,35.697,37.740346,-122.196016
410370,RR UH,880,S,ML,5,68084,1,34.257,37.723334,-122.181132
410371,Hegenberger Rd on,880,S,OR,3,53000,1,35.577,37.73883,-122.194965
410372,Hegenberger Rd on,880,S,OR,1,53000,1,35.747,37.740848,-122.196734
410373,Hegenberger Rd off,880,S,FR,3,53000,1,35.777,37.741215,-122.197053
410385,L St off,4,W,FR,2,2252,13,26.684,37.998916,-121.819153
410502,Bicentennial Way rm-s-diag,101,N,ML,3,70098,97,491.125,38.469357,-122.728752
410503,Bicentennial Way off,101,N,FR,2,70098,97,491.145,38.469632,-122.72887
410504,oppo Old redwood Hwy rm-s-diag,101,N,ML,3,,97,497.925,38.545447,-122.806983
410505,Airport Blvd rm-n-coll/diag,101,N,ML,3,,97,495.125,38.512215,-122.776593
410506,Airport Blvd on-n-hook,101,N,OR,3,,97,495.085,38.5118,-122.776076
410507,Airport Blvd off,101,N,FR,1,,97,494.875,38.509637,-122.773349
410511,E Hillsdale Blvd on diag,101,N,OR,1,68252,81,413.447,37.545931,-122.289058
410515,oppo Masten Blvd rm-s-diag,101,N,ML,3,,85,359.421,37.057774,-121.583661
410516,Masten Blvd off,101,N,FR,1,,85,359.301,37.056128,-121.582948
410545,Arata Ln rm-s-loop,101,S,ML,2,,97,499.107,38.566546,-122.827704
410546,Arata Ln on,101,S,OR,2,,97,499.117,38.566662,-122.827813
410547,Airport Blvd rm-s-loop,101,S,ML,3,,97,494.477,38.512418,-122.777214
410548,Airport Blvd on loop,101,S,OR,2,,97,494.437,38.512009,-122.7767
410549,Airport Blvd off,101,S,FR,1,,97,494.627,38.513976,-122.779112
410550,Old redwood Hwy rm-s-diag,101,S,ML,3,,97,497.257,38.545356,-122.807197
410551,Old redwood Hwy on,101,S,OR,2,,97,497.257,38.545356,-122.807197
410552,Old redwood Hwy off,101,S,FR,2,,97,497.257,38.545356,-122.807197
410553,Airport Blvd rm-s-diag,101,S,ML,3,,97,494.337,38.510987,-122.775412
410554,Airport Blvd on diag,101,S,OR,3,,97,494.267,38.510274,-122.774508
410560,E Hillsdale Blvd on diag,101,S,OR,1,68252,81,413.103,37.541393,-122.285108
410561,E Hillsdale Blvd on loop,101,S,OR,2,68252,81,413.343,37.544196,-122.287712
410562,Hillsdale Blvd off,101,S,FR,2,68252,81,413.463,37.545589,-122.289028
410563,Masten Blvd rm-s-diag,101,S,ML,3,,85,359.467,37.057849,-121.584062
410564,Masten Blvd on,101,S,OR,2,,85,359.467,37.057849,-121.584062
410590,Avalon Dr off,280,N,FR,2,65028,81,44.504,37.638445,-122.440769
410679,Tassajara Rd on,580,W,OR,2,57792,1,34.234,37.701599,-121.873944
410680,Hopyard Rd on,580,W,OR,2,57792,1,36.024,37.701832,-121.906531
410681,Hopyard Rd off,580,W,FR,1,57792,1,35.944,37.70183,-121.905072
410682,Airway Blvd on loop,580,W,OR,2,41992,1,31.204,37.701114,-121.818698
410683,Airway Blvd  off,580,W,FR,2,41992,1,31.084,37.701102,-121.816508
410686,SB 680 rm-w-diag,580,W,ML,5,57792,1,36.984,37.700807,-121.924022
410687,SB 680 on,580,W,OR,2,57792,1,37.004,37.700727,-121.924372
410688,Airway Blvd on diag,580,W,OR,3,41992,1,31.384,37.701154,-121.821981
410692,Hacienda Dr off,580,W,FR,2,57792,1,34.874,37.701687,-121.885618
410698,Fallon Rd on,580,W,OR,2,,1,32.904,37.701372,-121.849704
410699,Fallon Rd off,580,W,FR,2,,1,32.804,37.701354,-121.847881
410701,Santa Rita Rd on,580,W,OR,2,57792,1,34.084,37.701567,-121.871196
410702,Hacienda Dr on,580,W,OR,2,57792,1,34.954,37.701701,-121.887073
410717,Solano Wy on,4,E,OR,2,,13,13.514,38.001389,-122.050932
410741,oppo 1 m. W of Red Top Rd,80,E,ML,4,23182,95,37.842,38.190415,-122.168903
410742,Airbase Pkwy rm-e-diag,80,E,ML,5,23182,95,46.733,38.274301,-122.0487
410743,Airbase Pkwy on,80,E,OR,2,23182,95,46.733,38.274301,-122.0487
410744,Airbase Pkwy off,80,E,FR,2,23182,95,46.543,38.27202,-122.050649
410745,Abernathy Rd rm-e-diag,80,E,ML,5,,95,43.743,38.243059,-122.084857
410746,Abernathy Rd on,80,E,OR,2,,95,43.743,38.243059,-122.084857
410747,Abernathy Rd off,80,E,FR,2,,95,43.593,38.242,-122.087274
410749,Orange Dr on,80,E,OR,2,81554,95,55.891,38.373669,-121.952524
410750,E Monte Vista rm-e-fly,80,E,ML,4,81554,95,55.731,38.372017,-121.954589
410751,E Monte Vista on,80,E,OR,1,81554,95,55.731,38.372017,-121.954589
410752,Allison Dr rm-e-diag,80,E,ML,5,81554,95,54.801,38.362792,-121.967042
410753,Allison Dr on,80,E,OR,2,81554,95,54.801,38.362792,-121.967042
410755,Orange Dr rm-e-hook,80,E,ML,4,81554,95,55.891,38.373669,-121.952524
410756,EB 12 OC,80,E,ML,5,23182,95,39.332,38.20691,-122.151326
410761,Bella Vista Rd rm-e-hook,80,E,ML,4,81554,95,53.331,38.349785,-121.988068
410762,1,80,E,OR,1,81554,95,53.331,38.349785,-121.988068
410763,Davis St off,80,E,FR,1,81554,95,53.331,38.349785,-121.988068
410764,Lagoon Valley Rd rm-e-diag,80,E,ML,4,,95,50.683,38.325962,-122.023306
410765,Lagoon Valley Rd on,80,E,OR,1,,95,50.703,38.326221,-122.023139
410766,Lagoon Valley Rd off,80,E,FR,1,,95,50.503,38.323635,-122.024793
410767,Allison Dr rm-e-loop,80,E,ML,5,81554,95,54.821,38.362968,-121.96675
410768,Allison Dr rm-on,80,E,OR,2,81554,95,54.591,38.360904,-121.970075
410769,Allison Dr off,80,E,FR,3,81554,95,54.591,38.360904,-121.970075
410772,EB 37 rm-e-fly,80,E,ML,5,81666,95,33.552,38.144683,-122.216877
410773,EB 37 on,80,E,OR,2,81666,95,33.542,38.144542,-122.216916
410774,oppo 1/2 m. E of American Can,80,E,ML,4,,95,36.012,38.173528,-122.193907
410775,oppo 5000' E of American Cany,80,E,ML,4,,95,36.482,38.178901,-122.188653
410776,oppo Lynch Rd UC,80,E,ML,4,,95,37.092,38.184915,-122.180511
410778,oppo American Canyon Rd,80,E,ML,4,,95,35.512,38.168733,-122.200784
410779,Waterman Blvd rm-w-diag,80,W,ML,5,23182,95,46.473,38.271273,-122.051651
410780,Waterman Blvd on,80,W,OR,3,23182,95,46.443,38.270914,-122.051959
410781,Waterman Blvd off,80,W,FR,1,23182,95,46.843,38.275724,-122.047899
410782,Abernathy Rd rm-w-diag,80,W,ML,5,,95,43.543,38.241901,-122.088193
410783,Abernathy Rd on,80,W,OR,1,,95,43.533,38.241832,-122.088354
410784,Abernathy Rd off,80,W,FR,2,,95,43.683,38.242891,-122.085946
410786,SB 505 rm-w-conn,80,W,ML,3,81554,95,55.671,38.371532,-121.955582
410787,SB 505 on,80,W,OR,2,81554,95,55.671,38.371532,-121.955582
410788,Allison Dr rm-w-hook,80,W,ML,4,81554,95,54.811,38.362974,-121.96711
410790,oppo EB 12 OC,80,W,ML,5,23182,95,39.372,38.207525,-122.151042
410791,WB 12 rm-w-diag,80,W,ML,5,,95,42.993,38.23801,-122.097046
410792,WB 12 on,80,W,OR,3,,95,42.993,38.23801,-122.097046
410802,Manuel Campos Pkwy off,80,W,FR,1,23182,95,48.653,38.298713,-122.034093
410803,Manuel Campos Pkwy rm-w-loop,80,W,ML,4,23182,95,48.533,38.296973,-122.03414
410804,Manuel Campos Pkwy on,80,W,OR,1,23182,95,48.533,38.296973,-122.03414
410805,Depot Rd rm-w-diag,80,W,ML,4,81554,95,53.801,38.353019,-121.980638
410806,Depot Rd on,80,W,OR,1,81554,95,53.801,38.353019,-121.980638
410807,Depot Rd off,80,W,FR,1,81554,95,53.881,38.353767,-121.979516
410808,Hickory Lane rm-w-diag,80,W,ML,4,81554,95,53.331,38.349933,-121.988342
410810,Hickory Lane off,80,W,FR,1,81554,95,53.381,38.350261,-121.987522
410811,Merchant St rm-w-diag,80,W,ML,4,81554,95,52.611,38.345308,-122.000218
410812,Merchant St on,80,W,OR,2,81554,95,52.611,38.345308,-122.000218
410813,Merchant St off,80,W,FR,1,81554,95,52.701,38.345889,-121.998735
410814,Cherry Glen Rd rm-w-diag,80,W,ML,4,,95,51.261,38.33359,-122.018792
410815,Cherry Glen Rd on,80,W,OR,1,,95,51.261,38.33359,-122.018792
410816,Cherry Glen Rd off,80,W,FR,1,,95,51.371,38.335011,-122.017873
410817,Lagoon Valley Rd rm-w-diag,80,W,ML,4,,95,50.553,38.324228,-122.024773
410818,Lagoon Valley Rd on,80,W,OR,1,,95,50.553,38.324228,-122.024773
410819,Lagoon Valley Rd off,80,W,FR,1,,95,50.731,38.326709,-122.023139
410820,American Canyon Rd rm-w-diag,80,W,ML,4,,95,35.522,38.169003,-122.200897
410824,1/2 m. E of American Canyon Rd,80,W,ML,4,,95,36.012,38.173742,-122.194192
410825,5000' E of American Canyon Rd,80,W,ML,4,,95,36.482,38.179234,-122.189127
410826,Lynch Rd UC,80,W,ML,4,,95,37.102,38.185384,-122.180879
410828,American Canyon Rd on,80,W,OR,1,,95,35.522,38.169003,-122.200897
410829,1 mi. W of Red Top Rd,80,W,ML,4,23182,95,37.842,38.190692,-122.169275
411063,Dougherty Rd on,580,W,OR,2,57792,1,36.114,37.701847,-121.908181
411102,Hilltop Dr on loop,80,E,OR,1,60620,13,19.253,37.975313,-122.318663
411126,Hilltop Dr on loop,80,W,OR,1,60620,13,19.363,37.976861,-122.318257
411131,4A5344 loc 26,80,W,ML,4,23182,95,47.443,38.282917,-122.041772
411132,4A5344 loc 28,80,W,ML,4,23182,95,47.883,38.288196,-122.037282
411135,Hickory Lane on,80,W,OR,1,81554,95,53.331,38.349933,-121.988342
411149,Hilltop Dr rm-w-loop,80,W,ML,4,60620,13,19.383,37.977141,-122.318156
411233,Tennant Ave rm-n-loop,101,N,ML,3,,85,364.321,37.119108,-121.626023
411234,Tennant Ave on,101,N,OR,2,,85,364.321,37.119108,-121.626023
411390,Foothill Rd/San Ramon Rd on,580,W,OR,2,57792,1,37.674,37.698521,-121.936185
411391,Foothill Rd/San Ramon Rd on,580,W,OR,2,57792,1,37.704,37.698506,-121.936731
411447,Allison Dr on,80,W,OR,2,81554,95,54.811,38.362974,-121.96711
411559,University Ave off,101,S,FR,2,20970,81,403.283,37.461831,-122.143399
411575,Marsh Rd on loop,101,S,OR,1,46870,81,405.883,37.483737,-122.182037
411576,Marsh rd off,101,S,FR,2,60102,81,405.933,37.483992,-122.182893
411577,Marsh Rd on diag,101,S,OR,2,46870,81,405.733,37.482797,-122.179564
411716,Scott Creek Rd rm-s-diag,680,N,ML,3,47766,1,9.946,37.464814,-121.904137
411717,Scott Creek Rd off diag,680,N,FR,1,47766,1,9.956,37.464938,-121.904235
411718,Scott Creek Rd off loop,680,N,FR,1,47766,1,9.966,37.465065,-121.90434
411746,Scott Creek Rd off,680,S,OR,2,26000,1,10.15,37.467389,-121.906653
411754,Scott Creek Rd on,680,S,OR,2,47766,1,9.95,37.464949,-121.904686
411793,oppo 800' E of WB 37 Connector,80,E,ML,4,,55,34.482,38.157473,-122.212869
411804,800' E of WB 37 Connector,80,W,ML,4,,55,34.482,38.157542,-122.213092
411975,SB 17 conn,280,N,FF,2,68000,85,5.26,37.317497,-121.937522
411976,NB 17 conn,280,N,FF,1,68000,85,5.34,37.317449,-121.938974
412010,SB 880,280,S,FF,1,68000,85,5.45,37.317151,-121.940965
412011,NB 17,280,S,FF,2,68000,85,5.32,37.317272,-121.938606
412037,Harbour Way on loop,580,E,OR,1,60620,13,67.546,37.923627,-122.360331
412038,Harbour Way on diag,580,E,OR,1,60620,13,67.426,37.92269,-122.358502
412039,Marina Bay Parkway on diag,580,E,OR,1,60620,13,66.866,37.921725,-122.348741
412040,Marina Bay Parkway on loop,580,E,OR,1,60620,13,66.396,37.921498,-122.340437
412041,Marina Bay Parkway off,580,E,FR,1,60620,13,66.886,37.92172,-122.349094
412042,Grove Way on,580,E,OR,1,,1,44.622,37.693317,-122.059713
412044,Canal Blvd on,580,E,OR,1,60620,13,68.426,37.927102,-122.375142
412064,Harbour Way off,580,W,FR,1,60620,13,67.346,37.922833,-122.358283
412065,Marina Bay Parkway loop on,580,W,OR,1,60620,13,66.746,37.921946,-122.347552
412066,Marina Bay Parkway off,580,W,FR,2,60620,13,66.606,37.921878,-122.344984
412068,Canal Blvd off,580,W,FR,1,60620,13,68.386,37.927277,-122.37567
412069,Marina Bay Parkway diag on,580,W,OR,1,60620,13,66.666,37.921923,-122.346086
412159,De Anza Blvd off,92,E,FR,1,68252,81,9.366,37.52207,-122.332063
412160,De Anza Blvd on,92,E,OR,1,68252,81,9.566,37.524924,-122.33213
412189,De Anza Blvd on,92,W,OR,1,68252,81,9.266,37.520707,-122.331612
412190,De Anza Blvd off,92,W,FR,1,68252,81,9.546,37.524623,-122.332362
412215,Holly St on,101,N,OR,1,60102,81,410.477,37.512823,-122.254705
412216,Holly St off,101,N,FR,1,60102,81,410.477,37.512823,-122.254705
412248,Holly St on,101,S,OR,1,60102,81,410.523,37.512813,-122.254967
412249,Holly St off,101,S,FR,1,60102,81,410.563,37.51324,-122.255458
412339,Jackson off (E 92),92,E,FR,1,33000,1,26.03,37.645426,-122.093336
412392,San Antonio Rd rm-n-diag,101,N,ML,2,,41,466.735,38.164087,-122.576371
412393,San Antonio Rd on,101,N,OR,1,,41,466.735,38.164087,-122.576371
412394,San Antonio Rd off,101,N,FR,1,,41,466.525,38.161994,-122.573523
412395,Petaluma Blvd,101,N,ML,4,56784,97,476.432,38.272925,-122.670913
412396,Petaluma Blvd,101,N,OR,2,56784,97,476.462,38.273226,-122.671316
412397,Petaluma Blvd off,101,N,FR,1,56784,97,476.342,38.272011,-122.669727
412398,Petaluma Blvd rm-n-loop,101,N,ML,3,56784,97,476.322,38.271805,-122.669466
412399,Petaluma Blvd on,101,N,OR,2,56784,97,476.322,38.271805,-122.669466
412439,San Antonio Rd rm-s-loop,101,S,ML,2,,41,465.947,38.162778,-122.574905
412440,San Antonio Rd on,101,S,OR,1,,41,465.907,38.162369,-122.574357
412441,San Antonio Rd off,101,S,FR,1,,41,466.087,38.164235,-122.576791
412442,Petaluma Blvd on,101,S,OR,2,56784,97,475.724,38.272375,-122.670534
412443,Petaluma Blvd,101,S,ML,4,56784,97,475.594,38.271059,-122.668844
412444,Petaluma Blvd,101,S,OR,2,56784,97,475.594,38.271059,-122.668844
412445,Petaluma Blvd off,101,S,FR,2,56784,97,475.924,38.274348,-122.673111
412446,Petaluma Blvd rm-s-loop,101,S,ML,3,56784,97,475.744,38.272572,-122.670792
412637,SR 92 rm-n-fly,880,N,ML,4,33000,1,26.997,37.645749,-122.094355
412638,SR 92 on,880,N,OR,3,33000,1,26.987,37.645621,-122.094269
412639,W 92 off,880,N,FR,1,33000,1,26.897,37.644474,-122.093492
412640,Jackson St off,880,N,FR,1,33000,1,26.907,37.6446,-122.09358
412782,Millbrae Ave on loop,101,N,OR,1,9066,81,420.227,37.603509,-122.381643
412783,Marsh Rd  on loop,101,N,OR,1,46870,81,405.727,37.483144,-122.17985
412784,Marsh Rd off,101,N,FR,1,46870,81,405.677,37.482799,-122.179049
412785,Millbrae Ave on diag,101,N,OR,1,9066,81,420.237,37.603603,-122.381783
412786,Tennant Ave off,101,N,FR,1,,85,364.181,37.117279,-121.624935
412787,Holly St on diag,101,N,OR,2,60102,81,410.697,37.515192,-122.257368
412788,Holly St on loop,101,N,OR,2,60102,81,410.707,37.515299,-122.25749
412789,Marsh Rd on diag,101,N,OR,3,46870,81,405.827,37.483757,-122.181502
412820,Whipple Ave on,101,S,OR,3,60102,81,408.793,37.495989,-122.23223
412821,Whipple Ave on,101,S,OR,1,60102,81,408.913,37.496575,-122.234286
412871,Hickey Blvd on,280,N,OR,1,17918,81,46.67,37.662585,-122.465286
412872,Serramonte Blvd on,280,N,OR,2,17918,81,47.3,37.671534,-122.466694
412930,Sutter St,580,E,ML,7,,1,29.882,37.70065,-121.797311
412950,Sutter St,580,W,ML,6,41992,1,30.034,37.700896,-121.797342
413026,Calaveras Blvd/EB 237,880,N,ML,5,47766,85,8.1,37.421232,-121.914808
413027,The Alameda on diag,880,N,OR,1,68000,85,2.04,37.34221,-121.926305
413028,The Alameda off,880,N,FR,1,68000,85,2.04,37.34221,-121.926305
413029,Bascom Ave on,880,N,OR,1,68000,85,1.33,37.335022,-121.935522
413030,Bascom Ave off,880,N,FR,2,68000,85,1.33,37.335022,-121.935522
413037,Old Bayshore Hwy on,880,S,OR,2,68000,85,4.39,37.368669,-121.901336
413038,Old Bayshore Hwy off,880,S,FR,1,68000,85,4.39,37.368669,-121.901336
413039,Calaveras Blvd on,880,S,OR,2,47766,85,8.1,37.421182,-121.915036
413040,Calaveras Blvd off,880,S,FR,1,47766,85,8.1,37.421182,-121.915036
413041,Brokaw Rd on,880,S,OR,3,68000,85,5.22,37.380274,-121.904061
413042,Brokaw Rd off,880,S,FR,1,68000,85,5.22,37.380274,-121.904061
413043,The Alameda on,880,S,OR,1,68000,85,2.1,37.342957,-121.925721
413044,The Alameda off,880,S,FR,1,68000,85,2.1,37.342957,-121.925721
413045,The Alameda on,880,S,OR,1,68000,85,1.94,37.341275,-121.927699
413046,Bascom Ave on,880,S,OR,1,68000,85,1.28,37.334602,-121.936288
413047,Bascom Ave off,880,S,FR,1,68000,85,1.28,37.334602,-121.936288
413048,Bascom Ave on,880,S,OR,2,68000,85,1.25,37.334296,-121.936706
413091,Cliffside Dr rm-e-hook,80,E,ML,4,81554,95,53.831,38.353171,-121.979953
413092,Cliffside Dr on,80,E,OR,2,81554,95,53.821,38.353076,-121.980092
413093,Cliffside Dr off,80,E,FR,1,81554,95,53.731,38.352363,-121.981471
413094,1200' E of Lynch Rd,80,E,ML,4,,95,37.482,38.187162,-122.173965
413106,EB 37 on,80,W,OR,3,81666,95,33.052,38.138144,-122.22081
413139,W Hillsdale Blvd off (EB 92),92,E,FR,1,68252,81,9.996,37.530944,-122.330194
413144,W Hillsdale Blvd,92,E,OR,1,68252,81,10.066,37.531919,-122.329851
413145,W Hillsdale Blvd,92,E,OR,1,68252,81,10.196,37.533737,-122.329247
413146,Alameda De Las Pulgas,92,E,FR,2,68252,81,11.196,37.546484,-122.324422
413147,Alameda De Las Pulgas,92,E,OR,1,68252,81,11.416,37.547452,-122.32065
413176,W Hillsdale Blvd off (WB 92),92,W,FR,1,68252,81,10.176,37.533491,-122.3295
413177,W Hillsdale Blvd,92,W,OR,1,68252,81,10.006,37.531103,-122.330303
413178,Alameda De Las Pulgas,92,W,FR,1,68252,81,11.426,37.547605,-122.320585
413179,Alameda De Las Pulgas,92,W,OR,1,68252,81,11.206,37.546647,-122.324375
413195,SFIA rm-n-diag,101,N,ML,6,,81,421.347,37.614268,-122.396958
413205,Tully Rd rm-n-diag,101,N,ML,4,68000,85,382.763,37.319673,-121.832538
413206,Tully Rd on,101,N,OR,3,68000,85,382.763,37.319673,-121.832538
413207,SFIA McDonnell Rd off,101,N,FR,1,,81,421.207,37.612636,-122.395435
413208,SFIA International Terminal,101,N,FR,1,,81,421.277,37.613427,-122.396242
413209,SFIA Domestic Terminal off,101,N,FR,2,,81,421.287,37.61354,-122.396357
413210,SFIA Domestic Terminal on,101,N,OR,1,,81,421.367,37.614516,-122.39715
413211,SFIA McDonnell Rd on (I-380),101,N,OR,1,,81,421.387,37.614763,-122.397341
413212,SFIA Domestic Terminal on,101,N,OR,1,,81,421.457,37.61569,-122.397863
413248,SFIA Domestic Terminal off,101,S,FR,2,,81,421.373,37.614035,-122.397103
413262,Sneath Lane on,280,N,OR,2,65028,81,43.814,37.629801,-122.433973
413291,Westborough Blvd on loop,280,N,OR,1,73262,81,45.12,37.644965,-122.448632
413326,Sullivan Ave on,280,S,OR,1,17918,81,47.79,37.677717,-122.471543
413371,1/2 mi. W of Red Top Rd,80,E,ML,4,23182,95,38.452,38.19744,-122.162148
413372,oppo 1/4 m E of WB truck scale,80,E,ML,6,,95,42.263,38.232673,-122.108645
413373,2500' W of Manuel Campos Pkwy,80,E,ML,4,23182,95,47.973,38.289236,-122.036051
413374,2500' E of Manuel Campos Pkwy,80,E,ML,4,23182,95,48.863,38.301733,-122.033731
413375,1 m E of Manuel Campos Pkwy,80,E,ML,4,,95,49.123,38.305495,-122.033692
413376,oppo 3/4 mi. W of Alamo Dr OC,80,E,ML,4,,95,52.031,38.341821,-122.009747
413377,Rivera Rd rm-e-loop,80,E,ML,4,,95,51.341,38.33447,-122.017861
413378,Rivera Rd off,80,E,FR,1,,95,51.241,38.333178,-122.01869
413379,Rivera Rd on,80,E,OR,1,,95,51.351,38.334599,-122.017779
413380,1/2 m E of Lagoon Valley Rd OC,80,E,ML,4,,95,51.031,38.330465,-122.020435
413389,1/4 mi. E of WB truck scale,80,W,ML,6,,95,42.263,38.232855,-122.108831
413390,3/4 mi. W of Alamo Dr OC,80,W,ML,4,,95,52.031,38.341987,-122.010006
413391,Alamo Dr off,80,W,FR,1,,95,52.041,38.342045,-122.009837
413635,Fallon Rd rm-w-diag,580,W,ML,5,,1,33.024,37.701397,-121.851884
413636,Fallon Rd on,580,W,OR,2,,1,33.104,37.701414,-121.853338
413684,E Monte Vista Ave on,80,W,OR,2,81554,95,55.071,38.36539,-121.963437
413685,E Monte Vista Ave off,80,W,FR,3,81554,95,55.101,38.365684,-121.96303
413686,E Monte Vista Ave off,80,W,FR,1,81554,95,55.271,38.367403,-121.960786
413692,Red Top rd off,80,W,FR,1,23182,95,39.012,38.203646,-122.155464
413693,Red Top rd on,80,W,OR,1,23182,95,38.712,38.200414,-122.15915
413716,Cottle Rd rm-n-loop,85,N,ML,3,68000,85,1.95,37.242794,-121.803276
413717,Cottle Rd on,85,N,OR,2,68000,85,1.95,37.242794,-121.803276
413718,Cottle Rd off,85,N,FR,1,68000,85,1.83,37.242118,-121.80047
413782,Yerba Buena Rd rm-n-coll,101,N,ML,4,68000,85,380.733,37.296128,-121.810444
413783,Yerba Buena Rd on,101,N,OR,2,68000,85,380.773,37.296663,-121.81072
413784,Yerba Buena Rd off,101,N,FR,1,68000,85,380.673,37.295309,-121.810116
413785,Capital Expwy on,101,N,OR,3,68000,85,381.463,37.304727,-121.818118
413786,Tennat Ave rm-n-diag,101,N,ML,4,,85,364.501,37.121459,-121.627416
413787,Tennat Ave on,101,N,OR,1,,85,364.511,37.12159,-121.627493
413814,Capitol Expwy rm-s-loop,101,S,ML,5,68000,85,381.419,37.303682,-121.817493
413819,Capitol Expwy on,101,S,OR,2,68000,85,381.419,37.303682,-121.817493
413821,Capitol Expwy off,101,N,FR,1,68000,85,380.733,37.296128,-121.810444
413822,Yerba Buena Rd off,101,S,FR,2,68000,85,380.809,37.296619,-121.811007
413825,Tully Rd on,101,S,OR,2,,85,382.599,37.317233,-121.830595
413845,McCarthy Blvd rm-w-diag,237,W,ML,4,69084,85,8.852,37.422887,-121.925747
413846,McCarthy Blvd on,237,W,OR,2,69084,85,8.852,37.422887,-121.925747
413847,Calaveras Blvd rm-w-slip,237,W,FF,3,69084,85,9.122,37.424197,-121.921335
413848,Calaveras Blvd on,237,W,OR,3,69084,85,9.142,37.424313,-121.921016
413869,Almaden Blvd off to Rt 87,280,N,FR,2,68000,85,2.24,37.32492,-121.887192
413876,Bird Ave on,280,N,OR,2,68000,85,2.97,37.321613,-121.899642
413877,Bird Ave rm-n-diag,280,N,ML,5,68000,85,2.97,37.321613,-121.899642
413878,Almaden Blvd rm-n-diag,280,N,ML,4,68000,85,2.32,37.324641,-121.888603
413879,Almaden Blvd on,280,N,OR,2,68000,85,2.36,37.32451,-121.889312
413880,Almaden Blvd off to Bird Ave,280,N,FR,1,68000,85,2.46,37.324184,-121.891084
413980,Auto Mall Pkwy rm-n-loop,680,N,ML,4,26000,1,13.946,37.514578,-121.939494
413981,Auto Mall Pkwy on,680,N,OR,2,26000,1,13.946,37.514578,-121.939494
413982,Auto Mall Pkwy off,680,N,FR,1,26000,1,13.946,37.514578,-121.939494
413983,1800' N of Auto Mall Pkwy,680,N,ML,3,26000,1,14.296,37.519172,-121.942186
413984,4500' N of Auto Mall Pkwy,680,N,ML,3,26000,1,14.796,37.526059,-121.945964
413985,Washington Blvd rn-n-diag,680,N,ML,3,26000,1,15.726,37.534768,-121.934386
413986,Washington Blvd on,680,N,OR,2,26000,1,15.726,37.534768,-121.934386
413987,Washington Blvd off,680,N,FR,1,26000,1,15.726,37.534768,-121.934386
413988,Mission Blvd on,680,N,OR,2,26000,1,16.296,37.539395,-121.9258
414011,Mission Blvd on,680,S,OR,2,26000,1,16.3,37.539135,-121.92659
414015,oppo 1800' N of Auto Mall Pkwy,680,S,ML,5,26000,1,14.28,37.519045,-121.942663
414016,oppo 4500' N of Auto Mall Pkwy,680,S,ML,5,26000,1,14.78,37.52525,-121.947054
414023,Alhambra Ave off,4,W,FR,2,,13,8.762,37.990587,-122.130781
414025,Center Ave rm-e-diag,4,E,ML,3,46114,13,9.649,37.996141,-122.117435
414026,Center Ave off,4,E,FR,1,46114,13,9.339,37.993745,-122.12221
414027,Center Ave on,4,E,OR,2,46114,13,9.649,37.996141,-122.117435
414028,Morello Ave rm-e-diag,4,E,ML,3,46114,13,10.769,37.990892,-122.098451
414029,Morello Ave on,4,E,OR,2,46114,13,10.769,37.990892,-122.098451
414030,Morello Ave off,4,E,FR,1,46114,13,10.559,37.992193,-122.101939
414031,E of Morello Ave,4,E,ML,3,46114,13,11.079,37.990569,-122.092837
414032,Pacheco Blvd rm-e-diag,4,E,ML,2,46114,13,12.048,37.992589,-122.07532
414033,Pacheco Blvd on,4,E,OR,2,46114,13,12.058,37.992648,-122.075147
414034,Pacheco Blvd off,4,E,FR,2,46114,13,12.018,37.992415,-122.075829
414035,1 mi E of Bailey Rd,4,E,ML,4,,13,20.761,38.019405,-121.924664
414041,Harbor St/Railroad Ave,4,E,ML,5,57456,13,23.391,38.01402,-121.877505
414042,Port Chicago on,4,W,OR,2,16000,13,14.598,38.008139,-122.031914
414043,Bailey Rd West off,4,W,ML,5,,13,19.908,38.019105,-121.939375
414044,Bailey Rd off,4,W,FR,1,,13,19.878,38.019105,-121.939924
414045,Alhambra Ave on,4,W,OR,1,,13,8.672,37.990274,-122.132376
414046,Alhambra Ave rm-w-diag,4,W,ML,3,,13,8.662,37.990239,-122.132554
414050,Morello Ave rm-w-diag,4,W,ML,3,46114,13,10.512,37.992454,-122.10187
414051,Morello Ave on,4,W,OR,2,46114,13,10.492,37.992583,-122.102198
414052,Morello Ave off,4,W,FR,2,46114,13,10.672,37.991412,-122.099241
414053,Pacheco Blvd rm-w-diag,4,W,ML,2,46114,13,11.969,37.992687,-122.075672
414054,Pacheco Blvd off,4,W,FR,1,46114,13,12.019,37.99293,-122.074923
414055,Pacheco Blvd on,4,W,OR,2,46114,13,11.979,37.992709,-122.075604
414056,oppo E of Morello Ave,4,W,ML,3,46114,13,11.032,37.990878,-122.092761
414057,oppo 1 mi E of Bailey Rd,4,W,ML,4,,13,20.704,38.019567,-121.924775
414058,Port Chicago rm-w-diag,4,W,ML,3,16000,13,14.718,38.008721,-122.029848
414067,Hamilton Ave on,17,N,OR,2,10340,85,25.003,37.295894,-121.939065
414093,Columbus Pkwy rm-w-loop,80,W,ML,4,81666,95,33.222,38.140344,-122.219402
414102,Columbus Pkwy on,80,W,OR,1,81666,95,33.222,38.140344,-122.219402
414103,Columbus Pkwy off,80,W,FR,1,81666,95,33.222,38.140344,-122.219402
414130,Curtner Ave off,87,N,FR,1,68000,85,2.66,37.291828,-121.871836
414134,Curtner ave on,87,S,OR,1,68000,85,2.65,37.291715,-121.871799
414192,E 6th St OC,101,N,ML,3,29504,85,355.911,37.010623,-121.55997
414194,Great America Pkwy on,101,N,OR,1,69084,85,392.517,37.386502,-121.979292
414212,Ralston Ave on,101,N,OR,3,5108,81,411.857,37.527635,-122.271478
414227,oppo E 6th St OC,101,S,ML,3,29504,85,355.947,37.01052,-121.560339
414238,Holly St on to SB 101,101,S,OR,1,60102,81,410.673,37.514416,-122.256802
414239,Holly St off-s-diag,101,S,FR,1,60102,81,410.743,37.515166,-122.257655
414247,oppo 1700' S of Clayton Rd,242,N,ML,3,16000,13,0.589,37.963535,-122.050151
414248,oppo 0.42 mi S of Concord Ave,242,N,ML,3,16000,13,1.309,37.973425,-122.046244
414249,N of Solano Way,242,N,ML,4,16000,13,2.699,37.992699,-122.039408
414250,1700' S of Clayton Rd,242,S,ML,3,16000,13,0.589,37.963553,-122.05039
414251,0.42 mi S of Concord Ave,242,S,ML,3,16000,13,1.309,37.973476,-122.046477
414252,oppo N of Solano Way,242,S,ML,4,16000,13,2.699,37.992735,-122.039621
414253,EB 4 rm-s-diag,242,S,ML,3,16000,13,3.449,38.002914,-122.037482
414254,EB 4 on,242,S,OR,1,16000,13,3.429,38.002643,-122.037536
414284,NB 87/SB 87 rm-n-fly/diag,280,N,ML,5,68000,85,2.77,37.323066,-121.896538
414285,NB 87/SB 87 on,280,N,OR,3,68000,85,2.68,37.323431,-121.89497
414293,Alhambra ave on,4,E,OR,2,46114,13,8.959,37.991,-122.12817
414294,Alhambra ave rm-e-diag,4,E,ML,2,46114,13,8.969,37.991042,-122.127995
414295,oppo Pine St/Center Ave,4,E,ML,3,46114,13,9.359,37.993914,-122.121913
414305,Alhambra ave off,4,W,FR,2,,13,8.922,37.991152,-122.127926
414306,Pine St/Center Ave rm-w-diag,4,W,ML,3,46114,13,9.312,37.994194,-122.121907
414307,Pine St/Center Ave off,4,W,FR,1,46114,13,9.322,37.994279,-122.121754
414308,Pine St/Center Ave on,4,W,OR,2,46114,13,9.302,37.994109,-122.122061
414309,Arnold Industrial Way off,4,W,FR,1,,13,13.578,38.00217,-122.048927
414310,Arnold Industrial Way on,4,W,OR,2,,13,13.448,38.001603,-122.051217
414311,Arnold Industrial Way,4,W,ML,2,,13,13.438,38.001561,-122.051391
414434,Sierra Point Prkwy off,101,N,FR,1,73262,81,425.627,37.67089,-122.391684
414470,SFIA on,101,S,OR,1,,81,421.643,37.617632,-122.398979
414478,Port Chicago Hwy on loop,4,E,OR,1,16000,13,15.084,38.009294,-122.0241
414479,Port Chicago Hwy off diag,4,E,FR,1,16000,13,15.044,38.009174,-122.024819
414480,oppo SB 242 conn,4,E,ML,5,16000,13,15.034,38.00914,-122.024998
414488,Willow Pass Rd (Concord) on,4,W,OR,2,16000,13,16.438,38.013608,-121.99884
414694,Meridian Ave rm-n-loop,280,N,ML,4,,85,3.91,37.315051,-121.913497
414695,Meridian Ave off,280,N,FR,2,,85,3.91,37.315051,-121.913497
414696,Meridian Ave on,280,N,OR,1,,85,3.92,37.315104,-121.913666
414706,Hillcrest Ave on,4,E,OR,2,2252,13,28.691,37.995809,-121.783656
414707,oppo Hillcrest Ave rm-w-diag,4,E,ML,4,2252,13,28.461,37.996513,-121.787786
414708,Hillcrest Ave off,4,E,FR,2,2252,13,28.441,37.996574,-121.788144
414716,Hillcrest Ave on loop,4,W,OR,2,2252,13,28.63,37.996052,-121.783807
414718,Hillcrest Ave off,4,W,FR,2,2252,13,28.75,37.995682,-121.781646
414719,Hillcrest Ave rm-w-diag,4,W,ML,4,2252,13,28.43,37.996667,-121.787405
414720,Hillcrest Ave on diag,4,W,OR,1,2252,13,28.43,37.996667,-121.787405
414758,YBI Macalla Rd rm-w-loop,80,W,ML,5,67000,75,4.46,37.8121,-122.362981
414759,YBI Macalla Rd on,80,W,OR,2,67000,75,4.45,37.811991,-122.3631
414797,El Camino Real off,92,E,FR,1,68252,81,11.826,37.549454,-122.313683
414798,El Camino Real on loop,92,E,OR,2,68252,81,11.906,37.54998,-122.312406
414799,El Camino Real on diag,92,E,OR,2,68252,81,12.016,37.550944,-122.310834
414821,El Camino Real on diag,92,W,OR,2,68252,81,11.836,37.549592,-122.31361
414822,NB El Camino Real off,92,W,FR,1,68252,81,12.016,37.55107,-122.310902
414831,Hillcrest Ave rm-e-diag,4,E,ML,4,2252,13,28.691,37.995809,-121.783656
414839,Hillcrest Ave rm-w-loop,4,W,ML,3,2252,13,28.63,37.996052,-121.783807
414840,Hillcrest Ave rm-w-loop,4,W,ML,3,2252,13,28.75,37.995682,-121.781646
414918,S Delaware St off diag,92,E,FR,1,68252,81,12.276,37.552402,-122.306641
414919,S Delaware St on,92,E,OR,1,68252,81,12.426,37.552461,-122.303913
414920,S Delaware St off loop,92,W,FR,1,68252,81,12.306,37.552614,-122.306115
414949,S Delaware St on,92,W,OR,1,68252,81,12.216,37.552538,-122.307782
415208,oppo E of Maritime,948,S,ML,2,53000,1,0.61,37.822729,-122.300647
415253,W of Buchanan St,80,E,ML,5,6000,1,12.29,37.884807,-122.308622
415254,oppo Hercules off,80,E,ML,4,33308,13,23.523,38.01664,-122.267759
415255,oppo SR4 on,80,E,ML,5,33308,13,23.18,38.012634,-122.271459
415263,McBryde Ave off,80,W,ML,4,60620,13,17.218,37.949897,-122.326742
415264,Hercules off,80,W,ML,4,33308,13,23.513,38.01661,-122.267992
415491,1st St off,580,E,FR,1,41992,1,26.782,37.702335,-121.74132
415492,1st St on,580,E,OR,2,41992,1,26.612,37.702925,-121.738302
415511,1st St off,580,W,FR,1,41992,1,26.824,37.702902,-121.73943
415512,1st St off,580,W,FR,1,41992,1,26.914,37.702625,-121.741031
415527,WB Hwy 4 to NB Hwy 160,4,W,FF,2,2252,13,30.242,37.99013,-121.755302
415606,SB 101,92,E,FF,2,68252,81,13.096,37.553842,-122.29183
415607,NB 101,92,E,FF,1,68252,81,13.106,37.55389,-122.291658
415636,NB 101,92,W,FF,2,68252,81,13.026,37.553869,-122.293168
415637,Foster City Blvd off,92,W,FR,1,68252,81,14.326,37.563853,-122.273411
415649,Lakeville Hwy rm-n-diag,101,N,ML,2,56784,97,472.522,38.235551,-122.618943
415655,Lakeville Hwy off,101,N,FR,1,56784,97,472.432,38.234343,-122.61833
415656,Lakeville Hwy on,101,N,OR,2,56784,97,472.512,38.235417,-122.618875
415657,oppo Kastania Rd rm-s-diag,101,N,ML,3,,97,471.192,38.219719,-122.605825
415658,Kastania Rd off,101,N,FR,1,,97,471.192,38.219719,-122.605825
415667,Kastania Rd rm-n-diag,101,N,ML,2,,97,471.382,38.221612,-122.60855
415668,Kastania Rd on,101,N,OR,2,,97,471.382,38.221612,-122.60855
415691,Lakeview Hwy off,101,S,FR,1,56784,97,471.894,38.235973,-122.6194
415692,Lakeview Hwy on,101,S,OR,2,56784,97,471.834,38.235165,-122.618985
415697,Kastania Rd rm-s-diag,101,S,ML,3,,97,470.484,38.219173,-122.605497
415703,Kastania Rd on,101,S,OR,3,,97,470.484,38.219173,-122.605497
415704,oppo Kastania Rd rm-n-diag,101,S,ML,2,,97,470.714,38.221495,-122.608711
415705,Kastania Rd off,101,S,FR,1,,97,470.784,38.222162,-122.609668
415727,EB 4 conn-n-fly,160,N,FF,2,,13,0.55,38.013534,-121.751643
415728,WB 4 conn-n-diag,160,N,FF,2,,13,0.54,38.013379,-121.751673
415817,Hacienda Dr off,580,E,FR,2,57792,1,34.942,37.701406,-121.889651
415818,Hacienda Dr on,580,E,OR,1,57792,1,34.882,37.70141,-121.888557
415837,Vasco Rd  off diag,580,W,FR,1,41992,1,25.804,37.709595,-121.722819
415838,Vasco Rd off,580,W,FR,1,41992,1,25.924,37.708776,-121.724751
415839,Vasco Rd on loop,580,W,OR,1,41992,1,25.974,37.708439,-121.725562
415928,Foster City Blvd off,92,E,FR,2,25338,81,14.206,37.562563,-122.274878
415929,Mariners Island Blvd off,92,E,FR,1,68252,81,13.566,37.556871,-122.284142
416141,Vasco Rd  on diag,580,W,OR,3,41992,1,25.994,37.708304,-121.725887
416144,500' N of Lake St,1,N,ML,2,67000,75,443.388,37.791909,-122.469662
416145,oppo 500' N of Lake St,1,S,ML,2,67000,75,443.345,37.792051,-122.469816
416444,Vasco Rd off coll,580,W,FR,1,41992,1,25.794,37.709663,-121.722658
416449,oppo E of Gavallo Rd UC,4,E,ML,5,2252,13,27.971,37.997951,-121.796612
416459,E of Gavallo Rd UC,4,W,ML,5,2252,13,27.92,37.998174,-121.796584
416587,Denman Rd,101,N,ML,3,,97,476.852,38.27719,-122.676476
416620,oppo Denman Rd,101,S,ML,3,56784,97,476.184,38.276915,-122.676458
416623,Tully Rd rm-s-loop,101,S,ML,5,68000,85,382.869,37.320339,-121.833585
416627,Tully Rd on,101,S,OR,2,68000,85,382.869,37.320339,-121.833585
416628,Tully Rd off,101,S,FR,2,68000,85,382.869,37.320339,-121.833585
416706,McLaughlin Ave off,280,S,FR,1,68000,85,0.56,37.334524,-121.860098
416731,oppo E of El Charro Rd,580,E,ML,7,,1,32.112,37.70099,-121.838007
416774,El Portal Dr rm-w-diag,80,W,ML,4,,13,18.503,37.965473,-122.323829
416790,oppo El Portal Dr rm-w-diag,80,E,ML,4,,13,18.503,37.965565,-122.323404
416911,Lincoln Ave rm-s-diag,101,S,ML,4,68364,41,452.715,37.987323,-122.526075
416921,Rengstorff Ave off,101,S,FR,1,49670,85,399.243,37.420516,-122.091984
416922,Rengstorff Ave on,101,S,OR,3,49670,85,399.203,37.420125,-122.091445
416927,Laurel Rd off,4,E,FR,2,2252,13,31.162,37.980423,-121.745599
416928,Laurel Rd on,4,E,OR,1,2252,13,31.202,37.979916,-121.745244
416929,oppo A St rm-w-diag,4,E,ML,4,2252,13,27.301,37.998046,-121.808922
416930,Lone Tree Wy  rm-e-diag,4,E,ML,4,2252,13,27.621,37.998036,-121.803031
416931,Lone Tree Wy on,4,E,OR,2,2252,13,27.621,37.998036,-121.803031
416932,Lone Tree Wy off,4,E,FR,2,2252,13,27.371,37.998042,-121.807636
416940,A St rm-w-diag,4,W,ML,4,2252,13,27.24,37.998257,-121.809077
416941,A St off,4,W,FR,2,2252,13,27.57,37.998257,-121.80301
416942,A St on,4,W,OR,3,2252,13,27.31,37.998256,-121.807789
416943,oppo Lone Tree Wy  rm-e-diag,4,W,ML,4,2252,13,27.57,37.998257,-121.80301
416970,El Portal Dr off,80,E,FR,1,,13,18.503,37.965565,-122.323404
417123,Concord Ave on,242,N,OR,3,16000,13,1.729,37.979004,-122.043205
417124,Clayton Rd off,242,N,FR,2,16000,13,0.969,37.968761,-122.048078
417125,Clayton Rd on,242,S,OR,2,16000,13,0.959,37.968654,-122.048342
417126,Concord Ave on,242,S,OR,2,16000,13,1.739,37.979212,-122.043366
417212,35th St / Peralta UC,580,E,ML,5,53000,1,61.873,37.82719,-122.281451
417234,oppo 35th St / Peralta UC,580,W,ML,5,53000,1,62.035,37.827489,-122.281915
417277,oppo El Portal Dr,80,E,ML,4,,13,18.333,37.964182,-122.325908
417288,El Portal Dr rm-w-diag,80,W,ML,5,,13,18.333,37.964094,-122.326415
417374,Ralston Ave off-e-loop,92,E,ML,2,68252,81,8.866,37.515412,-122.328878
417375,Ralston Ave on diag,92,E,OR,1,68252,81,8.866,37.515412,-122.328878
417376,Ralston Ave off loop,92,E,FR,2,,81,8.766,37.514003,-122.32914
417405,oppo Ralston Ave off-e-loop,92,W,ML,2,,81,8.746,37.513786,-122.329448
417406,Ralston Ave on loop,92,W,OR,1,,81,8.746,37.513786,-122.329448
417407,Ralston Ave off diag,92,W,FR,1,,81,8.766,37.514052,-122.329319
417568,Santa Rita Rd. on,580,E,OR,3,57792,1,33.832,37.701322,-121.869395
417588,Greenville Rd on,580,W,OR,2,41992,1,24.695,37.717123,-121.704989
417589,Greenville Rd off,580,W,FR,1,41992,1,24.695,37.717123,-121.704989
417665,oppo EB 92 rm-s-diag,880,N,ML,4,33000,1,26.787,37.6431,-122.092479
417666,Jackson St rm-n-diag,880,N,ML,4,33000,1,27.027,37.646129,-122.094618
417667,Jackson St on,880,N,OR,1,33000,1,27.027,37.646129,-122.094618
417676,EB 92 rm-s-diag,880,S,ML,5,33000,1,26.787,37.642983,-122.0927
417677,EB 92 on,880,S,OR,1,33000,1,26.787,37.642983,-122.0927
417678,Jackson St on,880,S,OR,2,33000,1,26.877,37.644125,-122.093482
417711,Laurel Dr off,24,W,FR,1,39122,13,10.868,37.89476,-122.117583
417712,Laurel Dr on,24,W,OR,1,39122,13,10.798,37.89455,-122.118824
417720,Red Top rd on,80,E,OR,1,23182,95,38.962,38.202928,-122.155877
417721,Auto Mall Pkwy on,80,E,OR,1,23182,95,44.383,38.247249,-122.074294
417722,NB 680 on,80,E,OR,3,23182,95,40.443,38.217817,-122.135978
417723,W Texas St/Beck Rd on,80,E,OR,2,23182,95,44.993,38.253323,-122.066493
417730,Red Top rd off,80,W,FR,1,23182,95,38.982,38.203322,-122.155832
417731,Travis Blvd on,80,W,OR,1,23182,95,45.413,38.258526,-122.062402
417732,Rockville Rd on,80,W,OR,2,23182,95,44.573,38.248687,-122.071376
417733,Travis Blvd on,80,W,OR,1,23182,95,45.333,38.257563,-122.063217
417744,Green Valley Rd on,80,W,OR,2,23182,95,39.662,38.210407,-122.147171
417876,Lawrence Expwy on diag,237,E,OR,2,77000,85,4.767,37.409595,-121.996669
417877,Lawrence Expwy on coll,237,E,OR,1,77000,85,4.787,37.409675,-121.996301
417878,Great America Pkwy on,237,E,OR,2,69084,85,6.227,37.417735,-121.972451
417879,Fair Oaks Ave. off,237,E,FR,1,77000,85,3.917,37.406337,-122.011433
417880,Lawrence Expwy off coll,237,W,FR,1,77000,85,4.767,37.409747,-121.996691
417881,Lawrence Expwy off diag,237,W,FR,1,77000,85,4.757,37.409707,-121.996878
417882,Lawrence Expwy on diag,237,W,OR,1,77000,85,4.537,37.40887,-122.000817
417883,Lawrence Expwy on coll,237,W,OR,1,77000,85,4.527,37.408833,-122.000989
417884,Mathilda Ave on,237,W,OR,1,77000,85,2.967,37.402842,-122.028376
417885,Great America Pkwy off,237,W,FR,1,69084,85,6.227,37.417981,-121.972547
417888,Fair Oaks Ave. on,237,W,OR,1,77000,85,3.907,37.406475,-122.011621
417890,Concord Ave on,242,N,OR,2,16000,13,1.719,37.978869,-122.043278
418015,Bollinger Canyon Rd on,680,N,OR,2,68378,13,34.363,37.761391,-121.966173
418168,Sir Francis Drake Blvd on,101,N,OR,3,68364,41,450.003,37.945448,-122.514406
418179,Baker Ave off,101,N,FR,1,70098,97,487.652,38.421215,-122.715338
418180,Baker Ave on,101,N,OR,1,70098,97,487.652,38.421215,-122.715338
418181,Hearn Ave off,101,N,FR,2,70098,97,487.132,38.413693,-122.715906
418182,Hearn Ave on,101,N,OR,2,70098,97,487.132,38.413693,-122.715906
418183,Wilfred Ave off,101,N,FR,1,,97,483.682,38.364327,-122.712405
418184,Wilfred Ave on,101,N,OR,2,,97,483.682,38.364327,-122.712405
418189,Rohnert Park Expwy off,101,S,FR,2,62546,97,482.114,38.351379,-122.713225
418190,Rohnert Park Expwy on,101,N,OR,3,62546,97,482.772,38.351161,-122.712983
418218,Baker Ave off,101,S,FR,1,70098,97,486.934,38.420521,-122.715784
418219,Baker Ave on,101,S,OR,2,70098,97,486.934,38.420521,-122.715784
418223,Francisco Blvd West off,101,S,FR,1,68364,41,450.565,37.961812,-122.510124
418224,Francisco Blvd West on,101,S,OR,2,68364,41,450.565,37.961812,-122.510124
418233,Hearn Ave off,101,S,FR,1,,97,486.464,38.413712,-122.7162
418234,Hearn Ave on,101,S,OR,2,,97,486.464,38.413712,-122.7162
418235,Todd Rd off,101,S,FR,1,,97,484.544,38.385827,-122.716316
418236,Todd Rd on,101,S,OR,1,,97,484.544,38.385827,-122.716316
418241,Rohnert Park Expwy off,101,S,FR,3,62546,97,481.974,38.349356,-122.713183
418242,Rohnert Park Expwy on,101,S,OR,2,62546,97,481.954,38.349067,-122.713177
418244,oppo Rohnert Park Expwy,101,S,ML,3,62546,97,482.114,38.351379,-122.713225
418255,Solano Way on,242,N,OR,1,16000,13,2.369,37.988174,-122.04039
418256,Solano Way off,242,S,FR,1,16000,13,2.529,37.990422,-122.040133
418342,Vasco Rd off,580,E,FR,1,41992,1,25.623,37.709558,-121.722218
418343,Vasco Rd on,580,E,OR,2,41992,1,25.553,37.710034,-121.7211
418365,Alcosta Blvd on,680,N,OR,3,20018,13,31.503,37.724997,-121.941236
418366,Waterfront Rd on,680,N,OR,2,,13,55.895,38.024635,-122.109562
418387,Mission Blvd off loop,680,N,FR,1,26000,1,12.396,37.496195,-121.923753
418388,Mission Blvd on,680,N,OR,3,26000,1,12.406,37.496302,-121.923874
418413,Crow Canyon Rd on,680,S,OR,2,68378,13,35.598,37.777206,-121.975377
418419,Mission Blvd off diag,680,S,FR,1,26000,1,12.4,37.49632,-121.924349
418422,Auto Mall Pkwy off,680,S,FR,1,26000,1,13.89,37.513955,-121.939573
418423,Auto Mall Pkwy on,680,S,OR,2,26000,1,13.89,37.513955,-121.939573
418449,Warren Ave on,880,N,OR,2,26000,1,12.547,37.483078,-121.936323
418450,Marina Blvd on,880,N,OR,2,68084,1,33.187,37.711717,-122.168258
418451,Lewelling Blvd on,880,N,OR,2,,1,30.647,37.687544,-122.133225
418456,SB 238  off,880,S,FR,1,,1,30.557,37.68658,-122.132116
418457,SB 238 on,880,S,OR,3,,1,30.557,37.68658,-122.132116
418462,Marina Blvd off diag,880,S,FR,1,68084,1,32.967,37.709526,-122.165386
418463,Marina Blvd off loop,880,S,FR,1,68084,1,32.957,37.70943,-122.165249
418464,Marina Blvd on,880,S,OR,2,68084,1,32.947,37.709334,-122.165111
418465,Mission Blvd on,880,S,OR,3,26000,1,12.202,37.478472,-121.933858
418601,NB College Ave on,101,N,OR,2,70098,97,489.572,38.447225,-122.724799
418602,6th St on,101,N,OR,1,70098,97,489.042,38.44047,-122.72011
418603,EB 12/WB 12 off,101,N,FR,1,70098,97,488.412,38.432104,-122.715593
418604,EB 12/WB 12 on,101,N,OR,2,70098,97,488.412,38.432104,-122.715593
418638,EB 12 on,101,S,OR,2,70098,97,487.654,38.430806,-122.71547
418650,Third St on,101,S,OR,1,70098,97,488.104,38.436946,-122.718
418651,WB 12 off,101,S,FR,1,70098,97,487.734,38.431917,-122.715812
418652,WB 12 on,101,S,OR,2,70098,97,487.734,38.431917,-122.715812
418661,Great America Pkwy  on,237,W,OR,1,69084,85,5.707,37.414471,-121.980878
418662,Great America Pkwy  off,237,W,FR,1,69084,85,5.807,37.415135,-121.979286
418663,Great America Pkwy  rm-w-diag,237,W,ML,3,69084,85,5.707,37.414471,-121.980878
418816,Jackson Ave on,680,S,OR,3,68000,85,0.97,37.349493,-121.839218
418817,King Rd rm-s-diag,680,S,ML,3,68000,85,0.2,37.341525,-121.849158
418818,King Rd on,680,S,OR,2,68000,85,0.19,37.341439,-121.849299
418849,Gish Rd off,880,N,FR,1,68000,85,4.5,37.370203,-121.901514
418850,Gish Rd on,880,N,OR,2,68000,85,4.5,37.370203,-121.901514
418851,N 1st St on,880,N,OR,1,68000,85,3.51,37.357526,-121.907884
418852,N 1st St off,880,N,FR,1,68000,85,3.5,37.357413,-121.907997
418860,Montague Expressway on,880,S,OR,2,68000,85,6.54,37.399227,-121.908515
418861,Montague Expressway off,880,S,FR,1,68000,85,6.55,37.399369,-121.90855
418862,N First St on,880,S,OR,1,68000,85,3.44,37.356826,-121.908804
418864,N First St on,880,S,OR,1,68000,85,3.64,37.359087,-121.906538
418869,Willow Pass Rd on,4,E,OR,2,,13,16.744,38.014622,-121.994448
418870,Willow Pass Rd off,4,E,FR,1,,13,16.894,38.015863,-121.992192
418932,Cottle rd on,85,N,OR,3,68000,85,2.11,37.243208,-121.806387
419056,Geneva Ave off,280,N,FR,2,67000,75,51.501,37.719718,-122.448225
419057,De Anza Blvd rm-n-diag,280,N,ML,4,17610,85,10.912,37.334468,-122.034052
419058,De Anza Blvd on,280,N,OR,2,17610,85,10.922,37.334466,-122.034234
419092,De Anza Blvd on,280,S,OR,3,17610,85,10.682,37.334249,-122.02993
419093,Geneva Ave on,280,S,OR,2,67000,75,51.613,37.72142,-122.448253
419158,Port Chicago Hwy on,4,E,OR,2,16000,13,15.074,38.009275,-122.024282
419159,Port Chicago Hwy off loop,4,E,FR,1,16000,13,15.244,38.009627,-122.021201
419192,Magazine St off,80,E,FR,1,81666,95,29.182,38.084289,-122.233042
419193,Magazine St on,80,E,OR,1,81666,95,29.202,38.08458,-122.232995
419207,Magazine St off,80,W,FR,1,81666,95,29.222,38.084974,-122.233096
419208,Magazine St  on,80,W,OR,1,81666,95,29.212,38.084834,-122.233136
419479,Georgia St off,80,E,FR,1,81666,95,30.392,38.10138,-122.229663
419480,Georgia St on,80,E,OR,1,81666,95,30.432,38.101956,-122.229654
419489,Georgia St off,80,W,FR,1,81666,95,30.312,38.100272,-122.229869
419490,Georgia St on,80,W,OR,1,81666,95,30.282,38.099842,-122.229874
419609,Capitol Expwy off,101,S,FR,3,68000,85,381.509,37.304722,-121.818482
419662,Sonoma Blvd on,37,E,OR,1,81666,95,19.283,38.140282,-122.253117
419664,Sonoma Blvd off,37,W,FR,4,81666,95,19.373,38.141277,-122.251981
419665,Sonoma Blvd on,37,W,OR,1,81666,95,19.283,38.140335,-122.253057
420001,Warren Ave off,880,N,FR,1,26000,1,12.332,37.480308,-121.93453
420002,Mission Blvd off,880,N,FR,1,26000,1,12.372,37.480844,-121.93481
420007,SB 160 on,4,E,OR,1,2252,13,30.452,37.988937,-121.752704
420141,oppo Laguna de Santa Rosa,101,N,ML,4,,97,483.962,38.36836,-122.712213
420185,Wilfred Ave on,101,S,OR,3,62546,97,483.024,38.364505,-122.712662
420279,oppo Hollis St,580,E,ML,5,53000,1,62.083,37.826861,-122.285019
420298,Hollis St,580,W,ML,5,53000,1,62.235,37.827101,-122.285308
420340,YBI Hillcrest Rd rm-e-diag,80,E,ML,5,67000,75,4.44,37.811826,-122.363109
420341,YBI Hillcrest Rd on,80,E,OR,1,67000,75,4.46,37.812048,-122.362873
420469,W of SR-242,4,W,ML,3,,13,13.668,38.002575,-122.047364
420613,oppo SR 242,680,N,ML,3,57764,13,50.247,37.959899,-122.052701
420614,oppo S 242/Monument off gore,680,N,ML,6,57764,13,49.857,37.954465,-122.053923
420615,Rudgear rd on,680,N,OR,1,83346,13,44.153,37.881469,-122.050556
420643,SR 242,680,S,ML,4,57764,13,50.313,37.960182,-122.052944
420644,Monument off,680,S,FR,1,57764,13,50.323,37.960434,-122.053047
420645,oppo SB 242/Monument off gore,680,S,ML,7,57764,13,49.903,37.954719,-122.054067
420646,N Main St off,680,S,FR,2,83346,13,47.409,37.919424,-122.062895
420647,s main st off,680,S,FR,1,83346,13,44.709,37.887311,-122.056706
420689,Appian Way on,80,E,OR,2,57288,13,20.953,37.993386,-122.301536
420959,Santa Rita Rd on,580,E,OR,2,57792,1,33.972,37.701329,-121.871949
420960,Santa Rita Rd off,580,E,FR,2,57792,1,34.122,37.701347,-121.874686
420973,Green Valley Rd on,12,W,OR,1,,95,38.946,38.223607,-122.122327
421006,WB 12 conn-w-diag,80,W,ML,5,23182,95,39.933,38.21298,-122.143408
421007,WB 12 conn-w-diag,80,W,FF,2,23182,95,39.933,38.21298,-122.143408
421237,R-SR Bridge Pier 21,580,E,ML,3,,41,73.222,37.938416,-122.460813
421238,R-SR Bridge Pier 49,580,E,ML,3,60620,13,71.146,37.933492,-122.42342
421239,R-SR Bridge Pier 35,580,E,ML,3,,41,72.182,37.934702,-122.442418
421258,oppo R-SR Bridge Pier 21,580,W,ML,2,,41,73.152,37.938456,-122.460808
421260,oppo R-SR Bridge Pier 49,580,W,ML,2,60620,13,71.076,37.933564,-122.423532
421261,oppo R-SR Bridge Pier 35,580,W,ML,2,,41,72.112,37.934777,-122.442463
421418,NB College Ave off,101,N,FR,1,70098,97,489.332,38.444159,-122.722687
421449,SB College Ave on,101,S,OR,2,70098,97,488.694,38.444472,-122.723148
421450,SB College Ave off,101,S,FR,3,70098,97,488.734,38.444978,-122.723507
421508,Port Chicago Hwy off diag,4,E,FR,1,16000,13,15.024,38.009106,-122.025176
421513,Port Chicago Hwy off,4,W,FR,1,16000,13,15.278,38.010362,-122.019767
421640,oppo N of Masten Blvd,101,N,ML,3,,85,360.071,37.066694,-121.587509
421675,N of Masten Blvd,101,S,ML,3,,85,360.117,37.066739,-121.587963
421688,E of Napa/Sol county line,12,E,ML,2,,95,36.426,38.208856,-122.19956
421689,oppo E of Napa/Sol county line,12,W,ML,2,,95,36.426,38.208856,-122.19956
421744,WB 80 to WB 12 connector,80,W,ML,2,23182,95,39.542,38.209263,-122.148832
421771,El Camino Real rm-e-loop,92,E,ML,2,68252,81,11.886,37.549838,-122.312717
421792,El Camino Real on loop,92,W,OR,2,68252,81,11.976,37.550694,-122.311473
421793,El Camino Real rm-w-diag,92,W,ML,2,68252,81,11.826,37.549528,-122.313771
421970,oppo SB 160 rm-w-diag,4,E,ML,3,2252,13,29.852,37.990996,-121.763325
421971,Laurel Rd on,4,E,OR,1,2252,13,31.212,37.979789,-121.745155
421972,Railroad Ave off,4,E,FR,2,,13,22.551,38.01749,-121.892302
421977,SB 160 rm-w-diag,4,W,ML,3,2252,13,29.782,37.991289,-121.763626
421981,Laurel Rd off,4,W,FR,1,2252,13,31.142,37.9804,-121.74503
421982,Laurel Rd on,4,W,OR,3,2252,13,30.882,37.983658,-121.747439
421983,Railroad Ave rm-w-diag,4,W,OR,2,,13,22.504,38.017781,-121.892161
422019,W37 conn-w-diag,80,W,ML,4,81666,95,33.542,38.144611,-122.217158
422025,WB 37 conn-w-diag,80,W,FF,2,81666,95,33.542,38.144611,-122.217158
422043,Almaden Expwy on,85,N,OR,2,68000,85,6.08,37.25595,-121.874403
422114,Broadway off,101,N,FR,2,9066,81,418.847,37.590819,-122.362214
422116,oppo S of Clarke Ave,101,N,ML,5,20970,81,402.607,37.456467,-122.133857
422143,Ignacio Blvd off,101,S,FR,1,,41,458.585,38.065834,-122.537208
422161,S of Clarke Ave,101,S,ML,5,20970,81,402.623,37.45613,-122.133712
422197,Sickles Ave UC on,280,N,OR,1,67000,75,50.781,37.711252,-122.454834
422198,Sickles Ave UC off,280,N,FR,1,67000,75,50.921,37.712594,-122.452951
422233,SB 85 conn,280,S,OR,1,17610,85,11.962,37.332895,-122.052964
422234,SB 85 conn,280,S,OR,3,17610,85,11.962,37.332895,-122.052964
422259,N Livermore Ave off,580,E,FR,2,,1,28.502,37.700968,-121.772462
422260,N Livermore Ave on,580,E,OR,2,,1,28.502,37.700968,-121.772462
422261,El Charro Rd on,580,E,OR,2,,1,32.582,37.701104,-121.846584
422262,El Charro Rd off,580,E,FR,2,,1,32.762,37.701135,-121.849868
422263,El Charro Rd on,580,E,OR,2,,1,32.762,37.701135,-121.849868
422357,N 1st St rm-n-diag,880,N,ML,3,68000,85,3.61,37.35866,-121.906756
422358,N 1st St on,880,N,OR,1,68000,85,3.61,37.35866,-121.906756
422359,Brokaw Rd rm-n-loop,880,N,ML,4,68000,85,5.27,37.380936,-121.904008
422360,Brokaw Rd on,880,N,OR,2,68000,85,5.27,37.380936,-121.904008
422361,Brokaw Rd off,880,N,FR,1,68000,85,5.13,37.378987,-121.903542
422401,EB 80 coll,80,E,FR,1,81666,95,29.632,38.090514,-122.230721
422402,EB 780 on loop,80,E,OR,1,81666,95,29.642,38.090652,-122.230667
422407,Lincoln Rd W off,80,W,FR,1,81666,95,29.542,38.089363,-122.231409
422408,Lincoln Rd W on,80,W,OR,1,81666,95,29.522,38.089092,-122.231526
422409,WB 80 coll,80,W,OR,1,81666,95,29.652,38.090866,-122.2308
422410,EB 780 off loop,80,W,FR,1,81666,95,29.642,38.090728,-122.230851
422411,EB 780 on diag,80,W,OR,1,81666,95,29.622,38.090453,-122.230954
422749,WB 80,780,E,ML,2,5290,95,6.588,38.091824,-122.231958
423084,WB 4 on,680,N,OR,1,,13,52.915,37.995226,-122.070516
423139,Montague Expwy rm-n-diag,880,N,ML,4,68000,85,6.86,37.403823,-121.909377
423140,Montague Expwy on,880,N,OR,2,68000,85,6.89,37.404251,-121.909479
423148,oppo Montague Expwy rm-n-diag,880,S,ML,4,68000,85,6.25,37.395106,-121.907561
423149,Montaque Expwy off,880,S,FR,1,68000,85,6.86,37.403781,-121.909595
423158,SB 160 rm-e-fly,4,E,ML,3,2252,13,30.472,37.988767,-121.752402
423301,NB 101 to WB 237 I/C on,101,N,OR,1,77000,85,395.937,37.401393,-122.038472
423336,oppo Tennessee St off-w-loop,80,E,ML,3,81666,95,31.052,38.110888,-122.229582
423344,Tennessee St off-e-diag,80,E,FR,1,81666,95,30.922,38.109014,-122.229552
423345,Tennessee St on-e-loop,80,E,OR,1,81666,95,30.942,38.109303,-122.229549
423346,Tennessee St off-e-loop,80,E,FR,1,81666,95,31.042,38.110744,-122.229574
423347,Tennessee St on-e-diag,80,E,OR,1,81666,95,31.062,38.111032,-122.22959
423360,Tennessee St on-w-loop,80,W,OR,1,81666,95,31.012,38.110322,-122.229759
423361,Tennessee St off,80,W,FR,2,81666,95,30.912,38.108882,-122.22976
423362,Tennessee St on-w-diag,80,W,OR,1,81666,95,30.902,38.108738,-122.229761
423396,Wilson Ave on,37,W,OR,1,81666,95,17.789,38.124318,-122.271063
423403,Wilson Ave off,37,W,FR,2,81666,95,17.809,38.124521,-122.270785
424031,oppo Stenmark Dr off-w-diag,580,E,ML,3,60620,13,69.906,37.931883,-122.400709
424042,Marine St rm-e-diag,580,E,ML,3,60620,13,69.346,37.930921,-122.391041
424043,Marine St on,580,E,OR,2,60620,13,69.316,37.930706,-122.390564
424045,Main St rm-e-diag,580,E,ML,3,68364,41,74.292,37.943045,-122.479558
424046,Main St on,580,E,OR,1,68364,41,74.352,37.943528,-122.48047
424047,Main St ML(upstream station),580,E,ML,3,68364,41,74.582,37.944818,-122.484261
424048,Main St off,580,E,FR,1,68364,41,74.622,37.944841,-122.484991
424051,oppo Sir Francis Drake Blvd,580,E,ML,2,68364,41,74.972,37.946218,-122.490886
424052,Sir Francis Drake Blvd on,580,E,OR,1,68364,41,74.972,37.946218,-122.490886
424054,oppo Stenmark Dr off-w-diag,580,E,OR,1,60620,13,69.936,37.931901,-122.401261
424055,R-SR Bridge Elect Shop,580,E,ML,3,60620,13,70.136,37.932214,-122.404914
424058,Marine St off,580,W,FR,1,60620,13,69.006,37.929319,-122.386551
424059,oppo Marine St rm-e-diag,580,W,ML,3,60620,13,69.346,37.931563,-122.392075
424075,oppo Main St rm-e-diag,580,W,ML,2,68364,41,74.222,37.943146,-122.479493
424076,Main St off,580,W,FR,1,68364,41,74.202,37.942981,-122.479182
424077,Francisco Blvd on-w-hook,580,W,ML,2,68364,41,74.662,37.944965,-122.486913
424081,Francisco Blvd on,580,W,OR,1,68364,41,74.692,37.944965,-122.487446
424082,Sir Francis Drake Blvd,580,W,ML,2,68364,41,74.902,37.946241,-122.490723
424083,Sir Francis Drake Blvd off,580,W,FR,1,68364,41,74.902,37.946241,-122.490723
424084,Stenmark Dr off,580,W,ML,3,60620,13,69.866,37.932233,-122.401264
424085,Stenmark Dr off-w-diag,580,W,FR,1,60620,13,69.846,37.932193,-122.400906
424086,R-SR Bridge Elect Shop,580,W,ML,2,60620,13,70.066,37.932538,-122.405041
424091,oppo E of Balfour Rd,4,E,ML,2,53070,13,35.408,37.922805,-121.732331
424092,oppo Balfour Rd rm-w-loop,4,E,ML,2,53070,13,35.298,37.924366,-121.732716
424093,Balfour Rd on,4,W,OR,2,53070,13,35.317,37.923933,-121.732455
424094,E of San Jose Ave UC,4,E,ML,2,53070,13,34.553,37.934579,-121.737108
424096,Balfour Rd rm-e-loop,4,E,ML,1,53070,13,35.128,37.92675,-121.73349
424097,Balfour Rd on,4,E,OR,2,53070,13,35.158,37.926337,-121.733308
424098,E of Ventura Dr,4,E,ML,1,53070,13,35.798,37.917173,-121.732127
424103,E of Balfour Rd off,4,W,FR,1,53070,13,35.397,37.9228,-121.732189
424104,Balfour Rd rm-w-loop,4,W,ML,1,53070,13,35.287,37.924364,-121.732557
424105,oppo E of San Jose Ave UC,4,W,ML,2,53070,13,34.539,37.934566,-121.737101
424110,oppo E of Ventura Dr,4,W,ML,1,53070,13,35.787,37.917144,-121.732127
424111,E of Balfour Rd,4,W,ML,1,53070,13,35.397,37.9228,-121.732189
424112,Balfour Rd off,4,W,FR,2,53070,13,35.337,37.923646,-121.732388
424404,Hacienda Dr on,580,W,OR,2,57792,1,35.074,37.70172,-121.889254
424420,Hacienda Dr rm-w-diag,580,W,ML,6,57792,1,34.984,37.701707,-121.887618
424571,Tunzi Rd,101,N,ML,3,,97,470.192,38.206326,-122.598647
424573,N of San Antonio Creek,101,N,ML,3,,97,468.912,38.187887,-122.600901
424574,oppo N of San Antonio Creek,101,S,ML,3,,97,468.244,38.188282,-122.601145
424611,oppo Tunzi Rd,101,S,ML,3,,97,469.524,38.206322,-122.598897
424627,Lark Ave on,17,N,OR,2,44112,85,21.573,37.251213,-121.958408
424901,Maritime St on,580,E,OR,1,53000,1,62.993,37.832529,-122.29429
424999,7th St off,880,N,FR,2,53000,1,43.557,37.80551,-122.303473
425000,Mission Blvd on,880,N,OR,3,26000,1,12.717,37.484973,-121.938331
425003,,880,S,FR,2,26000,1,12.707,37.484772,-121.938364
425004,Warren Ave on,880,S,OR,3,26000,1,12.537,37.48289,-121.936357
425008,7th St on,880,S,OR,2,53000,1,43.577,37.805659,-122.303914
425009,W Grand Ave/Maritime St off,948,S,FR,1,53000,1,1.05,37.824419,-122.308141
425245,Alemany Blvd off,280,N,FR,1,67000,75,53.431,37.731898,-122.417132
425246,Alemany Blvd on,280,N,OR,1,67000,75,53.751,37.733706,-122.410958
425281,Alemany Blvd on,280,S,OR,1,67000,75,53.433,37.731863,-122.421517
425282,Alemany Blvd off,280,S,FR,1,67000,75,53.763,37.732249,-122.415485
425325,Andrade Rd on,680,N,OR,1,,1,19.418,37.571674,-121.889392
425326,Andrade Rd off,680,N,FR,1,,1,19.378,37.571301,-121.889959
425327,Andrade Rd rm-n-diag,680,N,ML,4,,1,19.418,37.571674,-121.889392
425396,,880,N,OR,2,53000,1,42.987,37.802221,-122.294876
425545,San Antonio Rd rm-n-coll,101,N,ML,5,49670,85,399.997,37.428818,-122.101776
425546,San Antonio Rd on,101,N,OR,2,49670,85,400.087,37.429823,-122.102822
425694,Embarcadero Rd off,101,N,FR,1,55282,85,401.517,37.445738,-122.119527
425696,Embarcadero Rd off,101,N,FR,2,55282,85,401.687,37.44763,-122.121513
425697,Embarcadero Rd rm-n-coll,101,N,ML,4,55282,85,401.927,37.450295,-122.124287
425699,San Antonio Rd off,101,N,FR,1,49670,85,399.797,37.426603,-122.099455
425734,oppo Embarcadero Rd rm-n-coll,101,S,ML,4,55282,85,401.963,37.450145,-122.124496
425892,Rengstorff Ave rm-n-diag,101,N,ML,5,49670,85,399.327,37.421844,-122.093417
425893,Rengstorff Ave on,101,N,OR,2,49670,85,399.337,37.421942,-122.09355
425894,Rengstorff Ave off diag,101,N,FR,1,49670,85,399.217,37.420776,-122.091947
425895,Rengstorff Ave off loop,101,N,FR,1,49670,85,399.307,37.42165,-122.09315
425897,Embarcadero Rd on,101,N,OR,2,55282,85,401.967,37.450723,-122.124766
425940,oppo Rengstorff Ave rm-n-diag,101,S,ML,5,49670,85,399.363,37.421677,-122.093604
426134,N First St off,880,S,FR,1,68000,85,3.7,37.359764,-121.905866
426294,Rodeo Ave on,101,N,OR,1,,41,443.753,37.860985,-122.502977
426295,Shoreline Hwy rm-n-hook,101,N,ML,5,,41,445.293,37.878859,-122.515039
426296,Shoreline Hwy off,101,N,FR,1,,41,445.293,37.878859,-122.515039
426297,Shoreline Hwy on,101,N,OR,1,,41,445.293,37.878859,-122.515039
426298,Redwood Hwy rm-n-hook,101,N,ML,4,,41,445.983,37.88855,-122.516623
426299,Redwood Hwy on,101,N,OR,1,,41,445.983,37.88855,-122.516623
426300,Redwood Hwy off,101,N,FR,1,,41,445.983,37.88855,-122.516623
426301,Tiburon Blvd rm-n-loop,101,N,ML,4,,41,446.903,37.901856,-122.515657
426302,Tiburon Blvd on,101,N,OR,2,,41,446.916,37.902044,-122.515639
426303,Tiburon Blvd off,101,N,FR,1,,41,446.844,37.901003,-122.515725
426306,Monte Mar Dr rm-n-diag,101,N,ML,4,70364,41,443.053,37.854328,-122.493158
426307,Monte Mar Dr on,101,N,OR,1,70364,41,443.053,37.854328,-122.493158
426308,Rodeo Ave rm-n-diag,101,N,ML,4,,41,443.753,37.860985,-122.502977
426309,Rodeo Ave off,101,N,OR,1,,41,443.753,37.860985,-122.502977
426311,Tamalpais Dr rm-n-diag,101,N,ML,4,16462,41,448.733,37.927324,-122.514995
426312,Tamalpais Dr on diag,101,N,OR,1,16462,41,448.73,37.927281,-122.514982
426313,Tiburon Blvd rm-n-diag,101,N,ML,4,16462,41,447.063,37.904169,-122.515452
426314,Tiburon Blvd on diag,101,N,OR,3,16462,41,447.015,37.903475,-122.515507
426315,Tamalpais Dr rm-n-loop,101,N,ML,4,16462,41,448.574,37.925115,-122.514069
426317,Tamalpais Dr on loop,101,N,OR,1,16462,41,448.593,37.925369,-122.514204
426318,Donahue/Bridgeway on,101,N,OR,2,,41,444.755,37.873781,-122.508066
426340,Donahue/Bridgeway rm-n-diag,101,N,ML,4,,41,444.327,37.867948,-122.507035
426382,SFOBB Merge Upstream Right,80,W,ML,6,53000,1,7.053,37.823847,-122.318323
426389,SFOBB Merge Downstream,80,W,ML,8,53000,1,6.949,37.823237,-122.320122
426390,SFOBB Merge Upstream Left,80,W,ML,6,53000,1,7.057,37.823868,-122.318252
426447,3100' W of Ardenwood Blvd,84,N,ML,3,50916,1,33.97,37.54197,-122.065011
426449,1300' W of 880,84,N,ML,3,50916,1,35.82,37.560347,-122.040871
426450,oppo 800' E of Dumbarton East,84,N,ML,3,26000,1,30.95,37.516003,-122.106861
426451,oppo 1800' W of KGO Station,84,N,ML,3,26000,1,31.37,37.52126,-122.103026
426452,oppo KGO Station,84,N,ML,3,26000,1,31.73,37.525232,-122.098805
426453,oppo 3300' W of toll Plaza,84,N,ML,3,26000,1,32.17,37.529874,-122.093324
426454,oppo 2200' W of Toll Plaza,84,N,ML,3,26000,1,33.15,37.534548,-122.076742
426455,oppo W of Toll Plaza,84,N,ML,3,26000,1,33.26,37.535252,-122.074943
426456,Thornton Ave rm-e-diag,84,N,ML,3,50916,1,33.92,37.541467,-122.065681
426457,Newark/Ardenwood rm-s-diag,84,S,ML,3,50916,1,34.84,37.550943,-122.053609
426458,oppo Newark/Ardenwood rm-s-dia,84,N,ML,3,50916,1,34.82,37.55055,-122.053645
426459,Newark Blvd/Ardenwood Blvd off,84,S,FR,1,50916,1,35.17,37.55388,-122.049108
426460,Newark Blvd/Ardenwood Blvd on,84,S,OR,2,50916,1,34.93,37.551807,-122.052406
426461,Thornton Ave/Paseo Padre Pkwy,84,S,ML,4,26000,1,33.71,37.539696,-122.068471
426462,Thornton Ave/Paseo Padre Pkwy,84,S,OR,1,26000,1,33.73,37.539899,-122.068213
426463,Thornton Ave/Paseo Padre Pkwy,84,S,ML,3,26000,1,33.87,37.541272,-122.066349
426464,Thornton Ave/Paseo Padre Pkwy,84,S,FR,1,50916,1,34.01,37.542654,-122.064494
426465,Thornton Ave/Paseo Padre Pkwy,84,S,OR,1,26000,1,33.87,37.541272,-122.066349
426466,800' E of Dumbarton East end,84,S,ML,3,26000,1,30.95,37.516429,-122.106743
426467,1800' W of KGO Station,84,S,ML,3,26000,1,31.37,37.521657,-122.102892
426468,KGO Station,84,S,ML,3,26000,1,31.73,37.52558,-122.09862
426469,3300' W of toll Plaza,84,S,ML,3,26000,1,32.17,37.530179,-122.093116
426470,2200' W of Toll Plaza,84,S,ML,3,26000,1,33.15,37.534901,-122.076575
426471,oppo Thornton Ave rm-e-diag,84,S,ML,3,50916,1,33.92,37.541756,-122.065675
426472,oppo 3100' W of Ardenwood Blvd,84,S,ML,3,50916,1,33.97,37.542255,-122.065019
426474,oppo 1300' W of 880,84,S,ML,3,50916,1,35.82,37.560476,-122.041091
426486,Mountain Blvd,13,N,FF,2,53000,1,0.078,37.784113,-122.177149
426542,Santa Teresa on,85,N,OR,2,68000,85,5.34,37.255642,-121.860983
426546,Santa Teresa on,85,S,OR,1,68000,85,5.09,37.255332,-121.856478
426549,SB 87 rm-s-fly on,85,S,OR,3,68000,85,4.88,37.255262,-121.852738
426602,N of Canyon Rd,101,N,ML,2,,97,512.585,38.718735,-122.923487
426603,oppo S of Citrus Fair Dr,101,N,ML,2,14190,97,519.945,38.793765,-123.011843
426610,S of Hwy 128 off ramp,101,N,ML,2,,97,522.165,38.825849,-123.014677
426639,oppo N of Canyon Rd,101,S,ML,2,,97,511.917,38.718609,-122.92372
426640,S of Citrus Fair Dr,101,S,ML,2,14190,97,519.277,38.793794,-123.012195
426655,S of Hwy 128 off ramp,101,S,ML,2,14190,97,521.497,38.825553,-123.014869
426752,Hopyard Rd on,580,E,OR,1,57792,1,35.772,37.701529,-121.904795
426770,N Flynn Rd rm-w-diag,580,W,ML,4,,1,22.285,37.718633,-121.663181
426771,N Flynn Rd on,580,W,OR,1,,1,22.285,37.718633,-121.663181
426772,Grant Line Rd rm-w-diag,580,W,ML,5,,1,17.765,37.740189,-121.587934
426773,Grant Line Rd off,580,W,FR,1,,1,17.445,37.741088,-121.582197
426775,Grant Line Rd on,580,W,OR,2,,1,17.785,37.740132,-121.588291
426825,Washington off,680,S,FR,1,26000,1,15.3,37.531118,-121.941782
426826,Washington Blvd on,680,S,OR,2,26000,1,15.3,37.531118,-121.941782
427091,N Flynn Rd rm-e-diag,580,E,ML,5,,1,21.782,37.720182,-121.657079
427092,N Flynn Rd on,580,E,OR,1,,1,21.762,37.720288,-121.656739
427093,Grant Line Rd rm-e-diag,580,E,ML,4,,1,17.382,37.740759,-121.583066
427094,Grant Line Rd off,580,E,FR,1,,1,17.742,37.739555,-121.589458
427095,Grant Line Rd on,580,E,OR,1,,1,17.382,37.740759,-121.583066
427133,Koopman Rd rm-n-diag,680,N,ML,3,,1,22.588,37.609833,-121.874093
427134,Koopman Rd on,680,N,OR,2,,1,22.588,37.609833,-121.874093
427135,Koopman Rd off,680,N,FR,2,,1,22.598,37.609972,-121.874144
427137,Vargas Rd rm-n-loop,680,N,ML,5,26000,1,17.228,37.551011,-121.918255
427138,Vargas Rd on,680,N,OR,1,26000,1,17.228,37.551011,-121.918255
427139,,680,N,FR,1,26000,1,17.148,37.549973,-121.918882
427152,oppo 1.7 mi S of Sunol Blvd,680,N,ML,3,,1,23.608,37.623804,-121.879864
427153,1.0 mi S of Sunol Blvd,680,N,ML,3,,1,24.248,37.632567,-121.882832
427168,oppo Koopman Rd rm-n-diag,680,S,ML,3,,1,22.637,37.609987,-121.874452
427182,1.7 mi S of Sunol Blvd,680,S,ML,3,,1,23.657,37.623926,-121.880321
427183,N Main St,680,S,ML,6,83346,13,47.039,37.914881,-122.066444
427184,oppo 1.0 mi S of Sunol Blvd,680,S,ML,3,,1,24.297,37.63268,-121.883309
427224,SFOBB toll plaza (left),80,E,FR,1,53000,1,7.09,37.823176,-122.31737
427225,SB I-880S,80,E,FF,2,53000,1,7.21,37.823552,-122.315225
427226,SFOBB bus ramp (right),80,E,FR,1,53000,1,7.21,37.823552,-122.315225
427227,oppo SFOBB mlm-w,80,E,ML,5,53000,1,7.22,37.823581,-122.315046
427558,Market/5th st on,880,S,OR,2,53000,1,42.537,37.802658,-122.286768
427568,NB 680 on,4,W,OR,1,,13,12.389,37.995065,-122.068683
427606,Oliver Rd off,80,W,FR,2,23182,95,45.043,38.254072,-122.066177
427921,The Alameda rm-n-diag,880,N,ML,4,68000,85,2.2,37.343965,-121.924519
427922,The Alameda rm-n-diag,880,N,OR,1,68000,85,2.2,37.343965,-121.924519
427924,NB 238 conn-n-diag,880,N,FF,2,68084,1,31.097,37.6919,-122.139544
427931,Port Chicago Hwy on coll,4,E,OR,1,16000,13,15.034,38.00914,-122.024998
427938,SB 242 conn,4,W,FF,3,16000,13,15.078,38.009807,-122.023367
427962,Hamilton Ave on,17,S,OR,1,10340,85,24.793,37.293047,-121.937861
428003,Blossom Hill Rd on loop,85,N,OR,2,68000,85,3.84,37.25025,-121.835557
428004,Blossom Hill Rd on diag,85,N,OR,1,68000,85,4.03,37.251693,-121.838501
428005,Santa Teresa on loop,85,N,OR,2,68000,85,5.18,37.255651,-121.858078
428006,Almaden Expwy on diag,85,N,OR,2,68000,85,6.34,37.254781,-121.878917
428007,Camden Ave on diag,85,N,OR,2,68000,85,8.23,37.250664,-121.912479
428008,Union Ave on diag,85,N,OR,2,,85,9.43,37.251585,-121.934046
428009,Bascom Ave on diag,85,N,OR,2,68000,85,10.646,37.255715,-121.955375
428010,SB 17/NB 17 conn coll,85,N,OR,2,44112,85,11.056,37.258029,-121.962211
428011,Winchester Blvd on diag,85,N,OR,2,44112,85,11.336,37.259412,-121.966974
428012,Saratoga Ave on diag,85,N,OR,2,70280,85,14.106,37.279234,-122.01035
428013,De Anza Blvd/Saratoga,85,N,OR,2,68000,85,16.236,37.303131,-122.034527
428019,Moffett Blvd on loop,85,S,OR,1,49670,85,23.656,37.403673,-122.069953
428020,E Evelyn Ave on diag,85,S,OR,1,49670,85,22.666,37.388893,-122.068829
428021,Stevens Creek Blvd on diag,85,S,OR,2,17610,85,17.666,37.319961,-122.049031
428022,De Anza Blvd on diag,85,S,OR,2,68000,85,15.846,37.298804,-122.030071
428023,Saratoga Ave on diag,85,S,OR,2,68000,85,13.696,37.275212,-122.004898
428024,SB 17/NB 17 conn diag,85,S,OR,2,68000,85,10.29,37.254002,-121.949365
428025,Bascom Ave on diag,85,S,OR,2,68000,85,10.07,37.253303,-121.94544
428026,Union Ave on diag,85,S,OR,1,68000,85,9.1,37.250448,-121.928226
428027,Camden Ave on diag,85,S,OR,2,68000,85,7.97,37.250481,-121.907735
428028,Almaden Expwy on diag,85,S,OR,2,68000,85,6.1,37.255594,-121.87471
428029,Blossom Hill rd on loop,85,S,OR,1,68000,85,4.04,37.25151,-121.838854
428030,Cottle Rd on loop,85,S,OR,1,68000,85,2.0,37.242723,-121.804466
428031,Cottle Rd on diag,85,S,OR,1,68000,85,1.74,37.241254,-121.798377
428035,Santa Teresa Blvd on,87,N,OR,2,68000,85,0.33,37.26025,-121.858443
428036,Capitol Expwy on diag,87,N,OR,2,68000,85,1.53,37.276874,-121.863698
428040,Lelong St on diag,87,N,OR,2,68000,85,4.36,37.313462,-121.886197
428041,Park Ave on diag,87,N,OR,2,68000,85,5.56,37.328954,-121.895643
428042,Julian St on diag,87,N,OR,3,68000,85,6.16,37.337479,-121.897848
428043,Taylor St on,87,N,OR,2,68000,85,7.1,37.348448,-121.907247
428044,Skyport Dr on diag,87,N,OR,3,,85,8.6,37.366737,-121.921627
428048,Guapalupe Prkwy on,87,S,OR,2,,85,9.03,37.37116,-121.926885
428049,Skyport Dr on diag,87,S,OR,3,,85,8.22,37.362467,-121.917418
428050,Julian St on loop,87,S,OR,2,68000,85,6.13,37.337137,-121.897741
428051,Julian St on diag,87,S,OR,2,68000,85,6.08,37.336401,-121.897563
428052,Santa Teresa Blvd off,87,S,FR,1,68000,85,0.38,37.260978,-121.859287
428128,Todd Rd on diag,101,N,OR,2,,97,485.212,38.385828,-122.716069
428158,N 1st St on diag,237,E,OR,2,68000,85,7.162,37.419313,-121.95548
428159,Zanker Rd on diag,237,E,OR,3,68000,85,8.222,37.420927,-121.93674
428160,Zanker Rd on loop,237,W,OR,2,68000,85,8.082,37.420505,-121.9392
428161,N 1st St on,237,W,OR,2,68000,85,6.752,37.419186,-121.962831
428184,S 10th St on,280,N,OR,2,68000,85,1.59,37.327927,-121.876137
428185,S 4th St on,280,N,OR,2,68000,85,1.85,37.327241,-121.88076
428186,Saratoga Ave on,280,N,OR,2,68000,85,7.472,37.317942,-121.977301
428221,Saratoga Ave on,280,S,OR,2,68000,85,7.162,37.316378,-121.972052
428251,Airway Blvd on,580,E,OR,2,41992,1,31.232,37.700881,-121.821947
428290,Crow Canyon Rd on loop,680,N,OR,2,68378,13,35.513,37.776552,-121.974848
428418,E Washington St rm-n-loop,101,N,ML,3,56784,97,473.412,38.246487,-122.626812
428419,E Washington St on,101,N,OR,1,56784,97,473.442,38.246753,-122.627323
428423,oppo NOF E Washington St,101,N,ML,3,56784,97,474.792,38.257658,-122.648017
428425,E Washington St off,101,N,FR,1,56784,97,473.382,38.246227,-122.626353
428459,1.29 miles NOF E Washington St,101,S,ML,3,56784,97,474.114,38.257579,-122.648267
428557,Foster City Blvd on,92,E,OR,2,25338,81,14.186,37.562381,-122.27516
428588,Mathilda Ave,101,N,FR,2,77000,85,395.207,37.398597,-122.025693
428589,Mathilda Ave. rm-n-loop,101,N,OR,2,77000,85,395.267,37.398829,-122.026742
428729,2700' E of Hwy 680,580,E,OR,2,57792,1,36.252,37.70165,-121.913554
428833,27th St onto I-580 connector,980,E,OR,1,53000,1,1.621,37.81848,-122.269735
428962,10th Ave,101,N,ML,6,68252,81,415.207,37.566106,-122.30862
428997,oppo Kehoe Ave rm-n-diag,101,S,ML,6,68252,81,414.903,37.562241,-122.304783
428998,10th Ave,101,S,ML,6,68252,81,415.233,37.565871,-122.308694
429010,EB 12 to SB 680,12,E,FR,1,23182,95,40.929,38.240609,-122.056342
429011,EB 12 to Lopes,12,E,FR,1,,95,38.936,38.218849,-122.131817
429040,EB 12 EB 80 conn on,80,E,OR,3,23182,95,39.64,38.210019,-122.147279
429041,EB 80 rm-e-diag,80,E,ML,5,23182,95,39.592,38.209561,-122.147943
429042,EB 80 to Lopes off,80,E,FR,1,23182,95,39.532,38.208987,-122.148772
429043,EB 80 to SB 680 off,80,E,FR,1,23182,95,39.878,38.212287,-122.143985
429167,Blossom Hill Rd on,101,S,OR,1,68000,85,378.008,37.258103,-121.797441
429168,Blossom Hill Rd rm-s-loop,101,S,ML,4,68000,85,378.007,37.258092,-121.79743
429170,Blossom Hill rd on diag,101,S,OR,1,68000,85,377.777,37.255808,-121.794407
429279,Hacienda Dr on diag,580,E,OR,2,57792,1,34.702,37.70139,-121.885271
429316,Stoneridge Dr on Diag,680,N,OR,2,57792,1,29.348,37.698179,-121.921447
429319,Stoneridge Dr rm-n-diag,680,N,ML,3,57792,1,29.348,37.698179,-121.921447
429394,0.788 mi SO Campbell Ave UC,17,N,ML,4,10340,85,23.573,37.278061,-121.945401
429395,1.02 mi NO E Hamilton Ave OC,17,N,ML,4,10340,85,25.923,37.30895,-121.940465
429398,0.65 Mile S of Main Street,17,S,ML,2,,85,18.393,37.214312,-121.987951
429399,0.377mi SO L. G. Saratoga Rd,17,N,ML,2,44112,85,19.243,37.222864,-121.980024
429403,0.788 mi SO Campbell Ave UC,17,S,ML,4,10340,85,23.573,37.278117,-121.94564
429404,1.02 mi N of E Hamilton Ave,17,S,ML,5,10340,85,25.975,37.309695,-121.940734
429458,100' SO SR 880 UC,87,N,ML,3,68000,85,7.522,37.353727,-121.910957
429459,100' SO SR 880 UC,87,S,ML,3,68000,85,7.512,37.353622,-121.910892
429512,0.44 mi N of De La Cruz Blvd.,101,N,ML,5,68000,85,390.787,37.378383,-121.949612
429513,0.44 mi N of De La Cruz Blvd.,101,N,ML,4,68000,85,390.787,37.378383,-121.949612
429514,1.97 Mile N of Bailey Ave,101,N,ML,4,,85,374.641,37.230239,-121.748164
429546,1.97 Mile N of Bailey Ave,101,S,ML,4,,85,374.677,37.229983,-121.748403
429570,4.789 mi NO SR-92 UC,280,N,ML,4,,81,34.616,37.52028,-122.354198
429571,0.975 mi NO Bunker Hill Rd,280,N,ML,4,,81,35.836,37.535953,-122.362937
429575,0.153 mi S of Washington St,280,N,ML,6,17918,81,48.36,37.685793,-122.471234
429577,0.78 mi S of St Joseph Ave,280,N,ML,4,43280,85,13.302,37.333725,-122.076622
429578,0.33 mi N of El Monte Rd,280,N,ML,4,43294,85,16.792,37.36461,-122.124834
429579,0.97 mi N of San Pedro Rd,280,N,ML,5,17918,81,49.23,37.698144,-122.471271
429580,0.16 Mile N of La Barranca Way,280,N,ML,4,43294,85,18.142,37.373736,-122.144994
429584,0.33 mi S of N. DeAnza Blvd,280,S,ML,4,17610,85,10.482,37.334259,-122.026311
429585,0.33 mi S of N. DeAnza Blvd,280,N,ML,5,17610,85,10.482,37.334523,-122.026222
429587,0.388 mi S of Larkspur DR,280,N,ML,4,47486,81,40.696,37.591751,-122.414817
429592,0.32 mi S of Page Mill Rd.,280,N,ML,3,,85,19.472,37.388676,-122.158457
429593,0.32 mi S of Page Mill Rd.,280,S,ML,3,,85,19.472,37.388452,-122.158518
429594,0.84 mi N of Page Mill Rd.,280,N,ML,4,,85,20.612,37.394807,-122.176966
429595,0.84 mi N of Page Mill Rd.,280,S,ML,4,,85,20.612,37.394451,-122.177119
429600,0.35 mi N of SR-84,280,N,ML,4,86440,81,25.607,37.438251,-122.246466
429602,0.38 mi N of SR-92,280,N,ML,4,,81,33.796,37.511215,-122.344629
429605,O.22 Mile N of Magdalena Ave.,280,N,ML,4,43294,85,15.782,37.354973,-122.112069
429607,1.25 mi N of SR 92,280,S,ML,4,,81,34.616,37.520237,-122.354652
429612,0.153 mi S of Washington St,280,S,ML,6,17918,81,48.36,37.685894,-122.47157
429615,0.97 mi N of San Pedro Rd,280,S,ML,5,17918,81,49.28,37.698983,-122.471663
429616,1.4 Mile N of Edgewood Rd,280,S,ML,4,,81,30.556,37.4863,-122.298483
429618,0.388 mi S of Larkspur DR,280,S,ML,4,47486,81,40.696,37.591492,-122.414931
429619,0.368 mi S of Trousdale DR,280,S,ML,4,,81,39.346,37.575619,-122.401185
429622,100' NO Gate Vista Pt UC,280,S,ML,5,,81,31.956,37.498586,-122.316515
429625,0.87 mi S of Edgewood Rd,280,S,ML,4,86440,81,28.307,37.456213,-122.287919
429626,0.60 mi S of Sand Hill Rd,280,S,ML,4,,81,23.017,37.415217,-122.210347
429627,0.60 mi S of Sand Hill Rd,280,S,ML,4,,81,23.017,37.415217,-122.210347
429630,4.05 Mile S of SR-92,280,S,ML,4,,81,29.346,37.470152,-122.293932
429632,0.38 mi N of SR-92,280,S,ML,4,,81,33.796,37.511005,-122.345262
429635,1.26 mi S of Hickey Blvd,280,S,ML,4,73262,81,45.48,37.649301,-122.452147
429639,0.183 mi EO El Camino Real,380,W,ML,4,65028,81,0.917,37.634109,-122.416424
429718,0.46 mi NO Beryessa Rd,680,S,ML,5,,85,4.29,37.38953,-121.868555
429764,32nd St/mlk2 under 980,980,W,ML,3,53000,1,1.811,37.82125,-122.269312
429777,0.579 mi NO Redwood Rd OC,13,N,ML,2,53000,1,1.708,37.805041,-122.191771
429778,0.53 mi N of Park Blvd,13,N,ML,2,53000,1,2.728,37.816661,-122.203087
429779,0.25 mi SO SR 24,13,N,ML,2,53000,1,5.078,37.84499,-122.227189
429782,0.579 mi NO Redwood Rd OC,13,S,ML,2,53000,1,1.708,37.804914,-122.191929
429783,0.25 mi SO SR 24,13,S,ML,3,53000,1,5.078,37.844879,-122.227344
429784,0.53 m N of Park Blvd,13,S,ML,2,53000,1,2.728,37.816549,-122.203207
429785,1.32 mi S of Main St Los Gatos,17,N,ML,2,,85,17.666,37.204902,-121.991533
429786,1.32 mi S of Main St Los Gatos,17,S,ML,2,,85,17.666,37.20494,-121.991619
429788,0.377mi SO L. G. Saratoga Rd,17,S,ML,2,44112,85,19.243,37.222928,-121.98012
429795,0.25 mi EO Golden Gate Ave UC,24,E,ML,5,53000,1,2.884,37.848695,-122.234796
429799,0.25 mi E of Golden Gate Ave,24,W,ML,4,53000,1,2.884,37.849055,-122.235417
429803,Harbor Dr on,37,E,OR,1,52582,41,2.718,38.106952,-122.509805
429804,Walnut Ave on,37,E,OR,1,81666,95,16.756,38.117471,-122.288893
429805,Walnut Ave off,37,E,FR,1,,95,16.666,38.117322,-122.290617
429806,Atherton Ave off,37,E,FR,1,52582,41,2.468,38.104341,-122.512799
429807,Harbor Dr on,37,W,OR,1,52582,41,2.711,38.107016,-122.510096
429808,Harbor Dr off,37,W,FR,1,52582,41,2.72,38.107113,-122.509998
429811,Atherton Ave on,37,W,OR,1,52582,41,2.435,38.104098,-122.513363
429812,Atherton Ave off,37,W,FR,1,52582,41,2.503,38.104826,-122.512527
429904,Tamalpais Dr on bus,101,N,OR,1,16462,41,448.587,37.925288,-122.514161
429963,0.87 mi N of Saratoga,280,N,ML,5,68000,85,8.252,37.31887,-121.991308
429967,100' NO Gate Vista Pt UC,280,N,ML,5,,81,31.956,37.498666,-122.316026
429971,0.87 mi S of Edgewood Rd,280,N,ML,4,86440,81,28.307,37.456423,-122.28768
429972,4.05 Mile S of SR-92,280,N,ML,4,,81,29.346,37.470327,-122.293722
429974,0.07 mi NO Crestmore OC,280,N,ML,4,,81,41.986,37.606542,-122.427821
429975,0.127 mi NO Jenevein Ave UC,280,N,ML,4,65028,81,43.046,37.620787,-122.426003
429980,0.87 mi N of Saratoga,280,S,ML,4,68000,85,8.252,37.31866,-121.991427
429986,0.07 mi NO Crestmore OC,280,S,ML,4,,81,41.946,37.605762,-122.428115
429987,0.127 mi NO Jenevein Ave UC,280,S,ML,4,65028,81,43.046,37.620684,-122.426217
429989,Lawrence Expwy on,280,S,OR,3,68000,85,8.403,37.319743,-121.993804
429996,0.18 mi E of El Camino Real,380,E,ML,4,65028,81,0.917,37.633896,-122.416286
429997,0.35 mi E of I-280,380,E,ML,3,65028,81,0.347,37.629957,-122.425381
430008,Cutting Blvd off,580,E,FR,1,60620,13,67.869,37.926254,-122.365162
430011,Bayview Ave on,580,E,OR,1,60620,13,65.222,37.912493,-122.324352
430012,Bayview Ave off,580,E,FR,1,60620,13,65.302,37.913427,-122.32513
430016,Central Ave on,580,E,OR,1,60620,13,64.085,37.898598,-122.312961
430017,Central Ave off,580,E,FR,1,60620,13,64.199,37.899966,-122.314068
430019,0.132 mi WO 106th Ave,580,E,ML,4,53000,1,51.714,37.745947,-122.149487
430020,0.238 mi WO Estudillo Dr,580,E,ML,4,68084,1,50.654,37.733381,-122.139613
430022,Regatta Blvd. on-E-hook,580,E,OR,1,60620,13,66.066,37.920765,-122.334723
430023,Regatta Blvd. off,580,E,FR,1,60620,13,66.136,37.921084,-122.335887
430029,Cutting Blvd off,580,W,FR,1,60620,13,67.483,37.923894,-122.360382
430034,Cutting Blvd on,580,W,OR,1,60620,13,67.706,37.925833,-122.363625
430039,Bayview Ave on,580,W,OR,1,60620,13,65.299,37.91422,-122.325532
430040,Bayview Ave off,580,W,FR,1,60620,13,64.962,37.910231,-122.322238
430044,Central Ave on,580,W,OR,1,60620,13,64.275,37.901756,-122.31526
430045,Central Ave off,580,W,FR,1,60620,13,63.927,37.897455,-122.311807
430047,0.132 mi WO 106th Ave,580,W,ML,4,53000,1,51.866,37.746066,-122.149242
430049,0.238 mi WO Estudillo Dr,580,W,ML,4,53000,1,50.806,37.733503,-122.139388
430052,Regatta Blvd. on-W-diag,580,W,OR,1,60620,13,66.106,37.921308,-122.335837
430053,Regatta Blvd. off-W-diag,580,W,FR,1,60620,13,65.976,37.920585,-122.333657
430059,0.46 mi NO  Beryessa Rd,680,N,ML,4,68000,85,4.292,37.389447,-121.868153
430069,0.46 mi NO  Beryessa Rd,680,N,FR,1,68000,85,4.29,37.389425,-121.868129
430096,0.46 mi NO Beryessa Rd,680,S,FR,1,,85,4.292,37.389552,-121.868578
430136,0.4 mi NO Mission Blvd,880,S,ML,5,26000,1,12.917,37.48689,-121.941138
430556,1/2 Mile WOF Leisure Town Rd,80,W,ML,4,81554,95,56.757,38.382769,-121.94127
430557,1/2 Mile WOF Leisure Town Rd,80,E,ML,4,81554,95,56.757,38.382545,-121.940983
430584,4A5344 loc 76,80,W,ML,5,,95,69.457,38.5136,-121.77709
430585,4A5344 loc 76,80,W,ML,5,,95,69.447,38.51349,-121.777209
430775,San Bruno Ave off,101,N,FR,1,,81,422.457,37.629765,-122.402365
430797,4A5324 LOC 75,101,S,ML,6,55282,85,400.673,37.435857,-122.109517
430837,4A5334 loc 10,101,S,ML,4,,41,445.185,37.886662,-122.516813
431016,Bernal Ave on,680,N,OR,2,57792,1,26.968,37.665269,-121.908484
431017,Bernal Ave off,680,N,FR,1,57792,1,26.598,37.660559,-121.905283
431018,Bernal Ave rm-n-diag,680,N,ML,3,57792,1,26.969,37.665283,-121.90849
431020,Stoneridge Dr rm-n-loop,680,N,FR,1,57792,1,29.128,37.695141,-121.920226
431021,Sunol Blvd  rm-n-diag,680,N,ML,3,,1,25.398,37.647135,-121.891343
431024,Stoneridge Dr rm-n-loop,680,N,ML,3,57792,1,29.248,37.696803,-121.920896
431051,Stoneridge Dr rm-n-loop,680,N,OR,1,57792,1,29.228,37.696527,-121.920786
431058,oppo Balfour Rd rm-w-diag,4,E,ML,2,53070,13,34.978,37.928804,-121.734381
431078,Balfour Rd rm-w-diag,4,W,ML,2,53070,13,34.969,37.928737,-121.734302
431080,Balfour Rd on,4,W,OR,2,53070,13,34.969,37.928737,-121.734302
431101,1.3 mile S of SR-85,17,N,ML,2,44112,85,20.563,37.239108,-121.968223
431104,1.3 mile S of SR-85,17,S,ML,2,44112,85,20.563,37.239172,-121.96844
431705,0.4 mi N of Mission Blvd,880,N,ML,4,26000,1,12.917,37.487011,-121.940971
431752,0.568 mi SO Main St Los Gatos,17,N,ML,2,,85,18.393,37.21422,-121.98779
431776,3000 ft SOF RTE 221,29,N,ML,3,,55,11.625,38.235963,-122.262361
431777,500 ft NOF RTE 221,29,S,ML,2,,55,12.385,38.242705,-122.273097
431780,3000 ft SOF RTE 221,29,S,ML,2,,55,11.625,38.235849,-122.262514
431781,500 ft SOF RTE 221,29,S,ML,4,,55,12.025,38.240108,-122.26752
431782,500 ft SOF RTE 221,29,S,ML,2,,55,12.025,38.240108,-122.26752
431828,4A5344 loc 73,80,E,FR,1,,95,68.867,38.506841,-121.783839
431965,Bellam Blvd on,101,N,OR,1,68364,41,451.203,37.961458,-122.50971
431974,WB 580 conn,101,N,OR,2,68364,41,451.213,37.961589,-122.509784
432007,WB 580/Bellam Blvd rm-n-diag,101,N,ML,4,68364,41,451.213,37.961589,-122.509784
432014,Bellam Blvd off,101,N,FR,1,68364,41,451.213,37.961589,-122.509784
432117,826 ft NOF RTE 29,221,N,ML,2,,55,2.21,38.273445,-122.272562
432118,826 ft NOF RTE 29,221,S,ML,2,,55,2.16,38.272721,-122.27258
432133,Leigh Ave OC,280,N,ML,5,68000,85,4.47,37.316984,-121.923208
432134,Bird Ave off,280,N,FR,2,68000,85,2.81,37.32287,-121.897219
432136,SB 280 / NB 85 & NB 280 / SB85,280,N,ML,4,17610,85,12.392,37.332668,-122.060628
432141,US 101 IC (McLaughlin Ave),280,N,ML,2,68000,85,0.18,37.338232,-121.854583
432149,SB 85 conn loop,280,N,FF,1,17610,85,12.392,37.332668,-122.060628
432151,SR-87,280,S,FF,2,68000,85,2.96,37.32146,-121.899432
432152,Bird Ave off,280,S,FR,2,68000,85,2.96,37.32146,-121.899432
432154,LEIGH AVE OC,280,S,ML,5,68000,85,4.47,37.316756,-121.923186
432158,oppo Bird Ave off-n-diag,280,S,ML,4,68000,85,2.97,37.321367,-121.899571
432161,SB 280/NB 85 & NB 280/SB85,280,S,ML,4,17610,85,12.392,37.332482,-122.060617
432165,US 101 IC (McLaughlin Ave),280,S,ML,2,68000,85,0.18,37.337881,-121.85467
432172,0.33 mi N of El Monte Rd,280,S,ML,4,43294,85,16.792,37.364271,-122.125026
432173,NB 85 conn loop,280,S,FF,1,17610,85,12.392,37.332482,-122.060617
432253,Bellam Blvd off,580,W,FR,1,68364,41,75.842,37.956819,-122.501834
432256,S of Concord Ave off,680,N,ML,5,16000,13,51.055,37.970282,-122.059444
432264,S of Service Rd UC,680,N,ML,4,,13,55.115,38.019317,-122.096919
432273,NEW BENICIA BRIDGE PIER 9,680,N,ML,5,,95,57.447,38.04334,-122.121891
432279,L5-NB BENICIA BRIDGE PIER 9,680,N,ML,5,,95,57.447,38.04334,-122.121891
432300,S of Concord Ave off,680,S,ML,5,16000,13,51.105,37.970286,-122.059721
432309,S of Service Rd UC,680,S,ML,4,,13,55.165,38.019289,-122.097202
432315,Stoneridge Dr on,680,S,OR,2,57792,1,29.427,37.698716,-121.922017
432346,Stoneridge Dr rm-s-loop,680,S,ML,3,57792,1,29.437,37.698854,-121.922072
432360,0.4 mi N of Mission Blvd,880,N,FR,1,26000,1,12.917,37.487011,-121.940971
432434,Marsh Dr/Hanna Ranch Rd,37,E,ML,2,52582,41,0.47,38.083089,-122.54089
432435,Marsh Dr on,37,E,OR,1,52582,41,0.45,38.082803,-122.541406
432444,oppo Marsh Dr/Hanna Ranch Rd,37,W,ML,2,52582,41,0.49,38.084392,-122.538845
432445,Hanna Ranch Rd off,37,W,FR,1,52582,41,0.774,38.087218,-122.535013
432604,oppo N of Skinner Rd,101,N,ML,3,,97,469.562,38.197227,-122.59897
432626,Ignacio Blvd,101,N,OR,2,52582,41,459.513,38.069425,-122.538644
432649,oppo S of Lincoln Ave,101,N,ML,5,68364,41,453.123,37.984333,-122.523212
432686,oppo Broadway off-n-diag,101,S,ML,5,9066,81,418.723,37.589264,-122.360143
432710,N of Skinner Rd,101,S,ML,3,,97,468.894,38.197419,-122.599119
432748,S of Lincoln Ave,101,S,ML,4,68364,41,452.455,37.984302,-122.523394
432802,BASCOM & LELAND,280,S,ML,4,68000,85,6.082,37.316628,-121.952438
432812,0.440 mi WO of Keller Ave,580,E,ML,4,53000,1,54.154,37.775656,-122.162963
432874,0.440 mi WO of Keller Ave,580,W,ML,4,53000,1,54.305,37.775797,-122.162732
432939,Vallecitos on,680,S,FR,1,,1,21.887,37.599622,-121.873275
432955,Vallecitos on,680,S,OR,2,,1,21.697,37.596913,-121.873497
432956,Vallecitos rm-s-fly,680,S,ML,3,,1,21.717,37.597197,-121.873567
