osm_id,name,lat,lon,poi_type,borough_query
node/368061418,Hotel Belleclaire,40.7823754,-73.9811723,hotel,Manhattan
node/368061423,Hotel Churchill,40.7819444,-73.9825,hotel,Manhattan
node/410235438,Trudy's Ice Cream,40.8003773,-73.9618056,restaurant,Manhattan
node/570912397,Le Monde,40.8057782,-73.9658657,restaurant,Manhattan
node/822939198,Amsterdam Inn,40.7814188,-73.9799422,hotel,Manhattan
node/1061531752,Hotel 99,40.796654,-73.9708276,hotel,Manhattan
node/1119244578,Tom's Restaurant,40.8054509,-73.9654163,restaurant,Manhattan
node/1809517485,Night Hotel,40.7932576,-73.9722071,hotel,Manhattan
node/1821015959,City Diner,40.7910471,-73.9747641,restaurant,Manhattan
node/1821015975,5 Napkin Burger,40.7870645,-73.9779334,restaurant,Manhattan
node/1825848790,Kesari,40.7993268,-73.9687523,restaurant,Manhattan
node/1825848800,Manhattan Valley,40.7970144,-73.969726,restaurant,Manhattan
node/1825848802,Metro Diner,40.7974417,-73.9701456,restaurant,Manhattan
node/1825848804,Just Pho You,40.7975736,-73.9693077,restaurant,Manhattan
node/1843430243,Sipsteria,40.7953407,-73.969686,restaurant,Manhattan
node/1843430248,Malecon Restaurant,40.7950365,-73.9699063,restaurant,Manhattan
node/1843430256,Ozen,40.7949162,-73.9699934,restaurant,Manhattan
node/1913191317,Bosino,40.7987385,-73.9673316,restaurant,Manhattan
node/1993216326,Nice Matin,40.783395,-73.9784022,restaurant,Manhattan
node/2047267694,Amsterdam Ale House,40.7813756,-73.9798992,pub,Manhattan
node/2047267696,Hotel Beacon,40.7807355,-73.9810912,hotel,Manhattan
node/2091642033,Trattoria iL Gusto,40.7892574,-73.9698327,restaurant,Manhattan
node/2108362680,Saba's Pizza,40.7832708,-73.9779816,restaurant,Manhattan
node/2111692827,Kouzan,40.7921778,-73.9714835,restaurant,Manhattan
node/2113159210,Spice,40.7842712,-73.9772503,restaurant,Manhattan
node/2113159211,St. James Gate,40.7844919,-73.9771026,pub,Manhattan
node/2113159212,WAU,40.7844415,-73.9776143,restaurant,Manhattan
node/2125873482,Rudraks,40.7930225,-73.9713526,restaurant,Manhattan
node/2125873488,Pio Pio,40.7929325,-73.97142,restaurant,Manhattan
node/2125873489,Jing Fong Restaurant,40.7827246,-73.9789347,restaurant,Manhattan
node/2131698464,Haru Sushi,40.7841916,-73.9773072,restaurant,Manhattan
node/2159537771,River Palm Terrace,40.8426844,-73.9687863,restaurant,Manhattan
node/2159537774,Rusty Kale's Pub,40.8440804,-73.9674452,pub,Manhattan
node/2195218446,Village Square Pizza,40.7923725,-73.9738366,restaurant,Manhattan
node/2262170141,1020 Bar,40.8032115,-73.963939,bar,Manhattan
node/2269596294,Baggio's Pizza and Restaurant,40.8511728,-73.9708161,restaurant,Manhattan
node/2269598166,Wok Bar,40.8509466,-73.9699964,restaurant,Manhattan
node/2269638542,Nova Pizza and Pasta,40.8493432,-73.9708318,restaurant,Manhattan
node/2270766960,Silver Pond,40.8515321,-73.9717896,restaurant,Manhattan
node/2274560109,Destefano's Pub,40.8162456,-73.9906916,bar,Manhattan
node/2279017957,Fumo,40.8028091,-73.9680501,restaurant,Manhattan
node/2297545260,Gennaro,40.7916482,-73.9718511,restaurant,Manhattan
node/2297753287,Mido,40.7900622,-73.9735109,restaurant,Manhattan
node/2297755493,French Roast,40.7876494,-73.9767024,restaurant,Manhattan
node/2298854540,Poulet Sans Tête,40.7894731,-73.9739492,restaurant,Manhattan
node/2300369399,Fred's,40.7856847,-73.9767189,restaurant,Manhattan
node/2310498469,Marlow Bistro,40.802903,-73.9641533,restaurant,Manhattan
node/2312065724,Carmine's,40.7911041,-73.9740198,restaurant,Manhattan
node/2312065757,Smoke Jazz & Supper Club,40.8011187,-73.9682057,restaurant,Manhattan
node/2345795302,Good Enough To Eat,40.7859964,-73.9727711,restaurant,Manhattan
node/2384892236,The Ellington,40.8008613,-73.9682637,restaurant,Manhattan
node/2384892242,Tap a Keg,40.800303,-73.9683394,bar,Manhattan
node/2384892243,Serafina,40.800492,-73.9682823,restaurant,Manhattan
node/2409398826,Nina's Great Burrito Bar,40.7860514,-73.9727433,restaurant,Manhattan
node/2409398831,Viand,40.7856099,-73.9725709,restaurant,Manhattan
node/2409398838,The Consulate,40.7858452,-73.9723966,restaurant,Manhattan
node/2414094435,Tarallucci e Vino,40.7843578,-73.973482,restaurant,Manhattan
node/2443892142,La Vera Pizza,40.7943168,-73.9724172,restaurant,Manhattan
node/2451205652,Barney Greengrass,40.7879651,-73.9745536,restaurant,Manhattan
node/2479519219,Dinosaur Bar-B-Que,40.8181449,-73.9608188,restaurant,Manhattan
node/2524934986,Sala Thai,40.780121,-73.9803132,restaurant,Manhattan
node/2524934996,Gari Columbus,40.7811731,-73.976285,restaurant,Manhattan
node/2535746178,Arco Cafe,40.7987331,-73.9672189,restaurant,Manhattan
node/2535746180,The Tang,40.7999569,-73.9663012,restaurant,Manhattan
node/2535746193,New Kam Lai,40.7988031,-73.9671681,restaurant,Manhattan
node/2535746194,Noche Mexicana,40.7974215,-73.9681317,restaurant,Manhattan
node/2535746197,Tacqueria 86,40.7929735,-73.9721553,restaurant,Manhattan
node/2535746198,Calaveras Corner,40.8006621,-73.9657815,restaurant,Manhattan
node/2535746202,Plum,40.7930112,-73.9722352,restaurant,Manhattan
node/2542549644,Bar Thalia,40.7940856,-73.9728347,bar,Manhattan
node/2583212035,Ortomare Ristorante Pizzeria,40.8011509,-73.9617243,restaurant,Manhattan
node/2583212038,Miss Mamie's Spoonbread Too,40.8014541,-73.9609048,restaurant,Manhattan
node/2583212040,Koo Thai,40.7983898,-73.9632427,restaurant,Manhattan
node/2592129908,Han Dynasty,40.7875393,-73.9764459,restaurant,Manhattan
node/2592129931,Dublin House,40.7837467,-73.9792925,pub,Manhattan
node/2592129994,Miriam,40.7801424,-73.980766,restaurant,Manhattan
node/2592130001,Eléa,40.7875985,-73.9766092,restaurant,Manhattan
node/2592130002,RedFarm,40.7820656,-73.9806301,restaurant,Manhattan
node/2592130004,Serafina,40.782208,-73.9805845,restaurant,Manhattan
node/2592130005,Gazala's,40.7845848,-73.9770343,restaurant,Manhattan
node/2637741647,Water & Wheat,40.7900085,-73.9748353,restaurant,Manhattan
node/2637741648,Effy's Café,40.7929644,-73.9682281,restaurant,Manhattan
node/2652371191,V&T Pizzeria,40.8033532,-73.9638344,restaurant,Manhattan
node/2705165970,,40.8505216,-73.9649312,restaurant,Manhattan
node/2706606330,Insomnia Cookies,40.8034774,-73.9637428,restaurant,Manhattan
node/2745436339,Sempre Oggi,40.7803309,-73.9799393,restaurant,Manhattan
node/2745500689,New Cottage Restaurant,40.7831711,-73.980799,restaurant,Manhattan
node/2745543217,Swagat,40.7835143,-73.9778183,restaurant,Manhattan
node/2745558099,Uno Pizzeria & Grill,40.7832166,-73.9748026,restaurant,Manhattan
node/2745602443,La Sirène,40.7838129,-73.978072,restaurant,Manhattan
node/2757387164,Tiki Chick,40.7868369,-73.9753999,bar,Manhattan
node/2758255864,Bodega 88,40.7874733,-73.9712259,restaurant,Manhattan
node/2758274712,Vive La Crepe!,40.7863208,-73.9725206,restaurant,Manhattan
node/2758547204,Mila Cafe,40.7914865,-73.9688503,restaurant,Manhattan
node/2758640952,Peacefood Cafe,40.7852776,-73.9770179,restaurant,Manhattan
node/2758640953,Florentin,40.7859091,-73.9765477,bar,Manhattan
node/2758662008,New Kam Lai,40.7869241,-73.9758011,restaurant,Manhattan
node/2758709691,Maison Pickle,40.7870205,-73.9779679,restaurant,Manhattan
node/2758752391,Hotel Belnord,40.788788,-73.9752734,hotel,Manhattan
node/2759055223,Bodrum,40.7893232,-73.9740535,restaurant,Manhattan
node/2759055296,Yavsouvlaki,40.7895922,-73.9738568,restaurant,Manhattan
node/2759055318,Dragon 89,40.7900181,-73.9735411,restaurant,Manhattan
node/2759055341,Chick Chick,40.7902226,-73.9733936,restaurant,Manhattan
node/2759235699,Holy Schnitzel,40.7914735,-73.9724809,restaurant,Manhattan
node/2759235829,Talia's Steakhouse,40.7919611,-73.9721475,restaurant,Manhattan
node/2759235843,Shawarma Shabazi,40.7920135,-73.9721099,restaurant,Manhattan
node/2759235855,Sushi Tokyo,40.7917348,-73.9723098,restaurant,Manhattan
node/2759308655,Rancho Tequileria,40.7933325,-73.9711112,restaurant,Manhattan
node/2759308678,La Nueva Victoria Restaurant,40.7937683,-73.972093,restaurant,Manhattan
node/2759308679,The Hotel Newton,40.7935439,-73.9722622,hotel,Manhattan
node/2759522536,Baazi,40.7955918,-73.9707481,restaurant,Manhattan
node/2761444458,Broadway Dive,40.7978913,-73.9690987,bar,Manhattan
node/2761464888,Flor De Mayo,40.7977664,-73.9698654,restaurant,Manhattan
node/2761499681,Sal & Carmine Pizza,40.7983365,-73.9694327,restaurant,Manhattan
node/2761520411,Ollie's,40.799428,-73.9687022,restaurant,Manhattan
node/2761520412,Cajun Halal Platters,40.7995109,-73.968661,restaurant,Manhattan
node/2761520418,Zurna,40.7997453,-73.9685447,restaurant,Manhattan
node/2761533833,Café du Soleil,40.8000965,-73.9683967,restaurant,Manhattan
node/2761564518,Traviata Pizza II,40.8012195,-73.9681803,restaurant,Manhattan
node/2761564519,Columns Wine Bar,40.8009462,-73.9676253,bar,Manhattan
node/2761570403,Benny’s Chao King,40.7982983,-73.9638001,restaurant,Manhattan
node/2761578489,Longwood Fish Market,40.7980144,-73.9635291,restaurant,Manhattan
node/2761593514,Saiguette,40.7990256,-73.9627891,restaurant,Manhattan
node/2761630143,Hinds Hall,40.8005107,-73.9654148,restaurant,Manhattan
node/2761641648,Halal Chicks,40.7999441,-73.9621165,restaurant,Manhattan
node/2761641649,Super Nice Pizza,40.8015676,-73.9646575,restaurant,Manhattan
node/2761651148,Lion's Head Tavern,40.802193,-73.9641798,bar,Manhattan
node/2761663411,Mizu Hibachi,40.8007904,-73.9656898,restaurant,Manhattan
node/2761663412,Bánh Shop House,40.8008545,-73.9656397,restaurant,Manhattan
node/2761671640,Amity Hall Uptown,40.802258,-73.9646355,restaurant,Manhattan
node/2761677763,Suite,40.8025473,-73.9644019,pub,Manhattan
node/2761677767,Roti Roll (Bombay Frankie),40.8025909,-73.9643696,restaurant,Manhattan
node/2765266916,Koronet Pizza,40.8044412,-73.9661746,restaurant,Manhattan
node/2765363739,Sapps,40.8055983,-73.9653069,restaurant,Manhattan
node/2768451022,Pisticci,40.8141743,-73.9603481,restaurant,Manhattan
node/2768451052,The Expat,40.8154613,-73.9600115,bar,Manhattan
node/2796448525,Community Food & Juice,40.8059481,-73.9657438,restaurant,Manhattan
node/2848586054,Moon Kee,40.7972702,-73.9695337,restaurant,Manhattan
node/2939154801,Cafe 82,40.785812,-73.9781778,restaurant,Manhattan
node/2965399205,Chinese BBQ 东方烧烤,40.8423972,-74.0010693,restaurant,Manhattan
node/3248774672,Viand Cafe,40.7807958,-73.9810743,restaurant,Manhattan
node/3248774697,La Pecora Bianca,40.7804446,-73.9763391,restaurant,Manhattan
node/3374115188,Osteria 106,40.7989278,-73.9616882,restaurant,Manhattan
node/3491267497,Little Italy Pizza,40.7918929,-73.9734655,restaurant,Manhattan
node/3810105599,Son Cubano,40.7812997,-74.0055049,restaurant,Manhattan
node/4157970366,The Wallace,40.7818628,-73.9818912,hotel,Manhattan
node/4487461845,Sushi W,40.7983688,-73.9694092,restaurant,Manhattan
node/4619360051,Arthouse Hotel,40.7821637,-73.9803866,hotel,Manhattan
node/4629887666,Linwood Pizza,40.8613057,-73.9702633,restaurant,Manhattan
node/4775572071,Jin Ramen,40.7853423,-73.9769585,restaurant,Manhattan
node/4946370275,Rumba Cubana Restaurant & Bar,40.7912545,-74.0009105,restaurant,Manhattan
node/5285124522,Flaming’s Prime Steakhouse & Wine,40.8059593,-73.9873449,restaurant,Manhattan
node/5285124823,The Original Pancake House,40.8072224,-73.989782,restaurant,Manhattan
node/5285133322,Baumgart’s Cafe,40.8062375,-73.9873021,restaurant,Manhattan
node/5285133323,Greek Taverna,40.8063203,-73.9874491,restaurant,Manhattan
node/5285138721,Bareburger,40.8061349,-73.9880365,restaurant,Manhattan
node/5399779853,Naruto Ramen,40.7969719,-73.9697524,restaurant,Manhattan
node/5400480690,Craft & Carry,40.7854795,-73.9768599,bar,Manhattan
node/5400495619,Suma Sushi,40.8014191,-73.9652121,restaurant,Manhattan
node/5400497580,Bellini,40.7846115,-73.9733118,restaurant,Manhattan
node/5686427721,Strokos Deli,40.805466,-73.9622848,restaurant,Manhattan
node/5740858021,The Granola Bar,40.7880284,-73.9745068,restaurant,Manhattan
node/5741364421,George Keeley,40.785875,-73.976089,bar,Manhattan
node/5857708822,Cheesy Pizza,40.7972108,-73.9695811,restaurant,Manhattan
node/5978745721,Himalayan Curry House,40.8026396,-73.9671313,restaurant,Manhattan
node/5978745723,Picnic by The Black Parrot,40.8004252,-73.9652605,restaurant,Manhattan
node/5984378186,The Heights Bar & Grill,40.805184,-73.9664024,restaurant,Manhattan
node/5984450685,Amelie Wine Bar,40.7887162,-73.9744949,restaurant,Manhattan
node/6167135402,Mama Chicken,40.8472522,-73.9981584,restaurant,Manhattan
node/6167135403,Bunsiknara,40.8473298,-73.9981335,restaurant,Manhattan
node/6167135407,Bomul Island,40.8477383,-73.9977588,restaurant,Manhattan
node/6167135408,Chinese Restaurant,40.8478609,-73.9976918,restaurant,Manhattan
node/6167330319,La Esquina Chapina,40.8433639,-74.0013836,restaurant,Manhattan
node/6167330327,Abiko Curry,40.844282,-74.0003061,restaurant,Manhattan
node/6167330335,Tofu & Noodles,40.8453713,-73.9999413,restaurant,Manhattan
node/6167330336,,40.8454289,-73.9998868,restaurant,Manhattan
node/6167330343,Cap Udon,40.8457093,-73.999265,restaurant,Manhattan
node/6167330345,Tospia,40.8460184,-73.9994827,restaurant,Manhattan
node/6171872892,Boss,40.8462578,-73.9994425,bar,Manhattan
node/6171872900,So Moon Nan Jip,40.8465876,-73.9985759,restaurant,Manhattan
node/6171872901,Crown,40.8469147,-73.9988134,restaurant,Manhattan
node/6171872964,Pizzamaru,40.8485502,-73.9971542,restaurant,Manhattan
node/6171872966,Catering House/Dumpling House,40.8486847,-73.9971028,restaurant,Manhattan
node/6171872978,Totowah,40.849447,-73.9970527,restaurant,Manhattan
node/6171873491,Donna's,40.849964,-73.9961382,restaurant,Manhattan
node/6606909410,Prohibition,40.7852443,-73.9728265,bar,Manhattan
node/6606935746,Blossom on Columbus,40.7853903,-73.9727245,restaurant,Manhattan
node/6644248562,Bella Luna Restaurant,40.7877722,-73.9714975,restaurant,Manhattan
node/6815431436,Jacob's Pickles,40.7911792,-73.969073,restaurant,Manhattan
node/6816455651,The Hamilton,40.8027402,-73.9642554,bar,Manhattan
node/6943588586,Rose's Italian Deli,40.8062215,-74.0099536,restaurant,Manhattan
node/6969716317,Thyme & Tonic,40.7844564,-73.9739015,restaurant,Manhattan
node/6969716318,Tridim West,40.7841086,-73.9736584,restaurant,Manhattan
node/7003610135,Symposium,40.8055157,-73.9642686,restaurant,Manhattan
node/7004346066,Arts & Crafts Beer Parlor,40.8065783,-73.9609934,bar,Manhattan
node/7004354698,Haji's Famous Deli,40.8064186,-73.961107,restaurant,Manhattan
node/7004392888,Wu + Nussbaum,40.8060976,-73.9656359,restaurant,Manhattan
node/7012052492,The Original Ray's Pizza Restaurant,40.7841453,-73.9741189,restaurant,Manhattan
node/7040362186,Anar,40.8002094,-73.9656338,restaurant,Manhattan
node/7041983091,Living Thai,40.8000987,-73.9657163,restaurant,Manhattan
node/7159068915,Nobody Told Me,40.8008066,-73.9651977,bar,Manhattan
node/7159068916,Tropical Sensation,40.8008723,-73.9651512,restaurant,Manhattan
node/7159068917,Awash,40.800689,-73.9652812,restaurant,Manhattan
node/7159151800,Raenu Thai,40.7975001,-73.9680762,restaurant,Manhattan
node/7159193384,The Throwback,40.7931377,-73.9712655,bar,Manhattan
node/7159217185,Dive Bar,40.7939248,-73.9707003,bar,Manhattan
node/7159234141,Miyako,40.7911097,-73.9727374,restaurant,Manhattan
node/7159496528,Indian Tanpura,40.7886183,-73.97456,restaurant,Manhattan
node/7159516092,Gyu-Kaku,40.7904105,-73.9732592,restaurant,Manhattan
node/7161597623,Kitaro Sushi,40.7868795,-73.9758248,restaurant,Manhattan
node/7161597627,Flor de Mayo,40.7860372,-73.9764478,restaurant,Manhattan
node/7192228723,Luke's Lobster,40.7841802,-73.9778051,restaurant,Manhattan
node/7192228727,Caledonia Bar,40.7841195,-73.9778588,restaurant,Manhattan
node/7192228729,The Gin Mill,40.7847131,-73.9774249,bar,Manhattan
node/7194269383,The Wolfe,40.7839718,-73.9774769,pub,Manhattan
node/7194269384,Momoya,40.7840363,-73.9774282,restaurant,Manhattan
node/7194308188,Jake's Dilemma,40.7843285,-73.977698,bar,Manhattan
node/7418114253,Senn Thai Comfort Food,40.7850269,-73.9771886,restaurant,Manhattan
node/7418118988,Land Thai Kitchen,40.784963,-73.9772434,restaurant,Manhattan
node/7418121964,The Dead Poet,40.7849421,-73.9772607,pub,Manhattan
node/7657200159,Perfect Picnic,40.7944156,-73.9628889,restaurant,Manhattan
node/8064363282,Rome,40.8612794,-73.9880309,restaurant,Manhattan
node/8064363283,Nakahara,40.8612567,-73.9880531,restaurant,Manhattan
node/8064384986,China Taste,40.8612216,-73.9880732,restaurant,Manhattan
node/8073300004,,40.8618402,-73.9883619,restaurant,Manhattan
node/8150030341,Fudgarten,40.8499363,-73.9683495,restaurant,Manhattan
node/8168395026,bb.q Chicken,40.8453636,-73.9785636,restaurant,Manhattan
node/8260453144,Frank's Pizza at Shadyside,40.8098285,-73.9901976,restaurant,Manhattan
node/8260463722,Rebecca's,40.8089668,-73.9909253,restaurant,Manhattan
node/8260474180,Pa De Thai Restaurant,40.8094852,-73.9904903,restaurant,Manhattan
node/8260474228,Cafe Archetypus,40.8095461,-73.9904412,restaurant,Manhattan
node/8260705161,Food for Life,40.8096706,-73.9903383,restaurant,Manhattan
node/8260705162,Porto by Antonio,40.804925,-73.993408,restaurant,Manhattan
node/8438585854,Dive 106,40.8007289,-73.9657309,bar,Manhattan
node/8514846272,The Gyro Project,40.8563646,-73.9680411,restaurant,Manhattan
node/8514846276,Pumkin Blossom Bistro,40.8564463,-73.9674939,restaurant,Manhattan
node/8514846279,Pho Today,40.8563859,-73.9673062,restaurant,Manhattan
node/8530362368,Pho 32,40.8465107,-73.9991347,restaurant,Manhattan
node/8530362373,Shaburo,40.8477081,-73.9848379,restaurant,Manhattan
node/8530362374,Menya Sandaime,40.8492007,-73.9844064,restaurant,Manhattan
node/8530362375,Yamyam Chicken,40.8497293,-73.9844387,restaurant,Manhattan
node/8530362376,Pelicana Chicken,40.8412743,-73.9882388,restaurant,Manhattan
node/8541844957,Brownstone Pancake Factory,40.8247073,-73.9752685,restaurant,Manhattan
node/8541930262,Blackbeard Ramen,40.8243522,-73.9876881,restaurant,Manhattan
node/8542012539,Doña Antonia,40.7942467,-74.0048554,restaurant,Manhattan
node/8542062389,Punta Cana,40.8557621,-73.9676989,restaurant,Manhattan
node/8651793617,The Owl's Tail,40.7809547,-73.9808772,bar,Manhattan
node/8651832617,Lucciola,40.7903054,-73.9727706,restaurant,Manhattan
node/8666113117,Covacha,40.7809673,-73.9764315,restaurant,Manhattan
node/8687853803,Dagon,40.7912561,-73.9739207,restaurant,Manhattan
node/8687853816,Osteria Accademia,40.7912328,-73.9726585,restaurant,Manhattan
node/8687882643,New Asia,40.7918743,-73.9722097,restaurant,Manhattan
node/8691963728,Sedona Taphouse,40.8286449,-73.9869328,restaurant,Manhattan
node/8699239264,Mimi's Pizza,40.7895392,-73.975853,restaurant,Manhattan
node/8709397335,Naya,40.7876752,-73.9774262,restaurant,Manhattan
node/9181495785,,40.8130344,-73.9842581,restaurant,Manhattan
node/9373538597,Vin Sur Vingt,40.7849237,-73.9728113,bar,Manhattan
node/9392834429,Consuelo,40.7994604,-73.9677137,restaurant,Manhattan
node/9459121054,Baylander Steel Beach,40.8191878,-73.9621644,restaurant,Manhattan
node/9459150758,Freda's Caribbean and Soul Cuisine,40.8009324,-73.9613874,restaurant,Manhattan
node/9459150759,Curry King,40.7995276,-73.9628941,restaurant,Manhattan
node/9459150760,Doaba Deli,40.799434,-73.9624791,restaurant,Manhattan
node/9459180036,Zaad,40.8012053,-73.9649165,restaurant,Manhattan
node/9470233170,Bustan,40.7859388,-73.9760419,restaurant,Manhattan
node/9496920117,Mama’s TOO!,40.800798,-73.967649,restaurant,Manhattan
node/9509315843,Frozen Love,40.8138324,-73.9602013,restaurant,Manhattan
node/9654088076,Spice Lamb,40.8001788,-73.96613,restaurant,Manhattan
node/9700890401,Sushi Cruise,40.8183409,-73.9772752,restaurant,Manhattan
node/9780519497,Dragon 105,40.7982462,-73.9633552,restaurant,Manhattan
node/9787335517,Elis Wine Bar,40.8028192,-73.964203,restaurant,Manhattan
node/9793773981,Homemade Taqueria,40.8011698,-73.961203,restaurant,Manhattan
node/9957566525,Pico De Gallo Bar & Kitchen,40.7951614,-73.9698158,restaurant,Manhattan
node/9966728817,,40.7853079,-73.972782,restaurant,Manhattan
node/9973577917,Hiram's Roadstand,40.8415884,-73.9747221,restaurant,Manhattan
node/10164097237,Minosban,40.8652621,-73.9856015,restaurant,Manhattan
node/10164097238,Funland Chinese Restaurant,40.8654703,-73.985448,restaurant,Manhattan
node/10164097239,Kaya Garden,40.8656519,-73.9853247,restaurant,Manhattan
node/10179119908,Rumba Cafe,40.8655255,-73.9855731,restaurant,Manhattan
node/10207581130,Chef Mike's Sub Shop,40.8088483,-73.9609987,restaurant,Manhattan
node/10245927792,O2 K-BBQ,40.7907526,-74.00049,restaurant,Manhattan
node/10245927796,Antonio's Restaurant & Pizzeria,40.7921332,-74.0037592,restaurant,Manhattan
node/10245927803,GP's Restaurant,40.7911858,-74.001756,restaurant,Manhattan
node/10245969543,Lau's Wine Bar & Restaurant,40.7924765,-74.0034698,restaurant,Manhattan
node/10245969545,Cavalino's,40.7912959,-74.0041164,restaurant,Manhattan
node/10245969563,Cara Mia,40.7935843,-74.005669,restaurant,Manhattan
node/10245969566,Loco's Burger,40.7937235,-74.0052553,restaurant,Manhattan
node/10245969568,Cabo,40.7938434,-74.0051769,restaurant,Manhattan
node/10245969569,China Express,40.7930636,-74.0030054,restaurant,Manhattan
node/10245969570,Lotus Thai Cuisine,40.7929312,-74.0031237,restaurant,Manhattan
node/10278477244,Dante's Italian Restaurant,40.8630143,-73.9864534,restaurant,Manhattan
node/10628137668,Sushi House,40.8478211,-73.9705632,restaurant,Manhattan
node/10914968638,The Calaveras,40.799533,-73.9624049,restaurant,Manhattan
node/10936880905,Ellington in the park,40.8025839,-73.9718802,restaurant,Manhattan
node/11005206216,Bob's Your Uncle,40.7988323,-73.9629321,bar,Manhattan
node/11018270207,Dayi’nin Yeri,40.8158859,-73.9908429,restaurant,Manhattan
node/11018270208,Dayi'nin Yeri 2,40.8253003,-73.9872845,restaurant,Manhattan
node/11099428487,Playa Betty's,40.7807434,-73.9803323,restaurant,Manhattan
node/11170449354,Tacombi,40.782497,-73.9785273,restaurant,Manhattan
node/11170628909,Kuba,40.8548889,-73.9633565,restaurant,Manhattan
node/11210780898,moodfood,40.8399877,-73.9811186,restaurant,Manhattan
node/11236746435,Chama Mama,40.7822176,-73.9787653,restaurant,Manhattan
node/11332148669,Omakase 95,40.7936206,-73.9709147,restaurant,Manhattan
node/11371603469,Jet's Pizza,40.7937849,-73.9707956,restaurant,Manhattan
node/11375876806,Kyuramen,40.8027172,-73.968113,restaurant,Manhattan
node/11386507858,Tartina,40.8036171,-73.9636412,restaurant,Manhattan
node/11411614762,Koko Wings,40.8009562,-73.9673468,restaurant,Manhattan
node/11413866657,Happy Hot Hunan Restaurant,40.8013886,-73.9647833,restaurant,Manhattan
node/11415714612,Pancho's Antojitos Mexicano,40.8013901,-73.965234,restaurant,Manhattan
node/11415714613,3 Times,40.801455,-73.965181,restaurant,Manhattan
node/11421707495,Mala Town,40.8000199,-73.9657774,restaurant,Manhattan
node/11442900427,Marinara Pizza,40.7954237,-73.9708722,restaurant,Manhattan
node/11447982727,Atlas Kitchen,40.8032937,-73.9667641,restaurant,Manhattan
node/11448213482,The Grand Feast,40.7977903,-73.9678718,restaurant,Manhattan
node/11530393583,Tsumo Omakase,40.7955912,-73.9694838,restaurant,Manhattan
node/11530514625,Buceo 95,40.7936012,-73.9711217,restaurant,Manhattan
node/11532552941,Baked by Melissa,40.7873816,-73.9776772,restaurant,Manhattan
node/11536202001,Dim Sum Bloom,40.7957389,-73.9706401,restaurant,Manhattan
node/11538535383,Coma Bueno,40.7996039,-73.9628318,restaurant,Manhattan
node/11538724479,Kikoo Sushi,40.8013869,-73.9615545,restaurant,Manhattan
node/11541133669,Bareburger,40.7943379,-73.9661954,restaurant,Manhattan
node/11541696469,Hoptimist,40.7840717,-73.9779024,bar,Manhattan
node/11583940164,Ciao Paisan,40.7831966,-73.9789446,restaurant,Manhattan
node/11583940165,Blondies Sports Bar,40.7832747,-73.9791292,bar,Manhattan
node/11583954373,New York Comedy Club,40.7828731,-73.9801285,bar,Manhattan
node/11616874334,El Gallo Taqueria,40.7866324,-73.9760139,restaurant,Manhattan
node/11617087594,Crave Fishbar,40.7842543,-73.9777515,restaurant,Manhattan
node/11617087595,Two Wheels,40.7842096,-73.9777838,restaurant,Manhattan
node/11622197425,Vanessa's Dumpling House,40.7849937,-73.9772104,restaurant,Manhattan
node/11627433797,Sushi Nonaka,40.7836073,-73.978221,restaurant,Manhattan
node/11629642322,West Side Comedy Club,40.7807729,-73.9804016,bar,Manhattan
node/11632352915,Telio,40.7982092,-73.9688522,restaurant,Manhattan
node/11662430712,The Upside,40.7894094,-73.9739936,bar,Manhattan
node/11664042689,The Shell,40.7906078,-73.9725454,restaurant,Manhattan
node/11687176846,Haven,40.7834563,-73.9795171,restaurant,Manhattan
node/11687210350,Joe's Steam Rice Roll,40.7840301,-73.9779134,restaurant,Manhattan
node/11687215264,Song'e Napule,40.7854066,-73.9769052,restaurant,Manhattan
node/11687215265,Scarlet Lounge,40.7855628,-73.9767913,bar,Manhattan
node/11687369985,Celeste,40.7866864,-73.9759752,restaurant,Manhattan
node/11687385083,Alachi Masala,40.7861403,-73.9763768,restaurant,Manhattan
node/11690216253,King Food Chen,40.7860073,-73.9760003,restaurant,Manhattan
node/11730128243,Sarabeth's,40.7839211,-73.9775152,restaurant,Manhattan
node/11735228974,Manhattan Diner,40.7936415,-73.9721751,restaurant,Manhattan
node/11746576608,One Bite Omakase,40.7835338,-73.9778072,restaurant,Manhattan
node/11873613003,Ghemo,40.8007444,-73.9660245,restaurant,Manhattan
node/11890647090,La Rancherita Bakery and Restaurant,40.7937685,-74.012463,restaurant,Manhattan
node/11890647094,Hannah Fun Chinese Restaurant,40.793957,-74.012707,restaurant,Manhattan
node/11890647095,Sabor y Punto,40.7939174,-74.0127348,restaurant,Manhattan
node/11890647096,Pollos a la Brasa Kikiriki,40.7938646,-74.0127653,restaurant,Manhattan
node/11890647098,Blazin Chicken & Gyro,40.7998407,-74.0078887,restaurant,Manhattan
node/11931321868,Mashed Burgers,40.8264032,-73.9871621,restaurant,Manhattan
node/11935609527,Gamja Tang Tang Restaurant,40.8536147,-73.9749085,restaurant,Manhattan
node/11938467682,BCD Tofu House,40.8499933,-73.9700941,restaurant,Manhattan
node/11938509358,Soup Dumpling Plus,40.8475202,-73.9706087,restaurant,Manhattan
node/12023694618,Flame,40.7839461,-73.9743873,restaurant,Manhattan
node/12024393753,The Milling Room,40.7836415,-73.9744848,restaurant,Manhattan
node/12077150283,Springbone Kitchen,40.7865605,-73.9718824,restaurant,Manhattan
node/12077150288,Beer Run UWS,40.7866912,-73.9717938,bar,Manhattan
node/12078860384,Cafe Sabarsky,40.7812646,-73.960373,restaurant,Manhattan
node/12079653418,Cotta Osteria,40.7854771,-73.9726638,restaurant,Manhattan
node/12081310371,Noi Due,40.7848847,-73.9731089,restaurant,Manhattan
node/12081310372,Mughlai Indian Cuisine,40.7848167,-73.9731531,restaurant,Manhattan
node/12081310373,Cilantro NYC,40.7846872,-73.973253,restaurant,Manhattan
node/12081819275,Lokal Mediterranean Kitchen,40.7842949,-73.9735265,restaurant,Manhattan
node/12103601620,Bomdama,40.8480626,-73.9975674,restaurant,Manhattan
node/12123586826,Sugarfish,40.7808701,-73.9806557,restaurant,Manhattan
node/12148712255,Spoon & Chopstick,40.8479404,-73.9848025,restaurant,Manhattan
node/12148713030,Johnny's Pizza,40.8478279,-73.984823,restaurant,Manhattan
node/12233725009,Gamja TangTang,40.8498663,-73.9701464,restaurant,Manhattan
node/12233725012,Bonjuk 본죽 FortLee,40.8505784,-73.968764,restaurant,Manhattan
node/12233725014,Fresh Bites Dosirak,40.8508473,-73.9688023,restaurant,Manhattan
node/12233725015,Shabu House AYCE 샤브하우스,40.8507945,-73.9697499,restaurant,Manhattan
node/12233725016,Sa Rit Gol,40.8508222,-73.9686452,restaurant,Manhattan
node/12233725017,Myung Dong Noodle House,40.851876,-73.9698907,restaurant,Manhattan
node/12233725019,Jiangnan - Fort Lee,40.8497409,-73.9701193,restaurant,Manhattan
node/12233725021,Daehan Gopchang 대한곱창,40.8509235,-73.9691013,restaurant,Manhattan
node/12233732596,Gayeon,40.8516051,-73.9688376,restaurant,Manhattan
node/12233745005,Beer Spot & Grill,40.8521285,-73.9697128,pub,Manhattan
node/12264912665,52 Lounge,40.7844603,-74.0198765,restaurant,Manhattan
node/12264912675,Como En Tu Casa,40.7846431,-74.019737,restaurant,Manhattan
node/12264961507,Noches de Colombia,40.792701,-74.0136666,restaurant,Manhattan
node/12264961509,El Chalateco,40.794287,-74.0124568,restaurant,Manhattan
node/12264970745,Noches de Colombia,40.7872301,-74.0177991,restaurant,Manhattan
node/12527817289,Nai Brother Sauerkraut Fish,40.8034557,-73.9675683,restaurant,Manhattan
node/12544066932,A ves,40.7864784,-73.9725142,restaurant,Manhattan
node/12597075711,Rahongbu Malatang,40.847586,-73.9705852,restaurant,Manhattan
node/12597075712,Jumong Pocha,40.8476084,-73.9702929,restaurant,Manhattan
node/12597144546,Xin La Gong Fu,40.8542362,-73.9759062,restaurant,Manhattan
node/12597144548,Yea Jip,40.8518733,-73.9717413,restaurant,Manhattan
node/12646715570,So Gong Dong Tofu & BBQ,40.8448249,-73.999887,restaurant,Manhattan
node/12648316745,Sabor a Campo Restaurant,40.8201869,-73.9888376,restaurant,Manhattan
node/12803072800,Dos Amigos,40.7844217,-74.018867,restaurant,Manhattan
node/12896660714,La Pupusa Loca,40.7884882,-74.0164402,restaurant,Manhattan
node/12902271163,Brazeiro,40.7856104,-74.009727,restaurant,Manhattan
node/12902272914,Sal's,40.7904761,-74.0153656,restaurant,Manhattan
node/13370931774,Don Jose Taqueria,40.8222348,-73.9900551,restaurant,Manhattan
node/13538103701,Riverside Tower Hotel,40.7856296,-73.98174,hotel,Manhattan
node/13618751192,The Chofi Spot,40.7818927,-74.0125409,restaurant,Manhattan
node/13874600395,Virgil's Real Barbecue,40.7911831,-73.9739882,restaurant,Manhattan
way/163332640,,40.8160862,-73.9786336,restaurant,Manhattan
way/184854470,Outback Steakhouse,40.8122908,-73.9821154,restaurant,Manhattan
way/239019191,Marriott Glenpointe,40.8723234,-74.0052498,hotel,Manhattan
way/239020210,Hilton Garden Inn,40.8519415,-74.0137747,hotel,Manhattan
way/239020216,Hampton Inn Ridgefield Park,40.8446613,-74.0146552,hotel,Manhattan
way/264859125,Santorini Taverna,40.8513301,-73.9656924,restaurant,Manhattan
way/269296202,Hummus Place,40.7800441,-73.9802562,restaurant,Manhattan
way/269313812,The Lucerne,40.7835056,-73.9784625,hotel,Manhattan
way/270898203,Imperial Court Hotel,40.7848313,-73.9816428,hotel,Manhattan
way/271923842,Cotton Club,40.8175864,-73.9602803,bar,Manhattan
way/279483424,P.F. Chang's,40.7802379,-74.0095843,restaurant,Manhattan
way/337068521,Comfort Inn Edgewater,40.8208315,-73.975598,hotel,Manhattan
way/340532679,Homewood Suites,40.806641,-73.9898822,hotel,Manhattan
way/340774615,Viva Margarita,40.80649,-73.9927121,restaurant,Manhattan
way/340774616,Viva Margarita,40.8064693,-73.9925594,bar,Manhattan
way/377632917,Waterside Restaurant,40.7949164,-73.9939258,restaurant,Manhattan
way/454994625,Tulemia Pizza,40.7805641,-74.0189679,restaurant,Manhattan
way/465645404,Noches De Colombia,40.8101523,-74.0010708,restaurant,Manhattan
way/495949645,Dong Bo Sung,40.8565574,-73.9670717,restaurant,Manhattan
way/531131926,Sushi Kai Omakase - Fort Lee,40.8511011,-73.9706026,restaurant,Manhattan
way/531131927,Cap't Loui,40.8510778,-73.9706854,restaurant,Manhattan
way/552034993,So Kong Dong,40.8504866,-73.9670475,restaurant,Manhattan
way/552034995,Napoli,40.8505658,-73.9663381,restaurant,Manhattan
way/552035000,Mennya Sandaime,40.8497328,-73.967716,restaurant,Manhattan
way/650692265,Choo Choo Train,40.8635604,-73.9869933,restaurant,Manhattan
way/665717721,Courtyard,40.8028133,-73.9929567,hotel,Manhattan
way/696043275,Hampton Inn & Suites Teaneck Glenpointe,40.8712963,-74.0030026,hotel,Manhattan
way/788697787,Holiday Inn GW Bridge-Fort Lee NYC Area,40.8672541,-73.9744955,hotel,Manhattan
way/789047720,Best Western Fort Lee,40.8657013,-73.9733214,hotel,Manhattan
way/806098198,Iichiya Sushi,40.8290451,-73.9804867,restaurant,Manhattan
way/806195885,Pomodoro,40.8309774,-73.9828002,restaurant,Manhattan
way/1109196695,Days Inn by Wyndham Ridgefield NJ,40.8449478,-74.0079916,hotel,Manhattan
way/1187332670,Boulevard Buffet,40.8156537,-74.0029003,restaurant,Manhattan
way/1280583782,Tutto A Modo Mio (Piccolo's Gastronomia Italiana),40.8244246,-73.997079,restaurant,Manhattan
way/1366259071,Hyatt Place,40.8619068,-73.9760856,hotel,Manhattan
node/566313758,The Inwood Farm,40.8727992,-73.918421,restaurant,Manhattan
node/566316071,Garden Café,40.8681188,-73.9204207,restaurant,Manhattan
node/883337398,Ristorante Settepani,40.8043628,-73.9476425,restaurant,Manhattan
node/1667358508,,40.8072019,-73.9535984,restaurant,Manhattan
node/1667359770,Chocolat Restaurant Lounge,40.8069537,-73.9537487,restaurant,Manhattan
node/1667402832,The Fox,40.8068012,-73.9534135,restaurant,Manhattan
node/1667412535,Melba's,40.8030944,-73.95657,restaurant,Manhattan
node/1667418892,Cedric,40.8061352,-73.9530327,restaurant,Manhattan
node/1667419712,Billie's Black Bar & Lounge,40.8062286,-73.9532312,restaurant,Manhattan
node/1748991484,Chu Ros Thai,40.7892539,-73.9486313,restaurant,Manhattan
node/1748991489,Burritos y Mas,40.7887862,-73.948637,restaurant,Manhattan
node/1749011035,Quechua Nostra,40.7905956,-73.9476505,restaurant,Manhattan
node/1749011039,El Aguila,40.7905186,-73.9477162,restaurant,Manhattan
node/1749011095,The Lexington Social,40.7906645,-73.9476244,restaurant,Manhattan
node/1749011119,Caribbean Fiesta,40.7927227,-73.9503373,restaurant,Manhattan
node/1749011123,Bawarchi Indian Cuisine,40.7927565,-73.9503189,restaurant,Manhattan
node/1867356492,Pizza Palace,40.8624129,-73.925052,restaurant,Manhattan
node/2011781571,Polash,40.799638,-73.9385346,restaurant,Manhattan
node/2070984265,Mamajuana Cafe,40.8664492,-73.9280511,restaurant,Manhattan
node/2348610318,The Irish Brigade Pub,40.864409,-73.9288983,pub,Manhattan
node/2501567185,Harlem Maison,40.8121987,-73.9516713,restaurant,Manhattan
node/2522802838,Agnanti,40.7810383,-73.9179527,restaurant,Manhattan
node/2562438634,Corner Social,40.8086893,-73.9451659,restaurant,Manhattan
node/2562438637,Caribbean Starr,40.8070737,-73.9456305,restaurant,Manhattan
node/2603955343,Ecuatoriana Restaurant,40.8241234,-73.9481734,restaurant,Manhattan
node/2603955421,La Esquina del Salmon,40.8214023,-73.954469,restaurant,Manhattan
node/2611640868,Hard Rock Cafe,40.8285243,-73.9260199,restaurant,Manhattan
node/2611640869,NYY Steak,40.8286243,-73.9259124,restaurant,Manhattan
node/2714216773,La Chula,40.7988313,-73.9416629,restaurant,Manhattan
node/2724113139,Catch n' Chop,40.7813175,-73.9523876,restaurant,Manhattan
node/2724171700,Eli's Bar 91,40.7839393,-73.9567416,bar,Manhattan
node/2724236509,Bocado Cafe,40.7802154,-73.9548959,restaurant,Manhattan
node/2761809232,La Isla Restaurant,40.7902892,-73.9453843,restaurant,Manhattan
node/2761818482,Sol Maya,40.7905474,-73.9427168,restaurant,Manhattan
node/2761822752,Alison,40.7909848,-73.9470267,bar,Manhattan
node/2761822755,El Nuevo Caribeno,40.7916166,-73.9465711,restaurant,Manhattan
node/2762327893,East Harlem Bottling Co,40.7929592,-73.9455878,restaurant,Manhattan
node/2762327901,Jaguar,40.793587,-73.9451239,restaurant,Manhattan
node/2762442267,Safari,40.8005894,-73.9527099,restaurant,Manhattan
node/2762470556,Lalibela,40.8023112,-73.9566682,restaurant,Manhattan
node/2762553969,BIXI Harlem,40.8048187,-73.9548295,restaurant,Manhattan
node/2765399915,Sam’s Famous Pizza,40.7984191,-73.9415796,restaurant,Manhattan
node/2765399935,El Nuevo Caridad,40.7969303,-73.9380482,restaurant,Manhattan
node/2765415641,Sandy Restaurant,40.7972174,-73.9378376,restaurant,Manhattan
node/2765449317,Rao’s,40.7939234,-73.9342665,restaurant,Manhattan
node/2765742254,Barawine,40.80454,-73.9474459,bar,Manhattan
node/2767707740,Kennedy Fried Chicken & Pizza,40.8142537,-73.9367717,restaurant,Manhattan
node/2767863009,Empire Chinese Restaurant,40.8191781,-73.940541,restaurant,Manhattan
node/2767863013,Polanco Restaurant B.B.Q.,40.8192262,-73.9405059,restaurant,Manhattan
node/2768136308,The Edge,40.8198671,-73.9460727,restaurant,Manhattan
node/2768171701,The Grange,40.8225009,-73.9493735,restaurant,Manhattan
node/2768296947,The Handpulled Noodle,40.8284123,-73.94869,restaurant,Manhattan
node/2768296962,At The Wallace,40.8286652,-73.948469,restaurant,Manhattan
node/2768405698,Nikko Hibachi Asian Fusion,40.8114761,-73.9579151,restaurant,Manhattan
node/2768418995,Bar 314,40.8141651,-73.9597532,restaurant,Manhattan
node/2768419000,Max Soha,40.8112405,-73.9580424,restaurant,Manhattan
node/2768450159,South of the Clouds,40.8082515,-73.9597714,restaurant,Manhattan
node/2768451029,La Salle Dumpling Room,40.8140333,-73.9598316,restaurant,Manhattan
node/2768459581,Jin Ramen,40.8153944,-73.9588496,restaurant,Manhattan
node/2797210304,Poke Station,40.8430348,-73.9394044,restaurant,Manhattan
node/2797210306,La Dinastia Restaurant,40.8431777,-73.9393928,restaurant,Manhattan
node/2797260694,Mi Paso,40.8458772,-73.9387502,restaurant,Manhattan
node/2797260695,Suross,40.8459748,-73.9387222,restaurant,Manhattan
node/2797260698,El Sabor Nuevo,40.846117,-73.9386733,restaurant,Manhattan
node/2797260699,Malecon,40.8463658,-73.9386007,restaurant,Manhattan
node/2797261799,Manolo,40.847173,-73.938357,restaurant,Manhattan
node/2797261820,Poción Lounge,40.847528,-73.938419,restaurant,Manhattan
node/2797462932,Chicken Ranch,40.8483931,-73.9324029,restaurant,Manhattan
node/2797466263,Munchies,40.8488894,-73.9342703,restaurant,Manhattan
node/2797524092,Au Jus,40.8492955,-73.9364209,restaurant,Manhattan
node/2797563201,Tampopo Ramen,40.8505834,-73.9364784,restaurant,Manhattan
node/2797563208,Sushi Yu 2,40.8519916,-73.9350299,restaurant,Manhattan
node/2797589503,Saggio,40.851374,-73.9394905,restaurant,Manhattan
node/2797600871,Refried Beans Mexican Grill,40.8549554,-73.9371041,restaurant,Manhattan
node/2797600873,Fresco's Pizzeria,40.8551515,-73.9373517,restaurant,Manhattan
node/2797600877,Yang Garden,40.8552708,-73.9377099,restaurant,Manhattan
node/2797628447,Grito,40.8535476,-73.9308711,restaurant,Manhattan
node/2797659824,Vegan Quick Bites by Next Stop Vegan,40.8559656,-73.9286418,restaurant,Manhattan
node/2797681668,Tampopo Kitchen,40.8553005,-73.9371769,restaurant,Manhattan
node/2797789439,Yummy Thai,40.8680756,-73.9204967,restaurant,Manhattan
node/2797811242,Opus,40.8609814,-73.9201885,nightclub,Manhattan
node/2798984208,Gio's Pizza,40.812239,-73.9246375,restaurant,Manhattan
node/2799974187,Seis Vecinos,40.8153204,-73.9031697,restaurant,Manhattan
node/2807618245,Liberato Restaurant,40.8585533,-73.9039988,restaurant,Manhattan
node/2808737392,Liberato Restaurant,40.8537083,-73.9080019,restaurant,Manhattan
node/2809136676,Salsa Con Fuego,40.8622004,-73.9113629,restaurant,Manhattan
node/2811013894,Empire 19,40.8785398,-73.9174514,restaurant,Manhattan
node/3136840116,Ceetay,40.8071519,-73.9275766,restaurant,Manhattan
node/3452345665,Geisha Sushi,40.8240742,-73.9518105,restaurant,Manhattan
node/3545220721,Baraka Buffet,40.8168869,-73.9460483,restaurant,Manhattan
node/3545220728,Easy Corner,40.8150396,-73.9407349,restaurant,Manhattan
node/3589024668,T & J Jamaican Flava,40.7872731,-73.9517102,restaurant,Manhattan
node/3590689281,The District Bar & Restaurant,40.7839008,-73.950022,restaurant,Manhattan
node/3623472008,Chan's Kitchen,40.8557131,-73.9333898,restaurant,Manhattan
node/3623507882,La Cabana Salvadorena,40.8542688,-73.9334615,restaurant,Manhattan
node/3627346235,Chez Messy,40.8344857,-73.9451934,restaurant,Manhattan
node/3627346237,La Libertad,40.8334187,-73.9450216,restaurant,Manhattan
node/3661038140,Uptown Veg,40.8055163,-73.9405433,restaurant,Manhattan
node/3862975263,Hellgate on the Park,40.78094,-73.917284,bar,Manhattan
node/3862975658,Astoria Family Pizza,40.780773,-73.917031,restaurant,Manhattan
node/3862987557,Mikos Souvlaki,40.780672,-73.916871,restaurant,Manhattan
node/3867875961,Keenan's bar,40.87915,-73.904435,bar,Manhattan
node/4175145190,Marisco Centro,40.8519185,-73.932054,restaurant,Manhattan
node/4176537295,Home Sweet Harlem,40.8193775,-73.9522582,restaurant,Manhattan
node/4176635091,Unione Restaurant,40.8292567,-73.947944,restaurant,Manhattan
node/4213565912,Efuru Guest House,40.8047139,-73.9485671,hotel,Manhattan
node/4224118981,Le Chéile,40.8514544,-73.9400045,restaurant,Manhattan
node/4231923696,Sylvia's Restaurant,40.8086285,-73.9445189,restaurant,Manhattan
node/4294989329,Courtyard,40.7802422,-73.946123,hotel,Manhattan
node/4297408693,International Wings Factory,40.7802569,-73.94668,restaurant,Manhattan
node/4303213992,Tasty Deli,40.841789,-73.9390089,restaurant,Manhattan
node/4449731898,Yatenga French Bistro,40.8142327,-73.9441134,restaurant,Manhattan
node/4450394989,Giovanni's G-Bar,40.8194448,-73.9271344,restaurant,Manhattan
node/4455991989,Lex Restaurant,40.7825319,-73.953693,restaurant,Manhattan
node/4747209924,La Marina Restaurant and Lounge,40.8689919,-73.9321732,bar,Manhattan
node/4747234521,The Hudson,40.8688176,-73.9319524,restaurant,Manhattan
node/4757891123,Earls,40.7873339,-73.9516565,restaurant,Manhattan
node/4798955921,IHOP,40.8475193,-73.9378226,restaurant,Manhattan
node/4860241127,Chelsea Craft Brewing Company,40.841904,-73.9015282,bar,Manhattan
node/4928962209,Chopped Parsley,40.8259256,-73.9473575,restaurant,Manhattan
node/4928962211,Mumbai Masala Indian Grill,40.8268145,-73.9466673,restaurant,Manhattan
node/4971119410,Hot Jalapeño Mexican Restaurant,40.7976941,-73.9390545,restaurant,Manhattan
node/4980494073,Wimpy's Hamburger Place,40.7993,-73.935886,restaurant,Manhattan
node/4987134521,Amy Ruth's,40.8024602,-73.9502299,restaurant,Manhattan
node/5004045121,American Legion Post 398,40.8139532,-73.9467615,bar,Manhattan
node/5087049881,Lolita's Kitchen,40.7822962,-73.9537168,restaurant,Manhattan
node/5123007829,Patsy's Pizzeria,40.7971206,-73.9348001,restaurant,Manhattan
node/5136637549,Lechonera Dominicana,40.8436867,-73.9126376,restaurant,Manhattan
node/5136637554,Taqueria Huarache,40.8440474,-73.9143901,restaurant,Manhattan
node/5172258801,El Botecito,40.8035692,-73.9192978,restaurant,Manhattan
node/5172260375,Emergency,40.8038643,-73.9200331,restaurant,Manhattan
node/5172260376,Camagüey Restaurant,40.8072915,-73.9190639,restaurant,Manhattan
node/5172266179,Margarita's Mexican Cuisine,40.8220752,-73.9076024,restaurant,Manhattan
node/5187017438,Apollo Hotel,40.8065824,-73.9497363,hotel,Manhattan
node/5235602684,A Taste of Seafood,40.8162289,-73.9465284,restaurant,Manhattan
node/5266905501,Chez Alain,40.8073593,-73.9498334,restaurant,Manhattan
node/5266905521,BLVD Bistro,40.8058627,-73.9472248,restaurant,Manhattan
node/5266906129,Paris Blues,40.8064034,-73.9498758,restaurant,Manhattan
node/5281908451,Jimbo's Hamburgers,40.8257932,-73.9493394,restaurant,Manhattan
node/5296021049,St Nicholas Hotel,40.8306967,-73.9416361,hotel,Manhattan
node/5296101437,Tsion Cafe,40.8262841,-73.9434171,restaurant,Manhattan
node/5309513732,Mama's,40.7998654,-73.935909,restaurant,Manhattan
node/5354151028,George's Pizza,40.8503636,-73.9369872,restaurant,Manhattan
node/5384049146,Landín Macaroni & Cheese,40.820035,-73.9161445,restaurant,Manhattan
node/5400474152,Rai Rai Ken,40.8171459,-73.9532953,restaurant,Manhattan
node/5400494705,MamaSushi,40.8661804,-73.9277496,restaurant,Manhattan
node/5402543163,Chochin,40.7819228,-73.9478219,restaurant,Manhattan
node/5402622059,Sushi Inoue,40.8108361,-73.9435614,restaurant,Manhattan
node/5413492269,La Casa Del Mofongo,40.850444,-73.9331798,restaurant,Manhattan
node/5413506167,Bar 180,40.8498121,-73.9363744,bar,Manhattan
node/5413507961,Lola Lola Restaurant,40.8456605,-73.9361488,restaurant,Manhattan
node/5413541062,The Heights Bar and Restaurant,40.8450432,-73.9348447,restaurant,Manhattan
node/5413543118,Kazza Wine Bar,40.8475475,-73.9387283,restaurant,Manhattan
node/5413554330,Monkey Room,40.8549084,-73.9371187,bar,Manhattan
node/5413810409,Hudson View Restaurant,40.8507466,-73.9381774,restaurant,Manhattan
node/5414460813,Great Wall Chinese Restaurant,40.8508316,-73.9385026,restaurant,Manhattan
node/5414645880,181 Cabrini,40.8511684,-73.9401391,restaurant,Manhattan
node/5415639405,Prime One 16,40.7959347,-73.9356816,restaurant,Manhattan
node/5415839909,Kismat Indian Restaurant,40.8552442,-73.9370234,restaurant,Manhattan
node/5501633021,Barking Dog,40.7840697,-73.9503873,restaurant,Manhattan
node/5522613821,The Drunken Munkey,40.7809852,-73.9475594,restaurant,Manhattan
node/5540462860,Nick's,40.7827672,-73.9479303,restaurant,Manhattan
node/5548115057,Reif's Tavern,40.7814029,-73.9485796,bar,Manhattan
node/5548140929,Delizia 92,40.7815133,-73.9488508,restaurant,Manhattan
node/5549670841,Linda's Pizzeria,40.823693,-73.9086754,restaurant,Manhattan
node/5588878334,Guajillo,40.7968525,-73.9350057,restaurant,Manhattan
node/5588989245,Mrs. An Thai,40.7873895,-73.9482837,restaurant,Manhattan
node/5599232076,The Milton,40.781267,-73.9490461,restaurant,Manhattan
node/5614271261,Wok 88,40.7803566,-73.9531066,restaurant,Manhattan
node/5614292204,Móle,40.7802891,-73.9502159,restaurant,Manhattan
node/5616317452,Delicious Chinese Food Inc,40.7876253,-73.9443966,restaurant,Manhattan
node/5666755639,Le Viêt Thai,40.7811676,-73.9491151,restaurant,Manhattan
node/5666796392,Bangrak Thai Cuisine,40.7811358,-73.9491383,restaurant,Manhattan
node/5666870630,Biddy's Pub,40.7810045,-73.9490049,bar,Manhattan
node/5672759305,El Paso Taqueria,40.7873686,-73.9527035,restaurant,Manhattan
node/5703497866,Vegan Grill,40.7801105,-73.9498604,restaurant,Manhattan
node/5709100551,Liffy II Bar,40.8693733,-73.9171298,bar,Manhattan
node/5709136460,El Nuevo Sabor,40.8694438,-73.9155626,restaurant,Manhattan
node/5709149508,Made In Mexico,40.8672533,-73.9171554,restaurant,Manhattan
node/5709611765,Fantastic,40.86614,-73.9196001,bar,Manhattan
node/5709614591,Guadalupe,40.8674262,-73.9207651,restaurant,Manhattan
node/5709690860,Guacamole Taqueria,40.8696513,-73.9165505,restaurant,Manhattan
node/5711614094,Seawalk Restaurant,40.8666758,-73.9283593,restaurant,Manhattan
node/5711620241,Pat'e Palo,40.8665532,-73.9282148,restaurant,Manhattan
node/5711713030,Tabu,40.8661116,-73.9276937,bar,Manhattan
node/5711722291,Papasito,40.8659316,-73.9274671,restaurant,Manhattan
node/5711728432,Dyckman Bar,40.8659128,-73.9274496,bar,Manhattan
node/5712378927,Albert's Mofongo,40.8654854,-73.9268295,restaurant,Manhattan
node/5712382892,Tryon Public House,40.8649993,-73.927845,pub,Manhattan
node/5712392304,El Jefe Sport Cantina,40.8644051,-73.9268547,bar,Manhattan
node/5719018954,Empire Corner 2,40.8004366,-73.9463914,restaurant,Manhattan
node/5721493494,El Tepeyac Taqueria,40.7866636,-73.9501801,restaurant,Manhattan
node/5729305630,Tacos & Tequilla,40.7807448,-73.9494056,restaurant,Manhattan
node/5729312617,Mughlai Indian Cuisine,40.7800549,-73.9498849,restaurant,Manhattan
node/5750222852,Dallas BBQ,40.8395821,-73.9404606,restaurant,Manhattan
node/5780277997,New Chinatown Restaurant,40.7828869,-73.9512532,restaurant,Manhattan
node/5780289848,Korali Estiatorio,40.7834335,-73.9508414,restaurant,Manhattan
node/5780292853,Isohama,40.7835485,-73.950757,restaurant,Manhattan
node/5781374253,Skinny's Cantina on the Hudson,40.8202694,-73.9588986,restaurant,Manhattan
node/5782494844,Effy's Kitchen,40.7885453,-73.9488126,restaurant,Manhattan
node/5782495642,Café d'Anvers,40.7884657,-73.9488874,restaurant,Manhattan
node/5782500846,Yura's Blue Plate,40.795666,-73.9354419,restaurant,Manhattan
node/5782504258,Pipo's,40.799484,-73.9398336,restaurant,Manhattan
node/5798643423,,40.825813,-73.9485289,hotel,Manhattan
node/5801862103,Malii Thai Kitchen,40.7894559,-73.943061,restaurant,Manhattan
node/5801889162,Plue,40.7889193,-73.9485485,restaurant,Manhattan
node/5826449659,Desi Indo-Chinese,40.7897114,-73.9428704,restaurant,Manhattan
node/5828664373,Lulu & Teddy's Cafe,40.794225,-73.9400173,restaurant,Manhattan
node/5859955160,The Original Venice Restaurant,40.8127411,-73.9074547,restaurant,Manhattan
node/5873568860,Sfoglia,40.7834917,-73.9528749,restaurant,Manhattan
node/5879976048,Supreme Eats Pizza & Pasta Corp,40.7892151,-73.9486629,restaurant,Manhattan
node/5882076665,3 Decker Restaurant & Cafe,40.7808932,-73.949317,restaurant,Manhattan
node/5972697424,The Famous Jimbo's Hamburgers Palace,40.8035129,-73.9378803,restaurant,Manhattan
node/5978510506,Third Avenue Ale House,40.7827926,-73.9513056,pub,Manhattan
node/5978558885,Gina La Fornina,40.7840338,-73.9567964,restaurant,Manhattan
node/5978792495,Piatto d’Oro,40.7918405,-73.9390061,restaurant,Manhattan
node/5978868293,La Nostra,40.7932055,-73.9403004,restaurant,Manhattan
node/5978870985,Dreamer’s Pizza,40.7892557,-73.946623,restaurant,Manhattan
node/6051280588,Naruto Ramen,40.7811481,-73.9525139,restaurant,Manhattan
node/6053002884,Koo Thai,40.7801715,-73.9467438,restaurant,Manhattan
node/6055311151,Conmigo,40.7883648,-73.9535158,restaurant,Manhattan
node/6071905708,El Chevere Cuchifritos,40.7940663,-73.9430902,restaurant,Manhattan
node/6110220409,Pic Up Stix,40.7825365,-73.9535711,restaurant,Manhattan
node/6174672652,Pick and Eat,40.8675112,-73.9212868,restaurant,Manhattan
node/6206711584,El Paso,40.7952819,-73.9452985,restaurant,Manhattan
node/6219538439,Bocaditos Bistro,40.8668683,-73.9239764,restaurant,Manhattan
node/6228622528,Kaia Wine Bar,40.7818145,-73.9520354,restaurant,Manhattan
node/6237520255,Bangklyn East Harlem,40.7902533,-73.9429411,restaurant,Manhattan
node/6244684467,O'Side Restaurant & Lounge,40.8441066,-73.9234742,nightclub,Manhattan
node/6250063179,Hing Wong Chinese Restaurant,40.8485854,-73.9163628,restaurant,Manhattan
node/6270650093,Pascalou,40.7851416,-73.9558929,restaurant,Manhattan
node/6270653121,The Wright,40.7828127,-73.959174,restaurant,Manhattan
node/6296848317,El San Juan Restaurant,40.8010858,-73.9459088,restaurant,Manhattan
node/6296848388,Jacob Restaurant,40.8217176,-73.9429665,restaurant,Manhattan
node/6296851635,Jacob Restaurant,40.8102607,-73.9439964,restaurant,Manhattan
node/6296851689,Hot Pot Under De Tree,40.826923,-73.9391666,restaurant,Manhattan
node/6356475285,Harlem Public,40.828715,-73.9484416,restaurant,Manhattan
node/6426473697,Dragon One,40.8020768,-73.956844,restaurant,Manhattan
node/6511840938,Jaahlookova,40.8168689,-73.9465164,restaurant,Manhattan
node/6511867025,Abyssinia,40.8160376,-73.9458914,restaurant,Manhattan
node/6511917719,Ponty Bistro,40.8176235,-73.9416508,restaurant,Manhattan
node/6680604284,Daps Caribbean Cuisine,40.80563,-73.9399632,restaurant,Manhattan
node/6733980472,Great Wall,40.7950928,-73.9358471,restaurant,Manhattan
node/6758042171,Paladar Brazilian BBQ,40.7935062,-73.9376879,restaurant,Manhattan
node/6758200121,Au Jus,40.7885984,-73.9487694,restaurant,Manhattan
node/6762609288,Fillmore Delicatessen,40.7836113,-73.950714,restaurant,Manhattan
node/6781789416,La Vita Pizza,40.7836719,-73.9506652,restaurant,Manhattan
node/6807706733,Olde City,40.7834971,-73.9507978,bar,Manhattan
node/6818147882,Akami Sushi,40.7804769,-73.9470077,restaurant,Manhattan
node/6818179470,Fresh Wok,40.7806162,-73.9468726,restaurant,Manhattan
node/6900257452,La Morada,40.8106041,-73.9215395,restaurant,Manhattan
node/6927650853,Massawa,40.8097913,-73.9586122,restaurant,Manhattan
node/6946422550,Ricardo Steak House,40.793484,-73.9405846,restaurant,Manhattan
node/7022680977,Maxwell’s,40.7975028,-73.9485228,bar,Manhattan
node/7048004285,Sottocasa Pizzeria,40.805587,-73.9475248,restaurant,Manhattan
node/7125397465,Vinateria,40.8065375,-73.9540554,restaurant,Manhattan
node/7125399099,67 Orange Street,40.8022415,-73.9567108,bar,Manhattan
node/7125417491,Cecil,40.8047922,-73.9525262,restaurant,Manhattan
node/7125417493,Moca Bar & Lounge,40.806371,-73.9536786,restaurant,Manhattan
node/7163469999,Zona de Cuba,40.8188673,-73.9266015,restaurant,Manhattan
node/7164216217,Noche De Rumba,40.8043829,-73.9135242,nightclub,Manhattan
node/7235441898,Club Luz,40.8336525,-73.914025,bar,Manhattan
node/7259558972,Clay,40.8094423,-73.9537567,restaurant,Manhattan
node/7282840009,Las Panteras Negras,40.792726,-73.9406769,restaurant,Manhattan
node/7290190311,Agaveria La Diagonal,40.8060758,-73.9530327,restaurant,Manhattan
node/7554344636,Babbalucci,40.8088971,-73.9450332,restaurant,Manhattan
node/7609989955,No Pork Kitchen,40.7931128,-73.9408588,restaurant,Manhattan
node/7609989957,Tastings NYC,40.7934903,-73.9409967,restaurant,Manhattan
node/7629823948,Alibi Lounge,40.8178209,-73.9422219,bar,Manhattan
node/7658594646,Il Gnoccochi,40.7987711,-73.9423685,restaurant,Manhattan
node/7658594659,A’Dar Café and Lounge,40.7990723,-73.9431084,nightclub,Manhattan
node/8014564675,Angel of Harlem,40.8080588,-73.9524756,restaurant,Manhattan
node/8019763087,Crab du Jour,40.810819,-73.9509742,restaurant,Manhattan
node/8197411876,Monte Carlo Diner,40.7938421,-73.9398645,restaurant,Manhattan
node/8197484224,Enzo Bruni La Pizza Gourmet,40.7834235,-73.947941,restaurant,Manhattan
node/8284627180,A-Jiao Sichuan Cuisine,40.7831068,-73.9481432,restaurant,Manhattan
node/8333828555,Camila's Tasting Room,40.8277391,-73.9461261,restaurant,Manhattan
node/8333828557,Freedom Deli 2,40.8311981,-73.9410187,restaurant,Manhattan
node/8333828558,Savory Fried Chicken & Grill,40.8284252,-73.9455705,restaurant,Manhattan
node/8333828559,Wimpy's,40.8287,-73.9454264,restaurant,Manhattan
node/8333828560,Savory,40.8292395,-73.9450264,restaurant,Manhattan
node/8333828561,Sita Thai,40.8288048,-73.9491362,restaurant,Manhattan
node/8333828562,Uptown Bourbon,40.8294475,-73.9486657,bar,Manhattan
node/8333828566,Crown Fried Chicken,40.829518,-73.9486476,restaurant,Manhattan
node/8333828567,Yellow Banana,40.8293505,-73.9487609,restaurant,Manhattan
node/8333828570,The Honey Well,40.8284805,-73.9486189,restaurant,Manhattan
node/8333828573,Jumbos Pizza Coffee Shop,40.8280217,-73.9489143,restaurant,Manhattan
node/8333828574,Broadway Wholesome Food & Beer Garden,40.8275316,-73.9493119,restaurant,Manhattan
node/8333828575,Tacos Azteca Food Truck,40.8272038,-73.949673,restaurant,Manhattan
node/8333828576,Sing Wah Kitchen,40.8276305,-73.9499637,restaurant,Manhattan
node/8333828577,Mamasushi,40.8274612,-73.9502495,restaurant,Manhattan
node/8333828579,New York Gourmet Deli,40.8085008,-73.9489844,restaurant,Manhattan
node/8333828580,Savanna Raes,40.8083041,-73.9492718,restaurant,Manhattan
node/8333828581,Red Star,40.8076883,-73.9496777,restaurant,Manhattan
node/8333828583,Knew King Wok,40.8064714,-73.9498101,restaurant,Manhattan
node/8375908251,Dragon Sushi,40.8111683,-73.9581016,restaurant,Manhattan
node/8375908253,Dun Huang,40.8110353,-73.9582026,restaurant,Manhattan
node/8375908255,Mellow Tea,40.8110692,-73.9581775,restaurant,Manhattan
node/8385594245,West Place,40.811599,-73.9578096,restaurant,Manhattan
node/8410114663,Thai Hot Box,40.7812501,-73.9524521,restaurant,Manhattan
node/8424054821,The Craftsman,40.8146576,-73.9593713,bar,Manhattan
node/8571998198,Halal Munchies,40.7881634,-73.9473978,restaurant,Manhattan
node/8572129660,Billy's Sports Bar,40.827419,-73.9256233,restaurant,Manhattan
node/8572129665,Yankee Tavern,40.8273023,-73.9252136,restaurant,Manhattan
node/8572129669,,40.8271343,-73.9246302,restaurant,Manhattan
node/8572129678,Court Deli Restaurant,40.8270547,-73.9244009,restaurant,Manhattan
node/8749301123,888 Hudson Thai,40.8509966,-73.9391855,restaurant,Manhattan
node/8819045747,Siena Cafe,40.7806652,-73.9528593,restaurant,Manhattan
node/9049400014,Red Lobster,40.8100567,-73.9504391,restaurant,Manhattan
node/9081441806,Quesadillas Doña Mary,40.7934257,-73.9408572,restaurant,Manhattan
node/9081448356,New Ivoire,40.8013289,-73.9423745,restaurant,Manhattan
node/9089315805,LaRustica,40.7841141,-73.9523871,restaurant,Manhattan
node/9287217315,East End Bar & Grill,40.7837376,-73.9506306,bar,Manhattan
node/9432238405,Harlem Pizza Co.,40.8028171,-73.9511423,restaurant,Manhattan
node/9459167484,Los 3 Charros,40.8001097,-73.9513997,restaurant,Manhattan
node/9482649821,Minton's Playhouse,40.8047396,-73.9523755,restaurant,Manhattan
node/9509211693,Oasis Jimma Juice Bar,40.8149795,-73.9591551,restaurant,Manhattan
node/9509211694,Peking Garden,40.814926,-73.9591949,restaurant,Manhattan
node/9509211697,Toast,40.8147613,-73.9593075,bar,Manhattan
node/9509211698,Falafel on Broadway,40.8144899,-73.9595004,restaurant,Manhattan
node/9509211699,El Porton,40.8144371,-73.959541,restaurant,Manhattan
node/9509211701,Cap't Loui,40.8142658,-73.9596702,restaurant,Manhattan
node/9542864478,Cantinflas Mexican Deli,40.791418,-73.9450229,restaurant,Manhattan
node/9542866767,La Fonda,40.7919013,-73.9450329,restaurant,Manhattan
node/9542956845,Meli's,40.7901672,-73.9470764,restaurant,Manhattan
node/9543870917,Cuchifritos,40.7981041,-73.9410798,restaurant,Manhattan
node/9553068941,Le Baobab Gouygui,40.8023545,-73.9509307,restaurant,Manhattan
node/9553068946,Safari,40.8038486,-73.9535718,restaurant,Manhattan
node/9553068947,Keur Coumba,40.8026563,-73.9507343,restaurant,Manhattan
node/9553068948,BLVD Bistro,40.8043653,-73.9556713,restaurant,Manhattan
node/9553068949,Harlem Food CT,40.8016692,-73.9492812,restaurant,Manhattan
node/9553127998,Tropilyz,40.8028721,-73.9521254,restaurant,Manhattan
node/9553134899,La Savane,40.8041288,-73.9542537,restaurant,Manhattan
node/9553153273,Pikine,40.8041913,-73.9543835,restaurant,Manhattan
node/9571265607,Island,40.7849377,-73.9556277,restaurant,Manhattan
node/9571408096,Vicolina,40.784982,-73.9560188,restaurant,Manhattan
node/9571408097,Table d'Hôte,40.7844621,-73.9557959,restaurant,Manhattan
node/9579458320,Yasouvlaki,40.780315,-73.9531563,restaurant,Manhattan
node/9579615886,Ooki Sushi,40.7803272,-73.9526335,restaurant,Manhattan
node/9581954770,Polash Indian,40.7978413,-73.9342993,restaurant,Manhattan
node/9596901539,Paola's,40.7822852,-73.95338,restaurant,Manhattan
node/9633919717,Teranga,40.7962743,-73.9494139,restaurant,Manhattan
node/9646952138,Olivia - Spanish Tapas,40.8169614,-73.9578631,restaurant,Manhattan
node/9719202412,The Guthrie Inn,40.7873564,-73.9516331,bar,Manhattan
node/9719216591,O Cuisine,40.78739,-73.9516174,restaurant,Manhattan
node/9719714335,Goyana,40.7883799,-73.9487013,bar,Manhattan
node/9726158585,Taqueria Guadalupe,40.7937413,-73.9450054,restaurant,Manhattan
node/9900947175,Indo Pak Halal,40.7942779,-73.9399888,restaurant,Manhattan
node/9908595363,Lexington Publick,40.7867032,-73.9505047,pub,Manhattan
node/10030528221,Lava Shawarma,40.7825481,-73.9515068,restaurant,Manhattan
node/10049914828,Mad For Chicken ,40.7913756,-73.9450558,restaurant,Manhattan
node/10093326819,,40.8583346,-73.9029801,restaurant,Manhattan
node/10101940192,El Valle,40.8623995,-73.9011258,restaurant,Manhattan
node/10101940198,,40.8598381,-73.900042,restaurant,Manhattan
node/10101940215,Dinamante,40.8621388,-73.9017953,restaurant,Manhattan
node/10106777980,The Chick Inn Harlem,40.8252449,-73.9509886,restaurant,Manhattan
node/10116510702,,40.8559459,-73.9056793,restaurant,Manhattan
node/10116510710,,40.8514858,-73.9084247,restaurant,Manhattan
node/10116520025,,40.8512734,-73.9080553,restaurant,Manhattan
node/10117338807,,40.8554404,-73.9016138,restaurant,Manhattan
node/10177409693,Flor De Broadway Restaurant,40.8218738,-73.9541186,restaurant,Manhattan
node/10210440444,Maisonetta,40.8085922,-73.9291196,restaurant,Manhattan
node/10570579768,Charlie's Place,40.8061731,-73.9404894,restaurant,Manhattan
node/10570629806,Sweet Mama's Soul Food & Salad Bar,40.8201562,-73.9367899,restaurant,Manhattan
node/10570664498,Cafe Royale Restaurant,40.819008,-73.9283781,restaurant,Manhattan
node/10570670803,Jimbo's Hamburger Palace,40.8208444,-73.9362759,restaurant,Manhattan
node/10570670804,Glen Roy Bar,40.8189402,-73.9279137,bar,Manhattan
node/10570671487,Ocky Fried Chicken & Pizza,40.8188351,-73.927628,restaurant,Manhattan
node/10570683024,Glacken's Bar & Grill,40.8190811,-73.9286386,bar,Manhattan
node/10762002909,Taqueria El Chiltepin 3,40.8236682,-73.9442969,restaurant,Manhattan
node/10777014284,Sushi Goda,40.7805459,-73.952953,restaurant,Manhattan
node/10777014287,Original Roma Pizza,40.780003,-73.9533458,restaurant,Manhattan
node/10882083194,Lupita's Restaurant,40.7901856,-73.9429914,restaurant,Manhattan
node/10896489935,Las Panteras Negras,40.7928237,-73.9405939,restaurant,Manhattan
node/10896514290,Quesadillas Doña Maty,40.7973466,-73.939002,restaurant,Manhattan
node/10896566081,La Avenida NYC,40.7956906,-73.9358702,restaurant,Manhattan
node/10938278205,Uptown Garrison,40.8513454,-73.9393578,restaurant,Manhattan
node/10951704405,Antojitos de Mangú,40.8680045,-73.9005976,restaurant,Manhattan
node/10968995806,The Ranch of the Compadres,40.8641035,-73.92509,restaurant,Manhattan
node/10969577294,El Valle Seafood Restaurant ,40.8169403,-73.9384196,restaurant,Manhattan
node/10969587131,L'encanto de Lola 2,40.8039558,-73.9486227,restaurant,Manhattan
node/10969661823,Wat's On Your Plate,40.8187143,-73.9378267,restaurant,Manhattan
node/10983217449,Sushi W,40.7868776,-73.9499982,restaurant,Manhattan
node/11004300913,Fumo,40.8214295,-73.9506464,restaurant,Manhattan
node/11010933605,Blue mountain heights cafe and bar,40.8334517,-73.941173,bar,Manhattan
node/11040513632,Vegan Hood,40.8028363,-73.9562879,restaurant,Manhattan
node/11097148480,El Nuevo Caridad,40.7970232,-73.9382609,restaurant,Manhattan
node/11097188730,Ollin,40.7922071,-73.9410368,restaurant,Manhattan
node/11196323418,Villa Tapia Restaurant,40.8082194,-73.9190273,restaurant,Manhattan
node/11196340221,El Ranchito 2,40.8082079,-73.9211749,restaurant,Manhattan
node/11196372406,,40.8094901,-73.9233251,restaurant,Manhattan
node/11196381765,Lili Restaurant,40.8090571,-73.9222343,restaurant,Manhattan
node/11196397192,El Crucero,40.8100128,-73.9245839,restaurant,Manhattan
node/11197809342,Bubbles Posh Pizza,40.848215,-73.9329297,restaurant,Manhattan
node/11255243806,Teriyaki Madness,40.8037045,-73.9354025,restaurant,Manhattan
node/11281910245,Casa Maya,40.7894138,-73.9430894,restaurant,Manhattan
node/11281910246,Bonjour Mixeur,40.7843648,-73.95221,restaurant,Manhattan
node/11404155931,AB Fish Market,40.7901226,-73.9459722,restaurant,Manhattan
node/11466216391,CM Chicken,40.7803173,-73.9466456,restaurant,Manhattan
node/11484390440,Antojitos Mexicanos,40.8485499,-73.9315528,restaurant,Manhattan
node/11538333631,Soledad,40.7833661,-73.947979,restaurant,Manhattan
node/11580920969,Sugar Monk,40.8089408,-73.9518174,bar,Manhattan
node/11743343361,Wing Wah,40.7975347,-73.9340623,restaurant,Manhattan
node/11748632677,Aqua Marina,40.8432635,-73.93898,restaurant,Manhattan
node/11748659948,Havana Heights,40.8441492,-73.9391985,restaurant,Manhattan
node/11748675128,Jade Garden,40.8418274,-73.9389587,restaurant,Manhattan
node/11748913964,Kensi Thai,40.8227041,-73.9386287,restaurant,Manhattan
node/11748941382,King Barka & Prince Soul Food,40.8219514,-73.9385123,restaurant,Manhattan
node/11772965584,Island Grill,40.8151875,-73.9581244,restaurant,Manhattan
node/11812125969,Marinara Pizza,40.7826337,-73.9535649,restaurant,Manhattan
node/11842400115,Teng Dragon,40.7961359,-73.9350826,restaurant,Manhattan
node/11842400116,Sapoara,40.7961837,-73.9350491,restaurant,Manhattan
node/11845584190,Native Noodles,40.8382618,-73.9378722,restaurant,Manhattan
node/11847603619,La Lonchera,40.8227762,-73.953819,restaurant,Manhattan
node/11879930418,Nourish,40.8074374,-73.9273111,restaurant,Manhattan
node/11879930424,Bodega Social,40.8073442,-73.9268938,restaurant,Manhattan
node/11963618919,Addey Ababa,40.8505785,-73.9376955,restaurant,Manhattan
node/11976751722,Empanadas,40.8488,-73.9328221,restaurant,Manhattan
node/11976751728,Caridad Restaurant,40.8488427,-73.9329282,restaurant,Manhattan
node/11980400027,Jerk House Caribbean,40.8103162,-73.947018,restaurant,Manhattan
node/11981765094,Harlem Breakfast Club,40.8111327,-73.9464042,restaurant,Manhattan
node/11982189827,Red Star,40.8225077,-73.938104,restaurant,Manhattan
node/12014383329,Dragon Sushi,40.8019513,-73.9569308,restaurant,Manhattan
node/12036720755,Cantina Taqueria,40.8027452,-73.9568209,restaurant,Manhattan
node/12068842073,High Hill Diner,40.8551632,-73.9373884,restaurant,Manhattan
node/12118435378,Cafe Massawa,40.8145806,-73.9594549,restaurant,Manhattan
node/12118471440,Pho Amsterdam,40.8109107,-73.9582924,restaurant,Manhattan
node/12210077044,Rokc,40.8235362,-73.9522214,restaurant,Manhattan
node/12231142207,Walnut Bus Stop Diner,40.8004869,-73.9106534,restaurant,Manhattan
node/12231142208,Walnut Bar & Grill,40.8004356,-73.9105726,bar,Manhattan
node/12233478849,Charlie's Bar & Kitchen,40.8077697,-73.9292688,restaurant,Manhattan
node/12310131789,Lake Como Pizza,40.8513973,-73.9282776,restaurant,Manhattan
node/12310131790,Golden  City Chinese Restaurant,40.8513587,-73.9283075,restaurant,Manhattan
node/12310137182,Burgers & Grill,40.8513447,-73.9283177,restaurant,Manhattan
node/12310154145,Grandmas Pizza,40.8514681,-73.9282261,restaurant,Manhattan
node/12310158066,Sushi Heights,40.8515365,-73.9281705,restaurant,Manhattan
node/12310161588,Golan Heights,40.8515009,-73.9281993,restaurant,Manhattan
node/12310173142,Falafel Crunch,40.8513706,-73.9282972,restaurant,Manhattan
node/12402813221,Alke Café,40.8003369,-73.9549778,restaurant,Manhattan
node/12414899829,Lido,40.80492,-73.954757,restaurant,Manhattan
node/12414899830,Peking Kitchen,40.8047726,-73.9548625,restaurant,Manhattan
node/12662681901,Chez Jacob,40.8151344,-73.9478027,restaurant,Manhattan
node/12692246997,Pregame Dyckman,40.8618037,-73.9251137,bar,Manhattan
node/12692247000,809,40.862001,-73.9252337,restaurant,Manhattan
node/12925573349,,40.849066,-73.9371953,restaurant,Manhattan
node/13030298571,Hilltop,40.8355593,-73.9441484,restaurant,Manhattan
node/13119418413,The Terrace,40.7963191,-73.936556,pub,Manhattan
node/13136631202,Teppanyaki One,40.8070888,-73.9445455,restaurant,Manhattan
node/13207644501,The Good Good,40.8012553,-73.9421334,restaurant,Manhattan
node/13264230314,Thai Super,40.7994831,-73.9398653,restaurant,Manhattan
node/13324400764,Columbia Deli & Cafe,40.815329,-73.9582622,restaurant,Manhattan
node/13348997186,IPizzaNY,40.8349001,-73.9446331,restaurant,Manhattan
node/13464396101,Pee Dee Steak House,40.794367,-73.9428652,restaurant,Manhattan
node/13598070918,Chinelos II,40.8203184,-73.9537637,restaurant,Manhattan
node/13653008578,Sushi Heights,40.8516574,-73.9280737,restaurant,Manhattan
node/13765783002,Liquid Bar & Restaurant,40.8639781,-73.9190293,restaurant,Manhattan
way/118527538,Sofrito,40.8273089,-73.955297,restaurant,Manhattan
way/271219053,Lechonera Tropical & Grill,40.789723,-73.9466072,restaurant,Manhattan
way/271291107,Double Dutch Espresso,40.8058403,-73.9539949,restaurant,Manhattan
way/271291111,Patisserie Des Ambassades,40.8060811,-73.95382,restaurant,Manhattan
way/271798850,Red Rooster Harlem,40.8079659,-73.9449106,restaurant,Manhattan
way/271800354,Aloft Hotel,40.8091429,-73.9514277,hotel,Manhattan
way/271807581,Cove Lounge,40.8088135,-73.9452115,bar,Manhattan
way/271808028,,40.8087322,-73.9452922,restaurant,Manhattan
way/271810345,African and American Best Food,40.8110714,-73.9425988,restaurant,Manhattan
way/275085314,Hotel Moca,40.8485678,-73.9312826,hotel,Manhattan
way/275114025,Chinito Latino Hibachi Fusion,40.862187,-73.9254495,restaurant,Manhattan
way/275123570,Brown Sugar Bar and Restaurant,40.8699663,-73.9152873,restaurant,Manhattan
way/275285069,Opera House Hotel,40.81492,-73.9156342,hotel,Manhattan
way/276294372,Dallas BBQ,40.8620756,-73.9117875,restaurant,Manhattan
way/276499335,Applebee's,40.8737838,-73.9090347,restaurant,Manhattan
way/285900672,The Bonnefont,40.8607653,-73.9327596,restaurant,Manhattan
way/388123075,The Snack Shack,40.8758405,-73.9465192,restaurant,Manhattan
way/664632831,Merrion Square Pub,40.7835603,-73.9472416,bar,Manhattan
way/664941293,La Voglia,40.7826935,-73.9508361,restaurant,Manhattan
way/885730696,Holiday Inn Express,40.818019,-73.9301913,hotel,Manhattan
way/891417655,Comfort Inn & Suites,40.810065,-73.9294266,hotel,Manhattan
way/910494819,Umbrella Hotel,40.8189042,-73.9149259,hotel,Manhattan
way/923404957,G&J's Pizzeria,40.790323,-73.9460793,restaurant,Manhattan
way/1037001758,Silvana,40.8044313,-73.9559025,restaurant,Manhattan
way/1115907819,Harlem Tavern,40.8047935,-73.9555304,pub,Manhattan
way/1189439421,Best Western Plus,40.8316479,-73.9315283,hotel,Manhattan
way/1208498066,Radio Hotel,40.8479345,-73.9315639,hotel,Manhattan
node/357620442,Sam Sunny,40.7415576,-73.9784628,restaurant,Manhattan
node/368043598,Stonewall Inn,40.7338163,-74.0021613,bar,Manhattan
node/368043718,Moono,40.7463679,-73.9833563,restaurant,Manhattan
node/373068398,Whiskey Tavern,40.7165068,-73.9998287,pub,Manhattan
node/380044344,Pedro's,40.7025302,-73.9865515,restaurant,Manhattan
node/419359942,Boutros,40.6901687,-73.9934852,restaurant,Manhattan
node/419359956,Bubo,40.7460362,-73.9776676,restaurant,Manhattan
node/419359995,Little Alley,40.7473845,-73.9771526,restaurant,Manhattan
node/419361808,Mikado,40.6902604,-73.9938187,restaurant,Manhattan
node/419362699,The Musket Room,40.7239188,-73.9937813,restaurant,Manhattan
node/419366609,Craft + Carry,40.7435659,-73.9799283,bar,Manhattan
node/419367357,Nha Trang One,40.7167899,-73.9996711,restaurant,Manhattan
node/419367625,Mi,40.7461325,-73.9775916,restaurant,Manhattan
node/582292401,Swift Hibernian Lounge,40.7273093,-73.9922879,pub,Manhattan
node/643414350,Hard Rock Cafe,40.756994,-73.9865512,restaurant,Manhattan
node/661889865,Carbone,40.7554192,-73.9930152,restaurant,Manhattan
node/662433328,Freemans,40.7219891,-73.9924423,restaurant,Manhattan
node/662435489,Aurora,40.7156935,-73.9647329,restaurant,Manhattan
node/663102624,Tír na nÓg,40.7499443,-73.9943348,pub,Manhattan
node/663104998,Tick Tock Diner,40.7524435,-73.9935503,restaurant,Manhattan
node/663116698,Cooper's Tavern,40.7528389,-73.993253,pub,Manhattan
node/663354158,Giovanni,40.779131,-73.960536,restaurant,Manhattan
node/676297449,Nicky's Unisex,40.7122799,-73.9643956,bar,Manhattan
node/732372474,Vinegar Hill House,40.7027578,-73.9812369,restaurant,Manhattan
node/754493768,Golden Ratio,40.6869571,-73.9626851,bar,Manhattan
node/763650163,Junior's,40.7582151,-73.9866267,restaurant,Manhattan
node/765800358,Diner,40.7106766,-73.9655977,restaurant,Manhattan
node/813645468,Graziella's,40.690471,-73.9694971,restaurant,Manhattan
node/818239355,Dannee Thai,40.6904836,-73.960039,restaurant,Manhattan
node/879680036,Standings,40.7282929,-73.9885805,bar,Manhattan
node/879705916,Burp Castle,40.7283251,-73.9886573,pub,Manhattan
node/888527171,O'Hara's Pub,40.709558,-74.012778,pub,Manhattan
node/889117109,Conrad,40.7149558,-74.015694,hotel,Manhattan
node/889435992,Monk McGinns,40.7143268,-74.0097038,pub,Manhattan
node/889473084,The Frederick Hotel,40.715575,-74.008857,hotel,Manhattan
node/896465603,Rockmeisha Izakaya,40.7326428,-74.002464,restaurant,Manhattan
node/896469827,Annisa,40.7326055,-74.0025709,restaurant,Manhattan
node/925950706,Fulton Grand,40.6825161,-73.9614865,bar,Manhattan
node/931799204,John's of Bleecker Street,40.7316098,-74.0033416,restaurant,Manhattan
node/931799207,Joe's Pizza,40.7305467,-74.0020629,restaurant,Manhattan
node/990032612,Latham,40.7443441,-73.9867075,hotel,Manhattan
node/999526140,Mandarin Oriental,40.7690103,-73.982912,hotel,Manhattan
node/999961211,Hummus Place,40.7322601,-74.0033462,restaurant,Manhattan
node/1002880708,Lombardi's Pizza,40.7215933,-73.9956147,restaurant,Manhattan
node/1103801857,"The Standard, East Village",40.727834,-73.9907398,hotel,Manhattan
node/1108561376,Phebes,40.7268762,-73.9913525,pub,Manhattan
node/1112477518,Mộc Mạc,40.7266326,-73.9893341,restaurant,Manhattan
node/1116977313,DSK Brooklyn,40.6857561,-73.9735045,pub,Manhattan
node/1123398026,Daytripper NYC,40.7257064,-73.9774603,pub,Manhattan
node/1147520797,McGee's Pub & Restaurant,40.7649158,-73.9829157,pub,Manhattan
node/1160379352,Osaka,40.6848533,-73.9948629,restaurant,Manhattan
node/1178020391,The Brazen Head,40.6892668,-73.9916318,pub,Manhattan
node/1227678751,The River Café,40.7037562,-73.994822,restaurant,Manhattan
node/1240483946,Bill's Townhouse,40.7601706,-73.9730036,restaurant,Manhattan
node/1273406878,Tempo by Hilton New York Times Square,40.7590118,-73.9844836,hotel,Manhattan
node/1290043792,Four Seasons,40.7580948,-73.9720223,restaurant,Manhattan
node/1292782896,Silverleaf Tavern,40.7498004,-73.9796606,pub,Manhattan
node/1292794350,Park Avenue Tavern,40.7502231,-73.9786924,pub,Manhattan
node/1293173596,Marchi's,40.7431603,-73.9775799,restaurant,Manhattan
node/1297282272,Amelia's,40.7449757,-73.9831065,restaurant,Manhattan
node/1297296350,Clarion Hotel Park Avenue,40.7441337,-73.9832129,hotel,Manhattan
node/1346386984,Smith & Wollensky,40.7552548,-73.9709515,restaurant,Manhattan
node/1362703566,Clinton St. Baking Company,40.7211788,-73.9838832,restaurant,Manhattan
node/1379410005,Stromboli Pizza,40.7277727,-73.985401,restaurant,Manhattan
node/1383914860,The Breslin,40.7456818,-73.9881244,restaurant,Manhattan
node/1383927735,Blue Ribbon Sushi Bar & Grill,40.7675881,-73.9831167,restaurant,Manhattan
node/1383928351,Sushi Damo,40.7677295,-73.9834926,restaurant,Manhattan
node/1383955419,USA Brooklyn Delicatessen,40.7653848,-73.980359,restaurant,Manhattan
node/1383955759,Carnegie Diner & Cafe,40.765737,-73.9801162,restaurant,Manhattan
node/1383956543,Brooklyn Diner,40.7656073,-73.9808744,restaurant,Manhattan
node/1396581104,Hoy Wong Restaurant,40.7166141,-73.998003,restaurant,Manhattan
node/1416478552,Murry Hill Diner,40.7459042,-73.9803026,restaurant,Manhattan
node/1426311638,Red Lobster,40.7556031,-73.987571,restaurant,Manhattan
node/1427212436,Madison & Vine,40.75218,-73.9795023,restaurant,Manhattan
node/1427212491,Pera,40.7523353,-73.9793753,restaurant,Manhattan
node/1427233358,LA Fonda Del Sol,40.7532708,-73.9773865,restaurant,Manhattan
node/1427265072,ammos estiatorio,40.7542362,-73.977239,restaurant,Manhattan
node/1427265083,The Capital Grille,40.7538356,-73.9761648,restaurant,Manhattan
node/1427273333,The Wheeltapper Pub,40.7526573,-73.9746261,pub,Manhattan
node/1427273334,Fitzpatrick Grand Central Hotel,40.7526594,-73.9744845,hotel,Manhattan
node/1427499791,The Heavenly Burger,40.7517125,-73.9799108,restaurant,Manhattan
node/1428036492,Connolly's,40.7561557,-73.9776613,restaurant,Manhattan
node/1428185705,Mama Mezze,40.7432333,-73.9892796,restaurant,Manhattan
node/1428427563,adour alan ducasse,40.7610689,-73.9739729,hotel,Manhattan
node/1428427564,St Regis,40.7612458,-73.9743323,hotel,Manhattan
node/1487407044,L'Ecole Restaurant,40.7208901,-74.0003925,restaurant,Manhattan
node/1487441071,Buddakan,40.7421638,-74.0048429,restaurant,Manhattan
node/1487449793,Tony's,40.7563915,-73.9854253,restaurant,Manhattan
node/1487472478,Capital Grille at Time-Life,40.7607113,-73.9807687,restaurant,Manhattan
node/1487569052,Le Parker Meridien Burger,40.7640653,-73.9782577,restaurant,Manhattan
node/1493005667,Balade,40.7302946,-73.9831042,restaurant,Manhattan
node/1497326724,Russian Tea Room,40.7650339,-73.9793005,restaurant,Manhattan
node/1568008206,Market Diner,40.7615758,-73.9973446,restaurant,Manhattan
node/1585033979,Killarney Rose,40.7050656,-74.0086896,pub,Manhattan
node/1683399834,Bar Bianchi,40.7225091,-73.9862947,restaurant,Manhattan
node/1691452282,Little Ruby’s Cafe,40.7340693,-74.0027914,restaurant,Manhattan
node/1706037451,Forty Four,40.7555936,-73.982172,bar,Manhattan
node/1707825812,Uncle Jack's,40.7537214,-73.995808,restaurant,Manhattan
node/1707825813,Sergimmo Slumeria,40.7542567,-73.9954338,restaurant,Manhattan
node/1707825815,Zoob Zib Thai Authentic Noodle Bar,40.7543769,-73.9953394,restaurant,Manhattan
node/1707825816,Skylight Diner,40.7533878,-73.9967808,restaurant,Manhattan
node/1707825817,Hudson Station Bar and Grill,40.753864,-73.9956804,restaurant,Manhattan
node/1707825820,Golden City,40.7532964,-73.9966423,restaurant,Manhattan
node/1707825821,TRYP,40.7537504,-73.9945935,hotel,Manhattan
node/1707825824,Twins,40.7531379,-73.9967415,bar,Manhattan
node/1714427541,Shmoné,40.7335075,-73.9990673,restaurant,Manhattan
node/1741221041,Grimaldi's Pizzeria,40.7025856,-73.993235,restaurant,Manhattan
node/1753205377,The Lambs Club,40.756616,-73.9845926,restaurant,Manhattan
node/1758217485,The Playwright,40.7604723,-73.9840506,restaurant,Manhattan
node/1767273829,Inga's Bar,40.6999588,-73.9937373,restaurant,Manhattan
node/1767282112,Jules,40.6995169,-73.9921607,restaurant,Manhattan
node/1821451551,YOTEL,40.7590853,-73.995439,hotel,Manhattan
node/1825739830,Ayza Wine & Chocolate Bar,40.7297052,-74.0048523,restaurant,Manhattan
node/1825739861,Trattoria Spaghetto,40.730184,-74.0025384,restaurant,Manhattan
node/1827781718,El Castillo De Jagua,40.714385,-73.9818347,restaurant,Manhattan
node/1827808977,Zafis Luncheonette,40.7149321,-73.9826973,restaurant,Manhattan
node/1861646903,Vin et Fleur,40.7242486,-74.0033107,restaurant,Manhattan
node/1873813860,5 Napkin Burger,40.7601614,-73.9911074,restaurant,Manhattan
node/1873813874,Ink 48 Hotel,40.764515,-73.9958863,hotel,Manhattan
node/1873813883,Gallo Nero,40.7598902,-73.9917945,restaurant,Manhattan
node/1873813892,Landmark Tavern,40.7631922,-73.9963261,pub,Manhattan
node/1873813912,Ollie's,40.7588415,-73.993163,restaurant,Manhattan
node/1883462420,Maison Close,40.7232955,-74.0037222,restaurant,Manhattan
node/1883739637,Laut,40.7375482,-73.991104,restaurant,Manhattan
node/1884473154,Vanessa's Dumpling House,40.7182938,-73.9917781,restaurant,Manhattan
node/1894015859,Posh Pass NYC,40.7446199,-74.0030314,bar,Manhattan
node/1899033650,West End Bar & Grill,40.7616486,-73.9868145,pub,Manhattan
node/1899033658,Pasquale Jones,40.7210814,-73.9967486,restaurant,Manhattan
node/1907729885,Cariño,40.712472,-73.9647679,restaurant,Manhattan
node/1907729889,Miss Favela,40.7121797,-73.9662152,restaurant,Manhattan
node/1907729890,South Port,40.7124975,-73.9642787,restaurant,Manhattan
node/1915398676,Katz's Delicatessen,40.7223431,-73.987353,restaurant,Manhattan
node/1916532788,Mercato,40.7562465,-73.9936447,restaurant,Manhattan
node/1934502370,Blue Smoke,40.7146177,-74.015376,restaurant,Manhattan
node/1935662285,Banc,40.7432296,-73.9797061,restaurant,Manhattan
node/1975910743,Molé,40.7188464,-73.9635537,restaurant,Manhattan
node/1979669271,Dokébi,40.7142048,-73.9602838,restaurant,Manhattan
node/2014619565,Briciola Pizza Bar,40.7290902,-74.0034181,restaurant,Manhattan
node/2015863190,Layla Jones,40.6866581,-73.9939917,restaurant,Manhattan
node/2019077610,Nu Hotel,40.6888312,-73.9888031,hotel,Manhattan
node/2020727865,Alice,40.7370855,-73.9986335,restaurant,Manhattan
node/2027071449,Legends,40.7480023,-73.9858823,pub,Manhattan
node/2035810358,Mezze on the River,40.7113206,-74.0178328,restaurant,Manhattan
node/2070982507,P.J. Clarke's,40.7137763,-74.0161159,restaurant,Manhattan
node/2077086317,Mermaid Inn,40.7797955,-73.9768031,restaurant,Manhattan
node/2081537413,Bonchon Chicken,40.7474363,-73.9850203,restaurant,Manhattan
node/2081539634,LOVE Korean BBQ,40.7471688,-73.9852137,restaurant,Manhattan
node/2089444284,Pappardella,40.7793384,-73.9776644,restaurant,Manhattan
node/2089444285,The Smith,40.7716005,-73.9818679,restaurant,Manhattan
node/2101983249,Ozu,40.697427,-73.9932715,restaurant,Manhattan
node/2101984777,Clark's Restaurant,40.6974068,-73.9931992,restaurant,Manhattan
node/2114001662,Outback Steakhouse,40.742262,-73.991796,restaurant,Manhattan
node/2123472747,Ear Inn,40.7259033,-74.0094874,bar,Manhattan
node/2129755928,The Churchill Tavern,40.7436005,-73.9844472,pub,Manhattan
node/2134025590,Del Frisco's Double Eagle Steakhouse,40.7593243,-73.9816604,restaurant,Manhattan
node/2139124594,Luanne's,40.6896097,-73.9698285,restaurant,Manhattan
node/2142758742,Barfly,40.7371351,-73.9846154,bar,Manhattan
node/2165157812,W Hotels,40.7559859,-73.9725033,hotel,Manhattan
node/2178443636,Parkside Lounge,40.7210809,-73.9832025,restaurant,Manhattan
node/2183010447,Bailey Pub & Brasserie,40.7067993,-74.0089458,pub,Manhattan
node/2183010450,Bobby Van's,40.7061255,-74.0110467,restaurant,Manhattan
node/2183010451,Bombay Cuisine,40.7034829,-74.011087,restaurant,Manhattan
node/2183010463,Giardino D'Oro,40.7074557,-74.0072562,restaurant,Manhattan
node/2183010489,Chinah,40.7069584,-74.0072664,restaurant,Manhattan
node/2183010570,Blue Ribbon Sushi Bar & Grill,40.7079524,-74.0078296,restaurant,Manhattan
node/2183039959,Raj's Indian Kitchen,40.7089962,-74.0090796,restaurant,Manhattan
node/2183891964,Cipriani,40.7061385,-74.0093922,restaurant,Manhattan
node/2183891975,Nikoniko Sushi Bowl,40.7055979,-74.0077325,restaurant,Manhattan
node/2183891976,Taste of Tokyo,40.7051087,-74.0096903,restaurant,Manhattan
node/2183891980,Centric,40.7052024,-74.0080678,restaurant,Manhattan
node/2184799443,Lobster Place,40.7424674,-74.005715,restaurant,Manhattan
node/2186614176,Wall Street Grill,40.704892,-74.0085955,restaurant,Manhattan
node/2186614177,Delmonico's,40.705042,-74.0102055,restaurant,Manhattan
node/2186614181,Hale & Hearty Soup,40.7051928,-74.0109499,restaurant,Manhattan
node/2186614182,Harry's,40.7046606,-74.0097725,restaurant,Manhattan
node/2186614185,Joseph's Ristorante,40.7048541,-74.0095999,restaurant,Manhattan
node/2186614188,Lenwich,40.7047709,-74.0088362,restaurant,Manhattan
node/2186614191,The Original Soupman,40.7046731,-74.0089587,restaurant,Manhattan
node/2187906509,Garden Carver,40.7143802,-73.9606917,restaurant,Manhattan
node/2187922664,LA Burrito,40.7140469,-73.9614532,restaurant,Manhattan
node/2192600106,Bembe,40.7110687,-73.9651675,nightclub,Manhattan
node/2192603894,Noods n' Chill,40.7119172,-73.9611898,restaurant,Manhattan
node/2192615630,Simple Cafe,40.7124197,-73.9627821,restaurant,Manhattan
node/2192617290,With Others,40.7127867,-73.9625174,bar,Manhattan
node/2192621389,ROKA Modern Mediterranean,40.711957,-73.9627446,restaurant,Manhattan
node/2192629490,Abracadabra,40.7120324,-73.9627025,restaurant,Manhattan
node/2207131883,Namkeen,40.7128479,-73.962479,restaurant,Manhattan
node/2207265863,Randolph Bar and Restaurant,40.7119483,-73.9634982,restaurant,Manhattan
node/2226852197,Jean-Georges,40.7689698,-73.9816665,restaurant,Manhattan
node/2226853386,Gallo Nero,40.7598127,-73.9921572,restaurant,Manhattan
node/2237276258,Tavern on Jane,40.7382471,-74.0042816,restaurant,Manhattan
node/2244644070,maman,40.7328961,-73.9934793,restaurant,Manhattan
node/2244654779,82 Stanton,40.7216511,-73.988822,bar,Manhattan
node/2244684634,Troy,40.7402557,-74.0055355,bar,Manhattan
node/2244694465,bOb Bar,40.7224339,-73.9899014,bar,Manhattan
node/2244704716,The Village Underground,40.7306713,-74.0008181,nightclub,Manhattan
node/2244734412,The Fat Black Pussycat,40.7307122,-74.00091,nightclub,Manhattan
node/2244743660,Apothéke,40.7143873,-73.9981634,bar,Manhattan
node/2273962587,Marseille,40.7597501,-73.991404,restaurant,Manhattan
node/2273968599,Westway Diner,40.7594365,-73.9916409,restaurant,Manhattan
node/2273972179,Mama Mia 44SW,40.75972,-73.9919266,restaurant,Manhattan
node/2279536009,The Laurels,40.7325595,-73.9850445,restaurant,Manhattan
node/2279542456,IHOP,40.732808,-73.9855592,restaurant,Manhattan
node/2287619730,Thai Terminal,40.7302647,-73.9838635,restaurant,Manhattan
node/2287620130,Mokyo,40.7271582,-73.9839133,restaurant,Manhattan
node/2294803403,Burger Heaven,40.7601912,-73.9749707,restaurant,Manhattan
node/2299770711,Crema,40.7396323,-73.996068,restaurant,Manhattan
node/2299770712,da Umberto,40.7395688,-73.9959132,restaurant,Manhattan
node/2300348734,Chote Nawab,40.7424809,-73.982394,restaurant,Manhattan
node/2300348739,Haandi,40.7424095,-73.9824519,restaurant,Manhattan
node/2300362286,Diner 24,40.7381852,-73.9833938,restaurant,Manhattan
node/2302036726,Cafe Joul,40.7585693,-73.9625656,restaurant,Manhattan
node/2304436426,Tripoli,40.6901272,-73.9946122,restaurant,Manhattan
node/2307164617,Senton Hotel,40.7451377,-73.9900206,hotel,Manhattan
node/2307164624,Broadway Plaza Hotel,40.744469,-73.9891087,hotel,Manhattan
node/2307164626,Barn Joo Nomad,40.7460666,-73.9902685,restaurant,Manhattan
node/2307167700,Izumi,40.7468975,-73.9922271,restaurant,Manhattan
node/2317577533,Hotel Giraffe,40.742143,-73.984716,hotel,Manhattan
node/2321103071,Felice,40.6951317,-73.9960575,restaurant,Manhattan
node/2322155492,Hell's Kitchen,40.7566987,-73.9941361,restaurant,Manhattan
node/2325990473,Hotel Chelsea,40.7443742,-73.9968175,hotel,Manhattan
node/2328223904,The Hummus & Pita Co.,40.7391381,-73.9957765,restaurant,Manhattan
node/2328279411,J's Pizza,40.7398784,-73.9989355,restaurant,Manhattan
node/2332341891,Ponte's,40.723424,-74.0104811,restaurant,Manhattan
node/2334601455,M-Thai,40.744378,-73.9988791,restaurant,Manhattan
node/2348727670,Bareburger,40.6891983,-73.9924258,restaurant,Manhattan
node/2351282630,Broome Street Bar,40.7231111,-74.0029527,bar,Manhattan
node/2351558462,Kashmir 9,40.7549873,-73.9948837,restaurant,Manhattan
node/2351558467,Bombay Tandoori,40.7546155,-73.9949991,restaurant,Manhattan
node/2357685321,Marco Polo Ristorante,40.6822378,-73.9957916,restaurant,Manhattan
node/2358048510,North Square,40.7323868,-73.9986529,restaurant,Manhattan
node/2358048515,Waverly Diner,40.7331105,-74.0001672,restaurant,Manhattan
node/2366519596,Chelsea Square Restaurant,40.7462866,-74.0012226,restaurant,Manhattan
node/2366519598,Moran's,40.7452438,-74.0056781,restaurant,Manhattan
node/2377128144,Donnatella,40.742976,-73.9998997,restaurant,Manhattan
node/2377128149,Jungle Bird,40.742595,-74.000177,bar,Manhattan
node/2377128150,Shaffer’s,40.7420517,-74.001097,restaurant,Manhattan
node/2377128154,Grand Sichuan Eastern,40.7425418,-74.0002463,restaurant,Manhattan
node/2377128157,LOULOU,40.7426738,-74.0001725,restaurant,Manhattan
node/2377128169,Lasagna Ristorante,40.7432349,-73.9997149,restaurant,Manhattan
node/2377128176,Da Andrea,40.7420719,-74.0006086,restaurant,Manhattan
node/2377128178,Rocking Horse Cafe,40.7429148,-73.9999442,restaurant,Manhattan
node/2377128179,Dim Sum Chelsea,40.7446356,-73.9986916,restaurant,Manhattan
node/2377128183,$1 Pizza,40.7462136,-73.9975429,restaurant,Manhattan
node/2377128186,Temerarion,40.7434448,-73.9995835,restaurant,Manhattan
node/2377128188,The GEM Hotel Chelsea,40.7446533,-73.9993815,hotel,Manhattan
node/2377128194,The Molly Wee Pub,40.74969,-73.99502,pub,Manhattan
node/2377128195,Uncle Nick's Restaurant,40.749067,-73.995471,restaurant,Manhattan
node/2387013568,Nabila's,40.6856049,-73.9945155,restaurant,Manhattan
node/2387017165,Awash Ethiopian Restaurant,40.6857539,-73.9944417,restaurant,Manhattan
node/2387017404,Moo Burger,40.6858251,-73.9944064,restaurant,Manhattan
node/2407447000,Pad Thai,40.749979,-73.9953383,restaurant,Manhattan
node/2407447001,Pio Pio Riko,40.750033,-73.995284,restaurant,Manhattan
node/2407447314,Tempest Bar,40.7499096,-73.99538,bar,Manhattan
node/2407891431,The Pho 2,40.7457288,-73.998418,restaurant,Manhattan
node/2408375729,Dallas BBQ,40.7456072,-73.9987643,restaurant,Manhattan
node/2409935351,Chelsea Cottage's Viet Grill,40.7460875,-74.0013739,restaurant,Manhattan
node/2409935353,Famous Original Ray's Pizza,40.7460286,-74.0014102,restaurant,Manhattan
node/2409946228,Jake's Saloon,40.7441477,-73.9961776,pub,Manhattan
node/2409946234,The Meatball Company,40.7458946,-74.0014911,restaurant,Manhattan
node/2410485653,Qanoon,40.7452195,-74.0020025,restaurant,Manhattan
node/2411275799,Dil e Punjab Deli,40.7446425,-74.0024036,restaurant,Manhattan
node/2411595316,Omai,40.7442217,-74.0027401,restaurant,Manhattan
node/2411595856,Tipsy Parson,40.7441697,-74.0027774,restaurant,Manhattan
node/2411819330,Salinas,40.7436469,-74.0031642,restaurant,Manhattan
node/2412370159,Olde City,40.7435996,-73.98616,restaurant,Manhattan
node/2454126844,Vazacs Horseshoe Bar,40.7250128,-73.9813915,bar,Manhattan
node/2465888776,Skinny Dennis,40.7158872,-73.9621335,bar,Manhattan
node/2465889352,The Levee,40.7163751,-73.9615756,bar,Manhattan
node/2470101867,Cantina Cubana,40.7220509,-73.9832277,restaurant,Manhattan
node/2477336967,Raoul's,40.7262443,-74.002053,restaurant,Manhattan
node/2477507999,Modernhaus SoHo,40.7226301,-74.0048444,hotel,Manhattan
node/2478495089,BLT Fish,40.738528,-73.993377,restaurant,Manhattan
node/2478495091,Aldea,40.7387251,-73.9937954,restaurant,Manhattan
node/2478495092,Chelsea Inn,40.7388033,-73.9940261,restaurant,Manhattan
node/2478897572,Hollywood Diner,40.7387142,-73.9956231,restaurant,Manhattan
node/2478897589,Flavabom,40.7394173,-73.9951134,restaurant,Manhattan
node/2478897615,Guac Time,40.7395596,-73.9954916,restaurant,Manhattan
node/2479458329,Hakata TonTon,40.7499004,-73.985695,restaurant,Manhattan
node/2482618660,American Cut,40.7191271,-74.0101564,restaurant,Manhattan
node/2483716076,Peter Luger Steak House,40.7098661,-73.9625564,restaurant,Manhattan
node/2487458479,Golden Unicorn,40.7136218,-73.9970903,restaurant,Manhattan
node/2488562093,Pies-N-Thighs,40.7112166,-73.9613452,restaurant,Manhattan
node/2491325773,Drop-Off Service,40.7299571,-73.9808751,bar,Manhattan
node/2491343755,Mona's,40.7291724,-73.9783661,bar,Manhattan
node/2491354222,Katsu Hama,40.7564397,-73.9775373,restaurant,Manhattan
node/2491354223,Sushi-tei,40.7563919,-73.9775762,restaurant,Manhattan
node/2491359318,Go! Go! Curry!,40.7544471,-73.9906058,restaurant,Manhattan
node/2491417520,4th Ave Pub,40.6822839,-73.980015,pub,Manhattan
node/2491417530,No Pork Halal Kitchen,40.6832996,-73.9793255,restaurant,Manhattan
node/2494057260,Tipsy Grape,40.6879531,-73.9897879,bar,Manhattan
node/2494064615,Osteria Brooklyn,40.6931856,-73.9671662,restaurant,Manhattan
node/2494064857,Myrtle Thai,40.6930747,-73.9680559,restaurant,Manhattan
node/2494077024,LaRina,40.6932918,-73.9704197,restaurant,Manhattan
node/2494077206,Dellarocco's Pizza,40.6950568,-73.9960904,restaurant,Manhattan
node/2494152939,Chama Mama,40.6950134,-73.994581,restaurant,Manhattan
node/2494160625,San Marzano,40.7279733,-73.9883791,restaurant,Manhattan
node/2494160674,"Paul's ""Da Burger Joint""",40.7285199,-73.9879471,restaurant,Manhattan
node/2494160712,St. Mark's Hotel,40.7292807,-73.9896315,hotel,Manhattan
node/2494161089,Mr. Keke,40.7290829,-73.990007,restaurant,Manhattan
node/2494172150,Koto Sushi & Steak,40.6822755,-74.00043,restaurant,Manhattan
node/2494194596,Mizu,40.7133221,-73.9619067,restaurant,Manhattan
node/2494203007,O'Keefes Bar & Grill,40.6920277,-73.9914226,pub,Manhattan
node/2494243941,Big Tiny,40.6834375,-73.9928361,restaurant,Manhattan
node/2494245564,212 East,40.7297134,-73.98873,bar,Manhattan
node/2494254644,Gage & Tollner,40.691467,-73.987767,restaurant,Manhattan
node/2494256149,Evelina,40.6896593,-73.9710073,restaurant,Manhattan
node/2494312443,The Binc,40.6992809,-73.9922822,bar,Manhattan
node/2494312651,Henry's End,40.6986971,-73.9925774,restaurant,Manhattan
node/2495735668,Clockwork Bar,40.7153863,-73.990065,bar,Manhattan
node/2501564501,Dim Sum Go Go,40.7132723,-73.9977424,restaurant,Manhattan
node/2501572681,Chat n Chew,40.7369154,-73.9920567,restaurant,Manhattan
node/2510927727,The Brooklyn Inn,40.6858219,-73.9884647,bar,Manhattan
node/2516877509,Txikito,40.7473898,-74.0004115,restaurant,Manhattan
node/2517051874,Riverpark,40.7395197,-73.9734647,restaurant,Manhattan
node/2522452461,Port Sa'id,40.7279023,-74.0070286,restaurant,Manhattan
node/2523609698,Floyd,40.6907804,-73.9957071,bar,Manhattan
node/2523619708,Next Stop Vegan,40.691228,-73.9906891,restaurant,Manhattan
node/2523660980,L&B Spumoni Gardens,40.702251,-73.9932479,restaurant,Manhattan
node/2523787351,The Long Island Bar,40.6906369,-73.9964304,restaurant,Manhattan
node/2523787385,Hibino,40.6901587,-73.9963567,restaurant,Manhattan
node/2524539476,Barbalu,40.6867689,-73.9909074,restaurant,Manhattan
node/2535060647,Roger Smith Hotel,40.7549383,-73.9742339,hotel,Manhattan
node/2546985593,Dim Sum Palace,40.7259382,-73.989838,restaurant,Manhattan
node/2547036945,The GRID,40.7279432,-73.9942997,restaurant,Manhattan
node/2547067899,Ballato,40.7245967,-73.9945106,restaurant,Manhattan
node/2547110366,Dos Caminos,40.7266689,-73.9999718,restaurant,Manhattan
node/2547114752,Linen Hall,40.7323434,-73.9876343,restaurant,Manhattan
node/2547114757,The Penny Farthing,40.7324161,-73.9875816,pub,Manhattan
node/2547114825,Jackdaw,40.7318319,-73.9855738,pub,Manhattan
node/2547114904,Bánh Anh Em,40.7322913,-73.987672,restaurant,Manhattan
node/2547121461,Hags,40.7289736,-73.984523,restaurant,Manhattan
node/2547121482,Love Mama,40.7304045,-73.9861256,restaurant,Manhattan
node/2547136896,Bar Veloce,40.730686,-73.9864013,bar,Manhattan
node/2547155241,Dumpling Xi,40.731052,-73.9902313,restaurant,Manhattan
node/2547155245,Tim Ho Wan,40.7313326,-73.9901504,restaurant,Manhattan
node/2547193376,Leon's,40.733256,-73.9914891,restaurant,Manhattan
node/2547205472,Sauerkraut Fish,40.732334,-73.9881047,restaurant,Manhattan
node/2547208990,Glaze Teriyaki,40.7343063,-73.9926464,restaurant,Manhattan
node/2547208994,Osteria Figa,40.7342725,-73.99338,restaurant,Manhattan
node/2547209021,Pranakhon,40.7336934,-73.9931603,restaurant,Manhattan
node/2547218207,Phoenix Bar,40.7299744,-73.9811697,bar,Manhattan
node/2547223602,Manuela,40.725385,-74.000397,restaurant,Manhattan
node/2547241551,La Pecora Bianca,40.723501,-73.9963078,restaurant,Manhattan
node/2547241563,Santo Taco,40.7213614,-73.997634,restaurant,Manhattan
node/2547241584,Ruby's,40.7223038,-73.9962281,restaurant,Manhattan
node/2547241630,Champers Social Club,40.7214887,-73.9988518,restaurant,Manhattan
node/2547241666,Upside Pizza,40.7221019,-73.9964217,restaurant,Manhattan
node/2547242036,Jack’s Wife Freda,40.7222872,-73.9973743,restaurant,Manhattan
node/2547245925,Grand Street Social,40.7198827,-73.9990098,restaurant,Manhattan
node/2547246942,Rintintin,40.7212696,-73.9948289,restaurant,Manhattan
node/2547246978,Thai Diner,40.7207443,-73.9957016,restaurant,Manhattan
node/2547247028,Sohotel,40.7195332,-73.9947277,hotel,Manhattan
node/2547247040,Piacere,40.7196837,-73.9951032,restaurant,Manhattan
node/2547247074,Ki Mi Ka,40.7205649,-73.9951708,restaurant,Manhattan
node/2547684104,Ray's,40.7212215,-73.9924426,bar,Manhattan
node/2549884936,Noodle Pudding,40.6997697,-73.9920445,restaurant,Manhattan
node/2549896907,Saint Julivert Fisherie,40.6878726,-73.9956517,restaurant,Manhattan
node/2549918829,Sailor,40.6893919,-73.9703166,restaurant,Manhattan
node/2549918862,Mango Bay,40.6893996,-73.9709433,restaurant,Manhattan
node/2549926661,Sunny & Annie’s Deli,40.7246357,-73.9816786,restaurant,Manhattan
node/2549926664,Amor y Amargo General Store,40.7256184,-73.9840332,bar,Manhattan
node/2549926891,Niagara,40.725928,-73.9834617,bar,Manhattan
node/2549928453,Tabetomo,40.7268801,-73.9831148,restaurant,Manhattan
node/2549928461,Doc Hollidays,40.7272283,-73.982885,bar,Manhattan
node/2549933013,Ruby's Cafe,40.7436191,-73.9798913,restaurant,Manhattan
node/2549933023,Hummus Kitchen,40.7436918,-73.979838,restaurant,Manhattan
node/2549952990,Mamazul Mexican Grill,40.7444738,-73.9890362,restaurant,Manhattan
node/2549953088,The Flatiron Room,40.7445195,-73.9904827,bar,Manhattan
node/2549953101,Oscar Wilde,40.7451365,-73.9900429,bar,Manhattan
node/2549960961,Hee Korean BBQ Grill,40.7453942,-73.9912033,restaurant,Manhattan
node/2549972137,Sal Tang's,40.6853209,-74.0004883,restaurant,Manhattan
node/2549978400,Mex Carrol's Diner,40.6855153,-74.0026236,restaurant,Manhattan
node/2549996761,Bar Bête,40.6829349,-73.9928447,restaurant,Manhattan
node/2549996807,Levant,40.6842219,-73.9920209,restaurant,Manhattan
node/2550005838,IHOP,40.6890162,-73.9837875,restaurant,Manhattan
node/2550011396,Swoony's,40.6847163,-74.0027028,restaurant,Manhattan
node/2550012191,Bar Moga,40.7277615,-74.0011504,restaurant,Manhattan
node/2550012207,Bar Veloce,40.7281515,-74.0018859,bar,Manhattan
node/2550012289,Mermaid Oyster Bar,40.7291484,-74.00137,restaurant,Manhattan
node/2550022546,Black Mountain,40.6808556,-73.9915451,bar,Manhattan
node/2550046876,Artichoke Pizza,40.7299487,-74.0006561,restaurant,Manhattan
node/2550046894,Senza Gluten,40.7290193,-74.0003692,restaurant,Manhattan
node/2550051106,Tue Thai Food,40.7338979,-73.9998082,restaurant,Manhattan
node/2550054007,The Boil Prime,40.6802145,-73.9749066,restaurant,Manhattan
node/2550054017,Inkaico,40.6812255,-73.9760948,restaurant,Manhattan
node/2550054020,Charm,40.6818801,-73.9762538,restaurant,Manhattan
node/2550054034,Sky Ice,40.680712,-73.9773803,restaurant,Manhattan
node/2550054043,Phobar,40.6800284,-73.9750136,restaurant,Manhattan
node/2550059698,Bandido,40.681618,-73.9770909,restaurant,Manhattan
node/2550059710,Ishi,40.6809947,-73.9775234,restaurant,Manhattan
node/2550059711,Pizza Secret,40.680792,-73.9776493,restaurant,Manhattan
node/2550064306,Burger Village,40.6884777,-73.9831474,restaurant,Manhattan
node/2550064307,Kuun,40.6884355,-73.9830383,restaurant,Manhattan
node/2550067182,Amelie Wine Bar,40.7326969,-73.9976557,restaurant,Manhattan
node/2550112940,Amber,40.7761285,-73.9794669,restaurant,Manhattan
node/2550112961,Il Violino,40.7750226,-73.9807865,restaurant,Manhattan
node/2550153208,Belli Osteria,40.6833048,-73.9666221,restaurant,Manhattan
node/2550153209,Wei's,40.6831057,-73.9657053,restaurant,Manhattan
node/2550551525,Bosco,40.7288472,-74.0002307,bar,Manhattan
node/2550551526,Super Burrito,40.7289369,-74.0001861,restaurant,Manhattan
node/2550551537,Marumi,40.7289859,-73.9983587,restaurant,Manhattan
node/2550551547,Springbone Kitchen,40.7298843,-73.9992546,restaurant,Manhattan
node/2550551548,The Bitter End,40.7283337,-73.9992168,bar,Manhattan
node/2550784964,Bin 141,40.7238055,-73.9853496,restaurant,Manhattan
node/2554956153,Sonnyboy,40.7205179,-73.9900978,restaurant,Manhattan
node/2555098012,Da Gennaro,40.7182848,-73.9979936,restaurant,Manhattan
node/2555098016,Jing Fong,40.7188891,-73.9990644,restaurant,Manhattan
node/2555098984,Umberto’s Clam House,40.7184479,-73.9976239,restaurant,Manhattan
node/2555098986,La Nonna,40.7185144,-73.9975852,restaurant,Manhattan
node/2555098987,Paesano's,40.7185789,-73.997542,restaurant,Manhattan
node/2555099012,Caffe Napoli,40.7182017,-73.9977587,restaurant,Manhattan
node/2555099021,Shoo Shoo Nolita,40.7201124,-73.9961673,restaurant,Manhattan
node/2555099371,NobleDen,40.7192831,-73.9968082,hotel,Manhattan
node/2555123793,Jisu Vegetarian,40.7160659,-73.9953076,restaurant,Manhattan
node/2555123807,Lena,40.7191105,-73.9915999,restaurant,Manhattan
node/2555123848,Ming Kee Kitchen,40.7182655,-73.994642,restaurant,Manhattan
node/2555123891,Paint 'N Pour,40.7193178,-73.9915172,bar,Manhattan
node/2555126634,Two Doors Down,40.7228647,-73.9890918,bar,Manhattan
node/2555126652,Baby Grand LES,40.7221,-73.9883133,bar,Manhattan
node/2555126662,8282,40.721622,-73.9887536,bar,Manhattan
node/2555126668,The Gatsby Hotel,40.7231911,-73.9902082,hotel,Manhattan
node/2555128944,V-Nam Cafe,40.7235425,-73.9880361,restaurant,Manhattan
node/2555128948,2A Bar,40.7229624,-73.9859632,bar,Manhattan
node/2555128954,One and One,40.7232877,-73.9882234,bar,Manhattan
node/2555130747,Mama'a Bar,40.7226122,-73.9831384,bar,Manhattan
node/2555135956,TsuruTonTan,40.7367779,-73.9910723,restaurant,Manhattan
node/2555577469,Paddy Reilly's,40.7416176,-73.9784219,pub,Manhattan
node/2557326685,Blackwells,40.7540605,-73.9726698,pub,Manhattan
node/2562116088,Santo Taco,40.7338821,-73.9930035,restaurant,Manhattan
node/2562277737,Chez Moi,40.6907472,-73.9955872,restaurant,Manhattan
node/2562374842,Oceans,40.7375364,-73.9880227,restaurant,Manhattan
node/2562374854,Tappo,40.739375,-73.988712,restaurant,Manhattan
node/2562432504,Rockmeisha,40.7316362,-73.9828499,restaurant,Manhattan
node/2562439843,Julius,40.7345357,-74.00163,bar,Manhattan
node/2562442598,Lucia Pizza,40.7213965,-74.0043967,restaurant,Manhattan
node/2562444051,Taureau,40.7244662,-74.0056631,restaurant,Manhattan
node/2562449527,Ueki,40.7292006,-74.0038916,restaurant,Manhattan
node/2562449550,Ama on Downing,40.7293143,-74.0039637,restaurant,Manhattan
node/2562450556,Charley Bird,40.7277301,-74.0028571,restaurant,Manhattan
node/2562454103,Wolfnights - the gourmet wrap,40.7306001,-74.0025218,restaurant,Manhattan
node/2562454109,Tacombi,40.7310966,-74.0027945,restaurant,Manhattan
node/2562454139,Carmine Street Beers,40.7298428,-74.0036369,bar,Manhattan
node/2562463926,Jonty Jacobs,40.7331485,-74.0053648,restaurant,Manhattan
node/2562463952,Via Carota,40.7330983,-74.003691,restaurant,Manhattan
node/2562465070,Barrow's Pub,40.7315711,-74.0068211,bar,Manhattan
node/2563607404,Mint Heights,40.699624,-73.9921094,restaurant,Manhattan
node/2563930242,Da Mikele,40.7185032,-74.0048891,restaurant,Manhattan
node/2563985396,Funny BBQ 98,40.7176912,-73.9954117,restaurant,Manhattan
node/2563985397,Tofu Tofu,40.7176273,-73.995453,restaurant,Manhattan
node/2563985399,Sapori,40.7174105,-73.99854,restaurant,Manhattan
node/2563985401,U.S. Pacific,40.7179221,-73.9952665,hotel,Manhattan
node/2563985408,Il Cortile,40.7179541,-73.9981923,restaurant,Manhattan
node/2563985409,Casa Bella,40.7180735,-73.9981277,restaurant,Manhattan
node/2563986220,Nickel & Diner,40.7188128,-73.9995074,restaurant,Manhattan
node/2563990327,Pasteur,40.7167115,-73.9997085,restaurant,Manhattan
node/2565698836,Benvenuto Cafe Tribeca,40.7193052,-74.0100953,restaurant,Manhattan
node/2565702295,Yves,40.7201805,-74.009907,restaurant,Manhattan
node/2565708098,One White Street,40.719282,-74.0059677,restaurant,Manhattan
node/2565708108,Bubby's,40.7198226,-74.0084234,restaurant,Manhattan
node/2565708226,Nancy's Whiskey Pub,40.72064,-74.00497,pub,Manhattan
node/2565708227,Pepolino,40.7207599,-74.0048947,restaurant,Manhattan
node/2565861094,M & J,40.729234,-73.9780195,restaurant,Manhattan
node/2567528714,Soda Club,40.7266906,-73.9798946,restaurant,Manhattan
node/2567531818,Two Perrys,40.7248465,-73.9784801,bar,Manhattan
node/2567547039,Beauty & Essex,40.7204577,-73.9870469,restaurant,Manhattan
node/2567547059,Arlene's Grocery,40.7213285,-73.9883827,bar,Manhattan
node/2567547060,Serafina Ludlow,40.720194,-73.9884455,restaurant,Manhattan
node/2567548319,Kalye,40.7198585,-73.987917,restaurant,Manhattan
node/2567553147,Spicy Village,40.7184544,-73.9916942,restaurant,Manhattan
node/2567557167,Grey Lady,40.7188615,-73.9902614,bar,Manhattan
node/2567558483,Yuki Sushi,40.7160572,-73.9922758,restaurant,Manhattan
node/2567558503,Lian Jiang,40.7143686,-73.9938106,restaurant,Manhattan
node/2567561003,Le Dive,40.7147362,-73.9909568,bar,Manhattan
node/2567561127,Sobak,40.7149394,-73.9916253,restaurant,Manhattan
node/2567573171,Malatesta,40.7328272,-74.0084565,restaurant,Manhattan
node/2568092616,Casanara,40.6829071,-73.9635306,bar,Manhattan
node/2568110406,Vini e Olii,40.6849134,-73.9629368,restaurant,Manhattan
node/2568133754,Entre Nous,40.6879326,-73.962875,bar,Manhattan
node/2568198164,U-Gu,40.6939405,-73.9628963,restaurant,Manhattan
node/2568207235,Waza Sushi & Ramen,40.6935877,-73.9657342,restaurant,Manhattan
node/2568207248,Casa NoNo,40.6936537,-73.9651702,restaurant,Manhattan
node/2568219107,Spice & Grill,40.6933333,-73.9680114,restaurant,Manhattan
node/2568243096,Mike's Coffee Shop,40.6896466,-73.9653342,restaurant,Manhattan
node/2568252726,Mekong BK,40.6893431,-73.9688785,restaurant,Manhattan
node/2568260649,Country House Diner,40.6837716,-73.9676771,restaurant,Manhattan
node/2568270469,BOM with the Wind,40.6859799,-73.9732185,restaurant,Manhattan
node/2568270482,The Great Georgiana,40.6893416,-73.9692621,bar,Manhattan
node/2568275821,Third Falcon,40.6930974,-73.9720014,restaurant,Manhattan
node/2568281710,Il Porto Pizza and Ristorante,40.6974174,-73.9675325,restaurant,Manhattan
node/2568316720,Botte,40.6944608,-73.9831431,restaurant,Manhattan
node/2568518924,Superfine,40.7023397,-73.9874667,restaurant,Manhattan
node/2568539452,Front Street Pizza,40.7024461,-73.9894328,restaurant,Manhattan
node/2568554097,Al Mar,40.7026053,-73.9891503,restaurant,Manhattan
node/2569050392,Da Andrea,40.7361321,-73.995801,restaurant,Manhattan
node/2569053997,Shu Han Ju,40.7355636,-73.9983744,restaurant,Manhattan
node/2569065493,Wogies,40.7353785,-74.0005664,restaurant,Manhattan
node/2569065499,Elephant and Castle,40.7362261,-74.0007468,restaurant,Manhattan
node/2569069142,Empellon Taqueria,40.7341405,-74.0030338,restaurant,Manhattan
node/2569070082,Sevilla,40.7348424,-74.0030609,restaurant,Manhattan
node/2569259858,Cowgirl,40.7338239,-74.0064618,restaurant,Manhattan
node/2569259873,Anton's,40.7356858,-74.0058055,restaurant,Manhattan
node/2569266641,Catch NYC,40.7402994,-74.006242,restaurant,Manhattan
node/2569266661,Gaslight Lounge,40.7409011,-74.005668,bar,Manhattan
node/2569266670,Valbella,40.7408702,-74.0070261,restaurant,Manhattan
node/2569266715,Serafina,40.7396132,-74.0065802,restaurant,Manhattan
node/2569269957,cubbyhole,40.7376427,-74.0037475,bar,Manhattan
node/2569269971,Arthur & Sons,40.7380098,-74.0040853,restaurant,Manhattan
node/2572411292,SoHo 54 Hotel,40.7238201,-74.0052592,hotel,Manhattan
node/2572981704,Deniz,40.6866318,-73.9756587,restaurant,Manhattan
node/2572981756,Endswell,40.6861865,-73.9737746,restaurant,Manhattan
node/2572981801,Island Shack,40.6869069,-73.9753966,restaurant,Manhattan
node/2573054489,Bobby Van's Steakhouse - Park Ave,40.7543448,-73.975626,restaurant,Manhattan
node/2573098408,Alta Calidad,40.6801088,-73.9681963,restaurant,Manhattan
node/2573098476,Sweet Polly,40.6804568,-73.9744631,bar,Manhattan
node/2592264878,Blue Ginger,40.7405843,-74.0016421,restaurant,Manhattan
node/2592264880,Chelsea Ristorante Italiano,40.7406485,-74.0015951,restaurant,Manhattan
node/2592264896,Ramen Ishida,40.7405215,-74.0016881,restaurant,Manhattan
node/2605399150,Putnam's Pub & Cooker,40.6932326,-73.9690543,pub,Manhattan
node/2610440246,Burger Man,40.7604501,-73.9839884,restaurant,Manhattan
node/2610440247,Rosie O'Grady's Saloon,40.7625486,-73.9824969,pub,Manhattan
node/2610440248,Pink Taco,40.7554443,-73.987112,restaurant,Manhattan
node/2610440251,La Pecora Bianca,40.7617606,-73.9844226,restaurant,Manhattan
node/2610440254,The Irish Pub,40.7633512,-73.9813706,pub,Manhattan
node/2610440255,The Manhattan at Times Square Hotel,40.7621727,-73.9829659,hotel,Manhattan
node/2611290567,Idaho,40.7309012,-73.9833892,bar,Manhattan
node/2611479030,Buffalo Wild Wings,40.7309843,-73.983062,restaurant,Manhattan
node/2611479031,Fattoush,40.7308818,-73.9831335,restaurant,Manhattan
node/2611479035,Veeray Da Dhaba,40.7307963,-73.9827498,restaurant,Manhattan
node/2611479038,Onion Tree Pizza Co,40.7304977,-73.9829866,restaurant,Manhattan
node/2611479042,Gena's Grill,40.7303986,-73.9830423,restaurant,Manhattan
node/2611490850,Motorino,40.7302858,-73.9839142,restaurant,Manhattan
node/2611490851,S'MAC,40.7301897,-73.9836385,restaurant,Manhattan
node/2611490853,Sao Mai,40.7303381,-73.9835297,restaurant,Manhattan
node/2613888352,Rosemary's,40.7558548,-73.970447,restaurant,Manhattan
node/2621558446,Hill Country Barbecue Market,40.7442736,-73.9904326,restaurant,Manhattan
node/2621558482,Latin American Restaurant,40.7443244,-73.9900461,restaurant,Manhattan
node/2622180738,Pizza a Casa - Pizza School,40.7163894,-73.9887152,restaurant,Manhattan
node/2622651509,Characters NYC Bar & Lounge,40.7645366,-73.9833266,pub,Manhattan
node/2623550902,44 & X,40.7609658,-73.994264,restaurant,Manhattan
node/2623550909,The Marshal,40.7612529,-73.994034,restaurant,Manhattan
node/2625469223,Q NYC,40.7612883,-73.9871051,bar,Manhattan
node/2626236854,Flatiron Hall Restaurant and Beer Cellar,40.7444122,-73.9907381,pub,Manhattan
node/2626236856,Grey Bar & Restaurant,40.7445509,-73.9905594,bar,Manhattan
node/2629371837,Courtyard,40.7573984,-73.9698932,hotel,Manhattan
node/2630078319,Kofoo,40.7427924,-73.9920482,restaurant,Manhattan
node/2631523821,Mariella Pizza,40.7692128,-73.9629325,restaurant,Manhattan
node/2639531871,Renaissance New York Times Square Hotel,40.7597371,-73.9845837,hotel,Manhattan
node/2641379134,JR Sushi 2,40.7152802,-74.009614,restaurant,Manhattan
node/2649091999,Beer Authority,40.7559874,-73.9910754,pub,Manhattan
node/2664302423,Rucola,40.6856132,-73.9858591,restaurant,Manhattan
node/2665781276,Petite Crevette,40.683741,-74.0018989,restaurant,Manhattan
node/2676076063,Serra Alpina,40.7423105,-73.9898043,restaurant,Manhattan
node/2676085860,Stix,40.739754,-73.9857245,restaurant,Manhattan
node/2676420982,River Deli,40.6936542,-73.9984656,restaurant,Manhattan
node/2676979135,Bond 45,40.7592344,-73.9863162,restaurant,Manhattan
node/2678466842,Bubba Gump Shrimp Company,40.7572318,-73.9863898,restaurant,Manhattan
node/2678581856,The Mean Fiddler,40.7601307,-73.9871355,pub,Manhattan
node/2678783476,Applebee's,40.7614452,-73.9837559,restaurant,Manhattan
node/2678783479,Ellen's Stardust Diner,40.7618484,-73.9835031,restaurant,Manhattan
node/2679311665,Storehouse,40.7444118,-73.991938,bar,Manhattan
node/2689589690,Blue Fin,40.7592453,-73.9853339,restaurant,Manhattan
node/2689589693,Havana Central,40.7583345,-73.9841851,restaurant,Manhattan
node/2691988699,Brooklyn Noosh,40.6802517,-73.9612395,restaurant,Manhattan
node/2693524776,Ampersand,40.7386819,-73.9834817,bar,Manhattan
node/2696719553,Subject,40.7214899,-73.9846873,bar,Manhattan
node/2696719558,The Library,40.7225712,-73.9862492,bar,Manhattan
node/2698702585,The Flame,40.7685722,-73.985481,restaurant,Manhattan
node/2702475724,Holland Bar,40.7567953,-73.9935819,bar,Manhattan
node/2702831820,The Tippler,40.7423493,-74.0061823,bar,Manhattan
node/2702831833,Fatbird,40.7410242,-74.0049583,restaurant,Manhattan
node/2702857187,Jet's Pizza,40.7430204,-74.0036128,restaurant,Manhattan
node/2703043873,Oiji Mi,40.7396655,-73.9924935,restaurant,Manhattan
node/2703043898,Wonderland Gentlemen's Club,40.7401967,-73.9924557,nightclub,Manhattan
node/2703044063,CAVA,40.7416972,-73.9934425,restaurant,Manhattan
node/2703083220,Malibu Diner,40.7438586,-73.9946656,restaurant,Manhattan
node/2703092686,Fle-Fle Grill,40.7450671,-73.9983943,restaurant,Manhattan
node/2703092691,Lions & Tigers & Squares Detroit Pizza,40.74506,-73.9983358,restaurant,Manhattan
node/2703169719,Grand Sichuan,40.74735,-74.000974,restaurant,Manhattan
node/2703242507,Shukette,40.7471473,-74.0005212,restaurant,Manhattan
node/2703424235,Tracks,40.7494986,-73.993225,bar,Manhattan
node/2703424308,Mustang Harry's,40.7482815,-73.992821,bar,Manhattan
node/2703449252,Pennsylvania 6,40.7483929,-73.9906659,restaurant,Manhattan
node/2703449303,Niles NYC,40.7488386,-73.9919696,restaurant,Manhattan
node/2703449326,Sendo,40.7479225,-73.9889275,restaurant,Manhattan
node/2703449330,Yong Kang Street,40.7482027,-73.9887195,restaurant,Manhattan
node/2704034126,Bar Jamón,40.7358748,-73.98712,bar,Manhattan
node/2704034237,Casa Mono,40.7359257,-73.9871655,restaurant,Manhattan
node/2704042931,Manhattan Indian Flavor,40.7350273,-73.9832212,restaurant,Manhattan
node/2704042962,L'Angeletto,40.735401,-73.9829582,restaurant,Manhattan
node/2704081049,Rolf's,40.737989,-73.983522,restaurant,Manhattan
node/2704081053,Seven Sins,40.7384419,-73.9832066,bar,Manhattan
node/2704104151,Carlton Arms Hotel,40.7401959,-73.9826682,hotel,Manhattan
node/2704104168,The Broken Shaker,40.739805,-73.984357,bar,Manhattan
node/2704104179,Fitzgerald's Pub,40.7400416,-73.9825012,pub,Manhattan
node/2704104183,Dog & Bone,40.7400968,-73.9824601,pub,Manhattan
node/2704104190,Buddy's,40.7407157,-73.9820338,pub,Manhattan
node/2704104197,Bao Bao Cafe,40.7408893,-73.9835474,restaurant,Manhattan
node/2704105139,The Marcel,40.7394627,-73.9822461,hotel,Manhattan
node/2704105152,AWOL Bar and Grill,40.7399496,-73.9821051,bar,Manhattan
node/2704110111,Mexico Lindo,40.7397696,-73.9797637,restaurant,Manhattan
node/2704114395,Sahara's,40.7414352,-73.9785461,restaurant,Manhattan
node/2704116914,Handcraft,40.7410246,-73.9813006,pub,Manhattan
node/2704131493,Little Basil,40.7410605,-73.9822863,restaurant,Manhattan
node/2704131516,Street Taco,40.7408917,-73.981874,restaurant,Manhattan
node/2704131545,Kailash Parbat,40.7420659,-73.9826947,restaurant,Manhattan
node/2705024402,Chez Jacqueline,40.7282859,-74.0017773,restaurant,Manhattan
node/2705025714,Marcella,40.7280654,-74.0017062,restaurant,Manhattan
node/2705025715,Song’ E Napule,40.7281274,-74.001839,restaurant,Manhattan
node/2705025716,Comodo,40.727606,-74.0023607,restaurant,Manhattan
node/2705029788,12 Chairs,40.7275501,-74.0024076,restaurant,Manhattan
node/2705031347,Mee Noodle Shop,40.7653574,-73.9878362,restaurant,Manhattan
node/2705031348,Norma,40.765547,-73.9876852,restaurant,Manhattan
node/2706005871,Morton's The Steakhouse,40.7096869,-74.0139312,restaurant,Manhattan
node/2706005872,Bill's Bar and Burger,40.7094546,-74.014076,restaurant,Manhattan
node/2706009357,Skinos,40.709192,-74.0138424,restaurant,Manhattan
node/2706918018,Turnmill,40.7424507,-73.9836446,pub,Manhattan
node/2706918023,Parksouth Hotel,40.7427837,-73.9830954,hotel,Manhattan
node/2706918154,Lahori Kabab,40.742323,-73.9828805,restaurant,Manhattan
node/2706939797,The Fifth Avenue Hotel,40.7449926,-73.9877939,hotel,Manhattan
node/2706939803,Nonono,40.745401,-73.9848544,restaurant,Manhattan
node/2707689757,Dear Margo,40.7689644,-73.9630886,restaurant,Manhattan
node/2708083600,The Quin,40.7646529,-73.9774764,hotel,Manhattan
node/2708083610,Jams,40.7647657,-73.9766475,restaurant,Manhattan
node/2708095649,Salon de Ning,40.7616016,-73.9751953,bar,Manhattan
node/2708133479,Estiatorio Milos,40.7636288,-73.9791548,restaurant,Manhattan
node/2708133494,Astro Restaurant,40.7632094,-73.9782428,restaurant,Manhattan
node/2708133540,Faces and Names,40.7635051,-73.9809828,bar,Manhattan
node/2708133546,Soulvlakigr,40.7646369,-73.9802846,restaurant,Manhattan
node/2708164827,La Esquina,40.764288,-73.981397,restaurant,Manhattan
node/2708164841,"WestHouse Hotel New York, an SLH Hotel",40.7643756,-73.9810992,hotel,Manhattan
node/2708164855,PHD Terrace,40.7645279,-73.9819605,bar,Manhattan
node/2708164917,Thai Chai Kitchen,40.7654403,-73.9835817,restaurant,Manhattan
node/2709306570,Donsbogam Original,40.746788,-73.9843691,restaurant,Manhattan
node/2709306713,BCD Tofu House,40.7475091,-73.9860606,restaurant,Manhattan
node/2709335829,Vezzo,40.7444593,-73.9813057,restaurant,Manhattan
node/2709335872,Mondrian Park Avenue,40.7447966,-73.9832361,hotel,Manhattan
node/2709347075,Medium Rare,40.7453122,-73.9787228,restaurant,Manhattan
node/2709389038,Mr. B Bar,40.7446129,-73.9773007,bar,Manhattan
node/2709479288,The Houndstooth Pub,40.753643,-73.9921669,pub,Manhattan
node/2709493872,Pastrami and Grill,40.7552441,-73.9945593,restaurant,Manhattan
node/2709629959,Snack EOS,40.7563648,-73.9939169,restaurant,Manhattan
node/2709629964,La-Sani Grill,40.7571191,-73.9938012,restaurant,Manhattan
node/2709629973,Upside Pizza,40.7551601,-73.9910642,restaurant,Manhattan
node/2709702235,Mexicue,40.7541088,-73.9860614,restaurant,Manhattan
node/2709702288,Feile,40.7498635,-73.9897361,pub,Manhattan
node/2709702424,Magic Hour,40.7523932,-73.9893008,bar,Manhattan
node/2709702498,Refinery,40.7521714,-73.9853616,hotel,Manhattan
node/2709702525,Americana Inn,40.7522336,-73.9855082,hotel,Manhattan
node/2709860719,Mémé Mediterranean,40.7609011,-73.9947642,restaurant,Manhattan
node/2709860764,DBL,40.7627758,-73.9933967,bar,Manhattan
node/2709878727,Mr Bigg's Bar & Grill,40.7603332,-73.9947365,restaurant,Manhattan
node/2709892566,Hallo Berlin,40.7610811,-73.9941852,restaurant,Manhattan
node/2709897877,Kochi,40.7620108,-73.9935128,restaurant,Manhattan
node/2709906280,Swing46,40.7606664,-73.989737,nightclub,Manhattan
node/2709915241,Qi,40.7620625,-73.9897658,restaurant,Manhattan
node/2709931391,Pocket Bar,40.7633931,-73.9923609,bar,Manhattan
node/2709931392,Back Pocket Bar,40.763866,-73.9920297,bar,Manhattan
node/2709955296,The Red Stache,40.76498,-73.9883465,bar,Manhattan
node/2709967732,Wondee Siam,40.7647706,-73.987788,restaurant,Manhattan
node/2709967734,The Meatball Shop,40.7651951,-73.9874674,restaurant,Manhattan
node/2710031782,Churrascaria Plataforma,40.7620192,-73.987651,restaurant,Manhattan
node/2710031799,Times Square Diner & Grill,40.7615479,-73.9868708,restaurant,Manhattan
node/2710091465,Harry Cipriani,40.7643866,-73.972705,restaurant,Manhattan
node/2710195176,Rubby Pizzeria Restaurant,40.7687413,-73.9886105,restaurant,Manhattan
node/2710845397,Villa Berulia,40.7469172,-73.9805077,restaurant,Manhattan
node/2710917515,Peter Dillon's,40.7494523,-73.9832785,pub,Manhattan
node/2710917577,Mad Dog & Beans Mexican Cantina,40.7507533,-73.9819745,restaurant,Manhattan
node/2711029303,Mr Chow,40.7587671,-73.9644197,restaurant,Manhattan
node/2711174997,Yezo Isankaya,40.7542073,-73.968608,restaurant,Manhattan
node/2711221740,The Smith,40.7552632,-73.968022,restaurant,Manhattan
node/2711232711,P.J. Clarke’s,40.7589826,-73.9682301,restaurant,Manhattan
node/2711393424,Wollensky's Grill,40.755098,-73.9707185,restaurant,Manhattan
node/2711393442,Tensai Udon House,40.7559526,-73.9693724,restaurant,Manhattan
node/2711393461,Bareburger,40.7563383,-73.9678566,pub,Manhattan
node/2711639355,Barnes Bistro,40.7530685,-73.9716289,restaurant,Manhattan
node/2711639380,Zara Terrace,40.7524053,-73.9700918,restaurant,Manhattan
node/2711639392,Angeletto,40.7531439,-73.9695683,restaurant,Manhattan
node/2711692856,Yakiniku TORAJI,40.7510434,-73.9727833,restaurant,Manhattan
node/2711712840,Westgate New York Grand Central Hotel,40.7495001,-73.9718919,hotel,Manhattan
node/2713484783,Bilt Bar,40.6802723,-73.9677241,pub,Manhattan
node/2714704296,Sam's Place,40.7493393,-73.9772354,restaurant,Manhattan
node/2714704321,Take Care,40.7483628,-73.9781141,restaurant,Manhattan
node/2714704324,Tam Sang,40.7493894,-73.9773773,restaurant,Manhattan
node/2714777544,Sachi,40.7476501,-73.9740389,restaurant,Manhattan
node/2714855288,Benjamin Prime,40.7515422,-73.9798731,restaurant,Manhattan
node/2714855295,Serafina Italian Restaurant,40.7500156,-73.9811517,restaurant,Manhattan
node/2714855400,70 Park Avenue Hotel,40.7498595,-73.9796281,hotel,Manhattan
node/2714986490,Yakitori Torishin,40.7650575,-73.987136,restaurant,Manhattan
node/2714986493,Alfie's,40.7653775,-73.9873248,restaurant,Manhattan
node/2714986494,Broadway Comedy Club,40.7644572,-73.985746,bar,Manhattan
node/2715447755,Chop & Go,40.7591744,-73.9702294,restaurant,Manhattan
node/2716011967,King Cole Bar,40.7613571,-73.9744256,bar,Manhattan
node/2716012023,Sushiann,40.7579822,-73.9742003,restaurant,Manhattan
node/2716231111,B.B. King Blues Club & Grill,40.756837,-73.98844,nightclub,Manhattan
node/2716231113,Villa Fresh Italian Kitchen,40.7572061,-73.9893098,restaurant,Manhattan
node/2716231115,Dallas BBQ,40.7569552,-73.9887186,restaurant,Manhattan
node/2717223248,Pronto Pasta & More,40.7550594,-73.9888949,restaurant,Manhattan
node/2717223348,Margaritaville,40.7550162,-73.9880032,restaurant,Manhattan
node/2717293822,China River,40.7582012,-73.9883065,restaurant,Manhattan
node/2717293824,Carmine's,40.7575108,-73.9867126,restaurant,Manhattan
node/2717293852,Rum House,40.7597407,-73.9861863,bar,Manhattan
node/2717293865,Frankie and Johnie's Steakhouse,40.7600472,-73.9888591,restaurant,Manhattan
node/2717293878,Gui Steakhouse,40.7605323,-73.9870469,restaurant,Manhattan
node/2717293880,John's Pizzeria,40.7582345,-73.9884017,restaurant,Manhattan
node/2717323748,Nanking,40.7615479,-73.9837434,restaurant,Manhattan
node/2717323791,La Masseria,40.7608991,-73.986314,restaurant,Manhattan
node/2717355355,M Social Hotel New York Times Square,40.7627592,-73.9835908,hotel,Manhattan
node/2717355367,Russian Vodka Room,40.7634867,-73.9847984,bar,Manhattan
node/2717542956,Butterflied Chicken,40.7557612,-73.9805909,restaurant,Manhattan
node/2717543271,Fogo de Chão,40.7611533,-73.9779162,restaurant,Manhattan
node/2717836837,Sushi Ginza,40.7591533,-73.9625239,restaurant,Manhattan
node/2717862921,Shaken Not Stirred,40.7610284,-73.9611617,bar,Manhattan
node/2717862924,Moti Mahal Delux,40.7620819,-73.9603873,restaurant,Manhattan
node/2717862940,Ritz Diner,40.7617205,-73.9606568,restaurant,Manhattan
node/2718042362,Il Postino,40.7637327,-73.9676111,restaurant,Manhattan
node/2718050718,Loco Coco,40.7650653,-73.965936,restaurant,Manhattan
node/2718064489,City Hops,40.761438,-73.9639675,bar,Manhattan
node/2718064490,Vero Social,40.7616106,-73.9638442,bar,Manhattan
node/2721574108,Hurley's,40.7605232,-73.9861219,pub,Manhattan
node/2721574113,Pongsri,40.7606849,-73.9865304,restaurant,Manhattan
node/2721574118,An'nam,40.7606569,-73.9864408,restaurant,Manhattan
node/2722711709,Emmett's,40.7273671,-74.0025442,restaurant,Manhattan
node/2722711716,Raku Soho,40.7273101,-74.0025925,restaurant,Manhattan
node/2722712554,Villa Mosconi,40.7285324,-74.0018748,restaurant,Manhattan
node/2722720658,Da Silvano,40.7289641,-74.0022949,restaurant,Manhattan
node/2722857800,Friedman's,40.75965,-73.985965,restaurant,Manhattan
node/2722857817,Glass House Tavern,40.7599261,-73.9866455,restaurant,Manhattan
node/2722857832,Dilli Dilli,40.7598975,-73.9865625,restaurant,Manhattan
node/2722857837,Trattoria Trecolori,40.7599596,-73.9867307,restaurant,Manhattan
node/2723493279,Two Boots Pizza,40.7645432,-73.961697,restaurant,Manhattan
node/2723661031,Daniel,40.7667776,-73.9675711,restaurant,Manhattan
node/2723866745,Blenoir Crêpes and Cafe,40.7690481,-73.9633799,restaurant,Manhattan
node/2725606562,Lonnies,40.6864151,-73.9852989,restaurant,Manhattan
node/2727176211,Park Café,40.7642327,-73.9807509,restaurant,Manhattan
node/2727176217,Redeye Grill,40.7650918,-73.9805946,restaurant,Manhattan
node/2731108933,The Irish Punt,40.7059245,-74.0103947,pub,Manhattan
node/2744832045,The Greek Kitchen,40.7697543,-73.9883234,restaurant,Manhattan
node/2744875804,Atlantic Grill,40.7720849,-73.9813978,restaurant,Manhattan
node/2744981556,Empire Szechuan,40.77522,-73.9801757,restaurant,Manhattan
node/2745010771,Bondi Sushi,40.7773213,-73.9818066,restaurant,Manhattan
node/2745018029,Vanguard Wine Bar,40.7763636,-73.9830423,bar,Manhattan
node/2745038464,Cafe Luxembourg,40.777411,-73.9831224,restaurant,Manhattan
node/2745087243,Shinbashi 72,40.7788967,-73.9827653,restaurant,Manhattan
node/2745119745,Felice Columbus,40.7769663,-73.9793341,restaurant,Manhattan
node/2745119754,Westland Roe Bar and Kitchen,40.7783615,-73.9815253,pub,Manhattan
node/2745321892,Dakota Bar,40.7774878,-73.9785066,bar,Manhattan
node/2745359378,Simply Noodles,40.7788474,-73.9812288,restaurant,Manhattan
node/2745370256,Salumeria Rosi,40.7793592,-73.9808591,restaurant,Manhattan
node/2745418631,Asset,40.7795342,-73.9769922,restaurant,Manhattan
node/2745450969,,40.7795405,-73.977468,restaurant,Manhattan
node/2771500487,Kitchen at Cobble Hill,40.6853397,-73.994628,restaurant,Manhattan
node/2774078095,Rua Thai,40.6847122,-73.9919806,restaurant,Manhattan
node/2774078096,Cafe Luluc,40.6844742,-73.9921417,restaurant,Manhattan
node/2777135780,Best Western Convention Center,40.7573258,-73.9982956,hotel,Manhattan
node/2782255491,Motorino,40.7104673,-73.9635085,restaurant,Manhattan
node/2782255494,OTB,40.7104506,-73.9634473,bar,Manhattan
node/2782255496,Velvet Lounge,40.7099118,-73.96273,bar,Manhattan
node/2783626530,The Palm Restaurant,40.7516726,-73.9710941,restaurant,Manhattan
node/2790840179,PaPi Pasta & Pizza,40.7523035,-73.9894117,restaurant,Manhattan
node/2790840192,Pig 'N' Whistle On 36th,40.7523552,-73.9901323,pub,Manhattan
node/2823245288,Friedman's,40.7149791,-74.0148379,restaurant,Manhattan
node/2824641182,World Center Hotel,40.7098246,-74.0138782,hotel,Manhattan
node/2824828263,Umami Ramen,40.7050089,-74.0097706,restaurant,Manhattan
node/2824828280,3 Times Dim Sum,40.7033341,-74.0106724,restaurant,Manhattan
node/2824828323,Smorgas Chef,40.7043755,-74.0103859,restaurant,Manhattan
node/2824828336,Bodega Gran Via,40.704458,-74.0102766,restaurant,Manhattan
node/2824828390,Broadstone Bar & Kitchen,40.7041146,-74.0117291,pub,Manhattan
node/2824972485,Sonder at Battery Park,40.705701,-74.0154764,hotel,Manhattan
node/2825051771,Hyatt Centric,40.7050392,-74.0078925,hotel,Manhattan
node/2825051790,Eurostars Wall Street,40.7051879,-74.0061997,hotel,Manhattan
node/2825052305,Fairfield Inn New York Manhattan/Financial District,40.70598,-74.0050486,hotel,Manhattan
node/2825125211,Cobble & Co,40.7070094,-74.0035612,restaurant,Manhattan
node/2825125230,Urban Cove Society & Kitchen,40.707989,-74.0014511,restaurant,Manhattan
node/2825125236,Cowgirl Seahorse,40.7082323,-74.0005339,restaurant,Manhattan
node/2825125240,"33 Hotel, New York City, Seaport",40.7080083,-74.0014177,hotel,Manhattan
node/2825288943,Wo-Hop,40.714289,-73.9988678,restaurant,Manhattan
node/2825288960,Shanghai 21,40.7144241,-73.9988882,restaurant,Manhattan
node/2825288971,Opera House,40.7143387,-73.9980744,bar,Manhattan
node/2825288972,Buddha Bodai,40.713865,-73.9987984,restaurant,Manhattan
node/2826436147,Mr. Fong's,40.7124273,-73.9942509,bar,Manhattan
node/2826472442,Fei Tenc Seafood,40.7138263,-73.9948732,restaurant,Manhattan
node/2826472444,Shui Mei Cafe,40.713556,-73.9947941,restaurant,Manhattan
node/2826475506,The Comfort Diner,40.7522777,-73.9723289,restaurant,Manhattan
node/2826494992,Hotel91,40.713636,-73.9936267,hotel,Manhattan
node/2826571503,Eastwood,40.7141721,-73.987061,restaurant,Manhattan
node/2826581783,Saluggi's East,40.7160067,-73.9874972,restaurant,Manhattan
node/2826581784,Manousheh,40.7159851,-73.9874254,restaurant,Manhattan
node/2826754297,Black Crescent,40.7189562,-73.9850248,bar,Manhattan
node/2826801774,Caracas Arepa Bar,40.7198762,-73.9830171,restaurant,Manhattan
node/2826842009,Balvanera,40.7205874,-73.9853737,restaurant,Manhattan
node/2826842017,Remedy Diner,40.7217736,-73.9854765,restaurant,Manhattan
node/2826842018,The Mayfly,40.7215253,-73.9846546,bar,Manhattan
node/2827035685,Hane,40.7346437,-73.9797605,restaurant,Manhattan
node/2827157728,Townhouse Diner,40.7469948,-73.9740131,restaurant,Manhattan
node/2827168689,El Pote Español,40.7475626,-73.973629,restaurant,Manhattan
node/2827514083,Seaborne,40.6810532,-74.0087457,bar,Manhattan
node/2838336215,Meadowsweet,40.7103472,-73.9631701,restaurant,Manhattan
node/2839628066,Birds of a Feather,40.7143133,-73.9605332,restaurant,Manhattan
node/2839628069,Samurai Mama,40.7141481,-73.96014,restaurant,Manhattan
node/2839715663,D.O.C. Wine Bar,40.7196748,-73.96045,restaurant,Manhattan
node/2839715666,Rosarito Fish Shack,40.7194963,-73.9606455,restaurant,Manhattan
node/2889066126,Joe's Pub at the Public,40.7291974,-73.9916255,bar,Manhattan
node/2890392801,Lupa,40.7276391,-74.000211,restaurant,Manhattan
node/2892641901,Butterfly,40.719376,-74.006475,restaurant,Manhattan
node/2892746201,Bisou Wine Bar,40.723743,-74.004462,bar,Manhattan
node/2897876736,Otani,40.70932,-74.008734,restaurant,Manhattan
node/2897876738,Bento Sushi,40.7099489,-74.0100671,restaurant,Manhattan
node/2897876739,Souths,40.7184521,-74.0049427,pub,Manhattan
node/2897876741,Square Diner,40.718446,-74.007236,restaurant,Manhattan
node/2901108443,Otto's Shrunken Head Tiki Bar,40.7295158,-73.9786409,bar,Manhattan
node/2902914463,Chelsea Market Passage,40.7428735,-74.0073403,restaurant,Manhattan
node/2902952601,The Perfect Pint,40.7526442,-73.9726484,pub,Manhattan
node/2921544618,Le Bain,40.7412916,-74.0080457,bar,Manhattan
node/2945458607,Andaz,40.7528315,-73.9810928,hotel,Manhattan
node/2946225780,Daily Chinese Restaurant,40.7753835,-74.0197997,restaurant,Manhattan
node/2948610291,3 Streets Saloon,40.7307334,-74.0009872,bar,Manhattan
node/2949604093,Tartine,40.7363207,-74.0034558,restaurant,Manhattan
node/2949606712,New Green Bo,40.7155657,-73.998017,restaurant,Manhattan
node/2958284620,Old Castle,40.7632835,-73.9810028,pub,Manhattan
node/2973075955,Luigi's Pizza,40.7655786,-73.9834795,restaurant,Manhattan
node/2973075956,Matts Grill,40.765484,-73.9835479,restaurant,Manhattan
node/2973075958,,40.7658052,-73.9833111,restaurant,Manhattan
node/2973086664,Donburiya,40.7653013,-73.9832463,restaurant,Manhattan
node/2973086665,Mughlai Indian Cuisine,40.7653274,-73.9833108,restaurant,Manhattan
node/2973086666,Nocello,40.7653492,-73.983373,restaurant,Manhattan
node/2973086668,Yakitori Totto,40.765264,-73.9831704,restaurant,Manhattan
node/2975790643,Palace Restaurant,40.7610242,-73.9697542,restaurant,Manhattan
node/2977035158,The Fitz,40.7605307,-73.969238,restaurant,Manhattan
node/2977405748,Dos Caminos,40.740579,-74.0054009,restaurant,Manhattan
node/2981930233,Frying Pan,40.7523006,-74.0094145,pub,Manhattan
node/2985573624,Old Homestead Steakhouse,40.7412674,-74.0049042,restaurant,Manhattan
node/2985673610,Shorty Tang Noodles,40.7402274,-74.0019425,restaurant,Manhattan
node/2985849341,Paradou,40.739696,-74.0067809,restaurant,Manhattan
node/2985849342,RH Rooftop Restaurant,40.7400703,-74.0064799,restaurant,Manhattan
node/2985849346,Revel,40.7397251,-74.006849,restaurant,Manhattan
node/2999006567,Chloe's Soft Serve Fruit Co.,40.7373666,-73.9906671,restaurant,Manhattan
node/3003918346,Marshall Stack,40.7206682,-73.9899466,pub,Manhattan
node/3008612563,Hilton New York Fashion District,40.745587,-73.9936036,hotel,Manhattan
node/3008612564,Rare Bar and Grill,40.745629,-73.9937463,restaurant,Manhattan
node/3040295633,The Australian NYC,40.7512973,-73.9838618,restaurant,Manhattan
node/3040296939,Blaggards Pub,40.7511973,-73.9836072,pub,Manhattan
node/3041513139,Olio e Più,40.7337937,-73.9997745,restaurant,Manhattan
node/3041538535,Extra Virgin,40.7353475,-74.0031806,restaurant,Manhattan
node/3041548233,Bobo,40.7344098,-74.002602,restaurant,Manhattan
node/3043957739,Jackson Hole,40.7461765,-73.977565,restaurant,Manhattan
node/3046334738,Buenos Aires,40.7252275,-73.9831134,restaurant,Manhattan
node/3055292583,Alcala,40.7512208,-73.9717524,restaurant,Manhattan
node/3056992407,Aretsky's Patroon,40.7534898,-73.9733112,restaurant,Manhattan
node/3057254959,Maggie's Place,40.7562153,-73.9771764,pub,Manhattan
node/3060726144,San Martin,40.7557306,-73.9722031,restaurant,Manhattan
node/3064399843,Divya’s Kitchen,40.7237147,-73.9883625,restaurant,Manhattan
node/3064399844,Govinda's Kadamba Kafe,40.6876209,-73.9821832,restaurant,Manhattan
node/3066339955,Bierhaus NYC,40.752534,-73.9733861,restaurant,Manhattan
node/3067940109,McHale's Pub,40.7627917,-73.9850724,pub,Manhattan
node/3067940118,Sosa Borella,40.7623757,-73.9858109,restaurant,Manhattan
node/3068326556,Keens Steakhouse,40.750773,-73.9864091,restaurant,Manhattan
node/3070521516,Old Man Hustle,40.7138645,-73.9618377,bar,Manhattan
node/3079037402,Benoit,40.7625321,-73.9772542,restaurant,Manhattan
node/3079037403,Bice,40.7626071,-73.9775243,restaurant,Manhattan
node/3079037404,Cassidy’s,40.7628066,-73.9773732,pub,Manhattan
node/3079037405,Il Corso,40.762485,-73.9771512,restaurant,Manhattan
node/3079054057,Whiskey Trader,40.7628723,-73.9775236,pub,Manhattan
node/3079068320,Connolly's,40.7620862,-73.9775771,pub,Manhattan
node/3099209773,Cellar Dog,40.7336334,-74.0032842,bar,Manhattan
node/3116191043,Park Hyatt New York,40.7654216,-73.9793143,hotel,Manhattan
node/3116410275,P.J. Moran's,40.7571671,-73.9775351,pub,Manhattan
node/3131828039,The Headless Horseman,40.7348845,-73.9885442,pub,Manhattan
node/3145937665,Izakaya NoMad,40.7440806,-73.9894469,restaurant,Manhattan
node/3147863534,Dudleys,40.7180802,-73.9903664,restaurant,Manhattan
node/3147863535,Cafe Katja,40.7177277,-73.9905476,restaurant,Manhattan
node/3147863536,Sticky Rice,40.717982,-73.9904169,restaurant,Manhattan
node/3147863537,Bar Valentina,40.7178981,-73.99046,bar,Manhattan
node/3147863539,Barrio Chino,40.7179789,-73.9900488,restaurant,Manhattan
node/3147883111,Mictlān,40.7152437,-73.991827,restaurant,Manhattan
node/3147883113,Bar Belly,40.7151349,-73.9916523,restaurant,Manhattan
node/3147883115,Bacaro,40.7145382,-73.9916726,restaurant,Manhattan
node/3151639217,Walters,40.6894824,-73.9732792,restaurant,Manhattan
node/3151672194,Sushi D,40.6896685,-73.971351,restaurant,Manhattan
node/3151672195,Theodora,40.6860012,-73.9730376,restaurant,Manhattan
node/3151692835,Inatesso,40.7059851,-74.0170998,restaurant,Manhattan
node/3154211509,Fancy Free,40.6872709,-73.9754546,pub,Manhattan
node/3154231932,Ma Massa,40.6865517,-73.9746741,restaurant,Manhattan
node/3154231933,Brooklyn Thai-ger,40.6865972,-73.9747886,restaurant,Manhattan
node/3154231936,Mo's Bar,40.6870703,-73.9747397,bar,Manhattan
node/3154231939,Habana Outpost,40.6863599,-73.9742242,bar,Manhattan
node/3154234527,Sukh,40.6872259,-73.9763661,restaurant,Manhattan
node/3154284867,Fradei,40.6865628,-73.9743101,restaurant,Manhattan
node/3154284869,Brooklyn Moon,40.6866181,-73.9748413,pub,Manhattan
node/3157703734,Blind Tiger,40.7318556,-74.0032442,bar,Manhattan
node/3179745212,Tenjou,40.7421269,-73.9905046,restaurant,Manhattan
node/3190230454,Open Kitchen,40.7053184,-74.0100991,restaurant,Manhattan
node/3201166294,One Two Thai,40.7455377,-73.9794683,restaurant,Manhattan
node/3212413922,Emma Peel Room,40.7183027,-73.9905315,bar,Manhattan
node/3213784371,Aquavit,40.7607818,-73.9721848,restaurant,Manhattan
node/3214535330,Mikaku,40.7214189,-73.9969231,restaurant,Manhattan
node/3214617212,19 Cleveland,40.7216382,-73.9972123,restaurant,Manhattan
node/3215162128,Café Select,40.7217594,-73.9978239,restaurant,Manhattan
node/3215162129,Osteria Morini,40.7219323,-73.9976726,restaurant,Manhattan
node/3215166838,The Market Table,40.72978,-74.0037432,restaurant,Manhattan
node/3215168668,The Grey Dog,40.7300039,-74.003915,restaurant,Manhattan
node/3218149751,Ben's Pizzeria,40.7303941,-74.0003007,restaurant,Manhattan
node/3222528347,Blenheim,40.7376761,-74.0040101,restaurant,Manhattan
node/3232923482,Mangia,40.7638701,-73.9765096,restaurant,Manhattan
node/3235708621,Caffe Storico,40.779447,-73.9739529,restaurant,Manhattan
node/3239326415,Luke's Lobster,40.7045322,-74.0109178,restaurant,Manhattan
node/3246839596,American Whiskey,40.7493007,-73.9941316,bar,Manhattan
node/3246839597,Beer Culture,40.759564,-73.9897134,bar,Manhattan
node/3246839599,Danji,40.7640857,-73.9867718,restaurant,Manhattan
node/3246839601,Grasp Grill,40.7567197,-73.9771339,restaurant,Manhattan
node/3246839605,Ootoya,40.7548801,-73.9859787,restaurant,Manhattan
node/3248816729,Manny’s Bistro,40.7762456,-73.9794042,restaurant,Manhattan
node/3262539802,Friedman's,40.7770545,-73.9783768,restaurant,Manhattan
node/3262539829,Riposo 72,40.7771024,-73.9785029,bar,Manhattan
node/3271250887,Arte Cafe,40.7781493,-73.978758,restaurant,Manhattan
node/3271250890,Tenzan,40.778274,-73.9779356,restaurant,Manhattan
node/3356089617,The Crooked Knife,40.7451081,-73.9842044,restaurant,Manhattan
node/3356089618,Wine:30,40.7449212,-73.9837645,restaurant,Manhattan
node/3356089622,Bella Napoli,40.7457391,-73.9846188,restaurant,Manhattan
node/3369517484,Sushi Yasaka,40.7795747,-73.9834601,restaurant,Manhattan
node/3369582794,Harvest,40.7777871,-73.9782956,restaurant,Manhattan
node/3369582795,Shun Lee,40.7728358,-73.9814252,restaurant,Manhattan
node/3446705496,Treadwell Park,40.7614626,-73.9608387,pub,Manhattan
node/3447383383,El Mitote,40.775834,-73.9801978,restaurant,Manhattan
node/3447527994,Brasserie Ruhlman,40.7591895,-73.9781127,restaurant,Manhattan
node/3448719854,India Palace,40.7614174,-73.9601599,restaurant,Manhattan
node/3448908338,Cucina Bene Pizza,40.7060236,-74.0102403,restaurant,Manhattan
node/3450977039,Nara Sushi,40.7037772,-74.010399,restaurant,Manhattan
node/3451050931,Mother's Ruin,40.7213363,-73.9950075,bar,Manhattan
node/3451440812,Continental Bar & Lounge,40.7052914,-74.00834,bar,Manhattan
node/3451449736,Roti,40.7065252,-74.0071489,restaurant,Manhattan
node/3463814923,Seoul Garden,40.7477981,-73.9872728,restaurant,Manhattan
node/3497534420,SIMÒ PIZZA,40.7331382,-73.9932569,restaurant,Manhattan
node/3497534425,Blossom,40.7332225,-73.9936043,restaurant,Manhattan
node/3497534427,Reservoir,40.7331707,-73.9936418,bar,Manhattan
node/3502137816,Knickerbocker Bar & Grill,40.7319768,-73.9942396,restaurant,Manhattan
node/3506087029,Mamoun's Falafel,40.7302366,-74.0004281,restaurant,Manhattan
node/3507260979,Andrews NYC Diner,40.7516741,-73.9898634,restaurant,Manhattan
node/3507260980,fresh&co,40.7484876,-73.9922019,restaurant,Manhattan
node/3507260981,The Paul,40.7460969,-73.9891468,hotel,Manhattan
node/3526528960,Distinguished Wakamba Lounge,40.7543853,-73.9921719,bar,Manhattan
node/3569401894,Tony's,40.7643725,-73.9642919,restaurant,Manhattan
node/3573482094,Bar Pitti,40.7291334,-74.0021646,restaurant,Manhattan
node/3573482095,Birdland Jazz Club,40.7590063,-73.9896838,bar,Manhattan
node/3573482096,Z Best pizza,40.7633685,-73.9967152,restaurant,Manhattan
node/3573482099,Fanelli Cafe,40.7246074,-73.9987503,restaurant,Manhattan
node/3573482100,Galaxy Diner,40.7611474,-73.9909011,restaurant,Manhattan
node/3573482102,Hatsuhana,40.7568939,-73.9769041,restaurant,Manhattan
node/3573482103,Joe Allen,40.7601328,-73.9890604,restaurant,Manhattan
node/3573482105,The Brazen Tavern,40.7594293,-73.9912351,restaurant,Manhattan
node/3573482132,,40.729906,-74.001229,restaurant,Manhattan
node/3575097893,Talea Beer Co.,40.6870564,-73.9909226,bar,Manhattan
node/3575305297,Patrizia's,40.7108771,-73.9674321,restaurant,Manhattan
node/3576702127,Hotel Boutique,40.7537603,-73.97413,hotel,Manhattan
node/3576702128,Club Quarters Hotel,40.753146,-73.9744245,hotel,Manhattan
node/3577652948,Ippudo,40.7309292,-73.990263,restaurant,Manhattan
node/3577940193,Russian Samovar Restaurant and Piano Bar,40.7631875,-73.9847037,restaurant,Manhattan
node/3578036493,Little Rebel,40.7320364,-73.9854459,bar,Manhattan
node/3581026177,Favela Cubana,40.7284192,-73.9981377,restaurant,Manhattan
node/3581036299,Zinc,40.7297474,-73.9989338,bar,Manhattan
node/3581408493,Chateau Royale,40.728719,-73.999578,restaurant,Manhattan
node/3583482794,East Village Pizza,40.7281808,-73.9851024,restaurant,Manhattan
node/3583839637,Jadis Wine Bar,40.7209937,-73.9910102,restaurant,Manhattan
node/3584658394,Il Bastardo,40.7502928,-74.0048785,nightclub,Manhattan
node/3586089705,Bill's Bar & Burger,40.7593743,-73.9775501,restaurant,Manhattan
node/3588549121,Big Daddy's Diner,40.7379106,-73.987753,restaurant,Manhattan
node/3588566110,Grimaldi's Pizza,40.741183,-73.9937782,restaurant,Manhattan
node/3596708393,Joselito Bar,40.724159,-73.9759768,restaurant,Manhattan
node/3608032646,Balthazar,40.7226578,-73.9981644,restaurant,Manhattan
node/3608041636,Blue Ribbon,40.7261431,-74.0025063,restaurant,Manhattan
node/3608052274,Lil' Frankies,40.7235847,-73.9884552,restaurant,Manhattan
node/3608053295,The Dutch,40.7265551,-74.0021692,restaurant,Manhattan
node/3608616551,The Grey Dog,40.7229657,-73.99576,restaurant,Manhattan
node/3608674568,Slate,40.7412384,-73.9932261,bar,Manhattan
node/3611236718,Wan Wan,40.7217467,-73.9964556,restaurant,Manhattan
node/3612291899,Café Habana,40.7228449,-73.9942284,restaurant,Manhattan
node/3618193490,Arthur & Sons,40.7493521,-73.9767192,restaurant,Manhattan
node/3618193491,POD 39 Rooftop,40.7493147,-73.9765665,bar,Manhattan
node/3618200208,The Shakespeare,40.7505917,-73.9802461,pub,Manhattan
node/3618699797,Burger & Lobster,40.7400891,-73.993461,restaurant,Manhattan
node/3620488531,Lim’s Kitchen,40.7487201,-73.9738553,restaurant,Manhattan
node/3632857383,Bill's Bar & Burger,40.7402703,-74.0056248,restaurant,Manhattan
node/3634267071,7 Old Fulton,40.7029414,-73.9938932,restaurant,Manhattan
node/3637045573,Biergarten,40.7404607,-74.0079857,pub,Manhattan
node/3637093539,Stage Door Deli,40.7120307,-74.0097553,restaurant,Manhattan
node/3676764311,Kyuramen,40.7329227,-73.9867234,restaurant,Manhattan
node/3676858326,The Winslow,40.7326652,-73.9852955,pub,Manhattan
node/3676873362,Coyote Ugly Saloon,40.7328438,-73.9857034,bar,Manhattan
node/3676873363,Beauty Bar,40.732876,-73.9857799,bar,Manhattan
node/3676873366,Yaki Sushi,40.7329802,-73.9860274,restaurant,Manhattan
node/3676888125,Union Square Inn,40.7331057,-73.9863256,hotel,Manhattan
node/3676918484,For U,40.7341491,-73.9862974,restaurant,Manhattan
node/3676972134,Kati,40.7316957,-73.9829911,restaurant,Manhattan
node/3677010929,Nowhere,40.7318045,-73.9840953,bar,Manhattan
node/3683156293,Sunshine Hotel,40.7226408,-73.9929154,hotel,Manhattan
node/3716882407,Sotto 13,40.7372924,-73.9991162,restaurant,Manhattan
node/3731188495,Dead Letter No. 9,40.7159838,-73.9649064,bar,Manhattan
node/3738776597,The Cauldron,40.7043498,-74.0104603,restaurant,Manhattan
node/3771296548,Aloha Alley,40.7027939,-73.9908031,restaurant,Manhattan
node/3775439864,Leonetta,40.7445472,-73.9808994,restaurant,Manhattan
node/3782798136,Takahachi,40.7165871,-74.0079257,restaurant,Manhattan
node/3784197522,Harry's Italian,40.7075376,-74.0068533,restaurant,Manhattan
node/3784213874,Ryan Maguire’s,40.7081693,-74.0051431,pub,Manhattan
node/3785038150,Emmy Squared,40.771011,-73.9874576,restaurant,Manhattan
node/3785195846,Halal,40.7699473,-73.9881217,restaurant,Manhattan
node/3785197547,Red Cork,40.767821,-73.9836723,bar,Manhattan
node/3785201077,The Jin,40.7685706,-73.9887358,restaurant,Manhattan
node/3785207683,Beijing,40.7686619,-73.9886693,restaurant,Manhattan
node/3785231766,1 2 3 Burger Shot Beer,40.7648448,-73.9914632,bar,Manhattan
node/3793131884,Omakase 33,40.7454859,-73.9793446,restaurant,Manhattan
node/3793131887,Le Parisien,40.7454071,-73.9791565,restaurant,Manhattan
node/3793131889,Phoshime,40.7453806,-73.9790932,restaurant,Manhattan
node/3793135522,2nd Ave Deli,40.7451818,-73.9791899,restaurant,Manhattan
node/3799397613,Chelsa Inn Hotel,40.7386731,-73.9945722,hotel,Manhattan
node/3808846158,Pio Pio,40.7453465,-73.9776289,restaurant,Manhattan
node/3808846161,Nom Nam,40.7453284,-73.9775857,restaurant,Manhattan
node/3808846162,Mira,40.7454038,-73.9777651,restaurant,Manhattan
node/3814464675,Elite Food Bar,40.7531876,-73.9681205,restaurant,Manhattan
node/3819486904,Poco,40.722528,-73.9828993,restaurant,Manhattan
node/3819486905,Carnitas Ramirez,40.7224776,-73.982765,restaurant,Manhattan
node/3819501657,Maretta,40.7223864,-73.9830235,restaurant,Manhattan
node/3819787827,d.b.a.,40.7243345,-73.9880064,bar,Manhattan
node/3822448405,La Loteria,40.7307928,-74.004204,restaurant,Manhattan
node/3822461833,MacDougal Street Ale House,40.7299133,-74.0004358,pub,Manhattan
node/3822461834,Meskerem,40.7299814,-74.0003769,restaurant,Manhattan
node/3822484904,District Tap House,40.7540893,-73.9904351,bar,Manhattan
node/3822484905,Tikka Indian Grill,40.714407,-73.9607584,restaurant,Manhattan
node/3822494060,The Garret Coctelería,40.7196519,-73.9950239,bar,Manhattan
node/3822494061,Rattle n Hum,40.7473377,-73.984293,pub,Manhattan
node/3822494062,Miss Nellie's,40.7591136,-73.9899354,restaurant,Manhattan
node/3826810673,Anjappar,40.7425648,-73.9827028,restaurant,Manhattan
node/3826815957,Taste from Everest,40.7422289,-73.9829503,restaurant,Manhattan
node/3826815958,Bhatti,40.7421807,-73.9829817,restaurant,Manhattan
node/3826816004,Pappali,40.7423183,-73.9833132,restaurant,Manhattan
node/3826926964,California Pizza Kitchen,40.7445423,-73.9834869,restaurant,Manhattan
node/3829129593,Millennium Hilton One UN Plaza,40.7505535,-73.9694314,hotel,Manhattan
node/3831290762,Yoonkao Thai,40.7450461,-73.9759245,restaurant,Manhattan
node/3831291384,Baby Bo's Cantina,40.7450939,-73.9758895,restaurant,Manhattan
node/3831591517,Pio Pio,40.7605928,-73.9945435,restaurant,Manhattan
node/3832910158,Vatan,40.742351,-73.9803456,restaurant,Manhattan
node/3833084948,John's Coffee Shop,40.7511092,-73.9715209,restaurant,Manhattan
node/3833084950,The Casual Greek,40.7510584,-73.9715451,restaurant,Manhattan
node/3837607014,Luke's Lobster,40.7513492,-73.973221,restaurant,Manhattan
node/3839134719,EONS Greek Food for Life,40.7452392,-73.9757831,restaurant,Manhattan
node/3843919259,Vin Sur Vingt,40.7439497,-73.9887933,bar,Manhattan
node/3847053090,Lallisse,40.7439118,-73.9813418,restaurant,Manhattan
node/3847565724,Pershing Square,40.7519669,-73.9777869,restaurant,Manhattan
node/3854476657,Comodo,40.7395891,-73.9844966,restaurant,Manhattan
node/3863328959,Bagatelle,40.7397042,-74.0060257,restaurant,Manhattan
node/3863833957,Terra Blues,40.728362,-73.999283,bar,Manhattan
node/3863914558,Up and Up,40.72975,-74.000583,bar,Manhattan
node/3863997257,Saigon Shack,40.729691,-74.000637,restaurant,Manhattan
node/3864057558,The Red Lion,40.7284605,-73.9994965,bar,Manhattan
node/3864232857,Wicked Willy's,40.728375,-73.999318,bar,Manhattan
node/3869566324,Bodhi,40.716357,-73.9991738,restaurant,Manhattan
node/3876344857,The Townhouse Inn of Chelsea,40.7435189,-73.993848,hotel,Manhattan
node/3888194452,Baar Baar,40.7244268,-73.9915125,restaurant,Manhattan
node/3902065229,World Hotel,40.7174701,-73.9949761,hotel,Manhattan
node/3925051662,Corner bistro,40.7380383,-74.0037627,bar,Manhattan
node/3926398285,Variety Cafe,40.7073841,-74.012574,restaurant,Manhattan
node/3929098333,Flying Cock,40.7453362,-73.9781857,pub,Manhattan
node/3929098335,Blue Haven,40.7452161,-73.9782737,pub,Manhattan
node/3932353662,Eleven Madison Park,40.7415982,-73.9871904,restaurant,Manhattan
node/3932353663,Le Bernardin,40.7613945,-73.981691,restaurant,Manhattan
node/3932353664,Masa,40.7685324,-73.9827663,restaurant,Manhattan
node/3932353665,Per Se,40.7682549,-73.9828519,restaurant,Manhattan
node/3933254460,Mari Vanna,40.7387966,-73.9885656,restaurant,Manhattan
node/3938479924,Chloe,40.7292022,-74.001033,restaurant,Manhattan
node/3938512821,The Tillary Hotel,40.6966011,-73.9845337,hotel,Manhattan
node/3939671140,Aunt Bernie's,40.7459791,-73.9777094,restaurant,Manhattan
node/3946494775,Ted's Corner Tavern,40.7462215,-73.9775321,pub,Manhattan
node/3953222220,The Renwick Hotel,40.7501799,-73.9776212,hotel,Manhattan
node/3955492426,Jazz Standard,40.7422938,-73.983837,restaurant,Manhattan
node/3956967453,Candle,40.7418372,-73.9812232,restaurant,Manhattan
node/3957124181,The Crooked Knife,40.7420892,-73.9775979,pub,Manhattan
node/3959756841,Maysville,40.7441556,-73.9895824,restaurant,Manhattan
node/3959756843,Toshi's Penthouse,40.7440098,-73.9891964,bar,Manhattan
node/3960139719,Osteria Laguna,40.7506394,-73.9737151,restaurant,Manhattan
node/3960166158,Ben & Jack's Steakhouse,40.7448447,-73.9869413,restaurant,Manhattan
node/3960166159,Nomad Tea Parlour,40.7445855,-73.9875896,restaurant,Manhattan
node/3960166160,John Doe Bar & Kitchen,40.7447575,-73.987006,pub,Manhattan
node/3966939347,Milleseme,40.744603,-73.9854712,restaurant,Manhattan
node/3966939350,Hotel Seville NoMad,40.744645,-73.9855974,hotel,Manhattan
node/3968568294,40/40 Club,40.7429866,-73.9892747,nightclub,Manhattan
node/3970473673,Fresh & Co,40.7439569,-73.9833596,restaurant,Manhattan
node/3973268195,Chambers Hotel New York,40.7629278,-73.9753651,hotel,Manhattan
node/3974095815,BXL Cafe,40.7560857,-73.9846852,pub,Manhattan
node/3974095816,Jimmy's Corner,40.7567033,-73.9847548,pub,Manhattan
node/3976829275,Muna,40.7535732,-73.9734874,restaurant,Manhattan
node/3976829277,Curry and Tandoor,40.7536128,-73.9735973,restaurant,Manhattan
node/3976832398,Sparks Steak House,40.752923,-73.9719424,restaurant,Manhattan
node/3982236000,Jack Demsey's,40.7484275,-73.9868832,pub,Manhattan
node/3995212059,Sushiden,40.7575093,-73.9764528,restaurant,Manhattan
node/3995212060,Sushiden,40.7600927,-73.9825066,restaurant,Manhattan
node/4006284842,Miss Lily’s,40.7260148,-73.9837501,restaurant,Manhattan
node/4006308109,Gato,40.7255749,-73.9951521,restaurant,Manhattan
node/4009714818,The Grey Dog,40.7406022,-74.0006577,restaurant,Manhattan
node/4011618278,Gemini Diner,40.7454088,-73.975659,restaurant,Manhattan
node/4011732597,At nine Restaurant & Bar,40.7587421,-73.9921724,restaurant,Manhattan
node/4011732601,Pomodoro Italian Restaurant,40.7562731,-73.993975,restaurant,Manhattan
node/4011732603,Trattoria Casa Di Isacco,40.7568531,-73.9935485,restaurant,Manhattan
node/4030939257,Valhalla,40.765979,-73.9873999,bar,Manhattan
node/4035602815,The Half Pint,40.7295509,-73.9985745,pub,Manhattan
node/4043594359,Mighty Quinns Barbeque,40.7368066,-74.001398,restaurant,Manhattan
node/4044849082,Morandi,40.7353587,-74.0014906,restaurant,Manhattan
node/4045599201,The Waverly Inn,40.7369557,-74.002226,restaurant,Manhattan
node/4058593203,Cafe Cluny,40.7374393,-74.0039645,restaurant,Manhattan
node/4061847835,Wyndham Garden Manhattan Chelsea West,40.7432132,-73.9908672,hotel,Manhattan
node/4070145531,Blossom- Chelsea,40.7454821,-74.0022829,restaurant,Manhattan
node/4070145709,Patiala Indian Grill,40.753427,-73.9959744,restaurant,Manhattan
node/4077041413,Il Punto Ristorante,40.7560797,-73.9945667,restaurant,Manhattan
node/4085364218,Beyond Sushi,40.7633124,-73.9772025,restaurant,Manhattan
node/4088071261,Barcade,40.7443263,-73.9944542,bar,Manhattan
node/4092436131,Bocca di Bacco,40.7446167,-74.0029356,restaurant,Manhattan
node/4092436133,Sisters,40.6829726,-73.9650709,restaurant,Manhattan
node/4097224495,Bleecker Street Pizza,40.7321893,-74.0034001,restaurant,Manhattan
node/4113144390,KGB Bar,40.7265891,-73.9898025,bar,Manhattan
node/4113171309,The Sabieng Thai,40.7254779,-73.9870799,restaurant,Manhattan
node/4113171310,Risotteria Melotti,40.7266246,-73.9883365,restaurant,Manhattan
node/4114487389,Hong Kong Noodle Sariku Sushi,40.7443652,-73.9813808,restaurant,Manhattan
node/4121144991,Cookshop,40.7457199,-74.0054281,restaurant,Manhattan
node/4128896890,Bareburger,40.7671718,-73.9835181,restaurant,Manhattan
node/4140516089,Mint House,40.7063949,-74.0074419,hotel,Manhattan
node/4140525190,Aroy Dee Thai Kitchen,40.7097774,-74.0089148,restaurant,Manhattan
node/4140591018,The Modern - The Bar Room,40.7610807,-73.9770877,restaurant,Manhattan
node/4146280790,Attaboy,40.7188823,-73.9913742,bar,Manhattan
node/4146280791,Pulqueria,40.7144253,-73.9981968,restaurant,Manhattan
node/4146329489,Mulberry Project,40.719067,-73.9976412,bar,Manhattan
node/4146329589,Après-Ski Fondue Chalet at Café Select,40.7218093,-73.9979174,bar,Manhattan
node/4146329689,2nd Floor on Clinton,40.7194207,-73.985079,bar,Manhattan
node/4146329789,The Back Room,40.7187356,-73.9869338,bar,Manhattan
node/4146358991,Ferns,40.7288511,-73.9841239,restaurant,Manhattan
node/4146358992,Please Don't Tell,40.7271211,-73.983769,bar,Manhattan
node/4146369289,Blind Barber,40.7271537,-73.9801374,bar,Manhattan
node/4146369290,Death & Company,40.7259358,-73.9846566,bar,Manhattan
node/4146374199,Late Night Ramen at Takashi,40.7314115,-74.0064867,restaurant,Manhattan
node/4146374200,Streecha Ukrainian Kitchen,40.7284522,-73.9889619,restaurant,Manhattan
node/4146376405,Gaonnuri,40.7478213,-73.9878356,restaurant,Manhattan
node/4146399196,Employees Only,40.7334339,-74.0060767,bar,Manhattan
node/4149450808,ABA Turkish Restaurant,40.7674386,-73.9839741,restaurant,Manhattan
node/4149649615,Rosemary's,40.734788,-73.9998597,restaurant,Manhattan
node/4149654210,Tacombi,40.7239825,-73.9937554,restaurant,Manhattan
node/4151549326,Two Boots Pizza,40.7599556,-73.9917522,restaurant,Manhattan
node/4151701793,Sushi of Gari,40.7606902,-73.9895916,restaurant,Manhattan
node/4151719703,Mollyos,40.7592099,-73.9926165,restaurant,Manhattan
node/4151778390,Pure Thai Cookhouse,40.7642433,-73.9881105,restaurant,Manhattan
node/4151778391,Ippudo,40.763547,-73.9865301,restaurant,Manhattan
node/4156386812,Sociale,40.6832165,-73.9956564,restaurant,Manhattan
node/4159331192,Radegast German Beer Garden,40.7167708,-73.9615252,restaurant,Manhattan
node/4159335689,HiLot,40.7238715,-73.9788249,bar,Manhattan
node/4159335789,Miss Lily's (Soho),40.7279837,-74.001356,restaurant,Manhattan
node/4160710889,Lydia's,40.7234419,-73.98811,bar,Manhattan
node/4167956349,Take31,40.7462218,-73.9848538,restaurant,Manhattan
node/4167956350,Her Name is Han,40.7461934,-73.9847787,restaurant,Manhattan
node/4168085045,The Half King,40.7479898,-74.0044046,pub,Manhattan
node/4177039064,Spice Market,40.7404996,-74.006007,restaurant,Manhattan
node/4181417794,Peking Duck House,40.7146382,-73.9985571,restaurant,Manhattan
node/4181467991,Piccola Strada,40.7266286,-73.9902161,restaurant,Manhattan
node/4184497397,Brandy Library,40.7199472,-74.007213,bar,Manhattan
node/4184564889,Walker's,40.7197094,-74.0070516,restaurant,Manhattan
node/4188132390,Kung Fu Little Steamed Buns,40.7616147,-73.9868436,restaurant,Manhattan
node/4189750278,Kafana,40.7243534,-73.9784734,restaurant,Manhattan
node/4190039995,Urban Space,40.7537677,-73.9779905,restaurant,Manhattan
node/4193555491,Cho Dang Gol,40.7501714,-73.9863439,restaurant,Manhattan
node/4193990751,Bar Great Harry,40.6824125,-73.9935252,bar,Manhattan
node/4194049557,Brooklyn Social,40.6804846,-73.9945351,bar,Manhattan
node/4194101172,Tera Mera,40.6848028,-73.9948874,restaurant,Manhattan
node/4194106168,Karazishi Botan,40.6831205,-73.9927654,restaurant,Manhattan
node/4196029141,Lucali,40.6818319,-74.0003712,restaurant,Manhattan
node/4198113799,Cafe China,40.7515794,-73.9858142,restaurant,Manhattan
node/4203185653,Roey's,40.735985,-74.0009044,restaurant,Manhattan
node/4203545989,Creperie,40.7295942,-74.0006325,restaurant,Manhattan
node/4203603696,Olive Tree Cafe,40.7301084,-74.0005257,bar,Manhattan
node/4210170310,Mr. Taka Ramen,40.721278,-73.9890275,restaurant,Manhattan
node/4210173133,Momofuku Noodle Bar,40.7291861,-73.9843786,restaurant,Manhattan
node/4214275589,230 Fifth,40.7439412,-73.988134,bar,Manhattan
node/4216237581,BEA,40.7593617,-73.9924919,restaurant,Manhattan
node/4216669489,Village Vanguard,40.7360198,-74.0016392,nightclub,Manhattan
node/4216669490,Old Rabbit Club,40.7299594,-74.0003929,bar,Manhattan
node/4218407489,White Oak Tavern,40.7303749,-73.9946392,bar,Manhattan
node/4221091789,Westville East,40.7284125,-73.9820074,restaurant,Manhattan
node/4221481089,Benito One,40.7199982,-73.9969021,restaurant,Manhattan
node/4227592991,Rossopomodoro,40.7384326,-74.0020328,restaurant,Manhattan
node/4234840590,Spice Symphony,40.7447024,-73.9811337,restaurant,Manhattan
node/4236711150,Bella Napoli,40.7450974,-73.9947013,restaurant,Manhattan
node/4243416297,Sartiano’s,40.7248056,-73.998682,restaurant,Manhattan
node/4243439483,Haven Rooftop Bar,40.7583844,-73.9832932,bar,Manhattan
node/4243439484,Sanctuary Hotel,40.7584738,-73.9832127,hotel,Manhattan
node/4244823109,Sagaponack Bar & Grill,40.7410206,-73.9907082,restaurant,Manhattan
node/4250811240,Ningbo Cafe,40.7080812,-74.0182068,restaurant,Manhattan
node/4252963690,Royalton Park Avenue,40.7438908,-73.9838903,hotel,Manhattan
node/4254615310,Jane,40.7273302,-74.000275,restaurant,Manhattan
node/4257985392,Radio City Apartment,40.7600158,-73.9829482,hotel,Manhattan
node/4260987502,Blue Hill,40.7320396,-73.9995703,restaurant,Manhattan
node/4262776953,Franchia,40.7475456,-73.9813305,restaurant,Manhattan
node/4267352958,Gospël,40.7239595,-73.9960554,nightclub,Manhattan
node/4273997364,BaoDega,40.7401241,-73.9917722,restaurant,Manhattan
node/4278152903,Tampico,40.7203148,-73.9932662,restaurant,Manhattan
node/4278330892,Gallaghers Steakhouse,40.7628531,-73.9838317,restaurant,Manhattan
node/4278347392,Gigino at Wagner Park,40.7050077,-74.0181898,restaurant,Manhattan
node/4278854991,Sons of Essex,40.7202021,-73.9875286,restaurant,Manhattan
node/4282785789,Welcome to the Johnsons,40.7196706,-73.9873004,bar,Manhattan
node/4284531651,White Horse Tavern,40.7356943,-74.0061832,pub,Manhattan
node/4284788108,Le Botaniste,40.7650017,-73.9659528,restaurant,Manhattan
node/4284811306,Nom Wah Tea Parlor,40.7144593,-73.9981968,restaurant,Manhattan
node/4288405518,Tavern29,40.7442428,-73.9839881,pub,Manhattan
node/4293765088,ZLS BBQ,40.7385294,-73.9820254,restaurant,Manhattan
node/4300313491,Dirt Candy,40.7178785,-73.9907886,restaurant,Manhattan
node/4301475089,Bocca Di Bacco,40.766105,-73.9866537,restaurant,Manhattan
node/4303241989,Piora,40.730625,-74.0065313,restaurant,Manhattan
node/4305052000,Maya Mezcal,40.7271358,-73.9881641,bar,Manhattan
node/4305056427,The Garret,40.7323251,-74.0038428,bar,Manhattan
node/4305072305,Arthur's Tavern,40.7331992,-74.0034508,bar,Manhattan
node/4305816204,Westville Chelsea,40.7418162,-74.0000228,restaurant,Manhattan
node/4305816205,Rubirosa,40.7227225,-73.9961142,restaurant,Manhattan
node/4308132589,Berimbau do Brasil,40.7300608,-74.0036699,restaurant,Manhattan
node/4309345260,BIBA,40.7209596,-73.9615745,pub,Manhattan
node/4310271991,The Little Owl,40.7322791,-74.0052939,restaurant,Manhattan
node/4311338893,Pasta Eater,40.7635574,-73.9886665,restaurant,Manhattan
node/4311369891,Pomodoro Rosso,40.7763934,-73.9793251,restaurant,Manhattan
node/4311478190,Arias Hell's Kitchen,40.764055,-73.9880983,restaurant,Manhattan
node/4312727871,Summers,40.7116327,-73.961939,restaurant,Manhattan
node/4312755454,Bia,40.7119842,-73.9678497,restaurant,Manhattan
node/4316033908,The Inn at Irving Place,40.7360205,-73.9870276,hotel,Manhattan
node/4316345593,Brooklyn Diner,40.7565134,-73.9857687,restaurant,Manhattan
node/4316376191,Red Peony,40.7627204,-73.9759478,restaurant,Manhattan
node/4317133391,Caravan of Dreams,40.7263027,-73.9857058,restaurant,Manhattan
node/4317379401,Bunk Sandwiches,40.712665,-73.9607387,restaurant,Manhattan
node/4317379402,High Lúa,40.7125576,-73.960413,restaurant,Manhattan
node/4317415003,TBA Brooklyn,40.7111986,-73.9663773,nightclub,Manhattan
node/4317415004,Streets BK,40.7106951,-73.9660366,restaurant,Manhattan
node/4317608790,Fossetta,40.7224046,-73.9885699,restaurant,Manhattan
node/4317690789,terroir at the porch,40.7429238,-74.0075471,bar,Manhattan
node/4317887892,Cosmic Diner,40.7636131,-73.9849057,restaurant,Manhattan
node/4319001989,The Cock,40.7271491,-73.9889759,bar,Manhattan
node/4320266594,The Best Sichuan,40.7564484,-73.9777452,restaurant,Manhattan
node/4320917144,Residence Inn New York Manhattan/Central Park,40.7643419,-73.9826989,hotel,Manhattan
node/4322641192,Jekyll and Hyde Club,40.7327694,-74.0030897,restaurant,Manhattan
node/4324282097,Trinity Place Bar and Restaurant,40.7090297,-74.0114731,pub,Manhattan
node/4324553594,Lava Shawarma,40.7292267,-73.9988688,restaurant,Manhattan
node/4325385751,The Woods,40.7129071,-73.9663175,bar,Manhattan
node/4326134893,Wolfgang's Steakhouse,40.7211681,-74.0097607,restaurant,Manhattan
node/4329843790,Angelo Bellini,40.7571634,-73.9684577,restaurant,Manhattan
node/4336929647,Horses and Divorces,40.7140953,-73.961424,bar,Manhattan
node/4336929648,Quinoa Kitchen,40.7140015,-73.9614888,restaurant,Manhattan
node/4346190189,Hillstone,40.7580445,-73.9699967,restaurant,Manhattan
node/4350615592,Island Burger and Shakes,40.7643365,-73.9880327,restaurant,Manhattan
node/4352204390,Serendipity 3,40.7618022,-73.9649381,restaurant,Manhattan
node/4353160594,Serendipity 3,40.7600052,-73.9665174,restaurant,Manhattan
node/4355476801,Beetle House NYC,40.72708,-73.9880314,restaurant,Manhattan
node/4357574290,Giorgio's of Gramercy,40.7396065,-73.9886459,restaurant,Manhattan
node/4365154093,Planta,40.7444076,-73.9883231,restaurant,Manhattan
node/4375696312,Trattoria Pesce Pasta,40.7311855,-74.0031019,restaurant,Manhattan
node/4385240481,The View Restaurant & Lounge,40.758744,-73.986415,restaurant,Manhattan
node/4387094640,Stout NYC - FiDi,40.7081144,-74.0065237,pub,Manhattan
node/4392870291,Da Marcella,40.7277469,-74.0020266,restaurant,Manhattan
node/4395618692,Eagle Bar,40.7517058,-74.0042924,bar,Manhattan
node/4396459593,Jazba,40.7316574,-73.9856935,restaurant,Manhattan
node/4396465094,Momofuku Nishi,40.7443392,-73.9987769,restaurant,Manhattan
node/4402057816,TGI Fridays,40.7065633,-74.0129228,restaurant,Manhattan
node/4402339491,Chelsea Savoy Hotel,40.7440882,-73.9960078,hotel,Manhattan
node/4406319594,Black Tap,40.7238705,-74.004215,restaurant,Manhattan
node/4412150567,Porteño,40.7504599,-74.0024185,restaurant,Manhattan
node/4416202291,Joe Junior,40.734635,-73.9859521,restaurant,Manhattan
node/4416209989,Rooftop Bar,40.6914766,-73.9845457,bar,Manhattan
node/4416981290,,40.7064129,-74.0088962,hotel,Manhattan
node/4420510490,Toribro Ramen,40.7644404,-73.9875805,restaurant,Manhattan
node/4422266667,Lincoln Ristorante,40.7733333,-73.983552,restaurant,Manhattan
node/4423853595,Rooftop Bar,40.7563569,-73.9749477,bar,Manhattan
node/4423853596,Rooftop Bar,40.7392821,-73.9872624,bar,Manhattan
node/4423853691,Covina,40.7423513,-73.9833892,restaurant,Manhattan
node/4423874390,Gallow Green Rooftop Bar,40.7507722,-74.0040792,bar,Manhattan
node/4423974194,Pizza Fresca,40.7389487,-73.9889529,restaurant,Manhattan
node/4426744326,bb.q Chicken,40.7415576,-73.9809256,restaurant,Manhattan
node/4426826294,Blue Ribbon Brassiere,40.725453,-74.0030128,restaurant,Manhattan
node/4426826906,Follia,40.7350082,-73.9857014,restaurant,Manhattan
node/4426898490,Eleni's Divine Greek Cuisine,40.7365634,-73.9850368,restaurant,Manhattan
node/4427616693,P.F. Chang's,40.7343278,-73.9921829,restaurant,Manhattan
node/4429201691,Minetta Tavern Restaurant,40.7299655,-74.0006297,restaurant,Manhattan
node/4431347690,Arturo's Coal Oven Pizza,40.7273991,-74.0003974,restaurant,Manhattan
node/4433464491,caffe wha,40.730082,-74.0007434,bar,Manhattan
node/4434875689,Ameritania at Times Square,40.7640637,-73.9828113,hotel,Manhattan
node/4435477389,Industry,40.7643224,-73.9873646,bar,Manhattan
node/4443479889,Ted's Montana Grill,40.7607731,-73.9808203,restaurant,Manhattan
node/4447034701,Virgil's Real BBQ,40.7568784,-73.9853179,restaurant,Manhattan
node/4454392489,Gyu-Kaku,40.7590854,-73.9898663,restaurant,Manhattan
node/4455392287,Carragher's,40.7545392,-73.9896037,pub,Manhattan
node/4455580390,Gyu-Kaku,40.7282161,-73.991431,restaurant,Manhattan
node/4455834692,Kogane Ramen,40.6985924,-73.9926277,restaurant,Manhattan
node/4457730480,Rivington Pizza,40.7190395,-73.9846805,restaurant,Manhattan
node/4460449816,49 Crosby,40.7221806,-73.9982475,hotel,Manhattan
node/4461697890,L & W Oyster Company,40.7450031,-73.9873381,restaurant,Manhattan
node/4461699892,ilili,40.7443707,-73.98779,restaurant,Manhattan
node/4462798731,Soho Room,40.7253962,-74.0034071,pub,Manhattan
node/4464270289,Jadis,40.7204555,-73.9893332,bar,Manhattan
node/4466534299,Chinese Club,40.7139736,-73.9603029,restaurant,Manhattan
node/4466536113,House of Small Wonder,40.7189283,-73.960798,restaurant,Manhattan
node/4466937585,Shotse,40.7330843,-74.0055808,restaurant,Manhattan
node/4468394389,La Sirène,40.7244709,-74.0057117,restaurant,Manhattan
node/4469982794,Fresh Salt,40.7070752,-74.0024625,restaurant,Manhattan
node/4470005992,ACQUA,40.7082305,-74.0016978,restaurant,Manhattan
node/4470023090,The Red Cat,40.7480925,-74.0041031,restaurant,Manhattan
node/4470023190,Boqueria Soho,40.7248202,-74.0022169,restaurant,Manhattan
node/4470023992,The Fulton,40.7053484,-74.0010549,restaurant,Manhattan
node/4470023993,New Hua Xia Seafood Restaurant,40.7139703,-73.9968991,restaurant,Manhattan
node/4470028190,La Bonne Soupe,40.7624058,-73.9769664,restaurant,Manhattan
node/4470028590,Great NY Noodletown,40.7149725,-73.9970927,restaurant,Manhattan
node/4470030889,Café Fiorello,40.7717565,-73.9818595,restaurant,Manhattan
node/4470157291,Coopers Craft & Kitchen,40.7269503,-73.9890887,pub,Manhattan
node/4475036592,Mr Purple,40.7218111,-73.9882321,bar,Manhattan
node/4475172517,Corkbuzz,40.7350302,-73.993152,restaurant,Manhattan
node/4475198381,Cafe Spaghetti,40.6841115,-74.0024074,restaurant,Manhattan
node/4479637590,Utopia Diner,40.7788149,-73.981253,restaurant,Manhattan
node/4480292845,Maui Onion,40.7444333,-73.9902995,restaurant,Manhattan
node/4483787091,Smalls Jazz Club,40.7343811,-74.0027295,nightclub,Manhattan
node/4492683386,The Storehouse,40.7428233,-73.9921754,bar,Manhattan
node/4492691093,Ariari,40.7272468,-73.98579,restaurant,Manhattan
node/4496779320,JG Sohotel,40.7187802,-74.0004094,hotel,Manhattan
node/4502573289,IchiUmi,40.7467647,-73.9848226,restaurant,Manhattan
node/4503167568,Woorijip,40.7474399,-73.9864528,restaurant,Manhattan
node/4503912490,Carnegie Diner & Cafe,40.7579319,-73.9821357,restaurant,Manhattan
node/4504872489,Kisa,40.722836,-73.9889877,restaurant,Manhattan
node/4506648692,Peasant,40.721733,-73.9944139,restaurant,Manhattan
node/4507025555,Bryant Park Grill,40.7532049,-73.9829323,restaurant,Manhattan
node/4509430011,INDAY,40.7438616,-73.9894745,restaurant,Manhattan
node/4509434073,La Pecora Bianca,40.7437112,-73.9892129,restaurant,Manhattan
node/4509843308,American Table Cafe,40.773601,-73.9825772,restaurant,Manhattan
node/4513926394,Sinigual,40.7503349,-73.9750642,restaurant,Manhattan
node/4526583885,Miriam,40.6801621,-73.9777509,restaurant,Manhattan
node/4527086687,Don Angie,40.7378039,-74.0019928,restaurant,Manhattan
node/4549080336,Nall's Irish Pub & Restaurant,40.756641,-73.9691064,pub,Manhattan
node/4550150891,,40.7200282,-73.987818,bar,Manhattan
node/4551144664,Hudson Malone,40.7572639,-73.9686379,restaurant,Manhattan
node/4551150920,Cherry Tavern,40.7257543,-73.9843812,bar,Manhattan
node/4551157295,Cafe Mogador,40.7273469,-73.984402,restaurant,Manhattan
node/4552992889,The Smith,40.7442427,-73.9887217,restaurant,Manhattan
node/4555818591,Satsko,40.7245384,-73.9802202,restaurant,Manhattan
node/4555837496,Blue-Park Kitchen,40.7516202,-73.974679,restaurant,Manhattan
node/4557494991,Olio e Più,40.732773,-73.9877871,restaurant,Manhattan
node/4557537890,Soothr,40.7323273,-73.9873238,restaurant,Manhattan
node/4557584378,La Dong,40.7376427,-73.9912505,restaurant,Manhattan
node/4557948221,Nolita Pizza,40.7209123,-73.9961959,restaurant,Manhattan
node/4559289816,CAVA,40.6924317,-73.9885461,restaurant,Manhattan
node/4561048492,CAVA,40.7522516,-73.9736217,restaurant,Manhattan
node/4561126589,David Burke Kitchen,40.7227812,-74.0048748,restaurant,Manhattan
node/4562952595,Betony,40.7641941,-73.9764545,restaurant,Manhattan
node/4564264140,Cafe Plus,40.6889134,-73.9833505,restaurant,Manhattan
node/4585519689,Menkui Teu,40.7632437,-73.9771564,restaurant,Manhattan
node/4587458727,Wagamama,40.743289,-73.9885756,restaurant,Manhattan
node/4587467371,Confidant,40.6908167,-73.9958384,restaurant,Manhattan
node/4589167406,Dizen Goff,40.7421092,-74.005517,restaurant,Manhattan
node/4589454992,The National,40.7565537,-73.9721358,restaurant,Manhattan
node/4589608994,Fiat Café,40.7214382,-73.995646,restaurant,Manhattan
node/4591231254,Mulberry & Vine,40.7452909,-73.9903934,restaurant,Manhattan
node/4593242838,Baita by Birreria,40.7419337,-73.9898018,restaurant,Manhattan
node/4604252268,Momoya,40.7426475,-73.9964607,restaurant,Manhattan
node/4616328313,Socarrat Paella Bar,40.7426481,-73.9995427,restaurant,Manhattan
node/4617801350,The Cabin,40.7239695,-73.9838019,restaurant,Manhattan
node/4629708840,Up & Down,40.7393278,-74.0018755,bar,Manhattan
node/4629748728,La Nacional,40.7393804,-74.0012272,restaurant,Manhattan
node/4629755383,Pierre Loti,40.7401651,-74.0015899,bar,Manhattan
node/4637936849,Pierre Loti,40.7360901,-73.9874452,restaurant,Manhattan
node/4638395922,Junoon,40.7431207,-73.9909146,restaurant,Manhattan
node/4651010148,Taboonette,40.734646,-73.9927932,restaurant,Manhattan
node/4652798789,Lubian Chinese Grilled Fish,40.7606163,-73.9908082,restaurant,Manhattan
node/4654873356,Soho Grand Hotel,40.7220039,-74.0043561,hotel,Manhattan
node/4678630782,Wilfie & Nell,40.734068,-74.0030242,pub,Manhattan
node/4680472389,Smithfield Hall,40.7447503,-73.993589,bar,Manhattan
node/4681739598,Old Town Bar,40.7375383,-73.9892094,bar,Manhattan
node/4686173789,Mozzarella & Vino,40.7619597,-73.9772624,restaurant,Manhattan
node/4687113395,Carve: Unique Sandwich,40.7602363,-73.9873789,restaurant,Manhattan
node/4687199589,Adyar Ananda Bhavan,40.7497376,-73.9774652,restaurant,Manhattan
node/4708888896,Fresh From Hell,40.7607941,-73.9886943,restaurant,Manhattan
node/4708892892,Dianne & Elisabeth,40.7615967,-73.9938286,bar,Manhattan
node/4708892894,Natsumi,40.7617708,-73.9850779,restaurant,Manhattan
node/4709047192,Antalia,40.7559182,-73.9804278,restaurant,Manhattan
node/4711117992,Yuca Bar & Restaurant,40.7262151,-73.9835939,restaurant,Manhattan
node/4711118291,Empellón Al pastor,40.7266479,-73.9832781,bar,Manhattan
node/4714002691,Egg Shop,40.7204398,-73.9951556,restaurant,Manhattan
node/4714345894,Hana Michi,40.7476739,-73.986996,restaurant,Manhattan
node/4716523571,Sahara East,40.7294592,-73.9837203,restaurant,Manhattan
node/4720357294,Friedman`s,40.7552614,-73.9984356,restaurant,Manhattan
node/4725247810,Demo,40.7300299,-74.0030254,restaurant,Manhattan
node/4725248791,Jack's Wife Freda,40.7298568,-74.0035384,restaurant,Manhattan
node/4725248792,P.S. Burgers,40.7301922,-74.0033333,restaurant,Manhattan
node/4725251649,Numero 28 Pizzeria,40.7301093,-74.0027854,restaurant,Manhattan
node/4738808807,Pommes Frites,40.7300993,-74.0002841,restaurant,Manhattan
node/4739202153,Locande Verde,40.7199242,-74.0099897,restaurant,Manhattan
node/4739221813,Locande,40.7204523,-74.0087431,restaurant,Manhattan
node/4745476137,Loreley Beer Garden,40.7213361,-73.9928125,restaurant,Manhattan
node/4745482625,Spicy Moon,40.7234427,-73.992596,restaurant,Manhattan
node/4751507921,lupe's East L.A. Kitchen,40.723681,-74.0045295,restaurant,Manhattan
node/4755575514,Tender,40.7584335,-73.9831005,restaurant,Manhattan
node/4755575516,Roxy Diner & Delicatessen,40.7633892,-73.9818081,restaurant,Manhattan
node/4757137103,Roxy Diner,40.7583293,-73.9886792,restaurant,Manhattan
node/4762006023,Clinton Hall,40.7080962,-74.0146254,bar,Manhattan
node/4764733059,Ivan Ramen,40.7205419,-73.9844418,restaurant,Manhattan
node/4764733065,Ariel's Latin Bistro,40.7213435,-73.9840279,restaurant,Manhattan
node/4764733068,Uncle Sam's Pizza,40.7208152,-73.9843043,restaurant,Manhattan
node/4764733069,Brick,40.7207405,-73.9843387,bar,Manhattan
node/4764733072,Donnybrook,40.72019,-73.984615,bar,Manhattan
node/4768971123,Marylou,40.7284935,-73.9871165,restaurant,Manhattan
node/4771852121,Verlaine,40.7200177,-73.9878219,bar,Manhattan
node/4771881059,One More Thai,40.7210877,-73.9839283,restaurant,Manhattan
node/4773391724,Stanton Social,40.7212197,-73.9880769,restaurant,Manhattan
node/4775546656,Hometown Hotpot & BBQ,40.7193074,-73.9968855,restaurant,Manhattan
node/4775571737,Hou Yi Hot Pot,40.7162008,-73.9925703,restaurant,Manhattan
node/4775572230,Taiwan Pork Chop House,40.7142816,-73.9979466,restaurant,Manhattan
node/4776954938,Serafina Fabulous Pizza,40.7761311,-73.9624593,restaurant,Manhattan
node/4787145125,,40.7332046,-74.0033643,pub,Manhattan
node/4792129913,88 palace,40.7139447,-73.9942578,restaurant,Manhattan
node/4792165598,,40.7139194,-73.9935677,restaurant,Manhattan
node/4794092321,Ruth's Chris Steak House,40.7613487,-73.9822791,restaurant,Manhattan
node/4799733303,Pebble Bar,40.7592111,-73.9804982,restaurant,Manhattan
node/4802844049,Luzzo's La Pizza Napoletana,40.706735,-74.0096934,restaurant,Manhattan
node/4810807413,Fragole Ristorante,40.6808485,-73.9968035,restaurant,Manhattan
node/4811903022,Los Tacos NYC,40.7265987,-73.9843126,restaurant,Manhattan
node/4815675028,Johny's Luncheonette,40.7445513,-73.9929939,restaurant,Manhattan
node/4816775623,Sobaya,40.7295926,-73.9879292,restaurant,Manhattan
node/4822836522,Bemelmans Bar,40.7742561,-73.962989,bar,Manhattan
node/4828711722,55 bar,40.7337752,-74.0022582,bar,Manhattan
node/4832284232,Corkbuzz Wine Bar and Restaurant,40.7422803,-74.0056577,bar,Manhattan
node/4840395322,Deep Indian Kitchen,40.7657503,-73.9833487,restaurant,Manhattan
node/4840395323,Larry Flynt's Hustler Club,40.7674015,-73.9959382,nightclub,Manhattan
node/4842467840,Roast Kitchen,40.7536984,-73.9921149,restaurant,Manhattan
node/4843833624,As is NYC,40.7646909,-73.9915481,bar,Manhattan
node/4843851221,The Waylon,40.7647616,-73.9915059,restaurant,Manhattan
node/4843854724,The Dead Rabbit,40.7032493,-74.0110052,pub,Manhattan
node/4844071325,Full Shilling,40.7057985,-74.0075564,pub,Manhattan
node/4844210421,Mark's Off Madison,40.7424702,-73.9862953,restaurant,Manhattan
node/4845866423,Nelson Blue,40.7075857,-74.0018061,restaurant,Manhattan
node/4845866424,Barbalu,40.7074502,-74.0020779,restaurant,Manhattan
node/4845866426,Dorlan's Tavern & Oyster Bar,40.707271,-74.0023954,restaurant,Manhattan
node/4846131422,Dill & Parsley,40.7064877,-74.0067196,restaurant,Manhattan
node/4846659021,The Scratcher,40.7275668,-73.9905608,pub,Manhattan
node/4847529522,Nelly Spillanes,40.7472167,-73.9841182,pub,Manhattan
node/4848257929,Rebelle,40.7219422,-73.9936778,restaurant,Manhattan
node/4848257931,The Ripple Room,40.7204602,-73.9937507,bar,Manhattan
node/4848257932,Distilled,40.7188968,-74.0063291,restaurant,Manhattan
node/4848257934,Sunday in Brooklyn,40.7141954,-73.9653382,restaurant,Manhattan
node/4848257937,Shelter,40.7195708,-73.9607486,restaurant,Manhattan
node/4848258121,Four Four South Village,40.7606384,-73.9903951,restaurant,Manhattan
node/4848258123,12 Chairs Cafe,40.7144619,-73.9652269,restaurant,Manhattan
node/4848258522,310 Bowery Bar,40.7249654,-73.9925829,bar,Manhattan
node/4848258525,Terra,40.719227,-74.0065567,restaurant,Manhattan
node/4849652021,Le Gratin,40.7112644,-74.0066645,restaurant,Manhattan
node/4849663224,Momoya,40.7234888,-73.9957917,restaurant,Manhattan
node/4850205425,Osteria del Porto,40.7073416,-74.0027202,restaurant,Manhattan
node/4850227822,SUteiShi,40.707782,-74.0018443,restaurant,Manhattan
node/4850227823,Jeremy's Ale House,40.7076703,-74.0020534,bar,Manhattan
node/4850227824,The Hideaway Seaport,40.7080782,-74.0020772,restaurant,Manhattan
node/4850229121,Il Brigante,40.7073831,-74.002626,restaurant,Manhattan
node/4850904721,Citizens of Chelsea,40.7479759,-74.0005778,restaurant,Manhattan
node/4851501923,Joe's Ginger,40.7148384,-73.998357,restaurant,Manhattan
node/4851671822,Fools Gold,40.723084,-73.9897897,bar,Manhattan
node/4860141023,Sauce & Barrel,40.7080225,-74.0143548,restaurant,Manhattan
node/4860141724,No. 1,40.7046891,-74.0105964,restaurant,Manhattan
node/4864396484,Chuko,40.6807894,-73.9675362,restaurant,Manhattan
node/4867303121,Hooters,40.7502806,-73.9904398,restaurant,Manhattan
node/4871640124,Bacchus,40.6869246,-73.9843598,restaurant,Manhattan
node/4872523321,Famous Calabria Pizza,40.7119244,-73.9993673,restaurant,Manhattan
node/4872742422,Pranzo Pizza & Pasta,40.7035882,-74.0100394,restaurant,Manhattan
node/4872760421,Matryoshka,40.7090684,-74.0057404,restaurant,Manhattan
node/4875112182,Karaoke City,40.7474989,-73.9869456,bar,Manhattan
node/4875134692,Cloud Social,40.7472064,-73.986396,bar,Manhattan
node/4880872875,Limón Jungle,40.7430465,-73.9961727,restaurant,Manhattan
node/4881021657,Swine,40.7342421,-74.0064282,restaurant,Manhattan
node/4881982922,Sottocasa,40.6883616,-73.9889497,restaurant,Manhattan
node/4881982923,French Louie,40.6880591,-73.9881726,restaurant,Manhattan
node/4909127621,Leon Bakery,40.7621257,-73.9901556,restaurant,Manhattan
node/4909127623,Abace Sushi,40.7621602,-73.9901271,restaurant,Manhattan
node/4909127625,Casa Agave,40.762045,-73.9902183,restaurant,Manhattan
node/4909127626,Mezze Bar,40.7620084,-73.9902397,pub,Manhattan
node/4909127627,Sombrero,40.761217,-73.987191,restaurant,Manhattan
node/4909655522,Dominique Ansel Kitchen,40.7347972,-74.0018919,restaurant,Manhattan
node/4913377711,KungFu Kitchen,40.7555903,-73.9907507,restaurant,Manhattan
node/4915258223,Westville,40.7048909,-74.0066253,restaurant,Manhattan
node/4915258227,Golden Wuish,40.7074441,-74.0066143,restaurant,Manhattan
node/4922165421,Brooklyn Brewhouse,40.6912596,-73.9842362,pub,Manhattan
node/4924671521,Barano,40.7105754,-73.9679413,restaurant,Manhattan
node/4925422622,Mark Joseph Steakhouse,40.7084019,-74.0014771,restaurant,Manhattan
node/4927169621,Sophie's Cuban Cuisine,40.7089459,-74.0054867,restaurant,Manhattan
node/4930944423,Parm Battery Park City,40.7144941,-74.016133,restaurant,Manhattan
node/4937245524,T.J. Byrnes,40.7090349,-74.0046918,restaurant,Manhattan
node/4937245525,Squires Diner,40.7088587,-74.0040288,restaurant,Manhattan
node/4937329121,Prince Street Pizza,40.7229906,-73.9945851,restaurant,Manhattan
node/4938688122,House of Joy,40.7149659,-73.9984077,restaurant,Manhattan
node/4940954521,Hops Hill,40.683091,-73.9656353,bar,Manhattan
node/4945939321,The Jeffrey,40.7609957,-73.9630765,pub,Manhattan
node/4947115422,Spaghetti Incident,40.7223365,-73.9899431,restaurant,Manhattan
node/4947130221,Rice to Riches,40.7219052,-73.9958088,restaurant,Manhattan
node/4947135921,Masala Times,40.7292524,-74.0016278,restaurant,Manhattan
node/4947717722,Meama,40.7263816,-73.9890411,restaurant,Manhattan
node/4947717723,Sushi Oku,40.7153647,-73.9915333,restaurant,Manhattan
node/4947722221,Gramercy Tavern,40.7383894,-73.988414,restaurant,Manhattan
node/4947749921,Perry St,40.7344402,-74.0098339,restaurant,Manhattan
node/4947754523,Kingston Hall,40.7295009,-73.9872677,bar,Manhattan
node/4947760421,Szechuan Gourmet,40.7523558,-73.9835488,restaurant,Manhattan
node/4947761822,Kang Ho Dong Baekjeong,40.7470756,-73.9850776,restaurant,Manhattan
node/4947762721,Kaijitsu,40.7498696,-73.9777147,restaurant,Manhattan
node/4947767421,L'Appart,40.7122659,-74.0153279,restaurant,Manhattan
node/4951740122,Boat,40.685806,-73.9909431,bar,Manhattan
node/4953706821,Altro Paradiso,40.7254542,-74.0047415,restaurant,Manhattan
node/4956041078,Sakagura,40.7512804,-73.9731904,bar,Manhattan
node/4957663866,Loopy Doopy Rooftop Bar,40.7149555,-74.0153365,bar,Manhattan
node/4959943421,TAO Downtown Nightclub,40.7422628,-74.0041092,nightclub,Manhattan
node/4961172027,Springbone,40.7142138,-73.9613419,restaurant,Manhattan
node/4969397721,Mughlai Indian Cuisine,40.721049,-73.9839492,restaurant,Manhattan
node/4971985122,Tribeca's Kitchen,40.7161674,-74.0071773,restaurant,Manhattan
node/4972315823,George's New York,40.7078644,-74.0134822,restaurant,Manhattan
node/4972322721,Wogies,40.7075864,-74.0134624,restaurant,Manhattan
node/4976266820,Match 65,40.7672415,-73.9681374,restaurant,Manhattan
node/4977281127,Spunto Thin Crust Pizza,40.7297927,-74.0046364,restaurant,Manhattan
node/4977281128,Village Tavern,40.7305538,-74.0042275,bar,Manhattan
node/4978024823,L' Amore,40.7200616,-73.9972674,restaurant,Manhattan
node/4995849478,Trump Bar,40.7623579,-73.9739804,bar,Manhattan
node/4995849479,Trump Grill,40.7623774,-73.9739888,restaurant,Manhattan
node/5005918101,Maialino,40.7384152,-73.9857609,restaurant,Manhattan
node/5007572821,Bricola,40.7638883,-73.9882214,restaurant,Manhattan
node/5009311521,Hellcat Annie's taproom,40.7617087,-73.9941785,bar,Manhattan
node/5015212723,Pepe Rosso,40.7279209,-74.0013375,restaurant,Manhattan
node/5017262721,Bar Italia,40.7678887,-73.968481,restaurant,Manhattan
node/5017262722,Nello,40.7657768,-73.9700287,restaurant,Manhattan
node/5017835623,Nur,40.7386202,-73.9887321,restaurant,Manhattan
node/5019124322,,40.7287239,-74.0000031,restaurant,Manhattan
node/5019124421,The Sea Grill,40.7584571,-73.9782662,restaurant,Manhattan
node/5023063821,Ignazio's,40.7032229,-73.9938516,restaurant,Manhattan
node/5026582327,Becco,40.7605173,-73.9900277,restaurant,Manhattan
node/5026600021,Lattanzi,40.7605821,-73.9901543,restaurant,Manhattan
node/5032403221,John's Pizza,40.7590021,-73.9882743,restaurant,Manhattan
node/5037321599,Four Seasons Private Residences New York Downtown;Four Seasons Hotel New York Downtown,40.7127546,-74.0092107,hotel,Manhattan
node/5041286121,Kikoo,40.7280522,-73.9851965,restaurant,Manhattan
node/5043356681,Hilton,40.6895445,-73.9879612,hotel,Manhattan
node/5057079090,Rudy's Bar & Grill,40.759988,-73.9917263,bar,Manhattan
node/5060721321,Carroll Place,40.7286314,-73.9997681,restaurant,Manhattan
node/5061206121,Da Marino,40.7609089,-73.985336,restaurant,Manhattan
node/5065021422,Otway,40.6827012,-73.963804,restaurant,Manhattan
node/5075011630,Nomad,40.7448905,-73.9885998,restaurant,Manhattan
node/5079331940,Friend of a Farmer,40.7368477,-73.9868637,restaurant,Manhattan
node/5087638556,Art Bar,40.7384967,-74.0035172,bar,Manhattan
node/5087641962,the Chelsea Bell,40.7468774,-73.9970849,bar,Manhattan
node/5087643578,Houndstooth Pub,40.7538643,-73.9919513,bar,Manhattan
node/5090749091,Barbaresco,40.765439,-73.9656562,restaurant,Manhattan
node/5090752521,Lilli and Loo,40.7635568,-73.9670208,restaurant,Manhattan
node/5090753899,Jumieka Grand,40.7499785,-73.9772998,restaurant,Manhattan
node/5097810483,Hearth,40.7299792,-73.9832142,restaurant,Manhattan
node/5097819389,John's of 12th Street,40.7307115,-73.9854886,restaurant,Manhattan
node/5098756521,Nolitan Hotel,40.7206143,-73.995317,hotel,Manhattan
node/5099589357,Mint Masala,40.7294683,-74.001062,restaurant,Manhattan
node/5101299223,Sale & Pepe,40.7070263,-74.0132592,restaurant,Manhattan
node/5103598321,Circa Brewing Co.,40.6916784,-73.9861446,bar,Manhattan
node/5108281325,Patacón Pisao,40.7203526,-73.9874524,restaurant,Manhattan
node/5122652629,New York EDITION,40.7412798,-73.9873848,hotel,Manhattan
node/5123314121,Mile End Deli,40.7257657,-73.9926595,restaurant,Manhattan
node/5124295521,U Hotel Fifth Avenue,40.7491347,-73.9838247,hotel,Manhattan
node/5126143714,Reserve Cut,40.7608201,-73.9706096,restaurant,Manhattan
node/5135848733,The Capital Grille,40.7078716,-74.0102438,restaurant,Manhattan
node/5137895930,Thonglor,40.7651552,-73.9879518,restaurant,Manhattan
node/5142544476,Calle Dao,40.7522319,-73.9841646,restaurant,Manhattan
node/5143907528,Norma,40.7435141,-73.979963,restaurant,Manhattan
node/5150908021,The Cantor Roof Garden Bar,40.7787822,-73.9645659,bar,Manhattan
node/5152316163,,40.7230602,-73.9973087,restaurant,Manhattan
node/5154037340,KUNI sushi,40.7317814,-74.003445,restaurant,Manhattan
node/5163985623,Serafina,40.715813,-74.0087939,restaurant,Manhattan
node/5163985624,The Odeon,40.716972,-74.0078817,restaurant,Manhattan
node/5164012821,Tataki,40.7206703,-74.0048609,restaurant,Manhattan
node/5172045822,Guy’s American Kitchen & Bar,40.7575599,-73.9868366,restaurant,Manhattan
node/5172092122,Neary’s,40.7583472,-73.963455,restaurant,Manhattan
node/5175559548,Antique Garage,40.7214704,-74.0013728,restaurant,Manhattan
node/5176756822,Lily’s,40.7121461,-73.9979687,restaurant,Manhattan
node/5178500822,Nassau Bar,40.7108198,-74.0069468,bar,Manhattan
node/5181119423,Cosme,40.7395503,-73.9883884,restaurant,Manhattan
node/5181120222,Dutch Freds,40.760714,-73.9879098,bar,Manhattan
node/5189146499,Sushi teria,40.7483977,-73.9855536,restaurant,Manhattan
node/5190742036,Turntable Chicken Jazz,40.7482195,-73.9864149,restaurant,Manhattan
node/5192896322,Bateaux New York,40.7470019,-74.0084506,restaurant,Manhattan
node/5193274490,Casino,40.7139367,-73.9896705,restaurant,Manhattan
node/5193359231,Spicy Village,40.7170069,-73.993396,restaurant,Manhattan
node/5193382596,Hanoi House,40.7269632,-73.9835719,restaurant,Manhattan
node/5193469080,Le Coucou,40.7190849,-74.0001395,restaurant,Manhattan
node/5193508103,Lure Fishbar,40.7246694,-73.9983531,restaurant,Manhattan
node/5193554969,I Sodi,40.7334026,-74.0048765,restaurant,Manhattan
node/5193578002,Shuko,40.7334964,-73.9915121,restaurant,Manhattan
node/5193872436,The Breslin,40.7459976,-73.9881746,restaurant,Manhattan
node/5195050821,New Moon,40.7425277,-73.9777593,restaurant,Manhattan
node/5201884744,Bar Ferdinando,40.6841787,-74.0018591,restaurant,Manhattan
node/5206183427,Dino,40.6894,-73.9704766,restaurant,Manhattan
node/5206200749,Tepango,40.6938084,-73.9618112,restaurant,Manhattan
node/5209387822,ABC Beer Co.,40.7237025,-73.9789483,bar,Manhattan
node/5209387823,Ten Bells,40.7179116,-73.9898326,bar,Manhattan
node/5209395821,Craft,40.7381171,-73.9886874,restaurant,Manhattan
node/5209395822,Ayah Restaurant,40.7265987,-73.999651,restaurant,Manhattan
node/5213130662,Crab House Times Square,40.7550966,-73.9889837,restaurant,Manhattan
node/5213820731,The Counter,40.7552841,-73.9868258,restaurant,Manhattan
node/5213944830,Cafe Water,40.7370625,-73.9973172,restaurant,Manhattan
node/5215515121,Dimes,40.7149208,-73.9915629,restaurant,Manhattan
node/5215527122,Top of the strand,40.7512626,-73.9848169,bar,Manhattan
node/5216127223,Dante,40.7287909,-74.0016623,restaurant,Manhattan
node/5218361626,Dhaba,40.742372,-73.9828447,restaurant,Manhattan
node/5218361627,Pongal,40.7424205,-73.9828108,restaurant,Manhattan
node/5219851821,Tao,40.7625746,-73.9714449,restaurant,Manhattan
node/5223098154,Yung Sun Seafood Restaurant,40.7134411,-73.9958191,restaurant,Manhattan
node/5224940635,Thai Kitchen,40.7593699,-73.9905606,restaurant,Manhattan
node/5227511227,Petrarca Cucina e Vino,40.7189298,-74.0045309,restaurant,Manhattan
node/5228777783,Residence Inn Manhattan/Times Square,40.7528306,-73.9858447,hotel,Manhattan
node/5231393244,Ajisen Ramen,40.7141518,-73.9986409,restaurant,Manhattan
node/5231411428,Mama Eatery,40.7150097,-73.9995414,restaurant,Manhattan
node/5231412448,Famous Sichuan,40.7147876,-73.9976233,restaurant,Manhattan
node/5231706548,Noodle Q,40.7135492,-73.9975548,restaurant,Manhattan
node/5231707775,Sichuan Hot Pot Cuisine,40.7149933,-73.9986519,restaurant,Manhattan
node/5231707921,Tasty Hand-Pulled Noodles,40.7141917,-73.9978766,restaurant,Manhattan
node/5231708178,Mabu Hong Kong Cafe,40.714727,-73.9980048,restaurant,Manhattan
node/5231708184,Vegetarian Dim Sum House,40.7149226,-73.9982376,restaurant,Manhattan
node/5231708531,Taiwan Bear House,40.714712,-73.9978045,restaurant,Manhattan
node/5241637007,Ambassador Grill,40.7504784,-73.9692826,restaurant,Manhattan
node/5242327895,Barn Joo 35,40.7496997,-73.9857683,restaurant,Manhattan
node/5242330303,missKOREA BBQ,40.747407,-73.9863928,restaurant,Manhattan
node/5242331829,Jongro BBQ,40.7475599,-73.9869049,restaurant,Manhattan
node/5243548103,Casa Adela,40.7226329,-73.9797146,restaurant,Manhattan
node/5243561820,Landmark Coffee Shop & Pancake House,40.719947,-73.9985925,restaurant,Manhattan
node/5243570858,Voula,40.732235,-74.0021598,restaurant,Manhattan
node/5243573749,Spain Restaurant,40.7370892,-73.9979596,restaurant,Manhattan
node/5244657822,Mughlai Indian Cuisine,40.7095698,-74.012718,restaurant,Manhattan
node/5248792788,Josie's,40.7249188,-73.9828997,bar,Manhattan
node/5248792880,Horus,40.7245431,-73.9814615,restaurant,Manhattan
node/5248793777,El Camion Cantina,40.7291278,-73.9811072,restaurant,Manhattan
node/5248812939,Babbo,40.7323821,-73.9991969,restaurant,Manhattan
node/5253549614,Royal 35 Steakhouse,40.748984,-73.9835103,restaurant,Manhattan
node/5254366208,Libretto's Pizzeria,40.7472798,-73.9772262,restaurant,Manhattan
node/5254374730,Sarge's Delicatessan & Diner,40.7473351,-73.9771952,restaurant,Manhattan
node/5254559384,Amaze,40.7518926,-73.9738545,restaurant,Manhattan
node/5265708147,Colonial House,40.7448844,-73.9999695,hotel,Manhattan
node/5265712258,Caliente Cab,40.7318243,-74.0036027,restaurant,Manhattan
node/5265712582,AOC,40.7327936,-74.0040298,restaurant,Manhattan
node/5265713043,Tre Giovani,40.7290362,-73.9983208,restaurant,Manhattan
node/5265713219,Vincent's,40.7178273,-73.9972773,restaurant,Manhattan
node/5265713463,Supreme Restaurant,40.7172968,-73.9973195,restaurant,Manhattan
node/5265734280,Molly's,40.7382894,-73.9833178,pub,Manhattan
node/5265742302,1915 Lanzhou Hand-Pulled Noodles & Dumplings,40.7406194,-73.9812508,restaurant,Manhattan
node/5265743035,The Gem Saloon,40.741373,-73.9810484,restaurant,Manhattan
node/5265743423,Blue Mountain,40.7422058,-73.9809161,restaurant,Manhattan
node/5265744995,El Cocotero,40.7415489,-73.99934,restaurant,Manhattan
node/5265746760,Futago,40.7388199,-73.9941252,restaurant,Manhattan
node/5265747927,Jue Lan,40.7408103,-73.9933813,restaurant,Manhattan
node/5265747977,Union Fare,40.7377464,-73.9915574,restaurant,Manhattan
node/5265748974,BXL Zoute,40.7417874,-73.9925761,bar,Manhattan
node/5265753026,Lillie's,40.7375784,-73.9911901,bar,Manhattan
node/5273490726,Lucky's,40.7221177,-73.9975189,restaurant,Manhattan
node/5273499021,Jac's On Bond,40.7265452,-73.9936365,bar,Manhattan
node/5274344921,Jalopy Tavern,40.681303,-74.0043168,pub,Manhattan
node/5281963249,Heritage Hotel,40.7432835,-73.9900361,hotel,Manhattan
node/5298910427,Pieces Bar,40.7339116,-74.0001214,bar,Manhattan
node/5315316621,Bevacco,40.699335,-73.9922564,restaurant,Manhattan
node/5317406322,Sophie’s,40.7559483,-73.9804969,restaurant,Manhattan
node/5319150021,The Campbell Bar,40.752605,-73.9778482,bar,Manhattan
node/5322770746,Dark Horse,40.713588,-74.0081258,bar,Manhattan
node/5337272121,The White Horse Tavern,40.7036814,-74.0123807,pub,Manhattan
node/5344178933,Guantanamera,40.7658518,-73.9837506,restaurant,Manhattan
node/5353167832,Xochitl Taqueria,40.6824361,-73.961304,restaurant,Manhattan
node/5356822882,The Mark,40.7753172,-73.9632598,hotel,Manhattan
node/5359960222,Senya,40.7268813,-73.98608,restaurant,Manhattan
node/5365304610,Gottino Enoteca Salumeria,40.7357734,-74.0004381,restaurant,Manhattan
node/5369797599,UFC Chicken,40.7560518,-73.9941118,restaurant,Manhattan
node/5379604853,Gordon Bennett,40.7108154,-73.9642105,bar,Manhattan
node/5383989328,Friendly Gourmet Pizza,40.7091871,-74.0088819,restaurant,Manhattan
node/5383989329,Nobu Nobu,40.7110282,-74.0095711,restaurant,Manhattan
node/5388487797,Bounce Sporting Club,40.7413895,-73.9929254,bar,Manhattan
node/5393321622,Pocha 32,40.7477356,-73.9863789,bar,Manhattan
node/5393341922,Gammeeok,40.7476232,-73.9861377,restaurant,Manhattan
node/5395641129,The Harold,40.7482961,-73.9884959,restaurant,Manhattan
node/5397501569,The Bao,40.7292798,-73.988977,restaurant,Manhattan
node/5398461822,Joomak Banjum,40.7470115,-73.985841,restaurant,Manhattan
node/5398699799,Astor Court,40.761318,-73.9744256,restaurant,Manhattan
node/5400492993,Ajisen Ramen,40.7466178,-73.9921722,restaurant,Manhattan
node/5400495584,Raku It’s Japanese II,40.7799567,-73.9765204,restaurant,Manhattan
node/5400495618,B & Co,40.7127376,-74.0085794,restaurant,Manhattan
node/5400496891,Tenho Ramen,40.7471757,-73.977288,restaurant,Manhattan
node/5400496979,Asuka Sushi,40.7452899,-73.9988852,restaurant,Manhattan
node/5400497624,Sushi Yuki,40.7784935,-73.9809166,restaurant,Manhattan
node/5400500704,Zurutto,40.7779076,-73.9804064,restaurant,Manhattan
node/5401946285,Al Horno,40.7250635,-73.9873946,restaurant,Manhattan
node/5401946289,Di Di Dumpling,40.740051,-73.9845353,restaurant,Manhattan
node/5401978050,Imm,40.7098472,-74.0080033,restaurant,Manhattan
node/5402541794,Ramen Ishida,40.7196475,-73.9884561,restaurant,Manhattan
node/5402542590,Amaze,40.7590092,-73.9621925,restaurant,Manhattan
node/5402542691,Bistro Vendôme,40.7588838,-73.961895,restaurant,Manhattan
node/5402543162,The Pita Grill,40.7595293,-73.9653575,restaurant,Manhattan
node/5402543258,Sutton Bar Room,40.7592018,-73.9620435,restaurant,Manhattan
node/5403602687,Madison Restaurant,40.7559475,-73.9648697,restaurant,Manhattan
node/5403603958,Little Poland,40.7311482,-73.9855345,restaurant,Manhattan
node/5403606223,Brushstroke,40.7167151,-74.0089922,restaurant,Manhattan
node/5405958524,Aura Bar & Kitchen,40.7269395,-73.9860426,restaurant,Manhattan
node/5414819121,Flaming Saddles Saloon,40.7652832,-73.9878804,bar,Manhattan
node/5414820121,Posh,40.7643912,-73.9888626,bar,Manhattan
node/5414820622,Industry,40.7644171,-73.9869612,nightclub,Manhattan
node/5415350325,Mee,40.730937,-73.9831109,restaurant,Manhattan
node/5415434959,Kavasutra Kava Bar,40.7284736,-73.9834305,bar,Manhattan
node/5415631321,Mickey Spillane's,40.7626874,-73.9892881,bar,Manhattan
node/5415641574,Orchard Street Hotel,40.721147,-73.9888546,hotel,Manhattan
node/5415642281,Au Za'atar,40.7589604,-73.9626861,restaurant,Manhattan
node/5415642282,Parnell's,40.7557341,-73.9650357,bar,Manhattan
node/5415650671,Pokerice,40.7318916,-74.0013962,restaurant,Manhattan
node/5419491621,Cinnamon snail,40.7503235,-73.9918003,restaurant,Manhattan
node/5420303352,La Vara,40.6877918,-73.9956984,restaurant,Manhattan
node/5425463232,Ootoya,40.7553036,-73.9869647,restaurant,Manhattan
node/5429181224,Ritz Bar Lounge,40.7608904,-73.9902567,bar,Manhattan
node/5433333127,Sarabeth's,40.7652199,-73.9755591,restaurant,Manhattan
node/5434089022,Sarabeth's,40.7424934,-73.984422,restaurant,Manhattan
node/5443702879,Sauce,40.7204957,-73.9894353,restaurant,Manhattan
node/5446727422,Barcade,40.7292159,-73.9894764,bar,Manhattan
node/5446733056,The Boiler Room,40.7259518,-73.9891412,bar,Manhattan
node/5446855821,Sauced,40.7254343,-73.9902504,bar,Manhattan
node/5449422131,66S Fusion,40.6977465,-73.9715076,restaurant,Manhattan
node/5455462001,Cafe Himalaya,40.723193,-73.9879942,restaurant,Manhattan
node/5461549113,Colonia Verde,40.6896446,-73.9707139,restaurant,Manhattan
node/5463758239,Katra Lounge,40.7217163,-73.9931901,bar,Manhattan
node/5465717722,Washington Square Dinner,40.7314198,-74.0006911,restaurant,Manhattan
node/5474022221,Hotel Riu Plaza New York Times Square,40.7602133,-73.9881913,hotel,Manhattan
node/5483625196,Black Iron Burger,40.754263,-73.990254,pub,Manhattan
node/5487456734,Little Eva's,40.6891393,-74.0183329,pub,Manhattan
node/5489315616,Serafina,40.7645598,-73.9820354,restaurant,Manhattan
node/5500005644,Charrua Uruguayan Restaurant,40.7200308,-73.9876041,restaurant,Manhattan
node/5504037324,Gelso & Grand,40.7195003,-73.9973762,restaurant,Manhattan
node/5509952292,GMT Tavern,40.7280503,-73.9991643,pub,Manhattan
node/5509996165,Peculier Pub,40.7283007,-73.9991218,pub,Manhattan
node/5511958908,The Malt House,40.7286081,-73.9993367,pub,Manhattan
node/5511982448,Lord's,40.7276864,-73.9994646,restaurant,Manhattan
node/5511988543,Mocha Burger,40.7274205,-73.9997484,restaurant,Manhattan
node/5511992166,Molcajete Taqueria,40.7273229,-73.9997885,restaurant,Manhattan
node/5512015924,Madame X,40.7272671,-74.0000807,bar,Manhattan
node/5512018756,The Folly,40.727248,-74.0000218,pub,Manhattan
node/5512636204,Madam Ji,40.7282329,-73.9995481,restaurant,Manhattan
node/5512653817,Grandma’s One Pizza,40.7287649,-74.0000832,restaurant,Manhattan
node/5512656726,The Comedy Shop,40.7288048,-74.0001586,bar,Manhattan
node/5514272788,Karakatta,40.7293419,-73.9987713,restaurant,Manhattan
node/5515156304,Pera SoHo,40.723831,-74.0033719,restaurant,Manhattan
node/5515185730,The Gordon Bar,40.7239715,-74.003139,bar,Manhattan
node/5515196277,Sessanta,40.7239998,-74.0031136,restaurant,Manhattan
node/5515220109,Aurora SoHo,40.7235403,-74.0031561,restaurant,Manhattan
node/5519546126,Mercury Bar,40.7608507,-73.9911042,bar,Manhattan
node/5520366543,Healthy Joe’s,40.7133701,-74.0081717,restaurant,Manhattan
node/5520380022,Aahar,40.7133082,-74.0080416,restaurant,Manhattan
node/5526365468,Anaïs,40.6848831,-73.9860837,bar,Manhattan
node/5527575303,City Vineyard,40.721372,-74.0127131,restaurant,Manhattan
node/5530949899,Hops Hill,40.6851628,-73.9798275,bar,Manhattan
node/5537914954,Bouley at Home,40.7411298,-73.992128,restaurant,Manhattan
node/5538175004,Del Posto,40.7434562,-74.0075595,restaurant,Manhattan
node/5542993926,Hollow Nickel,40.6856296,-73.9819251,pub,Manhattan
node/5544159819,Union Grounds,40.6826568,-73.9933572,bar,Manhattan
node/5544159820,Cubana Cafe,40.6826091,-73.99339,restaurant,Manhattan
node/5544159821,Thaism,40.6824616,-73.9934914,restaurant,Manhattan
node/5544159825,Clover Club,40.6845677,-73.9920784,bar,Manhattan
node/5547626023,Bowery Meat Company,40.7245658,-73.9918599,restaurant,Manhattan
node/5549150573,Wasan,40.6812487,-73.9767036,restaurant,Manhattan
node/5549150585,Sawa,40.6804355,-73.9775764,restaurant,Manhattan
node/5550978112,Dr. Clark,40.7161851,-73.9998239,restaurant,Manhattan
node/5551498985,The Magician,40.7198504,-73.9872976,bar,Manhattan
node/5552730464,Mercury Lounge,40.7221035,-73.9867932,nightclub,Manhattan
node/5553457642,Motel No Tell,40.7297578,-73.9806443,bar,Manhattan
node/5553460385,Waiting On A Friend,40.7294965,-73.9808235,bar,Manhattan
node/5553506737,ReVision Lounge and Gallery,40.7289041,-73.978241,bar,Manhattan
node/5555271889,Momo Ramen,40.6806241,-73.9777628,restaurant,Manhattan
node/5558007857,Bar San Miguel,40.6813812,-73.993947,bar,Manhattan
node/5561024647,Butter Smashburgers,40.7294539,-74.0008102,restaurant,Manhattan
node/5562952071,Uncle Barry's,40.6813003,-73.9773182,bar,Manhattan
node/5562952077,BK9,40.6811967,-73.9773859,restaurant,Manhattan
node/5562952078,Drums and Flats,40.6813372,-73.9772815,pub,Manhattan
node/5562952079,North Pole,40.6815124,-73.9774074,bar,Manhattan
node/5565427921,Capizzi,40.757441,-73.9935684,restaurant,Manhattan
node/5567987136,Honeycomb,40.6807473,-73.9776796,bar,Manhattan
node/5574666644,Bar Six,40.7364211,-73.9972187,restaurant,Manhattan
node/5576457143,William Barnacle Tavern,40.7276327,-73.985743,bar,Manhattan
node/5576503130,Windfall Lounge,40.752335,-73.9836718,restaurant,Manhattan
node/5579089817,Asami Sushi,40.7370148,-73.9973474,restaurant,Manhattan
node/5579096756,E.A.K Ramen,40.7356331,-73.9983668,restaurant,Manhattan
node/5585278021,Randolph Beer DUMBO,40.7005204,-73.9875274,pub,Manhattan
node/5585385019,68 Jay Street Bar,40.7030075,-73.9868156,bar,Manhattan
node/5585390098,Olympia Bar,40.7032631,-73.9867714,bar,Manhattan
node/5585626075,CUPER,40.704309,-73.9873475,restaurant,Manhattan
node/5592631079,M1-5 Bar and Lounge,40.7191151,-74.0032838,pub,Manhattan
node/5593000021,Anotheroom,40.7198236,-74.0056055,bar,Manhattan
node/5593004899,Tribeca Tavern,40.7197629,-74.005662,bar,Manhattan
node/5593016867,Bâtard,40.7195759,-74.0058025,restaurant,Manhattan
node/5593041648,,40.7187167,-74.0060375,restaurant,Manhattan
node/5599364192,East River Bar,40.7108861,-73.9646654,bar,Manhattan
node/5599768646,Boom Boom Room,40.74079,-74.0078393,bar,Manhattan
node/5603357400,Au Za'atar,40.7289381,-73.9812454,restaurant,Manhattan
node/5603537158,Gomi,40.7288636,-73.9813167,bar,Manhattan
node/5603550886,Tompkins Square Bar,40.7258995,-73.9834824,bar,Manhattan
node/5603575358,Pizza Studio Tamaki,40.7269086,-73.9834027,restaurant,Manhattan
node/5604044815,Crab Du Jour Xpress Cajun,40.7163717,-73.9875854,restaurant,Manhattan
node/5607902921,Wonton Noodle 1978,40.7157853,-73.9982634,restaurant,Manhattan
node/5607967821,Boxers,40.7407461,-73.9931415,bar,Manhattan
node/5611592928,Hartley's,40.6826214,-73.9612802,bar,Manhattan
node/5612407421,Deweys Pub,40.7481126,-73.9911219,bar,Manhattan
node/5615998343,Rosie's,40.7249227,-73.9906582,restaurant,Manhattan
node/5616137907,Pokee,40.7305853,-74.000436,restaurant,Manhattan
node/5618087852,Met Dining Room,40.7788973,-73.9644595,restaurant,Manhattan
node/5618087854,Great Hall Balcony Café & Bar,40.7791444,-73.9627323,bar,Manhattan
node/5620520170,SideBAR,40.7346858,-73.9886233,bar,Manhattan
node/5620855721,DB Bistro Moderne,40.755845,-73.9822708,restaurant,Manhattan
node/5625538225,Manousheh,40.7293785,-74.0013718,restaurant,Manhattan
node/5627943322,Le Jardin Bistro,40.7186318,-73.9893489,restaurant,Manhattan
node/5628809026,Sadelle’s,40.7262525,-74.0001116,restaurant,Manhattan
node/5628928424,Westville,40.7272539,-74.0075081,restaurant,Manhattan
node/5630477424,North River Lobster Company,40.7617789,-74.0027011,restaurant,Manhattan
node/5632288423,Roof Top at Public,40.723034,-73.9920355,bar,Manhattan
node/5635121621,The Butcher’s Daughter,40.7363404,-74.0060825,restaurant,Manhattan
node/5657099772,Hiroto Sushi,40.6819509,-73.9764299,restaurant,Manhattan
node/5676615659,Patsy's Pizzeria,40.6818471,-73.9761826,restaurant,Manhattan
node/5680293321,Ella Social,40.7770276,-73.978849,restaurant,Manhattan
node/5680634291,Hwa Yuan,40.7137082,-73.9959474,restaurant,Manhattan
node/5700167968,Veselka,40.7289775,-73.9869985,restaurant,Manhattan
node/5700877721,Tiny Shanghai,40.7178259,-73.9979942,restaurant,Manhattan
node/5712402437,Yayo's,40.6819661,-73.9768617,restaurant,Manhattan
node/5712452819,Bird Pepper,40.6800952,-73.9743553,restaurant,Manhattan
node/5726231038,Robert's Steakhouse,40.7630348,-73.9972682,restaurant,Manhattan
node/5726883078,BBF,40.7219414,-73.987541,restaurant,Manhattan
node/5726883079,Taverna Di Bacco,40.7218756,-73.9875758,restaurant,Manhattan
node/5726897054,Le French Diner,40.7220477,-73.9880873,restaurant,Manhattan
node/5730758414,Chef's Table at Brooklyn Fare,40.7560775,-73.996449,restaurant,Manhattan
node/5734394321,Xe Lua,40.7165861,-73.9987702,restaurant,Manhattan
node/5734886422,The Spaniard,40.7327579,-74.0021665,restaurant,Manhattan
node/5748057621,Dallas BBQ,40.7701167,-73.9600332,restaurant,Manhattan
node/5749566253,Mercer Hotel,40.7249122,-73.9986434,hotel,Manhattan
node/5752611173,The Grey Dog,40.7337512,-73.9931307,restaurant,Manhattan
node/5752764087,The Skylark,40.7541745,-73.9888207,bar,Manhattan
node/5754424778,Garlic New York Pizza Bar,40.7451397,-73.975856,restaurant,Manhattan
node/5754424781,Lan Larb Esan,40.745334,-73.9757137,restaurant,Manhattan
node/5754826808,Swift Eats,40.7593502,-73.9921758,restaurant,Manhattan
node/5754840578,Dalton's,40.7593932,-73.9921445,bar,Manhattan
node/5754840579,Ajisai,40.7595043,-73.9920502,restaurant,Manhattan
node/5754840633,Lenwich,40.759443,-73.9920938,restaurant,Manhattan
node/5756089922,Taqueria St. Marks Place,40.7278488,-73.9855823,pub,Manhattan
node/5756089924,Emily,40.7293542,-74.0038432,restaurant,Manhattan
node/5756090021,The Loyal,40.7321386,-74.0033283,restaurant,Manhattan
node/5756090121,Avocaderia,40.7518551,-74.0051335,restaurant,Manhattan
node/5756090122,Milk Bar Financial District,40.7047951,-74.0065116,restaurant,Manhattan
node/5757232056,SUGARFISH by sushi nozawa,40.7389499,-73.9888714,restaurant,Manhattan
node/5758246021,Hotel Hayden,40.7468751,-73.9921509,hotel,Manhattan
node/5762488554,The Roof,40.7646319,-73.9785599,bar,Manhattan
node/5762528453,Wolfgang’s Steakhouse,40.746628,-73.9820041,restaurant,Manhattan
node/5762582554,The Village Vanguard,40.7426244,-73.9969669,bar,Manhattan
node/5766152071,Bedouin Tent,40.6869656,-73.9844645,restaurant,Manhattan
node/5766671053,Oda House,40.7240335,-73.9821057,restaurant,Manhattan
node/5768241171,Atrium Dumbo,40.7035169,-73.9904314,restaurant,Manhattan
node/5768346318,Café Paulette,40.6896146,-73.9758873,restaurant,Manhattan
node/5772062970,Moot Bar,40.6941319,-73.960971,bar,Manhattan
node/5778906637,The Raines Law Room,40.7387302,-73.9945926,bar,Manhattan
node/5781227153,Brasserie Cognac Américain,40.7522238,-73.9815331,restaurant,Manhattan
node/5781268723,Bondi Sushi,40.7523763,-73.9814434,restaurant,Manhattan
node/5788137439,Tucci New York,40.7266858,-73.9959215,bar,Manhattan
node/5788183778,Sweetwater Social,40.7267077,-73.9959009,bar,Manhattan
node/5794668191,Loosie Rouge,40.7109906,-73.9649151,bar,Manhattan
node/5797335695,Nan Xiang Express Soup Dumplings,40.6917299,-73.9864369,restaurant,Manhattan
node/5799183353,Pep's on Grand,40.7190831,-73.9969787,restaurant,Manhattan
node/5799332004,Lichee Nut,40.6942355,-73.9927856,restaurant,Manhattan
node/5799332005,Din Soup Dumplings,40.6941911,-73.9928047,restaurant,Manhattan
node/5799510957,Sandwich House,40.7109248,-74.0078117,restaurant,Manhattan
node/5799511379,Omar's Mediterranean Cuisine,40.7109559,-74.0078671,restaurant,Manhattan
node/5801870934,Manhatta,40.7078151,-74.0086882,bar,Manhattan
node/5801872753,Four Points by Sheraton,40.7074576,-74.0064548,hotel,Manhattan
node/5801975953,Morton's The Steakhouse,40.7552012,-73.9786908,restaurant,Manhattan
node/5804901025,Duane Street Hotel,40.7159879,-74.0073387,hotel,Manhattan
node/5806583255,Patent Pending,40.7452323,-73.9902152,bar,Manhattan
node/5806583655,Buvette Gastrotheque,40.7327006,-74.0043588,restaurant,Manhattan
node/5807804737,Grand Army,40.6882685,-73.9865349,bar,Manhattan
node/5807804739,Bijan's,40.688024,-73.9867026,restaurant,Manhattan
node/5808091324,Fresh Basil's,40.7595622,-73.9682586,restaurant,Manhattan
node/5808313095,Someday,40.6873346,-73.9863301,bar,Manhattan
node/5809111762,Mile End Delicatessen,40.6874914,-73.9870618,restaurant,Manhattan
node/5810383921,Bravo Kosher Pizza,40.7066673,-74.0135136,restaurant,Manhattan
node/5812466172,Juniper Bar,40.7523132,-73.9914024,pub,Manhattan
node/5812743217,Jack Doyle's,40.7522208,-73.9918556,pub,Manhattan
node/5813254081,Wined Up,40.739611,-73.9898047,bar,Manhattan
node/5813254082,Punch Bar & Grill,40.739606,-73.989805,bar,Manhattan
node/5815748397,Swagat,40.7481269,-73.9932265,restaurant,Manhattan
node/5815748398,Pioneers Bar NYC,40.7472543,-73.9918207,bar,Manhattan
node/5815748399,Stout NYC,40.7499291,-73.9898974,pub,Manhattan
node/5816276401,Macaron Café,40.7518625,-73.9890435,restaurant,Manhattan
node/5816276453,Chopstick House,40.751597,-73.9883856,restaurant,Manhattan
node/5816354728,Delmonico's Kitchen,40.7525209,-73.9899817,restaurant,Manhattan
node/5816354729,District Social,40.7536244,-73.9913698,bar,Manhattan
node/5816447409,Stitch Bar & Lounge,40.7539106,-73.991226,bar,Manhattan
node/5816447410,El Sabroso,40.7540751,-73.9916562,restaurant,Manhattan
node/5816447411,Venisalvi Cafe,40.7547857,-73.9921429,restaurant,Manhattan
node/5816964481,Alan's Kitchen,40.7556117,-73.992188,restaurant,Manhattan
node/5816964482,Aya Sushi,40.7555965,-73.9921405,restaurant,Manhattan
node/5818318680,Poketown,40.755361,-73.9915727,restaurant,Manhattan
node/5818318681,Rattle N Hum West,40.7554555,-73.9917531,restaurant,Manhattan
node/5818417227,Joyce Public House,40.7558747,-73.9920596,pub,Manhattan
node/5819364580,Scallywag's Irish Pub,40.7561041,-73.9940676,pub,Manhattan
node/5823260853,,40.7569712,-73.967446,restaurant,Manhattan
node/5823525571,Aiyara Thai,40.7550458,-73.9948474,restaurant,Manhattan
node/5824798471,Flats Fix,40.7366611,-73.9913319,bar,Manhattan
node/5832407897,Thai Select,40.754807,-73.9950154,restaurant,Manhattan
node/5835370878,Wolfe Tone's,40.7443756,-73.9843295,pub,Manhattan
node/5836731215,Supper,40.7228995,-73.9852816,restaurant,Manhattan
node/5837218437,Between the Bread,40.7518739,-74.0052935,restaurant,Manhattan
node/5837225128,Bier Wax,40.6800062,-73.9682383,bar,Manhattan
node/5837225132,Wayward Fare,40.680059,-73.9682207,restaurant,Manhattan
node/5837304268,Kinanm,40.6813686,-73.966569,bar,Manhattan
node/5837304283,Fulton Thai,40.6834487,-73.9674137,restaurant,Manhattan
node/5844606724,"""one star""",40.7444948,-73.9941795,bar,Manhattan
node/5847389629,Vinny's Restaurant,40.6818859,-73.9936013,restaurant,Manhattan
node/5847402986,Balzem,40.7213037,-73.9954744,bar,Manhattan
node/5847456103,Bar Bruno,40.6834166,-73.999908,restaurant,Manhattan
node/5852337187,Shinka ramen & sake bar,40.7170503,-73.9950047,restaurant,Manhattan
node/5855939724,La Pecora Bianca,40.7549287,-73.9682465,restaurant,Manhattan
node/5866143628,Paul & Jimmy's Ristorante,40.7367294,-73.9873227,restaurant,Manhattan
node/5866143629,Javelina,40.7367842,-73.9874574,restaurant,Manhattan
node/5866582853,33,40.6870231,-73.9776703,bar,Manhattan
node/5866582854,Tacombi,40.6869924,-73.9779035,restaurant,Manhattan
node/5866994006,Fritz,40.6866941,-73.9750326,bar,Manhattan
node/5871106370,Chandni Restaurant,40.7459321,-73.9878023,restaurant,Manhattan
node/5871114517,La Lanterna di Vittorio,40.7306519,-74.0000731,restaurant,Manhattan
node/5883645807,Old Tbilisi Garden,40.7288339,-74.0007577,restaurant,Manhattan
node/5889475672,Sir John's NY,40.7481643,-73.9862577,pub,Manhattan
node/5891192633,Fields Good Chicken,40.7070134,-74.0069368,restaurant,Manhattan
node/5891429762,DD Soup Dumpling & Fuji Hibachi,40.757824,-73.9907567,restaurant,Manhattan
node/5891774858,Breakfast by Salt’s Cure,40.6803384,-73.9677001,restaurant,Manhattan
node/5897652745,Kiki's,40.7145315,-73.9919097,restaurant,Manhattan
node/5899626375,Clandestino,40.7147395,-73.9908755,bar,Manhattan
node/5903046274,Nakamura,40.717863,-73.9851883,restaurant,Manhattan
node/5903115786,Papatzu Mexican Restaurant,40.7222091,-74.0036238,restaurant,Manhattan
node/5905417707,The Little Pig,40.6857249,-73.9813052,bar,Manhattan
node/5905417712,Masala Grill,40.6856589,-73.981135,restaurant,Manhattan
node/5906911085,Peppercorn Kitchen,40.7302029,-73.9940209,restaurant,Manhattan
node/5912382463,Zabb PuTawn,40.6861374,-73.9939017,restaurant,Manhattan
node/5912834590,Cobble Hill Coffee Shop,40.6834545,-73.9955571,restaurant,Manhattan
node/5912834592,Gersi,40.6833987,-73.995576,restaurant,Manhattan
node/5912873402,Congress,40.6869283,-73.9938592,bar,Manhattan
node/5912873404,Lobo,40.6865536,-73.9940438,pub,Manhattan
node/5912968126,Cafe Chili,40.6880026,-73.9933493,restaurant,Manhattan
node/5912968128,Lemongrass Grill,40.6886542,-73.9930486,restaurant,Manhattan
node/5916553158,Fat Choy,40.7180934,-73.9897625,restaurant,Manhattan
node/5916567906,Hotel Chantelle,40.7184164,-73.9890541,restaurant,Manhattan
node/5918030057,Limani,40.7596918,-73.978275,restaurant,Manhattan
node/5922862086,Junior's Deli,40.7611297,-73.9839743,restaurant,Manhattan
node/5932590518,Maggie Reilly's,40.7504683,-73.9982081,bar,Manhattan
node/5932619925,Amor y Amargo,40.7257034,-73.9842602,bar,Manhattan
node/5932979098,Rasa,40.7329128,-73.9976584,restaurant,Manhattan
node/5934767188,East Season Restaurant House,40.7180742,-74.0003269,restaurant,Manhattan
node/5934969278,Soho Thai,40.7201707,-73.9995759,restaurant,Manhattan
node/5939542595,Joanne Trattoria,40.7745302,-73.9802971,restaurant,Manhattan
node/5939555190,Francesco's Pizza,40.775134,-73.9807023,restaurant,Manhattan
node/5939555287,La Traviata Pizzeria,40.7750501,-73.9808413,restaurant,Manhattan
node/5939562686,Noi Due Carne,40.7761691,-73.9815274,restaurant,Manhattan
node/5939562688,Westside Restaurant,40.7763049,-73.9818443,restaurant,Manhattan
node/5947271833,June,40.6860874,-73.9939259,restaurant,Manhattan
node/5950163185,Nish Nush,40.715602,-74.0076362,restaurant,Manhattan
node/5955435385,Shanghai Asian Cruisine,40.7158894,-73.9972598,restaurant,Manhattan
node/5957624985,The Bowery Beer Garden,40.7171233,-73.9952844,bar,Manhattan
node/5960471088,Sushiya,40.76314,-73.976775,restaurant,Manhattan
node/5965114169,Miriam Street Food,40.6801128,-73.9777842,restaurant,Manhattan
node/5970419085,Very Fresh Noodles,40.7421597,-74.0053901,restaurant,Manhattan
node/5978510489,Sushi West,40.7353756,-74.00585,restaurant,Manhattan
node/5978510504,Roma Pizza,40.7630158,-73.9853514,restaurant,Manhattan
node/5978556699,London & Martin Co.,40.7039598,-74.0124974,bar,Manhattan
node/5978556702,Pizza Etalia,40.7048978,-74.0122892,restaurant,Manhattan
node/5978556715,Sophie’s,40.7055604,-74.0124709,restaurant,Manhattan
node/5978556716,El Toro,40.7056747,-74.0125085,restaurant,Manhattan
node/5978556730,Felice,40.7078356,-74.006959,restaurant,Manhattan
node/5978556743,Yip’s,40.7048564,-74.0123904,restaurant,Manhattan
node/5978556750,Cedar Local,40.7071162,-74.0081489,bar,Manhattan
node/5978556762,Boss Tweeds,40.7141063,-74.0090225,pub,Manhattan
node/5978556771,Rosella’s Pizza,40.71016,-74.0057517,restaurant,Manhattan
node/5978557699,Ainsworth,40.7102896,-74.0069766,bar,Manhattan
node/5978557992,The Grotto,40.7057076,-74.0123841,restaurant,Manhattan
node/5978745697,Nish Nush,40.7093537,-74.008,restaurant,Manhattan
node/5978745715,Kesté Pizza e Vino,40.7091806,-74.004849,restaurant,Manhattan
node/5978792101,Salt+Charcoal,40.7146299,-73.9613291,restaurant,Manhattan
node/5978792125,Madame Vo,40.729344,-73.9860416,restaurant,Manhattan
node/5978792512,10 Corso Como Cafe,40.7070691,-74.002825,restaurant,Manhattan
node/5978792516,Della's,40.7147978,-74.009995,restaurant,Manhattan
node/5978792897,Armada,40.7179442,-73.9902067,bar,Manhattan
node/5978795186,Da Claudio,40.7108219,-74.0076301,restaurant,Manhattan
node/5978837391,Setagaya,40.7147818,-73.9611571,restaurant,Manhattan
node/5978837398,Tajin,40.7077341,-74.0135393,restaurant,Manhattan
node/5980081426,The Simpson,40.6832558,-73.9736454,restaurant,Manhattan
node/5980089186,La Parisienne,40.709609,-74.0093344,restaurant,Manhattan
node/5981350385,Sugar Factory,40.7404403,-74.0076639,restaurant,Manhattan
node/5981570885,Mulligan's Pub,40.7510216,-73.9804011,pub,Manhattan
node/5983797885,OBAO,40.7571908,-73.9685241,restaurant,Manhattan
node/5983984047,El Vez,40.7147631,-74.0156301,restaurant,Manhattan
node/5984008357,Miramar,40.7079986,-74.0179927,restaurant,Manhattan
node/5984409285,Badshah,40.7648841,-73.9876636,restaurant,Manhattan
node/5984431287,Wokuni,40.7492545,-73.9774425,restaurant,Manhattan
node/5984435987,Friki Tiki,40.7597133,-73.9913358,bar,Manhattan
node/5985141785,Mezeh Mediterranean Grill,40.7389158,-73.9896744,restaurant,Manhattan
node/5986770785,Saint Tropez Wine Bar,40.7370507,-74.0038711,restaurant,Manhattan
node/5987486727,Wing Bar,40.6825247,-73.9931709,pub,Manhattan
node/5987486732,Zombie Hut,40.6825734,-73.993138,bar,Manhattan
node/5987486736,Barely Disfigured,40.6830816,-73.9927916,bar,Manhattan
node/5987826185,Adda,40.7268139,-73.9861401,restaurant,Manhattan
node/5987843785,Pinch Chinese,40.7263749,-74.0018624,restaurant,Manhattan
node/5987859685,The Wayland,40.7251343,-73.9779025,restaurant,Manhattan
node/5987904386,Karasu,40.6894172,-73.9732745,restaurant,Manhattan
node/5994163587,Little Branch,40.7301156,-74.0050252,bar,Manhattan
node/5994541185,DokoDemo,40.7264163,-73.9897056,restaurant,Manhattan
node/5994557685,Lillo Cucina Italiana,40.6902039,-73.9963352,restaurant,Manhattan
node/5994570785,Taco Mahal,40.7322928,-74.0033379,restaurant,Manhattan
node/6001364870,Seamores,40.7141819,-74.0154644,restaurant,Manhattan
node/6001617585,Mixteca,40.7318504,-74.001369,bar,Manhattan
node/6006036285,Bus Stop Cafe,40.7370158,-74.0059509,restaurant,Manhattan
node/6007303592,Hoa Cafe,40.7486997,-73.9957832,restaurant,Manhattan
node/6013503382,Avalon Hotel,40.7466304,-73.984595,hotel,Manhattan
node/6013503383,Hangawi,40.7466917,-73.9846896,restaurant,Manhattan
node/6014692936,Kurant,40.759747,-73.9652954,restaurant,Manhattan
node/6020091159,Blarney Stone,40.7065551,-74.0136373,restaurant,Manhattan
node/6023478828,Bombay Grill House,40.7641853,-73.988146,restaurant,Manhattan
node/6027534885,joe’s pub,40.7290966,-73.9917737,pub,Manhattan
node/6030762121,Sheraton,40.7208594,-74.0042677,hotel,Manhattan
node/6030861392,Double Down Saloon,40.7225821,-73.985875,bar,Manhattan
node/6032479080,El Cantinero,40.7336295,-73.9932341,restaurant,Manhattan
node/6040235138,Grand Banks,40.7202788,-74.0159252,restaurant,Manhattan
node/6045304933,Kelly's Sports Bar,40.7615931,-73.9634044,bar,Manhattan
node/6046944585,Sd,40.7639563,-73.9883317,restaurant,Manhattan
node/6051473585,Stone Street Tavern,40.7042777,-74.010273,restaurant,Manhattan
node/6052834893,Jasmine's,40.7609547,-73.9902635,restaurant,Manhattan
node/6053070785,Soba Noodle Azuma,40.7652737,-73.9832071,restaurant,Manhattan
node/6053181185,Pasta Wiz,40.7164167,-73.9647019,restaurant,Manhattan
node/6053182486,Upstate,40.7263208,-73.986456,restaurant,Manhattan
node/6053192785,POST,40.7229412,-73.9829274,restaurant,Manhattan
node/6053220685,Empire Diner,40.7471834,-74.0043111,restaurant,Manhattan
node/6053253585,Top Thai Greenwich,40.7297907,-73.9994469,restaurant,Manhattan
node/6053282586,North Dumpling,40.7158165,-73.9897834,restaurant,Manhattan
node/6053407685,Toasties,40.7599574,-73.9831315,restaurant,Manhattan
node/6053487985,Ben's Delicatessen,40.7539008,-73.9892603,restaurant,Manhattan
node/6053537386,Boqueria Spanish Tapas,40.7402954,-73.9937183,restaurant,Manhattan
node/6053655803,Muteki Udon,40.6804101,-73.9750463,restaurant,Manhattan
node/6053876585,Congee Village,40.7187155,-73.9903472,restaurant,Manhattan
node/6061610718,Mudville 9,40.7152236,-74.0088979,pub,Manhattan
node/6061800022,Orion Diner & Grill,40.7377882,-73.9811952,restaurant,Manhattan
node/6064292203,Shaka Shaka Tiki,40.6810032,-73.9745532,bar,Manhattan
node/6064400688,UDON,40.7480981,-73.9874846,restaurant,Manhattan
node/6064439285,The Kunjip,40.7477457,-73.9871706,restaurant,Manhattan
node/6064439585,New Wonjo,40.7477885,-73.9867366,restaurant,Manhattan
node/6064442885,Addictive NYC,40.7565516,-73.9799617,restaurant,Manhattan
node/6066762932,Applejack Diner,40.7646805,-73.9824427,restaurant,Manhattan
node/6077947286,Morning Star Cafe,40.7552034,-73.9685534,restaurant,Manhattan
node/6088743385,Royal Seafood,40.7173582,-73.997581,restaurant,Manhattan
node/6109290986,Hunan Slurp,40.7267171,-73.9856982,restaurant,Manhattan
node/6109307685,Unique Omakase,40.7270696,-73.9854654,restaurant,Manhattan
node/6109352286,Twilight Lounge,40.7266682,-73.9857438,restaurant,Manhattan
node/6110126636,Turks and Frogs,40.7357449,-74.0073406,restaurant,Manhattan
node/6110162467,Orient Express,40.735738,-74.0074526,bar,Manhattan
node/6110828687,Tin Wong,40.7174266,-73.9961333,restaurant,Manhattan
node/6112597817,RedFarm,40.7341879,-74.0064162,restaurant,Manhattan
node/6119467321,Aria West Village,40.7351369,-74.00673,restaurant,Manhattan
node/6119467431,Left Bank,40.7351393,-74.0067873,restaurant,Manhattan
node/6119467432,The Otheroom,40.7349434,-74.0080378,bar,Manhattan
node/6121777877,Upholstery Store: Food and Wine,40.7352507,-74.0082526,restaurant,Manhattan
node/6121777878,Wallsé,40.7354186,-74.0082138,restaurant,Manhattan
node/6122271185,Zest Sushi,40.717926,-73.989878,restaurant,Manhattan
node/6124318002,Pho Thanh Hoai,40.7162381,-73.9992609,restaurant,Manhattan
node/6139494134,Porchlight,40.7520063,-74.0049953,restaurant,Manhattan
node/6139559484,Bathtub Gin,40.7435663,-74.0031566,bar,Manhattan
node/6139645147,Tequila Chito's,40.7461064,-74.0008419,restaurant,Manhattan
node/6142309885,Indochine,40.7292596,-73.99246,restaurant,Manhattan
node/6142321585,Sigiri Sri Lankan Restaurant,40.7262145,-73.986534,restaurant,Manhattan
node/6145702591,Jazz Gallery,40.7446396,-73.9886046,nightclub,Manhattan
node/6150552527,The Gardens Sonesta ES Suites,40.7643867,-73.9631097,hotel,Manhattan
node/6150564513,The Fifty Sonesta Select,40.7561485,-73.9708905,hotel,Manhattan
node/6150575536,The Shelburne Sonesta,40.7484427,-73.9780562,hotel,Manhattan
node/6157219531,Tailor Public House,40.7531008,-73.9930272,bar,Manhattan
node/6157219597,Patron,40.7592579,-73.9918074,restaurant,Manhattan
node/6163748697,The Wren,40.7262691,-73.9920866,restaurant,Manhattan
node/6168774285,4 Charles Prime Rib,40.7351585,-74.0006431,restaurant,Manhattan
node/6168774385,Emily,40.6835141,-73.9664316,restaurant,Manhattan
node/6168816885,Upland,40.7418061,-73.9846404,restaurant,Manhattan
node/6169369165,Athena Keke's,40.6870089,-73.9622143,bar,Manhattan
node/6171412797,10th Avenue Pizza & Cafe,40.7487521,-74.0031663,restaurant,Manhattan
node/6173403985,,40.7573506,-73.9702706,restaurant,Manhattan
node/6174369085,Tiny’s and The Bar Upstairs,40.7168221,-74.0080094,restaurant,Manhattan
node/6175354947,Bed Stuy Fish Fry,40.6825769,-73.9631724,restaurant,Manhattan
node/6175434121,Kitchen Grill,40.6828345,-73.9644493,restaurant,Manhattan
node/6175434129,B'klyn Burro,40.6827554,-73.9640663,restaurant,Manhattan
node/6175551617,Hanson Dry,40.683473,-73.9662418,bar,Manhattan
node/6175551619,921 Bar & Grill,40.6835003,-73.9663679,nightclub,Manhattan
node/6175586130,Baby Jane's,40.6837168,-73.9673984,bar,Manhattan
node/6175586131,Vessel Bar & Grill,40.6837366,-73.9674992,bar,Manhattan
node/6177318442,Black Forest Brooklyn,40.6856442,-73.9910513,pub,Manhattan
node/6178461392,The Little Beet,40.7503146,-73.9917756,restaurant,Manhattan
node/6178461393,Pat LaFrieda Meat Purveyors,40.7502973,-73.991726,restaurant,Manhattan
node/6178461394,The Pennsy Bar,40.7503212,-73.9917437,bar,Manhattan
node/6178461399,Ribalta,40.7503054,-73.9917525,restaurant,Manhattan
node/6178461400,Sabi Sushi,40.7503324,-73.9918249,restaurant,Manhattan
node/6179753683,Taïm,40.7078003,-74.0077463,restaurant,Manhattan
node/6182279414,Henrietta Hudson,40.7310628,-74.0065268,nightclub,Manhattan
node/6184111793,Thai Villa,40.7389809,-73.9907059,restaurant,Manhattan
node/6201492492,Randolph's Bar & Lounge,40.7624567,-73.9783185,bar,Manhattan
node/6204656993,Izzy Rose,40.6869404,-73.9628293,bar,Manhattan
node/6204656994,Place des Fêtes,40.6869332,-73.9628918,restaurant,Manhattan
node/6204656996,Peaches Grand,40.6880945,-73.9625939,restaurant,Manhattan
node/6206438191,The Immigrant,40.7285237,-73.9854028,bar,Manhattan
node/6206635060,Mee's Noodle,40.7544604,-73.9685958,restaurant,Manhattan
node/6206635061,Mimi's Piano Bar,40.7561485,-73.9673746,restaurant,Manhattan
node/6206834487,Da Nico,40.7196752,-73.9970458,restaurant,Manhattan
node/6206842885,Jose Luis,40.7176717,-73.9983849,restaurant,Manhattan
node/6216923972,Ajisai,40.7637974,-73.9668355,restaurant,Manhattan
node/6216923973,August,40.7636984,-73.9669147,restaurant,Manhattan
node/6216927488,Gina Mexicana,40.7633888,-73.9667985,restaurant,Manhattan
node/6217351141,Korean Express,40.7642222,-73.9665468,restaurant,Manhattan
node/6218981270,Thai Son,40.7168178,-73.9996119,restaurant,Manhattan
node/6219132403,Bayard Sushi,40.7156845,-73.9988884,restaurant,Manhattan
node/6219132404,Appethaize,40.7163269,-73.9999364,restaurant,Manhattan
node/6222075595,W4 Noodle House,40.7313519,-74.0004653,restaurant,Manhattan
node/6222189346,Von,40.7254448,-73.9926303,bar,Manhattan
node/6222190782,C as in Charlie,40.7254629,-73.9927069,restaurant,Manhattan
node/6222318519,Vol de Nuit,40.7314218,-74.0006056,bar,Manhattan
node/6223911885,Victor’s Café,40.7629409,-73.984028,restaurant,Manhattan
node/6228048387,Fumo,40.742602,-73.9801487,restaurant,Manhattan
node/6230652175,Kazuza,40.7259527,-73.9837876,nightclub,Manhattan
node/6230656902,Somtum Der,40.7252003,-73.9843444,restaurant,Manhattan
node/6230656984,Corner Bistro East,40.725505,-73.9837463,pub,Manhattan
node/6230657023,Sing Sing,40.7251191,-73.9843896,bar,Manhattan
node/6230657923,Takahachi,40.7252898,-73.984266,restaurant,Manhattan
node/6231480473,Food King,40.7117283,-73.9940837,restaurant,Manhattan
node/6231480917,Osamil,40.74687,-73.9864707,pub,Manhattan
node/6231491545,,40.7117182,-73.9967192,restaurant,Manhattan
node/6231491546,LianJiangDongDai INC,40.711788,-73.9967369,restaurant,Manhattan
node/6231502058,Phở Gà Vàng,40.7127475,-73.9942698,restaurant,Manhattan
node/6231502060,Golden Diner,40.7124474,-73.9942216,restaurant,Manhattan
node/6231514598,,40.71321,-73.99082,restaurant,Manhattan
node/6231514605,Ming's Cafe,40.7143291,-73.9904108,restaurant,Manhattan
node/6231529909,Jajaja Plantas Mexicanas,40.714283,-73.9903859,restaurant,Manhattan
node/6231529911,Wu's Wonton King,40.7139189,-73.989957,restaurant,Manhattan
node/6231529913,169 Bar,40.7139326,-73.9897603,bar,Manhattan
node/6231541014,Forgtmenot,40.7146073,-73.9913792,restaurant,Manhattan
node/6231541017,Bacaro,40.7145454,-73.9914975,restaurant,Manhattan
node/6233725908,Set L.E.S,40.7198803,-73.9885811,restaurant,Manhattan
node/6233725911,Izakaya Juraku,40.7196705,-73.9886785,restaurant,Manhattan
node/6233725914,Mehanata Bulgarian Bar,40.7194846,-73.9888709,bar,Manhattan
node/6233725915,Kuma Inn,40.719468,-73.9888217,restaurant,Manhattan
node/6233725916,Los Feliz,40.719392,-73.9888436,restaurant,Manhattan
node/6233803807,Pretty Ricky's,40.7199647,-73.9882898,bar,Manhattan
node/6233954065,Max Fish,40.7194025,-73.9894514,bar,Manhattan
node/6233954069,Contra,40.7199157,-73.9891737,restaurant,Manhattan
node/6233954071,Wildair,40.7200045,-73.9891428,restaurant,Manhattan
node/6233979172,Theatre Row Diner,40.7587807,-73.9938672,restaurant,Manhattan
node/6233982619,Chez Josephine,40.758598,-73.9934953,restaurant,Manhattan
node/6233982654,West Bank Cafe,40.7587872,-73.9930533,restaurant,Manhattan
node/6233991635,Turkish Cuisine,40.7600863,-73.9916414,restaurant,Manhattan
node/6233991645,Obao,40.7606269,-73.9912736,restaurant,Manhattan
node/6233992412,Mari,40.7615248,-73.9906111,restaurant,Manhattan
node/6233995698,Lilly's,40.7613761,-73.9906947,restaurant,Manhattan
node/6233995772,Mom's Kitchen & Bar,40.7624142,-73.9899588,restaurant,Manhattan
node/6233999017,Gazalas,40.7626427,-73.9897868,restaurant,Manhattan
node/6234654089,5 Bar Karaoke Lounge,40.7477867,-73.9874231,bar,Manhattan
node/6236928048,Sago Hotel,40.7194926,-73.9899366,hotel,Manhattan
node/6236928052,Antler Beer & Wine Dispensary,40.7198154,-73.9903628,bar,Manhattan
node/6236943852,Sushi King,40.7208864,-73.9898054,restaurant,Manhattan
node/6236943854,Copper & Oak,40.7210247,-73.9897308,bar,Manhattan
node/6236943855,Ms. Yoo,40.7211839,-73.9896938,restaurant,Manhattan
node/6250764200,Happy Garden Palace,40.7137479,-73.99549,restaurant,Manhattan
node/6252179316,Saluggi's,40.7201178,-74.0036225,restaurant,Manhattan
node/6258099099,Añejo Tribeca,40.7193126,-74.0042535,restaurant,Manhattan
node/6258331006,Westville,40.7018224,-73.9895039,restaurant,Manhattan
node/6260877963,Young Xinjiang BBQ Cart,40.7136196,-73.993807,restaurant,Manhattan
node/6260877964,Xing Wong BBQ,40.7136265,-73.9937134,restaurant,Manhattan
node/6260877968,New Wong,40.7136792,-73.9931769,restaurant,Manhattan
node/6260877969,Lan Zhou Ramen 107,40.7136866,-73.9930117,restaurant,Manhattan
node/6261876005,Sun Sai Gai Restaurant,40.717196,-73.9993781,restaurant,Manhattan
node/6262714386,hotel mela,40.7565163,-73.984341,hotel,Manhattan
node/6274225043,Ji Bei Chuan,40.7175647,-73.994344,restaurant,Manhattan
node/6277896351,CAFETERIA,40.7404947,-73.9980066,restaurant,Manhattan
node/6278117442,L'Express,40.7380991,-73.9876326,restaurant,Manhattan
node/6278128485,Superiority Burger,40.7264466,-73.9834307,restaurant,Manhattan
node/6280146793,Public Records,40.6821013,-73.9865223,bar,Manhattan
node/6285668319,Sushi By Bou,40.7584918,-73.983254,restaurant,Manhattan
node/6288548793,Soho Garden Hotel,40.7190209,-74.0016678,hotel,Manhattan
node/6293417989,Cibao Restaurant,40.7191277,-73.9849303,restaurant,Manhattan
node/6307037082,Ki Sushi,40.687627,-73.990004,restaurant,Manhattan
node/6307037084,Wild Ginger Vegan Cafe,40.687894,-73.9898271,restaurant,Manhattan
node/6307293916,Dastaan Indian Kitchen,40.6877916,-73.9895969,restaurant,Manhattan
node/6308814785,Amy Ruth's Downtown,40.7369618,-73.9954517,restaurant,Manhattan
node/6309444106,Courtyard New York Downtown Manhattan/World Trade Center Area,40.7082719,-74.0136192,hotel,Manhattan
node/6311383922,KJUN,40.7489626,-73.9763378,restaurant,Manhattan
node/6311383928,Sushi Ryusei,40.7484457,-73.9751358,restaurant,Manhattan
node/6311932917,The Black Sheep,40.7485846,-73.9758077,pub,Manhattan
node/6311990216,Norikoh,40.7504909,-73.9819457,restaurant,Manhattan
node/6315494061,Amarachi,40.6981153,-73.984818,restaurant,Manhattan
node/6316813126,The World Bar,40.7526022,-73.9675407,bar,Manhattan
node/6317286783,Two8Two Bar & Burger,40.6886203,-73.989674,pub,Manhattan
node/6321410065,Reichenbach Hall,40.7508098,-73.9840031,restaurant,Manhattan
node/6321504681,St. Pat's Bar & Grill,40.7564278,-73.9803554,bar,Manhattan
node/6334123626,The Bar at Baccarat Hotel,40.7608428,-73.9773161,bar,Manhattan
node/6335392584,Pita & Beyond,40.7426715,-73.9801025,restaurant,Manhattan
node/6340372268,Verde,40.6844214,-73.9921775,restaurant,Manhattan
node/6340372269,Purépecha,40.6845256,-73.9918128,restaurant,Manhattan
node/6340488796,Ming Mun,40.6850623,-73.9917403,restaurant,Manhattan
node/6341278785,Le Burger,40.7240438,-73.9827327,restaurant,Manhattan
node/6341925958,Ssam,40.6859093,-73.991186,restaurant,Manhattan
node/6341925959,Cibao,40.6858533,-73.9912234,restaurant,Manhattan
node/6342212317,The Lobster Club,40.7584777,-73.9721247,restaurant,Manhattan
node/6342778286,Jimmy at The James,40.7224501,-74.0048185,bar,Manhattan
node/6344011421,Quantum Leap,40.7606061,-73.9614838,restaurant,Manhattan
node/6348576200,Clinton Hall 36,40.7500481,-73.9847324,restaurant,Manhattan
node/6351737294,Le Reve,40.7593749,-73.9711618,restaurant,Manhattan
node/6352784394,Miraj Healthy Grill,40.7465244,-73.980481,restaurant,Manhattan
node/6356436787,Three Times,40.7328388,-73.9910154,restaurant,Manhattan
node/6356571487,Shorty’s,40.7581173,-73.9925987,restaurant,Manhattan
node/6356581985,Kame Ramen,40.7442489,-73.9831707,restaurant,Manhattan
node/6356748087,Keki Modern Cakes,40.7164858,-73.9980912,restaurant,Manhattan
node/6356918085,The Little One,40.714103,-73.9909671,restaurant,Manhattan
node/6356932387,Catmint Wheel Cake,40.7299964,-74.0003585,restaurant,Manhattan
node/6356964285,DIU Tea,40.7209969,-73.9886406,restaurant,Manhattan
node/6367931785,The Monster,40.7334177,-74.0021471,bar,Manhattan
node/6369348885,Fresh&Co,40.7573465,-73.9693316,restaurant,Manhattan
node/6369617399,Nam Son,40.7181712,-73.9943317,restaurant,Manhattan
node/6371366886,Fresh & Co,40.7569432,-73.9717891,restaurant,Manhattan
node/6371402485,The Polo Bar,40.7615247,-73.9743066,bar,Manhattan
node/6371402585,Bon Courage,40.7154148,-74.0071919,bar,Manhattan
node/6371442486,Estela,40.7246217,-73.9947736,restaurant,Manhattan
node/6371446385,Nur,40.7385414,-73.9888236,restaurant,Manhattan
node/6371534686,Bowery Palace,40.7257417,-73.991767,bar,Manhattan
node/6371598588,Zuma,40.7504796,-73.9806195,restaurant,Manhattan
node/6371628985,꽃,40.7410352,-73.9914328,restaurant,Manhattan
node/6372786025,Montero's Bar,40.6913864,-73.9979208,bar,Manhattan
node/6372878730,Bohemien,40.6911503,-73.9970496,bar,Manhattan
node/6372943453,Taiki,40.6845509,-73.9838192,restaurant,Manhattan
node/6375303885,The Fleur Room,40.7464637,-73.9909625,bar,Manhattan
node/6378468600,The Horny Ram,40.7552533,-73.9685194,restaurant,Manhattan
node/6389330763,The Quarter,40.6873385,-73.9748808,restaurant,Manhattan
node/6389664887,Vida Verde,40.7648888,-73.9834965,bar,Manhattan
node/6389702965,Billymark's West,40.7502652,-73.9983421,bar,Manhattan
node/6391739434,Grand Canyon Bistro,40.6875403,-73.9827409,restaurant,Manhattan
node/6392122786,Dizzy’s Club,40.7685685,-73.9824278,nightclub,Manhattan
node/6394873173,Yoon Haeundae Galbi,40.7499088,-73.9844632,restaurant,Manhattan
node/6396451192,Ostrica,40.7418537,-73.9777299,restaurant,Manhattan
node/6398111372,Barracuda Bar,40.7445405,-73.998373,bar,Manhattan
node/6400825486,Mighty Quinn's,40.7531767,-73.987425,restaurant,Manhattan
node/6402886957,Alibi,40.6893642,-73.9694855,bar,Manhattan
node/6403172123,Patsy's Pizzaria,40.761859,-73.9656837,restaurant,Manhattan
node/6407832772,Sid Gold's Request Room,40.7458591,-73.9936087,bar,Manhattan
node/6407882846,Plant Made,40.7260386,-73.9897726,restaurant,Manhattan
node/6412293526,Coletta Italian Vegan Restaurant,40.7409361,-73.981374,restaurant,Manhattan
node/6418252593,Olive Garden,40.7594748,-73.9847715,restaurant,Manhattan
node/6418362084,Fig & Olive,40.7405856,-74.0069587,restaurant,Manhattan
node/6418373475,Cafe Boulud,40.7743902,-73.9639545,restaurant,Manhattan
node/6418378714,Carbone,40.7280028,-74.0002252,restaurant,Manhattan
node/6422254286,,40.7607166,-73.9794734,restaurant,Manhattan
node/6423386492,Cecconi’s Dumbo,40.7036177,-73.9916537,restaurant,Manhattan
node/6424147876,Five Senses,40.7475798,-73.9861702,restaurant,Manhattan
node/6426977889,Buffalo Wild Wings,40.7601612,-73.9864034,restaurant,Manhattan
node/6433889787,Norma’s,40.7642411,-73.9785007,restaurant,Manhattan
node/6434573686,B&H Dairy,40.7284226,-73.988016,restaurant,Manhattan
node/6434631784,Doppelgänger,40.693244,-73.9692317,bar,Manhattan
node/6436938481,Untable,40.6835849,-73.9994989,restaurant,Manhattan
node/6445549431,Tipsy Shanghai,40.7487961,-73.9761031,restaurant,Manhattan
node/6445572939,The Junction,40.7493187,-73.9773908,pub,Manhattan
node/6448338511,Indian Table,40.6860069,-73.9943382,restaurant,Manhattan
node/6448338516,Sam's Steaks & Chops,40.6858748,-73.9943817,restaurant,Manhattan
node/6448401432,Joya,40.6867006,-73.9936342,restaurant,Manhattan
node/6453371197,Charm Kao,40.6892162,-73.986307,restaurant,Manhattan
node/6453371200,Dallas BBQ,40.6900019,-73.9870953,restaurant,Manhattan
node/6457357185,Casellula,40.76003,-73.9764733,restaurant,Manhattan
node/6457983889,The Press Lounge - Rooftop,40.7645137,-73.9958411,bar,Manhattan
node/6458026085,Avant Garden,40.7256438,-73.9840147,restaurant,Manhattan
node/6458055785,Pietro Nolita,40.7210061,-73.9947024,restaurant,Manhattan
node/6462532123,The Smith,40.7309828,-73.9886341,restaurant,Manhattan
node/6462866685,Sushi Para 88,40.7386729,-74.0007672,restaurant,Manhattan
node/6462874433,Chef 28,40.7438416,-73.9849909,restaurant,Manhattan
node/6465763264,Atti,40.688351,-73.9828201,restaurant,Manhattan
node/6466486185,Iguana New York,40.7641961,-73.9832028,restaurant,Manhattan
node/6468283466,Les Enfants de Bohème,40.7136197,-73.9887706,restaurant,Manhattan
node/6468793385,Awash,40.7265709,-73.9868216,restaurant,Manhattan
node/6473236071,Sophie’s,40.7247462,-73.9838567,bar,Manhattan
node/6473303178,Ukrainian East Village Restaurant,40.7288929,-73.9871544,restaurant,Manhattan
node/6475002986,Tad’s Steakhouse,40.7612776,-73.9828873,restaurant,Manhattan
node/6475053286,Soho Sushi,40.7297573,-73.9994822,restaurant,Manhattan
node/6475062686,Bento Nouveau,40.7059216,-74.0129774,restaurant,Manhattan
node/6478973525,Pongal,40.7421877,-73.9826126,restaurant,Manhattan
node/6479506185,Club Quarters Hotel at World Trade Center,40.7097904,-74.0138914,hotel,Manhattan
node/6481688224,Il Posto Accanto,40.7223924,-73.9840765,restaurant,Manhattan
node/6483003192,Orso,40.7601137,-73.9890051,restaurant,Manhattan
node/6483237643,Nizza,40.7600473,-73.9911963,restaurant,Manhattan
node/6484411496,Bibi Wine Bar,40.7238517,-73.983598,bar,Manhattan
node/6493242785,Lilly's,40.7771326,-73.9785802,bar,Manhattan
node/6495270312,Flame Hibachi,40.7415111,-73.9809588,restaurant,Manhattan
node/6495340586,Wok in the Clouds,40.7428983,-73.9827962,restaurant,Manhattan
node/6497976385,GFG. Greek Food from Greece,40.7639657,-73.9888381,restaurant,Manhattan
node/6499655685,Zazzy's Pizza,40.7215656,-73.9885854,restaurant,Manhattan
node/6501029661,Popina,40.6873184,-74.0013737,restaurant,Manhattan
node/6501029664,The Hop Shop,40.6874926,-74.0013482,bar,Manhattan
node/6501194994,5ive Spice,40.6814403,-73.9772244,restaurant,Manhattan
node/6501259685,bella vita tranttoria,40.7568075,-73.9867028,restaurant,Manhattan
node/6507019904,Lenwich,40.7506665,-73.9915474,restaurant,Manhattan
node/6530593033,Downtown Yummy Restaurant,40.7134187,-73.9961407,restaurant,Manhattan
node/6534229343,Gardenia Terrace,40.7676505,-73.989397,bar,Manhattan
node/6534289830,Yemen Cafe,40.6898778,-73.9936627,restaurant,Manhattan
node/6534289835,Hadramout Restaurant,40.6898537,-73.9938453,restaurant,Manhattan
node/6534358437,Mazzat,40.6849562,-74.0028984,restaurant,Manhattan
node/6535545682,Pollo D'Oro,40.6949508,-73.9834333,restaurant,Manhattan
node/6535545683,Menya Jiro,40.6949347,-73.9835767,restaurant,Manhattan
node/6538373186,NAYA Mezze & Grill,40.7584922,-73.9661187,restaurant,Manhattan
node/6538393285,NAYA Express,40.7588799,-73.9749741,restaurant,Manhattan
node/6538395986,NAYA Express,40.7632356,-73.9769411,restaurant,Manhattan
node/6538493024,Raku East Village,40.7265,-73.9866532,restaurant,Manhattan
node/6542803859,Ahimsa,40.7479448,-73.9758207,restaurant,Manhattan
node/6542803860,Peter Dillon's,40.7499156,-73.9767115,pub,Manhattan
node/6543504647,Pepe Giallo,40.7468928,-74.0050275,restaurant,Manhattan
node/6545078816,Katana Sushi,40.6847064,-74.0030201,restaurant,Manhattan
node/6554084385,Mr. Broadway Kosher,40.7524576,-73.9871786,restaurant,Manhattan
node/6556206307,Black Walnut,40.6895176,-73.9879408,restaurant,Manhattan
node/6562024133,Le Privé,40.7611135,-73.9941574,restaurant,Manhattan
node/6564006743,The Pod Times Square,40.7584977,-73.9932281,hotel,Manhattan
node/6564024415,Irish Bar,40.7580663,-73.9926663,pub,Manhattan
node/6564102311,Death By Pizza,40.7409605,-74.0049638,restaurant,Manhattan
node/6565478400,Spicy Moon,40.7267295,-73.9871986,restaurant,Manhattan
node/6566728785,East dumpling,40.715869,-73.9928944,restaurant,Manhattan
node/6566728787,Go! Go! Curry,40.7098464,-74.0090195,restaurant,Manhattan
node/6566728885,Poké Bowl,40.7042695,-74.0117256,restaurant,Manhattan
node/6566940485,Kati Roll Company,40.7091007,-74.0091471,restaurant,Manhattan
node/6568369185,off the wagon,40.7299118,-74.0008153,bar,Manhattan
node/6568734440,Inhabit karaoke lounge,40.7157167,-73.9934918,bar,Manhattan
node/6568734638,Hao Noodle,40.7407628,-74.0044284,restaurant,Manhattan
node/6568734704,Dumpling Man,40.7271837,-73.9847349,restaurant,Manhattan
node/6568735408,Takumi,40.7181774,-73.9918389,restaurant,Manhattan
node/6568736486,Parm,40.7230403,-73.9957307,restaurant,Manhattan
node/6568743285,CAVA,40.7219556,-73.996497,restaurant,Manhattan
node/6568795185,Spring Lounge,40.7219227,-73.9964156,bar,Manhattan
node/6568807585,b&b winebar,40.7258103,-73.9981248,bar,Manhattan
node/6568824111,At Thai Restaurant,40.7618562,-73.9940965,restaurant,Manhattan
node/6573662300,Rustik Tavern,40.6989353,-73.970904,pub,Manhattan
node/6573662328,Transmitter Brewing,40.6989418,-73.9710556,bar,Manhattan
node/6575701885,Pastis,40.7392357,-74.0069542,restaurant,Manhattan
node/6582979193,Fried Dumpling,40.7145376,-73.9992597,restaurant,Manhattan
node/6582979385,Barn Joo,40.7368428,-73.9906883,restaurant,Manhattan
node/6583001086,Ho Foods,40.7264166,-73.9847126,restaurant,Manhattan
node/6583004985,886,40.7288654,-73.9886584,restaurant,Manhattan
node/6597691422,Joey Pepperoni’s Pizza,40.7187899,-74.0026198,restaurant,Manhattan
node/6597932385,refinery rooftop,40.7522458,-73.9853353,bar,Manhattan
node/6611254403,Kevin's Pub,40.755819,-73.9801852,pub,Manhattan
node/6611254406,Club Quarter Hôtel,40.7559916,-73.9812639,hotel,Manhattan
node/6615272810,Yum yum too,40.7609971,-73.9905173,restaurant,Manhattan
node/6615272815,Mitr Thai,40.7567769,-73.9804939,restaurant,Manhattan
node/6615272824,The Dawson,40.7559902,-73.9805626,restaurant,Manhattan
node/6615272826,The Hotel @ Times Square,40.7571139,-73.9812965,hotel,Manhattan
node/6615272829,Valerie,40.7562438,-73.9812159,restaurant,Manhattan
node/6622046385,Bar Snack,40.7269947,-73.9886158,bar,Manhattan
node/6622046485,Pho Grand,40.7176968,-73.9927709,restaurant,Manhattan
node/6622185985,il Buco,40.7258235,-73.9929943,restaurant,Manhattan
node/6622267485,The Woo,40.7252195,-74.0037768,restaurant,Manhattan
node/6630517161,CAVA,40.7274974,-74.0071128,restaurant,Manhattan
node/6630517163,MakiMaki,40.7277372,-74.0070702,restaurant,Manhattan
node/6630517164,Glaze,40.7277965,-74.0070614,restaurant,Manhattan
node/6633208285,Pazza Notte,40.7634136,-73.9781054,restaurant,Manhattan
node/6644584701,Kimyo,40.6810767,-73.9771418,restaurant,Manhattan
node/6648520617,Angelo's Pizza,40.7638111,-73.982806,restaurant,Manhattan
node/6654169785,Smith's Bar,40.7587626,-73.9888983,restaurant,Manhattan
node/6659539085,L'accolade,40.732491,-74.0038579,restaurant,Manhattan
node/6662115185,The Standard,40.727873,-73.9907388,restaurant,Manhattan
node/6680357308,Cork & Kale,40.6875783,-73.9818254,bar,Manhattan
node/6680633193,House of Wax,40.6912513,-73.9831859,bar,Manhattan
node/6680695929,Sahib Indian Cuisine,40.7422764,-73.9829114,restaurant,Manhattan
node/6680695932,O'Hanlons Bar,40.7316647,-73.9829175,bar,Manhattan
node/6680706006,Mirrors on Grand,40.6882335,-73.9629169,bar,Manhattan
node/6702620776,Park Terrace Hotel,40.7524506,-73.9829743,hotel,Manhattan
node/6709864873,Ace Bar,40.7243649,-73.9829025,bar,Manhattan
node/6732642783,Five Boys Fresh Pizza,40.7287287,-74.0050957,restaurant,Manhattan
node/6733996099,The Rice Noodle,40.7292129,-74.0015146,restaurant,Manhattan
node/6733996101,Hello Saigon,40.7289364,-74.0009503,restaurant,Manhattan
node/6734071961,The Brooklyneer,40.7286547,-74.0045899,bar,Manhattan
node/6752564942,mazete,40.7412999,-73.993727,restaurant,Manhattan
node/6752564945,Essen Chelsea,40.7425047,-73.9933612,restaurant,Manhattan
node/6761624789,Juke Bar,40.7310697,-73.9855764,bar,Manhattan
node/6763864286,Curry Dream,40.7526496,-73.985124,restaurant,Manhattan
node/6764557213,Ming Wong,40.716,-73.9983757,restaurant,Manhattan
node/6769036965,Sarabeth's,40.7182859,-74.01025,restaurant,Manhattan
node/6775582688,Cascade,40.7644289,-73.9842669,restaurant,Manhattan
node/6791095179,Olympia Pita,40.7300818,-74.0002912,restaurant,Manhattan
node/6791524796,San Carlo Osteria Piemonte,40.7251488,-74.0022186,restaurant,Manhattan
node/6795570589,Empire Steakhouse,40.7561488,-73.971257,restaurant,Manhattan
node/6795887931,Shun Chang Chicken Duck Super,40.7141785,-73.9905853,restaurant,Manhattan
node/6795916190,He Xie Grocery Store,40.7141804,-73.9906771,restaurant,Manhattan
node/6802800188,CAVA,40.7058652,-74.0087804,restaurant,Manhattan
node/6807878874,The Mason Jar,40.7448906,-73.9836804,restaurant,Manhattan
node/6808438332,Idashi,40.6809465,-73.9759334,restaurant,Manhattan
node/6814208895,Quique Crudo,40.7291813,-74.0036625,restaurant,Manhattan
node/6817950285,Juice Generation,40.7376211,-73.9899652,restaurant,Manhattan
node/6824102445,Henry Public,40.6902852,-73.9962966,pub,Manhattan
node/6824291096,Xochitl Taqueria,40.6857188,-73.991295,restaurant,Manhattan
node/6833456285,Death Ave brewing Co.,40.7510637,-74.0019532,bar,Manhattan
node/6834261087,John Devon's,40.7423414,-73.984547,bar,Manhattan
node/6836077126,Shalel,40.7760721,-73.9794282,restaurant,Manhattan
node/6836090976,Tagine,40.7539456,-73.9895539,restaurant,Manhattan
node/6839024571,Elsa,40.6903355,-73.9953133,bar,Manhattan
node/6839024576,El Cedro,40.6902541,-73.9950328,restaurant,Manhattan
node/6852143019,Wagamama,40.748833,-73.975442,restaurant,Manhattan
node/6852207223,Hunan Village,40.7496807,-73.9771518,restaurant,Manhattan
node/6852273046,La Stanza,40.7497088,-73.9775565,restaurant,Manhattan
node/6852273047,Sushi Zo,40.7497373,-73.9776384,restaurant,Manhattan
node/6852273049,Kokage,40.749812,-73.9777557,restaurant,Manhattan
node/6852273050,La Brochette Steakhouse,40.7498479,-73.9774133,restaurant,Manhattan
node/6853619386,Skylark,40.7364946,-73.9930574,bar,Manhattan
node/6892940430,The Francis Kite Club,40.7218222,-73.980295,nightclub,Manhattan
node/6898115689,Dear Irving,40.755519,-73.9919666,bar,Manhattan
node/6898115690,Flûte,40.7639513,-73.9819712,bar,Manhattan
node/6898129085,Lillie‘s,40.7615503,-73.9859763,bar,Manhattan
node/6902874803,Banzarbar,40.7220111,-73.9924309,bar,Manhattan
node/6910650054,Indi Thai,40.7198493,-73.9903448,restaurant,Manhattan
node/6910698799,Revival,40.7214223,-73.9877903,restaurant,Manhattan
node/6910728948,Mama Fina's House of Filipino Sisig,40.7282376,-73.9821344,restaurant,Manhattan
node/6910728950,Two Boots,40.7236983,-73.9850618,restaurant,Manhattan
node/6910733392,Kelly's,40.7225188,-73.9859212,bar,Manhattan
node/6910758321,Ahimsa,40.7283918,-73.983236,restaurant,Manhattan
node/6910793421,New Arc Chicken,40.7311721,-73.9829309,restaurant,Manhattan
node/6916714072,Hao Xin Qing Fashion,40.7141341,-73.9908408,restaurant,Manhattan
node/6917406686,Sky Room,40.7565519,-73.9924744,bar,Manhattan
node/6919152917,Au Cheval Diner,40.7180421,-74.0019638,restaurant,Manhattan
node/6920037989,Grand Central Oyster Bar and Restaurant,40.7524188,-73.9773429,restaurant,Manhattan
node/6939934109,Lao Jie Hot Pot & BBQ,40.7176315,-73.9950282,restaurant,Manhattan
node/6940112503,Trapizzino,40.7203717,-73.9889547,restaurant,Manhattan
node/6943963085,above 6 sushi rooftop bar,40.7674142,-73.9831796,bar,Manhattan
node/6943977885,Monarch Rooftop,40.7503902,-73.9867656,bar,Manhattan
node/6944119885,Cantina Rooftop,40.7649566,-73.995973,bar,Manhattan
node/6949714236,Libertador,40.6873143,-73.9980445,restaurant,Manhattan
node/6949740429,Bel Ami Cafe,40.7690363,-73.9671242,restaurant,Manhattan
node/6949740433,Nectar of 82nd Street,40.7782135,-73.9609828,restaurant,Manhattan
node/6951956385,La Cava Wine Bar,40.7548244,-73.968816,bar,Manhattan
node/6955002285,Le Botaniste Organic Vegetarian Wine Bar,40.7513984,-73.9742258,restaurant,Manhattan
node/6955034545,Mangia,40.7417763,-73.9906298,restaurant,Manhattan
node/6966448551,Brass Monkey,40.7406797,-74.0084922,bar,Manhattan
node/6967870385,Pete's Tavern,40.7365064,-73.9867109,restaurant,Manhattan
node/6969654187,Eim Khao Mun Kai,40.72845,-73.987993,restaurant,Manhattan
node/6980177370,Grotta Azzurra,40.7204043,-73.9969996,restaurant,Manhattan
node/6981865793,Istanbul Kebab House,40.7625456,-73.9893759,restaurant,Manhattan
node/6991451741,11th Street Bar,40.7280803,-73.9812286,pub,Manhattan
node/7036473776,Tara Rose,40.7417613,-73.9812336,restaurant,Manhattan
node/7039664885,A Slice of New York,40.7596528,-73.988293,restaurant,Manhattan
node/7045376572,Love and Dough,40.703047,-73.9874743,restaurant,Manhattan
node/7045713638,Desmond's Tavern,40.7441961,-73.9832046,bar,Manhattan
node/7047004787,Hold Fast,40.7606026,-73.9902545,restaurant,Manhattan
node/7047037587,STK Midtown,40.7548374,-73.9827653,restaurant,Manhattan
node/7047041785,Cathédral,40.7315779,-73.9895131,restaurant,Manhattan
node/7047049185,St. Cloud Rooftop Bar,40.7552396,-73.9860413,bar,Manhattan
node/7047054385,PHD Downtown,40.7422144,-74.0036566,nightclub,Manhattan
node/7047129386,Fig. 19,40.7194981,-73.993485,bar,Manhattan
node/7047133885,TLounge,40.7436095,-74.0031089,bar,Manhattan
node/7047617885,Dear Irving,40.7361389,-73.9874097,bar,Manhattan
node/7047644285,The Empire Rooftop,40.7713394,-73.9827159,bar,Manhattan
node/7047818085,Ophelia Lounge NYC,40.7533299,-73.966171,bar,Manhattan
node/7047818086,The Crown,40.7159358,-73.9966617,bar,Manhattan
node/7047831585,Harriet's Rooftop,40.7024228,-73.9955097,bar,Manhattan
node/7047832885,Spyglass Rooftop,40.7519614,-73.9847937,bar,Manhattan
node/7047864187,Castell Rooftop Lounge,40.755533,-73.9902804,bar,Manhattan
node/7048001985,Piccola Cucina,40.7262766,-74.0021542,restaurant,Manhattan
node/7048022347,"One if by Land, Two by if See",40.7325495,-74.0026275,restaurant,Manhattan
node/7048160885,Pokito,40.7115821,-73.961763,bar,Manhattan
node/7048165985,The Polynesian,40.7583871,-73.9930724,bar,Manhattan
node/7048181785,Excuse My French,40.7184645,-73.9899363,bar,Manhattan
node/7049475985,Posh,40.738536,-73.9857699,bar,Manhattan
node/7049483885,NoMad Bar,40.7448615,-73.9882503,bar,Manhattan
node/7049573985,Electric Room,40.7422914,-74.0034322,nightclub,Manhattan
node/7049605285,The Box,40.7218957,-73.9922775,nightclub,Manhattan
node/7049620585,The Blonde,40.7191934,-74.000084,bar,Manhattan
node/7050439887,Marquee,40.7500931,-74.0028209,nightclub,Manhattan
node/7055777987,Lindys,40.762939,-73.9821435,restaurant,Manhattan
node/7061899686,Noodies Thai Kitchen,40.7662252,-73.9867368,restaurant,Manhattan
node/7061916385,Kashkaval Garden,40.7667648,-73.9861831,restaurant,Manhattan
node/7061919185,Blue Seafood Bar,40.7668916,-73.9861952,restaurant,Manhattan
node/7062657176,Empanada Mama,40.7644156,-73.9885174,restaurant,Manhattan
node/7062675586,The Standard Rooftop Bar,40.7406851,-74.0079045,bar,Manhattan
node/7072974787,Smør,40.7293429,-73.9816876,restaurant,Manhattan
node/7075366387,Compagnie des Vins Surnaturels,40.7204999,-73.9980785,bar,Manhattan
node/7075387185,Wayan,40.7213704,-73.9950789,restaurant,Manhattan
node/7077542685,Onieal’s,40.7196632,-73.9978597,restaurant,Manhattan
node/7077578988,Cafeta Social Club Italian Restaurant,40.7241895,-73.9945177,restaurant,Manhattan
node/7077876287,The Leopard at des Artistes,40.773462,-73.9788968,restaurant,Manhattan
node/7078534435,Shabu-Tatsu,40.7292812,-73.9858915,restaurant,Manhattan
node/7078534436,Rai Rai Ken,40.7292423,-73.9857986,restaurant,Manhattan
node/7078534437,Hard to Explain,40.7291395,-73.9855532,bar,Manhattan
node/7078649959,East Village Hotel,40.7284273,-73.9851727,hotel,Manhattan
node/7079145390,BB.Q Olive Chicken,40.747835,-73.986847,restaurant,Manhattan
node/7079516085,,40.76568,-73.9701137,hotel,Manhattan
node/7080440667,Bravo Pizza,40.7484534,-73.9927079,restaurant,Manhattan
node/7087039285,Una Pizza Napoletana,40.7217167,-73.9884995,restaurant,Manhattan
node/7087207951,Abaya Thai,40.7537597,-73.9935174,restaurant,Manhattan
node/7087208400,Glur Thai,40.7411945,-73.9967198,restaurant,Manhattan
node/7089475612,Bloom's Tavern,40.760572,-73.9665084,pub,Manhattan
node/7093547132,Trattoria Dell'Arte,40.7652832,-73.9804165,restaurant,Manhattan
node/7093547285,H,40.7613327,-73.9675293,restaurant,Manhattan
node/7093921926,Sean's Bar and Kitchen,40.7579901,-73.9800977,pub,Manhattan
node/7093921929,TsuroTonTan,40.7582536,-73.9807387,restaurant,Manhattan
node/7093921930,Pig'n'Whistle,40.7581616,-73.9805063,pub,Manhattan
node/7093921932,Yama Ramen,40.7581457,-73.9806079,restaurant,Manhattan
node/7093921941,Ippudo,40.7564517,-73.9804099,restaurant,Manhattan
node/7093921944,Via Brasil,40.7566081,-73.9806982,restaurant,Manhattan
node/7093921945,Nino's 46,40.7568086,-73.9805692,restaurant,Manhattan
node/7097867541,Hair Of The Dog,40.7213153,-73.9884871,pub,Manhattan
node/7097867545,The Skinny Bar,40.7215883,-73.9883313,bar,Manhattan
node/7097867546,Ankara #3,40.7225587,-73.988108,restaurant,Manhattan
node/7098499225,Sushi Kai,40.728599,-73.9860977,restaurant,Manhattan
node/7098944758,BLT Prime,40.7715244,-73.9615969,restaurant,Manhattan
node/7098987894,Orsay,40.7724091,-73.9605564,restaurant,Manhattan
node/7099017456,Melody's Piano Bar,40.7710341,-73.9619458,bar,Manhattan
node/7112624485,Sophra Grill,40.7466487,-73.9771934,restaurant,Manhattan
node/7112758739,5ive Spice,40.7408703,-73.9814116,restaurant,Manhattan
node/7113362330,Castro's,40.6937376,-73.9644085,restaurant,Manhattan
node/7124755712,Taqueria Fort Greene,40.6930017,-73.9729655,restaurant,Manhattan
node/7124985058,Istanbul Clinton Hill,40.6834178,-73.9672664,restaurant,Manhattan
node/7125552538,Motel Morris,40.7410077,-73.9981275,restaurant,Manhattan
node/7125925885,,40.7412449,-74.0053836,restaurant,Manhattan
node/7125925886,Cha Chang Tang,40.7152633,-73.9988232,restaurant,Manhattan
node/7125925887,Sweet Chick,40.7217365,-73.987391,restaurant,Manhattan
node/7125928685,Friedman’s,40.7483305,-73.9905021,restaurant,Manhattan
node/7129746386,Kogame Ramen,40.740654,-74.0042571,restaurant,Manhattan
node/7132080961,N'ata Storia,40.6833122,-73.992633,restaurant,Manhattan
node/7132236862,Nu Hotel Bar & Lounge,40.6888618,-73.9887357,bar,Manhattan
node/7134303426,Sant Ambroeus,40.7754041,-73.9629918,restaurant,Manhattan
node/7137555876,Q'Rico No Manches,40.6930604,-73.9710978,restaurant,Manhattan
node/7137580303,Somethin on Myrtle,40.6936949,-73.9647695,restaurant,Manhattan
node/7139389687,Burger & Lobster,40.7558772,-73.9850095,restaurant,Manhattan
node/7143310276,Brado Thin Crust Pizza,40.6905616,-73.9949162,restaurant,Manhattan
node/7143310281,Al Badawi,40.6905953,-73.995038,restaurant,Manhattan
node/7149223689,Rezdôra,40.7390943,-73.9893691,restaurant,Manhattan
node/7152460743,The Bravest,40.7471122,-73.9739294,pub,Manhattan
node/7160825479,Sathi,40.7362201,-73.9852797,restaurant,Manhattan
node/7162418888,Le Botaniste,40.7204727,-74.000209,restaurant,Manhattan
node/7164989985,Barolo,40.7242457,-74.0023993,restaurant,Manhattan
node/7167147108,Berlin Under A,40.7230062,-73.9860348,bar,Manhattan
node/7172247185,Mc Carthy's,40.7580118,-73.9841151,pub,Manhattan
node/7173278105,Dosa Royale,40.6893239,-73.968636,restaurant,Manhattan
node/7173360085,K Rico Steakhouse,40.7643751,-73.988007,restaurant,Manhattan
node/7177751482,Fulton Hall,40.6877614,-73.9785857,pub,Manhattan
node/7182200996,Sai Gon Dep,40.7477679,-73.9739443,restaurant,Manhattan
node/7185598654,Luzzo's BK,40.6906469,-73.9952247,restaurant,Manhattan
node/7185674730,Ruta Oaxaca,40.6870989,-73.9903556,restaurant,Manhattan
node/7191405785,The Grand Delancey,40.7182693,-73.9881502,bar,Manhattan
node/7195064985,Piccola Cuccina Estiatorio,40.72461,-74.0030234,restaurant,Manhattan
node/7208938667,Glin Thai Bistro,40.693142,-73.9732909,restaurant,Manhattan
node/7208938668,Woori,40.6931343,-73.9730742,restaurant,Manhattan
node/7214765062,Dun Huang Miss Noodle,40.6938539,-73.9634988,restaurant,Manhattan
node/7230710385,Peter McManus Cafe,40.7418314,-73.9975703,restaurant,Manhattan
node/7237689588,Emmy Squared,40.7259556,-73.9867236,restaurant,Manhattan
node/7243408476,Bar Primi,40.7256687,-73.991784,restaurant,Manhattan
node/7254235917,MaLa Project,40.72713,-73.9854213,restaurant,Manhattan
node/7256020396,Lenz's Delicatessen,40.7336058,-73.9775005,restaurant,Manhattan
node/7272018487,Poppy,40.7290033,-73.9808662,restaurant,Manhattan
node/7275209203,AOI Kitchen,40.7268711,-73.987535,restaurant,Manhattan
node/7278381685,,40.7559966,-73.9941587,bar,Manhattan
node/7280998685,Quality Eats,40.734487,-74.0000708,restaurant,Manhattan
node/7298030171,Cafe Paradiso,40.7734245,-73.9834903,restaurant,Manhattan
node/7298120657,MIGHTY Bowl,40.7298889,-74.0003515,restaurant,Manhattan
node/7314202221,Ramen Takumi,40.7307321,-73.9953031,restaurant,Manhattan
node/7314202223,Bowllin',40.7305854,-73.9950403,restaurant,Manhattan
node/7317595435,Dame,40.7290052,-74.0014767,restaurant,Manhattan
node/7324239647,Lao Ma Spicy,40.7309117,-73.9934941,restaurant,Manhattan
node/7324240299,Yaso Noodle Bar,40.7302173,-73.9940092,restaurant,Manhattan
node/7360048870,Barbounia,40.7382829,-73.9880343,restaurant,Manhattan
node/7360048871,Farmers & the Fish,40.7379953,-73.9876977,restaurant,Manhattan
node/7360048872,MoMo,40.7378703,-73.9877775,restaurant,Manhattan
node/7360048875,Boucherie,40.7373226,-73.9881724,restaurant,Manhattan
node/7360048881,Seahorse NYC,40.7365859,-73.9887196,restaurant,Manhattan
node/7362789427,CAVA,40.7408801,-73.9855827,restaurant,Manhattan
node/7362999642,Clara's Gramercy,40.7377165,-73.9812475,bar,Manhattan
node/7366099843,Bobby's Night Out,40.7254543,-73.9780492,bar,Manhattan
node/7367435626,Mikado,40.7372427,-73.9971516,restaurant,Manhattan
node/7412581460,Klong,40.7293986,-73.9892603,restaurant,Manhattan
node/7415479526,Hilton Garden Inn Midtown Park Avenue,40.7468137,-73.982336,hotel,Manhattan
node/7477289147,The Boil,40.7301569,-73.9941457,restaurant,Manhattan
node/7503867831,South of the Clouds,40.7326017,-73.9974121,restaurant,Manhattan
node/7509089435,Askili Orchard,40.7334356,-73.9999276,restaurant,Manhattan
node/7591060171,Morty's Wine & Beer Bar,40.772094,-73.9906024,bar,Manhattan
node/7591060174,Friedman's,40.7731777,-73.989566,restaurant,Manhattan
node/7593868773,Le Soleil,40.7686023,-73.988717,restaurant,Manhattan
node/7593868777,Casabianca,40.7685334,-73.9887733,restaurant,Manhattan
node/7596986485,Jua,40.7397337,-73.9878018,restaurant,Manhattan
node/7596986631,Atoboy,40.7436985,-73.9845074,restaurant,Manhattan
node/7596991341,Crown Shy,40.706227,-74.0075097,restaurant,Manhattan
node/7633747474,Forever Taste Restaurant,40.7129251,-73.9899262,restaurant,Manhattan
node/7633747475,Madison St Pizza,40.7128689,-73.9888428,restaurant,Manhattan
node/7633814598,El Castillo De Manhattan,40.7128198,-73.9895012,restaurant,Manhattan
node/7653745268,Triple Crown,40.7476165,-73.9933167,pub,Manhattan
node/7653745273,Haymaker,40.748746,-73.9952843,restaurant,Manhattan
node/7657278602,Rolls & Bowls,40.7718581,-73.9855139,restaurant,Manhattan
node/7657302426,Moko,40.7288045,-73.9872898,restaurant,Manhattan
node/7667683409,Paddy Maguire's,40.7366487,-73.9844977,pub,Manhattan
node/7678152126,Sophie's Cuban Cuisine,40.7406022,-73.9877902,restaurant,Manhattan
node/7680594079,Dish Restaurant,40.7436917,-73.9999031,restaurant,Manhattan
node/7680594082,el coco,40.7435443,-73.9995047,restaurant,Manhattan
node/7680594083,Charm's,40.7434956,-73.9995423,restaurant,Manhattan
node/7700135685,Taq,40.7151708,-74.0104716,restaurant,Manhattan
node/7700142886,Vcafe,40.7184168,-74.0102722,restaurant,Manhattan
node/7700168785,Zona Tribeca,40.7186643,-74.0102017,restaurant,Manhattan
node/7700401455,Walters,40.7493415,-73.995763,restaurant,Manhattan
node/7700401457,,40.7494967,-73.9956416,restaurant,Manhattan
node/7700401461,Rowdy Rooster Indian Fried Chicken,40.7490376,-73.9902532,restaurant,Manhattan
node/7717760985,Tacombi,40.7046131,-74.0116878,restaurant,Manhattan
node/7747395789,Paramount Hotel,40.7592445,-73.9869234,hotel,Manhattan
node/7768153642,omakase Osukāā,40.7550569,-73.9774184,restaurant,Manhattan
node/7794379162,noreetuh,40.7273102,-73.9852896,restaurant,Manhattan
node/7820550080,Thai Farm Kitchen Seaport,40.7082346,-74.0016985,restaurant,Manhattan
node/7820953442,Jimmy’s,40.7531352,-73.9882647,pub,Manhattan
node/7903073467,Savelli,40.6851132,-73.9913988,restaurant,Manhattan
node/7905888984,Cacio e Pepe,40.7306355,-73.9859173,restaurant,Manhattan
node/7906873339,Socarrat Paella Bar,40.7244928,-73.9950083,restaurant,Manhattan
node/7925421799,Dinastia Ecuadorian Food #2,40.710754,-73.9638048,restaurant,Manhattan
node/7951139837,Hamachi Sushi,40.7472523,-73.9822072,restaurant,Manhattan
node/7951139843,The Long Hall,40.7472278,-73.9821484,pub,Manhattan
node/7951223515,Gogi,40.7536287,-73.9912381,restaurant,Manhattan
node/7951223520,Sakura Of Japan,40.7546559,-73.9912359,restaurant,Manhattan
node/7951223521,Pizzacafe,40.7542417,-73.9917234,restaurant,Manhattan
node/7951223526,Go! Go! Curry!,40.7546364,-73.9911871,restaurant,Manhattan
node/7951223530,Blue Maiz Kitchen,40.7554759,-73.990837,restaurant,Manhattan
node/7951259781,McKenna’s Bar,40.7394065,-74.0021129,bar,Manhattan
node/7951261386,Grace's,40.7394377,-74.0021913,bar,Manhattan
node/8000650772,Milano's Bar,40.724629,-73.9946134,bar,Manhattan
node/8062702032,AO Organic Japanese,40.7527533,-73.9875518,restaurant,Manhattan
node/8097608582,Mughlai Indian Cuisine,40.7397511,-73.9822372,restaurant,Manhattan
node/8098089419,Zest Ramen,40.7181242,-73.9918666,restaurant,Manhattan
node/8151649109,Angelo's,40.7189102,-73.9973496,restaurant,Manhattan
node/8151649110,Bellacio,40.7189295,-73.9976487,restaurant,Manhattan
node/8151649111,Puglia,40.7181753,-73.9976755,restaurant,Manhattan
node/8151649114,Buona Notte,40.7177738,-73.9980262,restaurant,Manhattan
node/8151656721,Manolo's Pizza,40.7176091,-73.9984198,restaurant,Manhattan
node/8151656740,Da Long Yi Hot Pot,40.7166189,-73.9966791,restaurant,Manhattan
node/8202108197,Sushi Dairo,40.7360172,-73.9854336,restaurant,Manhattan
node/8202108199,Taqueria Gramercy,40.7362675,-73.9852525,restaurant,Manhattan
node/8220976347,Bar Goto,40.6808205,-73.9756123,bar,Manhattan
node/8272824078,Avenue D Pizza,40.7205741,-73.9784977,restaurant,Manhattan
node/8272824079,New Chinatown,40.7204948,-73.978558,restaurant,Manhattan
node/8272848251,Eastpoint,40.7222739,-73.9830893,bar,Manhattan
node/8279787430,L'Atelier de Joël Robuchon,40.7431114,-74.0078356,restaurant,Manhattan
node/8289646189,Casa Bocada,40.7194963,-73.9946356,restaurant,Manhattan
node/8289844990,P.J. Clarke’s,40.7715266,-73.982747,restaurant,Manhattan
node/8289844991,Rosa Mexicano,40.771471,-73.982597,restaurant,Manhattan
node/8307416282,Llama San,40.7322375,-74.0007701,restaurant,Manhattan
node/8309469077,King,40.7275806,-74.0034217,restaurant,Manhattan
node/8333736444,Savida,40.7165611,-74.0076634,restaurant,Manhattan
node/8333736446,Dilli Bistro,40.7156689,-74.0075739,restaurant,Manhattan
node/8333736447,Soup & Gyro,40.7157083,-74.0075514,restaurant,Manhattan
node/8333736448,Burrito Mariachi,40.7157901,-74.0070493,restaurant,Manhattan
node/8333736450,Akimoto Sushi,40.7157534,-74.0070887,restaurant,Manhattan
node/8333736452,Fresh Curry,40.7156736,-74.0071471,restaurant,Manhattan
node/8333736454,1803,40.7154295,-74.0072402,restaurant,Manhattan
node/8333736458,Tavern On Reade,40.7148666,-74.0066475,restaurant,Manhattan
node/8333736459,Gran Morsi,40.7143289,-74.0077874,restaurant,Manhattan
node/8333736460,Dark Horse,40.713638,-74.0080761,restaurant,Manhattan
node/8333736461,Little Italy Pizza,40.7130755,-74.0083507,restaurant,Manhattan
node/8333736462,Five & Dime,40.7126108,-74.008134,bar,Manhattan
node/8333736464,H K Wonton Garden,40.7164477,-73.9991412,restaurant,Manhattan
node/8333736465,Tonii's Fresh Rice Noodle,40.7157002,-73.998936,restaurant,Manhattan
node/8333736467,Hop Kee,40.7144157,-73.9990521,restaurant,Manhattan
node/8333736468,Noodle Village,40.7141756,-73.9988776,restaurant,Manhattan
node/8333736469,Pinklady Cheese Tart,40.7140958,-73.9989117,restaurant,Manhattan
node/8333736470,Wok Wok Southeast Asian Kitchen,40.7140513,-73.9988292,restaurant,Manhattan
node/8333736471,Chinese Tuxedo,40.7143245,-73.998035,restaurant,Manhattan
node/8333736473,Juku,40.7145994,-73.9995122,restaurant,Manhattan
node/8333736474,Asia Roma,40.7148391,-73.9995232,restaurant,Manhattan
node/8333736475,Chipilo,40.7151452,-73.9995275,restaurant,Manhattan
node/8333736477,波記潮州小食,40.7158511,-73.9986411,restaurant,Manhattan
node/8333736478,WK,40.7153415,-73.9985703,restaurant,Manhattan
node/8333736479,Yeah Shanghai Deluxe,40.7155413,-73.9984504,restaurant,Manhattan
node/8333736480,Sweet House Drinks and Desserts,40.7154484,-73.9982419,restaurant,Manhattan
node/8333736481,Kong Sihk Tong,40.715404,-73.9981108,restaurant,Manhattan
node/8333736483,Yunshang Rice Noodle,40.7152603,-73.997673,restaurant,Manhattan
node/8333736484,Cafe Hong Kong,40.7152049,-73.9975319,restaurant,Manhattan
node/8333736485,Shinsen Sushi Izakaya & Bar,40.7155856,-73.9967114,restaurant,Manhattan
node/8333736486,Joe's Shanghai,40.7156823,-73.9966551,restaurant,Manhattan
node/8333736487,Chikarashi Isso at Hotel 50 Bowery,40.715936,-73.9965677,restaurant,Manhattan
node/8333736503,Sistina,40.7777128,-73.9616509,restaurant,Manhattan
node/8333736505,Serafina Juice Bar,40.7760832,-73.9625104,restaurant,Manhattan
node/8333736507,Three Guys,40.7741366,-73.963997,restaurant,Manhattan
node/8333736508,Caravaggio,40.7733732,-73.9647547,restaurant,Manhattan
node/8333736509,Via Quadronno,40.7727444,-73.965157,restaurant,Manhattan
node/8333736510,Avena,40.7680543,-73.9686238,restaurant,Manhattan
node/8333736511,Altesi,40.7667433,-73.9696115,restaurant,Manhattan
node/8333736512,Supreme Snail Emporium,40.7662456,-73.9713791,restaurant,Manhattan
node/8333736513,Amaranth,40.765752,-73.9703344,restaurant,Manhattan
node/8333736514,Avra Madison Estiatorio,40.7644233,-73.9717418,restaurant,Manhattan
node/8333736515,Freds Madison Avenue,40.7645918,-73.9714574,restaurant,Manhattan
node/8333740818,The Garden,40.762177,-73.9714951,restaurant,Manhattan
node/8333740819,Serafina Osteria,40.7627413,-73.9716949,restaurant,Manhattan
node/8333740821,Peperino,40.7727893,-73.9906757,restaurant,Manhattan
node/8333740825,Marea,40.7675041,-73.9811088,restaurant,Manhattan
node/8333740826,Super Taste,40.7151467,-73.9933719,restaurant,Manhattan
node/8333740828,Kuih Cafe,40.7159151,-73.9929989,restaurant,Manhattan
node/8333740832,99 Favor Taste,40.7176228,-73.9925201,restaurant,Manhattan
node/8333740833,New Kim Tuong,40.71745,-73.9943952,restaurant,Manhattan
node/8333740834,,40.7173756,-73.9944305,restaurant,Manhattan
node/8333740835,New York Canton Lounge,40.7162473,-73.9979811,restaurant,Manhattan
node/8333740837,Kingwuu,40.7173742,-73.9997709,restaurant,Manhattan
node/8333740840,HUMBLE FISH,40.7200227,-74.0034996,restaurant,Manhattan
node/8333740841,Antique Garage,40.7197223,-74.0039458,restaurant,Manhattan
node/8333740842,Macao,40.719643,-74.0040209,restaurant,Manhattan
node/8333740845,Grand Kosher Cafe,40.7147579,-73.9821321,restaurant,Manhattan
node/8333740846,A. 1. PIZZA SHOP,40.7149914,-73.9828256,restaurant,Manhattan
node/8333740847,East Side Glatt,40.7149749,-73.9827649,restaurant,Manhattan
node/8333740848,Ernesto's,40.7143271,-73.9854388,restaurant,Manhattan
node/8333740849,May Kaidee,40.7141554,-73.9874744,restaurant,Manhattan
node/8333740850,Cater to You,40.7100736,-74.0055035,restaurant,Manhattan
node/8335747734,Tao Downtown,40.7423232,-74.0041344,restaurant,Manhattan
node/8355860496,Ichiran,40.7483096,-73.9904415,restaurant,Manhattan
node/8410329010,Hole In The Wall,40.714452,-73.9614832,restaurant,Manhattan
node/8418834099,CAVA,40.7528591,-73.9875245,restaurant,Manhattan
node/8445979143,Roberta's Domino Park,40.7161871,-73.966645,restaurant,Manhattan
node/8473899183,BangBang Bangkok,40.7151004,-73.962475,restaurant,Manhattan
node/8478124655,La Superior,40.7135582,-73.963635,restaurant,Manhattan
node/8486713328,Lovely Day,40.7217995,-73.9943861,restaurant,Manhattan
node/8493074859,Daily Provisions,40.6890036,-73.9925144,restaurant,Manhattan
node/8495079936,Pasta Night,40.6805331,-73.9676293,restaurant,Manhattan
node/8495079937,Beer Street South,40.6808743,-73.9679538,bar,Manhattan
node/8511743557,Torch & Crown Brewing Company,40.7261365,-74.0043283,bar,Manhattan
node/8530354116,Nón Lá,40.7252756,-73.9875315,restaurant,Manhattan
node/8542077916,Romano Pizza,40.7753806,-74.0198225,restaurant,Manhattan
node/8542108505,On The Rocks,40.7637689,-73.9922272,bar,Manhattan
node/8551326223,Glaze,40.7592021,-73.9701987,restaurant,Manhattan
node/8570020907,Pips,40.6907984,-73.9957671,restaurant,Manhattan
node/8587042215,Now Now,40.7260831,-73.9921512,hotel,Manhattan
node/8593629442,Anatoli 56,40.758653,-73.9655557,restaurant,Manhattan
node/8607504514,Dumbo Station,40.7030779,-73.9883028,bar,Manhattan
node/8613867469,Roman's,40.6895953,-73.9695428,restaurant,Manhattan
node/8613867470,Brooklyn Public House,40.6895922,-73.969402,pub,Manhattan
node/8613887939,Miss Ada,40.6894802,-73.9723829,restaurant,Manhattan
node/8614943073,La Noxe,40.7470484,-73.9931695,bar,Manhattan
node/8615466792,BJ Pizza&Deli,40.7487921,-73.9957069,restaurant,Manhattan
node/8622510722,Lan Larb Chiang Mai,40.7199764,-73.9985336,restaurant,Manhattan
node/8622609142,The SoLita SoHo Hotel,40.7198375,-73.9989137,hotel,Manhattan
node/8632736467,Quality Italian,40.7645688,-73.976773,restaurant,Manhattan
node/8638470025,Isle of Capri,40.7627893,-73.9659429,restaurant,Manhattan
node/8638490154,Scalinatella Ristorante,40.7627899,-73.9653786,restaurant,Manhattan
node/8644302518,Los Tacos No. 1,40.7143494,-74.0086532,restaurant,Manhattan
node/8644307717,Little Italy Pizza,40.7151424,-74.0079858,restaurant,Manhattan
node/8644312717,Jack’s Stir Brew Coffee,40.719358,-74.0049418,restaurant,Manhattan
node/8648127018,Tamarind,40.7191453,-74.0089504,restaurant,Manhattan
node/8648127019,Bar 135,40.7162708,-74.009711,bar,Manhattan
node/8648127118,Puffy’s Tavern,40.7185511,-74.0090368,bar,Manhattan
node/8648142317,Gee Whiz Diner,40.7157042,-74.0109385,restaurant,Manhattan
node/8648175817,Greenwich st. Tavern,40.7208602,-74.0098439,bar,Manhattan
node/8648214117,Azabu,40.7224066,-74.0099147,restaurant,Manhattan
node/8648230017,Benares,40.7141066,-74.0092265,restaurant,Manhattan
node/8651758954,Polpette 71,40.776731,-73.978826,restaurant,Manhattan
node/8653238617,The Ribbon,40.7766127,-73.9772794,restaurant,Manhattan
node/8653253617,Dive 75,40.7796024,-73.9776732,bar,Manhattan
node/8660568320,Northfork,40.7330868,-74.0057386,restaurant,Manhattan
node/8660568321,Rivoli Pizza,40.7331158,-74.0065738,restaurant,Manhattan
node/8660588517,Snack Taverna,40.7310534,-74.0047569,restaurant,Manhattan
node/8664733508,Soboku,40.6825099,-73.9934583,restaurant,Manhattan
node/8669186117,Justino’s,40.7087191,-74.0053207,restaurant,Manhattan
node/8669771128,Haru Sushi,40.7572312,-73.9873203,restaurant,Manhattan
node/8670047823,Tavola,40.7554296,-73.9945691,restaurant,Manhattan
node/8678847687,Taste Kitchen,40.7537404,-73.9934233,restaurant,Manhattan
node/8692133534,El Fish Marisqueria,40.7752478,-73.9838439,restaurant,Manhattan
node/8694261204,XO Taste,40.7169943,-73.9968589,restaurant,Manhattan
node/8729437331,Charlie Palmer Steak,40.7555484,-73.9853184,restaurant,Manhattan
node/8734915591,Jaz,40.7659038,-73.987426,restaurant,Manhattan
node/8757557471,Mastro's,40.7613876,-73.980456,restaurant,Manhattan
node/8762810418,The Flower Shop,40.7180663,-73.992134,restaurant,Manhattan
node/8765413917,Saffron,40.7146705,-74.0076718,restaurant,Manhattan
node/8769344318,Edward’s,40.7169431,-74.0083198,restaurant,Manhattan
node/8787410946,Maman,40.7740276,-73.9815102,restaurant,Manhattan
node/8787410949,Le Boite en Bois,40.7748346,-73.9803624,restaurant,Manhattan
node/8789731894,B-Side,40.728413,-73.9789264,bar,Manhattan
node/8791561182,Nobu,40.7635878,-73.9759916,restaurant,Manhattan
node/8791888439,Claudette,40.7330582,-73.9960229,restaurant,Manhattan
node/8791888442,Kaña Tapas Bar,40.7258943,-74.0094182,restaurant,Manhattan
node/8792307152,Gramercy Ale House,40.7379278,-73.9840376,pub,Manhattan
node/8792950866,Nobi Sushi,40.7433399,-73.9796256,restaurant,Manhattan
node/8807180556,Evil Twin Brewing DUMBO,40.7029844,-73.9905451,bar,Manhattan
node/8808753151,Walker Hotel Tribeca,40.718348,-74.00214,hotel,Manhattan
node/8815548641,Hole In The Wall,40.7440742,-73.9717381,restaurant,Manhattan
node/8816873617,La Palapa Cocina Mexicana,40.7278825,-73.9856624,restaurant,Manhattan
node/8835719633,Dai Hachi,40.7588609,-73.9653897,restaurant,Manhattan
node/8872982376,Croton Reservoir Tavern,40.7537478,-73.985771,pub,Manhattan
node/8880884693,Jiang Nan,40.7175656,-73.9950572,restaurant,Manhattan
node/8889104300,Misi,40.7134168,-73.9671916,restaurant,Manhattan
node/8895869966,Los Dos Hermanos,40.6898424,-73.9723305,bar,Manhattan
node/8898731556,Mayflower,40.6863438,-73.9666048,bar,Manhattan
node/8898731557,Aita,40.6864949,-73.966651,restaurant,Manhattan
node/8902260459,Pokeworks,40.7362888,-73.991817,restaurant,Manhattan
node/8902290376,Park Bar,40.7362386,-73.9917531,bar,Manhattan
node/8902339333,Tacos Güey,40.740002,-73.9932194,restaurant,Manhattan
node/8902631945,Gem,40.7191565,-73.9922969,restaurant,Manhattan
node/8906038450,Francie,40.7101619,-73.9641329,restaurant,Manhattan
node/8939919537,Chong Qing Noodle,40.7651283,-73.9875105,restaurant,Manhattan
node/8939922344,Turkuaz,40.7643561,-73.9854472,restaurant,Manhattan
node/8958124462,Patrizia's,40.7398994,-73.9791296,restaurant,Manhattan
node/8958489048,The Hairy Lemon,40.7224407,-73.9832641,pub,Manhattan
node/8958489051,Plado,40.7223532,-73.9839834,restaurant,Manhattan
node/8958523249,Yopparai,40.7197247,-73.9848672,restaurant,Manhattan
node/8958523253,Thailicious,40.7192706,-73.9850944,restaurant,Manhattan
node/8958523254,The Burgary,40.7194065,-73.9850264,pub,Manhattan
node/8960429322,Yopparai Ronin,40.7193451,-73.9850545,restaurant,Manhattan
node/8972592597,Khaosan,40.6946351,-73.9942303,restaurant,Manhattan
node/8972680326,Iron Chef House,40.6972414,-73.9926114,restaurant,Manhattan
node/8973176555,Henry Street Ale House,40.6990763,-73.9923801,pub,Manhattan
node/8985879379,Other Half Brewing Company,40.7159233,-73.9668928,pub,Manhattan
node/8986962109,The Summit,40.7249939,-73.9783775,bar,Manhattan
node/8991988670,Jin Mei Dumpling,40.7129801,-73.9965808,restaurant,Manhattan
node/8991994598,Yin Ji Chang Fen,40.7158075,-73.9992587,restaurant,Manhattan
node/8996587926,Bentos,40.7468478,-73.9850316,restaurant,Manhattan
node/8999499117,Teppen Ramen,40.7591125,-73.9687519,restaurant,Manhattan
node/9015418871,The Ainsworth Midtown,40.7467911,-73.9824398,restaurant,Manhattan
node/9015420300,Seamore's,40.7707712,-73.9601195,restaurant,Manhattan
node/9018132187,Amsterdam Billiards & Bar,40.7317897,-73.9900368,bar,Manhattan
node/9018305569,Leon Hotel,40.7160404,-73.9952223,hotel,Manhattan
node/9036389118,Shaji BBQ,40.7288297,-73.9898662,restaurant,Manhattan
node/9036389119,McSorley's Old Ale House,40.7287612,-73.9897021,pub,Manhattan
node/9049424120,The Blue Dog Cookhouse & Bar,40.7623492,-73.9867012,restaurant,Manhattan
node/9054635034,Anyway Cafe,40.7251224,-73.9905271,restaurant,Manhattan
node/9063322817,5ive Spice,40.722565,-73.996178,restaurant,Manhattan
node/9064514717,Dante,40.7351968,-74.0062713,restaurant,Manhattan
node/9091328243,Dim Sum Palace,40.7486013,-73.9867586,restaurant,Manhattan
node/9092875648,Bangia,40.746876,-73.9845761,restaurant,Manhattan
node/9094620024,Dolly Varden,40.7629436,-73.986239,bar,Manhattan
node/9095733851,"The Beekman, A Thompson Hotel",40.7110329,-74.0069365,hotel,Manhattan
node/9101703556,Chili,40.7500083,-73.9821348,restaurant,Manhattan
node/9105695788,Madison Les Hotel,40.7123546,-73.9926814,hotel,Manhattan
node/9120810077,Luna Pizza,40.713186,-73.9986181,restaurant,Manhattan
node/9120821898,Big Al's Chicago Style Pizza,40.7088439,-74.0113831,restaurant,Manhattan
node/9123117120,Montague Diner,40.6943909,-73.9933567,restaurant,Manhattan
node/9123149747,Curry Heights,40.6936039,-73.9922216,restaurant,Manhattan
node/9128276521,The Delancey,40.717912,-73.9853522,bar,Manhattan
node/9130216017,Panineria,40.7320814,-73.9956374,restaurant,Manhattan
node/9130590701,K Pot,40.6907192,-73.9835967,restaurant,Manhattan
node/9138091002,Kettle of Fish,40.7338361,-74.0024203,bar,Manhattan
node/9140853417,Champion Pizza,40.7359676,-73.9940291,restaurant,Manhattan
node/9147146733,Club Cumming,40.7253473,-73.9834179,bar,Manhattan
node/9149294696,The Malt House,40.7095464,-74.0092712,restaurant,Manhattan
node/9165725161,Bella Union,40.7424121,-73.9803008,restaurant,Manhattan
node/9167795118,Little Italy Pizzeria & Deli,40.7272672,-74.005323,restaurant,Manhattan
node/9170066779,Famous Ben's Pizza,40.724918,-74.00246,restaurant,Manhattan
node/9171803773,Blue Willow,40.7630197,-73.976469,restaurant,Manhattan
node/9172181018,Zou Zou’s,40.7528942,-73.9987297,restaurant,Manhattan
node/9174977864,$1.50 Fresh Pizza,40.7216296,-74.0047353,restaurant,Manhattan
node/9200910436,Brasserie Saint Marc,40.7287407,-73.9873366,restaurant,Manhattan
node/9224791783,Grand Street Pizza,40.7163988,-73.987669,restaurant,Manhattan
node/9224803926,Kings Co Imperial LES,40.7179347,-73.9854269,restaurant,Manhattan
node/9230873409,Bar Pendry,40.7530996,-73.9985376,bar,Manhattan
node/9235536634,Rosa's Pizza,40.7504377,-73.9907795,restaurant,Manhattan
node/9253544617,99¢ Delicious Pizza,40.751653,-73.9903779,restaurant,Manhattan
node/9261414116,Zara Pizza,40.7162212,-73.9922638,restaurant,Manhattan
node/9270383717,Delice Sarrasin,40.7338495,-74.0005994,restaurant,Manhattan
node/9275819963,New Hong Wong Seafood,40.7177539,-73.9953729,restaurant,Manhattan
node/9285956796,Yellow Rose,40.7325074,-73.987978,restaurant,Manhattan
node/9286572691,2 Bros Pizza,40.7095655,-74.0082984,restaurant,Manhattan
node/9289282803,Augers Well,40.7270326,-73.9836776,bar,Manhattan
node/9309134691,Artistic Pizza,40.730675,-74.0004193,restaurant,Manhattan
node/9313457709,The Harrison Restaurant & Bar,40.7607466,-73.9847512,restaurant,Manhattan
node/9325661454,tba,40.756878,-73.9932298,hotel,Manhattan
node/9325661455,Tranzit,40.7569192,-73.9933312,restaurant,Manhattan
node/9325661456,Tabata Noodle Restaurant,40.7569082,-73.9935083,restaurant,Manhattan
node/9327461658,Tacuba Cantina Mexicana,40.7654494,-73.9872699,restaurant,Manhattan
node/9330247867,The Grafton,40.7272486,-73.9853346,pub,Manhattan
node/9330316508,El Zason,40.6858036,-73.9815079,restaurant,Manhattan
node/9330502767,The Custom House,40.6947697,-73.9937491,restaurant,Manhattan
node/9330502772,Grand Canyon Restaurant,40.6947302,-73.9936048,restaurant,Manhattan
node/9330613470,Lantern Thai Kitchen,40.6952526,-73.9954766,restaurant,Manhattan
node/9330613471,Saketumi Asian Bistro,40.6947698,-73.9947369,restaurant,Manhattan
node/9332464948,Sant Ambroeus,40.723302,-73.9965416,restaurant,Manhattan
node/9340040548,Three Times ,40.7183759,-73.9853057,restaurant,Manhattan
node/9354018725,Pelicana Chicken,40.7310025,-73.993706,restaurant,Manhattan
node/9373941165,Village Square Pizza,40.7275037,-73.9826761,restaurant,Manhattan
node/9374707264,Zerza,40.7175692,-73.9879462,restaurant,Manhattan
node/9374707269,Dominican Cravings,40.7176315,-73.9880451,restaurant,Manhattan
node/9374707270,Mille Nonne,40.7176799,-73.9880718,restaurant,Manhattan
node/9374707271,Puebla Mexican Food,40.7176452,-73.9880905,restaurant,Manhattan
node/9374707272,Peasant Stock,40.7176603,-73.9881324,restaurant,Manhattan
node/9374707273,Eat Gai,40.7177582,-73.9881516,restaurant,Manhattan
node/9374707279,Arancini Bros.,40.7179128,-73.988306,restaurant,Manhattan
node/9374707281,Don Ceviche,40.7179878,-73.9882622,restaurant,Manhattan
node/9374707282,Kotti Berliner Döner Kebab,40.7180014,-73.9882157,restaurant,Manhattan
node/9374707290,Shopsin's,40.7180763,-73.988245,restaurant,Manhattan
node/9374707295,Saffron,40.7181833,-73.9881853,restaurant,Manhattan
node/9374707296,Dhamaka,40.718235,-73.9880781,restaurant,Manhattan
node/9392834430,Amali,40.7633492,-73.9685858,restaurant,Manhattan
node/9392834432,Spice Symphony,40.7558918,-73.9716131,restaurant,Manhattan
node/9402996345,Indo Mix,40.6821439,-73.961715,restaurant,Manhattan
node/9411604725,MAMO,40.7219313,-74.0039657,restaurant,Manhattan
node/9423683677,Equinox,40.7544707,-74.0024161,hotel,Manhattan
node/9434253289,Thai Delight,40.7348485,-73.9858048,restaurant,Manhattan
node/9434253290,Chito Gvrito,40.7347769,-73.9858522,restaurant,Manhattan
node/9470239473,Grainne Cafe,40.7453914,-74.0023623,restaurant,Manhattan
node/9472858517,Bites of Xi’an,40.7632868,-73.9771154,restaurant,Manhattan
node/9472863017,Che Li,40.7292178,-73.9886913,restaurant,Manhattan
node/9473109135,Kenka,40.7290769,-73.988483,restaurant,Manhattan
node/9473109136,Boka,40.7293497,-73.9891443,restaurant,Manhattan
node/9476721913,Artichoke Basille's Pizza,40.706345,-74.0073491,restaurant,Manhattan
node/9480316905,Peng's Noodle Folk,40.7709533,-73.96202,restaurant,Manhattan
node/9487723017,Empire Steak House,40.7644424,-73.9830805,restaurant,Manhattan
node/9490050218,Kings of Kobe,40.7614427,-74.0003975,restaurant,Manhattan
node/9490051417,Kings of Kobe,40.7649715,-73.9876439,restaurant,Manhattan
node/9490323917,The Happiest Hour,40.734817,-73.9996236,restaurant,Manhattan
node/9490966717,,40.7530188,-73.9868395,restaurant,Manhattan
node/9491020917,Hortus NYC,40.7454468,-73.9865063,restaurant,Manhattan
node/9496907917,Stone Bridgetown Pizza & Salad,40.7523314,-73.9805676,restaurant,Manhattan
node/9503346177,Los Burritos Juárez,40.6931052,-73.9720959,restaurant,Manhattan
node/9503346179,Mint Heights,40.6930776,-73.9714526,restaurant,Manhattan
node/9505710292,Tom & Jerry,40.7246444,-73.9932411,bar,Manhattan
node/9505939777,Kissaki Sushi,40.7785113,-73.9782049,restaurant,Manhattan
node/9506639903,Fish Bar,40.727095,-73.9894463,bar,Manhattan
node/9508244826,Anytime NYC,40.747815,-73.9867152,restaurant,Manhattan
node/9509187745,Chubby Tan,40.7270215,-73.9892732,restaurant,Manhattan
node/9509187746,J-Spec,40.7270458,-73.9893304,restaurant,Manhattan
node/9511112455,Shihou Omakase,40.7783033,-73.9779157,restaurant,Manhattan
node/9511325196,Bar Laika,40.6870158,-73.9621301,bar,Manhattan
node/9512283422,Thai 101,40.6931406,-73.967508,restaurant,Manhattan
node/9528668469,The Lobby,40.6879415,-73.9838052,bar,Manhattan
node/9528668470,Lele's Roman,40.6878617,-73.9835994,restaurant,Manhattan
node/9530084241,Village Square Pizza,40.7331096,-74.0054881,restaurant,Manhattan
node/9535050121,Sveta,40.729671,-74.0041564,restaurant,Manhattan
node/9535119733,Mishka Soho,40.7236733,-74.0038719,restaurant,Manhattan
node/9543883517,Los Mariscos,40.742149,-74.0056195,restaurant,Manhattan
node/9543883817,Miznon,40.7424326,-74.0062542,restaurant,Manhattan
node/9543907017,Joe's Steam Rice Roll,40.7190696,-74.0007786,restaurant,Manhattan
node/9543909517,El Castillo de Jagua,40.719825,-73.9878343,restaurant,Manhattan
node/9543909617,Empanada Mama,40.7187446,-73.9909123,restaurant,Manhattan
node/9543912717,Cheong Fun Cart,40.7176997,-73.9961879,restaurant,Manhattan
node/9543912817,Yi Ji Shi Mo,40.7182009,-73.9958285,restaurant,Manhattan
node/9555414817,Strangelove Bar NYC,40.7573037,-73.9681176,bar,Manhattan
node/9558935214,Chama Mama,40.7384151,-73.9989186,restaurant,Manhattan
node/9559639727,Hi-Collar,40.7295825,-73.9878389,restaurant,Manhattan
node/9560130501,Grata Thai,40.7604877,-73.9615727,restaurant,Manhattan
node/9566829984,Nan Xiang Xiao Long Bao,40.7292575,-73.9889137,restaurant,Manhattan
node/9566829985,Szechuan Mountain House - 川山甲,40.7291717,-73.9885755,restaurant,Manhattan
node/9578260090,The Gray Mare,40.7259911,-73.9898144,pub,Manhattan
node/9578260093,Sweet Linda,40.7246493,-73.9907779,bar,Manhattan
node/9579194112,Malii Gramercy,40.7376694,-73.9812818,restaurant,Manhattan
node/9579352615,Rubys,40.7310793,-73.9883694,restaurant,Manhattan
node/9579352616,The Dolar Shop,40.7311047,-73.9885452,restaurant,Manhattan
node/9581299655,Daikanyama,40.7619777,-73.9672689,restaurant,Manhattan
node/9581299658,Anassa Taverna,40.7619879,-73.9659672,restaurant,Manhattan
node/9581876700,Beron Beron,40.7287959,-73.9841615,restaurant,Manhattan
node/9581876701,Sabor A Mexico,40.7285297,-73.9843806,restaurant,Manhattan
node/9581876702,Joe & Pat's,40.7289087,-73.9840953,restaurant,Manhattan
node/9583805198,The Emerson,40.6940535,-73.9618019,bar,Manhattan
node/9586083803,Boar's Head,40.7636101,-73.9669772,restaurant,Manhattan
node/9586584588,Eat Here Now,40.7651445,-73.9658755,restaurant,Manhattan
node/9586659414,JoJo,40.7651273,-73.9656648,restaurant,Manhattan
node/9611990778,Sake Bar Hagi,40.7627414,-73.9849799,restaurant,Manhattan
node/9615063330,Fresh 99 cents pizza,40.7386552,-74.0004096,restaurant,Manhattan
node/9615093450,Zazzy's Pizza,40.7366471,-74.0013787,restaurant,Manhattan
node/9625310236,Saraghina Caffé,40.6896885,-73.9718297,restaurant,Manhattan
node/9629550614,Black Iris,40.687312,-73.9725117,restaurant,Manhattan
node/9630352308,Douska,40.7190702,-73.990767,restaurant,Manhattan
node/9642113264,Mamoun's Falafel,40.7288007,-73.9885054,restaurant,Manhattan
node/9644541105,Antoya Korean BBQ,40.7480141,-73.9872738,restaurant,Manhattan
node/9644596253,E-MO,40.7473128,-73.9861372,restaurant,Manhattan
node/9644596254,Hong Chun Cheon Dak Galbi,40.7472762,-73.9861356,restaurant,Manhattan
node/9644596255,Kushi Kushi Yaki,40.7472788,-73.9860623,restaurant,Manhattan
node/9644596256,Koku Ramen,40.7472957,-73.9860976,restaurant,Manhattan
node/9644596257,MUI,40.747333,-73.9864401,restaurant,Manhattan
node/9644596258,Abiko Curry,40.7473223,-73.9861681,restaurant,Manhattan
node/9644617681,Itaewon Pocha,40.7476554,-73.9870454,restaurant,Manhattan
node/9651946306,Criollas baked empanadas,40.7314661,-74.0013819,restaurant,Manhattan
node/9652327519,The Wall Street Hotel,40.7054827,-74.0075737,hotel,Manhattan
node/9652667219,Stanton Street Pizza,40.7207983,-73.9866677,restaurant,Manhattan
node/9655048217,Katana Kitten,40.7342532,-74.0064058,bar,Manhattan
node/9659208992,Masala King,40.747152,-73.9819585,restaurant,Manhattan
node/9659538027,Okiboru House of Udon,40.728188,-73.9877361,restaurant,Manhattan
node/9659554656,Ogawa,40.727284,-73.99223,restaurant,Manhattan
node/9659603357,Slainte,40.7247677,-73.9926478,pub,Manhattan
node/9664809923,Bistro les Amis,40.7247352,-74.0025962,restaurant,Manhattan
node/9666379842,Kamisama,40.7326075,-73.9859694,restaurant,Manhattan
node/9668165673,Il Buco Alimentari,40.7265607,-73.9924685,restaurant,Manhattan
node/9668165674,Elvis,40.7267174,-73.9921853,bar,Manhattan
node/9670997117,Claudio’s Pizza & Pasta,40.7603948,-73.9946972,restaurant,Manhattan
node/9671008374,Vic's,40.7269244,-73.9932027,restaurant,Manhattan
node/9671326908,Misirizzi,40.7272644,-73.9921901,restaurant,Manhattan
node/9681503388,Tudor City Steakhouse,40.7492111,-73.9701909,restaurant,Manhattan
node/9683990784,Etérea,40.7246902,-73.9836974,restaurant,Manhattan
node/9688958147,Tomo21 Sushi,40.7276995,-74.0001628,restaurant,Manhattan
node/9692134308,Tacos del Este Superior,40.7681319,-73.9611242,restaurant,Manhattan
node/9694850917,Snafu Bar,40.754616,-73.9732052,bar,Manhattan
node/9706028117,NY $1.50 Fresh Pizza,40.7356777,-74.0013735,restaurant,Manhattan
node/9706384917,Sal’s Pizza,40.7637091,-73.9921426,restaurant,Manhattan
node/9709984690,Farook's Halal Cart,40.7336744,-73.9883102,restaurant,Manhattan
node/9715980450,Rabbit House Omakase & Sake Bar,40.7162726,-73.9895495,restaurant,Manhattan
node/9716055321,El Cabron Taqueria & Marisqueria,40.7155198,-73.9899407,restaurant,Manhattan
node/9716055322,Tace Recipies,40.7154324,-73.9899906,restaurant,Manhattan
node/9717341632,Old Man Hustle Comedy Bar,40.7161993,-73.9895927,pub,Manhattan
node/9719703281,Silver Star,40.7641528,-73.9614942,restaurant,Manhattan
node/9721647917,Tivoli Trattoria,40.735976,-74.0016638,restaurant,Manhattan
node/9733053717,Pho Maiden Lane,40.709698,-74.009548,restaurant,Manhattan
node/9733707531,Chow House,40.7290896,-74.0007802,restaurant,Manhattan
node/9735458939,Mott Pho Bang,40.7194647,-73.996424,restaurant,Manhattan
node/9735550663,Han Dynasty,40.7322044,-73.9882118,restaurant,Manhattan
node/9735550665,Stars,40.7321585,-73.9883569,bar,Manhattan
node/9736034061,Sweet & Vicious,40.7212474,-73.9942934,bar,Manhattan
node/9736053031,Hyake,40.7187004,-73.9944776,restaurant,Manhattan
node/9737988787,Docks,40.7495103,-73.9751059,restaurant,Manhattan
node/9752174406,jajaja,40.7201751,-73.9617238,restaurant,Manhattan
node/9753289208,Café Hestia,40.707271,-74.0077613,restaurant,Manhattan
node/9771053151,456 New Shanghai,40.7162541,-73.9982288,restaurant,Manhattan
node/9771083990,ZAZA,40.7084333,-74.0135562,restaurant,Manhattan
node/9776227090,San Pietro Restaurant,40.7602607,-73.9744133,restaurant,Manhattan
node/9777569218,Sacco Pizza,40.7662434,-73.9871718,restaurant,Manhattan
node/9777640617,Famous Famiglia Pizza,40.7580372,-73.9888823,restaurant,Manhattan
node/9784341117,The Mermaid Inn – Chelsea,40.748081,-74.0041578,restaurant,Manhattan
node/9786634717,Mezzrow,40.7345395,-74.0018374,nightclub,Manhattan
node/9789823863,Agave,40.7347312,-74.0023782,restaurant,Manhattan
node/9793178849,Em Vietnamese Bistro,40.7026903,-73.9914001,restaurant,Manhattan
node/9793717861,Vine,40.6933595,-73.9816105,bar,Manhattan
node/9793798565,Let's Meat,40.7466986,-73.9855994,restaurant,Manhattan
node/9793800631,WarrenPeace,40.7151232,-74.0103245,restaurant,Manhattan
node/9795629813,Vineapple Cafe,40.6982873,-73.9930701,restaurant,Manhattan
node/9797307326,Rim Nam Thai Kitchen,40.7033087,-73.9867687,restaurant,Manhattan
node/9807347129,Sundays Well,40.740969,-73.9818247,pub,Manhattan
node/9807449447,Downtown Social,40.7294584,-73.9872984,bar,Manhattan
node/9807449448,The Copper Still,40.729545,-73.9872359,pub,Manhattan
node/9807449449,The Long Pour,40.7296514,-73.987159,pub,Manhattan
node/9807449450,Temakase,40.7296993,-73.9871244,restaurant,Manhattan
node/9809110694,Decibel,40.7292871,-73.9877312,bar,Manhattan
node/9813469117,Analogue,40.7328253,-73.9974499,bar,Manhattan
node/9815615205,Famous Original Ray's Pizza,40.7604274,-73.9840645,restaurant,Manhattan
node/9826534634,May Wah Fast Food,40.7182323,-73.9984263,restaurant,Manhattan
node/9828589991,Fini Patio Bar,40.6941099,-74.0004847,restaurant,Manhattan
node/9834601289,Yamashiro,40.6932487,-73.966589,restaurant,Manhattan
node/9838678804,Greek from Greece,40.751969,-73.9896709,restaurant,Manhattan
node/9838737047,Yang Guo Fu,40.7520011,-73.9906484,restaurant,Manhattan
node/9844215587,$1.50 Pizza,40.7226604,-73.9883801,restaurant,Manhattan
node/9845565310,Willow Vegan Bistro,40.7436499,-73.9999237,restaurant,Manhattan
node/9848992562,Peacefood,40.7332657,-73.9929743,restaurant,Manhattan
node/9853378374,Famous Amadeus,40.762535,-73.9857038,restaurant,Manhattan
node/9853694622,Pizza Plus,40.7013142,-74.0133742,restaurant,Manhattan
node/9858423030,Copinette,40.7540655,-73.9662639,restaurant,Manhattan
node/9858441975,Sea Salt,40.761263,-73.960985,restaurant,Manhattan
node/9873034475,Lucky Lyndon,40.7452397,-73.9793194,bar,Manhattan
node/9874879434,Grand Master 95,40.7177619,-73.9942349,pub,Manhattan
node/9874879438,Kitchen Cô Út,40.7175056,-73.9943708,restaurant,Manhattan
node/9876984223,"Sincerely, Ophelia",40.73211,-73.9854278,bar,Manhattan
node/9882448221,BLACKBARN Restaurant,40.7430473,-73.9870659,restaurant,Manhattan
node/9890276213,La Vera Pizza,40.7540737,-73.9688701,restaurant,Manhattan
node/9896425447,,40.7274691,-74.0034457,restaurant,Manhattan
node/9902816729,The Landing,40.7513655,-73.9922668,restaurant,Manhattan
node/9906273052,Zaytinya,40.7456123,-73.988821,restaurant,Manhattan
node/9910104398,Hidden Leaf,40.7528992,-73.9986453,restaurant,Manhattan
node/9910104399,Midnight Cafe,40.7528931,-73.9986288,bar,Manhattan
node/9910412817,,40.7157722,-73.9986833,restaurant,Manhattan
node/9915437750,Chez Zou,40.7529048,-73.9986636,bar,Manhattan
node/9922905117,Excellent Dumpling House,40.7440139,-73.9950453,restaurant,Manhattan
node/9923066116,Truss Hotel Times Square,40.7565827,-73.9944985,hotel,Manhattan
node/9934396018,Cipriani Downtown NYC,40.7236281,-74.0028707,restaurant,Manhattan
node/9951145664,Stick To My Pot Potstickers,40.7520118,-73.9912601,restaurant,Manhattan
node/9966728719,Chef Tan,40.7288592,-73.9880038,restaurant,Manhattan
node/9978637389,Whiskey Town,40.7258327,-73.9902044,bar,Manhattan
node/9978637391,Solas,40.7294285,-73.9880625,bar,Manhattan
node/9990753838,Lullaby,40.7191923,-73.9857247,bar,Manhattan
node/9993249848,Vin Sur Vingt,40.7301919,-73.986236,bar,Manhattan
node/9993249851,Uluh,40.7294457,-73.9868292,restaurant,Manhattan
node/9993646351,Birbante,40.7029005,-73.9938186,restaurant,Manhattan
node/9993646354,Brooklyn BBQ,40.6979507,-73.9918895,restaurant,Manhattan
node/10000638486,Soba Totto,40.7512527,-73.9732065,restaurant,Manhattan
node/10000660272,The Irish Exit,40.7517188,-73.9957296,bar,Manhattan
node/10000674926,Scen,40.7448287,-73.9890064,restaurant,Manhattan
node/10007479156,Gemma,40.7261893,-73.9916167,restaurant,Manhattan
node/10054132587,Via Della Pace,40.7264557,-73.9898004,restaurant,Manhattan
node/10067374317,ATLA,40.7272564,-73.9939092,restaurant,Manhattan
node/10067923318,Marcellino,40.7205723,-73.9966868,restaurant,Manhattan
node/10073864123,Bangkok2,40.7352819,-73.9799548,restaurant,Manhattan
node/10073864129,Grill 21,40.7356886,-73.9799818,restaurant,Manhattan
node/10073864131,Frank's Trattoria,40.73608,-73.9793659,restaurant,Manhattan
node/10073955920,12th Street Ale House,40.731033,-73.9856635,bar,Manhattan
node/10073955921,Odre,40.7313977,-73.9858961,restaurant,Manhattan
node/10077663950,The Django,40.7192738,-74.0048357,bar,Manhattan
node/10081075317,Tomiño,40.7193342,-73.9969704,restaurant,Manhattan
node/10087482396,Brasserie Cognac Central Park South,40.7663723,-73.9796629,restaurant,Manhattan
node/10089881641,Bar Pasquale,40.7211455,-73.996916,bar,Manhattan
node/10089920691,Le District,40.7128867,-74.0158588,restaurant,Manhattan
node/10090538380,Toad Hall,40.7221836,-74.0035553,bar,Manhattan
node/10090555737,Pylos Restaurant,40.7261637,-73.9840813,restaurant,Manhattan
node/10090555738,Giano,40.7261935,-73.9841587,restaurant,Manhattan
node/10101226877,North Bar,40.7237077,-74.009632,bar,Manhattan
node/10108219017,ViceVersa,40.7636094,-73.9867217,restaurant,Manhattan
node/10109662185,Hana Lounge,40.6925226,-73.9883377,bar,Manhattan
node/10115105161,Champagne Problems,40.7212764,-73.9934281,bar,Manhattan
node/10115105167,N B Wing Wong,40.7155469,-73.9967408,restaurant,Manhattan
node/10115105172,Nakaji,40.7157979,-73.9968327,restaurant,Manhattan
node/10143335872,Yuan Zai Bing,40.7174307,-73.9972597,restaurant,Manhattan
node/10145183247,Rosemary's,40.7350368,-73.979466,restaurant,Manhattan
node/10145183252,Fortuna,40.7325514,-73.9819418,restaurant,Manhattan
node/10151666949,Carnegie Pizza,40.755372,-73.9877527,restaurant,Manhattan
node/10154000117,Life Rooftop Central Park,40.7645955,-73.9784506,bar,Manhattan
node/10158132117,Yard House,40.7551463,-73.9873113,restaurant,Manhattan
node/10198020635,Mama's Pizza,40.7588156,-73.9889612,restaurant,Manhattan
node/10202468517,Omen Azen,40.7259881,-74.0018204,restaurant,Manhattan
node/10212457222,VERS,40.7626147,-73.9893366,bar,Manhattan
node/10215147555,Nusr Et,40.7613084,-73.9785249,restaurant,Manhattan
node/10215153345,Global Kitchen,40.760797,-73.9789831,restaurant,Manhattan
node/10224009800,Tim Ho Wan,40.7593435,-73.9917258,restaurant,Manhattan
node/10224157727,Ixta,40.7244056,-73.9922194,restaurant,Manhattan
node/10224616960,Kanoyama,40.7305655,-73.9864902,restaurant,Manhattan
node/10245589405,PubKey,40.732185,-74.0000205,bar,Manhattan
node/10261382324,Little Rascal,40.7208393,-73.9950056,restaurant,Manhattan
node/10268906107,Serafina Vino e Cucina,40.7062579,-74.0114037,restaurant,Manhattan
node/10270349362,Potluck Club,40.7195195,-73.9933301,restaurant,Manhattan
node/10270363605,Goodnight Sunny,40.7276083,-73.9850691,bar,Manhattan
node/10270363607,Banshee,40.7281223,-73.9851452,bar,Manhattan
node/10270502710,Nudibranch,40.7274036,-73.9856776,restaurant,Manhattan
node/10270502717,Area Bar,40.7278406,-73.9848961,bar,Manhattan
node/10270699211,Holiday Cocktail Lounge,40.727916,-73.985742,bar,Manhattan
node/10270699213,Jiang's Kitchen,40.7280825,-73.9861384,restaurant,Manhattan
node/10270861222,Ainslie Bowery,40.7211098,-73.9934939,restaurant,Manhattan
node/10272388251,Sly Fox,40.7289514,-73.9871824,bar,Manhattan
node/10281524809,Stickett Inn,40.7286903,-73.984733,bar,Manhattan
node/10282968180,Bar Francis,40.683681,-73.9682409,bar,Manhattan
node/10286844703,Home Sweet Home,40.7194726,-73.9933546,bar,Manhattan
node/10289996862,Lady Chow Kitchen,40.7178502,-73.99679,restaurant,Manhattan
node/10290384729,11 Tigers,40.7290538,-73.9781533,bar,Manhattan
node/10312046520,Nyonya,40.7190609,-73.9968835,restaurant,Manhattan
node/10312413177,Farida Downtown,40.7069566,-74.0081568,restaurant,Manhattan
node/10314828707,C. DiPalo,40.7193752,-73.9964618,bar,Manhattan
node/10315377441,La Contenta,40.718774,-73.9870405,restaurant,Manhattan
node/10315377442,Nurse Bettie,40.7188751,-73.9869882,bar,Manhattan
node/10420459501,Fusion,40.763499,-73.9923885,restaurant,Manhattan
node/10420459504,Food King,40.763693,-73.9922685,restaurant,Manhattan
node/10420459507,ViV,40.7627716,-73.9897081,restaurant,Manhattan
node/10547810049,Ichiran,40.7601354,-73.9832283,restaurant,Manhattan
node/10552774830,Bluebird London NYC,40.7678592,-73.9827995,restaurant,Manhattan
node/10552881679,LumLum,40.7629585,-73.989893,restaurant,Manhattan
node/10558408063,13,40.7345239,-73.9919739,bar,Manhattan
node/10559992345,Little Italy Pizza,40.7597577,-73.9837192,restaurant,Manhattan
node/10566114007,Mr. Lee's,40.6935089,-73.9664457,bar,Manhattan
node/10566847243,Okiboru,40.7193755,-73.9897046,restaurant,Manhattan
node/10585010030,Fomo Momo,40.7260378,-73.9866634,restaurant,Manhattan
node/10585445259,Yama,40.7358652,-73.9876113,restaurant,Manhattan
node/10587759216,EnVue,40.7769934,-74.0113387,hotel,Manhattan
node/10599105667,Made in New York Pizza,40.7355626,-74.0061923,restaurant,Manhattan
node/10606691227,The Four-Faced Liar,40.7321644,-74.0013984,bar,Manhattan
node/10611901526,Cap't Loui,40.6932431,-73.9693053,restaurant,Manhattan
node/10617089797,Di Fara,40.7070226,-74.0020088,restaurant,Manhattan
node/10619086494,Ito,40.7130439,-74.01008,restaurant,Manhattan
node/10650625205,Okdongsik,40.7457045,-73.985371,restaurant,Manhattan
node/10652445511,Mắm,40.7170443,-73.9933568,restaurant,Manhattan
node/10689052120,Bao Bao Cafe,40.7085207,-74.0135093,restaurant,Manhattan
node/10689433836,The Globe,40.7389154,-73.9837535,pub,Manhattan
node/10689545494,Wolfnights - The Gourmet Wrap,40.7306629,-74.0003539,restaurant,Manhattan
node/10689601294,NaNa Thai Street,40.7395763,-73.9885295,restaurant,Manhattan
node/10691764421,The Wooly,40.720678,-73.9968746,restaurant,Manhattan
node/10694203546,Soju Haus,40.7470064,-73.9853791,restaurant,Manhattan
node/10695076877,The Highlight Room,40.7189483,-73.9940599,bar,Manhattan
node/10695458941,American Bar,40.7350125,-74.0003899,restaurant,Manhattan
node/10699464134,Loews Regency,40.7645205,-73.9691102,hotel,Manhattan
node/10707474704,Mezcali,40.7073886,-74.0074223,restaurant,Manhattan
node/10707548033,Exquisite Cafe,40.7101656,-74.0055087,restaurant,Manhattan
node/10717839774,Margaux,40.7325933,-73.9968968,restaurant,Manhattan
node/10717839779,Wicked Jane,40.7327662,-73.9973089,restaurant,Manhattan
node/10717839781,Loring Place,40.7328594,-73.9975311,restaurant,Manhattan
node/10717839786,Mr. Capri,40.7330575,-73.9980064,restaurant,Manhattan
node/10717839788,Mace,40.7330903,-73.9980848,bar,Manhattan
node/10719556921,Monomono,40.7254822,-73.9880334,restaurant,Manhattan
node/10731651157,Happy Family,40.7599981,-73.9954299,restaurant,Manhattan
node/10731651159,Nobody's Perfect,40.7600413,-73.9953984,pub,Manhattan
node/10756703058,Kyuramen,40.7188978,-73.9948257,restaurant,Manhattan
node/10757178646,Triona's,40.7354861,-73.985814,pub,Manhattan
node/10757509893,Cooper Town Diner,40.7348831,-73.9802298,restaurant,Manhattan
node/10757661198,Salma,40.7302407,-73.9838074,restaurant,Manhattan
node/10757661199,Sushi Lab,40.7298004,-73.9852826,restaurant,Manhattan
node/10757735011,Bar Veloce,40.7226537,-73.9928275,bar,Manhattan
node/10757806380,Slow Food Market,40.7072563,-74.0123018,restaurant,Manhattan
node/10775859280,Sauced,40.7126451,-73.9623269,bar,Manhattan
node/10780279316,TacoVision,40.7569068,-73.9678393,restaurant,Manhattan
node/10780303885,Sami & Susu,40.7221103,-73.9880747,restaurant,Manhattan
node/10780577864,Dumpling N' Dips,40.729419,-73.9893134,restaurant,Manhattan
node/10789194705,Angaar,40.7782095,-73.9779884,restaurant,Manhattan
node/10791083576,Brooklyn Deli,40.7570456,-73.9869703,restaurant,Manhattan
node/10791185413,Lucky,40.7272139,-73.9797955,bar,Manhattan
node/10793024892,Mr. Sun,40.7580402,-73.9802119,restaurant,Manhattan
node/10794176923,Lagos TSQ,40.7600479,-73.9837966,restaurant,Manhattan
node/10796001208,Gopchang Story BBQ,40.7470406,-73.9859223,restaurant,Manhattan
node/10796135812,Ramen Danbo,40.7298743,-74.0034651,restaurant,Manhattan
node/10800150639,Carrot Express,40.7547138,-73.9855296,restaurant,Manhattan
node/10803083076,LaVista Pizza,40.7644551,-73.9917249,restaurant,Manhattan
node/10812420293,Ja Moy Kitchen & Bar,40.7286078,-73.9993964,restaurant,Manhattan
node/10817712250,Everytable,40.6920015,-73.9847858,restaurant,Manhattan
node/10817748702,Munchiez,40.7300261,-74.0003147,restaurant,Manhattan
node/10817753613,Spicy Moon,40.729402,-73.9982658,restaurant,Manhattan
node/10817754083,Yum Cha,40.7292842,-73.9988202,restaurant,Manhattan
node/10828734041,B&L Diner,40.7484569,-73.9879549,restaurant,Manhattan
node/10830817798,Sushi Nakazawa,40.7317406,-74.0045409,restaurant,Manhattan
node/10830817799,Sushi Mumi,40.7267376,-73.9835516,restaurant,Manhattan
node/10830817800,DOMODOMO,40.7280345,-74.0016502,restaurant,Manhattan
node/10830954967,Il Corallo Trattoria,40.7261823,-74.0019199,restaurant,Manhattan
node/10838671326,Maison Premiere,40.7142409,-73.9616034,restaurant,Manhattan
node/10838775155,320 Club,40.7134932,-73.9621511,bar,Manhattan
node/10838775156,Super Burrito,40.7134771,-73.9621023,restaurant,Manhattan
node/10838958947,Fini Pizza,40.7134723,-73.9618052,restaurant,Manhattan
node/10839772010,Shuka,40.7270593,-74.0027981,restaurant,Manhattan
node/10847081712,Figaro,40.729034,-74.0011513,restaurant,Manhattan
node/10853382805,Nuyorican Poets Cafe,40.7220439,-73.9817859,bar,Manhattan
node/10863519205,Kubeh,40.7354601,-73.9980005,restaurant,Manhattan
node/10866135205,Highwater Rooftop,40.7054271,-74.0074507,bar,Manhattan
node/10870572691,Breakfast by Salt’s Cure,40.6816671,-73.9963998,restaurant,Manhattan
node/10873983898,The Cooper Still,40.7434197,-73.9963738,pub,Manhattan
node/10874836805,Wiggle Room,40.7226149,-73.9862173,nightclub,Manhattan
node/10885671406,St. Jardim,40.7343508,-74.0028751,bar,Manhattan
node/10891282153,New York Kimchi,40.7576124,-73.9791762,restaurant,Manhattan
node/10908810996,Nan Xiang Xiao Long Bao,40.7482511,-73.9864775,restaurant,Manhattan
node/10908811003,Rib No. 7,40.7483804,-73.9867781,restaurant,Manhattan
node/10908978405,Hutaoli,40.7485457,-73.9871672,restaurant,Manhattan
node/10908978406,Ai Ki Ya,40.7487358,-73.9870637,restaurant,Manhattan
node/10908978409,Seoul Salon,40.7483075,-73.9866107,restaurant,Manhattan
node/10916743205,AC Hotel,40.7556434,-73.9903003,hotel,Manhattan
node/10923081782,CAVA,40.7337972,-73.989668,restaurant,Manhattan
node/10931164934,Lo-Res,40.7160891,-73.9624986,bar,Manhattan
node/10936948507,Two Boots,40.7331393,-74.0028099,restaurant,Manhattan
node/10937001805,Boucherie,40.7330542,-74.0029005,restaurant,Manhattan
node/10948099761,Go Next Door,40.7406287,-74.0084361,bar,Manhattan
node/10963961481,Hyodonggak,40.7501089,-73.9861942,restaurant,Manhattan
node/10963961483,Han Bat,40.7501321,-73.9862499,restaurant,Manhattan
node/10964087311,DH Noodles,40.7492203,-73.9778582,restaurant,Manhattan
node/10964503294,Taco Vista,40.6927585,-74.0145156,restaurant,Manhattan
node/10964503295,GITANO Island,40.6915587,-74.0135456,restaurant,Manhattan
node/10968151805,M & Pizza,40.7599977,-73.99186,restaurant,Manhattan
node/10979453279,The Dunes Club,40.7493752,-73.9831111,restaurant,Manhattan
node/10979453280,Toledo,40.7493423,-73.9830385,restaurant,Manhattan
node/10979453282,Slatterlys Midtown Pub,40.7493073,-73.9829506,pub,Manhattan
node/10982324243,Club A Steakhouse,40.7601469,-73.9655086,restaurant,Manhattan
node/10982325313,Moonstruck Eatery,40.7599784,-73.9650692,restaurant,Manhattan
node/10982332452,Chola Coastal Indian Cuisine,40.760267,-73.965753,restaurant,Manhattan
node/10992263589,Eataly - SoHo,40.7214319,-73.9981576,restaurant,Manhattan
node/10994970405,Semma,40.7360072,-74.0005291,restaurant,Manhattan
node/11004529328,Pilot,40.6940266,-74.0031139,bar,Manhattan
node/11005206217,The Wilson,40.7459284,-73.992669,restaurant,Manhattan
node/11027006805,DD Soup Dumpling & Hibachi,40.7618183,-73.9898998,restaurant,Manhattan
node/11030790954,Casa Cipriani New York,40.7010584,-74.011976,hotel,Manhattan
node/11031505389,Sushi Bar Hasaki,40.7297391,-73.9887902,restaurant,Manhattan
node/11031505391,Shiso,40.7296555,-73.9885942,restaurant,Manhattan
node/11031505392,Yakinku West,40.729627,-73.9885276,restaurant,Manhattan
node/11034907911,Residence Inn,40.7776186,-74.0112224,hotel,Manhattan
node/11036037905,Pizza Loves Sauce,40.7230597,-73.9897166,restaurant,Manhattan
node/11044225344,Carnegie Diner & Cafe,40.7620418,-73.9860181,restaurant,Manhattan
node/11045292805,Common Country,40.7405187,-73.9821654,bar,Manhattan
node/11045538347,The Blasket,40.7595723,-73.9653352,pub,Manhattan
node/11048911149,Moxy,40.7191907,-73.9942282,hotel,Manhattan
node/11053422057,Bistango,40.7563844,-73.9713268,restaurant,Manhattan
node/11061450505,Etcetera Etcetera,40.7593594,-73.9910873,restaurant,Manhattan
node/11067172705,Lovers of Today,40.7258267,-73.9832403,bar,Manhattan
node/11067979505,Old Rabbit Club,40.7299518,-74.0003667,bar,Manhattan
node/11074226306,Eleven B,40.727419,-73.9796782,restaurant,Manhattan
node/11078978388,Novita,40.7392385,-73.9864787,restaurant,Manhattan
node/11078978853,Pure Grit BBQ,40.7400896,-73.984499,restaurant,Manhattan
node/11079239444,The Smyth,40.7152376,-74.0091966,restaurant,Manhattan
node/11079239445,Galerie Bar,40.7151386,-74.0092889,bar,Manhattan
node/11079657105,Bar 54,40.7575137,-73.9840845,bar,Manhattan
node/11084144532,Kuu Ramen,40.7097477,-74.0088749,restaurant,Manhattan
node/11084146197,Sushi & Co,40.7094717,-74.0085899,restaurant,Manhattan
node/11084164914,The Irish American,40.7098633,-74.0086893,bar,Manhattan
node/11085659419,Mala House,40.7395221,-73.9890649,restaurant,Manhattan
node/11088424818,Anixi Mediterranean Vegan Restaurant,40.7462748,-73.9975223,restaurant,Manhattan
node/11090520517,Pangea,40.7305261,-73.9860255,restaurant,Manhattan
node/11090520518,Ops,40.7304624,-73.9860714,restaurant,Manhattan
node/11091932105,Casa Lever,40.7596903,-73.9730149,restaurant,Manhattan
node/11093347420,Bedford Falls,40.7662226,-73.9624711,restaurant,Manhattan
node/11093512882,Jet's Pizza,40.762171,-73.9634371,restaurant,Manhattan
node/11100292928,J. Bespoke,40.7424481,-73.98357,bar,Manhattan
node/11105983005,Becco,40.7562331,-73.9907792,restaurant,Manhattan
node/11110239305,Royal Napoli Pizza,40.7630532,-73.9932262,restaurant,Manhattan
node/11112080406,Bites of Xian,40.7546091,-73.9919826,restaurant,Manhattan
node/11112139705,The Lunch Box,40.7602575,-73.9750532,restaurant,Manhattan
node/11115334405,Il Piccolo Bufalo,40.7188082,-73.9977151,restaurant,Manhattan
node/11117676696,Jack Diamond's,40.7417156,-73.9824433,pub,Manhattan
node/11126165013,Barking Dog,40.7624184,-73.9878403,restaurant,Manhattan
node/11152104482,Appelbee's,40.6849664,-73.9767341,restaurant,Manhattan
node/11157772487,Hotel Indigo,40.7217017,-73.9876904,hotel,Manhattan
node/11157798346,Moustache Pitza (Moustache),40.7306885,-74.0042533,restaurant,Manhattan
node/11157811380,Temple Room,40.7113229,-74.0067467,restaurant,Manhattan
node/11159662142,Gnoccheria Wall Street,40.7075759,-74.0111489,restaurant,Manhattan
node/11162304268,Malachy's Irish Bar,40.7776963,-73.9790334,bar,Manhattan
node/11163476905,Antidote,40.7142684,-73.9654775,restaurant,Manhattan
node/11163481605,Deux Chats,40.7108669,-73.9677065,bar,Manhattan
node/11167699930,Lula Mae,40.6932728,-73.9663971,restaurant,Manhattan
node/11172371587,Antica,40.7039315,-74.0123687,restaurant,Manhattan
node/11175531742,The Elgin,40.7583068,-73.9808668,pub,Manhattan
node/11175682842,Cut by Wolfgang Puck,40.7128293,-74.0093508,restaurant,Manhattan
node/11189011965,Blue Park Kitchen,40.7063928,-74.0078861,restaurant,Manhattan
node/11189050331,Old Xi'an Delicacy,40.7058595,-74.0075023,restaurant,Manhattan
node/11189060644,Mikado,40.7059064,-74.007455,restaurant,Manhattan
node/11189423585,Lucy's Bar,40.7270608,-73.9830229,bar,Manhattan
node/11191819310,Taqueria on Tenth,40.7510117,-74.0019994,restaurant,Manhattan
node/11194260847,Creamline,40.7621194,-73.9970358,restaurant,Manhattan
node/11195025260,Radio Kwara,40.6874663,-73.9601895,bar,Manhattan
node/11196362150,Burrata Basil Pizza,40.7302121,-73.9807164,restaurant,Manhattan
node/11196374537,Spikes,40.7300131,-73.9804574,bar,Manhattan
node/11196500963,Sushi by M,40.7266211,-73.9888905,restaurant,Manhattan
node/11196500985,Conway Diner,40.7264399,-73.9890013,restaurant,Manhattan
node/11196500996,Iggy's,40.7202321,-73.9881513,bar,Manhattan
node/11208744396,Split Eights,40.7058839,-74.0102847,bar,Manhattan
node/11208788096,Harry's Side Bar,40.7045634,-74.0098904,bar,Manhattan
node/11222032513,Dim Sum Palace,40.7094131,-74.0067312,restaurant,Manhattan
node/11225778137,Tasty Hand Pulled Noodles II,40.7605534,-73.9908603,restaurant,Manhattan
node/11226171700,Arlo,40.755668,-73.9936089,hotel,Manhattan
node/11229897237,Seeyamañana,40.7452552,-73.9902833,bar,Manhattan
node/11240052312,Trattoria Napoli,40.7778557,-74.0181479,restaurant,Manhattan
node/11241886838,Chambers,40.7146185,-74.0075403,restaurant,Manhattan
node/11241887323,Artesano Peruvian Cuisine,40.714543,-74.0073743,restaurant,Manhattan
node/11241986541,Bareburger,40.7431934,-73.9801954,restaurant,Manhattan
node/11241986543,Gupshup,40.7368581,-73.987637,restaurant,Manhattan
node/11242527168,Bites of Xi’an,40.7309589,-73.9898626,restaurant,Manhattan
node/11243946687,City Beer,40.7486079,-73.9755052,bar,Manhattan
node/11244208098,Malone's Irish Bar & Grill,40.7518415,-73.9738906,pub,Manhattan
node/11255887063,Blue Haven,40.7100277,-74.0071166,bar,Manhattan
node/11258774458,Restaurant Marc Forgione,40.7164801,-74.0095734,restaurant,Manhattan
node/11258926651,Dorado,40.7339533,-73.9931568,restaurant,Manhattan
node/11258926652,Sophie's Cuban Cuisine,40.7339291,-73.9930929,restaurant,Manhattan
node/11258947744,Fields Good Chicken,40.7340101,-73.9932822,restaurant,Manhattan
node/11270580267,Ladybird,40.7265692,-73.9845399,restaurant,Manhattan
node/11270580268,Cadence,40.726539,-73.9844756,restaurant,Manhattan
node/11287398069,Iron Sushi,40.7515303,-73.9705354,restaurant,Manhattan
node/11290926682,Evalyn's Tap House,40.6815018,-73.9856228,pub,Manhattan
node/11293344177,Side Door,40.7607684,-73.9683086,bar,Manhattan
node/11293344178,Tina's Cuban Cuisine,40.7599443,-73.9680171,restaurant,Manhattan
node/11293344181,Adare,40.760815,-73.9683972,restaurant,Manhattan
node/11293344183,The Naked Pig,40.7593709,-73.96841,bar,Manhattan
node/11296394818,Happy Malaysia Canteen,40.7164395,-73.9978779,restaurant,Manhattan
node/11301575865,Metropolis by Marcus Samuelsson,40.7125031,-74.0123419,restaurant,Manhattan
node/11304966100,Kamasu By Kissaki,40.7533944,-74.0012665,restaurant,Manhattan
node/11314008722,Cedric’s,40.7532858,-74.0027158,bar,Manhattan
node/11328372069,Lelabar,40.7303885,-74.0066375,bar,Manhattan
node/11329730736,Thalassa,40.7192654,-74.0095941,restaurant,Manhattan
node/11329752942,Terrior,40.71886,-74.0099987,restaurant,Manhattan
node/11329762787,Jungsik,40.7187884,-74.0090911,restaurant,Manhattan
node/11329779866,Mr. Chow,40.7200957,-74.0087665,restaurant,Manhattan
node/11329790733,Sushi of Gari,40.7167674,-74.0084565,restaurant,Manhattan
node/11329800632,Osteria Carlina,40.7195801,-74.0070314,restaurant,Manhattan
node/11329802009,Khe-Yo,40.7168416,-74.0086416,restaurant,Manhattan
node/11329802030,Gigimo,40.7172588,-74.0105427,restaurant,Manhattan
node/11329825459,Max Italian Restaurant,40.7168913,-74.0083619,restaurant,Manhattan
node/11332230969,Frenchette,40.7196471,-74.0057569,restaurant,Manhattan
node/11335080026,Avra Rockefeller Center,40.7603719,-73.9807662,restaurant,Manhattan
node/11345588157,Kame,40.7474506,-73.9966833,restaurant,Manhattan
node/11347087420,Strip House,40.7343055,-73.9934609,restaurant,Manhattan
node/11352644136,P.F. Chang's,40.7641497,-73.9850061,restaurant,Manhattan
node/11357126369,Celestine,40.7046132,-73.9880229,restaurant,Manhattan
node/11359386682,Chakra,40.7265324,-73.9881174,restaurant,Manhattan
node/11359410069,Mesiba,40.711378,-73.9631216,restaurant,Manhattan
node/11360985469,Bin 71,40.7765296,-73.9792214,bar,Manhattan
node/11374517232,La Bella Vita,40.7197362,-73.9972911,restaurant,Manhattan
node/11374517234,Baby John's Pizzeria,40.7191522,-73.9972169,restaurant,Manhattan
node/11384449991,Tanner Smith's,40.7643596,-73.9815651,restaurant,Manhattan
node/11384449994,The Ricky,40.7644186,-73.9817038,bar,Manhattan
node/11398926734,Ace's,40.731346,-73.9859337,restaurant,Manhattan
node/11399372270,Legasea Bar & Grill,40.7523507,-73.9893208,restaurant,Manhattan
node/11423243400,Misipasta,40.7159245,-73.9655474,restaurant,Manhattan
node/11433238611,Délice & Sarrasin,40.7287461,-74.0031498,restaurant,Manhattan
node/11447971796,161 Lafayette,40.7198136,-73.9990736,bar,Manhattan
node/11462657455,Hendrickson's,40.7611375,-73.960629,bar,Manhattan
node/11463577701,Ichibantei,40.7324491,-73.9880197,restaurant,Manhattan
node/11465739196,La Grande Boucherie,40.7626575,-73.980662,restaurant,Manhattan
node/11476841566,Reyna,40.7350479,-73.9932044,restaurant,Manhattan
node/11476892967,Karvouna Mezze,40.7225243,-73.9929563,restaurant,Manhattan
node/11492713480,Mighty Quinn's BBQ,40.6916033,-73.9888725,restaurant,Manhattan
node/11500492169,Kin Ramen,40.7644156,-73.9789989,restaurant,Manhattan
node/11500492269,Izakaya Toribar,40.7596208,-73.9685472,restaurant,Manhattan
node/11505171170,Friedmans,40.742492,-74.0063934,restaurant,Manhattan
node/11506163553,Robert,40.7674398,-73.9820336,restaurant,Manhattan
node/11509114969,Residence Inn New York Downtown Manhattan/World Trade Center Area,40.709566,-74.0097951,hotel,Manhattan
node/11509837680,Sweet Chick,40.7366142,-73.9912191,restaurant,Manhattan
node/11512084768,Reverie,40.7162748,-73.9622509,restaurant,Manhattan
node/11515266361,Oti,40.7198466,-73.9845618,restaurant,Manhattan
node/11523643171,Carlota,40.7151017,-73.9916695,restaurant,Manhattan
node/11523643176,Treasure Club,40.7153993,-73.9915154,bar,Manhattan
node/11558110355,Tengri Tagh Uyghur Cuisine,40.7525395,-73.9886477,restaurant,Manhattan
node/11558119422,Beyond Sushi - Vegan Restaurant,40.7524663,-73.9884545,restaurant,Manhattan
node/11558613469,MayRee,40.7237527,-73.9892869,restaurant,Manhattan
node/11561127141,Ravagh Persian Grill,40.7472594,-73.98314,restaurant,Manhattan
node/11565456368,The Belfry,40.7327433,-73.9862943,bar,Manhattan
node/11565487891,Naks,40.7302931,-73.9835696,restaurant,Manhattan
node/11565539048,Paradise Lost,40.7271704,-73.9884869,bar,Manhattan
node/11582969069,Okinii,40.7289222,-73.9990944,restaurant,Manhattan
node/11592874869,Cafe Luce,40.7572512,-73.9679558,restaurant,Manhattan
node/11608604958,Yondu Culinary Studio,40.7083725,-74.0006182,restaurant,Manhattan
node/11608613210,Paris Cafe,40.7073186,-74.0014716,restaurant,Manhattan
node/11620209249,SANUKI UDON,40.7291862,-73.9955475,restaurant,Manhattan
node/11623463037,Joyface,40.723918,-73.9787909,nightclub,Manhattan
node/11629287173,Zizi's Wine Bar,40.709189,-74.0078111,bar,Manhattan
node/11638670322,Betty,40.7136688,-73.9878507,restaurant,Manhattan
node/11652456194,Tigre,40.7199283,-73.9881704,bar,Manhattan
node/11658333426,Sushi Lin,40.7191841,-73.9856983,restaurant,Manhattan
node/11658333429,Cloud Vietnamese,40.7188406,-73.985309,restaurant,Manhattan
node/11658333430,Ginger & Lemongrass,40.7191673,-73.9856462,restaurant,Manhattan
node/11674325705,Bings & Noodles,40.7299776,-73.9995858,restaurant,Manhattan
node/11674339847,Mala Project,40.7568355,-73.9806333,restaurant,Manhattan
node/11674339848,Akdeniz,40.7568615,-73.9806953,restaurant,Manhattan
node/11674345070,SushiDelic,40.7202273,-73.998709,restaurant,Manhattan
node/11679760934,Beatnic,40.7227424,-73.9971339,restaurant,Manhattan
node/11687868832,Mista Oh,40.7432446,-73.9912163,restaurant,Manhattan
node/11701475595,Coco Pizzaria,40.7594129,-73.9618878,restaurant,Manhattan
node/11714928281,Fishmarket,40.7283393,-73.9820432,restaurant,Manhattan
node/11715036337,Madina Halal Deli,40.7291209,-73.9836233,restaurant,Manhattan
node/11717251415,Cellini,40.7600534,-73.9727312,restaurant,Manhattan
node/11717251435,Nerai,40.7602001,-73.9730757,restaurant,Manhattan
node/11729195306,The Greats of Craft,40.7563355,-73.9645648,bar,Manhattan
node/11729195307,Marinara,40.7565374,-73.9644183,restaurant,Manhattan
node/11729195308,Sofia Pizza Shoppe,40.7567113,-73.9643249,restaurant,Manhattan
node/11729264202,Adyar Ananda Bhavan,40.7593014,-73.9623856,restaurant,Manhattan
node/11731444670,Maria Mulata Colombian Restaurant & Bar,40.7707505,-73.9617952,restaurant,Manhattan
node/11734409650,Sophie's Cuban,40.7412524,-73.9937682,restaurant,Manhattan
node/11734474015,Great Burrito,40.7428769,-73.9931922,restaurant,Manhattan
node/11734648510,Periyali,40.7406439,-73.9929501,restaurant,Manhattan
node/11737576669,The Best Pizza,40.7636803,-73.988578,restaurant,Manhattan
node/11738086069,Osteria 57,40.7346089,-73.9978963,restaurant,Manhattan
node/11738972189,Big Wong,40.7161895,-73.998278,restaurant,Manhattan
node/11739055904,Vestry,40.7255235,-74.0053247,restaurant,Manhattan
node/11746463839,Singlish,40.7349796,-73.993027,bar,Manhattan
node/11746463840,Music For a While,40.7504877,-74.0033783,bar,Manhattan
node/11746463842,Nobody Told Me,40.7022294,-73.9849719,bar,Manhattan
node/11746463843,ONGI,40.7521719,-73.9872338,restaurant,Manhattan
node/11746463844,Mori,40.7270969,-74.0020062,restaurant,Manhattan
node/11746463845,142 Sullivan Bar,40.727044,-74.0020491,bar,Manhattan
node/11748179932,Populares,40.7230805,-73.9825225,restaurant,Manhattan
node/11748179933,The Lions,40.7274292,-73.9852033,bar,Manhattan
node/11748179935,L’Americana,40.7360524,-73.9874848,restaurant,Manhattan
node/11748989360,Moxy NYC Times Square,40.7522281,-73.9892637,hotel,Manhattan
node/11754487749,Grandma’s Home,40.7419249,-73.9928293,restaurant,Manhattan
node/11760994850,Susukino Ramen,40.7032995,-74.0107985,restaurant,Manhattan
node/11761653832,Congee Village,40.7187004,-73.9903564,restaurant,Manhattan
node/11761689742,Lucien,40.7233554,-73.9881736,restaurant,Manhattan
node/11761868947,Bravo,40.7493418,-73.9841442,restaurant,Manhattan
node/11767652269,Saperavi,40.732635,-73.9852239,restaurant,Manhattan
node/11773867097,PS Kitchen,40.7606821,-73.986622,restaurant,Manhattan
node/11774131269,Little Italy Pizza,40.7658115,-73.9839012,restaurant,Manhattan
node/11774637881,Kimura,40.7289868,-73.9882604,restaurant,Manhattan
node/11775761069,Dude’s Pizza,40.7532429,-73.9922559,restaurant,Manhattan
node/11780963363,La Perla,40.7022819,-73.9873473,bar,Manhattan
node/11789217687,Baker Falls,40.7257942,-73.9839054,bar,Manhattan
node/11800207769,Pizza Shack,40.7703517,-73.9919456,restaurant,Manhattan
node/11800209769,Long Island Dumplings,40.7369749,-73.9973769,restaurant,Manhattan
node/11800248039,3 Dessert Cafe,40.7171352,-73.9981858,restaurant,Manhattan
node/11814456769,Square pizza NYC Time Square,40.7556426,-73.9921788,restaurant,Manhattan
node/11826577618,My Food House,40.7145666,-73.9937001,restaurant,Manhattan
node/11826587032,Rong Hang,40.7157089,-73.9930991,restaurant,Manhattan
node/11836538423,Il Cantinori,40.7323245,-73.993126,restaurant,Manhattan
node/11840440162,Carol's Bun,40.7138245,-73.9914494,restaurant,Manhattan
node/11842272663,Tía Pol,40.7472782,-74.0047099,bar,Manhattan
node/11842298772,Hey Yuet,40.7470428,-73.9964446,restaurant,Manhattan
node/11842373515,Studio Bar,40.7395602,-74.0088479,bar,Manhattan
node/11844522999,Trailer Park Lounge,40.7452301,-73.9978783,bar,Manhattan
node/11850467068,Courtyard New York Manhattan/Times Square,40.7536218,-73.9861665,hotel,Manhattan
node/11852588962,Emerald Inn,40.7793147,-73.9837288,bar,Manhattan
node/11852588968,Gebhard's Beer Culture,40.7790485,-73.9831265,bar,Manhattan
node/11862536064,The High Line Hotel,40.7459314,-74.0050167,hotel,Manhattan
node/11865332476,Berlin Döner,40.7294161,-74.0008633,restaurant,Manhattan
node/11865375282,Maestro Pasta,40.7293912,-74.0008833,restaurant,Manhattan
node/11865385955,Malai Marke,40.7269036,-73.9876124,restaurant,Manhattan
node/11865385956,Raj Mahal,40.7268373,-73.9874547,restaurant,Manhattan
node/11865385957,Curry Flavor,40.7268042,-73.9873761,restaurant,Manhattan
node/11865385958,Souen,40.7267632,-73.9872787,restaurant,Manhattan
node/11865385959,The Izakaya NYC,40.7267795,-73.9873173,restaurant,Manhattan
node/11866488665,Cull & Pistol Oyster Bar,40.7424412,-74.0055869,restaurant,Manhattan
node/11867099054,Jajaja Mexicana,40.7298154,-74.004554,restaurant,Manhattan
node/11868399774,Radio Star,40.7297778,-73.9601363,restaurant,Manhattan
node/11872565844,The Independent,40.7546757,-73.9874489,bar,Manhattan
node/11872704825,Valbella at the Park,40.7548664,-73.985372,restaurant,Manhattan
node/11873180748,Malibu Diner,40.7439868,-73.9949708,restaurant,Manhattan
node/11875083121,Bleecker Street Bar,40.7265973,-73.9953567,bar,Manhattan
node/11875156397,Bagel Market,40.7110673,-74.0065073,restaurant,Manhattan
node/11881240167,Wayla,40.718289,-73.9927504,restaurant,Manhattan
node/11884796769,Pizza Town,40.7520357,-73.9858812,restaurant,Manhattan
node/11892515469,Broni & Belle’s Pizzeria,40.7450228,-73.99825,restaurant,Manhattan
node/11895576969,Berlina Cafe,40.7553382,-73.9909515,restaurant,Manhattan
node/11897338093,Restaurante Félix,40.7225399,-74.0038369,restaurant,Manhattan
node/11897345667,Kintsugi,40.7229261,-74.0046413,restaurant,Manhattan
node/11899462035,Fairfield Inn & Suites,40.7132505,-73.9928866,hotel,Manhattan
node/11905528875,Goku Kitchen,40.7070267,-74.0082784,restaurant,Manhattan
node/11910381822,Udon St Marks,40.7293326,-73.9891008,restaurant,Manhattan
node/11910381824,Oh! Taisho,40.7293722,-73.9892017,restaurant,Manhattan
node/11917024769,NºBetween,40.7427277,-74.0069647,bar,Manhattan
node/11918630622,Sour Mouse,40.7188557,-73.9883675,bar,Manhattan
node/11918740847,O'Donoghue's,40.7568638,-73.9852285,pub,Manhattan
node/11918780630,Strip House,40.7552726,-73.9807065,restaurant,Manhattan
node/11918781631,Le Rivage,40.7602653,-73.9895344,restaurant,Manhattan
node/11933299269,Little Italy Pizza,40.7576681,-73.9896928,restaurant,Manhattan
node/11941135093,Propaganda,40.7120937,-73.9629898,bar,Manhattan
node/11943260737,Torrisi,40.724217,-73.9954001,restaurant,Manhattan
node/11943260739,Botantica Bar,40.7246846,-73.994744,bar,Manhattan
node/11943293175,Dahlia,40.7777536,-73.9783192,bar,Manhattan
node/11948944397,Leyla,40.7788358,-73.9783508,restaurant,Manhattan
node/11951864818,Fat Rabbit Diner,40.6895853,-73.9694747,restaurant,Manhattan
node/11959321244,Proletariat,40.7286675,-73.9894532,bar,Manhattan
node/11959453564,Talea,40.7331942,-74.0048618,bar,Manhattan
node/11963740469,Bombay Bistros,40.7313594,-74.002533,restaurant,Manhattan
node/11968161063,Burgerology,40.753801,-73.9936143,restaurant,Manhattan
node/11969588269,The Three Monkeys,40.7641352,-73.9830578,bar,Manhattan
node/11971047114,Water St. Tavern,40.7025972,-73.9865509,restaurant,Manhattan
node/11971148917,Little Myanmar,40.7229483,-73.9853975,restaurant,Manhattan
node/11987722720,Jeffrey's Grocery,40.7339144,-74.0013412,restaurant,Manhattan
node/11990405945,Rocco Steakhouse,40.7438235,-73.9860292,restaurant,Manhattan
node/11990995698,Ashford & Simpson's Sugar Bar,40.7793657,-73.9838442,restaurant,Manhattan
node/11992808706,Blue Ruin,40.7572141,-73.9930662,bar,Manhattan
node/11994488267,DimSum Garden,40.7586972,-73.9654903,restaurant,Manhattan
node/11994512706,Sasabune Express,40.7600289,-73.9632487,restaurant,Manhattan
node/12006510169,Zillions Pizza,40.7581501,-73.9925308,restaurant,Manhattan
node/12021097574,Sido,40.7777188,-73.9783437,restaurant,Manhattan
node/12042549280,Legend 72,40.7779752,-73.9796919,restaurant,Manhattan
node/12042651949,Sushi Counter,40.7332779,-74.0055872,restaurant,Manhattan
node/12042873186,Malka,40.7784392,-73.9807875,restaurant,Manhattan
node/12045059816,Glaze,40.7540475,-73.9859163,restaurant,Manhattan
node/12055614728,Los Tacos No.1,40.7262725,-73.9946961,restaurant,Manhattan
node/12070389068,SUGARFISH by Sushi Nozawa,40.7651959,-73.9816218,restaurant,Manhattan
node/12070394872,Topaz,40.7643677,-73.9789336,restaurant,Manhattan
node/12070422440,K-bap,40.7632955,-73.9771622,restaurant,Manhattan
node/12070468651,Tina's Cuban Cuisine,40.7630129,-73.9757399,restaurant,Manhattan
node/12070476839,Il Tinello Ristorante,40.7625761,-73.9756396,restaurant,Manhattan
node/12070492977,Dim Sum Palace,40.7627231,-73.9760278,restaurant,Manhattan
node/12074578120,SUGARFISH by Sushi Nozawa,40.7579501,-73.9703988,restaurant,Manhattan
node/12076152433,Baby Grand Flatiron,40.738683,-73.9937194,bar,Manhattan
node/12079568551,& Son Steakeasy,40.7339041,-73.9986749,restaurant,Manhattan
node/12084131484,Ayat,40.7242306,-73.9789217,restaurant,Manhattan
node/12093994492,Bread and Stone,40.7270613,-73.9879869,restaurant,Manhattan
node/12093994493,Wonderland Bar,40.7270554,-73.9885712,bar,Manhattan
node/12093994494,Taishoken,40.7269369,-73.9886581,restaurant,Manhattan
node/12093994495,Frank,40.7268894,-73.988693,restaurant,Manhattan
node/12097569302,Lucia Alimentari,40.7216106,-74.004245,restaurant,Manhattan
node/12101284215,Kyuramen,40.760232,-73.9886968,restaurant,Manhattan
node/12106911201,Moderne Hotel,40.7651603,-73.9829294,hotel,Manhattan
node/12112521386,Baby's All Right,40.7099599,-73.9634234,nightclub,Manhattan
node/12150641967,The Spotted Owl,40.7298793,-73.9809353,bar,Manhattan
node/12162695407,Tokugawa,40.776242,-73.9623694,restaurant,Manhattan
node/12164415649,Diamond Thai,40.7197179,-73.988654,restaurant,Manhattan
node/12170467433,Playwright Irish Pub,40.7497845,-73.9854176,pub,Manhattan
node/12170467434,The Liberty,40.7498622,-73.9856035,restaurant,Manhattan
node/12171054081,Shuya,40.7460894,-73.9776287,restaurant,Manhattan
node/12175944629,Nishida Sho-ten,40.7540126,-73.9686892,restaurant,Manhattan
node/12177578856,9th Avenue Saloon,40.7607594,-73.9906983,bar,Manhattan
node/12177578857,Le Sia,40.7607048,-73.9912033,restaurant,Manhattan
node/12177578862,Nan Xiang Express Dumplings,40.7607118,-73.9907302,restaurant,Manhattan
node/12183004901,Bangkok Supper Club,40.7390218,-74.0056634,restaurant,Manhattan
node/12189238901,Roberta's,40.7507736,-73.9914958,restaurant,Manhattan
node/12195740987,Aria,40.7291517,-74.0034544,restaurant,Manhattan
node/12195740994,Ubani,40.7296289,-74.0039259,restaurant,Manhattan
node/12195740995,Cotenna,40.7290298,-74.0035786,restaurant,Manhattan
node/12200001128,Jean Claude,40.7592586,-73.9620057,restaurant,Manhattan
node/12206311669,City Winery,40.7431021,-74.009291,restaurant,Manhattan
node/12207203839,Muse Paintbar,40.7176962,-74.0104084,bar,Manhattan
node/12207775922,Bad Roman,40.7686801,-73.9824413,restaurant,Manhattan
node/12233587106,42nd Street Restaurant,40.7617745,-74.0000776,restaurant,Manhattan
node/12235107075,Loopy's,40.7474883,-73.9923022,restaurant,Manhattan
node/12235107077,New M & J,40.7474645,-73.9922458,restaurant,Manhattan
node/12241733433,Emperor Dumpling,40.7462639,-73.9938221,restaurant,Manhattan
node/12244426994,Revel & Rye,40.7585073,-73.9858673,restaurant,Manhattan
node/12249202528,Piggyback,40.7479876,-73.9915765,restaurant,Manhattan
node/12254052901,Petit Paulette,40.689612,-73.9757378,bar,Manhattan
node/12259319359,Soho Diner,40.7220958,-74.0042287,restaurant,Manhattan
node/12273325701,Elysée New York,40.7599083,-73.973171,hotel,Manhattan
node/12273452602,Lowell Hotel,40.7657133,-73.9692479,hotel,Manhattan
node/12300169234,The Artezen,40.7096287,-74.008699,hotel,Manhattan
node/12307257374,Urban Vegan Kitchen,40.7451722,-73.9976887,restaurant,Manhattan
node/12307861590,Kings Kitchen,40.7139084,-73.9936669,restaurant,Manhattan
node/12307862278,David’s Bar,40.7172354,-73.993296,bar,Manhattan
node/12307938441,Yi Zhang Fishball,40.7146634,-73.9938681,restaurant,Manhattan
node/12308518420,Hub Thai,40.7239243,-73.9848973,restaurant,Manhattan
node/12309214382,cloudM Rooftop-Bar,40.7206975,-73.993476,bar,Manhattan
node/12309226999,Electric Lemon,40.7545273,-74.0020433,bar,Manhattan
node/12313182579,Planet Rose,40.7301469,-73.9807499,bar,Manhattan
node/12319900971,La Linea,40.7235041,-73.9885185,bar,Manhattan
node/12319914323,Lil Frankie’s Grocery,40.7236297,-73.9884264,restaurant,Manhattan
node/12319918269,Superbueno,40.7234538,-73.9885506,bar,Manhattan
node/12322531439,Zaragoza,40.7300094,-73.9808364,restaurant,Manhattan
node/12322937601,Taam Tov,40.7576737,-73.9805449,restaurant,Manhattan
node/12323976457,Mas Tacos,40.7507899,-73.9932561,restaurant,Manhattan
node/12324373160,Soogil,40.7256107,-73.9883555,restaurant,Manhattan
node/12324390279,Apna Pind,40.7252983,-73.987581,restaurant,Manhattan
node/12324410335,Benemon,40.7255807,-73.9882731,restaurant,Manhattan
node/12324916043,Hearty & Healthy,40.7267074,-73.9862218,restaurant,Manhattan
node/12324923075,Mister Paradise,40.7267585,-73.9861797,bar,Manhattan
node/12324923077,Tile Bar,40.7271559,-73.9858545,bar,Manhattan
node/12324933016,The Headless Widow,40.7265948,-73.9863121,bar,Manhattan
node/12326900425,Off Soho Suites Hotel,40.7212963,-73.9926787,hotel,Manhattan
node/12327465356,Cecilia,40.7274504,-73.9845978,restaurant,Manhattan
node/12327498679,St. Dymphna’s,40.7263843,-73.9834728,bar,Manhattan
node/12327529700,Rosella,40.7270984,-73.9829757,restaurant,Manhattan
node/12327548513,Foxface Natural,40.7289642,-73.9816112,restaurant,Manhattan
node/12327777493,Genki Omakasa,40.7291349,-73.9982452,restaurant,Manhattan
node/12327810411,Little Hen,40.7285726,-73.9997104,restaurant,Manhattan
node/12333426801,The Purple Tongue,40.7594181,-73.9932118,restaurant,Manhattan
node/12333450784,Sugar Mouse,40.7308162,-73.9887471,bar,Manhattan
node/12334487669,The Last Resort,40.7300279,-73.9818721,bar,Manhattan
node/12334487678,Ishq,40.7293684,-73.9809196,restaurant,Manhattan
node/12335788854,Yawning Cobra,40.7268534,-73.9918703,bar,Manhattan
node/12365486436,Bonnie Vee,40.7224569,-73.9921311,bar,Manhattan
node/12365498908,Forsythia,40.7225386,-73.9924913,restaurant,Manhattan
node/12365512172,Vig Bar,40.7211586,-73.9946239,bar,Manhattan
node/12365528289,Madé,40.7214053,-73.9951726,restaurant,Manhattan
node/12365588901,Beyond The Pale,40.7221898,-73.9965894,bar,Manhattan
node/12366546101,Double Chicken Please,40.7195842,-73.9904912,bar,Manhattan
node/12366551501,Overstory,40.7065765,-74.0080763,bar,Manhattan
node/12368232318,International Bar,40.7264673,-73.9858887,bar,Manhattan
node/12368307474,Appa’s Pizza,40.7303479,-73.9830787,restaurant,Manhattan
node/12368319328,Luthun,40.7299937,-73.9817762,restaurant,Manhattan
node/12373675569,Le Basque French Vegan Restaurant,40.736072,-73.9918636,restaurant,Manhattan
node/12374906401,Mocha Burger,40.7556853,-73.9784746,restaurant,Manhattan
node/12377182082,Grand Brasserie,40.7524928,-73.9775859,restaurant,Manhattan
node/12383161574,Stella 34 Trattoria,40.7506271,-73.9880621,restaurant,Manhattan
node/12386824050,REGULAR NYC,40.7080263,-74.0139855,restaurant,Manhattan
node/12389242645,Tre,40.7218109,-73.9875935,restaurant,Manhattan
node/12389243039,Chinato,40.7212805,-73.9875664,bar,Manhattan
node/12389258451,Apartment 5,40.7209735,-73.9880154,bar,Manhattan
node/12389271511,Bungalow,40.7236539,-73.9879543,restaurant,Manhattan
node/12395382702,Society Billiards + Bar,40.7399067,-73.9899635,bar,Manhattan
node/12402918748,Mei Lai Wah Wonton Noodle,40.7148176,-73.9982893,restaurant,Manhattan
node/12432067901,Pasta Eater,40.7376627,-73.991342,restaurant,Manhattan
node/12432724701,Konban,40.7419883,-74.0015474,restaurant,Manhattan
node/12450362420,Shades of Green,40.7345717,-73.9878085,pub,Manhattan
node/12453392832,Oki Poke & Ramen,40.753269,-73.9741075,restaurant,Manhattan
node/12453438626,Hop Won Express,40.7532023,-73.9739738,restaurant,Manhattan
node/12459875815,Tuscany Steakhouse,40.7653391,-73.9771919,restaurant,Manhattan
node/12459875822,Loi Estiatorio,40.7653982,-73.9779596,restaurant,Manhattan
node/12463668755,Uncle Charlie’s Piano Lounge,40.7532286,-73.9739994,bar,Manhattan
node/12470628924,Çka ka Qellue,40.7446861,-73.9818352,restaurant,Manhattan
node/12480632412,Fogo de Chão,40.6914216,-73.9828851,restaurant,Manhattan
node/12484826227,Sushi & Co,40.7533944,-73.9744469,restaurant,Manhattan
node/12485263600,Tiptara,40.7141483,-73.9875607,restaurant,Manhattan
node/12486715026,Bondi Sushi,40.7212469,-73.9964063,restaurant,Manhattan
node/12495990801,Motto by Hilton Times Square,40.75891,-73.9833914,hotel,Manhattan
node/12496732774,SourAji,40.7222329,-73.9831367,restaurant,Manhattan
node/12496752010,Boni & Mott,40.7226448,-73.9949556,restaurant,Manhattan
node/12510451776,Quality Meats,40.7649266,-73.9762437,restaurant,Manhattan
node/12512735661,Momosan Ramen & Sake,40.7498922,-73.9773723,restaurant,Manhattan
node/12512778763,Dimsum Garden,40.7497897,-73.9774286,restaurant,Manhattan
node/12516954542,The Dawson 39,40.7524292,-73.9847258,restaurant,Manhattan
node/12525411571,Dao Dim Sum,40.7473756,-73.9830554,restaurant,Manhattan
node/12528016586,Towa,40.7443354,-73.9905424,restaurant,Manhattan
node/12542984185,Whiskey Cellar,40.7273568,-73.9863567,bar,Manhattan
node/12542984188,Blue & Gold,40.7273351,-73.9862728,bar,Manhattan
node/12542984190,Big Bar,40.7274275,-73.9865089,bar,Manhattan
node/12544339981,Murphy's Irish Pub,40.7561865,-73.967351,bar,Manhattan
node/12544391777,Brett's Deli,40.7544783,-73.9765523,restaurant,Manhattan
node/12547321282,Bourbon Steak New York,40.7663058,-73.9781782,restaurant,Manhattan
node/12547817793,Shade Bar,40.729931,-73.9993365,bar,Manhattan
node/12547817794,Triona's,40.7298527,-73.9994054,pub,Manhattan
node/12547817795,Step Up Womens,40.7288063,-73.9997549,nightclub,Manhattan
node/12548036252,Smash House,40.7575147,-73.9802829,restaurant,Manhattan
node/12548036253,Smash House,40.7516443,-73.9859621,restaurant,Manhattan
node/12552066544,To Eat Sushi,40.7290286,-73.9847778,restaurant,Manhattan
node/12552541831,tán,40.755037,-73.9705438,restaurant,Manhattan
node/12552598964,Yong Chuan,40.7183609,-73.9853126,restaurant,Manhattan
node/12594065265,Bar Oliver,40.7130612,-73.9982064,bar,Manhattan
node/12596663779,Pearl's Dive,40.6805504,-74.0083998,restaurant,Manhattan
node/12601522341,Shima Sushi,40.755873,-73.9692659,restaurant,Manhattan
node/12601547251,Su Khum Vit 51,40.7559192,-73.969303,restaurant,Manhattan
node/12602306528,Strange Delight,40.6872052,-73.9759848,restaurant,Manhattan
node/12604039968,K Sushi & Bar,40.7471726,-73.9871962,restaurant,Manhattan
node/12610100301,Malibu Farm,40.7057668,-74.0014838,restaurant,Manhattan
node/12632002031,Batsu,40.725374,-73.9872473,restaurant,Manhattan
node/12635027167,Up Stairs Bar,40.7150639,-73.9920743,bar,Manhattan
node/12643554149,Il Gradino,40.7643541,-73.9668078,restaurant,Manhattan
node/12646645001,The Woo Woo,40.7601203,-73.9872499,bar,Manhattan
node/12650293071,Allora 47,40.7543324,-73.9727625,restaurant,Manhattan
node/12650293072,Foxy John's Bar & Kitchen,40.7543531,-73.9728052,restaurant,Manhattan
node/12662579801,Ariana Afghan Kebab,40.7651093,-73.988016,restaurant,Manhattan
node/12662586701,Dim Sum Palace,40.7602273,-73.9893114,restaurant,Manhattan
node/12662597101,Black Tap,40.7500629,-73.9861062,restaurant,Manhattan
node/12662597204,Nubiani,40.7469733,-73.9853512,restaurant,Manhattan
node/12662611901,Kazunori,40.7451752,-73.9881914,restaurant,Manhattan
node/12662627901,Sentir Vegan Mexican Restaurant,40.7400275,-73.9931732,restaurant,Manhattan
node/12662645401,Rafele,40.7309038,-74.0041193,restaurant,Manhattan
node/12662645402,Village Taverna,40.733396,-73.9930049,restaurant,Manhattan
node/12674202671,La Villetta,40.7548931,-73.9649433,restaurant,Manhattan
node/12674202672,L'Angolo della Villetta,40.7549651,-73.9651356,bar,Manhattan
node/12675363874,Laliko,40.7294591,-74.0048245,restaurant,Manhattan
node/12676843762,Aji Sushi,40.751452,-73.9707949,restaurant,Manhattan
node/12676888846,Land of Plenty,40.7606166,-73.9666293,restaurant,Manhattan
node/12696713574,Aragvi,40.7512616,-73.9719193,restaurant,Manhattan
node/12696860008,Plug Uglies,40.7384971,-73.9831663,bar,Manhattan
node/12707756043,Ke Aloha Sushi & Poke Bowl,40.7561451,-73.9659724,restaurant,Manhattan
node/12710030055,Darbar,40.7592533,-73.9689049,restaurant,Manhattan
node/12715466601,MOTTO BY HILTON TIMES SQUARE,40.7589115,-73.9833905,hotel,Manhattan
node/12719181899,Skin Contact,40.7177244,-73.9903192,bar,Manhattan
node/12720480767,Lungi,40.761691,-73.9602236,restaurant,Manhattan
node/12720658654,Romeos,40.7269668,-73.9840529,bar,Manhattan
node/12720671571,Danny & Coop’s Cheesesteaks,40.7276608,-73.9825681,restaurant,Manhattan
node/12720698856,Apollo Bagels,40.7288795,-73.9849717,restaurant,Manhattan
node/12720704231,Craft + Carry Saint Marks,40.7269897,-73.9841119,bar,Manhattan
node/12727042268,Rice Bird,40.7285629,-73.9860192,restaurant,Manhattan
node/12729059749,Roscioli NYC,40.7277245,-74.0025523,restaurant,Manhattan
node/12729319283,Las Lap,40.71766,-73.9903523,bar,Manhattan
node/12729390265,Ven Hue,40.7221182,-73.9832236,bar,Manhattan
node/12733020264,SHIROKURO,40.7275633,-73.9886531,restaurant,Manhattan
node/12738172134,Chatti,40.7536159,-73.9914901,restaurant,Manhattan
node/12739649701,Binondo,40.7137287,-73.9956663,restaurant,Manhattan
node/12741901377,Pho Avenue,40.75149,-73.9707581,restaurant,Manhattan
node/12743431906,Atithi,40.7147527,-73.9616283,restaurant,Manhattan
node/12743431907,Fresh Kills Bar,40.7147284,-73.9615689,bar,Manhattan
node/12744975234,888 Cafe & Bar,40.7651708,-73.9805398,restaurant,Manhattan
node/12745327708,Sud NYC,40.7157735,-73.9642133,restaurant,Manhattan
node/12754726336,Dos Caminos,40.7542025,-73.9742699,restaurant,Manhattan
node/12762556567,NoMo Kitchen,40.71976,-73.9999039,restaurant,Manhattan
node/12762754842,Gyu-Kaku,40.7555288,-73.970365,restaurant,Manhattan
node/12772979822,Yoshino,40.7262002,-73.9921115,restaurant,Manhattan
node/12789084365,Don Neo Fusion,40.6944315,-73.9936488,restaurant,Manhattan
node/12796244533,Guarapo,40.7175413,-73.9634662,restaurant,Manhattan
node/12796364028,La Nonna,40.7184213,-73.9639673,restaurant,Manhattan
node/12799621898,Café Brume,40.6951927,-73.9962275,restaurant,Manhattan
node/12812420201,Kiku,40.7624275,-73.9770156,restaurant,Manhattan
node/12815687871,noodlelove,40.7209887,-73.9955775,restaurant,Manhattan
node/12818145480,RT60 Rooftop Bar & Lounge,40.7596608,-73.9832831,bar,Manhattan
node/12820832963,Avra,40.7551236,-73.9725518,restaurant,Manhattan
node/12821490787,Omakase Osukaa,40.7557087,-73.9769678,restaurant,Manhattan
node/12827046801,A Salt & Battery,40.7383452,-74.002,restaurant,Manhattan
node/12828447749,Chalong Southern Thai,40.7639018,-73.9888785,restaurant,Manhattan
node/12840446756,Serafina 777 Third Ave,40.7546507,-73.971268,restaurant,Manhattan
node/12847527227,Hilton,40.7566419,-73.9888386,hotel,Manhattan
node/12849983985,,40.7501812,-73.9844621,restaurant,Manhattan
node/12849984712,Tonchin New York,40.750229,-73.984535,restaurant,Manhattan
node/12849984713,The Keg,40.750816,-73.9859024,restaurant,Manhattan
node/12857850351,Bar Mexicana,40.7561252,-73.9848062,restaurant,Manhattan
node/12857850352,Simply Noodles & Dim Sum,40.753814,-73.9859287,restaurant,Manhattan
node/12863513173,Spes,40.7297959,-73.9827359,restaurant,Manhattan
node/12865107393,Prime Catch NYC,40.7393312,-73.9976946,restaurant,Manhattan
node/12866882564,Tam Mai Thai,40.7632439,-73.9770786,restaurant,Manhattan
node/12866882565,Bengal Tiger,40.7655983,-73.9825967,restaurant,Manhattan
node/12874846886,Biga Bite,40.7212657,-73.9840748,restaurant,Manhattan
node/12879187798,Philippe,40.7640945,-73.9703849,restaurant,Manhattan
node/12889705727,Lei,40.7145645,-73.9981901,restaurant,Manhattan
node/12890222603,Penny,40.7308231,-73.989714,restaurant,Manhattan
node/12890222605,Claud,40.7308697,-73.9896752,restaurant,Manhattan
node/12898340499,Elsie Rooftop,40.753645,-73.9867772,bar,Manhattan
node/12908269982,Class on 38th,40.7520674,-73.9850554,restaurant,Manhattan
node/12908269983,Watami Sushi,40.7511,-73.9852329,restaurant,Manhattan
node/12917458450,M.J. Smith's,40.7551578,-73.9785871,pub,Manhattan
node/12917458453,Megan's,40.7557462,-73.9800141,pub,Manhattan
node/12917458454,Lolita,40.7562131,-73.9811182,bar,Manhattan
node/12917521997,Merrion Row,40.7572479,-73.9835396,pub,Manhattan
node/12917521998,Bobby Van's Grill,40.7570814,-73.9838681,restaurant,Manhattan
node/12917522703,Le Marais,40.7580768,-73.9842248,restaurant,Manhattan
node/12917522705,Prime Catch,40.7580046,-73.984058,restaurant,Manhattan
node/12917522706,Silky Kitchen,40.757981,-73.9840072,restaurant,Manhattan
node/12917522707,Chazz Palminteri,40.756518,-73.9805238,restaurant,Manhattan
node/12917611586,Raku,40.7566827,-73.9692284,restaurant,Manhattan
node/12917611587,Himalayan Curry House,40.757224,-73.9685841,restaurant,Manhattan
node/12918215844,Audace,40.7421518,-73.9846598,restaurant,Manhattan
node/12921924710,Marwin Thai,40.7615664,-73.9603255,restaurant,Manhattan
node/12922047971,Cognac,40.7552769,-73.9730336,restaurant,Manhattan
node/12922047973,Park Ave Kitchen,40.7551732,-73.9735384,restaurant,Manhattan
node/12922047974,Bukhara Grill,40.7497315,-73.9782595,restaurant,Manhattan
node/12923377791,Grand Sichuan Eastern,40.7582701,-73.9662712,restaurant,Manhattan
node/12926687501,Temple Bar,40.7257276,-73.9949997,bar,Manhattan
node/12943426699,LilliStar,40.7116877,-73.9629243,bar,Manhattan
node/12947498610,The Corner Deli;La Esquina,40.7518394,-73.9958965,restaurant,Manhattan
node/12947498611,Yono Sushi,40.751735,-73.9955332,restaurant,Manhattan
node/12949416382,Tommy Bahama,40.7554679,-73.9792098,restaurant,Manhattan
node/12959524802,Iona Bar,40.7142646,-73.9610202,bar,Manhattan
node/12965227301,Pelicana Chicken,40.7476537,-73.9861935,restaurant,Manhattan
node/12973757302,Kaiten Zushi Nomad,40.7458899,-73.9866573,restaurant,Manhattan
node/12973789901,230 Fifth Rooftop,40.7441781,-73.9887861,bar,Manhattan
node/12973790001,Le petit village,40.7359443,-74.0012558,restaurant,Manhattan
node/12980265002,Maza Mexican Restaurant,40.7265495,-73.9850368,restaurant,Manhattan
node/12981463706,Javitri,40.7635622,-73.9677376,restaurant,Manhattan
node/12982612201,Schmuck,40.7263913,-73.9864117,bar,Manhattan
node/12982650202,Shu Jiao Fu Zhou,40.7174828,-73.992049,restaurant,Manhattan
node/12982654501,Shu Jiao Fu Zhou,40.7174828,-73.992049,restaurant,Manhattan
node/12984861715,Courtyard New York Manhattan/Central Park,40.7643747,-73.9826851,hotel,Manhattan
node/12986801201,Libertine,40.7329671,-74.0076358,restaurant,Manhattan
node/12986801301,Amber Sushi Asian Cuisine & Bar,40.7330675,-74.0069764,restaurant,Manhattan
node/12986801302,L’industrie Pizza,40.7331767,-74.0051285,restaurant,Manhattan
node/12986810601,Joseph Leonard,40.7335787,-74.0016703,restaurant,Manhattan
node/12987788601,Third Kingdom,40.7286265,-73.9893727,restaurant,Manhattan
node/12988107101,Tipsy Shanghai,40.7274182,-73.9883002,restaurant,Manhattan
node/12988563701,Café Maud,40.7286121,-73.9874271,restaurant,Manhattan
node/12990373901,The Little Shop,40.7082968,-74.0008745,bar,Manhattan
node/12990538860,Panna II,40.7262782,-73.9864936,restaurant,Manhattan
node/12990650129,Milon,40.726249,-73.9865175,restaurant,Manhattan
node/12990670061,345 Cantina,40.7266301,-73.9864309,restaurant,Manhattan
node/12990687698,Miso,40.7267431,-73.9872344,restaurant,Manhattan
node/12990806401,Jeju Noodle Bar,40.7330125,-74.0073265,restaurant,Manhattan
node/12990806501,The Warren,40.7330917,-74.006708,restaurant,Manhattan
node/12994299701,Me Chicken Rice,40.7304925,-74.0004761,restaurant,Manhattan
node/12994866301,Titi’s Empanadas,40.7261363,-73.984021,restaurant,Manhattan
node/12995844901,Milon Indian Restaurant,40.7262583,-73.9866312,restaurant,Manhattan
node/12995859902,Le Bilboquet,40.7638779,-73.9704399,restaurant,Manhattan
node/12995860506,Fleming by Le Bilboquet,40.7653865,-73.9695287,restaurant,Manhattan
node/12996543401,Il Gattopardo,40.7616056,-73.9764095,restaurant,Manhattan
node/12998364101,Somewhere Nowhere,40.7442513,-73.9925123,nightclub,Manhattan
node/12998414901,Darling,40.7650593,-73.9752711,bar,Manhattan
node/12998414902,Dear Irving on Hudson,40.7561752,-73.9919029,bar,Manhattan
node/13000003956,Tiberias,40.7476688,-73.9823057,restaurant,Manhattan
node/13003072801,Whitmans,40.727843,-73.9843074,restaurant,Manhattan
node/13003153501,Five Spot Jazz,40.7296107,-73.9878145,bar,Manhattan
node/13007235601,STATE Grill and Bar,40.7483043,-73.9860187,restaurant,Manhattan
node/13012209901,Civilian Hotel,40.761514,-73.9877712,hotel,Manhattan
node/13016310201,Carne Mare,40.7056919,-74.0021178,restaurant,Manhattan
node/13016311601,Mister Dips,40.7056226,-74.0020585,restaurant,Manhattan
node/13019781381,Caviar Russe,40.760725,-73.9737351,restaurant,Manhattan
node/13027471401,Tomi Jazz,40.7571763,-73.9678034,bar,Manhattan
node/13030039761,Jack’s Wife Freda,40.717074,-73.9632241,restaurant,Manhattan
node/13034372961,Boqueria W40th,40.7556286,-73.9902396,restaurant,Manhattan
node/13034652401,OMG Shawarma,40.7344725,-74.0020801,restaurant,Manhattan
node/13043042757,Tarallucci e Vino,40.7381477,-73.9906882,restaurant,Manhattan
node/13043042758,Tarallucci e Vino,40.7434574,-73.9846977,restaurant,Manhattan
node/13043042759,Vallata,40.738039,-73.9886026,restaurant,Manhattan
node/13057299001,,40.7615058,-73.9855952,hotel,Manhattan
node/13057970730,Ground Central Coffee Company,40.7637429,-73.9848071,restaurant,Manhattan
node/13062290351,Dumpling Story,40.7183133,-73.9939503,restaurant,Manhattan
node/13062628801,Il Mulino,40.761296,-73.9724022,restaurant,Manhattan
node/13064239933,Melangerie,40.7535527,-73.9784024,restaurant,Manhattan
node/13064239935,Bergamo's,40.7535242,-73.9777794,bar,Manhattan
node/13064262826,Lulla,40.7440402,-73.9930299,restaurant,Manhattan
node/13065489069,Blaze BBQ & Hibachi,40.7181784,-73.9920791,restaurant,Manhattan
node/13065493913,Hav & Mar,40.7509895,-74.0057562,restaurant,Manhattan
node/13067012376,Palladino's Steak & Seafood,40.7531376,-73.9775826,restaurant,Manhattan
node/13069249663,Fan Szechuan,40.7190765,-73.9881143,restaurant,Manhattan
node/13070933043,Henry & The Lions,40.746813,-74.001689,restaurant,Manhattan
node/13070933044,The Canuck,40.7459665,-74.0014557,bar,Manhattan
node/13071016173,Coppelia,40.7388838,-74.0000095,restaurant,Manhattan
node/13071016174,Flannery's Bar,40.7388621,-73.9999234,pub,Manhattan
node/13071727592,The Cocoa Exchange,40.7051235,-74.0085966,restaurant,Manhattan
node/13071776167,NeroLab,40.7068019,-74.0099313,restaurant,Manhattan
node/13073165602,Sake Bar Asoko,40.7137622,-73.9919916,bar,Manhattan
node/13075288501,Jones St. Wine Bar & Room,40.7262318,-73.9842408,bar,Manhattan
node/13078664901,Sake Bar Shigure,40.7185633,-74.004808,bar,Manhattan
node/13078894001,一品小笼包,40.7183113,-73.993949,restaurant,Manhattan
node/13086913624,Rynn,40.7266592,-73.9884205,restaurant,Manhattan
node/13094686852,pizazz,40.7361017,-73.9890842,restaurant,Manhattan
node/13095337944,Althea’s Hideway,40.7677439,-73.9957135,nightclub,Manhattan
node/13107945801,Draught 55,40.7582895,-73.9665979,bar,Manhattan
node/13107965005,The Rose,40.7449435,-73.9942824,bar,Manhattan
node/13124831501,Placemakr Wall Street,40.7049125,-74.0063342,hotel,Manhattan
node/13129731186,Wilka's Sports Bar,40.7225191,-73.9929312,bar,Manhattan
node/13141172002,West Rice Roll King,40.7169867,-73.9948131,restaurant,Manhattan
node/13143970801,Joe G,40.7657529,-73.9828919,restaurant,Manhattan
node/13144932601,Patsy's,40.765555,-73.9827084,restaurant,Manhattan
node/13162323201,Sogno Toscano Market & Wine Bar,40.7358519,-74.0018817,restaurant,Manhattan
node/13164366801,Jack's Wife Freda,40.7409214,-74.0014447,restaurant,Manhattan
node/13166891301,Ribalta,40.7332959,-73.9916085,restaurant,Manhattan
node/13228338601,Karahi Indian Cuisine,40.7655978,-73.9876226,restaurant,Manhattan
node/13246607072,Ramen Thupka,40.6850874,-73.9796285,restaurant,Manhattan
node/13250232454,Albert’s Bar,40.7504146,-73.9762096,bar,Manhattan
node/13253297112,LECIEL,40.7195644,-73.9869398,restaurant,Manhattan
node/13254235312,Caravan Uyghur Cuisine,40.7051211,-74.0096508,restaurant,Manhattan
node/13260156201,Genesis House,40.741452,-74.008311,restaurant,Manhattan
node/13260302501,Mama’s Too,40.7332723,-74.00407,restaurant,Manhattan
node/13265935943,Shoof Burger,40.6896711,-73.9777776,restaurant,Manhattan
node/13270526606,Dos Caminos,40.7593685,-73.9853155,restaurant,Manhattan
node/13276407498,Cocoron,40.7202582,-73.9930775,restaurant,Manhattan
node/13281497564,Pulperia,40.7602775,-73.9894412,restaurant,Manhattan
node/13281517266,Sicily,40.7601744,-73.9891823,restaurant,Manhattan
node/13284267479,Conor's Goat,40.7229222,-73.9859926,pub,Manhattan
node/13284267481,La Caverna,40.7198122,-73.9871697,restaurant,Manhattan
node/13284267483,Essex,40.7197876,-73.9870989,restaurant,Manhattan
node/13286404301,Madeline’s Martini,40.7262812,-73.9774787,bar,Manhattan
node/13294811814,Grand Salon at Baccarat Hotel,40.7608743,-73.9774286,restaurant,Manhattan
node/13307068143,La Contenta Oeste,40.7352064,-73.9981795,restaurant,Manhattan
node/13322193023,Sakura,40.723877,-73.9946519,restaurant,Manhattan
node/13322321326,Wo Hop Next Door,40.7142577,-73.9988632,restaurant,Manhattan
node/13324633698,Wok in Duane,40.7175026,-74.0101435,restaurant,Manhattan
node/13326302618,Gandhi Cafe,40.7319374,-74.0033019,restaurant,Manhattan
node/13326385962,Burgers & Beer,40.7320136,-74.001509,restaurant,Manhattan
node/13326385965,Tio Pepe,40.7320656,-74.0015562,restaurant,Manhattan
node/13326545699,La Bonbonniere,40.7377771,-74.0043559,restaurant,Manhattan
node/13326545700,Kawa Sushi,40.7377209,-74.0044229,restaurant,Manhattan
node/13346761054,Dim Sum Sam,40.7553674,-73.9896313,restaurant,Manhattan
node/13346761055,Printers Alley,40.7552067,-73.9886987,bar,Manhattan
node/13361377026,Kimpton Theta New York - Times Square by IHG,40.7613638,-73.9865081,hotel,Manhattan
node/13362068601,Taberu Nomu,40.7446274,-73.9930033,restaurant,Manhattan
node/13363181665,Millennium Premier Hotel New York Times Square,40.7568934,-73.9843093,hotel,Manhattan
node/13375144704,Fonda,40.745526,-74.0022513,restaurant,Manhattan
node/13375145201,Leitao,40.7349472,-74.0062794,restaurant,Manhattan
node/13375145301,Osteria Nonnino,40.7388401,-74.0056653,restaurant,Manhattan
node/13375149201,Bar Rêve,40.6841256,-73.9923716,bar,Manhattan
node/13408740002,Gnocco,40.7271198,-73.9802734,restaurant,Manhattan
node/13411508501,abcV,40.7380365,-73.9892448,restaurant,Manhattan
node/13415843343,The Shoreham,40.7625245,-73.9763493,hotel,Manhattan
node/13429529829,Ippudo V,40.700359,-73.9879126,restaurant,Manhattan
node/13446122648,Untitled,40.7218795,-73.9927921,hotel,Manhattan
node/13454928532,Suram,40.7564792,-73.9982784,restaurant,Manhattan
node/13458596602,Zia Maria,40.7186398,-73.997516,restaurant,Manhattan
node/13477811985,The Mermaid Bar,40.7561847,-73.9849769,restaurant,Manhattan
node/13482821702,faena hotel,40.7447198,-74.0073497,hotel,Manhattan
node/13502657369,Godunk,40.7259196,-73.9922038,restaurant,Manhattan
node/13503003830,The Factory 380,40.7416424,-73.9813187,restaurant,Manhattan
node/13503053013,YGF Malatang,40.7322499,-73.988166,restaurant,Manhattan
node/13504488899,Enerugi Ramen,40.6893397,-73.9918163,restaurant,Manhattan
node/13514824809,LuAnne's Wild Ginger,40.7204982,-73.9964428,restaurant,Manhattan
node/13516817471,Sunn's,40.7144225,-73.9909621,restaurant,Manhattan
node/13517110251,Mido Omakase,40.729858,-73.9991597,restaurant,Manhattan
node/13517110252,Il Mulino,40.7298203,-73.9990828,restaurant,Manhattan
node/13517110253,Amity Hall,40.7297099,-73.9988571,pub,Manhattan
node/13517110254,Ananda,40.7287751,-73.999252,restaurant,Manhattan
node/13520165301,Curry House,40.7146812,-73.997729,restaurant,Manhattan
node/13525138501,Ye’s Apothecary,40.7194241,-73.9896952,restaurant,Manhattan
node/13527372236,Old Flings,40.7230273,-73.9860849,bar,Manhattan
node/13527372237,Bite & Sip,40.7226201,-73.986643,restaurant,Manhattan
node/13530139913,Mary O's,40.7233291,-73.9853312,pub,Manhattan
node/13530139916,Virginia's,40.7227097,-73.9833118,restaurant,Manhattan
node/13530551350,Blue Ruin Bar,40.756877,-73.993538,bar,Manhattan
node/13550914365,B-Side,40.7249446,-73.9784115,bar,Manhattan
node/13550914367,The Cabinet,40.7254995,-73.9782351,bar,Manhattan
node/13556272940,Tatiana by Kwame Onwuachi,40.7728283,-73.9830871,restaurant,Manhattan
node/13556349768,Borgo,40.7421669,-73.9835268,restaurant,Manhattan
node/13556403203,Kabawa,40.7249557,-73.9913634,restaurant,Manhattan
node/13556409379,Shota Omakase,40.7135585,-73.9662118,restaurant,Manhattan
node/13567251701,Shy Shy,40.7426605,-74.0006676,bar,Manhattan
node/13567940798,YOKO-CHO,40.73297,-73.9882845,restaurant,Manhattan
node/13568423501,Felix’s Handmade Empanadas,40.7221731,-73.9880406,restaurant,Manhattan
node/13572901546,Shinzo Omakase,40.7236946,-73.9876705,restaurant,Manhattan
node/13576389913,AperiBar,40.7544954,-73.9857539,restaurant,Manhattan
node/13587113340,El Rinconcito,40.7231513,-73.9797154,restaurant,Manhattan
node/13593289331,Bridge Coffee Shop,40.7022665,-73.984589,restaurant,Manhattan
node/13594208617,The DL,40.7186239,-73.9892818,nightclub,Manhattan
node/13638108901,Inti Peruvian Cuisine,40.7674175,-73.9895057,restaurant,Manhattan
node/13638108902,Saar Indian Restaurant,40.7626964,-73.9848623,restaurant,Manhattan
node/13638109001,Mamasita Bar and Grill/Mexican Fast Food,40.767364,-73.9895472,restaurant,Manhattan
node/13649390323,Tompkins Square Bagels,40.737435,-73.9907696,restaurant,Manhattan
node/13650265301,New York Beer Dispensary,40.7392333,-74.0005929,bar,Manhattan
node/13651103801,Uncle Ray's Chicken Rice,40.7649095,-73.9875598,restaurant,Manhattan
node/13653136005,Best Sicily Bottega,40.7054178,-74.0087581,restaurant,Manhattan
node/13659094688,Stone & Soil,40.7428266,-73.9831866,bar,Manhattan
node/13665777801,Inday,40.7419677,-73.9929267,restaurant,Manhattan
node/13680208001,Akura Sushi,40.7455629,-73.9833851,restaurant,Manhattan
node/13680208009,Wagyu Room,40.7461046,-73.9833811,restaurant,Manhattan
node/13680208010,Sushi by Bou,40.7461418,-73.983354,restaurant,Manhattan
node/13680449615,Lucinda's,40.7283033,-73.9821252,bar,Manhattan
node/13683332549,Prix Fixe,40.7599849,-73.9783826,restaurant,Manhattan
node/13696414199,La Carida 72,40.7777245,-73.9800442,restaurant,Manhattan
node/13696452302,Thai 72,40.7776928,-73.979973,restaurant,Manhattan
node/13709991501,Don Antonio,40.7626392,-73.9866549,restaurant,Manhattan
node/13715232901,Chi Restaurant,40.7554661,-73.9943756,restaurant,Manhattan
node/13719726601,The Lost & Found,40.748755,-73.9957363,bar,Manhattan
node/13727758501,Okonomi Yuji Ramen,40.744285,-73.990574,restaurant,Manhattan
node/13730194944,Skirt Steak,40.7468354,-73.9901878,restaurant,Manhattan
node/13730649403,Val Pizza,40.7580884,-73.984193,restaurant,Manhattan
node/13730649424,Baya Bar,40.7694784,-73.9848107,bar,Manhattan
node/13730649426,Angie,40.7680448,-73.9854037,restaurant,Manhattan
node/13740052381,Edge,40.7540153,-74.0005901,restaurant,Manhattan
node/13740052382,Edge,40.7539892,-74.0005939,bar,Manhattan
node/13740348057,Filaga,40.7422692,-74.005294,restaurant,Manhattan
node/13745836171,Gair,40.7031092,-73.9894258,restaurant,Manhattan
node/13746128578,EYE SOLUTION,40.7150174,-73.9989641,restaurant,Manhattan
node/13755928644,Tacos del Barrio,40.7097234,-74.0083503,restaurant,Manhattan
node/13756162808,The Corner Store,40.7266398,-73.9999617,restaurant,Manhattan
node/13756238632,Suprema Provisions,40.7325948,-74.0036624,restaurant,Manhattan
node/13761505071,ZUZU,40.7445758,-73.9955617,restaurant,Manhattan
node/13761505077,Sushi Seki,40.7441557,-73.9962015,restaurant,Manhattan
node/13763391819,MR Pizza,40.7621973,-73.9832979,restaurant,Manhattan
node/13763391820,Junior's Restaurant and Bakery,40.7609503,-73.9840152,restaurant,Manhattan
node/13781153305,Back,40.7496952,-73.9926393,bar,Manhattan
node/13781153312,Side,40.7497573,-73.9928093,bar,Manhattan
node/13785835101,At Cave,40.7236064,-73.9874692,bar,Manhattan
node/13792857501,Gossip,40.7633432,-73.9893747,pub,Manhattan
node/13806073520,Margaux by La Sirène,40.7499322,-73.9816759,restaurant,Manhattan
node/13806657901,Pasta Rullo,40.7275145,-73.9830036,restaurant,Manhattan
node/13809236569,Kyuubi Omakase,40.7271894,-73.9845884,restaurant,Manhattan
node/13811467918,EZ Paella & Tapas,40.7635858,-73.9886464,restaurant,Manhattan
node/13823830852,Pergola,40.7454548,-73.9894903,restaurant,Manhattan
node/13829652108,Hello Hello,40.7457533,-73.9933769,bar,Manhattan
node/13829652109,Crompton Ale House,40.7458013,-73.9934893,pub,Manhattan
node/13841010267,Alessa Cucina & Bar,40.7523841,-73.9915795,restaurant,Manhattan
node/13841010268,Lalyn,40.7524228,-73.9916808,restaurant,Manhattan
node/13845839495,Thai Ya,40.7197583,-73.9886392,restaurant,Manhattan
node/13845839496,Souvlaki GR,40.7211327,-73.9871627,restaurant,Manhattan
node/13845839497,Izakaya Juraku,40.720845,-73.9898256,pub,Manhattan
node/13863452601,Down the Hatch,40.7324622,-74.001664,bar,Manhattan
node/13869532701,Sip & Guzzle,40.7314144,-74.0024463,restaurant,Manhattan
node/13878623712,Chop Shop,40.7487103,-74.0031942,restaurant,Manhattan
node/13892089958,Sushi & Co,40.7530947,-73.9874909,restaurant,Manhattan
node/13892113660,Luke's Lobster,40.7533449,-73.9873987,restaurant,Manhattan
node/13899747366,Loong Noodles,40.7288373,-73.9885803,restaurant,Manhattan
node/13899988340,Accidental Bar,40.7237498,-73.9789138,bar,Manhattan
node/13900021201,Dahlia’s Garden & Terrace,40.7455603,-73.9889275,restaurant,Manhattan
node/13901776901,All’Antico Vinaio,40.7518645,-73.9781677,restaurant,Manhattan
node/13904419301,Mikado,40.737745,-73.9973076,restaurant,Manhattan
node/13906809502,The Ridge,40.7229417,-73.9893366,hotel,Manhattan
node/13915515688,Café Fleuri,40.7085943,-74.014148,restaurant,Manhattan
node/13915696741,Tribeca Hotel,40.7083641,-74.0135804,hotel,Manhattan
node/13916540944,Premier Shōjin,40.7403317,-73.992193,restaurant,Manhattan
node/13924051472,Old Mates Pub,40.70579,-74.0041784,bar,Manhattan
node/13926420801,Mission Chinese Food,40.7152503,-73.9988502,restaurant,Manhattan
node/13929976601,Lava Shawarma NYC,40.741636,-73.990248,restaurant,Manhattan
node/13936369413,Mariscos El Submarino,40.6937147,-73.9645989,restaurant,Manhattan
node/13940637521,High Tide,40.7032865,-73.994946,restaurant,Manhattan
node/13944100034,Pizza Hut,40.7449579,-73.9981204,restaurant,Manhattan
node/13946658504,Tera,40.7162949,-73.9896409,bar,Manhattan
node/13946693101,KABIN,40.7257764,-74.0079354,bar,Manhattan
node/13947193197,MAD Bar & Lounge,40.7500557,-73.9809035,bar,Manhattan
node/13947994083,Nogari,40.750557,-73.9853063,pub,Manhattan
way/85393997,Waldorf Astoria New York,40.7565021,-73.9733615,hotel,Manhattan
way/143858914,The Hotel Edison NYC,40.7596402,-73.9863369,hotel,Manhattan
way/144919873,InterContinental New York Barclay,40.7557523,-73.9735123,hotel,Manhattan
way/145427087,Hilton New York Midtown,40.7624544,-73.9797138,hotel,Manhattan
way/150520452,Trump International Hotel and Tower,40.7691208,-73.9815441,hotel,Manhattan
way/162755457,Baccarat Hotel New York,40.7608075,-73.9773637,hotel,Manhattan
way/162764018,Lotte New York Palace,40.7579869,-73.9749183,hotel,Manhattan
way/163474780,New York Marriott Marquis,40.7585993,-73.9862598,hotel,Manhattan
way/207556738,Holiday Inn,40.7182701,-73.9862094,hotel,Manhattan
way/218348086,Club Quarters,40.7599716,-73.9777846,hotel,Manhattan
way/236107988,Eventi,40.747096,-73.9901498,hotel,Manhattan
way/238320858,Holiday Inn Express,40.7639891,-73.9945641,hotel,Manhattan
way/241821272,Yard Bar,40.6882811,-73.9896847,bar,Manhattan
way/241832822,Lazy Siu's,40.7126243,-73.9608094,restaurant,Manhattan
way/241837928,Lucky Dog,40.7134988,-73.9617159,pub,Manhattan
way/241837976,Vanessa's Dumpling House,40.7138231,-73.961987,restaurant,Manhattan
way/241845922,Fairfield Inn,40.6805741,-73.9835553,hotel,Manhattan
way/241846076,New York Marriott at the Brooklyn Bridge,40.6938442,-73.9880188,hotel,Manhattan
way/241846437,Dick & Jane's,40.6898467,-73.9713576,bar,Manhattan
way/241852913,Fortune House,40.6984536,-73.992807,restaurant,Manhattan
way/245114038,Fornino,40.6929195,-74.0016676,restaurant,Manhattan
way/245118651,Juliana's Pizza,40.7027593,-73.9934334,restaurant,Manhattan
way/247839756,Yawning Cobra,40.7269146,-73.9919525,bar,Manhattan
way/247841540,The Bowery Hotel,40.7260382,-73.9914562,hotel,Manhattan
way/247842935,Great Jones Distilling Co,40.72791,-73.9942311,bar,Manhattan
way/247857140,Webster Hall,40.7317687,-73.9890904,nightclub,Manhattan
way/247861602,Hyatt Union Square New York,40.7334239,-73.9902241,hotel,Manhattan
way/247862527,Gen Korean BBQ House,40.733182,-73.9875466,restaurant,Manhattan
way/247865132,Pi Bakerie,40.7236472,-74.003243,restaurant,Manhattan
way/247865135,Sixty SoHo,40.7239398,-74.0030718,hotel,Manhattan
way/247866641,Crosby Street Hotel,40.7230033,-73.9974119,hotel,Manhattan
way/247892575,NoMo SoHo,40.7197439,-73.999815,hotel,Manhattan
way/247920488,Bowery Ballroom,40.720437,-73.9933383,nightclub,Manhattan
way/248142061,Olea,40.6878089,-73.9706129,restaurant,Manhattan
way/248142897,EastSide Story,40.7284786,-73.9831928,restaurant,Manhattan
way/248143190,The Hotel @ New York City,40.7438876,-73.9812009,hotel,Manhattan
way/248143642,The Evelyn,40.7439704,-73.9869885,hotel,Manhattan
way/248143652,The Nomad,40.7449395,-73.988486,hotel,Manhattan
way/248143769,Flatiron Hotel,40.7440201,-73.9892624,hotel,Manhattan
way/248144051,Holiday Inn Manhattan,40.7454163,-73.9922319,hotel,Manhattan
way/248144059,Black Door,40.7454841,-73.9925164,restaurant,Manhattan
way/248144105,The Chelsean New York Hotel,40.7449125,-73.9942542,hotel,Manhattan
way/248144136,Fairfield Inn,40.746178,-73.9914479,hotel,Manhattan
way/248144156,Motto By Hilton,40.7440877,-73.9929202,hotel,Manhattan
way/248152461,Alma,40.6855582,-74.0021356,restaurant,Manhattan
way/248153042,Shah,40.6851825,-73.9911832,restaurant,Manhattan
way/248156242,Aloft - W Hotel,40.691699,-73.984672,hotel,Manhattan
way/248156247,Sheraton Brooklyn,40.691484,-73.9846612,hotel,Manhattan
way/248156251,Hotel Indigo,40.6912257,-73.9840958,hotel,Manhattan
way/248156367,Junior's,40.6901926,-73.9819662,restaurant,Manhattan
way/248156599,Bass & Bourbon,40.6816012,-74.0046092,restaurant,Manhattan
way/248159971,The Kati Roll Company,40.7296514,-74.0010795,restaurant,Manhattan
way/248163476,Groove,40.7306042,-74.0002266,bar,Manhattan
way/248163723,McMahon's,40.6816667,-73.9765676,pub,Manhattan
way/248754520,,40.7326552,-73.9967959,hotel,Manhattan
way/248757328,Sushi On Jones,40.7217454,-73.9903154,restaurant,Manhattan
way/248771057,Odd Sister,40.7216775,-74.0014104,restaurant,Manhattan
way/248771367,Hotel MB,40.7166795,-73.9949442,hotel,Manhattan
way/248771393,Wyndham Garden Chinatown,40.7170425,-73.9951633,hotel,Manhattan
way/248773603,ABC Kitchen,40.7379073,-73.9894927,restaurant,Manhattan
way/248827294,Fáílte,40.7420693,-73.9781971,pub,Manhattan
way/249041777,Club Wyndham,40.7527082,-73.9724431,hotel,Manhattan
way/249041792,Rosie Dunn's,40.7528677,-73.9725709,pub,Manhattan
way/249657332,The House,40.7361486,-73.9877114,restaurant,Manhattan
way/249657360,W Hotels,40.73658,-73.9885402,hotel,Manhattan
way/249664609,Four Points by Sheraton,40.7269401,-74.0061216,hotel,Manhattan
way/249664631,The Dominick,40.7253205,-74.0054962,hotel,Manhattan
way/249664994,,40.7288293,-74.0048708,restaurant,Manhattan
way/249665003,Houston Hall,40.7287936,-74.0047387,bar,Manhattan
way/249665040,Courtyard,40.7275472,-74.0058087,hotel,Manhattan
way/249665508,Top Thai 55 Carmine,40.7299664,-74.0042295,restaurant,Manhattan
way/249666367,Kish Kash,40.7314092,-74.0069836,restaurant,Manhattan
way/249848265,Hotel Mulberry,40.7152173,-73.9993659,hotel,Manhattan
way/250052699,AMTD Idea Tribeca Hotel,40.7208,-74.0056223,hotel,Manhattan
way/250052719,Roxy Hotel,40.7193706,-74.0047857,hotel,Manhattan
way/250266597,The Ludlow Hotel,40.7218279,-73.9871952,hotel,Manhattan
way/250266732,Hotel on Rivington,40.7197766,-73.9880896,hotel,Manhattan
way/250266762,The Whiskey Ward,40.7196519,-73.9878918,bar,Manhattan
way/250266779,The Redford Hotel,40.7203209,-73.9880239,hotel,Manhattan
way/250267770,Blue Moon Hotel,40.7185717,-73.9897335,hotel,Manhattan
way/250267944,Corima,40.7146788,-73.9931153,restaurant,Manhattan
way/250268016,Hotel Richland,40.7147394,-73.9930815,hotel,Manhattan
way/250268196,Reception Bar,40.7163474,-73.9913466,restaurant,Manhattan
way/250353524,John's Gyro Souvlaki,40.6936075,-73.9660986,restaurant,Manhattan
way/250372703,Hampton,40.6956785,-73.9839585,hotel,Manhattan
way/250489910,The Spotted Pig,40.7356302,-74.0066749,pub,Manhattan
way/250490286,Hotel Gansevoort,40.7398769,-74.0057329,hotel,Manhattan
way/250490358,The Standard,40.7408527,-74.0081663,hotel,Manhattan
way/250490372,Liberty Inn,40.7420065,-74.0085403,hotel,Manhattan
way/250490393,Soho House New York,40.740586,-74.0060312,hotel,Manhattan
way/250490408,Mēdüzā Mediterrania,40.7396721,-74.0055895,restaurant,Manhattan
way/250965847,The Rockwell Place,40.6890394,-73.9791222,bar,Manhattan
way/250979461,Black Forest Brooklyn,40.6867753,-73.9750982,restaurant,Manhattan
way/258619232,W Times Square Hotel,40.7593907,-73.9856571,hotel,Manhattan
way/260180778,Hyatt Centric Times Square,40.7575691,-73.9840243,hotel,Manhattan
way/264624844,Chelsea Pines Inn,40.7403685,-74.003365,hotel,Manhattan
way/264624845,Hotel 309,40.7402469,-74.0030915,hotel,Manhattan
way/264625640,Dream Downtown,40.7422876,-74.003436,hotel,Manhattan
way/264625648,Maritime Hotel,40.7424358,-74.003867,hotel,Manhattan
way/264638572,Petite Abeille,40.7386662,-73.994496,restaurant,Manhattan
way/264644249,Wisefish Poke,40.7427981,-73.9996766,restaurant,Manhattan
way/264649355,Hampton Inn,40.7436363,-73.993094,hotel,Manhattan
way/264649395,Hyatt Place,40.744149,-73.9943165,hotel,Manhattan
way/264656535,Hotel Alameda High Line,40.750445,-74.0033964,hotel,Manhattan
way/264674579,Midtown West Hotel,40.7499506,-73.99565,hotel,Manhattan
way/264678451,Holiday Inn Express,40.7483403,-73.9946167,hotel,Manhattan
way/264685131,Hampton Inn Manhattan-Madison Square Garden Area,40.7480429,-73.9901833,hotel,Manhattan
way/264685133,Hilton Garden Inn,40.7466508,-73.9914102,hotel,Manhattan
way/264685140,Hotel Indigo,40.7468123,-73.9917104,hotel,Manhattan
way/264685147,Courtyard Marriot,40.7482236,-73.9911911,hotel,Manhattan
way/264685212,DoubleTree,40.7469639,-73.9914088,hotel,Manhattan
way/264752132,Hotel 17,40.7349138,-73.9845535,hotel,Manhattan
way/264761245,Lex Hotel NYC,40.7409584,-73.9834068,hotel,Manhattan
way/264867495,Courtyard,40.7546897,-73.9986507,hotel,Manhattan
way/265042463,on,40.7450748,-73.9852647,restaurant,Manhattan
way/265042483,Best Western Premier,40.7453017,-73.9855328,hotel,Manhattan
way/265042555,Ace Hotel New York,40.7456561,-73.9882398,hotel,Manhattan
way/265147726,Park Lane New York,40.7648538,-73.9753927,hotel,Manhattan
way/265147729,The Ritz-Carlton,40.7651624,-73.9760342,hotel,Manhattan
way/265147735,JW Marriott Essex House,40.7661722,-73.9785114,hotel,Manhattan
way/265147962,AKA Central Park,40.7643054,-73.9756666,hotel,Manhattan
way/265147973,1 Hotel Central Park,40.7647092,-73.9765073,hotel,Manhattan
way/265148508,West 57th Street,40.7643728,-73.9779329,hotel,Manhattan
way/265148531,Thompson Central Park New York,40.7643251,-73.9784762,hotel,Manhattan
way/265149283,The Peninsula New York,40.7616252,-73.9754184,hotel,Manhattan
way/265149284,Warwick Hotel,40.7624495,-73.9780933,hotel,Manhattan
way/265150609,The Luxury Collection Hotel Manhattan Midtown,40.7634561,-73.9805077,hotel,Manhattan
way/265151113,Da Vinci Hotel,40.7656371,-73.9830013,hotel,Manhattan
way/265151157,Park Central Hotel New York,40.7647161,-73.9811912,hotel,Manhattan
way/265151169,Dream Midtown,40.7644328,-73.9819451,hotel,Manhattan
way/265152155,6 Columbus,40.7674829,-73.9831941,hotel,Manhattan
way/265258287,New Yorker by Lotte Hotels,40.7527452,-73.9936688,hotel,Manhattan
way/265260814,The Hotel @ 5th Avenue,40.7478241,-73.9865033,hotel,Manhattan
way/265260820,Life Hotel,40.7472193,-73.9869969,hotel,Manhattan
way/265260910,Hotel Wolcott,40.7466211,-73.9867054,hotel,Manhattan
way/265260913,Hotel Stanford,40.7482334,-73.9874643,hotel,Manhattan
way/265260921,nyma,40.7472697,-73.9863456,hotel,Manhattan
way/265260929,Hyatt Herald Square New York,40.746989,-73.9876773,hotel,Manhattan
way/265260930,"Martinique New York on Broadway, Curio Collection by Hilton",40.748456,-73.9877177,hotel,Manhattan
way/265261748,The Marmara Park Avenue,40.7452724,-73.9816235,hotel,Manhattan
way/265261769,Hotel 31,40.7445631,-73.9818052,hotel,Manhattan
way/265261806,Hotel 32 32,40.7460411,-73.9834273,hotel,Manhattan
way/265261807,HGU,40.7460019,-73.9833203,hotel,Manhattan
way/265261826,Hotel AKA,40.7455838,-73.9842028,hotel,Manhattan
way/265272951,Crowne Plaza HY36 Midtown Manhattan,40.7537382,-73.993746,hotel,Manhattan
way/265272953,EVEN Hotel New York - Times Square South,40.7534828,-73.9938705,hotel,Manhattan
way/265272965,Staypineapple,40.7543136,-73.993926,hotel,Manhattan
way/265272968,Fairfield Inn & Suites,40.7539352,-73.9942049,hotel,Manhattan
way/265272997,Quality Inn,40.7552635,-73.9973507,hotel,Manhattan
way/265273018,Break Bar,40.7542926,-73.9953345,bar,Manhattan
way/265276939,Henn Na Hotel,40.752386,-73.991201,hotel,Manhattan
way/265277034,Local,40.7515024,-73.9934361,pub,Manhattan
way/265277039,Avenida,40.7518247,-73.9931986,restaurant,Manhattan
way/265282545,Farida,40.7556154,-73.9942678,restaurant,Manhattan
way/265282680,Courtyard,40.7544891,-73.9925622,hotel,Manhattan
way/265296128,Doxie Hotel,40.7547109,-73.9910788,hotel,Manhattan
way/265296131,Artel Hotel,40.7557156,-73.9915693,hotel,Manhattan
way/265296137,Element,40.7558368,-73.9917876,hotel,Manhattan
way/265296151,La Quinta Inn & Suites,40.7555504,-73.993029,hotel,Manhattan
way/265296155,Delta Hotels by Marriott,40.7565335,-73.9927065,hotel,Manhattan
way/265296161,Distrikt Hotel,40.7565937,-73.9928689,hotel,Manhattan
way/265296163,DoubleTree by Hilton Hotel,40.7566887,-73.9930744,hotel,Manhattan
way/265296251,Hyatt Place,40.7560537,-73.9934855,hotel,Manhattan
way/265296263,Hampton Inn,40.7562523,-73.9928469,hotel,Manhattan
way/265296268,Holiday Inn Express,40.7563538,-73.9930889,hotel,Manhattan
way/265296275,Candlewood Suites,40.7563047,-73.9929719,hotel,Manhattan
way/265296309,Holiday Inn,40.7553149,-73.9917884,hotel,Manhattan
way/265301773,The Celtic Rail,40.7500194,-73.9899384,pub,Manhattan
way/265301854,Fairfield Inn,40.7511398,-73.9845815,hotel,Manhattan
way/265301856,Hotel Hendricks,40.7517806,-73.9840814,hotel,Manhattan
way/265301877,SpringHill Suites,40.7511793,-73.984687,hotel,Manhattan
way/265301882,Grayson,40.7520193,-73.9839126,hotel,Manhattan
way/265301889,"Marriott Vacation Club, New York City",40.7512734,-73.9848203,hotel,Manhattan
way/265301922,The Draper,40.7504368,-73.9839807,hotel,Manhattan
way/265301933,The Gregorian New York City,40.7497095,-73.98609,hotel,Manhattan
way/265301939,The Kixby,40.7501297,-73.9859512,hotel,Manhattan
way/265301987,Hampton Inn,40.7503425,-73.9863514,hotel,Manhattan
way/265301995,Embassy Suites by Hilton,40.7512127,-73.9859034,hotel,Manhattan
way/265301998,Hilton Garden Inn,40.7504237,-73.9865477,hotel,Manhattan
way/265302164,Archer Hotel,40.7520397,-73.9846972,hotel,Manhattan
way/265302168,The Knickerbocker Hotel,40.755243,-73.9860271,hotel,Manhattan
way/265318790,Skyline Hotel,40.7645991,-73.9925536,hotel,Manhattan
way/265320185,Ramada,40.7595565,-73.9906766,hotel,Manhattan
way/265329530,Lucky's Famous Burger,40.7644563,-73.9876823,restaurant,Manhattan
way/265331289,Washington Jefferson Hotel,40.7631641,-73.9867845,hotel,Manhattan
way/265338414,Belvedere Hotel,40.7617006,-73.9880156,hotel,Manhattan
way/265343855,The Empire Hotel,40.7713358,-73.9827172,hotel,Manhattan
way/265345338,Four Seasons Hotel,40.7623052,-73.9712729,hotel,Manhattan
way/265345371,Sherry Netherlands,40.7643101,-73.97253,hotel,Manhattan
way/265345851,The Pierre,40.7650793,-73.9716642,hotel,Manhattan
way/265357834,Pacha NYC,40.7636008,-73.997587,nightclub,Manhattan
way/265357847,P.D. O'Hurley's,40.7630922,-74.0006322,restaurant,Manhattan
way/265357857,McQuaid,40.7623201,-73.9975155,pub,Manhattan
way/265424275,Courtyard New York Manhattan/Fifth Avenue,40.7520984,-73.9810763,hotel,Manhattan
way/265424380,Hyatt Centric 39th & 5th New York,40.7509276,-73.9816924,hotel,Manhattan
way/265438048,AKA Sutton Place,40.7578685,-73.9645712,hotel,Manhattan
way/265451685,Beekman Tower,40.7533308,-73.9660822,hotel,Manhattan
way/265483493,Hilton Garden Inn New York/Manhattan-Midtown East,40.7566472,-73.969441,hotel,Manhattan
way/265483607,The Pod Hotel,40.7557181,-73.9691038,hotel,Manhattan
way/265516385,United Nations Apartment Hotel,40.7513713,-73.9705402,hotel,Manhattan
way/265864902,Seton Hotel,40.7496448,-73.9762852,hotel,Manhattan
way/265864905,Pod 39,40.7494052,-73.976574,hotel,Manhattan
way/265864912,Murray Hill East Suites,40.7492783,-73.9763151,hotel,Manhattan
way/265869510,The Capital Grille,40.7512722,-73.9749279,restaurant,Manhattan
way/265875541,Pestana Park Avenue,40.7508699,-73.9800748,hotel,Manhattan
way/265875558,The William,40.75047,-73.9802536,hotel,Manhattan
way/265875622,Dylan Hotel,40.751603,-73.9791247,hotel,Manhattan
way/265875634,The Kitano New York,40.7496026,-73.980007,hotel,Manhattan
way/265875639,Library Hotel,40.7521252,-73.979405,hotel,Manhattan
way/265875646,Madison Towers Hotel,40.749967,-73.9809459,hotel,Manhattan
way/265883452,EVEN Hotel Midtown East,40.7518368,-73.9723578,hotel,Manhattan
way/265884383,The Bernic,40.7544214,-73.9726566,hotel,Manhattan
way/265884385,San Carlos,40.7558942,-73.9715311,hotel,Manhattan
way/265884389,Hotel 48LEX,40.7553137,-73.9729163,hotel,Manhattan
way/265884390,Residence Inn,40.7547136,-73.9725799,hotel,Manhattan
way/265884394,The Lexington,40.7548957,-73.9730222,hotel,Manhattan
way/265884678,Doubletree by Hilton Hotel Metropolitan,40.7566578,-73.971425,hotel,Manhattan
way/265884680,The Kimberly,40.7563407,-73.9713732,hotel,Manhattan
way/265884682,The Benjamin Royal,40.7565929,-73.9719891,hotel,Manhattan
way/265943080,"The Carvi Hotel New York, Ascend Hotel Collection",40.7590649,-73.9693551,hotel,Manhattan
way/265947371,Grand Hyatt New York,40.752045,-73.9763361,hotel,Manhattan
way/266010285,Gotham Hotel,40.7554023,-73.9780936,hotel,Manhattan
way/266034045,InterContinental New York Times Square,40.7585909,-73.9895787,hotel,Manhattan
way/266034056,The Westin,40.7574344,-73.9890888,hotel,Manhattan
way/266084216,Fairfield Inn & Suites,40.7564804,-73.9925075,hotel,Manhattan
way/266084217,Four Points by Sheraton,40.7564136,-73.9923481,hotel,Manhattan
way/266097831,Aliz Hotel,40.7561083,-73.9916937,hotel,Manhattan
way/266108507,Homewood Suites by Hilton,40.7542669,-73.9930832,hotel,Manhattan
way/266108508,Hilton Garden Inn,40.7544551,-73.9936148,hotel,Manhattan
way/266143309,Hampton,40.7556116,-73.9886087,hotel,Manhattan
way/266143348,Margaritaville Resort Times Square,40.755061,-73.9881236,hotel,Manhattan
way/266149308,Cambria Hotel,40.7594728,-73.9858534,hotel,Manhattan
way/266149312,Paramount Hotel,40.7596469,-73.9870077,hotel,Manhattan
way/266149324,Playwright Celtic Pub,40.7593274,-73.9879292,bar,Manhattan
way/266149332,Sardi's,40.7577618,-73.9876108,restaurant,Manhattan
way/266149348,The Gallivant Times Square,40.7605234,-73.9863819,hotel,Manhattan
way/266151925,Mayfair,40.7611761,-73.9859678,hotel,Manhattan
way/266151929,Hyatt Regency Times Square,40.7606357,-73.9851119,hotel,Manhattan
way/266151938,citizenM,40.7615806,-73.9849656,hotel,Manhattan
way/266170533,The Algonquin Hotel Times Square Autograph Collection,40.7559404,-73.982349,hotel,Manhattan
way/266170536,Casablanca Hotel,40.7564973,-73.9853964,hotel,Manhattan
way/266170538,City Club Hotel,40.7559358,-73.9821093,hotel,Manhattan
way/266170539,Broadway @ Times Square Hotel,40.7581269,-73.9834365,hotel,Manhattan
way/266170540,Connolly's,40.7573583,-73.9835882,pub,Manhattan
way/266170542,Dervish,40.7585629,-73.9836775,restaurant,Manhattan
way/266170544,45 Times Square Hotel,40.7574472,-73.9838008,hotel,Manhattan
way/266170545,Hotel St. James,40.7572094,-73.9831989,hotel,Manhattan
way/266170597,Citadines Connect,40.7559294,-73.980205,hotel,Manhattan
way/266170604,Hard Rock Hotel New York,40.7597152,-73.9832804,hotel,Manhattan
way/266170649,DoubleTree by Hilton,40.7599826,-73.9781624,hotel,Manhattan
way/266170669,Wu Liang Ye,40.7577997,-73.9799504,restaurant,Manhattan
way/266170732,The Blue Bar,40.7560836,-73.9824341,bar,Manhattan
way/266170752,Iroquois New York Hotel,40.7558522,-73.9819336,hotel,Manhattan
way/266170756,Millennium Hotel Broadway Times Square,40.757079,-73.9847958,hotel,Manhattan
way/266170757,Night Theater District,40.7571577,-73.984201,hotel,Manhattan
way/266170759,Amor Loco,40.7578443,-73.9839258,restaurant,Manhattan
way/266170760,Perfect Pint,40.7573956,-73.9836799,pub,Manhattan
way/266170761,Royalton New York,40.7554052,-73.9823932,hotel,Manhattan
way/266170763,Sofitel,40.7559258,-73.981634,hotel,Manhattan
way/266170764,The Chatwal,40.7564754,-73.984598,hotel,Manhattan
way/266170765,The Muse New York,40.7577808,-73.9837782,hotel,Manhattan
way/266170769,Hotel Riu Plaza Manhattan Times Square,40.7589411,-73.9833872,hotel,Manhattan
way/266170798,The Michelangelo New York,40.7612693,-73.9825628,hotel,Manhattan
way/266170799,Sheraton New York Times Square Hotel,40.7623843,-73.981442,hotel,Manhattan
way/266170800,AKA Times Square,40.756792,-73.9841301,hotel,Manhattan
way/266206759,Ravagh Persian Grill,40.7618581,-73.9606433,restaurant,Manhattan
way/266206761,Sushi Seki,40.7619695,-73.9605921,restaurant,Manhattan
way/266206864,The Palladin,40.7621571,-73.9628054,hotel,Manhattan
way/266212055,Fitzpatrick,40.760518,-73.9690918,hotel,Manhattan
way/266233368,Lombardy Hotel,40.7608055,-73.9703536,hotel,Manhattan
way/266233402,Concorde Hotel,40.7599778,-73.9704153,hotel,Manhattan
way/266233454,Hotel 57,40.7607951,-73.9695931,hotel,Manhattan
way/266864017,Plaza Athénée,40.7665962,-73.9682911,hotel,Manhattan
way/266898264,The Carlyle,40.7743867,-73.9629902,hotel,Manhattan
way/266899058,The Surrey,40.7743191,-73.9640256,hotel,Manhattan
way/266899063,The Mark,40.7753156,-73.9632594,hotel,Manhattan
way/267035000,"Le Méridien New York, Central Park",40.7645746,-73.9784686,hotel,Manhattan
way/269201903,Fairfield Inn & Suites,40.7702126,-73.9897357,hotel,Manhattan
way/269201912,Terminal 5,40.7697093,-73.9927675,nightclub,Manhattan
way/269223975,The Phillips Club,40.7745156,-73.9831391,hotel,Manhattan
way/269248862,La Quinta Inn,40.7762636,-73.9776196,hotel,Manhattan
way/269286058,La Dinastia,40.7783304,-73.980221,restaurant,Manhattan
way/277890497,Lilly O'Briens,40.7146752,-74.0102341,restaurant,Manhattan
way/277890498,Mulberry & Vine,40.7149828,-74.0102093,restaurant,Manhattan
way/277956176,Hilton Garden Inn New York/Times Square Central,40.7551889,-73.9856621,hotel,Manhattan
way/277956177,Renaissance,40.7517323,-73.9910643,hotel,Manhattan
way/278033597,The Washington New York City,40.7092071,-74.0136681,hotel,Manhattan
way/278033626,Marriott Downtown,40.7094285,-74.0143429,hotel,Manhattan
way/278039445,M Social Hotel New York Downtown,40.7111301,-74.0102166,hotel,Manhattan
way/278042243,Holiday Inn,40.7090773,-74.0092207,hotel,Manhattan
way/278053490,The FiDi Hotel,40.7042291,-74.0122678,hotel,Manhattan
way/278053505,DoubleTree by Hilton,40.7038609,-74.0123272,hotel,Manhattan
way/278053540,Hilton Garden Inn,40.7029734,-74.0122339,hotel,Manhattan
way/278053567,Wall Street Inn,40.7045831,-74.0102723,hotel,Manhattan
way/278053568,Battery Gardens,40.7013567,-74.0150152,restaurant,Manhattan
way/278053575,Adrienne's Pizza Bar,40.7042869,-74.0101223,restaurant,Manhattan
way/278053589,Fraunces Tavern,40.7033713,-74.0113183,restaurant,Manhattan
way/278069551,Radisson Hotel New York Wall Street,40.7067357,-74.0089078,hotel,Manhattan
way/278076359,Holiday Inn Express,40.7055891,-74.0072303,hotel,Manhattan
way/278076364,Pearl Diner,40.7069106,-74.0062478,restaurant,Manhattan
way/278084746,Fish Market,40.7071775,-74.0019244,restaurant,Manhattan
way/278084866,Hampton Inn Manhattan-Seaport-Financial District,40.7089011,-74.0020315,hotel,Manhattan
way/278106006,Ping's Seafood,40.7144395,-73.9985238,restaurant,Manhattan
way/278241777,Good Good Taste,40.7133917,-73.9947576,restaurant,Manhattan
way/278245473,,40.7145656,-73.9915462,bar,Manhattan
way/278245531,Hotel Mimosa,40.7141343,-73.9937844,hotel,Manhattan
way/278371852,Brooklyn Motor Inn,40.6817949,-74.0065766,hotel,Manhattan
way/278371860,The Lodge Red Hook,40.6799991,-74.0059632,hotel,Manhattan
way/279410751,Chart House,40.760705,-74.0181049,restaurant,Manhattan
way/279592920,Giando On the Water,40.710761,-73.9693407,restaurant,Manhattan
way/279777009,Monarch,40.7159095,-73.9622524,restaurant,Manhattan
way/279778320,Cafe Mogador,40.7197222,-73.9599473,restaurant,Manhattan
way/279786562,Fairfield Inn & Suites New York Midtown Manhattan/Penn Station,40.7522709,-73.9951083,hotel,Manhattan
way/281324351,Romer Hell's Kitchen,40.7633646,-73.9858176,hotel,Manhattan
way/282065776,Hilton Garden Inn,40.7564589,-73.9806445,hotel,Manhattan
way/282860708,Hilton Garden Inn,40.7645302,-73.9829948,hotel,Manhattan
way/283346493,Bryant Park Hotel,40.7528334,-73.9839408,hotel,Manhattan
way/288431450,Hotel Riu Plaza New York Times Square,40.7602043,-73.98819,hotel,Manhattan
way/288448678,TownePlace Suites,40.7588128,-73.9901114,hotel,Manhattan
way/290821393,The Westin New York,40.7501683,-73.9739838,hotel,Manhattan
way/292151070,Holiday Inn Express,40.7641558,-73.9949568,hotel,Manhattan
way/292706409,Four Points by Sheraton,40.7073582,-74.0065011,hotel,Manhattan
way/292727024,Aloft Manhattan Downtown,40.7104099,-74.0066701,hotel,Manhattan
way/292743602,LeSoleil,40.7502607,-73.9854582,hotel,Manhattan
way/292838359,Arlo NoMad,40.7463322,-73.9849096,hotel,Manhattan
way/292840083,Best Western,40.7503395,-73.9856679,hotel,Manhattan
way/292840084,Holiday Inn Express,40.7504993,-73.9860463,hotel,Manhattan
way/292840085,Hyatt Place,40.7504058,-73.9858115,hotel,Manhattan
way/292851217,Hyatt House,40.7462874,-73.9906999,hotel,Manhattan
way/292870388,Cambria Hotel & Suites,40.7467378,-73.9915568,hotel,Manhattan
way/293183674,Cassa Hotel,40.7563387,-73.9821893,hotel,Manhattan
way/301471961,Hampton Inn,40.7509774,-73.9721678,hotel,Manhattan
way/303772389,Fairfield Inn New York Manhattan/Financial District,40.705899,-74.0049488,hotel,Manhattan
way/317111780,"PUBLIC, an Ian Schrager hotel",40.7230518,-73.9920178,hotel,Manhattan
way/319773435,Wafels & Dinges,40.7505003,-73.9876084,restaurant,Manhattan
way/320487241,Arlo Soho,40.7244314,-74.0082488,hotel,Manhattan
way/321995346,,40.7263864,-74.0087252,hotel,Manhattan
way/337839343,Ulysses',40.7043845,-74.0100085,restaurant,Manhattan
way/369868758,Courtyard New York Downtown Financial District,40.707222,-74.0063284,hotel,Manhattan
way/369962304,The Cloud One New York-Downtown,40.7093399,-74.0126549,hotel,Manhattan
way/375340301,AC Hotel,40.7057717,-74.0051013,hotel,Manhattan
way/377645810,Molo's,40.7711798,-74.0134227,restaurant,Manhattan
way/433887299,Walker Hotel,40.736166,-73.9966428,hotel,Manhattan
way/443261093,Treadwell Park,40.7103048,-74.016666,pub,Manhattan
way/458501298,LUMA Hotel Times Square,40.7543894,-73.985774,hotel,Manhattan
way/473560431,CIPRIANI,40.7528722,-73.9775916,restaurant,Manhattan
way/480497073,Holiday Inn Brooklyn Downtown,40.6874504,-73.9826387,hotel,Manhattan
way/488317523,Charrito's Restaurant,40.7771457,-74.0136298,restaurant,Manhattan
way/541143884,Virgin Hotel,40.7465657,-73.9889432,hotel,Manhattan
way/570798209,Six Coasts,40.6931561,-74.0162868,bar,Manhattan
way/575440914,Ace Hotel Brooklyn,40.6878411,-73.9837222,hotel,Manhattan
way/575449026,EVEN Hotel,40.6876437,-73.9818254,hotel,Manhattan
way/591988954,Dave & Buster's,40.7565216,-73.9886418,restaurant,Manhattan
way/591988959,Applebee's,40.7565781,-73.9887779,restaurant,Manhattan
way/607163908,1 Hotel Brooklyn Bridge,40.7022741,-73.9955179,hotel,Manhattan
way/636505579,Canal Loft Hotel,40.7152825,-73.9937916,hotel,Manhattan
way/665897391,O'Reilly's Pub,40.7475728,-73.9888643,bar,Manhattan
way/677518065,Claw Daddy's Brooklyn,40.6855044,-73.9803934,restaurant,Manhattan
way/702073749,LOR Porch at Bryant Park,40.7538162,-73.9843174,restaurant,Manhattan
way/715606203,citizenM,40.7205872,-73.9934993,hotel,Manhattan
way/763268998,Jury Duty,40.7135782,-74.0033351,bar,Manhattan
way/785585477,DoubleTree,40.7538357,-73.9926598,hotel,Manhattan
way/787486346,SpringHill Suites,40.7407255,-73.9850445,hotel,Manhattan
way/788269399,The Ritz-Carlton,40.7456736,-73.9890745,hotel,Manhattan
way/828911214,Hampton,40.7030515,-74.0122707,hotel,Manhattan
way/849488300,Casa Blanca Hotel,40.6964212,-73.9738407,hotel,Manhattan
way/869766821,Hotel 50 Bowery,40.7159645,-73.9968286,hotel,Manhattan
way/934137489,Hotel Central Times Square,40.7543302,-73.9941228,hotel,Manhattan
way/975290221,Beckett's Bar and Grill,40.7041312,-74.0103395,restaurant,Manhattan
way/975290222,Route 66 Smokehouse,40.7040832,-74.0104091,restaurant,Manhattan
way/975290223,Mad Dog and Beans,40.704177,-74.0102739,restaurant,Manhattan
way/975290224,Havana Social,40.7043432,-74.0106208,bar,Manhattan
way/988038375,Taco Cina,40.7152215,-73.9676587,restaurant,Manhattan
way/1021569486,Aloft,40.7573579,-74.0004028,hotel,Manhattan
way/1050341484,Hotel Indigo,40.7055282,-74.0073531,hotel,Manhattan
way/1074688554,The Allen Hotel,40.718042,-73.9906377,hotel,Manhattan
way/1076997167,Pendry Manhattan West,40.7531602,-73.9984935,hotel,Manhattan
way/1128358851,Hotel Indigo,40.7077559,-74.0132949,hotel,Manhattan
way/1149260763,Renaissance New York Chelsea Hotel,40.7443101,-73.9927376,hotel,Manhattan
way/1176522315,Elite Williamsburg,40.7161678,-73.9627904,restaurant,Manhattan
way/1187968991,Industry Kitchen,40.704921,-74.0048741,restaurant,Manhattan
way/1187969031,Cobble Fish,40.7051819,-74.0024557,restaurant,Manhattan
way/1234781195,Warren Street Hotel,40.7155659,-74.0104748,hotel,Manhattan
way/1238653621,Best Western Plus Soho Hotel,40.7182419,-74.001214,hotel,Manhattan
way/1317983503,SpringHill Suites,40.7593769,-73.9863656,hotel,Manhattan
way/1389435544,Threes Brewing,40.6904697,-74.0196667,restaurant,Manhattan
way/1396638254,Moxy,40.731407,-73.989437,hotel,Manhattan
way/1408407482,Moxy,40.7114732,-73.9629252,hotel,Manhattan
way/1413358691,Hotel Scherman,40.7603627,-73.9897469,hotel,Manhattan
node/484078905,Barcade,40.7120257,-73.951117,bar,Manhattan
node/524691386,Mugs Ale House,40.7194991,-73.9557619,restaurant,Manhattan
node/617378682,Mother's,40.7148868,-73.9446095,pub,Manhattan
node/617378698,Harefield Road,40.7147528,-73.9434202,pub,Manhattan
node/617740843,The Richardson,40.7189211,-73.9452678,bar,Manhattan
node/617740844,Carmine's Pizzeria,40.714968,-73.9443016,restaurant,Manhattan
node/617740846,El Loco Burrito,40.7148102,-73.9445968,restaurant,Manhattan
node/617740847,Tony's Pizza,40.7150542,-73.9446372,restaurant,Manhattan
node/617741150,East Met West,40.714447,-73.9439212,restaurant,Manhattan
node/617741196,Sol Et Soleil,40.7143441,-73.9420637,restaurant,Manhattan
node/622409660,Country Inn & Suites by Carlson,40.7530668,-73.9384883,hotel,Manhattan
node/629872702,Sarah James,40.6932477,-73.9425684,restaurant,Manhattan
node/870315949,Fuji East Restaurant,40.7590731,-73.9522681,restaurant,Manhattan
node/888955052,Juliette Restaurant,40.7169692,-73.9591105,restaurant,Manhattan
node/888963055,miDmuS,40.717029,-73.95921,restaurant,Manhattan
node/888968071,Ako,40.7169209,-73.9585388,restaurant,Manhattan
node/981399335,Momo Sushi,40.7051487,-73.9333751,restaurant,Manhattan
node/1133825371,Counting Room,40.7209114,-73.9569205,bar,Manhattan
node/1213707742,Urban Rustic,40.719235,-73.9528162,restaurant,Manhattan
node/1683222646,Café Triskell,40.7556257,-73.9280317,restaurant,Manhattan
node/1696974007,Saragina's,40.6836158,-73.9353429,restaurant,Manhattan
node/1696974009,Beso,40.6829772,-73.9352383,restaurant,Manhattan
node/1696985451,Ma and Pop,40.6836156,-73.935041,restaurant,Manhattan
node/1696985454,The Bar at Peaches,40.681699,-73.9346752,bar,Manhattan
node/1708721821,Albatross Bar,40.7701858,-73.9121836,bar,Manhattan
node/1744432130,Bar Birba,40.6874732,-73.9570883,bar,Manhattan
node/1765445839,Skinny's Cantina,40.7456176,-73.9567972,restaurant,Manhattan
node/1891894307,Pine Box Rock Sbop,40.7053555,-73.9325735,pub,Manhattan
node/1927720909,Cactus Mexican Restaurant,40.7006444,-73.9438427,restaurant,Manhattan
node/1949982645,Do or Dive,40.6867747,-73.9547553,bar,Manhattan
node/1979669273,Kabob Shack,40.7107181,-73.9582427,restaurant,Manhattan
node/1999231233,Limosneros,40.7113992,-73.9510101,restaurant,Manhattan
node/2011781604,Ashbox Cafe,40.7377801,-73.955195,restaurant,Manhattan
node/2011783803,Lighthouse,40.7108493,-73.9537084,restaurant,Manhattan
node/2015482687,The Pencil Factory,40.729763,-73.9574255,bar,Manhattan
node/2017266260,Mama Carmela's Pizza,40.760139,-73.9073114,restaurant,Manhattan
node/2017268082,King's Wok,40.7601756,-73.907416,restaurant,Manhattan
node/2017270047,Dillinger's Bar and Grill,40.7614413,-73.9094062,bar,Manhattan
node/2017271308,China Pagoda,40.7608858,-73.9089094,restaurant,Manhattan
node/2017643713,Vinnies Pizzeria,40.7188705,-73.9567925,restaurant,Manhattan
node/2064133525,P.J. Leahy's,40.742658,-73.954324,pub,Manhattan
node/2065153935,Rincón Melania,40.74475,-73.929014,restaurant,Manhattan
node/2065172290,Tangra Asian Fusion,40.744228,-73.924884,restaurant,Manhattan
node/2065685392,Philomena's Pizza,40.7433564,-73.9229731,restaurant,Manhattan
node/2065796583,Hei Tiki,40.760433,-73.922418,restaurant,Manhattan
node/2070049365,Taco Tumba,40.763681,-73.915422,restaurant,Manhattan
node/2131791182,Bohemian Spirit Restaurant,40.769058,-73.9565904,restaurant,Manhattan
node/2192631888,Amor y Amargo,40.7105361,-73.9583554,bar,Manhattan
node/2259020178,The Quays,40.7618244,-73.9109732,bar,Manhattan
node/2259025798,Blackbird's,40.7634117,-73.9134101,bar,Manhattan
node/2268948482,The Drink,40.7110056,-73.9453695,bar,Manhattan
node/2268953873,Sereneco,40.7300079,-73.9577527,restaurant,Manhattan
node/2268954347,Paulie Gee's,40.7296588,-73.9584608,restaurant,Manhattan
node/2274106842,Olive Valley,40.7051843,-73.9333832,restaurant,Manhattan
node/2274143303,Shinobi Ramen,40.7056811,-73.9322419,restaurant,Manhattan
node/2275469171,Bar Americano,40.7314241,-73.9576915,bar,Manhattan
node/2275470587,Shanghai Lee,40.7318079,-73.9580677,restaurant,Manhattan
node/2275479427,Black Rabbit,40.7300934,-73.9564221,bar,Manhattan
node/2275484420,Calexico,40.724188,-73.9511746,restaurant,Manhattan
node/2275495199,The Turkey's Nest,40.7205705,-73.9549076,bar,Manhattan
node/2275557556,The Lobster Joint,40.7354045,-73.9552629,restaurant,Manhattan
node/2275827320,Gramercy Cafe,40.759015,-73.9187469,restaurant,Manhattan
node/2275827363,The Rabbit Hole,40.7591405,-73.9196792,bar,Manhattan
node/2276303574,Cookie's,40.6948405,-73.9528513,bar,Manhattan
node/2276324841,Elder Greene,40.7307172,-73.957596,restaurant,Manhattan
node/2276325688,Vamos al Tequila,40.7307935,-73.9576081,restaurant,Manhattan
node/2276340237,Cozinha Latina,40.7298686,-73.9590216,restaurant,Manhattan
node/2285673938,Hotel Verve,40.752112,-73.9355399,hotel,Manhattan
node/2286893392,Holiday Inn Long Island City-Manhattan View,40.7533047,-73.9344091,hotel,Manhattan
node/2286893393,Hotel Vetiver,40.7533546,-73.9338761,hotel,Manhattan
node/2291512774,Nesva Hotel,40.7532412,-73.9348723,hotel,Manhattan
node/2296361726,Hungry Burrito,40.7216427,-73.9382913,restaurant,Manhattan
node/2296369157,One Stop Beer Shop,40.7210499,-73.9407121,bar,Manhattan
node/2355891394,Vista LIC Hotel,40.7543785,-73.9357096,hotel,Manhattan
node/2391817471,Zona Rosa,40.7139182,-73.9495566,restaurant,Manhattan
node/2393865158,LIC Bar,40.7470196,-73.9528397,bar,Manhattan
node/2402042259,Brooklyn Brewery,40.7216221,-73.9576075,pub,Manhattan
node/2402042494,Brooklyn Bowl,40.7219806,-73.957629,bar,Manhattan
node/2402042613,Wythe Hotel,40.7219036,-73.9580608,hotel,Manhattan
node/2408448411,Due Fratelli,40.6925254,-73.9401814,restaurant,Manhattan
node/2457196622,Peaches HotHouse,40.6833748,-73.9437807,restaurant,Manhattan
node/2465884892,Union Pool,40.7150021,-73.9516171,bar,Manhattan
node/2485355797,Sunnyside Pizza,40.7440783,-73.9240225,restaurant,Manhattan
node/2494071312,Joloff,40.6840885,-73.954221,restaurant,Manhattan
node/2494071332,Bombay Grill,40.6838787,-73.9541789,restaurant,Manhattan
node/2494176728,Vidali’s Pizza,40.7671244,-73.9302379,restaurant,Manhattan
node/2494177543,Recette,40.7132253,-73.9563783,restaurant,Manhattan
node/2494177862,Emmy squared,40.7122344,-73.9556656,restaurant,Manhattan
node/2494384312,Compton’s,40.7707975,-73.9301358,restaurant,Manhattan
node/2495111045,Copacabana,40.7563693,-73.928987,restaurant,Manhattan
node/2522798671,Mia Pizza,40.7789921,-73.9145079,restaurant,Manhattan
node/2522798672,Zorbas,40.7749895,-73.9134767,restaurant,Manhattan
node/2522802855,The Sparrow Tavern,40.772794,-73.9164181,restaurant,Manhattan
node/2550140503,Tilly's,40.6815162,-73.953374,pub,Manhattan
node/2550150587,/ND/GO,40.6811476,-73.9563962,restaurant,Manhattan
node/2564934011,Bed-Stuy Fish Fry,40.6852542,-73.920741,restaurant,Manhattan
node/2564934043,Weng's Garden,40.6857958,-73.9207386,restaurant,Manhattan
node/2564964759,The Evergreen,40.6859567,-73.9081323,bar,Manhattan
node/2565029491,Mi Cholita Bella,40.6993818,-73.9239056,restaurant,Manhattan
node/2565070775,Wonderville,40.6924111,-73.9275164,bar,Manhattan
node/2565131160,Beds Thai,40.6827469,-73.9536232,restaurant,Manhattan
node/2565136713,The Fly,40.682011,-73.9584752,bar,Manhattan
node/2565140913,Bati Ethiopian Kitchen,40.6820512,-73.9594715,restaurant,Manhattan
node/2567906055,Secret Pour,40.6937282,-73.9298594,bar,Manhattan
node/2567911521,,40.6894981,-73.9361814,restaurant,Manhattan
node/2567927692,Angela's,40.6833902,-73.9500177,restaurant,Manhattan
node/2567934388,Little Grenjai,40.6866581,-73.947706,restaurant,Manhattan
node/2567981734,Sally's,40.6941473,-73.9458564,restaurant,Manhattan
node/2568066216,King of the Sea,40.6869941,-73.9548035,restaurant,Manhattan
node/2568240165,Taste Korea 232,40.6908535,-73.959618,restaurant,Manhattan
node/2568566978,Marco's,40.6947263,-73.9309868,bar,Manhattan
node/2568566984,Lone Wolf,40.694457,-73.93051,bar,Manhattan
node/2568578852,All Night Skate,40.6818579,-73.9116925,bar,Manhattan
node/2568586441,Tiltz,40.7027024,-73.9335517,bar,Manhattan
node/2568592551,Christophers Palace,40.6977826,-73.9270746,bar,Manhattan
node/2568592584,Mood Ring,40.6977941,-73.9269769,bar,Manhattan
node/2568634891,Darlings,40.7000021,-73.9197963,pub,Manhattan
node/2568634932,Mulata,40.7015154,-73.9194729,restaurant,Manhattan
node/2568643693,Hartbreakers,40.7017044,-73.9228095,restaurant,Manhattan
node/2568656694,Keybar,40.7000219,-73.9294579,bar,Manhattan
node/2568669177,Heaven,40.7054103,-73.9258671,bar,Manhattan
node/2568669182,L.A. Burrito,40.7023518,-73.9283746,restaurant,Manhattan
node/2568686431,Boobie Trap,40.7001545,-73.9160836,bar,Manhattan
node/2568824892,Vacations Bar & Rooftop,40.7083488,-73.9203645,bar,Manhattan
node/2568872058,Bosna Express,40.7048677,-73.902327,restaurant,Manhattan
node/2568876406,Gottscheer Hall,40.7068011,-73.9056815,pub,Manhattan
node/2568881349,,40.7108641,-73.9052871,restaurant,Manhattan
node/2592331340,The Brew Inn,40.7310173,-73.9541919,bar,Manhattan
node/2592331341,Frost Restaurant,40.7183487,-73.9431505,restaurant,Manhattan
node/2606329018,Hamido Seafood,40.7755528,-73.9096175,restaurant,Manhattan
node/2606329019,Alba's Pizza,40.7738431,-73.9077307,restaurant,Manhattan
node/2620513858,Dylan Murphy's,40.7762933,-73.9555644,bar,Manhattan
node/2622405274,SLDR,40.761402,-73.923843,restaurant,Manhattan
node/2629371828,Finnegan's Wake Pub,40.7686775,-73.9556375,pub,Manhattan
node/2629371900,The Pony Bar,40.76977,-73.954316,pub,Manhattan
node/2630333113,The Anchored Inn,40.7092274,-73.9372024,pub,Manhattan
node/2633282810,Danny's Pizzeria,40.7077942,-73.9397036,restaurant,Manhattan
node/2666460854,Enthaice,40.7631303,-73.9213069,restaurant,Manhattan
node/2676085867,Pio Pio,40.7796578,-73.9471089,restaurant,Manhattan
node/2702802602,2nd Floor Bar & Essen,40.7695853,-73.9544262,bar,Manhattan
node/2705019563,Fada,40.7175442,-73.9560416,restaurant,Manhattan
node/2708250413,Bantry Bay Publik House,40.7356948,-73.9347062,bar,Manhattan
node/2718031019,Felice 64,40.7625623,-73.9596,restaurant,Manhattan
node/2723664157,LENOXTHAI,40.7638606,-73.9590987,restaurant,Manhattan
node/2723743084,Chamoun's Way,40.7645085,-73.958622,restaurant,Manhattan
node/2723749690,Donna Margherita,40.7664758,-73.9598292,restaurant,Manhattan
node/2723749703,Patsy's Pizzeria,40.7658031,-73.9576857,restaurant,Manhattan
node/2723755307,Mission Ceviche,40.7691688,-73.957859,restaurant,Manhattan
node/2723782890,Stumble Inn,40.771213,-73.9563888,bar,Manhattan
node/2723785759,THEP,40.7707302,-73.9571771,restaurant,Manhattan
node/2723789296,A La Turka Restaurant,40.7700896,-73.9576457,restaurant,Manhattan
node/2723825029,Tang's Garden,40.7722902,-73.9589738,restaurant,Manhattan
node/2723972058,Hunan Delight Matsuya,40.7706945,-73.9511705,restaurant,Manhattan
node/2723975578,Ikyu Sushi,40.7709875,-73.9539139,restaurant,Manhattan
node/2723975579,Spice,40.7711933,-73.9537403,restaurant,Manhattan
node/2723975581,Nightly's Bar and Bistro,40.7724775,-73.9554399,restaurant,Manhattan
node/2724007663,Bailey's Corner Pub,40.775223,-73.9478586,pub,Manhattan
node/2724051411,Chirping Chicken,40.7744908,-73.9539936,restaurant,Manhattan
node/2724054779,Flex Mussels,40.7754167,-73.9562405,restaurant,Manhattan
node/2724057626,Sushi Ren,40.7753109,-73.9533516,restaurant,Manhattan
node/2724057631,Horn's Hook Tavern,40.7747898,-73.9511428,pub,Manhattan
node/2724082968,Gracie's Diner,40.7771749,-73.9524957,restaurant,Manhattan
node/2724095355,Mimi's Pizza,40.7785582,-73.9529641,restaurant,Manhattan
node/2724113143,Al-Badawi,40.7799787,-73.9504323,restaurant,Manhattan
node/2724189347,Amber,40.7749423,-73.957062,restaurant,Manhattan
node/2724212862,Lexington Candy Shop,40.7775102,-73.9572158,restaurant,Manhattan
node/2724232183,fresh&co,40.7787743,-73.9562897,restaurant,Manhattan
node/2793692755,Bombay Grill & Curry,40.7335812,-73.9549785,restaurant,Manhattan
node/2809118386,Roebling Sporting Club,40.7169763,-73.9546566,bar,Manhattan
node/2818577537,Nur Thai,40.7596873,-73.926994,restaurant,Manhattan
node/2818577544,La Gata Golosa,40.7619505,-73.9256567,restaurant,Manhattan
node/2838087254,Gina's Pizzeria,40.7410074,-73.9038191,restaurant,Manhattan
node/2838336269,Reben Luncheonette,40.7089856,-73.9590515,restaurant,Manhattan
node/2838510034,Win Son,40.7074472,-73.9433955,restaurant,Manhattan
node/2838510036,Sweet Science,40.7064444,-73.943238,pub,Manhattan
node/2838541174,The black flamingo,40.7105116,-73.9541345,nightclub,Manhattan
node/2838543620,La Milagrosa,40.7117087,-73.9573417,bar,Manhattan
node/2838554711,Bushwick Pita Palace,40.7075295,-73.9396531,restaurant,Manhattan
node/2838575984,Roberta's,40.7050062,-73.9335894,restaurant,Manhattan
node/2838596312,Forever Thai,40.7039175,-73.931087,restaurant,Manhattan
node/2838640410,Musashi,40.7110567,-73.9514148,restaurant,Manhattan
node/2838688673,Los Tacos Mcondo,40.7108455,-73.9509231,restaurant,Manhattan
node/2838688680,La Taqueria,40.7110336,-73.9489993,restaurant,Manhattan
node/2838697360,Sandwich Shop,40.7112752,-73.9461178,restaurant,Manhattan
node/2838700852,Taqueria Bar N2,40.7111558,-73.9440049,restaurant,Manhattan
node/2838720763,Haymaker's Corner Store,40.7126586,-73.9476185,restaurant,Manhattan
node/2838720790,Rose Marie,40.7125141,-73.9489905,restaurant,Manhattan
node/2838720793,Mad For Chicken,40.7114237,-73.9475078,restaurant,Manhattan
node/2839656764,We Got Company,40.7141936,-73.9539085,bar,Manhattan
node/2839699811,Little Ruby's,40.7191551,-73.958603,restaurant,Manhattan
node/2839699812,Café Colette,40.71977,-73.9576296,restaurant,Manhattan
node/2839699813,Fat Goose,40.7201044,-73.9596332,restaurant,Manhattan
node/2839699816,George & Jacks Tap Room,40.7190372,-73.9584135,bar,Manhattan
node/2839699821,Antica Pesa,40.718823,-73.9586438,restaurant,Manhattan
node/2839699838,Moonburger,40.7194662,-73.9561323,restaurant,Manhattan
node/2839699845,The Blue Blossom,40.7170115,-73.9591776,restaurant,Manhattan
node/2839699869,Sweet Chick,40.7183542,-73.9573197,restaurant,Manhattan
node/2839699882,Hotel Delmano,40.7197084,-73.9580192,bar,Manhattan
node/2839699897,Teddy's,40.7193349,-73.9584205,restaurant,Manhattan
node/2839887895,Heaven & Earth,40.7260331,-73.9391293,bar,Manhattan
node/2840034864,Archie's Pizza,40.719117,-73.9454171,restaurant,Manhattan
node/2840742311,Destefano's Steakhouse,40.7146231,-73.9496019,restaurant,Manhattan
node/2840742364,Hummus Market,40.7154162,-73.9447028,restaurant,Manhattan
node/2842163298,Taste of Heaven,40.7171398,-73.9405413,restaurant,Manhattan
node/2842175059,Sal's Pizzeria,40.7131683,-73.9490971,restaurant,Manhattan
node/2842175060,Suzume,40.7132118,-73.9493567,restaurant,Manhattan
node/2842175065,Jr & Son,40.7141955,-73.9495111,bar,Manhattan
node/2842202191,Lorimer Market,40.715583,-73.9495032,restaurant,Manhattan
node/2842244614,Bonnie's,40.7178242,-73.9465104,restaurant,Manhattan
node/2842522191,Muchmore's,40.7165204,-73.9528665,bar,Manhattan
node/2842523508,Lilia,40.7176165,-73.9524013,restaurant,Manhattan
node/2842523511,Night of Joy,40.7169821,-73.9499766,bar,Manhattan
node/2842613025,"Ramen, Fried Rice and Noodles",40.7252852,-73.9514807,restaurant,Manhattan
node/2842613049,Keg & Lantern,40.7240368,-73.9503056,pub,Manhattan
node/2842613053,Manhattan Triple Decker Restaurant,40.7252458,-73.9517659,restaurant,Manhattan
node/2842613054,Nights and Weekends,40.7238537,-73.9510984,restaurant,Manhattan
node/2842613055,Bernie's,40.7218799,-73.9505713,restaurant,Manhattan
node/2842613407,The Hidden Pearl,40.7235576,-73.9508866,bar,Manhattan
node/2842613968,Idle Mind Tavern,40.7236291,-73.9508551,bar,Manhattan
node/2842829028,Gator,40.7257771,-73.951074,restaurant,Manhattan
node/2842829044,Edy’s Grocer,40.7275194,-73.9510341,restaurant,Manhattan
node/2842829077,Lite Bites,40.7255996,-73.9517047,restaurant,Manhattan
node/2842857594,Allswell,40.7196459,-73.9559407,bar,Manhattan
node/2842861216,Spritzenhaus,40.7232306,-73.9527481,bar,Manhattan
node/2842861227,Yuu,40.7233679,-73.9523393,restaurant,Manhattan
node/2842861266,Mabel's Smokehouse,40.7210681,-73.9567687,restaurant,Manhattan
node/2842878652,Kent Ale House,40.7223581,-73.9592747,pub,Manhattan
node/2842878676,Gabriela,40.7217038,-73.9582538,nightclub,Manhattan
node/2842886527,Good Room,40.7269085,-73.9528103,nightclub,Manhattan
node/2843008352,The Moonlight Mile,40.7321469,-73.9578047,bar,Manhattan
node/2843008378,Thai Cafe,40.7310273,-73.9545589,restaurant,Manhattan
node/2843008383,Madeline's,40.7302402,-73.9578047,bar,Manhattan
node/2843058910,The White Elephant,40.7350479,-73.9552161,bar,Manhattan
node/2843058918,Achilles Heel,40.7331765,-73.9596929,bar,Manhattan
node/2844351784,O Neil's,40.7289179,-73.9005494,restaurant,Manhattan
node/2844631240,Pollos Mario,40.7447101,-73.9024149,restaurant,Manhattan
node/2844631244,Los Tacos del Viejon,40.7456404,-73.9017067,restaurant,Manhattan
node/2844631258,Three Bowls Ramen,40.7457839,-73.9003602,restaurant,Manhattan
node/2844732803,Charlie's Sports Bar,40.7419229,-73.904621,bar,Manhattan
node/2844759163,Sik Gaek,40.7434176,-73.9153755,restaurant,Manhattan
node/2844759181,Los Cuencantinos,40.7447709,-73.909924,restaurant,Manhattan
node/2844759182,The Wild Goose,40.7447817,-73.9098649,bar,Manhattan
node/2844848806,Tito Rad's Grill,40.7425119,-73.9155746,restaurant,Manhattan
node/2844871579,Bolivian Llama Party,40.7393286,-73.920742,restaurant,Manhattan
node/2844871581,New Asian Cuisine,40.7393123,-73.9205614,restaurant,Manhattan
node/2844905728,Reyes,40.7395041,-73.9195552,restaurant,Manhattan
node/2844921187,Thai Tree,40.7378689,-73.9293765,restaurant,Manhattan
node/2844921607,Kasbah Cafe,40.7389693,-73.9266383,restaurant,Manhattan
node/2844936126,Wonder Pig K-BBQ,40.7439147,-73.9276511,restaurant,Manhattan
node/2844936128,La Quinta Inn,40.74389,-73.9273554,hotel,Manhattan
node/2844936179,Ten Full,40.7400978,-73.9251433,restaurant,Manhattan
node/2844942055,Sabor del Rancho #2 Taqueria,40.7415676,-73.9201916,restaurant,Manhattan
node/2844942074,Sofra Mediterranean Grill,40.7427606,-73.9189002,restaurant,Manhattan
node/2844942079,Latino Bites,40.7427135,-73.9189098,restaurant,Manhattan
node/2844942095,Döner Haus,40.7422577,-73.9190415,restaurant,Manhattan
node/2844942222,El Potrero Sports Bar,40.7422703,-73.9182809,bar,Manhattan
node/2844942239,Chihuahua Mexican Restaurant & Cantina,40.7424335,-73.9177532,restaurant,Manhattan
node/2844950239,Finest Sushi,40.7399588,-73.9238542,restaurant,Manhattan
node/2844950243,Marabella Pizza,40.7401992,-73.9238536,restaurant,Manhattan
node/2844950250,Rogue Bar,40.7403256,-73.9235631,bar,Manhattan
node/2844950257,Cap't Loui Seafood Boil,40.743144,-73.9210367,restaurant,Manhattan
node/2844971042,Papa's Pasta,40.7435758,-73.9247822,restaurant,Manhattan
node/2844976428,Bliss 46 Bistro,40.743505,-73.9187481,restaurant,Manhattan
node/2844976438,1 Buen Sabor,40.7435189,-73.919231,restaurant,Manhattan
node/2844976449,Fuyu Ramen,40.7433836,-73.9180652,restaurant,Manhattan
node/2844976450,El Pilón,40.7433755,-73.9179937,restaurant,Manhattan
node/2844976453,The Skillman,40.7464624,-73.9181948,restaurant,Manhattan
node/2844978387,The Copper Kettle,40.7459273,-73.9135566,restaurant,Manhattan
node/2844991194,Claret Wine Bar,40.7464253,-73.9178829,bar,Manhattan
node/2844992953,Sanger Hall,40.7461491,-73.9154379,bar,Manhattan
node/2844999904,Foodmandu Restaurant & Bar,40.743753,-73.9212418,restaurant,Manhattan
node/2844999905,The Lowery,40.7450823,-73.920947,bar,Manhattan
node/2844999909,Romanian Garden,40.7450734,-73.9208719,restaurant,Manhattan
node/2844999924,Cardamom,40.7438925,-73.9212315,restaurant,Manhattan
node/2845010811,Ariyoshi,40.743943,-73.9228755,restaurant,Manhattan
node/2845010819,Soleluna,40.7440886,-73.9240669,restaurant,Manhattan
node/2845010834,Bon Café et Restaurant,40.7439071,-73.9224914,restaurant,Manhattan
node/2845010836,Zirve Grill,40.7438597,-73.9221402,restaurant,Manhattan
node/2845014928,Jack's Fire Department,40.7471095,-73.9237457,pub,Manhattan
node/2845049543,TJ Asian Bistro,40.7461768,-73.9135455,restaurant,Manhattan
node/2845136671,Sumnima Kitchen,40.7463499,-73.9000036,restaurant,Manhattan
node/2845137413,The Palace,40.7460124,-73.9008251,nightclub,Manhattan
node/2845187413,What The Fish,40.7539069,-73.9146306,restaurant,Manhattan
node/2845187416,Taco City Cuisine,40.7556582,-73.9122641,restaurant,Manhattan
node/2846402161,Max Bratwurst und Bier,40.7611058,-73.909353,restaurant,Manhattan
node/2846402162,Dar Lbahja,40.7609525,-73.9090442,restaurant,Manhattan
node/2846402176,The Brewery,40.7601261,-73.9072703,bar,Manhattan
node/2846534266,Pronto,40.763391,-73.908947,restaurant,Manhattan
node/2846566327,Piccola Venezia,40.7647283,-73.911783,restaurant,Manhattan
node/2846589444,Napoli's Bistro,40.7633955,-73.9130465,restaurant,Manhattan
node/2846589457,Ma LaLa Chinese,40.7629864,-73.9133499,restaurant,Manhattan
node/2846589458,Ddee Thai,40.7629054,-73.9131802,restaurant,Manhattan
node/2846595098,Taco Veloz,40.7555033,-73.9271504,restaurant,Manhattan
node/2846596405,Tacuba,40.7560216,-73.9245423,restaurant,Manhattan
node/2846596408,Sunswick,40.7565734,-73.9254957,bar,Manhattan
node/2846596444,El Mero Mero,40.754011,-73.9239485,restaurant,Manhattan
node/2846596452,Thai 36,40.7545497,-73.9257025,restaurant,Manhattan
node/2846607012,SVL Souvlaki Bar,40.7564758,-73.9208408,restaurant,Manhattan
node/2846607022,Shawarma Spot,40.7561132,-73.9211347,restaurant,Manhattan
node/2846630172,Mar's,40.7583544,-73.9241302,restaurant,Manhattan
node/2846661353,Círculo Español,40.7586167,-73.9179393,restaurant,Manhattan
node/2846661386,Tacoshi,40.7583835,-73.9174536,restaurant,Manhattan
node/2846661387,Lotus1 Vietnamese,40.7607289,-73.9155239,restaurant,Manhattan
node/2846677610,Gyro Uno pizzeria restaurant café,40.7653156,-73.9136575,restaurant,Manhattan
node/2846677614,Riviera Maya,40.7648522,-73.9144015,restaurant,Manhattan
node/2846677615,Vybz,40.7648776,-73.9143836,nightclub,Manhattan
node/2846677681,Gaudio's Pizzeria & Restaurant,40.7637748,-73.914425,restaurant,Manhattan
node/2846677683,Le Petit Pêcheur,40.7636888,-73.9142419,restaurant,Manhattan
node/2846677691,Comfort Land,40.7638484,-73.914589,restaurant,Manhattan
node/2846684667,Duzan,40.7686236,-73.9109508,restaurant,Manhattan
node/2846751411,Gyro World Astoria,40.7648691,-73.9173484,restaurant,Manhattan
node/2846770759,ASAP! Pizza,40.766241,-73.9149999,restaurant,Manhattan
node/2846780760,Halsey's Tavern,40.7637379,-73.9215788,bar,Manhattan
node/2846799315,Favella Grill,40.7673366,-73.9179699,restaurant,Manhattan
node/2846817353,Mela Pizza,40.7676435,-73.9206227,restaurant,Manhattan
node/2846913476,Boulis Cafe,40.7646039,-73.9236121,restaurant,Manhattan
node/2846916794,The Grand 35th Avenue Diner,40.7585537,-73.929091,restaurant,Manhattan
node/2846916800,Hello Bangladesh,40.7569545,-73.9302476,restaurant,Manhattan
node/2846937475,Bellucci Pizza,40.7676954,-73.9234307,restaurant,Manhattan
node/2846937476,Wake Cup,40.767651,-73.9233348,restaurant,Manhattan
node/2846942576,Samaria Pizza,40.7656552,-73.9307824,restaurant,Manhattan
node/2846942591,Kelly's Bar,40.7656185,-73.9266491,bar,Manhattan
node/2846965662,Malagueta,40.7578849,-73.9321866,restaurant,Manhattan
node/2846995250,Aladdin Sweets and Restaurant,40.7571637,-73.931277,restaurant,Manhattan
node/2846995279,Sabrosura Mexican Restaurant,40.7570898,-73.9311189,restaurant,Manhattan
node/2847001233,Cali Bun,40.7588059,-73.934788,restaurant,Manhattan
node/2847009755,Mia,40.7711493,-73.9265695,restaurant,Manhattan
node/2847034479,Roti Boti,40.7718909,-73.9259717,restaurant,Manhattan
node/2847043640,Glasserie,40.737712,-73.9561289,restaurant,Manhattan
node/2847058550,Riverview,40.7439958,-73.9586344,restaurant,Manhattan
node/2847083631,Bierocracy,40.743982,-73.950228,restaurant,Manhattan
node/2847083646,Saang,40.7441929,-73.9534569,restaurant,Manhattan
node/2847083652,Dorian Cafe,40.7427676,-73.9538441,restaurant,Manhattan
node/2847083667,Casa Enrique,40.7433617,-73.9542277,restaurant,Manhattan
node/2847093111,Feather Factory Hotel,40.7441797,-73.9406498,hotel,Manhattan
node/2847152867,Niforos Corner,40.7612651,-73.9401281,restaurant,Manhattan
node/2847152898,Coffee Shop,40.75569,-73.9418423,restaurant,Manhattan
node/2847155358,3 Greeks Grill,40.7620589,-73.9422597,restaurant,Manhattan
node/2847155364,The Melting Pot,40.7618371,-73.9423877,restaurant,Manhattan
node/2847168441,New Champion Wok,40.7550487,-73.9442587,restaurant,Manhattan
node/2847190836,House of Thai,40.7535055,-73.9377484,restaurant,Manhattan
node/2847190873,Lim's Kitchen,40.7549003,-73.9367939,restaurant,Manhattan
node/2853015962,The Shannon Pot,40.7484394,-73.949847,pub,Manhattan
node/2853015999,The Infamous,40.7452481,-73.9475886,bar,Manhattan
node/2853050511,Panda Express,40.7499146,-73.9394756,restaurant,Manhattan
node/2853050591,Astoria Seafood,40.754026,-73.929788,restaurant,Manhattan
node/2853120518,Redefine Meals,40.7734135,-73.9070903,restaurant,Manhattan
node/2853133633,Botte,40.7748728,-73.9086889,bar,Manhattan
node/2853133635,Tru,40.7745304,-73.9082035,restaurant,Manhattan
node/2853133637,Taverna Kyclades,40.7743663,-73.9079583,restaurant,Manhattan
node/2853184678,Mosaic,40.7746159,-73.918453,bar,Manhattan
node/2853249916,Family Corner,40.7779654,-73.9087372,restaurant,Manhattan
node/2863510616,Shawarmania,40.7749016,-73.9119381,restaurant,Manhattan
node/2869019697,Mominette,40.7032124,-73.9258662,restaurant,Manhattan
node/2897280966,The Garden at Studio Square,40.7551056,-73.9251822,bar,Manhattan
node/2954254651,The Irish Rover,40.7658038,-73.914694,bar,Manhattan
node/3003918342,Banter,40.7121749,-73.9573306,pub,Manhattan
node/3141134043,Bossa Nova Civic Club,40.6979017,-73.9278919,nightclub,Manhattan
node/3142935176,Sushi of Gari,40.7713448,-73.95278,restaurant,Manhattan
node/3153601915,Grand Morelos,40.7118038,-73.9436549,restaurant,Manhattan
node/3154274262,The Tradesman Bar,40.7081846,-73.9400945,bar,Manhattan
node/3212388257,Arepas Café,40.7557723,-73.9277067,restaurant,Manhattan
node/3448866514,J.G. Melon,40.771073,-73.9593705,pub,Manhattan
node/3450800431,Heidelberg Restaurant,40.7774664,-73.9518193,restaurant,Manhattan
node/3451030436,Toloache,40.7764768,-73.9566862,restaurant,Manhattan
node/3451042735,The Simone,40.7768188,-73.9569853,restaurant,Manhattan
node/3451054422,L'Osteria,40.7771504,-73.9571264,restaurant,Manhattan
node/3451094409,Tandoor Oven,40.7770648,-73.9556075,restaurant,Manhattan
node/3500173697,Hamido Seafood,40.77507,-73.9094624,restaurant,Manhattan
node/3500174246,HinoMaru Ramen,40.7748923,-73.9091985,restaurant,Manhattan
node/3569402112,Sami's Kabab House,40.7583125,-73.9331125,restaurant,Manhattan
node/3569402144,,40.7596244,-73.9365391,restaurant,Manhattan
node/3570193128,Applebee's,40.7555706,-73.9226603,restaurant,Manhattan
node/3570193131,Unos,40.7556895,-73.92295,restaurant,Manhattan
node/3570753793,Ecuadorian Restaurant II,40.7552407,-73.9271915,restaurant,Manhattan
node/3573447500,Flor de Sol,40.7539108,-73.9237443,restaurant,Manhattan
node/3573487193,Veronica's Bar,40.7552627,-73.9272533,bar,Manhattan
node/3577907793,Bartolino's Italian Restaurant,40.760701,-73.9223507,restaurant,Manhattan
node/3577907995,Fresh Bowl & Go,40.7606408,-73.9222264,restaurant,Manhattan
node/3577908193,Las Margaritas,40.7594141,-73.9195925,restaurant,Manhattan
node/3577908293,Ruta Oaxaca,40.7605007,-73.9219258,restaurant,Manhattan
node/3577908295,Bai Sushi,40.7597104,-73.920246,restaurant,Manhattan
node/3577908393,Madam Marie's,40.7603284,-73.9215565,bar,Manhattan
node/3584290132,Gaia Masala & Burger,40.7611211,-73.9232737,restaurant,Manhattan
node/3622329877,Saints and Sinners,40.7456627,-73.9045526,restaurant,Manhattan
node/3634271477,Speedy Romeo,40.6875033,-73.9598708,restaurant,Manhattan
node/3667142061,Poke Burrito,40.7646147,-73.9161867,restaurant,Manhattan
node/3804416169,Dolores,40.6838525,-73.9438589,restaurant,Manhattan
node/3805299648,Bed-Vyne Brew,40.6848033,-73.9443877,bar,Manhattan
node/3805305096,Izakaya Tenzo,40.6863711,-73.954677,restaurant,Manhattan
node/3805305098,Selune,40.6833984,-73.9349918,bar,Manhattan
node/3805305099,Bar LunAtico,40.6834279,-73.9346897,bar,Manhattan
node/3805991008,Northern Bell,40.7139985,-73.9485715,bar,Manhattan
node/3805991015,Pomp & Circumstance,40.7142599,-73.9495378,restaurant,Manhattan
node/3806007439,Shiro,40.7139261,-73.9499959,restaurant,Manhattan
node/3807244711,Sumner Cafe,40.6806646,-73.9374162,restaurant,Manhattan
node/3808253690,Baron's,40.690974,-73.9538595,restaurant,Manhattan
node/3808575527,L'Antagoniste,40.685021,-73.9296624,restaurant,Manhattan
node/3808782054,Dick and Jane's Bar Room,40.6825599,-73.9292069,bar,Manhattan
node/3808798827,Cocktail Bedstuy,40.6829954,-73.9406121,bar,Manhattan
node/3808846154,Dynaco,40.6866696,-73.9547327,bar,Manhattan
node/3808846155,Garnacha Bite,40.6832763,-73.9382816,restaurant,Manhattan
node/3808851732,Hart's,40.6814612,-73.9558777,restaurant,Manhattan
node/3808854847,Tip-Top,40.6838165,-73.9563662,bar,Manhattan
node/3808872722,Doris,40.6813398,-73.9573615,bar,Manhattan
node/3814797675,Parisi Bakery,40.7621666,-73.9254791,restaurant,Manhattan
node/3817963720,Three E- Taste of Thai,40.7604886,-73.9225318,restaurant,Manhattan
node/3818703593,Astoria Bier and Cheese,40.7605169,-73.922588,bar,Manhattan
node/3818834843,Sac's,40.7565846,-73.9247804,restaurant,Manhattan
node/3822484906,The Craic,40.7186039,-73.9549145,pub,Manhattan
node/3822484907,Qi Thai Grill,40.7186299,-73.9562472,restaurant,Manhattan
node/3860740161,La Catrinas,40.761437,-73.924556,restaurant,Manhattan
node/3861834057,Break,40.761392,-73.924468,bar,Manhattan
node/3862899358,Boishaki Restaurant,40.757024,-73.93099,restaurant,Manhattan
node/3862902958,Beija-flor,40.754568,-73.933774,restaurant,Manhattan
node/3862918057,DK PubLIC,40.753669,-73.934503,restaurant,Manhattan
node/3864498058,First Stop Bar & Grill,40.7587851,-73.9183096,restaurant,Manhattan
node/3864972068,,40.746726,-73.947598,restaurant,Manhattan
node/3865135159,The Buttery Bar,40.723132,-73.944627,bar,Manhattan
node/3865144960,Michael's Café & Bar,40.754423,-73.935709,bar,Manhattan
node/3865145166,Gyu-Kaku,40.748256,-73.947153,restaurant,Manhattan
node/3865170361,Manetta's Ristorante,40.7427545,-73.9518864,restaurant,Manhattan
node/3865328757,Snowdonia,40.7578136,-73.9275072,pub,Manhattan
node/3865660457,Mokja,40.7602676,-73.921434,restaurant,Manhattan
node/3866284163,JJ's Asian Fusion,40.762084,-73.91835,restaurant,Manhattan
node/3867611568,Café Aliada,40.7625339,-73.9262068,restaurant,Manhattan
node/3885908737,The Boro Hotel,40.7546952,-73.9359441,hotel,Manhattan
node/3957456403,Slick Willy,40.7283287,-73.9492788,restaurant,Manhattan
node/3957456405,Connie O's Pub,40.7265415,-73.9480403,bar,Manhattan
node/4014980150,Chuck E. Cheese,40.7529557,-73.914645,restaurant,Manhattan
node/4014980157,New Grand Buffet,40.7522748,-73.9148012,restaurant,Manhattan
node/4015169994,The Four Horsemen,40.7130756,-73.9572969,bar,Manhattan
node/4024824657,LIC Beer Project,40.7548039,-73.9392521,restaurant,Manhattan
node/4035635915,Glorietta Baldy,40.6815942,-73.9559147,bar,Manhattan
node/4088705662,,40.7562653,-73.9418327,hotel,Manhattan
node/4109867475,Troost,40.7334503,-73.9549611,bar,Manhattan
node/4109867476,Agra Taj Mahal,40.7333423,-73.9549468,restaurant,Manhattan
node/4109867478,Esme,40.7332005,-73.9549232,restaurant,Manhattan
node/4112572561,One-eyed Taco Man,40.7022745,-73.9199018,restaurant,Manhattan
node/4113143108,King of Falafel & Shawarma,40.7621919,-73.9255499,restaurant,Manhattan
node/4113143109,Sanfords,40.7622318,-73.9256493,restaurant,Manhattan
node/4175143393,Gotham City Lounge,40.6980883,-73.9266189,bar,Manhattan
node/4175143495,Rustik Tavern,40.6906911,-73.9582936,restaurant,Manhattan
node/4175145191,Surf Bar,40.7177263,-73.9587317,restaurant,Manhattan
node/4175181190,Duff's,40.7088559,-73.9578638,bar,Manhattan
node/4181583423,Lucy’s,40.7188932,-73.9589758,restaurant,Manhattan
node/4184426389,El Kucho,40.7007776,-73.9254602,restaurant,Manhattan
node/4204730521,Aden (Yemeni),40.7682288,-73.9117779,restaurant,Manhattan
node/4204752477,AbuQir Seafood,40.7684749,-73.9110614,restaurant,Manhattan
node/4204758328,Sabry's,40.7683278,-73.911171,restaurant,Manhattan
node/4215939888,Punda's Tibetan,40.7419873,-73.9252095,restaurant,Manhattan
node/4216238690,Gran Torino,40.7183923,-73.9588733,restaurant,Manhattan
node/4227288661,Hilton Garden Inn Long Island City/New York,40.7502286,-73.936904,hotel,Manhattan
node/4259440712,Habanero Cafe Mexican,40.7005904,-73.9440052,restaurant,Manhattan
node/4305837196,Mesa Azteca,40.7050765,-73.9201938,restaurant,Manhattan
node/4310015690,Point Brazil Restaurant,40.7617049,-73.9177187,restaurant,Manhattan
node/4311341790,Rio Grande Churrascaria,40.7533528,-73.9344179,restaurant,Manhattan
node/4315086759,Clem's,40.7132509,-73.9585549,bar,Manhattan
node/4315270690,Ro's Diner,40.7084618,-73.9408912,restaurant,Manhattan
node/4316449791,Royal Rib House,40.6844162,-73.9295144,restaurant,Manhattan
node/4316449793,Humboldt & Jackson,40.7169346,-73.9429324,restaurant,Manhattan
node/4316480089,Little Mo,40.6970315,-73.9336968,restaurant,Manhattan
node/4320078395,Cafe el Puente,40.7105003,-73.9588041,restaurant,Manhattan
node/4346186291,Pig Heaven,40.7753842,-73.9567313,restaurant,Manhattan
node/4380187995,El Cortez,40.7070137,-73.9330978,restaurant,Manhattan
node/4382630248,The Commodore,40.7139513,-73.9558034,restaurant,Manhattan
node/4406520514,Westlight,40.7223271,-73.9567564,bar,Manhattan
node/4424297323,Taqueria Sofia,40.7002919,-73.9256805,restaurant,Manhattan
node/4442889578,hull,40.6801054,-73.9063593,hotel,Manhattan
node/4466440189,Dominie's,40.7657458,-73.9185956,pub,Manhattan
node/4470030390,EJ's Luncheonette,40.7704393,-73.9597626,restaurant,Manhattan
node/4491464941,Party On,40.6999113,-73.9162149,restaurant,Manhattan
node/4491464942,La Gualacena,40.7020502,-73.915897,restaurant,Manhattan
node/4541801291,Paul's Bar,40.6889647,-73.9511404,bar,Manhattan
node/4571057189,Wa Jeal Sichuan Chili House,40.7754148,-73.9532859,restaurant,Manhattan
node/4720933490,,40.7120557,-73.9582611,hotel,Manhattan
node/4749896522,Okonomi,40.7125574,-73.9487358,restaurant,Manhattan
node/4767635212,Jora,40.7438006,-73.9514397,restaurant,Manhattan
node/4767635213,Noodlecraft,40.7446342,-73.9518851,restaurant,Manhattan
node/4768083425,New City Chinese,40.7445356,-73.9533203,restaurant,Manhattan
node/4768083426,Madera Cuban Grill,40.7445922,-73.9532693,restaurant,Manhattan
node/4768241540,Corner Bistro,40.7449291,-73.9535546,restaurant,Manhattan
node/4768241543,Slice,40.7437118,-73.9536207,restaurant,Manhattan
node/4770094251,Chairman Sun,40.7446623,-73.9536385,restaurant,Manhattan
node/4770094252,"Gizi Wine, Cheese, Chocolate",40.7445767,-73.9536537,restaurant,Manhattan
node/4770094253,Tamashi Ramen,40.7445395,-73.9536714,restaurant,Manhattan
node/4770094256,,40.7444679,-73.9536832,restaurant,Manhattan
node/4774165528,Sexy Queen,40.6831772,-73.9537121,restaurant,Manhattan
node/4787109621,Masha & The Bear,40.7119185,-73.9423984,bar,Manhattan
node/4790054821,Karczma,40.7298901,-73.9551052,restaurant,Manhattan
node/4795942922,The William Vale,40.7224118,-73.9569215,hotel,Manhattan
node/4803985122,Van Dam Diner,40.7430465,-73.9337016,restaurant,Manhattan
node/4803999022,Chinese Musician,40.7303643,-73.9537452,restaurant,Manhattan
node/4825114330,St Mazie,40.7125929,-73.9558255,bar,Manhattan
node/4825790082,Brooklyn Bazaar,40.729969,-73.9547666,nightclub,Manhattan
node/4827096321,one bedford,40.7237111,-73.9512503,bar,Manhattan
node/4837682322,Raffaello's,40.7546704,-73.9162578,restaurant,Manhattan
node/4837692921,The Well,40.7084243,-73.9377081,bar,Manhattan
node/4837696323,Kings County Brewers Collective,40.7060306,-73.9236202,bar,Manhattan
node/4838600621,Fabio's Pizzeria & Restaurant,40.7223005,-73.9412454,restaurant,Manhattan
node/4840055623,The Place Pizzeria & Bar,40.7278699,-73.9421681,bar,Manhattan
node/4843833623,Trix,40.7189463,-73.9563743,bar,Manhattan
node/4848257935,Sea Thai Restaurant,40.718121,-73.95991,restaurant,Manhattan
node/4848258526,Tabare,40.7130087,-73.9590127,restaurant,Manhattan
node/4870096821,Halal Munchies,40.7443417,-73.9313867,restaurant,Manhattan
node/4887019669,Crescent Kitchen,40.7685765,-73.9252559,restaurant,Manhattan
node/4900542421,Mexico 2000,40.7075441,-73.9549967,restaurant,Manhattan
node/4924478623,Oasis,40.7290263,-73.9502931,restaurant,Manhattan
node/4930562923,Salud bar & grill,40.6846079,-73.9091115,bar,Manhattan
node/4931598255,Sissy McGinty's,40.7662224,-73.9128957,bar,Manhattan
node/4931621748,Mombar,40.7675031,-73.9123302,restaurant,Manhattan
node/4931621761,Merguez and Frites,40.7677156,-73.9115083,restaurant,Manhattan
node/4931621762,Little Morocco Mediterranean Cuisine,40.7679918,-73.9114597,restaurant,Manhattan
node/4931633944,Dubai Hookah Lounge,40.7687081,-73.9108774,nightclub,Manhattan
node/4931643650,Mijana Restaurant and Lounge,40.7697156,-73.910138,nightclub,Manhattan
node/4937422521,Sugar Daddy's,40.7394443,-73.9426887,nightclub,Manhattan
node/4941136076,¡Ya Valió!,40.7708905,-73.9082205,restaurant,Manhattan
node/4945827921,Bondurants,40.7771345,-73.9518481,bar,Manhattan
node/4945848221,Jeremy's,40.7775087,-73.9517881,bar,Manhattan
node/4971235210,Basurero,40.7585291,-73.9191613,restaurant,Manhattan
node/4971235212,Lunera,40.7583823,-73.9192954,restaurant,Manhattan
node/4971235213,Ritmos 60,40.7584179,-73.9192706,bar,Manhattan
node/4995779508,Manducatis Rustica,40.7459104,-73.9528742,restaurant,Manhattan
node/4995779511,Fifth Hammer Brewing Company,40.7464921,-73.9515404,pub,Manhattan
node/4995779519,Sweet Chick,40.7457629,-73.9532491,restaurant,Manhattan
node/4995779520,Izakaya Noname,40.7456978,-73.9532648,restaurant,Manhattan
node/4995779922,Gantry,40.7454239,-73.9533567,bar,Manhattan
node/4995779923,Blend,40.7453396,-73.9533797,restaurant,Manhattan
node/4995779924,Woodbines,40.7452114,-73.9534365,restaurant,Manhattan
node/4995779929,Centro Pizza Bar & Italian Kitchen,40.7449402,-73.9531923,restaurant,Manhattan
node/4995781960,Manducatis,40.7445894,-73.9490417,restaurant,Manhattan
node/4995781962,Court Square Diner,40.7460771,-73.945811,restaurant,Manhattan
node/4995784462,L.A. Gourmet,40.7468454,-73.9443921,restaurant,Manhattan
node/4995784464,Dim Sum Palace,40.7462573,-73.9441291,restaurant,Manhattan
node/4995784468,Joypot,40.745772,-73.9452155,restaurant,Manhattan
node/4995784470,Heng Thai,40.7457517,-73.9453583,restaurant,Manhattan
node/4995839311,5 Star,40.750993,-73.9460359,restaurant,Manhattan
node/4995839317,Kakes NYC,40.7488173,-73.9501159,restaurant,Manhattan
node/4995839498,The Beast Next Door Cafe & Bar,40.748908,-73.9408313,bar,Manhattan
node/4995839500,Cyan Izakaya,40.7492817,-73.9404951,restaurant,Manhattan
node/4995839502,Red Lion Inn & Suites,40.7500238,-73.9413658,hotel,Manhattan
node/5005376222,Bridge and Tunnel Brewery,40.6937359,-73.9027629,bar,Manhattan
node/5021171906,Parlay,40.7647797,-73.9171695,restaurant,Manhattan
node/5022189196,Crepe House,40.7660014,-73.9191452,restaurant,Manhattan
node/5057349221,Sapporo Ichiban,40.7236421,-73.9505661,restaurant,Manhattan
node/5057358322,Taqueria La Norteña,40.7247372,-73.951192,restaurant,Manhattan
node/5057358326,Sunshine Laundromat & Pinball,40.7292524,-73.9537238,bar,Manhattan
node/5057453101,Chano's Cantina,40.7566589,-73.9294381,restaurant,Manhattan
node/5057453978,Cafe Henri,40.7425569,-73.953817,restaurant,Manhattan
node/5063245468,Woodside Cafe,40.7449069,-73.9042142,restaurant,Manhattan
node/5063260810,Stop Inn,40.7454098,-73.9036938,restaurant,Manhattan
node/5063261227,F. Ottomanelli Burgers & Belgian Fries,40.7451387,-73.9040375,restaurant,Manhattan
node/5065187821,Retro Polish Restaurant and Wine Bar,40.729096,-73.9539689,restaurant,Manhattan
node/5070272323,Donovan's Pub,40.7452487,-73.9068221,pub,Manhattan
node/5078008449,Mum Feteer,40.7668216,-73.9128253,restaurant,Manhattan
node/5082647022,Oak & Iron,40.7314664,-73.9580086,bar,Manhattan
node/5082827001,The Woodlot,40.7447202,-73.9035087,bar,Manhattan
node/5082829401,Stephanie Spanish Food,40.7439584,-73.9068416,restaurant,Manhattan
node/5082829409,The Beerkeeper,40.7455804,-73.9057381,bar,Manhattan
node/5082832548,Peking BBQ,40.7456144,-73.9058707,restaurant,Manhattan
node/5082834123,Dos Broncos,40.7443929,-73.9128314,restaurant,Manhattan
node/5082835847,Orange Hut,40.7534631,-73.9069621,restaurant,Manhattan
node/5087340721,Forma,40.7237585,-73.9515147,restaurant,Manhattan
node/5087340722,Wasabi,40.724099,-73.9508426,restaurant,Manhattan
node/5087395922,Lake Street,40.7257346,-73.9516885,bar,Manhattan
node/5093178523,Bulbap Grill,40.7243304,-73.9508047,bar,Manhattan
node/5093187023,Cheeseboat,40.7198823,-73.9578411,bar,Manhattan
node/5096342022,Jackson's,40.7424531,-73.9532705,bar,Manhattan
node/5104092550,Alembi Hookah Bar,40.7696717,-73.9096777,bar,Manhattan
node/5111785602,Jimbo's,40.770352,-73.9186683,restaurant,Manhattan
node/5123001199,Johnny's Cafe,40.7159953,-73.9013659,restaurant,Manhattan
node/5123299921,Frankel's Delicatessen and Appetizing,40.7239127,-73.9510094,restaurant,Manhattan
node/5123352621,Pastrami Queen,40.7743516,-73.9591659,restaurant,Manhattan
node/5126913521,Birdy's,40.6975171,-73.9314536,bar,Manhattan
node/5134065491,First Stop,40.750003,-73.9396844,bar,Manhattan
node/5136293339,La Candela,40.7659235,-73.9131374,bar,Manhattan
node/5136293340,HOA,40.7641845,-73.9145628,bar,Manhattan
node/5136305517,Judy & Punch,40.7655055,-73.918796,bar,Manhattan
node/5136305742,Seva,40.76569,-73.9184617,restaurant,Manhattan
node/5136305886,The Shady Lady,40.7655545,-73.9182196,restaurant,Manhattan
node/5136306087,The Wolfhound,40.7639277,-73.9154228,bar,Manhattan
node/5136316454,Sugar Freak,40.7645484,-73.9160567,restaurant,Manhattan
node/5136318319,United Miner's Soccer Club,40.7546369,-73.9168525,restaurant,Manhattan
node/5136624206,Station Bar,40.7458706,-73.9034348,bar,Manhattan
node/5139539139,Vesta,40.7697031,-73.9277101,restaurant,Manhattan
node/5143000827,Create,40.7650433,-73.9171231,restaurant,Manhattan
node/5143003508,Crave,40.765236,-73.9170229,restaurant,Manhattan
node/5143006253,Via Trenta,40.7648114,-73.9166379,restaurant,Manhattan
node/5145009822,Djerdan Burek,40.7629835,-73.9209469,restaurant,Manhattan
node/5147364151,Chiddy's CheeseSteaks,40.762105,-73.9184114,restaurant,Manhattan
node/5147365425,Taste of Gyro,40.7744785,-73.9016395,restaurant,Manhattan
node/5147366467,Mom's Kitchen & Bar,40.763625,-73.9216805,bar,Manhattan
node/5149722061,Kween,40.76548,-73.918729,bar,Manhattan
node/5152015321,Best Western Plaza,40.7559384,-73.9411567,hotel,Manhattan
node/5152965393,59 Studio,40.7690368,-73.9128077,bar,Manhattan
node/5155660121,Tina's Place,40.7036407,-73.9311723,restaurant,Manhattan
node/5155767304,Sampan,40.7643952,-73.9147823,restaurant,Manhattan
node/5156146591,Blue Sea Taverna,40.7674767,-73.9229465,restaurant,Manhattan
node/5156146592,Tikka Indian Grill,40.765438,-73.9186187,restaurant,Manhattan
node/5156147337,Grand Avenue Pizza,40.7653318,-73.9183999,restaurant,Manhattan
node/5156147425,Ample Hill,40.7656077,-73.9189553,restaurant,Manhattan
node/5156147905,Ponchana,40.7657513,-73.9193084,restaurant,Manhattan
node/5156168422,Koroni Souvlaki & Grill,40.7685396,-73.9212065,restaurant,Manhattan
node/5156182752,Hot Peopers,40.7648336,-73.9140416,restaurant,Manhattan
node/5156183124,The Grand,40.7646797,-73.9163496,bar,Manhattan
node/5156183131,Athens Grill and Sport Bar,40.7672494,-73.9218524,restaurant,Manhattan
node/5159857122,Domaine,40.7426159,-73.9543343,bar,Manhattan
node/5163777458,Bizarre Bar and Restaurant,40.6973367,-73.9347194,bar,Manhattan
node/5163799863,Bombay Kitchen,40.6939802,-73.9096427,restaurant,Manhattan
node/5163827478,Bill's Diner,40.6962356,-73.9048836,restaurant,Manhattan
node/5163871879,The Venue Party Hall,40.6961981,-73.9048083,nightclub,Manhattan
node/5163872515,Minerva's Place,40.6975544,-73.9021321,restaurant,Manhattan
node/5163874203,Cucina Traditional Pizza House,40.6933294,-73.9290619,restaurant,Manhattan
node/5163877005,Laziza Cafe,40.6926786,-73.9211655,restaurant,Manhattan
node/5163881289,Arepera Guacuco,40.7046454,-73.924545,restaurant,Manhattan
node/5163881891,Nuevo Caribe Restaurant,40.6978363,-73.9250215,restaurant,Manhattan
node/5163882225,OMG Pizza,40.698167,-73.9255588,restaurant,Manhattan
node/5169555923,Casanova,40.734101,-73.9520666,restaurant,Manhattan
node/5178655527,Llama Inn,40.716681,-73.9504137,restaurant,Manhattan
node/5190579540,,40.7134891,-73.9416342,bar,Manhattan
node/5194541225,The Bedford,40.7200298,-73.9555273,bar,Manhattan
node/5201154019,Gino's Pizzeria,40.7576184,-73.9158588,restaurant,Manhattan
node/5213278663,Bagels and Brew,40.7578324,-73.9162822,restaurant,Manhattan
node/5213278665,Baltazar Cafe,40.7578548,-73.9163597,bar,Manhattan
node/5213278666,Las Manos Quietas,40.7577043,-73.9160327,restaurant,Manhattan
node/5221020086,Applebee's,40.6800664,-73.9465683,restaurant,Manhattan
node/5238704577,Early,40.7321529,-73.9547389,restaurant,Manhattan
node/5249718038,El Quetzalito,40.7455095,-73.9067375,restaurant,Manhattan
node/5249718274,Matsuri,40.7458036,-73.9034436,restaurant,Manhattan
node/5266889691,Pil Pil,40.772875,-73.9558334,restaurant,Manhattan
node/5266894493,Calexico,40.7725833,-73.9558526,restaurant,Manhattan
node/5266897039,Persepolis,40.7697735,-73.9578876,restaurant,Manhattan
node/5285613531,Blend on the Water,40.7483501,-73.9570976,restaurant,Manhattan
node/5285613533,BLVD Wine Bar,40.7460868,-73.9569862,bar,Manhattan
node/5285613534,SHI,40.7460067,-73.9570719,restaurant,Manhattan
node/5286638872,Maiella,40.7472011,-73.9566542,restaurant,Manhattan
node/5286724776,Anable Basin Sailing,40.7495238,-73.9557872,restaurant,Manhattan
node/5291959036,Tuk Tuk,40.7432002,-73.9540984,restaurant,Manhattan
node/5300023721,The Vegoist,40.7545475,-73.9246416,restaurant,Manhattan
node/5300023726,Papa Sal's Pizza,40.7452723,-73.9033783,restaurant,Manhattan
node/5301474422,La Adelita de Woodside,40.7448428,-73.9108153,restaurant,Manhattan
node/5301593821,Solid State,40.7444269,-73.9108778,bar,Manhattan
node/5309510964,Gotham Pizza,40.7775355,-73.9491248,restaurant,Manhattan
node/5338901935,Mr. Chang Halal Chinese,40.7667736,-73.9124469,restaurant,Manhattan
node/5342142088,Butcher Bar,40.7643701,-73.9163184,restaurant,Manhattan
node/5343780578,Milo's Yard,40.704576,-73.9109461,bar,Manhattan
node/5343780579,The Footlight Bar,40.7060602,-73.9128809,bar,Manhattan
node/5343780580,The Bad Old Days,40.7010715,-73.9080839,bar,Manhattan
node/5343985152,While In Kathmandu,40.7020423,-73.9066086,restaurant,Manhattan
node/5344113218,Rizzo's Fine Pizza,40.7633801,-73.9152182,restaurant,Manhattan
node/5347874321,983 Bushwick's Living Room,40.7030314,-73.9333829,restaurant,Manhattan
node/5347938250,Medusa,40.7111836,-73.9474446,bar,Manhattan
node/5348290122,The Keep,40.7081836,-73.9196099,bar,Manhattan
node/5349701574,Royal Pizza,40.6997381,-73.9082335,restaurant,Manhattan
node/5349706207,La Rubia Restaurant,40.6977149,-73.907576,restaurant,Manhattan
node/5351725239,Nowadays,40.6928669,-73.9016974,bar,Manhattan
node/5351937842,H0L0,40.6942754,-73.9021778,nightclub,Manhattan
node/5351952018,The Deep End,40.6944617,-73.9025245,nightclub,Manhattan
node/5357598225,Captain Dan's,40.6885204,-73.9510534,pub,Manhattan
node/5363844200,Calabrije's Margaritas & Tacos,40.7055273,-73.9225462,pub,Manhattan
node/5364830121,Chachawan Thai Restaurant,40.7025681,-73.9015363,restaurant,Manhattan
node/5364834478,The Ridgewood Ale House,40.7003282,-73.9022051,bar,Manhattan
node/5364870788,Aunt Ginny's,40.7055595,-73.9070695,bar,Manhattan
node/5364870799,Ltauha Restaurant,40.699949,-73.9067394,restaurant,Manhattan
node/5364870801,Hungry Burrito,40.7013348,-73.9049929,restaurant,Manhattan
node/5364882848,Rosa's Pizza and Pasta,40.7121746,-73.9001214,restaurant,Manhattan
node/5364983018,Stanley's Pierogi,40.713266,-73.9103785,restaurant,Manhattan
node/5364995687,Super Pollo,40.7028088,-73.9019258,restaurant,Manhattan
node/5365011095,The Windjammer,40.7091645,-73.9069695,bar,Manhattan
node/5365021884,Bonus Room,40.6961093,-73.9046609,bar,Manhattan
node/5365021885,Burek Pizza,40.702058,-73.9006591,restaurant,Manhattan
node/5365021892,Grace Thai 2,40.7003417,-73.9020597,restaurant,Manhattan
node/5365041383,Simon's Kitchen,40.7006373,-73.9037242,restaurant,Manhattan
node/5365041384,Old Stanley's,40.7009726,-73.9139612,bar,Manhattan
node/5366399097,Capybara,40.6977938,-73.907764,restaurant,Manhattan
node/5366663829,Garlic to the Chicken,40.7049977,-73.9021872,restaurant,Manhattan
node/5367390412,Talon Bar,40.701142,-73.9143303,bar,Manhattan
node/5368706802,Julia's Beer and Wine,40.7031672,-73.9029995,restaurant,Manhattan
node/5368845850,K&K Super Buffett,40.700944,-73.9092337,restaurant,Manhattan
node/5368863986,El Manaba,40.7006224,-73.9095872,restaurant,Manhattan
node/5368882501,Caribe Star,40.69997,-73.9091561,restaurant,Manhattan
node/5384781206,Lucy's Vietnamese Kitchen,40.6997224,-73.9159521,restaurant,Manhattan
node/5391393228,Sahara New York,40.7664971,-73.9130633,bar,Manhattan
node/5397287133,Brooklyn Ball Factory,40.7071949,-73.9458677,restaurant,Manhattan
node/5397498623,¡Ayy Chihuahua!,40.7738847,-73.907763,restaurant,Manhattan
node/5397500865,Piatto Wood Fire Pizza,40.7435421,-73.9590758,restaurant,Manhattan
node/5400492388,Amura,40.7749658,-73.9540704,restaurant,Manhattan
node/5403595965,Donguri,40.7756921,-73.9523756,restaurant,Manhattan
node/5403598926,Aki Sushi,40.7691693,-73.9522998,restaurant,Manhattan
node/5404019801,Julie's Pizzeria,40.7041724,-73.9073249,restaurant,Manhattan
node/5404039252,Ridgewood Eats,40.7007132,-73.9038653,restaurant,Manhattan
node/5404054421,Guadalajara De Dia 2,40.7045358,-73.9108564,restaurant,Manhattan
node/5406247910,Zhego,40.7475089,-73.9026904,restaurant,Manhattan
node/5406247911,Kathmandu Fusion Kitchen,40.7465211,-73.903131,restaurant,Manhattan
node/5406249601,Ruma's Kitchen,40.7492402,-73.9015961,restaurant,Manhattan
node/5406249630,Juju Momo Dumpling,40.7464526,-73.9031631,restaurant,Manhattan
node/5406249631,Puebla Restaurant,40.7465772,-73.9031124,restaurant,Manhattan
node/5406249632,Sweet Basil,40.7464828,-73.9031473,restaurant,Manhattan
node/5406249749,Eastern Nights,40.7669543,-73.9123038,bar,Manhattan
node/5406250236,Fusion,40.7561485,-73.9211011,nightclub,Manhattan
node/5406338721,Mama Fox,40.6832391,-73.9319449,bar,Manhattan
node/5406372923,Yuka Japanese,40.7745924,-73.9543714,restaurant,Manhattan
node/5406549522,Martiniello's,40.7108655,-73.9052868,restaurant,Manhattan
node/5411674660,Madison Pizza,40.70406,-73.9038694,restaurant,Manhattan
node/5412537499,Tasty's Diner,40.7003465,-73.9013261,restaurant,Manhattan
node/5412871172,Golden Thai,40.6955747,-73.9080513,restaurant,Manhattan
node/5412930800,El Saborito,40.6967308,-73.9006811,restaurant,Manhattan
node/5413047959,El Fogon Costeno,40.7018784,-73.9089122,restaurant,Manhattan
node/5413062984,La Caleta,40.6990752,-73.9128412,restaurant,Manhattan
node/5413138200,La Bella Pizza and Chicken,40.699616,-73.9020539,restaurant,Manhattan
node/5413551222,Luv Story Bar,40.6969362,-73.9068007,bar,Manhattan
node/5413562739,Doublé,40.6946223,-73.9062927,pub,Manhattan
node/5415312366,La Canoa,40.7046661,-73.9079742,restaurant,Manhattan
node/5417209191,La Flor Del Paraiso,40.7003999,-73.9055896,restaurant,Manhattan
node/5417709937,Club House Sports Bar,40.7140158,-73.9008032,bar,Manhattan
node/5417719123,The Live Oak,40.7170776,-73.9016573,pub,Manhattan
node/5418888909,Joe's Italian Restaurant,40.7074864,-73.9032378,restaurant,Manhattan
node/5419416497,Merv's,40.6996659,-73.9157869,bar,Manhattan
node/5420299324,New Apollo,40.6991138,-73.9166538,restaurant,Manhattan
node/5420325030,Alphaville,40.7005262,-73.9258167,pub,Manhattan
node/5423606660,La Casita Mexicana,40.7124024,-73.9060211,restaurant,Manhattan
node/5425890143,Cafeteria 55,40.7535308,-73.9061603,restaurant,Manhattan
node/5425891067,Fiesta Mexicana,40.7452574,-73.9057803,restaurant,Manhattan
node/5430590323,Sally Roots,40.7027281,-73.9163976,restaurant,Manhattan
node/5431110530,Eddie Jr's Sports Lounge,40.7128623,-73.955265,bar,Manhattan
node/5431114704,Rocka Rolla,40.7139355,-73.952822,bar,Manhattan
node/5440512346,Sushi of Miso,40.742341,-73.9525773,restaurant,Manhattan
node/5446397521,La Boom,40.7538299,-73.9044551,nightclub,Manhattan
node/5446493018,Bareburger,40.743502,-73.9536871,restaurant,Manhattan
node/5449764621,Pyza,40.7243013,-73.9488166,restaurant,Manhattan
node/5454170709,East Coast Burger,40.713397,-73.9121616,restaurant,Manhattan
node/5454201643,Gonzo's Wine & Grill,40.7134382,-73.913081,restaurant,Manhattan
node/5455263427,New York Diner,40.7535222,-73.9129819,restaurant,Manhattan
node/5455609330,Agra Heights,40.6980672,-73.9214323,restaurant,Manhattan
node/5465480118,Los Marineros,40.7033817,-73.9179925,restaurant,Manhattan
node/5468419221,Chez Nick,40.7790963,-73.94508,restaurant,Manhattan
node/5468601029,Knitting Factory,40.7142437,-73.9558401,bar,Manhattan
node/5471034822,Alex Luncheonette,40.6948491,-73.9111256,restaurant,Manhattan
node/5471038017,Jim's China King,40.7047765,-73.9107447,restaurant,Manhattan
node/5471046230,Delcias Sucuenas,40.7043021,-73.9104974,restaurant,Manhattan
node/5471049400,Estrella Del Mar,40.704825,-73.9113797,restaurant,Manhattan
node/5472917477,Curry Leaf Indian Cuisine,40.7034022,-73.9120294,restaurant,Manhattan
node/5472929440,Lucha Lucha,40.7022568,-73.9197812,restaurant,Manhattan
node/5472952097,Milk & Pull,40.7020994,-73.9194804,restaurant,Manhattan
node/5481498113,Burger Club,40.7663306,-73.9205555,restaurant,Manhattan
node/5481498114,Astoria Pizza,40.7663001,-73.9204838,restaurant,Manhattan
node/5483786324,Pita Pi,40.7098124,-73.9510894,restaurant,Manhattan
node/5484494529,Heidi’s House,40.7723296,-73.9550482,bar,Manhattan
node/5487091369,Fresco's Cantina,40.7684896,-73.9330039,restaurant,Manhattan
node/5487110395,Katch,40.7671361,-73.9202693,restaurant,Manhattan
node/5487117025,The Bonnie,40.774704,-73.9136014,bar,Manhattan
node/5487128329,Il Falco,40.7475726,-73.9455369,restaurant,Manhattan
node/5487142339,Basil Brick Oven Pizza,40.770745,-73.9201255,restaurant,Manhattan
node/5489661622,Kabayan Authentic,40.742437,-73.91548,restaurant,Manhattan
node/5490145121,The Narrows,40.7040364,-73.9307858,bar,Manhattan
node/5493851469,Tropical,40.713096,-73.9005153,restaurant,Manhattan
node/5496799526,Pizza Hut,40.713597,-73.9013605,restaurant,Manhattan
node/5497657255,La Bella Mariella,40.7153727,-73.9011417,restaurant,Manhattan
node/5497696423,Forcella,40.7114995,-73.9490739,restaurant,Manhattan
node/5497828755,The Spot,40.7579899,-73.9166396,restaurant,Manhattan
node/5497878061,Joe's Pizza,40.7212554,-73.9034141,restaurant,Manhattan
node/5500013794,La Choza del Gordo,40.752987,-73.9225432,restaurant,Manhattan
node/5500029100,Barkada Social Club,40.761211,-73.9234494,restaurant,Manhattan
node/5500033650,Tipp Inn,40.7607294,-73.9224149,restaurant,Manhattan
node/5501191105,Reclamation Bar,40.7148154,-73.9415959,bar,Manhattan
node/5501200592,Call Box Lounge,40.7215662,-73.9404575,bar,Manhattan
node/5501217028,Nhà Minh,40.7209082,-73.9383281,restaurant,Manhattan
node/5504114321,Vaqueros,40.6994506,-73.9137484,restaurant,Manhattan
node/5517243775,The Bushwick Diner,40.700512,-73.9126039,restaurant,Manhattan
node/5522692221,Ceremony224,40.7109337,-73.9453631,nightclub,Manhattan
node/5526583418,Thonglor,40.7576414,-73.9198893,restaurant,Manhattan
node/5526583419,Connect Sports Lounge,40.7585411,-73.9195356,bar,Manhattan
node/5526584391,Plern Thai Restaurant & Noodle Bar,40.7619866,-73.9167215,restaurant,Manhattan
node/5529262382,New Mexico Place II,40.7016552,-73.9059862,restaurant,Manhattan
node/5529401043,Cachapas y Mas,40.7030354,-73.9083439,restaurant,Manhattan
node/5529406034,Tequila Time,40.7033316,-73.908163,bar,Manhattan
node/5531175035,Jorge's,40.7029932,-73.9076846,restaurant,Manhattan
node/5531208932,Ambato,40.7032549,-73.9086975,restaurant,Manhattan
node/5531226108,Seneca Fiesta Corporation,40.7041125,-73.9096158,bar,Manhattan
node/5540447973,Rico Pollo 1 Ridgewood,40.7001331,-73.9072579,restaurant,Manhattan
node/5540454525,Cantina 33,40.7000974,-73.9074002,restaurant,Manhattan
node/5540465914,El Montañero,40.700074,-73.9077575,restaurant,Manhattan
node/5540568923,Coyote Bohemio,40.700076,-73.907828,restaurant,Manhattan
node/5541240618,San Remo,40.7002664,-73.906164,restaurant,Manhattan
node/5541527930,Espuma Viannely Deli & Grocery,40.7004765,-73.9130992,restaurant,Manhattan
node/5541527963,Mi Sueno,40.7008138,-73.9131054,restaurant,Manhattan
node/5541534557,Place Fried Chicken,40.7007776,-73.913023,restaurant,Manhattan
node/5550498111,D' Montazo,40.7012212,-73.9144979,restaurant,Manhattan
node/5550510680,Elmekkah Bar and Grill,40.7009851,-73.9134037,pub,Manhattan
node/5550525387,Starr Bar,40.7050054,-73.9230385,bar,Manhattan
node/5550983600,Cholula Deli Corporation,40.7010358,-73.9140703,restaurant,Manhattan
node/5555401924,Ambar Lounge,40.7087521,-73.9125042,bar,Manhattan
node/5560613492,Grandchamps,40.684711,-73.9262778,restaurant,Manhattan
node/5566863363,Palace of Zuly,40.6970144,-73.9063736,restaurant,Manhattan
node/5567722091,Lee's Restaurant,40.6993556,-73.9117639,restaurant,Manhattan
node/5567725628,El Salvador,40.6993461,-73.9118597,restaurant,Manhattan
node/5567728349,La Fogata,40.6996383,-73.9123029,restaurant,Manhattan
node/5569359562,302 Bar Lounge,40.6988956,-73.9144565,bar,Manhattan
node/5569400736,Taqueria Acatlan,40.6989949,-73.9145861,restaurant,Manhattan
node/5569409533,Empire Slice Pizza,40.6990241,-73.9146459,restaurant,Manhattan
node/5569441157,La Mesita,40.6992727,-73.9151273,restaurant,Manhattan
node/5571390301,Bushwick Burger,40.6960351,-73.9096051,restaurant,Manhattan
node/5580549290,Akaru Sushi,40.7025314,-73.9161329,restaurant,Manhattan
node/5580549887,Taqueria Cocoyoc,40.7023535,-73.9158319,restaurant,Manhattan
node/5594554949,Lady Jay's,40.7114869,-73.9468057,bar,Manhattan
node/5594567812,Crystal Lake Brooklyn,40.7115262,-73.9463966,bar,Manhattan
node/5594575502,Bahia,40.7113887,-73.9449741,restaurant,Manhattan
node/5594587546,Los Primos,40.7114248,-73.9445268,restaurant,Manhattan
node/5594595555,Ammazzacaffè,40.7114031,-73.9446152,restaurant,Manhattan
node/5594913172,Second Chance Saloon,40.7115676,-73.9460436,bar,Manhattan
node/5595354776,Haven Lounge,40.7116684,-73.9452005,bar,Manhattan
node/5595546826,Sunset Diner,40.7217163,-73.9420866,restaurant,Manhattan
node/5596262150,Mama Taco,40.7018238,-73.9367711,restaurant,Manhattan
node/5596263398,Bushwick Ice House,40.7070838,-73.9324951,bar,Manhattan
node/5600186598,Tamá,40.6918651,-73.9366794,restaurant,Manhattan
node/5614222314,Vietnaam,40.7792107,-73.9505504,restaurant,Manhattan
node/5618838622,New Suki Ichiro,40.7788724,-73.9507751,restaurant,Manhattan
node/5623442598,The Johnson's,40.7058302,-73.9237933,bar,Manhattan
node/5624790243,The Sampler Bushwick,40.7055984,-73.9224758,bar,Manhattan
node/5625446393,Sea Wolf,40.7067737,-73.9228508,restaurant,Manhattan
node/5625450294,Lot 45 Bushwick,40.7070059,-73.9226871,bar,Manhattan
node/5625467798,Little Beaver,40.7074513,-73.9217751,bar,Manhattan
node/5625524072,Echo Bravo Bar,40.7079507,-73.9216704,pub,Manhattan
node/5625524341,Pearl's Social & Billy Club,40.7071565,-73.9212797,bar,Manhattan
node/5625533849,Desi Grill,40.7057323,-73.9217649,restaurant,Manhattan
node/5625538922,Heavy Woods,40.7056487,-73.9216186,pub,Manhattan
node/5626983263,Left Hand Path,40.7051123,-73.9202649,bar,Manhattan
node/5627237353,Sal's Pizzeria,40.7044944,-73.9192531,restaurant,Manhattan
node/5627868448,Crown Chicken & Grill,40.7042127,-73.9188024,restaurant,Manhattan
node/5627874267,Abe's Pagoda Bar,40.7038877,-73.9188896,pub,Manhattan
node/5627875406,Gyro,40.7037765,-73.9179885,restaurant,Manhattan
node/5627882539,Inca Chicken,40.7034857,-73.9182324,restaurant,Manhattan
node/5629116021,Kalina Bar & Grill,40.6872723,-73.9185073,restaurant,Manhattan
node/5629122644,Thai Me,40.6972994,-73.9360964,restaurant,Manhattan
node/5633559794,Starr Space,40.7076638,-73.920853,nightclub,Manhattan
node/5635174819,Klom Klorm,40.7031166,-73.9170639,restaurant,Manhattan
node/5635284299,Ops,40.7026827,-73.9171262,restaurant,Manhattan
node/5642872120,Chaser McGee's,40.7203132,-73.9054652,pub,Manhattan
node/5642913664,Amaranto,40.703075,-73.9218056,restaurant,Manhattan
node/5642916810,Amanda's Kitchen,40.7020214,-73.9236569,restaurant,Manhattan
node/5642918230,Mi Bella Dama,40.7016763,-73.9237546,restaurant,Manhattan
node/5643003004,Sushi & Noodles,40.7034447,-73.925762,restaurant,Manhattan
node/5643052165,Ayat,40.7026307,-73.9253849,restaurant,Manhattan
node/5647421278,Layali Beirut,40.7665509,-73.9130228,nightclub,Manhattan
node/5673291209,Beco,40.7183558,-73.9504513,restaurant,Manhattan
node/5679657868,Faro,40.7074483,-73.9229012,restaurant,Manhattan
node/5679659087,Jupiter Disco,40.7081511,-73.9235714,nightclub,Manhattan
node/5679677533,Bunker Vietnamese,40.7104957,-73.9232382,restaurant,Manhattan
node/5683379031,The GAF,40.7789493,-73.9507243,bar,Manhattan
node/5695103857,La Perla Del Ulua,40.7038798,-73.9276682,restaurant,Manhattan
node/5695162348,Molly's Milk Truck,40.703232,-73.9264546,restaurant,Manhattan
node/5697641883,Sazon Nuñez,40.7042927,-73.9194903,restaurant,Manhattan
node/5697730312,Cassette,40.702567,-73.9011814,bar,Manhattan
node/5703492189,Cafe d'Alsace,40.7794382,-73.9508292,restaurant,Manhattan
node/5703494368,Tenzan 89,40.7796344,-73.9502395,restaurant,Manhattan
node/5705270759,Ora Wine Bar,40.7723382,-73.9272822,bar,Manhattan
node/5707209574,IKYU,40.7798844,-73.9500298,restaurant,Manhattan
node/5710000050,Sophistian Mexican Pizzeria,40.7732879,-73.927208,restaurant,Manhattan
node/5715462680,Olmo,40.6832067,-73.9171125,restaurant,Manhattan
node/5715475905,New Choy Hing,40.6883879,-73.9157653,restaurant,Manhattan
node/5715947355,Bar Cornelia,40.6904367,-73.9154763,bar,Manhattan
node/5715957219,Filthy Diamond,40.694929,-73.9112392,bar,Manhattan
node/5716458603,Midnight Express Diner,40.7797622,-73.9505867,restaurant,Manhattan
node/5717527827,Layali,40.7573863,-73.91537,restaurant,Manhattan
node/5720905959,Chimi Mundo,40.6949193,-73.9117776,restaurant,Manhattan
node/5720913788,Aris Pollos A La Brasa,40.6946746,-73.9107752,restaurant,Manhattan
node/5720916379,Fazio's,40.6944277,-73.9103732,restaurant,Manhattan
node/5720917767,Chen Yuan,40.6942261,-73.9105742,restaurant,Manhattan
node/5721466229,Halsey Ale House,40.6913214,-73.9095051,pub,Manhattan
node/5721469500,The Haab Mexican Cafe,40.7389983,-73.9177966,restaurant,Manhattan
node/5721470075,Oasis Pizza & Gyro,40.7435022,-73.924182,restaurant,Manhattan
node/5721470367,de Mole,40.7392696,-73.9202773,restaurant,Manhattan
node/5721470753,Danubius,40.7403152,-73.9238799,restaurant,Manhattan
node/5721472458,El Rodeo,40.7416382,-73.9191413,bar,Manhattan
node/5721473272,Mad For Chicken,40.7431115,-73.9207685,restaurant,Manhattan
node/5721473579,Bajeko Sekuwa The Himalayan Grill,40.7431316,-73.9209224,restaurant,Manhattan
node/5721473937,The Courtyard Ale House,40.7434398,-73.9237094,pub,Manhattan
node/5721475988,The Goat,40.7436888,-73.9207172,bar,Manhattan
node/5721476025,Teppanyaki One,40.7440319,-73.9236153,restaurant,Manhattan
node/5721476134,Doma,40.7442007,-73.9230967,restaurant,Manhattan
node/5721476364,Sotto le Stelle,40.7436231,-73.9201306,restaurant,Manhattan
node/5721476514,Bar 43,40.7449648,-73.9213586,bar,Manhattan
node/5721476572,Firewater Inn,40.7471107,-73.9237404,bar,Manhattan
node/5721476603,Sunnyside Bro's Cafe,40.7442397,-73.9240432,restaurant,Manhattan
node/5721784935,The Seneca,40.7042564,-73.9104377,bar,Manhattan
node/5723968978,Ahehuete Deli & Grocery Corp,40.6955523,-73.9169883,restaurant,Manhattan
node/5723975551,Rosario Pizza,40.6941379,-73.9184939,restaurant,Manhattan
node/5724014011,House of Kava,40.6972937,-73.9240859,bar,Manhattan
node/5729310496,Il Carino,40.7795132,-73.9503284,restaurant,Manhattan
node/5734407321,Burger It Up,40.7043445,-73.9283824,restaurant,Manhattan
node/5734425560,Taqueria El Fogon,40.7044239,-73.929124,restaurant,Manhattan
node/5734434230,Tomo,40.704672,-73.9292626,restaurant,Manhattan
node/5734677162,No Bull NYC,40.7043902,-73.9299803,bar,Manhattan
node/5737939508,Norwind's,40.7041085,-73.9306031,restaurant,Manhattan
node/5737951060,Tabaré,40.7038002,-73.93073,restaurant,Manhattan
node/5739490582,Apt 512,40.7034302,-73.9302342,bar,Manhattan
node/5741661610,Ajihei,40.7041321,-73.9280327,restaurant,Manhattan
node/5743448065,Hart Bar,40.6963535,-73.9299985,bar,Manhattan
node/5743854459,Zefe's,40.697545,-73.9290349,restaurant,Manhattan
node/5743888501,Happyfun Hideaway,40.6975004,-73.9316128,bar,Manhattan
node/5743935885,La Lupe Cantina,40.6973254,-73.9350839,restaurant,Manhattan
node/5744312486,Sajhoma #3,40.6972098,-73.9353976,restaurant,Manhattan
node/5744312487,Norbert's Pizza,40.6965969,-73.9349635,restaurant,Manhattan
node/5744320023,Rebecca's,40.698215,-73.9342007,bar,Manhattan
node/5747443416,Leroy's,40.7335223,-73.9583596,restaurant,Manhattan
node/5750354055,Lovers Rock,40.6830811,-73.9436778,bar,Manhattan
node/5750540226,Pine Box Rock Shop,40.7053329,-73.9326938,bar,Manhattan
node/5756089923,Sweet Water,40.7184595,-73.9599718,restaurant,Manhattan
node/5759364647,Bella Donna Pizzeria,40.7133969,-73.9107423,restaurant,Manhattan
node/5760191985,Pollos a la Brasa Mario,40.7587516,-73.9182472,restaurant,Manhattan
node/5763507715,Mongkhon Thai Cuisine,40.7609108,-73.9089346,restaurant,Manhattan
node/5766202314,Bua Thai Ramen & Robata Grill,40.7763429,-73.9530891,restaurant,Manhattan
node/5772058553,The Original Espinal Deli 2 Comida Dominicana,40.7538485,-73.9031732,restaurant,Manhattan
node/5772058759,Sum Fung,40.7534828,-73.9065742,restaurant,Manhattan
node/5773932353,"El Almacén, 557 Driggs Ave, Brooklyn, NY 11211, USA",40.7169461,-73.9566296,restaurant,Manhattan
node/5775244861,Jack Jones,40.7733796,-73.9065644,restaurant,Manhattan
node/5779065181,Del Casa Sabor,40.6931663,-73.9127541,restaurant,Manhattan
node/5779070778,Modern Taco,40.692016,-73.9061689,restaurant,Manhattan
node/5782481566,Sweet Spot Sporting Lounge & Bar,40.774712,-73.912713,bar,Manhattan
node/5782486184,Balkh Shish Kabab House,40.7742036,-73.9133194,restaurant,Manhattan
node/5782486382,Dionysos Restaurant,40.7739028,-73.9131611,restaurant,Manhattan
node/5798954995,Bunna Cafe,40.7048893,-73.9278626,restaurant,Manhattan
node/5801611455,The Halfway Line,40.745173,-73.9052274,bar,Manhattan
node/5801848000,Thai @ Lex,40.7781312,-73.9567486,restaurant,Manhattan
node/5801942483,Koda Restaurant & Lounge,40.7030761,-73.9333087,restaurant,Manhattan
node/5804694233,Marcelina's,40.7022687,-73.9360786,restaurant,Manhattan
node/5805307866,,40.7563367,-73.92954,bar,Manhattan
node/5805307868,Fresco Tortillas,40.7562584,-73.9293522,restaurant,Manhattan
node/5805320716,LIC Bagel,40.7563143,-73.9294719,restaurant,Manhattan
node/5805320749,Napoli Pizza & Pasta,40.7571943,-73.9268304,restaurant,Manhattan
node/5810746758,Flying Fox Tavern,40.7050758,-73.9062739,bar,Manhattan
node/5857677523,Gracie Mews Restaurant,40.7734398,-73.9516051,restaurant,Manhattan
node/5857904387,The Mansion Restaurant,40.7759935,-73.9468405,restaurant,Manhattan
node/5879671792,Budapest Café & Restaurant,40.7770924,-73.9525379,restaurant,Manhattan
node/5879680238,Ethyl's Alcohol & Food,40.7770415,-73.9525966,bar,Manhattan
node/5889477161,Astoria Tavern,40.7731772,-73.9114417,bar,Manhattan
node/5891688632,Gregory 26 Corner,40.7763423,-73.915912,restaurant,Manhattan
node/5891689501,Rocky McBride's,40.7760481,-73.9150267,bar,Manhattan
node/5891689506,Sandro's Latin Food,40.7760149,-73.9149847,restaurant,Manhattan
node/5891690588,San Aroy,40.7748289,-73.9137828,restaurant,Manhattan
node/5891690591,Telly's Tavern,40.7753199,-73.9140086,restaurant,Manhattan
node/5906811390,El Ancela,40.7709902,-73.9271641,restaurant,Manhattan
node/5906828486,Lic Grill,40.7555356,-73.9412153,restaurant,Manhattan
node/5907398054,The Supply House,40.7775557,-73.9522212,restaurant,Manhattan
node/5907398185,Tiramisu,40.7774392,-73.952309,restaurant,Manhattan
node/5926890969,I O Cafe,40.7047502,-73.9023202,restaurant,Manhattan
node/5935797285,Hoxton,40.7208284,-73.9587821,hotel,Manhattan
node/5938006749,Juke Bar,40.7062774,-73.9229865,bar,Manhattan
node/5956312861,Astoria Provisions,40.7722369,-73.9291489,restaurant,Manhattan
node/5962184849,Gertie,40.7124366,-73.9555551,restaurant,Manhattan
node/5962563885,Best Pizza,40.7156064,-73.9534877,restaurant,Manhattan
node/5963217485,Cerveceria Havemeyer,40.7117455,-73.9573259,restaurant,Manhattan
node/5978510502,Gotham Pizza,40.7699155,-73.9517326,restaurant,Manhattan
node/5978556694,Sashimi Express II,40.7706984,-73.9584885,restaurant,Manhattan
node/5978556709,Italian Village Pizzeria & Restaurant,40.7714871,-73.9531102,restaurant,Manhattan
node/5978556710,Kobe Sushi,40.7707529,-73.9506465,restaurant,Manhattan
node/5978556740,Vernon Grille,40.7435607,-73.9540049,restaurant,Manhattan
node/5978556751,The Baroness,40.7520777,-73.9405389,bar,Manhattan
node/5978556757,Two Boots Pizza,40.7169651,-73.9567286,restaurant,Manhattan
node/5978556777,Fornino,40.7289765,-73.95391,restaurant,Manhattan
node/5978557700,Nicola’s,40.7779571,-73.9562606,restaurant,Manhattan
node/5978561187,The Abbey,40.7174628,-73.95617,restaurant,Manhattan
node/5978561188,Fushimi,40.718719,-73.9544582,restaurant,Manhattan
node/5978792102,Deseos,40.7444889,-73.911859,nightclub,Manhattan
node/5978792508,Pinkerton,40.7148899,-73.9542821,bar,Manhattan
node/5978792890,Tres Coronas,40.7448033,-73.9107459,bar,Manhattan
node/5978795487,La Mia Pizza,40.7743846,-73.9509533,restaurant,Manhattan
node/5978795489,52nd Sushi,40.7445824,-73.9116352,restaurant,Manhattan
node/5978873885,The Inkan,40.7468469,-73.9455032,restaurant,Manhattan
node/5994163585,Dutch Kills,40.7477058,-73.9402242,bar,Manhattan
node/5994163586,The Shanty,40.7185593,-73.9486682,bar,Manhattan
node/5994557885,A-Pou’s Taste,40.7132054,-73.9361207,restaurant,Manhattan
node/6002923285,3 Dollar Bill,40.7084122,-73.9381164,bar,Manhattan
node/6006060909,Cava,40.7791537,-73.9535112,restaurant,Manhattan
node/6018127885,Bamonte's,40.7166443,-73.9512196,restaurant,Manhattan
node/6020011454,Fayrooz,40.7652732,-73.9140659,nightclub,Manhattan
node/6037057833,Club Lambda BK,40.7137492,-73.9339734,bar,Manhattan
node/6050149079,Newtown,40.7091248,-73.9371954,restaurant,Manhattan
node/6052834496,Macri Park,40.7143043,-73.9514899,bar,Manhattan
node/6059038904,Wonder Pho,40.7785992,-73.9478668,restaurant,Manhattan
node/6067527908,Las Margaritas Sunset,40.7176793,-73.9450625,restaurant,Manhattan
node/6068993408,Pheasant,40.7185124,-73.9451974,restaurant,Manhattan
node/6068993409,Tom & Joan's Whiskey Bar,40.7182433,-73.9451454,bar,Manhattan
node/6068993414,Florentina's,40.7186788,-73.9449333,restaurant,Manhattan
node/6071389285,La Cocina De Mama,40.7130456,-73.9065211,restaurant,Manhattan
node/6071416266,El Alto,40.7129947,-73.9052543,restaurant,Manhattan
node/6086423444,Shalom Japan,40.7092035,-73.9558364,restaurant,Manhattan
node/6110372011,Tilt,40.7055561,-73.9371954,nightclub,Manhattan
node/6112503970,Eris Evolution,40.7077257,-73.9434941,nightclub,Manhattan
node/6112610009,Sobre Masa,40.7063356,-73.9313613,restaurant,Manhattan
node/6125305150,Rosie Pizza Bar,40.6997913,-73.9284386,bar,Manhattan
node/6125413922,Burger One,40.775402,-73.9587626,restaurant,Manhattan
node/6126008888,Yours Sincerely,40.7028281,-73.929185,bar,Manhattan
node/6126008889,Gold Sounds Bar,40.7027061,-73.9295401,bar,Manhattan
node/6126009713,Clara's,40.7025745,-73.9287202,bar,Manhattan
node/6126735790,The Little Whiskey,40.7028611,-73.9298474,pub,Manhattan
node/6126745231,Fine Time,40.700717,-73.9300935,bar,Manhattan
node/6127400954,Millie’s Cuban Café,40.700436,-73.9249689,restaurant,Manhattan
node/6127401069,Brooklyn Kava,40.7003984,-73.9255802,bar,Manhattan
node/6127401335,Tres Marias,40.7004609,-73.9255609,restaurant,Manhattan
node/6127449695,The Wheelhouse,40.7000438,-73.9242916,restaurant,Manhattan
node/6127452092,El Sol De Cholula,40.7002211,-73.9246127,restaurant,Manhattan
node/6127475460,Itzel's Taqueria Deli,40.6994105,-73.9231815,restaurant,Manhattan
node/6127475861,El Castillo,40.6994511,-73.9232481,restaurant,Manhattan
node/6128709937,Sol Sips,40.6990736,-73.9225562,restaurant,Manhattan
node/6128749010,Pastelitos Elvys,40.6980777,-73.9208502,restaurant,Manhattan
node/6129190248,Bricklyn Pizza,40.6923918,-73.9108612,restaurant,Manhattan
node/6129215005,Rosa's Steakhouse,40.6912412,-73.9088317,restaurant,Manhattan
node/6129257460,They Say That,40.6901126,-73.9068731,restaurant,Manhattan
node/6141565385,Amami,40.7234589,-73.9520947,restaurant,Manhattan
node/6174050007,Jacques Brasserie,40.7778783,-73.9541391,restaurant,Manhattan
node/6182605480,Vera Cruz,40.7173677,-73.9580295,restaurant,Manhattan
node/6191339187,duckduck,40.707503,-73.9427869,bar,Manhattan
node/6206630769,San Babila,40.7684737,-73.9588271,restaurant,Manhattan
node/6206645059,Green Kitchen,40.7767393,-73.9527941,restaurant,Manhattan
node/6206645850,Joju,40.7761403,-73.9532229,restaurant,Manhattan
node/6209861993,Maz Mescal,40.7774087,-73.9510298,restaurant,Manhattan
node/6209895325,Sandro's,40.7773212,-73.9508445,restaurant,Manhattan
node/6211849520,Claudia's,40.7135511,-73.9412857,restaurant,Manhattan
node/6224227897,McCarren Hotel & Pool,40.7209065,-73.955531,hotel,Manhattan
node/6237222967,Omakase Shihou,40.775369,-73.9533215,restaurant,Manhattan
node/6237394819,New Sunny East 88,40.777924,-73.9483586,restaurant,Manhattan
node/6237469173,Up Thai,40.7698909,-73.9577946,restaurant,Manhattan
node/6237598299,Zabb PuTawn,40.7745221,-73.9508675,restaurant,Manhattan
node/6240316485,Luke’s Bar & Grill,40.7746187,-73.9572996,pub,Manhattan
node/6240316486,parma Nuova,40.7748819,-73.9571029,restaurant,Manhattan
node/6242162275,The Less Dead,40.7131206,-73.9365744,bar,Manhattan
node/6253978434,Rose Gold Cocktail Lounge,40.7072158,-73.9319875,bar,Manhattan
node/6278185444,2nd Ave Deli,40.7695617,-73.9544914,restaurant,Manhattan
node/6309060188,Vite Vinosteria,40.7628885,-73.9211994,restaurant,Manhattan
node/6331547404,Chimu,40.7148743,-73.9515998,restaurant,Manhattan
node/6339896148,rico chimi,40.6991197,-73.91422,restaurant,Manhattan
node/6346043620,Dorrian's,40.7763756,-73.9525898,restaurant,Manhattan
node/6356444688,San Matteo Pizzeria e Cucina,40.774651,-73.9543326,restaurant,Manhattan
node/6356460186,Fedoroff’s Roast Pork,40.7190444,-73.9554283,restaurant,Manhattan
node/6356480886,Meijin Ramen,40.7750498,-73.9535584,restaurant,Manhattan
node/6361314207,Bhojan Indian Food,40.7033386,-73.9074043,restaurant,Manhattan
node/6370603208,Merzouka Cafe,40.7689633,-73.9250036,restaurant,Manhattan
node/6370603209,Green Apple Delight,40.7689855,-73.9249842,restaurant,Manhattan
node/6373095685,Jungle Cafe,40.7302724,-73.9548518,restaurant,Manhattan
node/6374756586,Don Filippo,40.7745987,-73.9589824,restaurant,Manhattan
node/6377007361,The Penrose,40.7754854,-73.953238,pub,Manhattan
node/6379666403,Metropolitan Bar,40.7136339,-73.9494852,bar,Manhattan
node/6380904180,C'mon Everybody,40.6882793,-73.9569264,bar,Manhattan
node/6392106885,El Pin Pollo,40.7087764,-73.9124936,restaurant,Manhattan
node/6402959206,China Express,40.7060759,-73.9501176,restaurant,Manhattan
node/6403009246,Pete's Candy Store,40.7181021,-73.9501774,bar,Manhattan
node/6417073975,Kebab Cafe,40.7677943,-73.9120055,restaurant,Manhattan
node/6417073976,Olive Fast Food,40.7677007,-73.912076,restaurant,Manhattan
node/6418607492,Massa's Coal Fired Pizzeria and Bar,40.7494601,-73.9395756,restaurant,Manhattan
node/6418623098,Ginger Root Vegan,40.7625034,-73.9596396,restaurant,Manhattan
node/6436698185,Nana Ramen,40.6815568,-73.928999,restaurant,Manhattan
node/6476902282,M&S Nice Bakery and Restaurant,40.7012367,-73.9047883,restaurant,Manhattan
node/6558575360,The Gradient,40.7068038,-73.9229328,restaurant,Manhattan
node/6590061294,Ornithology Jazz Club,40.6955322,-73.9320225,bar,Manhattan
node/6594768414,BANY 10-57,40.7427487,-73.9527155,restaurant,Manhattan
node/6595131965,Corozon Mexico,40.7427742,-73.953543,restaurant,Manhattan
node/6622066087,Water Tower Bar,40.7215126,-73.9587112,bar,Manhattan
node/6649647161,Afghan Kebab House,40.7699162,-73.9542186,restaurant,Manhattan
node/6651068562,Cantina Cumbancha NYC,40.7192891,-73.9529959,restaurant,Manhattan
node/6670244826,Tanoshi Sushi NYC,40.7676209,-73.9529255,restaurant,Manhattan
node/6670244827,Finestra Restaurant,40.7675579,-73.9529698,restaurant,Manhattan
node/6670244847,Sophie's Cuban Cuisine,40.765174,-73.9574182,restaurant,Manhattan
node/6679254459,Beaucoup at Bar Freda,40.7015425,-73.9052425,bar,Manhattan
node/6684049777,Broken Land,40.7295259,-73.9576837,bar,Manhattan
node/6684049782,Brooklyn Safehouse,40.7288633,-73.9572833,bar,Manhattan
node/6684650957,New Chang Hong,40.6968608,-73.91031,restaurant,Manhattan
node/6685453124,GuestHouse Restaurant & Bar,40.711204,-73.9440053,restaurant,Manhattan
node/6689828325,The Huntress,40.7526572,-73.9396832,bar,Manhattan
node/6689909660,The Raven Pub,40.7708772,-73.953993,bar,Manhattan
node/6691104532,Jerk Off the Grill,40.7717892,-73.9537771,restaurant,Manhattan
node/6691104542,Maruzzella,40.7713169,-73.9536779,restaurant,Manhattan
node/6692972509,Sera Phi,40.7319321,-73.9496988,nightclub,Manhattan
node/6704527437,B. Cafe,40.7708948,-73.9576006,restaurant,Manhattan
node/6704581665,La Esquina,40.7692931,-73.9577451,restaurant,Manhattan
node/6709932501,Boyfriend Coop,40.6971695,-73.9346857,bar,Manhattan
node/6713109639,Amituofo Vegan Cuisine,40.7037331,-73.9330639,restaurant,Manhattan
node/6724357509,Greedi Kitchen,40.6837285,-73.9230558,restaurant,Manhattan
node/6725433358,The Hummus & Pita Co.,40.7786166,-73.9530659,restaurant,Manhattan
node/6744698192,Kennedy Fried Chicken,40.7670978,-73.9215146,restaurant,Manhattan
node/6744698195,Petey's Burger,40.7671664,-73.9216675,restaurant,Manhattan
node/6750355714,JJ's Hideaway,40.7209241,-73.9580337,nightclub,Manhattan
node/6753886266,The Sultan Room,40.705705,-73.9223702,nightclub,Manhattan
node/6762264577,The Vault,40.7055911,-73.9368538,nightclub,Manhattan
node/6779861449,Lucky Pizzeria & Cafe,40.7499601,-73.9396159,restaurant,Manhattan
node/6781739945,Carlow East,40.7786314,-73.9564131,bar,Manhattan
node/6800244686,Naked Dog,40.7313073,-73.9593693,restaurant,Manhattan
node/6800611085,Ichiran,40.7074745,-73.9333777,restaurant,Manhattan
node/6804305685,XI’AN Town,40.7184023,-73.9569449,restaurant,Manhattan
node/6818558685,Goldie’s,40.7256462,-73.9451382,bar,Manhattan
node/6833242353,Bushwick Taco Company,40.6818575,-73.9584484,restaurant,Manhattan
node/6854261485,Evil Twin Brewery,40.6962173,-73.9040269,bar,Manhattan
node/6876300972,Leslie's Kitchen,40.7013684,-73.9266136,restaurant,Manhattan
node/6876382888,Bunton's World Famous,40.6960646,-73.9333282,bar,Manhattan
node/6879539642,Kismet Garden,40.7056695,-73.9224054,bar,Manhattan
node/6925229785,Scalino,40.7245177,-73.9513799,restaurant,Manhattan
node/6958104276,the avenue,40.765197,-73.9174481,restaurant,Manhattan
node/6958104280,Pink Nori,40.7648117,-73.9172299,restaurant,Manhattan
node/6958104281,Royal Underground,40.7647477,-73.9171081,bar,Manhattan
node/6979980085,Saba's Pizza,40.7770944,-73.9571567,restaurant,Manhattan
node/6979980086,Famous Famiglia Pizzeria,40.778314,-73.9566244,restaurant,Manhattan
node/7013001983,Javelina,40.7693428,-73.9581971,restaurant,Manhattan
node/7026934319,The Henry Norman Hotel,40.7280283,-73.9442507,hotel,Manhattan
node/7039222846,Pierozek,40.7230006,-73.9502167,restaurant,Manhattan
node/7040464286,Golden Years,40.7143939,-73.9564479,bar,Manhattan
node/7040480785,Boon Thai,40.7249803,-73.9516152,restaurant,Manhattan
node/7055185614,Lenwich,40.7725796,-73.958785,restaurant,Manhattan
node/7058179832,Courtyard,40.7501206,-73.9372918,hotel,Manhattan
node/7061462485,Pokéworks,40.7181935,-73.9571885,restaurant,Manhattan
node/7062148443,Casa Pública,40.7181966,-73.9521426,restaurant,Manhattan
node/7063212564,Puerto de Manta Restaurant and Bar,40.6977598,-73.9076283,bar,Manhattan
node/7063640585,Basement NYC,40.7152945,-73.9136973,nightclub,Manhattan
node/7085164539,Mighty Quinn's,40.7723544,-73.9555308,restaurant,Manhattan
node/7085207163,Ed's Elbow Room,40.7723172,-73.9550167,bar,Manhattan
node/7085207165,Anand Indian Cuisine,40.7723678,-73.955182,restaurant,Manhattan
node/7089435597,NR,40.7700616,-73.9550189,restaurant,Manhattan
node/7098895115,TV Eye NYC,40.6978683,-73.9052427,bar,Manhattan
node/7102342430,Yefsi Estiatorio,40.7710056,-73.9509459,restaurant,Manhattan
node/7108601966,Eli's Table,40.7750684,-73.95648,restaurant,Manhattan
node/7126337086,Carrizal,40.6992088,-73.9123247,restaurant,Manhattan
node/7126529285,NEWYORKTITLAN,40.6990214,-73.9128813,restaurant,Manhattan
node/7165016685,The New Amity Restaurant,40.7798039,-73.9597899,restaurant,Manhattan
node/7165016688,Mighty Bowl,40.7738414,-73.9595305,restaurant,Manhattan
node/7173648216,Ryujin Brooklyn,40.7111282,-73.9506003,restaurant,Manhattan
node/7173648217,Redd's Tavern,40.7111208,-73.9506787,bar,Manhattan
node/7173648218,New Apolo Restaurant,40.7108482,-73.9507667,restaurant,Manhattan
node/7173664038,The Clonard,40.7108448,-73.9508448,pub,Manhattan
node/7173664039,Carneval,40.7111122,-73.9507698,restaurant,Manhattan
node/7173763932,Bar Beau,40.7169693,-73.9500958,restaurant,Manhattan
node/7173763933,Jimmy's Diner,40.7176985,-73.9524081,restaurant,Manhattan
node/7193770269,,40.7136326,-73.9525044,bar,Manhattan
node/7204685441,Las Chilangas,40.7019067,-73.9064015,restaurant,Manhattan
node/7228213185,Taqueria al Pastor,40.7033983,-73.9180101,restaurant,Manhattan
node/7237833660,Suki Sushi,40.7745346,-73.948381,restaurant,Manhattan
node/7243548687,Greenpoint Brewery,40.7284503,-73.9595287,bar,Manhattan
node/7245875445,Brooklyn Bagel & Coffee Company,40.76469,-73.9169875,restaurant,Manhattan
node/7245875446,T-Swirl Crepe,40.7646627,-73.9169255,restaurant,Manhattan
node/7278461587,Long Spring Garden,40.7458794,-73.9019159,restaurant,Manhattan
node/7278595729,Home Kitchen,40.7780696,-73.9560043,restaurant,Manhattan
node/7386955794,Casa Theodoro Pizzaria & Brazilian Eatery,40.7569116,-73.906757,restaurant,Manhattan
node/7424179947,Dar 525,40.7230828,-73.9453034,restaurant,Manhattan
node/7424179949,Ms. Ohho,40.7247426,-73.9475591,restaurant,Manhattan
node/7424179953,Threes Brewing,40.7303713,-73.9578334,pub,Manhattan
node/7507436397,Ringolevio,40.7190611,-73.9433506,restaurant,Manhattan
node/7507468160,FourFiveSix,40.7191201,-73.9431975,bar,Manhattan
node/7507478441,Dough Vale,40.7093286,-73.9540657,restaurant,Manhattan
node/7706043307,Brother’s Pizza,40.7696498,-73.9310661,restaurant,Manhattan
node/7706043309,Ita-Mex,40.7687252,-73.9314744,restaurant,Manhattan
node/7706043318,Ecuadorian Restaurant,40.7558766,-73.9194924,restaurant,Manhattan
node/7722146857,El Rey,40.7712572,-73.9220526,restaurant,Manhattan
node/7722294823,,40.769287,-73.9007471,restaurant,Manhattan
node/7722306080,Sakura,40.7746021,-73.9083052,restaurant,Manhattan
node/7722306081,Tootles & French,40.7741313,-73.9076189,restaurant,Manhattan
node/7722312788,Lefkos Pyrgos,40.7751791,-73.9096244,restaurant,Manhattan
node/7813803006,Hunan “K”,40.7410384,-73.9040792,restaurant,Manhattan
node/7813969137,Macoletta,40.7731535,-73.9163771,restaurant,Manhattan
node/7868765654,The Franklin,40.7795881,-73.9539993,hotel,Manhattan
node/7916923628,Upscale International Cafe,40.7527882,-73.9062781,restaurant,Manhattan
node/7916955986,Pacific Moon,40.7511863,-73.902685,restaurant,Manhattan
node/7918381234,Twisted Mexican Grill,40.7723874,-73.9265965,restaurant,Manhattan
node/7920742170,Casa De Chef,40.7462539,-73.9000459,restaurant,Manhattan
node/7923125559,Taqueria Diana,40.7142028,-73.9556881,restaurant,Manhattan
node/7993726600,Kubo,40.6892859,-73.9549112,bar,Manhattan
node/8000899314,Taqueria El Patron Mexican Grill,40.6988812,-73.9091017,restaurant,Manhattan
node/8047166431,Barzola,40.7612692,-73.9235628,restaurant,Manhattan
node/8063914708,Burger City,40.7127496,-73.9061711,restaurant,Manhattan
node/8110365548,Yummy Yummy in my Tummy,40.7146707,-73.9516495,restaurant,Manhattan
node/8111388487,M Noodle Shop,40.71419,-73.9506347,restaurant,Manhattan
node/8111388490,London Tandoori,40.7139473,-73.9511599,restaurant,Manhattan
node/8116745926,La Cafeteria by de Mole,40.7627267,-73.9128114,restaurant,Manhattan
node/8132573637,Milk Bar,40.7139434,-73.9554597,restaurant,Manhattan
node/8132573638,Savory Thai,40.7139481,-73.9555594,restaurant,Manhattan
node/8139045391,Kokomo,40.7219904,-73.9597438,restaurant,Manhattan
node/8220719808,Diwali Indian Cuisine,40.6806855,-73.9526184,restaurant,Manhattan
node/8250739674,Boqueria,40.77152,-73.9561132,restaurant,Manhattan
node/8250819292,Crave Fishbar,40.7715896,-73.9560688,restaurant,Manhattan
node/8250820319,Lusardi's,40.7724145,-73.9554921,restaurant,Manhattan
node/8288058348,The Red Grill,40.7793403,-73.9509033,restaurant,Manhattan
node/8316237175,sLICe,40.7590267,-73.9194594,restaurant,Manhattan
node/8332419153,sek'ənd sun,40.7615076,-73.9240826,restaurant,Manhattan
node/8332419154,Nueva Victoria Restaurant,40.7615956,-73.9242634,restaurant,Manhattan
node/8332419158,Bad Habits Astoria,40.7616206,-73.9243276,bar,Manhattan
node/8333736488,Sushi Noz,40.7738874,-73.9581318,restaurant,Manhattan
node/8333736489,Noz Market,40.773817,-73.9579582,restaurant,Manhattan
node/8333736490,Tri Dim Shanghai,40.7739606,-73.9578708,restaurant,Manhattan
node/8333736491,Rothschild TLV,40.7745082,-73.9590066,restaurant,Manhattan
node/8333736492,Wrap-N-Run Grill,40.7744055,-73.9591389,restaurant,Manhattan
node/8333736493,Eli's Night Shift,40.7744968,-73.9573847,restaurant,Manhattan
node/8333736495,Due,40.7746639,-73.9572619,restaurant,Manhattan
node/8333736497,Springbone,40.7753561,-73.9562803,restaurant,Manhattan
node/8333736499,Emmy Squared–Upper East Side,40.7755873,-73.9565983,restaurant,Manhattan
node/8333736500,Antonucci Cafe,40.7756861,-73.9567751,restaurant,Manhattan
node/8335033421,Dominie's Hoek,40.7435557,-73.9536593,bar,Manhattan
node/8335897912,Palermo,40.7771072,-73.9213493,restaurant,Manhattan
node/8335903718,Meet The Meat,40.7770454,-73.9214452,restaurant,Manhattan
node/8343502899,Porto Bello Pizzaria,40.7705111,-73.9042524,restaurant,Manhattan
node/8356109203,Rolo's,40.7019307,-73.9034953,restaurant,Manhattan
node/8392095432,Alewife Brewing,40.746969,-73.9253569,bar,Manhattan
node/8392198908,New Ho Wah,40.75827,-73.9171947,restaurant,Manhattan
node/8392457214,Tamashi Ramen,40.7627202,-73.9266573,restaurant,Manhattan
node/8464866745,Mika,40.7049847,-73.9319496,bar,Manhattan
node/8495279807,Conmigo,40.7778653,-73.9488853,restaurant,Manhattan
node/8501001447,New Win Shing,40.7557631,-73.9124618,restaurant,Manhattan
node/8551226979,Daly's Pub,40.7623557,-73.9253272,bar,Manhattan
node/8570165360,Noodle Fun,40.7795944,-73.9471609,restaurant,Manhattan
node/8571541076,Sabor A Mexico,40.7795643,-73.9471823,restaurant,Manhattan
node/8576802826,Talea,40.7186007,-73.9483052,pub,Manhattan
node/8599156641,Smoke & Mirrors,40.7653803,-73.9140054,nightclub,Manhattan
node/8599156659,Amylos Taverna,40.7610154,-73.9230367,restaurant,Manhattan
node/8599156665,Junko Sushi,40.7610262,-73.923769,restaurant,Manhattan
node/8599156687,Trestle,40.7606824,-73.922959,restaurant,Manhattan
node/8599211031,Michael's Restaurant,40.7610456,-73.9230836,restaurant,Manhattan
node/8612091311,Elias Corner,40.7723033,-73.9157007,restaurant,Manhattan
node/8627283437,Agora,40.7749225,-73.9541155,restaurant,Manhattan
node/8630492211,Caffe Buon Gusto,40.7723547,-73.9570678,restaurant,Manhattan
node/8640802179,DiWine Bar & Restaurant,40.7607854,-73.9156508,restaurant,Manhattan
node/8640802182,Milkflower,40.7628868,-73.9207423,restaurant,Manhattan
node/8640802183,Bar Dalia,40.7634157,-73.9212273,restaurant,Manhattan
node/8640802194,Il Bambino,40.7629247,-73.9208479,restaurant,Manhattan
node/8640802195,Bareburger,40.7633621,-73.9211204,restaurant,Manhattan
node/8685728799,Hellbender Nighttime Cafe,40.7029889,-73.901376,bar,Manhattan
node/8699111881,Pig Beach BBQ,40.7550805,-73.9249238,restaurant,Manhattan
node/8706963619,Fulton Food Court,40.68063,-73.9539592,restaurant,Manhattan
node/8707100928,IV Purpose,40.680094,-73.9417657,bar,Manhattan
node/8713039931,NYC A place For Gentleman,40.7613396,-73.9022388,bar,Manhattan
node/8732086709,Rice & Beans,40.7574351,-73.9077938,restaurant,Manhattan
node/8789958334,IHOP,40.7765324,-73.9099212,restaurant,Manhattan
node/8835719632,Le Moulin à Café,40.769795,-73.9518426,restaurant,Manhattan
node/8889129293,The Gibson,40.7202029,-73.9553551,pub,Manhattan
node/8940100208,Saint Vitus Bar,40.7367784,-73.9551724,bar,Manhattan
node/8942067797,Pao De Queijo,40.7626517,-73.9261051,restaurant,Manhattan
node/8942067800,Broadway Station,40.7622738,-73.9257392,restaurant,Manhattan
node/8942090276,Piperi Gyro,40.7615895,-73.9248568,restaurant,Manhattan
node/8942090286,Salvatoria,40.7614163,-73.9248951,restaurant,Manhattan
node/8942090287,Bahari,40.7616099,-73.9249179,restaurant,Manhattan
node/8942134594,3308 Eats And Drinks,40.7609728,-73.9235876,restaurant,Manhattan
node/8945092117,La Tiendita Taqueria,40.7644272,-73.9164424,restaurant,Manhattan
node/8946454864,Ditmars Thai,40.7746366,-73.9083541,restaurant,Manhattan
node/8946454865,The Bier & Cheese Collective,40.7746757,-73.9084094,restaurant,Manhattan
node/8953971445,,40.7497381,-73.9415598,restaurant,Manhattan
node/8953971449,Red Sorghum 夜宴,40.7484928,-73.9390719,restaurant,Manhattan
node/8977622627,,40.7716612,-73.9266195,restaurant,Manhattan
node/8988157192,Penelope's Mexican Bistro,40.6875258,-73.9570989,restaurant,Manhattan
node/8991451354,Market Pantry Eatery,40.7461334,-73.9444137,restaurant,Manhattan
node/9008347789,Chilo's,40.6883562,-73.9569437,pub,Manhattan
node/9015352692,Sushi Gama Restaurant & Lounge,40.7696619,-73.9579847,restaurant,Manhattan
node/9015415485,Rangoli,40.7692773,-73.9582547,restaurant,Manhattan
node/9015420301,Mezzaluna,40.7711935,-73.9593206,restaurant,Manhattan
node/9029130044,Trinity Pub,40.7771126,-73.9537128,pub,Manhattan
node/9029130049,Brandy's Piano Bar,40.7770063,-73.9534632,bar,Manhattan
node/9173102299,Iggy's,40.7711285,-73.9564384,bar,Manhattan
node/9208846804,El Santo Taqueria Brooklyn,40.7042788,-73.9302135,restaurant,Manhattan
node/9222101134,Le Fatima,40.6873191,-73.9185485,restaurant,Manhattan
node/9224567154,La Cocina II,40.7037706,-73.9415052,restaurant,Manhattan
node/9235661927,Indian Curry Heights,40.6858072,-73.9231179,restaurant,Manhattan
node/9241606465,Il Divo,40.7680925,-73.9591451,restaurant,Manhattan
node/9241607677,Ko Sushi,40.7676579,-73.9594376,restaurant,Manhattan
node/9241632888,Beach Cafe,40.7673188,-73.9592266,restaurant,Manhattan
node/9251781101,Armandos pizza,40.6835111,-73.9112515,restaurant,Manhattan
node/9251781107,Tandoori Masala Indian Cuisine,40.6839835,-73.9120679,restaurant,Manhattan
node/9273033983,Le Gamin,40.7282896,-73.9571753,restaurant,Manhattan
node/9275805190,Williamsburg Pizza,40.7765368,-73.9529397,restaurant,Manhattan
node/9275807581,Hummus Kitchen,40.7764218,-73.9530214,restaurant,Manhattan
node/9275881443,Caledonia,40.7762953,-73.9531193,pub,Manhattan
node/9278349050,Wanpaku,40.7235765,-73.9508233,restaurant,Manhattan
node/9321922522,Bigoi Venezia,40.770009,-73.957712,restaurant,Manhattan
node/9349778613,Vixen Lounge & Cabaret Bar,40.7131553,-73.9050957,nightclub,Manhattan
node/9351530419,Pronto,40.7135279,-73.9143983,restaurant,Manhattan
node/9352851045,Fukuyama Sushi & Ramen,40.7140346,-73.948298,restaurant,Manhattan
node/9353053456,Angelo's,40.7175552,-73.9182942,restaurant,Manhattan
node/9353067726,Tacombi,40.7148432,-73.9594218,restaurant,Manhattan
node/9353480366,,40.7221292,-73.9043547,restaurant,Manhattan
node/9353655484,Ocean Prime Restaurant,40.7228306,-73.9009175,restaurant,Manhattan
node/9357071347,Omar's Place BK,40.6988394,-73.9167982,restaurant,Manhattan
node/9371453785,Levante,40.7475401,-73.9416816,restaurant,Manhattan
node/9373115640,The Whiskey Brooklyn,40.7210279,-73.9567005,bar,Manhattan
node/9378004599,Le Crocodile,40.7219452,-73.9580218,restaurant,Manhattan
node/9403176562,The Baobab Gouygui,40.6806641,-73.952118,restaurant,Manhattan
node/9456122836,Iconyc Brewing Company,40.7501555,-73.9486815,restaurant,Manhattan
node/9478398286,El Pingüino,40.7298114,-73.9597837,restaurant,Manhattan
node/9496964891,Pavin,40.7774156,-73.9492157,restaurant,Manhattan
node/9497022154,Sushi Jin,40.7761353,-73.951958,restaurant,Manhattan
node/9511990466,Milly’s,40.688066,-73.9550313,restaurant,Manhattan
node/9512186337,Bombay Heights,40.6882255,-73.9550673,restaurant,Manhattan
node/9530982105,Lebre Garden,40.6800689,-73.9413344,pub,Manhattan
node/9534888713,Basquiat's Bottle,40.6804315,-73.9526063,bar,Manhattan
node/9535897809,Rash,40.697589,-73.9312326,nightclub,Manhattan
node/9543930717,The Freakin Rican®,40.7552942,-73.9183285,restaurant,Manhattan
node/9543945217,Oasis,40.7182557,-73.9574255,restaurant,Manhattan
node/9555199603,Wandering Barman,40.7089774,-73.9351379,bar,Manhattan
node/9559075749,Keys & Heels,40.7722433,-73.955622,bar,Manhattan
node/9559184085,Uva Next Door,40.7721374,-73.9556862,restaurant,Manhattan
node/9559184086,Ollie's To Go,40.7719736,-73.9556563,restaurant,Manhattan
node/9559184087,Uva,40.7721955,-73.9556505,restaurant,Manhattan
node/9559184088,the Blue Mezze Bar,40.7720432,-73.9557634,restaurant,Manhattan
node/9559184089,Doc Watson's,40.7722993,-73.9555674,pub,Manhattan
node/9559467211,Sabor A Mexico II,40.7725552,-73.957013,restaurant,Manhattan
node/9560186050,Phil Hughes Bar,40.7780024,-73.9482923,bar,Manhattan
node/9560223183,Avoca,40.7778711,-73.9483951,bar,Manhattan
node/9571664618,Al Vaporetto,40.7757456,-73.9569141,restaurant,Manhattan
node/9571832579,OM,40.7726896,-73.9497324,restaurant,Manhattan
node/9571832581,Bistro Nando,40.7756602,-73.9535891,restaurant,Manhattan
node/9579615888,Effy's Cafe on York,40.7775912,-73.9456744,restaurant,Manhattan
node/9583501317,Lucy's Vietnamese,40.6856058,-73.9541676,restaurant,Manhattan
node/9588494087,GV Lounge,40.6977374,-73.9363251,nightclub,Manhattan
node/9595950536,Tong,40.707848,-73.920557,restaurant,Manhattan
node/9595950537,Za-Ya,40.7079761,-73.9204264,restaurant,Manhattan
node/9622073539,Gua-Cu-Co,40.6919755,-73.9429,restaurant,Manhattan
node/9622073540,Sajoma Restaurant,40.6927565,-73.9402997,restaurant,Manhattan
node/9624267824,Samurai Papa,40.6898051,-73.9510019,restaurant,Manhattan
node/9634779296,Sojourn Social,40.7794524,-73.950373,restaurant,Manhattan
node/9641688817,Kora,40.7511265,-73.9499187,restaurant,Manhattan
node/9652130907,Saperavi,40.779573,-73.9502846,restaurant,Manhattan
node/9652138965,Meller's Sports Hub & Grill,40.7792739,-73.9505041,bar,Manhattan
node/9658995859,Northerly Coffee,40.7105767,-73.9580361,restaurant,Manhattan
node/9664467134,Luna Asian Bistro,40.7572434,-73.9206368,restaurant,Manhattan
node/9665442785,American Brass,40.7437979,-73.958419,restaurant,Manhattan
node/9668112183,Kato Sake Works,40.7059366,-73.9236866,pub,Manhattan
node/9668674894,Drinkology,40.7553237,-73.9184041,restaurant,Manhattan
node/9670464381,Liberty Soul Food,40.6850565,-73.9139634,restaurant,Manhattan
node/9671893391,The Jar,40.739242,-73.9201241,bar,Manhattan
node/9673072467,Arcos de Puebla,40.7071589,-73.9395935,restaurant,Manhattan
node/9673089865,Pink Metal,40.7072464,-73.939549,bar,Manhattan
node/9673090632,Carribean Soul,40.7074088,-73.9396195,restaurant,Manhattan
node/9683526577,Elio's,40.776803,-73.9527507,restaurant,Manhattan
node/9683548273,Fumo,40.7766475,-73.9523881,restaurant,Manhattan
node/9684925126,Ovelia,40.7658643,-73.9187427,restaurant,Manhattan
node/9690650984,Milk and Roses,40.737425,-73.9550647,restaurant,Manhattan
node/9690757649,Bar Felice,40.7748417,-73.9510989,bar,Manhattan
node/9690757650,Inase,40.7745535,-73.9508433,restaurant,Manhattan
node/9690757651,AOC East,40.774688,-73.9507292,restaurant,Manhattan
node/9690757653,QUATORZE bis,40.7743123,-73.950992,restaurant,Manhattan
node/9690757655,Felice,40.7748986,-73.951071,restaurant,Manhattan
node/9693342310,Watawa Sushi,40.7750333,-73.909408,restaurant,Manhattan
node/9693563601,Chicken Festival,40.7765245,-73.9110067,restaurant,Manhattan
node/9693909435,Chez Oskar,40.6821771,-73.9290631,restaurant,Manhattan
node/9693909436,Trad Room,40.6838943,-73.9294152,restaurant,Manhattan
node/9695838107,18th Ward Brewing,40.7196016,-73.9394972,pub,Manhattan
node/9695903780,Easy Lover,40.7145615,-73.9425485,bar,Manhattan
node/9695903781,BRUJOS Brooklyn Taco Company,40.7143075,-73.9445172,restaurant,Manhattan
node/9695903782,Basik,40.7139723,-73.944465,pub,Manhattan
node/9696064166,Carmine & Sons Pizzeria & Sports Bar,40.7149179,-73.9442822,restaurant,Manhattan
node/9721713290,Blue Fin,40.6874094,-73.9180407,restaurant,Manhattan
node/9725312456,Sergio's Pizza,40.682827,-73.9288957,restaurant,Manhattan
node/9731450850,Peeps Kitchen,40.7214116,-73.9458811,restaurant,Manhattan
node/9750365118,Twin Grills,40.6859819,-73.920975,restaurant,Manhattan
node/9752127120,Buntopia,40.6960574,-73.9339061,restaurant,Manhattan
node/9752598077,Cuts and Slices,40.6854893,-73.9203428,restaurant,Manhattan
node/9761753661,The Broadway,40.6909367,-73.9249072,bar,Manhattan
node/9765590687,Marina Hotel,40.6878603,-73.9187971,hotel,Manhattan
node/9770640990,Asian 83,40.776203,-73.9531689,restaurant,Manhattan
node/9772198978,Bottega,40.7678322,-73.9593373,restaurant,Manhattan
node/9772198979,Jean Claude II,40.7679733,-73.9592059,restaurant,Manhattan
node/9775295982,Brooklyn Bagel,40.6995939,-73.9596142,restaurant,Manhattan
node/9775903969,Rica's Pupusas & Mas,40.739404,-73.9183599,restaurant,Manhattan
node/9823263115,Barranco,40.7746732,-73.9089229,restaurant,Manhattan
node/9847048468,Our New Place,40.7734524,-73.9557735,restaurant,Manhattan
node/9851817064,Marthitas Kitchen #2,40.6858603,-73.9153987,restaurant,Manhattan
node/9858440588,Plug Uglies,40.7718409,-73.9533011,bar,Manhattan
node/9858455466,Little Italy Pizza,40.7654082,-73.9579801,restaurant,Manhattan
node/9875579417,,40.7027469,-73.9206221,bar,Manhattan
node/9901134112,Dipping Dumplings,40.7757252,-73.9150322,restaurant,Manhattan
node/9923265667,Stamatis,40.7749545,-73.9134483,restaurant,Manhattan
node/9923265668,Slappin Chick,40.7673231,-73.9119969,restaurant,Manhattan
node/9923265673,"Chick It Out ""Khao Man Gai""",40.7602927,-73.9225131,restaurant,Manhattan
node/9943391607,Shillelagh Tavern,40.7608714,-73.9088572,bar,Manhattan
node/9953138161,Yugen Sushi,40.6988455,-73.9167258,restaurant,Manhattan
node/9966728417,Midnight's Bar,40.7174819,-73.9584012,bar,Manhattan
node/9969023913,Indika House,40.697186,-73.9353553,restaurant,Manhattan
node/10000521613,Tamam Falafel,40.7740338,-73.9597573,restaurant,Manhattan
node/10002190858,Mao Mao,40.695805,-73.9334721,restaurant,Manhattan
node/10032204061,Strange Flavor Burger Shack,40.7059175,-73.9239412,restaurant,Manhattan
node/10035107459,BierWax Queens,40.7006181,-73.9073488,bar,Manhattan
node/10047602538,Therapy Wine Bar,40.6842846,-73.9294772,bar,Manhattan
node/10067180314,George's Latin American Bistro,40.7014386,-73.9424037,restaurant,Manhattan
node/10074094104,Acre,40.7262824,-73.9546913,restaurant,Manhattan
node/10074094115,Rule of Thirds,40.7248255,-73.954938,restaurant,Manhattan
node/10091724025,Mr. Bao,40.7170474,-73.9587441,restaurant,Manhattan
node/10091724027,Williamsburg Thai Cuisine,40.7169607,-73.9588354,restaurant,Manhattan
node/10092297323,Little Italy,40.7179522,-73.9574512,restaurant,Manhattan
node/10096271927,Vanessa's Dumpling House,40.776869,-73.9526966,restaurant,Manhattan
node/10101807676,XOXO Kitchen and Diner,40.6994086,-73.9048033,restaurant,Manhattan
node/10110388866,Greedi Vegan,40.6865334,-73.9447035,restaurant,Manhattan
node/10134167527,Cafe Luka,40.7669856,-73.9568159,restaurant,Manhattan
node/10134605473,Bellucci's Pizzeria,40.7644002,-73.9163838,restaurant,Manhattan
node/10155740447,Mac Shack,40.6818304,-73.9289986,restaurant,Manhattan
node/10155740458,Gems Bar & Lounge,40.6855743,-73.9148741,bar,Manhattan
node/10158815517,Astoria Inn LaGuardia Hotel,40.7682811,-73.9116778,hotel,Manhattan
node/10179186552,Daphne's,40.68294,-73.9410932,restaurant,Manhattan
node/10225954379,Hibino,40.7426774,-73.952036,restaurant,Manhattan
node/10231807280,Sonora,40.6824857,-73.9200774,restaurant,Manhattan
node/10234375751,Da Long Yi Hot Pot,40.7501006,-73.9412375,restaurant,Manhattan
node/10238102608,Mama Yoshi Mini Mart,40.7031584,-73.911078,restaurant,Manhattan
node/10241224620,Mitchell's Kitchen,40.6820317,-73.9257215,restaurant,Manhattan
node/10292368149,Botte UES,40.7750757,-73.9504566,restaurant,Manhattan
node/10292370196,Somebody's Darling,40.7773181,-73.9488236,bar,Manhattan
node/10292396813,Canyon Road Bar & Grill,40.7705972,-73.953715,restaurant,Manhattan
node/10307594984,The Palace,40.7254611,-73.944628,bar,Manhattan
node/10355265206,Brouwerij Lane,40.7297253,-73.9579297,pub,Manhattan
node/10357823726,Madre,40.7331177,-73.9579216,restaurant,Manhattan
node/10357823727,Franklin Guesthouse,40.7330027,-73.9578889,hotel,Manhattan
node/10566448951,The Holler,40.6872273,-73.9570377,bar,Manhattan
node/10573807982,Giacomo's Pizza,40.7779736,-73.9543705,restaurant,Manhattan
node/10594636152,Buka,40.6815735,-73.9571317,restaurant,Manhattan
node/10617132598,Wonderful Asian Resturaunt,40.6855402,-73.9444977,restaurant,Manhattan
node/10657973358,Upside Pizza,40.7241881,-73.9508843,restaurant,Manhattan
node/10690152493,Taj Kebab King,40.7110523,-73.9487454,restaurant,Manhattan
node/10692053534,The Steel Mill,40.6856124,-73.9108374,restaurant,Manhattan
node/10693258589,Ontario Bar,40.7112593,-73.9492151,bar,Manhattan
node/10693681227,Partake NYC,40.7494953,-73.9499797,restaurant,Manhattan
node/10693681229,Elevated at Partake NYC,40.7496234,-73.9499199,bar,Manhattan
node/10695638227,M Shanghai,40.7129145,-73.9575768,restaurant,Manhattan
node/10695825227,Serafina Restaurant ,40.7777807,-73.9549893,restaurant,Manhattan
node/10696152099,Dun Huang,40.7479995,-73.9404392,restaurant,Manhattan
node/10698434810,Carmelo's,40.7027786,-73.9205174,bar,Manhattan
node/10699487853,Lupo Rosso Pizzeria,40.7500757,-73.9489688,restaurant,Manhattan
node/10703133903,Dar 525,40.7111594,-73.9502714,restaurant,Manhattan
node/10705120000,Cinnabon/Carvel,40.6845137,-73.9442992,restaurant,Manhattan
node/10705129107,Nagle's Bagels,40.6844012,-73.9442784,restaurant,Manhattan
node/10738353371,Bootleg Bar,40.6988008,-73.9172377,bar,Manhattan
node/10742589881,Raj's Indian Kitchen,40.7495206,-73.9394992,restaurant,Manhattan
node/10764756896,Fukurou,40.7015342,-73.9269491,restaurant,Manhattan
node/10764756897,101 Wilson Bar,40.7016147,-73.9270914,bar,Manhattan
node/10765067343,Hills Kitchen,40.7025121,-73.9251238,restaurant,Manhattan
node/10780585489,Corgi Jianbing,40.7476396,-73.9432376,restaurant,Manhattan
node/10780585490,Flavor East,40.7200334,-73.9054377,restaurant,Manhattan
node/10780587311,Meet Fresh,40.747927,-73.9451272,restaurant,Manhattan
node/10780595125,Glen Patrick's,40.7292129,-73.9000671,bar,Manhattan
node/10803109639,Mi Bella Cholulita,40.6980545,-73.9374508,restaurant,Manhattan
node/10803242910,The Coyote Club,40.6886088,-73.9418208,bar,Manhattan
node/10805539785,Woodside Pizza,40.7419754,-73.9046115,restaurant,Manhattan
node/10805868172,Teriyaki One Japanese Grill,40.7264246,-73.9089947,restaurant,Manhattan
node/10809892170,New Choi Hee II,40.720719,-73.9079612,restaurant,Manhattan
node/10814744732,Tres Jolie Cafe,40.6838799,-73.9078436,bar,Manhattan
node/10820248516,Ostudio at Night,40.6974012,-73.9372276,restaurant,Manhattan
node/10824737763,pán,40.6941901,-73.9022477,restaurant,Manhattan
node/10827898346,Ramen Spot Made in NY (LIC),40.7465745,-73.945618,restaurant,Manhattan
node/10834126657,Oregano Brooklyn,40.7190899,-73.958676,restaurant,Manhattan
node/10836203033,Big Wong,40.7169948,-73.9591521,restaurant,Manhattan
node/10836229750,Pokebab,40.7168455,-73.9586289,restaurant,Manhattan
node/10838028983,Tony's Pizzeria,40.7253798,-73.946272,restaurant,Manhattan
node/10893513469,Poke,40.7765789,-73.9505353,restaurant,Manhattan
node/10893577514,Luna Rossa,40.7765138,-73.9503813,restaurant,Manhattan
node/10893590822,Ryan's Daughter,40.7762991,-73.9504574,bar,Manhattan
node/10896481012,Auction House,40.7795415,-73.9499453,bar,Manhattan
node/10897828872,The Drift,40.7214943,-73.9424461,bar,Manhattan
node/10897850842,Nightshade,40.7195446,-73.9457523,bar,Manhattan
node/10926318742,Bad Luck Bar,40.6820169,-73.9500597,bar,Manhattan
node/10956028576,Laura's,40.745818,-73.9126795,restaurant,Manhattan
node/10956028588,Chin Thai,40.7458071,-73.9125998,restaurant,Manhattan
node/10964551705,Maite,40.6991816,-73.9268037,restaurant,Manhattan
node/10968067877,Sabor Latino,40.7106559,-73.9512325,restaurant,Manhattan
node/10968067879,Abba Bar & Grill,40.7107897,-73.9515435,bar,Manhattan
node/10968102820,The Whiskey,40.7108928,-73.9503704,bar,Manhattan
node/10968102823,Lily Thai,40.7114139,-73.9475953,restaurant,Manhattan
node/10968102825,La Chacra,40.7114109,-73.9476266,restaurant,Manhattan
node/10968102828,Blinky's,40.711399,-73.9477785,bar,Manhattan
node/10968102833,Da Francesco,40.7109722,-73.9495888,restaurant,Manhattan
node/10968324908,Alligator Lounge,40.7139741,-73.9489283,bar,Manhattan
node/10968324911,Montesacro,40.7133696,-73.9513545,restaurant,Manhattan
node/10981491236,Jucy Lucy,40.7246234,-73.9478226,restaurant,Manhattan
node/10982357762,Texas Rotisserie Grill & BBQ,40.7669203,-73.9568853,restaurant,Manhattan
node/10982600247,Bombay Chowk,40.7687464,-73.9550642,restaurant,Manhattan
node/10982600249,Mexiterranean Grill,40.7687965,-73.9554931,restaurant,Manhattan
node/10982822000,Tabata Ramen & Yakitori Bar,40.7706469,-73.9572778,restaurant,Manhattan
node/10982822001,Momokawa,40.7705113,-73.9537874,restaurant,Manhattan
node/10982822003,Buena Onda Mescalera,40.7698331,-73.9542665,bar,Manhattan
node/10982822004,Jones Wood Foundry,40.7702874,-73.9536038,pub,Manhattan
node/10982856731,Frog Wine Bar,40.6848398,-73.9385822,bar,Manhattan
node/10983030180,Zig Zag,40.6840171,-73.93842,bar,Manhattan
node/10983030181,Barb's,40.6842028,-73.9384443,bar,Manhattan
node/10991141052,Sasabune,40.7684295,-73.9550644,restaurant,Manhattan
node/10991141054,Oda House,40.7681351,-73.9549338,restaurant,Manhattan
node/10991141056,Westville,40.7684626,-73.9557479,restaurant,Manhattan
node/10996864805,I Love Paraguay,40.7410168,-73.9214463,restaurant,Manhattan
node/10996864807,Mister Burrito Loco,40.7410801,-73.9212988,restaurant,Manhattan
node/10998186063,Z Halal Restaurant,40.6807103,-73.9543042,restaurant,Manhattan
node/11012810126,Nargila Grill,40.7749808,-73.9480553,restaurant,Manhattan
node/11013355553,Bar Camillo,40.6865279,-73.9443999,restaurant,Manhattan
node/11014744777,McLoughlin's,40.7617418,-73.9251669,bar,Manhattan
node/11023996243,IHOP,40.7010213,-73.9412824,restaurant,Manhattan
node/11040274929,McGuinness's Saloon,40.7435807,-73.9197234,pub,Manhattan
node/11048684505,Ikyu,40.7798767,-73.950028,restaurant,Manhattan
node/11074193405,Queen,40.7060935,-73.9223428,restaurant,Manhattan
node/11074193406,EBBS Brewing Co.,40.7178623,-73.9565384,bar,Manhattan
node/11076202065,Harajuki Ramen,40.7693011,-73.9582398,restaurant,Manhattan
node/11079551410,Tinos,40.7797074,-73.947083,restaurant,Manhattan
node/11085550222,El Rey V Restaurant,40.6904109,-73.9239434,restaurant,Manhattan
node/11124103373,Salty Lunch Lady’s Little Luncheonette,40.7067451,-73.9086124,restaurant,Manhattan
node/11126353500,Kaiff,40.6835148,-73.9118396,restaurant,Manhattan
node/11126764053,Gakyizompe,40.7411416,-73.9175767,restaurant,Manhattan
node/11136769495,Zaca Cafe,40.6821714,-73.9380393,restaurant,Manhattan
node/11139363699,Takumen,40.7427336,-73.9546703,restaurant,Manhattan
node/11141909156,Miyama,40.7004668,-73.9093259,restaurant,Manhattan
node/11160862105,Bozu,40.7128849,-73.9574856,restaurant,Manhattan
node/11211285431,Putnam Armory,40.6852204,-73.9386546,bar,Manhattan
node/11232603212,Pizza Park,40.7644401,-73.9586932,restaurant,Manhattan
node/11264964167,Breeze,40.7230226,-73.9505013,restaurant,Manhattan
node/11265041505,Ziggle Tofu & Grill,40.7439252,-73.9277394,restaurant,Manhattan
node/11265049781,Pete's Grill,40.743595,-73.9255782,restaurant,Manhattan
node/11278151801,Sotto La Luna,40.7581951,-73.9281803,restaurant,Manhattan
node/11278151804,Sala Astoria,40.7583101,-73.9281031,restaurant,Manhattan
node/11286207470,Cronin & Phelan's,40.7589945,-73.9193771,pub,Manhattan
node/11294399142,Ramen Spot,40.7268441,-73.9523876,restaurant,Manhattan
node/11329924992,Concrete,40.6976864,-73.9368386,restaurant,Manhattan
node/11334987760,Carousel,40.7059005,-73.9220539,bar,Manhattan
node/11390738791,"Fulgurances, Laundromat",40.7294221,-73.9573788,restaurant,Manhattan
node/11396214282,Little Dokebi,40.7231493,-73.9423602,restaurant,Manhattan
node/11396214283,Peek Inn,40.7235392,-73.9404883,bar,Manhattan
node/11398489250,Abracadabra Magic Diner,40.7054411,-73.9099455,restaurant,Manhattan
node/11405903375,Le Gourmet,40.7654797,-73.9579226,restaurant,Manhattan
node/11405963746,Matsu II,40.7662084,-73.956028,restaurant,Manhattan
node/11405963748,The Hunterian,40.7661495,-73.9558887,bar,Manhattan
node/11405963750,Murphy's Law,40.7660677,-73.9556957,pub,Manhattan
node/11406407084,Andrea's Chicken,40.7240722,-73.9043016,restaurant,Manhattan
node/11407297860,Ainslie,40.7124328,-73.9519688,restaurant,Manhattan
node/11429546305,Campagnola Restaurant,40.7688938,-73.9549878,restaurant,Manhattan
node/11481096478,Silky Kitchen,40.7527041,-73.9331668,restaurant,Manhattan
node/11481294997,Cafe Xochimilco,40.7544429,-73.9335482,restaurant,Manhattan
node/11481565735,Sun Wah,40.7565937,-73.9300873,restaurant,Manhattan
node/11483291661,McCaffrey & Burke,40.7672663,-73.9213487,bar,Manhattan
node/11483327317,Irish Whiskey Bar,40.7673949,-73.9212278,bar,Manhattan
node/11483961768,Midway,40.7130957,-73.9581236,bar,Manhattan
node/11484375207,Mi Espiguita,40.7610034,-73.9264209,restaurant,Manhattan
node/11511817072,The Taco Bar,40.6871838,-73.9448199,restaurant,Manhattan
node/11517820569,Eavesdrop,40.7248795,-73.9512955,bar,Manhattan
node/11524814891,42-59 Crescent Street Hotel,40.7489918,-73.9418439,hotel,Manhattan
node/11565734561,,40.7435542,-73.9194431,restaurant,Manhattan
node/11565738776,Limeña Pisco Bar & Restaurant,40.7425407,-73.9173755,restaurant,Manhattan
node/11565738780,Pelicana Chicken,40.7424855,-73.9175693,restaurant,Manhattan
node/11575199916,Nawabi Bhoj,40.6806048,-73.9510212,restaurant,Manhattan
node/11619602961,,40.7691809,-73.905005,bar,Manhattan
node/11631440523,Cafe Ornithology,40.6953937,-73.9321876,restaurant,Manhattan
node/11634693238,Cuencanito Sports Bar Restaurant,40.7393091,-73.9183823,restaurant,Manhattan
node/11635411753,Blvd Diner,40.7437228,-73.9209098,restaurant,Manhattan
node/11635480733,Souk El-Shater,40.7437477,-73.921173,restaurant,Manhattan
node/11638867277,Maggie Mae's Bar,40.743936,-73.9227847,bar,Manhattan
node/11651210924,Ida's Nearabout,40.7437121,-73.9208461,bar,Manhattan
node/11658656805,Taqueria Santa Fe,40.7408699,-73.9178593,restaurant,Manhattan
node/11660279301,Yumpling,40.7430058,-73.9538492,restaurant,Manhattan
node/11660392215,AJA Dumplings,40.74232,-73.9525613,restaurant,Manhattan
node/11660425877,Riko Peruvian Cuisine,40.7422657,-73.9189992,restaurant,Manhattan
node/11665562923,Hui Restaurant & Bar,40.7670128,-73.958463,restaurant,Manhattan
node/11682433562,Lakay Bistro,40.688689,-73.9237231,restaurant,Manhattan
node/11686570138,Fer,40.7509119,-73.937035,restaurant,Manhattan
node/11688962919,Thai Diva,40.7414323,-73.9189124,restaurant,Manhattan
node/11695867777,Ray's,40.7235334,-73.9518146,bar,Manhattan
node/11701153875,The Weekender,40.7443986,-73.9107588,restaurant,Manhattan
node/11705836568,Bamboo Sushi,40.7656092,-73.9573801,restaurant,Manhattan
node/11706750747,Kuu,40.7656902,-73.9577457,restaurant,Manhattan
node/11712060130,Adore Brooklyn,40.7177358,-73.958861,restaurant,Manhattan
node/11715190679,The Little Beet,40.7662604,-73.9573285,restaurant,Manhattan
node/11721695352,Mesa Coyoacan,40.7155164,-73.9443889,restaurant,Manhattan
node/11721695353,Sel de Mer,40.7155677,-73.9443952,restaurant,Manhattan
node/11732252028,Floribella Bakery & Restaurant,40.7448319,-73.91882,restaurant,Manhattan
node/11732423462,El Rey de los Tacos,40.7444161,-73.915329,restaurant,Manhattan
node/11732795498,El Don Taqueria,40.74455,-73.9107994,restaurant,Manhattan
node/11736925169,Sansan Ramen,40.7520717,-73.9390626,restaurant,Manhattan
node/11737903614,Jing Li,40.7481389,-73.9400703,restaurant,Manhattan
node/11746463841,Greek Kitchen,40.7306052,-73.9541599,restaurant,Manhattan
node/11746620409,Mister Chicken II,40.7479291,-73.9475944,restaurant,Manhattan
node/11747283974,Little Rascal Bar,40.729358,-73.9573671,bar,Manhattan
node/11748179931,Lim’s Kitchen,40.7569747,-73.914407,restaurant,Manhattan
node/11749409223,Bistro Punta Sal,40.7414883,-73.9188961,restaurant,Manhattan
node/11751853080,Decades,40.7048196,-73.9058328,restaurant,Manhattan
node/11753839084,La Pollera de Mario,40.7401489,-73.9234289,restaurant,Manhattan
node/11756860356,Ines,40.7688221,-73.9541113,restaurant,Manhattan
node/11756860357,Sushi Ishikawa,40.768793,-73.9540347,restaurant,Manhattan
node/11759949067,Marian's Brooklyn,40.6880276,-73.927241,bar,Manhattan
node/11761107808,Murray's Cheese Bar,40.7485883,-73.9377506,restaurant,Manhattan
node/11761723978,Delizia,40.7686535,-73.955143,restaurant,Manhattan
node/11765095578,Springhill Suites,40.7581149,-73.9440295,hotel,Manhattan
node/11776533245,Khan Tong Thai Kitchen,40.7454989,-73.9070582,restaurant,Manhattan
node/11776542849,Seán Óg's,40.7449441,-73.904347,pub,Manhattan
node/11776558555,Mis Tierras Colombianas,40.7446999,-73.9102707,restaurant,Manhattan
node/11776575251,La Flor,40.7443649,-73.9114136,restaurant,Manhattan
node/11776866972,New China,40.7452528,-73.9060499,restaurant,Manhattan
node/11780624365,Oliver’s,40.7595228,-73.9198347,restaurant,Manhattan
node/11780629169,District Saigon,40.7595843,-73.9199957,restaurant,Manhattan
node/11800318553,Lucy's Vietnamese,40.71882,-73.95895,restaurant,Manhattan
node/11815433713,Dear Friend Books,40.6860083,-73.9442888,bar,Manhattan
node/11832103714,Asir-Et Steak House,40.7447523,-73.9292703,restaurant,Manhattan
node/11868399779,21 Greenpoint,40.7297977,-73.9599277,restaurant,Manhattan
node/11868399780,Banks Tavern,40.7297911,-73.9599975,bar,Manhattan
node/11870170730,Mystica,40.7332567,-73.958002,restaurant,Manhattan
node/11876253500,Niforo's Coffee Shop,40.7503311,-73.9489138,restaurant,Manhattan
node/11880558862,The Alcove,40.7458886,-73.9151766,restaurant,Manhattan
node/11881245053,Ros Niyom Thai,40.7431979,-73.9517035,restaurant,Manhattan
node/11920227481,Enerugi Ramen,40.7338574,-73.9547008,restaurant,Manhattan
node/11934154219,Mai Tai's Bar and Kitchen,40.6945038,-73.9305705,bar,Manhattan
node/11934154220,Santa Panza,40.6946047,-73.9307712,restaurant,Manhattan
node/11938485145,Ridgewood Taco Factory,40.7048812,-73.9018408,restaurant,Manhattan
node/11940428349,Tacos el Guero,40.7447456,-73.9158829,restaurant,Manhattan
node/11943030114,Native,40.6977732,-73.9363978,restaurant,Manhattan
node/11943712729,Cafe Rum,40.6949574,-73.9032696,restaurant,Manhattan
node/11968218727,HaaM,40.7075031,-73.950372,restaurant,Manhattan
node/11968856800,Chrissy's Pizza,40.7246969,-73.9476789,restaurant,Manhattan
node/11975933900,Kyoto Sushi,40.7251428,-73.9469555,restaurant,Manhattan
node/11975933906,Minnows,40.7252888,-73.9465131,bar,Manhattan
node/11978707605,Testo,40.7083206,-73.9469086,restaurant,Manhattan
node/11979354947,La Quinta,40.7586769,-73.9432942,hotel,Manhattan
node/12012953699,Costa y Mar,40.7400145,-73.9237228,restaurant,Manhattan
node/12034739461,Onedee Thai,40.7444121,-73.9152522,restaurant,Manhattan
node/12037234983,Blvd,40.7757784,-73.9099719,bar,Manhattan
node/12037259035,The Ditty,40.774834,-73.9086149,bar,Manhattan
node/12037270026,Flaming Grill,40.7747536,-73.9085232,restaurant,Manhattan
node/12037275769,Rivercrest,40.7751061,-73.9089946,bar,Manhattan
node/12037276438,Delicias Caleñas,40.7747858,-73.912079,restaurant,Manhattan
node/12037313253,O'Hanlon's,40.7747971,-73.9120597,bar,Manhattan
node/12037316254,Yaar Indian Restaurant,40.7748192,-73.9120307,restaurant,Manhattan
node/12037348894,Agenda,40.7679813,-73.9207799,restaurant,Manhattan
node/12047655753,Sweetie’s K-Chicken,40.7249302,-73.9512899,restaurant,Manhattan
node/12047723586,MáLà Project,40.7232072,-73.9506159,restaurant,Manhattan
node/12048266251,Chi Chicken,40.7486889,-73.9400537,restaurant,Manhattan
node/12070736700,Veselka,40.7163681,-73.949593,restaurant,Manhattan
node/12070920019,York Ave Pizza,40.7669295,-73.954327,restaurant,Manhattan
node/12095095042,Sushi Yoshizawa,40.764094,-73.9592768,restaurant,Manhattan
node/12109229017,Jiang Nan,40.746475,-73.9422389,restaurant,Manhattan
node/12117597451,New Lucky Star Kitchen,40.7726627,-73.9321924,restaurant,Manhattan
node/12119061943,Arcadia Bar and Kitchen,40.7722352,-73.9292436,restaurant,Manhattan
node/12119121518,Heart of Gold,40.7617506,-73.918352,pub,Manhattan
node/12119150998,Casa Galicia,40.7620256,-73.9182898,restaurant,Manhattan
node/12119373021,ukus,40.762883,-73.9131458,restaurant,Manhattan
node/12123555215,Hutch Astoria,40.7627846,-73.9198884,bar,Manhattan
node/12132326271,Pokeworks,40.7664794,-73.9208167,restaurant,Manhattan
node/12133056406,Mayahuel,40.7593073,-73.9261544,restaurant,Manhattan
node/12133056407,Abi Sushi,40.7601536,-73.9266299,restaurant,Manhattan
node/12133056408,Arepa Lady Astoria,40.7585613,-73.9279023,restaurant,Manhattan
node/12133056409,Mister Everything,40.7584495,-73.9279813,bar,Manhattan
node/12133056410,Urban Vegan Roots,40.7583845,-73.928045,restaurant,Manhattan
node/12136840064,Melody Cafe & Restaurant,40.7655779,-73.9133934,restaurant,Manhattan
node/12136868100,Al-Sham Restaurant,40.765768,-73.9137009,restaurant,Manhattan
node/12150720897,Nino's Ristorante,40.7681889,-73.9554974,restaurant,Manhattan
node/12158731804,Pye Boat Noodle,40.7603461,-73.9216186,restaurant,Manhattan
node/12162704257,Vida,40.7631118,-73.9154445,restaurant,Manhattan
node/12162738618,The Local,40.7607186,-73.9161782,bar,Manhattan
node/12164467268,The Last Word,40.7753994,-73.9099221,bar,Manhattan
node/12164498046,Acento,40.7751043,-73.9095237,restaurant,Manhattan
node/12164540030,LightHouse Rooftop,40.7435704,-73.9278857,restaurant,Manhattan
node/12164548426,Moho,40.7746026,-73.9087993,restaurant,Manhattan
node/12164684990,Zyara Halal Shawarma,40.7665583,-73.9126376,restaurant,Manhattan
node/12168922023,Maggie Halls,40.7655517,-73.9188484,pub,Manhattan
node/12168940159,Mochiron Izakaya,40.7653977,-73.9185165,restaurant,Manhattan
node/12169093627,El Rey del Taco,40.7639597,-73.9223772,restaurant,Manhattan
node/12179338199,Saucey Pizza Bar,40.733978,-73.9374032,restaurant,Manhattan
node/12195636501,Suzuki Shokudo,40.7535922,-73.931946,restaurant,Manhattan
node/12195912651,Dar 525,40.6850326,-73.9293318,restaurant,Manhattan
node/12202814149,Mimoza,40.765007,-73.9170579,restaurant,Manhattan
node/12202866924,Tufino,40.7740652,-73.9080342,restaurant,Manhattan
node/12202962323,Tokyo Ya,40.7741049,-73.9080857,restaurant,Manhattan
node/12203059235,Kumo,40.7734699,-73.9072066,restaurant,Manhattan
node/12203223067,Oishii Sushi,40.7736787,-73.9074891,restaurant,Manhattan
node/12203235008,The Pomeroy,40.7739873,-73.9079267,restaurant,Manhattan
node/12216969188,Koliba,40.7741836,-73.912376,restaurant,Manhattan
node/12216971627,Bartolinos,40.7785044,-73.9089924,bar,Manhattan
node/12216995926,The Leftove Inn,40.7755381,-73.9147688,bar,Manhattan
node/12216995940,Figlia,40.7744544,-73.9132403,restaurant,Manhattan
node/12217015953,Charlie's,40.7746447,-73.9135344,pub,Manhattan
node/12217024777,Via vai,40.7742143,-73.9124202,restaurant,Manhattan
node/12230255301,Danger Danger,40.7029064,-73.9257946,bar,Manhattan
node/12230584104,Nura,40.724764,-73.953571,restaurant,Manhattan
node/12230640779,Taste Of China,40.7571427,-73.9148002,restaurant,Manhattan
node/12241710770,Taqueria Al Pastor,40.6998737,-73.9073619,restaurant,Manhattan
node/12244830003,Align Coffee,40.7082911,-73.9534105,restaurant,Manhattan
node/12245055257,Porta 23,40.774798,-73.9132548,pub,Manhattan
node/12245064378,Ambrosia Garden,40.7749018,-73.9133719,restaurant,Manhattan
node/12245068122,Rice K,40.7747461,-73.9131796,restaurant,Manhattan
node/12246368911,Salsa Pizza Napoletana,40.7264357,-73.9552079,restaurant,Manhattan
node/12255809586,,40.7702424,-73.9067857,restaurant,Manhattan
node/12255818807,,40.771037,-73.9032569,restaurant,Manhattan
node/12269398149,Selva,40.7062229,-73.9212463,bar,Manhattan
node/12272141000,Lucy’s Vietnamese,40.705697,-73.9104036,restaurant,Manhattan
node/12300150547,The Spotted Dog,40.7622657,-73.9598052,bar,Manhattan
node/12300150548,Lunetta Pizza,40.7624401,-73.959689,restaurant,Manhattan
node/12300459338,Daddy's Bar,40.7068127,-73.9122223,bar,Manhattan
node/12308291433,Inca Paisa,40.7649965,-73.9305327,restaurant,Manhattan
node/12309958845,Kelloggs Diner,40.713895,-73.95174,restaurant,Manhattan
node/12329893247,Lou's Athletic Club,40.6995926,-73.920372,bar,Manhattan
node/12353171004,Paragon,40.6961288,-73.934041,nightclub,Manhattan
node/12395666001,Conohen,40.6849657,-73.9444612,restaurant,Manhattan
node/12398830774,Five Leaves,40.7236676,-73.951612,restaurant,Manhattan
node/12403502567,The Last Call,40.7110998,-73.9483032,bar,Manhattan
node/12403502569,Bushwick Country Club,40.7111521,-73.947767,bar,Manhattan
node/12403502572,Starlight Tavern,40.711121,-73.9480859,bar,Manhattan
node/12408563088,Cousin Lsrry's,40.7460882,-73.9151414,pub,Manhattan
node/12416766703,El Burrito Nacho,40.68474,-73.9139846,restaurant,Manhattan
node/12468222473,The Mallard Drake,40.7267439,-73.9575377,bar,Manhattan
node/12469609077,Anassa Taverna Astoria,40.7706454,-73.9207206,restaurant,Manhattan
node/12469659699,BZ Grill,40.7708021,-73.9213264,restaurant,Manhattan
node/12475375401,Simply Natural Grill House,40.7164964,-73.9590083,restaurant,Manhattan
node/12533953501,The Monkey King,40.7061629,-73.9210971,restaurant,Manhattan
node/12533959601,The Red Pavilion,40.7082603,-73.9233998,bar,Manhattan
node/12544679750,Honzen Japanese Eatery,40.7617566,-73.9183833,restaurant,Manhattan
node/12554766049,Vanessa's Dumpling House,40.7425308,-73.9364847,restaurant,Manhattan
node/12554768494,Harissa Grill,40.7424997,-73.9362876,restaurant,Manhattan
node/12579672001,Lella Alimentari,40.7151467,-73.9463185,restaurant,Manhattan
node/12591799401,Rabbit Hole,40.6906195,-73.915743,nightclub,Manhattan
node/12605493017,Cava,40.7155855,-73.9588148,restaurant,Manhattan
node/12613416688,Piazza,40.7605178,-73.9157166,restaurant,Manhattan
node/12613560949,Alnour,40.7632376,-73.9139207,restaurant,Manhattan
node/12621592223,Sea Side NYC,40.7597937,-73.9185439,restaurant,Manhattan
node/12621594365,Zen Astorua,40.7642117,-73.9159906,bar,Manhattan
node/12623522121,Ra-Ra Rhino,40.7063118,-73.9210831,bar,Manhattan
node/12626648987,Sunrise East,40.7109991,-73.9492971,restaurant,Manhattan
node/12645725444,Flynn's Garden Inn,40.7463904,-73.9176887,pub,Manhattan
node/12662562301,Wenwen,40.7339765,-73.9550761,restaurant,Manhattan
node/12662569101,Sarajevo Grill,40.7570393,-73.9219501,restaurant,Manhattan
node/12682716812,Noche de Margaritas,40.7604146,-73.9176095,bar,Manhattan
node/12709177387,Maison Provence,40.7148538,-73.9546658,restaurant,Manhattan
node/12729352579,Bund Dumpling House,40.76315,-73.9282227,restaurant,Manhattan
node/12730434020,Diamond Slice,40.7250761,-73.9464209,restaurant,Manhattan
node/12730434021,Signal,40.7101272,-73.9335081,nightclub,Manhattan
node/12730434022,Mansions,40.7139646,-73.9213718,nightclub,Manhattan
node/12730434023,Uzuki,40.7245388,-73.9533898,restaurant,Manhattan
node/12730434024,Twins Lounge,40.7262762,-73.9520758,bar,Manhattan
node/12730434026,Cecily,40.7273016,-73.9570039,restaurant,Manhattan
node/12730434027,Capri Social Club,40.7277065,-73.9542254,bar,Manhattan
node/12730434028,Lise & Vito,40.7244434,-73.9484547,bar,Manhattan
node/12730434029,The Esters,40.7254449,-73.9452695,restaurant,Manhattan
node/12730434030,Diamond Lil,40.7254359,-73.9461046,bar,Manhattan
node/12735162572,de Mole,40.7138217,-73.9578455,restaurant,Manhattan
node/12753290724,Scrappleland,40.7376306,-73.9552922,bar,Manhattan
node/12784193901,Fandi Mata,40.7189961,-73.9492194,restaurant,Manhattan
node/12791582997,Tasty's Diner,40.7744872,-73.9086454,restaurant,Manhattan
node/12795925457,Khing,40.7457204,-73.9009097,restaurant,Manhattan
node/12799671733,Disco Birdies,40.6872687,-73.9567348,restaurant,Manhattan
node/12829477259,Eatzy Thai,40.7611527,-73.923323,restaurant,Manhattan
node/12829503001,Rosalie's,40.7611827,-73.9233892,bar,Manhattan
node/12840466342,Caridad China,40.7049422,-73.9426434,restaurant,Manhattan
node/12842754599,Mumbai Place,40.7110525,-73.9515028,restaurant,Manhattan
node/12842971177,Mr Taco,40.6819279,-73.9117046,restaurant,Manhattan
node/12844709778,Link Thai,40.7116212,-73.9428081,restaurant,Manhattan
node/12844709779,Curry in Handi,40.7023091,-73.936981,restaurant,Manhattan
node/12852097073,Chill Lounge Oven Grill,40.7579244,-73.9170739,bar,Manhattan
node/12852100098,Doyle's Corner,40.7580713,-73.9173894,bar,Manhattan
node/12861770021,Las Margaritas Astoria,40.7634283,-73.9090033,restaurant,Manhattan
node/12909129340,Moroccan Bites,40.7659646,-73.9151054,restaurant,Manhattan
node/12947418669,ART Williamsburg,40.7216661,-73.9589591,bar,Manhattan
node/12947418670,Sungold,40.721559,-73.9585166,restaurant,Manhattan
node/12947481677,Sake Kawa,40.7561953,-73.9286279,restaurant,Manhattan
node/12952378754,The Garden Grille & Bar,40.7502152,-73.9368691,restaurant,Manhattan
node/12959913766,Shaking Crab,40.7041596,-73.9304737,restaurant,Manhattan
node/12961191080,Apicius,40.775091,-73.9035386,restaurant,Manhattan
node/12977783184,Eyval,40.704136,-73.9331026,restaurant,Manhattan
node/12977783185,Bushniwa,40.7040836,-73.9334781,restaurant,Manhattan
node/12980136947,Saffron Indian Cuisine,40.757285,-73.9156808,restaurant,Manhattan
node/12998413401,El Nico,40.7155266,-73.9529936,bar,Manhattan
node/13007391801,Hotel 1080,40.6944177,-73.931,hotel,Manhattan
node/13049081170,Mr. Sushi,40.7003862,-73.9009294,restaurant,Manhattan
node/13055150701,Goal Omakase Sushi,40.7746573,-73.9517471,restaurant,Manhattan
node/13067819047,Doc Holidays,40.7076524,-73.9451047,bar,Manhattan
node/13073114764,Ramro,40.7618778,-73.9176064,restaurant,Manhattan
node/13075167594,Diamond Dogs,40.7630102,-73.9209969,bar,Manhattan
node/13099256108,Seneca Bar,40.7031703,-73.9080468,bar,Manhattan
node/13125350701,Fred's Dog House,40.7123158,-73.9559231,bar,Manhattan
node/13154434801,Peri Peri Grill House,40.684725,-73.9292431,restaurant,Manhattan
node/13173810199,Poke & Roll Sushi,40.7751621,-73.9100506,restaurant,Manhattan
node/13233727657,Hudson Table Brooklyn,40.7168706,-73.9485714,restaurant,Manhattan
node/13276804568,Gulp,40.7487438,-73.941009,restaurant,Manhattan
node/13284869658,Citrico Cafe,40.7579762,-73.9232915,restaurant,Manhattan
node/13318560443,Chiko’s,40.7318991,-73.9542272,restaurant,Manhattan
node/13344162737,Dive Bar BK,40.7065985,-73.9226462,bar,Manhattan
node/13344400974,Dive Bar LIC,40.75557,-73.9278846,bar,Manhattan
node/13346680018,Simple Peruvian,40.7417997,-73.9196633,restaurant,Manhattan
node/13370403667,Thip Osha,40.7119986,-73.9414177,restaurant,Manhattan
node/13372848249,Amarin Café,40.7234775,-73.9507661,restaurant,Manhattan
node/13372867017,Tørst,40.7234245,-73.9507393,bar,Manhattan
node/13375040754,The Domino Room,40.7772814,-73.9519558,bar,Manhattan
node/13399308029,Lyly’s Vietnamese Cookhouse,40.774359,-73.9536586,restaurant,Manhattan
node/13414761778,The am-thai,40.7129861,-73.9588835,restaurant,Manhattan
node/13480939884,Orion Bar,40.6992586,-73.926694,bar,Manhattan
node/13522435301,Nacho Macho Taco,40.6964416,-73.9138934,restaurant,Manhattan
node/13574795162,Di An Di,40.7295921,-73.9582524,restaurant,Manhattan
node/13574820653,Taku Sando,40.7298426,-73.9596521,restaurant,Manhattan
node/13607702109,Indian Kitchen,40.711829,-73.9433096,restaurant,Manhattan
node/13625943001,Million Goods,40.727519,-73.9570373,bar,Manhattan
node/13639053003,Sakura 6,40.7286994,-73.9537364,restaurant,Manhattan
node/13644379822,Enso,40.7187696,-73.9587012,restaurant,Manhattan
node/13647675501,Bahnmigos,40.7253553,-73.9523204,restaurant,Manhattan
node/13648008947,Concrete,40.697739,-73.9368839,restaurant,Manhattan
node/13651115806,Ay Güey,40.7575132,-73.907766,restaurant,Manhattan
node/13657589521,Chick Rocks,40.7638491,-73.9152346,restaurant,Manhattan
node/13687332825,Chama Mama,40.7066077,-73.932128,restaurant,Manhattan
node/13712271597,Susuru Ramen,40.755624,-73.9273795,restaurant,Manhattan
node/13714964773,Fusion Bites,40.7276184,-73.952854,restaurant,Manhattan
node/13749931601,Chang Yu Restaurant,40.6952002,-73.9203831,restaurant,Manhattan
node/13783705801,Johnny’s,40.716075,-73.9495656,restaurant,Manhattan
node/13806666903,Sol de Quito,40.7018311,-73.9190161,restaurant,Manhattan
node/13815471481,Bedford Gardens,40.7181733,-73.9575142,restaurant,Manhattan
node/13815471482,Mama Pho,40.7181456,-73.957544,restaurant,Manhattan
node/13815471488,Charleston,40.7181084,-73.9575841,bar,Manhattan
node/13819637001,Soft Bar,40.7250533,-73.9557248,bar,Manhattan
node/13827198365,Nisi Estiatorio,40.7665329,-73.9202935,restaurant,Manhattan
node/13850880101,GiGi Curry & Noodle Bar,40.6992155,-73.9170554,restaurant,Manhattan
node/13873005601,Money Cat Vietnamese American,40.690801,-73.9087771,restaurant,Manhattan
node/13891314939,Focal Point Beer Co.,40.7502415,-73.948481,pub,Manhattan
node/13891609501,Pointe Plaza Hotel,40.6992494,-73.959092,hotel,Manhattan
way/219541897,Home2 Suites,40.7530223,-73.9341039,hotel,Manhattan
way/241159315,Traif,40.7105975,-73.9589348,restaurant,Manhattan
way/241836156,,40.7131775,-73.9574205,restaurant,Manhattan
way/241857450,SingleCut Beersmiths,40.7782956,-73.9016716,pub,Manhattan
way/247916261,Peaches,40.6818236,-73.9346549,restaurant,Manhattan
way/249931037,Maya Fusion Cafe,40.6860797,-73.911547,restaurant,Manhattan
way/249979925,Artel 535,40.6921252,-73.9276675,hotel,Manhattan
way/249979930,Holiday Inn Express,40.6921215,-73.9272093,hotel,Manhattan
way/249981732,Winfield's,40.6835686,-73.9264198,restaurant,Manhattan
way/250319335,Sugar Hill Disco Restaurant and Bar,40.6915803,-73.9515937,restaurant,Manhattan
way/250348723,Project Parlor,40.6950875,-73.9532407,pub,Manhattan
way/250351703,Condor Hotel,40.6974336,-73.9589284,hotel,Manhattan
way/250422727,Purgatory,40.6872341,-73.9057389,bar,Manhattan
way/250423458,Three Diamonds Door,40.70349,-73.9261998,bar,Manhattan
way/250424668,Dock Asian Eatery,40.7062074,-73.9228066,restaurant,Manhattan
way/250424743,Cobra Club,40.7066929,-73.9235048,bar,Manhattan
way/250427392,Listo El Chimi,40.6998079,-73.9074191,restaurant,Manhattan
way/250440700,Xanadu Roller Arts,40.7064268,-73.9214566,nightclub,Manhattan
way/250440701,Tortilleria Mexicana Tres Hermanos,40.7066564,-73.9219813,restaurant,Manhattan
way/250445516,Il Gigante,40.7023276,-73.9016662,restaurant,Manhattan
way/265159067,Days Inn,40.7450372,-73.9338645,hotel,Manhattan
way/265159068,Fairfield Inn Long Island City/Manhattan View,40.7362274,-73.9367414,hotel,Manhattan
way/265159244,Holiday Inn Express Long Island City E,40.7369438,-73.9363671,hotel,Manhattan
way/265159321,City View Inn,40.7361669,-73.9342128,hotel,Manhattan
way/266875353,The East Wing,40.7710267,-73.9560688,restaurant,Manhattan
way/274983220,Fairfield Inn,40.7514509,-73.9351172,hotel,Manhattan
way/275307804,TownePlace Suites,40.7574429,-73.9429028,hotel,Manhattan
way/279649103,Nova Hotel,40.7072352,-73.9340917,hotel,Manhattan
way/279651105,Otis,40.7060345,-73.9326097,restaurant,Manhattan
way/279655081,The Rosemont,40.7071192,-73.947434,bar,Manhattan
way/279664956,Loving Hut,40.7125184,-73.9411974,restaurant,Manhattan
way/279772312,The Penny,40.7154537,-73.952985,hotel,Manhattan
way/279772352,El Almacen,40.7168147,-73.9564401,restaurant,Manhattan
way/279777184,St. Anselm,40.7142784,-73.9560431,restaurant,Manhattan
way/279777213,The Pod,40.7153459,-73.9588557,hotel,Manhattan
way/279780209,Elsewhere,40.7095211,-73.9232632,nightclub,Manhattan
way/279784947,The Paper Box,40.7108794,-73.9366073,nightclub,Manhattan
way/279797897,Brooklyn Steel,40.7193932,-73.9387466,nightclub,Manhattan
way/279921676,La Locanda,40.7178345,-73.9446959,restaurant,Manhattan
way/280075318,Hotel Le Jolie,40.7165778,-73.9508029,hotel,Manhattan
way/280075385,BABA on Withers,40.7170163,-73.9507374,bar,Manhattan
way/280075425,The Exley,40.716115,-73.9515141,bar,Manhattan
way/280077713,Warsaw Concerts,40.7223925,-73.9484695,nightclub,Manhattan
way/280081156,Kestane Kebab,40.724094,-73.9492718,restaurant,Manhattan
way/280081408,A Bar,40.7230448,-73.9505998,bar,Manhattan
way/280081506,Vegan QuickBites by Next Stop Vegan,40.7250111,-73.9517264,restaurant,Manhattan
way/280081671,Greenpoint Fish & Lobster Co,40.7241411,-73.9491141,restaurant,Manhattan
way/280081685,Bar Bruno,40.7223765,-73.9497531,restaurant,Manhattan
way/280100302,Raizes Churrascaria,40.7249069,-73.9480783,restaurant,Manhattan
way/280115144,,40.7272999,-73.9514893,restaurant,Manhattan
way/280115171,Amber Steak House,40.7246051,-73.9490635,restaurant,Manhattan
way/280118573,Berry Park,40.7224689,-73.9552527,bar,Manhattan
way/280122409,Arlo Williamsburg,40.7216247,-73.9588729,hotel,Manhattan
way/280132272,Oxomoco,40.7298052,-73.9554664,restaurant,Manhattan
way/280140756,Taku Sando,40.729855,-73.9596471,restaurant,Manhattan
way/280146674,Box House Hotel,40.7378058,-73.953685,hotel,Manhattan
way/280320813,Holiday Inn Express & Suites,40.740686,-73.9013318,hotel,Manhattan
way/280349642,Tropical,40.7375144,-73.9295365,restaurant,Manhattan
way/280354512,Chihuahua Cantina & Restaurant,40.7423193,-73.9177658,restaurant,Manhattan
way/280371318,The Globe Tavern,40.7459713,-73.9148497,bar,Manhattan
way/280375133,Donato's Restaurant & Pizza,40.7485795,-73.9130148,restaurant,Manhattan
way/280380541,Panda Garden,40.7456095,-73.9046719,restaurant,Manhattan
way/280561702,Fairfield Inn,40.7677329,-73.9059405,hotel,Manhattan
way/280572874,,40.7609472,-73.9237629,nightclub,Manhattan
way/280578465,La Vecina Astoria,40.762361,-73.9165966,restaurant,Manhattan
way/280584259,Brooklyn bagel & coffee company,40.7646019,-73.9170563,restaurant,Manhattan
way/280613202,Bel Aire Diner,40.7652721,-73.9312848,restaurant,Manhattan
way/280623165,Gamehaus,40.7421524,-73.9561119,pub,Manhattan
way/280642193,Comfort Inn,40.7576144,-73.9384148,hotel,Manhattan
way/280642317,Giorgio Hotel,40.7565896,-73.9413957,hotel,Manhattan
way/280642397,Sleep Inn Hotel,40.7559241,-73.9411975,hotel,Manhattan
way/280642491,Mayflower Howard Johnson Hotel,40.7565388,-73.9420697,hotel,Manhattan
way/280642669,Baymont,40.7596125,-73.9411324,hotel,Manhattan
way/280645068,,40.7527609,-73.9389705,hotel,Manhattan
way/280645297,Ramada Long Island City,40.7552348,-73.9367212,hotel,Manhattan
way/281330428,LIC Manhattan View,40.7532316,-73.9343762,hotel,Manhattan
way/281330799,Quality Inn,40.752017,-73.9344761,hotel,Manhattan
way/281332437,LIC Hotel,40.7494085,-73.9471923,hotel,Manhattan
way/281332449,Ravel Hotel,40.7537395,-73.9489406,hotel,Manhattan
way/281332493,Z NYC Hotel,40.7519771,-73.947493,hotel,Manhattan
way/281332543,Wyndham Garden,40.7495506,-73.951764,hotel,Manhattan
way/281332601,Big Alice Brewing,40.7520879,-73.9505711,bar,Manhattan
way/281342861,Gulp,40.7489917,-73.9406592,restaurant,Manhattan
way/281342887,M. Wells Steakhouse,40.7483896,-73.9423543,restaurant,Manhattan
way/281343190,Aloft,40.748469,-73.9398372,hotel,Manhattan
way/281349616,Sports Bar and Billiards,40.7702996,-73.9096332,bar,Manhattan
way/281355454,Los Amigos By Restaurant,40.7744741,-73.9123699,restaurant,Manhattan
way/308825565,Orleans,40.6976224,-73.9283221,restaurant,Manhattan
way/312354284,The Rookery,40.7074304,-73.9224412,bar,Manhattan
way/312354296,Union Pizza Works,40.7073752,-73.9224998,restaurant,Manhattan
way/371765889,Hyatt Place,40.7481459,-73.9412459,hotel,Manhattan
way/491213356,The Springs,40.7332611,-73.9577456,bar,Manhattan
way/501411691,Hotel Indigo,40.7134852,-73.9525796,hotel,Manhattan
way/547012226,Cyclo,40.7456816,-73.9535274,restaurant,Manhattan
way/562591843,The Turk's Inn,40.7056026,-73.9222841,restaurant,Manhattan
way/571621249,The Vue Hotel,40.7535536,-73.9410533,hotel,Manhattan
way/682535585,Hotel Nirvana,40.7592024,-73.9398789,hotel,Manhattan
way/713786052,Bogart Hotel,40.7038104,-73.9331464,hotel,Manhattan
way/727598203,Wingate by Wyndham Long Island City,40.7565983,-73.9426477,hotel,Manhattan
way/929187892,42 Hotel,40.7069926,-73.9519165,hotel,Manhattan
way/939043705,Microtel Inn & Suites,40.7519078,-73.9352784,hotel,Manhattan
way/996903168,Luke's Lobster,40.7747138,-73.9545294,restaurant,Manhattan
way/1001213740,Comfort Inn,40.7290098,-73.9046596,hotel,Manhattan
way/1049571184,Lotus BLU Inn & Suites,40.7555479,-73.9377513,hotel,Manhattan
way/1183932080,Tacombi,40.7478453,-73.9417497,restaurant,Manhattan
way/1510441123,,40.747939,-73.9546165,bar,Manhattan
node/296568074,The Brass Rail,40.7385968,-74.0303486,restaurant,Brooklyn
node/460482199,Zum Stammtisch,40.7018175,-73.8811268,restaurant,Brooklyn
node/484065219,Battle Hill Tavern,40.66019,-73.9912599,pub,Brooklyn
node/484076447,Washington Commons,40.6754425,-73.9634777,bar,Brooklyn
node/671070787,The Monro,40.6676928,-73.9873337,pub,Brooklyn
node/693891973,The Good Fork,40.6759784,-74.0142976,restaurant,Brooklyn
node/693892941,Brooklyn Ice House,40.6791469,-74.0110111,bar,Brooklyn
node/846095631,Golden Cicada Baja Beergarden,40.7157341,-74.0425368,bar,Brooklyn
node/1039613744,Double Windsor,40.6605732,-73.9804283,pub,Brooklyn
node/1049875301,Cooper's,40.710097,-73.8646568,pub,Brooklyn
node/1177268453,Leland,40.6797196,-73.9651937,restaurant,Brooklyn
node/1235026335,The Hamilon Inn,40.7289956,-74.0446947,restaurant,Brooklyn
node/1252974564,Leone's Pizzeria,40.7106227,-73.8651011,restaurant,Brooklyn
node/1272678894,Mezcal's,40.6758313,-73.9807001,restaurant,Brooklyn
node/1272678896,Shaking Crab,40.6757312,-73.9810959,restaurant,Brooklyn
node/1347055580,Tom's Restaurant,40.6744702,-73.9633157,restaurant,Brooklyn
node/1348884682,Elite Palace,40.7363704,-73.8954454,restaurant,Brooklyn
node/1491769944,Miti Miti,40.6786532,-73.979114,restaurant,Brooklyn
node/1642772578,The Bearded Lady,40.6774342,-73.9638702,bar,Brooklyn
node/1658397652,Tacolmos,40.6719283,-73.9334624,restaurant,Brooklyn
node/1672042199,Tino's Artisan Pizza,40.7141658,-74.0397517,restaurant,Brooklyn
node/1672045901,Amelia's Bistro,40.7139448,-74.0398626,restaurant,Brooklyn
node/1672049578,Light Horse Tavern,40.7139795,-74.0381392,restaurant,Brooklyn
node/1683225522,Stone Park Cafe,40.6729771,-73.9833228,restaurant,Brooklyn
node/1827182547,Neptune Diner II,40.6764339,-73.959241,restaurant,Brooklyn
node/1887418646,Taqueria,40.7162315,-74.0446403,restaurant,Brooklyn
node/1887434635,Rustique,40.7249319,-74.0457092,restaurant,Brooklyn
node/1887447619,The Iron Monkey,40.7159794,-74.0360105,bar,Brooklyn
node/1932725314,Barboncino,40.6720806,-73.9572943,restaurant,Brooklyn
node/1932902780,The Gate,40.6725755,-73.9832656,bar,Brooklyn
node/1942314293,The Bayhouse,40.5646922,-73.911575,restaurant,Brooklyn
node/1942321062,The Blarney Castle,40.5613582,-73.9121254,pub,Brooklyn
node/1987892671,Sycamore,40.6397709,-73.9672216,bar,Brooklyn
node/2017709331,Taiwanese Gourmet,40.7398474,-73.8786364,restaurant,Brooklyn
node/2017709980,Lin Taiwanese Cuisine,40.739823,-73.8786256,restaurant,Brooklyn
node/2227457386,Gen,40.6776233,-73.9635646,restaurant,Brooklyn
node/2266394471,The Armory,40.6793311,-73.9814768,bar,Brooklyn
node/2274487934,Austin Ale House,40.7094487,-73.8301184,restaurant,Brooklyn
node/2274494820,Dani's House of Pizza,40.7089384,-73.8305368,restaurant,Brooklyn
node/2274513987,The Village Diner,40.7078055,-73.8311961,restaurant,Brooklyn
node/2274519146,,40.7078526,-73.8311564,bar,Brooklyn
node/2276257858,The Castello Plan,40.6403441,-73.9666854,restaurant,Brooklyn
node/2328049835,Fresh Tortillas,40.7070249,-73.8344761,restaurant,Brooklyn
node/2384821767,iPizzaNY,40.7388057,-73.9997449,restaurant,Brooklyn
node/2402041404,16 Handles,40.7183326,-73.9582765,restaurant,Brooklyn
node/2466979860,London Lennie's,40.7221426,-73.8675658,restaurant,Brooklyn
node/2473718326,Di Fara Pizza,40.625047,-73.9614948,restaurant,Brooklyn
node/2493964387,Am Thai Bistro,40.6467824,-73.9701364,restaurant,Brooklyn
node/2493964633,Anakali,40.6473998,-73.9685894,restaurant,Brooklyn
node/2494088663,Breukelen Brasserie,40.6744277,-73.9502153,restaurant,Brooklyn
node/2494104096,Shenanigans,40.6476061,-73.9727328,pub,Brooklyn
node/2494138252,Lea,40.6394347,-73.9680084,restaurant,Brooklyn
node/2494144923,King Mother,40.6402678,-73.9668472,bar,Brooklyn
node/2494144969,Mimi's Hummus,40.6403106,-73.9667565,restaurant,Brooklyn
node/2494148902,Abilene,40.6789374,-73.9977207,pub,Brooklyn
node/2494180682,6 Restaurant,40.6763558,-73.9986186,restaurant,Brooklyn
node/2494187891,Katsuei,40.6707561,-73.9785495,restaurant,Brooklyn
node/2494208515,Park Slope Ale House,40.6706029,-73.9819872,pub,Brooklyn
node/2494226429,Brooklyn Burgers & Beer,40.6744486,-73.9817243,restaurant,Brooklyn
node/2494253567,Kick Axe,40.679087,-73.9835476,bar,Brooklyn
node/2494332410,Two Tigers,40.6751352,-73.9562023,bar,Brooklyn
node/2494372721,Café Mars,40.6778567,-73.9859235,restaurant,Brooklyn
node/2495083450,Cheburechnaya,40.7276033,-73.864133,restaurant,Brooklyn
node/2495099361,Samarkand,40.7270364,-73.854777,restaurant,Brooklyn
node/2504092175,Nimbooda,40.6782737,-73.9640382,restaurant,Brooklyn
node/2505388789,Salute Kosher,40.7334254,-73.8495988,restaurant,Brooklyn
node/2505405831,Café Arzu,40.7267231,-73.8518314,restaurant,Brooklyn
node/2505406870,Stix Kosher Restaurant,40.7265792,-73.851766,restaurant,Brooklyn
node/2518012487,L'Amour Glatt Kosher,40.726023,-73.8510054,restaurant,Brooklyn
node/2518022764,Asian Bowl,40.7266963,-73.8518226,restaurant,Brooklyn
node/2518047695,Nadezhda,40.7327069,-73.8497439,restaurant,Brooklyn
node/2543736293,Don Tequila Urban Cantina,40.7022517,-73.8555738,restaurant,Brooklyn
node/2545075845,J&D Pizza & Restaurant,40.6742912,-73.8787872,restaurant,Brooklyn
node/2545103648,Capsec International Restaurant & Bakery,40.6740232,-73.8806304,restaurant,Brooklyn
node/2547023926,Cozy Soup 'n' Burger,40.7300458,-73.9930576,restaurant,Brooklyn
node/2547540324,Don Alex,40.7298353,-73.8603779,restaurant,Brooklyn
node/2547540325,Diner Bar,40.7294075,-73.8594506,restaurant,Brooklyn
node/2547540328,,40.7298551,-73.8603093,restaurant,Brooklyn
node/2547733511,El Continental,40.6620793,-73.9928775,restaurant,Brooklyn
node/2547745181,Jey Diner,40.6611638,-73.9969799,restaurant,Brooklyn
node/2547745199,Blue Mezcal,40.658549,-73.9965608,bar,Brooklyn
node/2547755413,El Mexicano,40.660718,-73.9942788,restaurant,Brooklyn
node/2549874188,Melany Restaurant,40.6534685,-73.959231,restaurant,Brooklyn
node/2549881980,Bèl Nègès,40.6508607,-73.9560125,restaurant,Brooklyn
node/2549882024,IHOP,40.6503399,-73.957198,restaurant,Brooklyn
node/2549915110,Le Pistol,40.6747581,-73.963351,restaurant,Brooklyn
node/2550029153,al di la Trattoria,40.6752897,-73.9813928,restaurant,Brooklyn
node/2550057122,Wild,40.6782668,-73.9793591,restaurant,Brooklyn
node/2550057133,The Beer Garage,40.6783509,-73.9795361,bar,Brooklyn
node/2550074042,Malvan,40.6750446,-73.9995871,restaurant,Brooklyn
node/2550074054,Loafers Cocktail Bar,40.6750671,-73.9992481,bar,Brooklyn
node/2550074062,Santo Brúklin,40.6750979,-73.9995616,restaurant,Brooklyn
node/2550085658,Lundy Bros.,40.6731585,-74.0122509,restaurant,Brooklyn
node/2550089904,Hilltop Tavern,40.6589999,-73.981732,restaurant,Brooklyn
node/2550097295,Folk,40.6605911,-73.990414,pub,Brooklyn
node/2550097296,Giuseppina’s,40.6604016,-73.9905912,restaurant,Brooklyn
node/2550100318,Panchita's Place,40.6606226,-73.9939626,restaurant,Brooklyn
node/2550100321,Pablito's,40.6602223,-73.994368,restaurant,Brooklyn
node/2550147586,Footprints,40.6786637,-73.949825,restaurant,Brooklyn
node/2550147628,Trini-Girl,40.6770259,-73.9499727,restaurant,Brooklyn
node/2550565306,Le Mistral,40.6715692,-73.9845116,restaurant,Brooklyn
node/2550565312,Authentic Szechuan,40.6711481,-73.9848633,restaurant,Brooklyn
node/2550581361,Macario,40.6691315,-73.9894619,restaurant,Brooklyn
node/2550585185,Skylark,40.6678146,-73.9872318,bar,Brooklyn
node/2550585190,Crosta,40.6663833,-73.9855132,restaurant,Brooklyn
node/2550589896,Locanda Mariella,40.66622,-73.9856804,restaurant,Brooklyn
node/2550589959,Piccoli Trattoria,40.6651889,-73.9865191,restaurant,Brooklyn
node/2550604114,Mezquila,40.6644271,-73.9942054,pub,Brooklyn
node/2550623603,El Mexicano,40.6356886,-73.9756262,restaurant,Brooklyn
node/2552502317,The Wicked Monk,40.6170981,-74.0338612,pub,Brooklyn
node/2552509897,Positanto,40.6124871,-74.0342125,restaurant,Brooklyn
node/2552509921,Campania,40.6135714,-74.0332657,restaurant,Brooklyn
node/2552542740,The Coffee Club Diner,40.6155131,-74.0316022,restaurant,Brooklyn
node/2552542745,Kitty Kiernan's,40.6152954,-74.0342126,pub,Brooklyn
node/2552563959,Delia's Lounge,40.6187954,-74.0331687,pub,Brooklyn
node/2552587337,Chadwick's,40.6215421,-74.0320146,restaurant,Brooklyn
node/2552592654,Oriental Palace,40.5751548,-73.9969466,restaurant,Brooklyn
node/2552595826,Cebu,40.6218894,-74.0315305,restaurant,Brooklyn
node/2552595848,Arirang Hibachi Steakhouse,40.6211082,-74.0292547,restaurant,Brooklyn
node/2552604045,Burmese Harp,40.6232697,-74.0283677,restaurant,Brooklyn
node/2552604088,Ay Kebab,40.6227094,-74.0286001,restaurant,Brooklyn
node/2552613642,King Souvlaki,40.6249407,-74.0306363,restaurant,Brooklyn
node/2552613665,Laila,40.6236669,-74.0311429,restaurant,Brooklyn
node/2552613672,The Corner,40.6233179,-74.0312985,restaurant,Brooklyn
node/2552616289,Puertas,40.6251572,-74.0305534,restaurant,Brooklyn
node/2552623754,Luliano's,40.6284908,-74.0291713,restaurant,Brooklyn
node/2552658192,The Pour House,40.6284146,-74.0288756,pub,Brooklyn
node/2552658193,Skinflints,40.6264899,-74.024047,pub,Brooklyn
node/2552691851,Dave's Garden,40.6320913,-74.0277077,restaurant,Brooklyn
node/2552693318,Mint Bay,40.6312254,-74.0280498,restaurant,Brooklyn
node/2552693369,Coszcal de Allende,40.6312733,-74.02803,restaurant,Brooklyn
node/2552708700,Spice Szechuan,40.6343422,-74.026792,restaurant,Brooklyn
node/2552708702,Glow Thai,40.6339284,-74.026612,restaurant,Brooklyn
node/2552762223,Footprints,40.5756371,-73.9832269,restaurant,Brooklyn
node/2552817413,Campo Bello,40.6180713,-74.0293407,restaurant,Brooklyn
node/2552836843,Karam,40.6228892,-74.0281046,restaurant,Brooklyn
node/2552852333,Georgian House,40.5766822,-73.9672419,restaurant,Brooklyn
node/2552858614,Meet Wise Meat,40.5765441,-73.9657069,restaurant,Brooklyn
node/2552880653,Oceanview Cafe,40.5768425,-73.9642555,restaurant,Brooklyn
node/2552890615,New Shaman Restaurant,40.5814437,-73.9617711,restaurant,Brooklyn
node/2552890772,Geo Khinkali Bar,40.5798728,-73.9599815,restaurant,Brooklyn
node/2552908994,Johnny Pumps,40.6290698,-74.0229817,bar,Brooklyn
node/2552982078,Mussels Brick Oven Pizza,40.625582,-74.024058,restaurant,Brooklyn
node/2553000238,Yenmenat,40.627328,-74.0233474,restaurant,Brooklyn
node/2553044823,Bean Post Pub,40.628731,-74.0227824,pub,Brooklyn
node/2553232123,V&S Pizza & Restaurant,40.5835614,-73.9509882,restaurant,Brooklyn
node/2553235891,Baku Palace,40.584209,-73.948343,restaurant,Brooklyn
node/2553235893,Yiasou Estiatorio,40.5838628,-73.9481425,restaurant,Brooklyn
node/2553402397,Masuta Japanese Fusion,40.5856255,-73.9518041,restaurant,Brooklyn
node/2555442485,Theater Cafe,40.7099855,-73.8467591,restaurant,Brooklyn
node/2555510871,Crab Du Jour,40.5862565,-73.97153,restaurant,Brooklyn
node/2555614713,LavashUzN1,40.5908352,-73.9687048,restaurant,Brooklyn
node/2555640561,DB,40.5905398,-73.9713886,pub,Brooklyn
node/2555898782,N & D Pizza,40.5963039,-73.980514,restaurant,Brooklyn
node/2555989809,Sedapsss Fusion Cuisine,40.600103,-73.9911137,restaurant,Brooklyn
node/2555989818,Asian Kitchen,40.5995027,-73.990109,restaurant,Brooklyn
node/2555989846,Little Saigon Pearl,40.599368,-73.9902739,restaurant,Brooklyn
node/2556059182,,40.6009798,-74.0006219,restaurant,Brooklyn
node/2557033990,Aurora Pizza,40.6138348,-73.9996175,restaurant,Brooklyn
node/2557064648,Em Vietnamese Kitchen,40.6083609,-74.0047845,restaurant,Brooklyn
node/2557077657,Panino Rustico,40.6104646,-74.0030964,restaurant,Brooklyn
node/2557089152,Koo Koo Chicken,40.6085609,-74.0051216,restaurant,Brooklyn
node/2557781569,Laghman Express,40.6180844,-73.9840284,restaurant,Brooklyn
node/2557907366,Silver Star,40.6203521,-73.9887223,restaurant,Brooklyn
node/2561215331,Yi Poh Kitchen,40.628861,-74.0054953,restaurant,Brooklyn
node/2561221069,AM-PM Cafe & Bar,40.6282179,-74.0065734,restaurant,Brooklyn
node/2561474392,Mr Q BBQ,40.637576,-74.0071142,restaurant,Brooklyn
node/2561485139,Tengu Sushi & Noodle,40.6332662,-74.0055826,restaurant,Brooklyn
node/2561506922,Great Taste Dumpling,40.6444746,-74.0000088,restaurant,Brooklyn
node/2561529525,Red Parrot Bar,40.6457568,-73.9990809,bar,Brooklyn
node/2561552343,La Carreta,40.645757,-74.0127007,restaurant,Brooklyn
node/2561561549,Chuan Tian Xia,40.6396384,-74.0090442,restaurant,Brooklyn
node/2561577765,My Coral,40.6440439,-74.0148048,pub,Brooklyn
node/2561615157,Little Thanh Da,40.6374086,-74.0079335,restaurant,Brooklyn
node/2561631122,Wu La Bu Huan,40.6362311,-74.0125811,restaurant,Brooklyn
node/2561631178,WesternYunnan Crossing Bridge Noodle,40.6373422,-74.0108511,restaurant,Brooklyn
node/2561631196,Great Forest Food,40.6353919,-74.0107533,restaurant,Brooklyn
node/2561646383,Park Asia,40.6321028,-74.0128807,restaurant,Brooklyn
node/2561655239,OD's Restaurant,40.6414054,-74.0175318,restaurant,Brooklyn
node/2561668318,Feeney's Pub,40.6381787,-74.0173125,bar,Brooklyn
node/2561683543,The Grumpy Cat,40.6383334,-74.0175673,bar,Brooklyn
node/2561707917,Usuluteco #3 Restaurant,40.6449652,-74.0178587,restaurant,Brooklyn
node/2561747019,Twist,40.6522311,-74.0102897,restaurant,Brooklyn
node/2561747026,El Tahur,40.6511108,-74.011462,bar,Brooklyn
node/2561767489,Sabor de Columbia,40.6471771,-74.0079515,restaurant,Brooklyn
node/2561792728,Rico Pollo III,40.6473588,-74.0077667,restaurant,Brooklyn
node/2561887277,Los Tres Potrillos,40.652833,-74.0062564,restaurant,Brooklyn
node/2561887725,Tacos El Bronco,40.6500425,-74.0091831,restaurant,Brooklyn
node/2561887820,La Familia,40.6548988,-74.0041176,restaurant,Brooklyn
node/2561887852,Roundabout Restaurant,40.6545566,-74.0044827,restaurant,Brooklyn
node/2561900270,Ayat,40.6556786,-74.0069017,restaurant,Brooklyn
node/2561910098,El Pollo Peruviano II,40.6501478,-74.0053082,restaurant,Brooklyn
node/2561922125,Parlay,40.6463292,-73.9984997,restaurant,Brooklyn
node/2561956456,Shashlik House,40.6378379,-73.9782802,restaurant,Brooklyn
node/2561983212,Asia Harbor,40.6439254,-73.9764227,restaurant,Brooklyn
node/2561983219,Jaew Thai Cuisine,40.6441191,-73.9760122,restaurant,Brooklyn
node/2561983221,Jaew Thai Cuisine,40.6441305,-73.9759828,restaurant,Brooklyn
node/2561990021,Hamilton's,40.6487023,-73.9773066,restaurant,Brooklyn
node/2562001515,Le Paddock,40.6529198,-73.9759073,restaurant,Brooklyn
node/2562001526,The Cat,40.6528643,-73.9763275,bar,Brooklyn
node/2562001527,The Adirondack,40.6526396,-73.9758564,pub,Brooklyn
node/2562001534,Cena,40.6516328,-73.9756623,restaurant,Brooklyn
node/2562015557,La Parada,40.6567765,-74.0015562,restaurant,Brooklyn
node/2562028351,Sunset Park Diner,40.6512616,-74.0037145,restaurant,Brooklyn
node/2562039167,Giovanni’s Brooklyn Eats,40.6601163,-73.9841532,restaurant,Brooklyn
node/2562039176,Elora's,40.6584293,-73.9823074,restaurant,Brooklyn
node/2562081329,Joy Kitchen,40.6615086,-73.9858733,restaurant,Brooklyn
node/2562118647,Lore,40.6631297,-73.9845191,restaurant,Brooklyn
node/2562126671,Luo's Burgers,40.6663224,-73.9923591,restaurant,Brooklyn
node/2562131733,Table 87 Coal Oven Pizza,40.6706983,-73.9914759,restaurant,Brooklyn
node/2562140908,Flora,40.6645751,-73.9799855,restaurant,Brooklyn
node/2562140910,Ottava,40.663955,-73.9805265,restaurant,Brooklyn
node/2562793164,Noor Palace,40.5987374,-73.9614238,restaurant,Brooklyn
node/2562866490,Anyway Cafe,40.5949524,-73.9545953,restaurant,Brooklyn
node/2562932530,East Sushi Bistro,40.5989642,-73.9526964,restaurant,Brooklyn
node/2562969391,Aksaray,40.6099739,-73.9576925,restaurant,Brooklyn
node/2562969471,Memo Shish Kebab,40.6103381,-73.9548828,restaurant,Brooklyn
node/2563006985,PJ's On The Bay,40.5989255,-73.9370375,restaurant,Brooklyn
node/2563014062,DIY Poké Sushi,40.6000181,-73.9444397,restaurant,Brooklyn
node/2563025313,IHOP,40.6006279,-73.9412385,restaurant,Brooklyn
node/2563144601,Nagoya Sushi,40.6104958,-73.9544319,restaurant,Brooklyn
node/2563416341,Chandni Pizza Deli & Fried Chicken,40.6291965,-73.9662237,restaurant,Brooklyn
node/2563439555,Pablo's,40.6351001,-73.9629605,restaurant,Brooklyn
node/2563479418,El Rancho Poblano,40.6382316,-73.953616,restaurant,Brooklyn
node/2563789654,The Waffle Box,40.6292382,-73.9441332,restaurant,Brooklyn
node/2565225781,Applebee's,40.6314561,-73.9473377,restaurant,Brooklyn
node/2565391670,Kiku,40.6775421,-73.9795355,restaurant,Brooklyn
node/2565438951,La Villa Pizzeria,40.6169074,-73.9097971,restaurant,Brooklyn
node/2566373433,Brooklyn Sidewalk Cafe,40.6434555,-73.9489429,restaurant,Brooklyn
node/2566568936,Market Bar & Brewery,40.6577295,-73.9501483,bar,Brooklyn
node/2566580837,Hasenstüble,40.658572,-73.9506039,pub,Brooklyn
node/2566580841,Djon Djon,40.657938,-73.9504885,restaurant,Brooklyn
node/2566613910,Pluto,40.6599968,-73.9507521,bar,Brooklyn
node/2566613931,Bleu Nuk,40.659499,-73.9506972,restaurant,Brooklyn
node/2566631731,Gold Room BK,40.6620179,-73.9534911,restaurant,Brooklyn
node/2566631742,Any Thing,40.6612554,-73.9534005,restaurant,Brooklyn
node/2566640791,Kulushkät,40.6611917,-73.9605569,restaurant,Brooklyn
node/2566649130,Novelli,40.6629845,-73.951038,restaurant,Brooklyn
node/2566664990,The Zombie House,40.6550668,-73.9599148,bar,Brooklyn
node/2566665104,PiCH,40.6539224,-73.9597035,restaurant,Brooklyn
node/2566816674,Wing Luck Restaurant,40.6624023,-73.9084715,restaurant,Brooklyn
node/2567062166,Patrick Steakhouse,40.6686344,-73.9532387,restaurant,Brooklyn
node/2567069043,BKLYN eats,40.675462,-73.8985778,restaurant,Brooklyn
node/2567093839,Franklin 820,40.6699277,-73.9583973,pub,Brooklyn
node/2567551886,New Yue Wong,40.7154696,-73.9977671,restaurant,Brooklyn
node/2567902146,Nostrand Station,40.6704697,-73.9505869,bar,Brooklyn
node/2567972910,Cafe Rue Dix,40.6734983,-73.953866,restaurant,Brooklyn
node/2568049509,Meat,40.6757492,-73.9414479,restaurant,Brooklyn
node/2568049550,Cas Restaurant,40.675202,-73.9414965,restaurant,Brooklyn
node/2568323937,African Pride Restaurant,40.6772693,-73.9082233,restaurant,Brooklyn
node/2568353082,Blue Cafe Restaurant,40.6799255,-73.9387255,restaurant,Brooklyn
node/2568554173,Seamore's,40.7031571,-73.9913143,restaurant,Brooklyn
node/2568698362,Provini,40.6633264,-73.9814448,restaurant,Brooklyn
node/2568710174,Toyo Ramen Bar,40.6661369,-73.9820222,restaurant,Brooklyn
node/2568724706,Little Purity,40.6652547,-73.9831438,restaurant,Brooklyn
node/2568724754,Bar Toto,40.6668505,-73.9847174,restaurant,Brooklyn
node/2568752274,Purity Diner,40.66795,-73.9804983,restaurant,Brooklyn
node/2568783163,Sotto Voce,40.6699174,-73.9788574,restaurant,Brooklyn
node/2568848943,Ki Sushi,40.6785586,-73.973699,restaurant,Brooklyn
node/2568899230,Chavela's,40.6734323,-73.9571327,restaurant,Brooklyn
node/2568918176,Prospect Thai,40.6756968,-73.9600205,restaurant,Brooklyn
node/2568918199,The Barlow,40.6753629,-73.9630891,bar,Brooklyn
node/2569703800,Lillian,40.7169423,-73.8522784,restaurant,Brooklyn
node/2569712562,Bombay Grill House 3,40.7211353,-73.8549619,restaurant,Brooklyn
node/2569712567,Manor Oktoberfest,40.717342,-73.8570312,restaurant,Brooklyn
node/2569712570,,40.7175313,-73.8569183,restaurant,Brooklyn
node/2569762822,Old Sport Food,40.7241516,-73.8554007,restaurant,Brooklyn
node/2569844672,Cobblestones,40.7150262,-73.832647,restaurant,Brooklyn
node/2569887992,Poke,40.7202807,-73.8435844,restaurant,Brooklyn
node/2569888065,Austin Street Pizza,40.719488,-73.8427055,restaurant,Brooklyn
node/2569928275,MoCA Asian Bistro,40.7209307,-73.8454848,restaurant,Brooklyn
node/2569928276,(aged.),40.7207152,-73.8456147,restaurant,Brooklyn
node/2569941720,Taco King,40.7328527,-73.8493069,restaurant,Brooklyn
node/2569964217,Yafa,40.7340385,-73.8503564,restaurant,Brooklyn
node/2569964221,El Rey,40.7338545,-73.8502624,restaurant,Brooklyn
node/2569969193,JC Garden,40.7311338,-73.8601891,restaurant,Brooklyn
node/2573098397,Morgan's Brooklyn Barbecue,40.6798791,-73.9741991,restaurant,Brooklyn
node/2573098441,Branded Saloon,40.6792534,-73.968081,pub,Brooklyn
node/2573098463,The Nuaa Table,40.6793508,-73.9684666,restaurant,Brooklyn
node/2573115154,Jet's Pizza,40.6787149,-73.9733548,restaurant,Brooklyn
node/2573115170,Gertrude's,40.6790513,-73.9716118,restaurant,Brooklyn
node/2605527962,Botanica,40.677249,-74.0153893,bar,Brooklyn
node/2605527963,Brooklyn Crab,40.6753603,-74.0165403,restaurant,Brooklyn
node/2622901044,Johnny Rockets,40.7079856,-73.8682569,restaurant,Brooklyn
node/2622901045,Manor Oktoberfest,40.7080779,-73.8683129,restaurant,Brooklyn
node/2622901046,Simply Fondue,40.7075568,-73.869021,restaurant,Brooklyn
node/2622901048,California Pizza Kitchen,40.7082623,-73.8694126,restaurant,Brooklyn
node/2622901050,Shiro of Japan,40.7090736,-73.8682003,restaurant,Brooklyn
node/2622901052,Chili's,40.7092647,-73.8694877,restaurant,Brooklyn
node/2664396742,Mexico Authentico,40.6693981,-73.9829869,restaurant,Brooklyn
node/2689493113,Marani,40.7312904,-73.8598848,restaurant,Brooklyn
node/2701655547,Gold Star Beer Counter,40.6752052,-73.9668209,pub,Brooklyn
node/2701690248,Sweet Chick,40.6775995,-73.9725192,restaurant,Brooklyn
node/2701847918,Antojitos,40.6927526,-73.8545147,restaurant,Brooklyn
node/2701913638,Joy Indian Restaurant,40.6788263,-73.9734353,restaurant,Brooklyn
node/2701919632,Let's Go! Ya Souvlakia,40.6789707,-73.9735396,restaurant,Brooklyn
node/2701919846,Born,40.6790205,-73.9735756,restaurant,Brooklyn
node/2701922513,Sumi,40.6791665,-73.9736811,restaurant,Brooklyn
node/2705030227,Mayfield,40.6749105,-73.9565957,restaurant,Brooklyn
node/2705030238,Crown Inn,40.6738854,-73.9569638,bar,Brooklyn
node/2706023205,Island Seas Cafe,40.6733786,-73.9568359,restaurant,Brooklyn
node/2706035626,Cabana Restaurant & Bar,40.7208592,-73.8455395,restaurant,Brooklyn
node/2706036434,Bangkok Cuisine,40.720986,-73.8454574,restaurant,Brooklyn
node/2712066273,Pies 'n' Thighs,40.6796635,-73.9745065,restaurant,Brooklyn
node/2712067241,Koto Sushi,40.67998,-73.974272,restaurant,Brooklyn
node/2712074698,Halifax,40.7392561,-74.0272813,restaurant,Brooklyn
node/2712074821,Sushi Lounge,40.738653,-74.0295486,restaurant,Brooklyn
node/2713490430,Puerto Viejo,40.6788419,-73.9621553,restaurant,Brooklyn
node/2713490479,Underhill,40.6794435,-73.9649602,pub,Brooklyn
node/2713495196,Udom Thai,40.6773592,-73.9635088,restaurant,Brooklyn
node/2713495198,Citrico,40.6768494,-73.9634184,restaurant,Brooklyn
node/2761509772,Catfish,40.6741249,-73.9536267,restaurant,Brooklyn
node/2768881124,Mighty Quinn's,40.7207758,-73.8432807,restaurant,Brooklyn
node/2808476708,Pasta Louise Cafe,40.6661931,-73.9786401,restaurant,Brooklyn
node/2827518409,Third Time's the Charm,40.6791839,-74.0105393,restaurant,Brooklyn
node/2827554068,San Pedro Inn,40.6791,-74.0110743,pub,Brooklyn
node/2827554215,The Funktion House,40.6792009,-74.0109457,nightclub,Brooklyn
node/2843984182,Salsa Pizza Napoletana,40.7214699,-73.8669256,restaurant,Brooklyn
node/2843984183,Pollos Mario,40.7237978,-73.8691014,restaurant,Brooklyn
node/2844006444,Yuzu Sushi,40.7184107,-73.8727184,restaurant,Brooklyn
node/2844072537,Sakura,40.723998,-73.8986987,restaurant,Brooklyn
node/2844277688,Tomo,40.7343679,-73.8743889,restaurant,Brooklyn
node/2844296519,John's Pizzaria,40.7348485,-73.8818881,restaurant,Brooklyn
node/2844472301,Georgia Diner,40.7374357,-73.8825217,restaurant,Brooklyn
node/2844472308,Faarzi,40.7356204,-73.8812802,restaurant,Brooklyn
node/2844564753,69 Pizzeria,40.7370374,-73.8957875,restaurant,Brooklyn
node/2846041452,Bravazo Restaurante,40.737483,-73.8634062,restaurant,Brooklyn
node/2846231106,Zhong Yue Reataurant,40.7375818,-73.8767742,restaurant,Brooklyn
node/2861988207,Atlantic Diner,40.6921746,-73.8339264,restaurant,Brooklyn
node/2862155698,El Pollo Inka,40.6828774,-73.8503295,restaurant,Brooklyn
node/2862177943,Romeo’s Pizza L’antica,40.6818159,-73.8370481,restaurant,Brooklyn
node/2863245236,IHOP,40.6813926,-73.8411156,restaurant,Brooklyn
node/2870860278,Agra Palace,40.715846,-73.8326608,restaurant,Brooklyn
node/2870860279,Sushi Koi,40.7157925,-73.8325755,restaurant,Brooklyn
node/2870940798,Mas Tortilla,40.7174413,-73.8347774,restaurant,Brooklyn
node/2887579236,Ciro's 2,40.5791168,-73.8370159,restaurant,Brooklyn
node/2887579292,"""The Last Stop""",40.580445,-73.8373252,restaurant,Brooklyn
node/2887582746,,40.5797589,-73.8376565,restaurant,Brooklyn
node/2887582769,BrazMex Cafe,40.5805487,-73.8378274,restaurant,Brooklyn
node/2887637806,Jameson's Pub,40.5784486,-73.8495695,pub,Brooklyn
node/2888069614,Umi Sushi & Seafood Buffet,40.5904288,-73.9395254,restaurant,Brooklyn
node/2888189655,La Villa,40.6665191,-73.8521002,restaurant,Brooklyn
node/2918770595,Sweet Brooklyn,40.6778518,-73.9499062,bar,Brooklyn
node/2943984204,Alenbi Kitchen,40.6664097,-73.9506618,restaurant,Brooklyn
node/2995384886,Grace Pizzeria,40.7020767,-73.8807907,restaurant,Brooklyn
node/2998996502,Rainbow Falafel & Shawarma,40.737266,-73.9909599,restaurant,Brooklyn
node/3144820988,Cafe Tibet,40.6411873,-73.9640917,restaurant,Brooklyn
node/3153549391,Corthaiyou,40.6404285,-73.9658063,restaurant,Brooklyn
node/3153553219,San Remo Pizzeria,40.640803,-73.9649265,restaurant,Brooklyn
node/3153556210,Kumo,40.6407806,-73.9650002,restaurant,Brooklyn
node/3153560987,Namaste Brooklyn,40.6399446,-73.9668868,restaurant,Brooklyn
node/3153565956,George's Restaurant,40.6388772,-73.9684505,restaurant,Brooklyn
node/3153568664,Bella's Pizzeria,40.6388609,-73.9688797,restaurant,Brooklyn
node/3154206870,Sharlene's Bar,40.6770508,-73.9721226,bar,Brooklyn
node/3154320985,Hoek,40.6778732,-74.0169652,restaurant,Brooklyn
node/3154321756,Fausto,40.6759728,-73.9718163,restaurant,Brooklyn
node/3154321758,Kami,40.6761314,-73.9714493,restaurant,Brooklyn
node/3154322864,El Gran Castillo de Jagua,40.6769861,-73.972072,restaurant,Brooklyn
node/3315132867,Nora Bene,40.5767835,-73.9645313,restaurant,Brooklyn
node/3315132869,Degirmen,40.5764447,-73.9660803,restaurant,Brooklyn
node/3315216995,Skovorodka,40.5778792,-73.9609953,restaurant,Brooklyn
node/3516415657,La Puerta Roja,40.6398121,-73.9671473,restaurant,Brooklyn
node/3582273593,Two Saints,40.6715078,-73.9502019,bar,Brooklyn
node/3583901536,Applebee's,40.7350298,-73.87071,restaurant,Brooklyn
node/3627488979,The Original John's Deli,40.5971145,-73.9850909,restaurant,Brooklyn
node/3671145141,Olivier Bistro,40.6688126,-73.9897325,restaurant,Brooklyn
node/3677076425,South Slope Restaurant & Bar,40.6678148,-73.9876435,restaurant,Brooklyn
node/3681294552,Lowlands Bar,40.6685272,-73.993285,bar,Brooklyn
node/3737535736,Calexico,40.6742831,-73.9822458,restaurant,Brooklyn
node/3737535737,Bonnie's Grill,40.6743282,-73.982202,restaurant,Brooklyn
node/3737535738,Andamiro,40.6743684,-73.9821829,restaurant,Brooklyn
node/3737560400,High Dive,40.6749501,-73.9812915,bar,Brooklyn
node/3737959221,St. George Tavern,40.7084159,-74.0142036,restaurant,Brooklyn
node/3743290030,The Royal Palms Shuffleboard Club,40.6787406,-73.9868491,bar,Brooklyn
node/3782040191,Midwood Flats,40.6596154,-73.960389,pub,Brooklyn
node/3810642475,Super Pollo,40.680154,-73.8929493,restaurant,Brooklyn
node/3852960091,sam a.m.,40.7140963,-74.0390342,restaurant,Brooklyn
node/3853008312,Satis Bistro,40.7143807,-74.0376094,restaurant,Brooklyn
node/3867409162,Covenhoven,40.6752213,-73.9600993,pub,Brooklyn
node/3867497359,99 Rogers,40.6743355,-73.9526676,pub,Brooklyn
node/3953943885,Estancia Piola 288,40.6773051,-73.9862959,restaurant,Brooklyn
node/3953944801,Cotra,40.6775422,-73.9872395,restaurant,Brooklyn
node/4015260295,Kosan Asian Fusion,40.5864054,-73.9520516,restaurant,Brooklyn
node/4058593202,Sushi Tatsu,40.6776584,-73.9552749,restaurant,Brooklyn
node/4077041307,India House,40.6787455,-73.9498159,restaurant,Brooklyn
node/4077193791,viva torro,40.717789,-73.9592305,bar,Brooklyn
node/4080306997,Ruby's Bar and Grill,40.5732504,-73.9801333,restaurant,Brooklyn
node/4080312832,Doña Zita,40.5748963,-73.9804635,restaurant,Brooklyn
node/4092433427,The Crabby Shack,40.6772879,-73.9554258,restaurant,Brooklyn
node/4092436389,Pearl Indian Restaurant,40.67321,-73.9572049,restaurant,Brooklyn
node/4094809532,Sushi Yashin,40.6708443,-73.9847247,restaurant,Brooklyn
node/4096098991,Fonda,40.6635858,-73.9845425,restaurant,Brooklyn
node/4111933905,Flamingo Baby Kitchen,40.6756931,-73.9782487,restaurant,Brooklyn
node/4111933909,Public Display of Affection,40.6774049,-73.9826549,restaurant,Brooklyn
node/4111933911,Palo Santo,40.6768229,-73.9819324,restaurant,Brooklyn
node/4111933912,Hunan Delight,40.6753841,-73.9781785,restaurant,Brooklyn
node/4121543701,Al Dente,40.6710538,-73.9845359,restaurant,Brooklyn
node/4131550493,Perizia kosher pizza,40.609745,-73.957691,restaurant,Brooklyn
node/4136514798,Buffalo Wild Wings,40.6553384,-73.8681511,restaurant,Brooklyn
node/4136515315,Pizza Studio,40.6532729,-73.8715523,restaurant,Brooklyn
node/4136515352,Applebee's,40.6539568,-73.8733441,restaurant,Brooklyn
node/4176535246,Aita Trattoria,40.67121,-73.9579262,restaurant,Brooklyn
node/4176535247,Arden,40.6716952,-73.9577516,restaurant,Brooklyn
node/4176542595,Cent'Anni,40.6730876,-73.9572479,restaurant,Brooklyn
node/4194059611,Frankies 457 Spuntino,40.677395,-73.9981225,restaurant,Brooklyn
node/4194085284,Boran,40.6782209,-73.9980487,restaurant,Brooklyn
node/4196018188,Franks Wine Bar,40.6771797,-73.9982258,restaurant,Brooklyn
node/4250507393,Pasta Louise,40.6642108,-73.9807113,restaurant,Brooklyn
node/4252801995,American Cheez,40.663259,-73.9848144,bar,Brooklyn
node/4252832789,Ten,40.6634477,-73.9846638,restaurant,Brooklyn
node/4252886827,Mr. Wonton,40.6751334,-73.9748331,restaurant,Brooklyn
node/4252890214,Bombay Kebab,40.676063,-73.9745541,restaurant,Brooklyn
node/4252894691,Danbo,40.6761132,-73.9745244,restaurant,Brooklyn
node/4252963691,Konoha Yakitori,40.674705,-73.975717,restaurant,Brooklyn
node/4252969089,Bangkok Degree,40.6747295,-73.9757805,restaurant,Brooklyn
node/4297076490,East Harbor seafood,40.6335234,-74.0143617,restaurant,Brooklyn
node/4305053637,Arts and Crafts Beer Parlor,40.7327089,-73.9978138,bar,Brooklyn
node/4316479293,David's Brisket House,40.6791211,-73.9494906,restaurant,Brooklyn
node/4316479492,Simon's BBQ,40.6416755,-74.0029091,restaurant,Brooklyn
node/4316479689,Joeper's Smokeshack,40.6192182,-73.9329172,restaurant,Brooklyn
node/4316479691,Red Hook Lobster Pound,40.6797691,-74.0102925,restaurant,Brooklyn
node/4326739868,Island Express,40.6470052,-73.958413,restaurant,Brooklyn
node/4367683495,Jenny #2 Restaurant,40.6719597,-73.9418137,restaurant,Brooklyn
node/4380452052,Luigi's Pizzeria,40.5991211,-73.9549395,restaurant,Brooklyn
node/4412211802,Unoriginal Noodles,40.6606506,-73.9904306,restaurant,Brooklyn
node/4425696947,Saint Eves,40.6638376,-73.9802832,bar,Brooklyn
node/4427305590,La Isla Restaurant,40.7377364,-74.0310042,restaurant,Brooklyn
node/4427331589,Choc O Pain.,40.7375993,-74.0321599,restaurant,Brooklyn
node/4429106918,Farina,40.6746386,-74.0007009,restaurant,Brooklyn
node/4452772391,Sky Thai,40.7137884,-74.0365211,restaurant,Brooklyn
node/4459827991,Mendelsohns Pizza,40.6305973,-73.977854,restaurant,Brooklyn
node/4491393192,"""diner""",40.6581609,-73.9312876,restaurant,Brooklyn
node/4498319691,Baozi Brew Dim Zum Restaurant,40.7087976,-74.0401176,restaurant,Brooklyn
node/4498329989,Bistro La Source,40.7136927,-74.0376575,restaurant,Brooklyn
node/4505202243,Minibar,40.6774833,-73.9984179,bar,Brooklyn
node/4509660391,Hometown Bar-B-Que,40.6749263,-74.0161261,restaurant,Brooklyn
node/4630895310,,40.5927967,-73.9254105,bar,Brooklyn
node/4630895311,,40.5927283,-73.9253478,bar,Brooklyn
node/4630895312,,40.5928605,-73.9254797,restaurant,Brooklyn
node/4630895313,,40.5928172,-73.9253809,restaurant,Brooklyn
node/4630895314,,40.5943535,-73.9299925,bar,Brooklyn
node/4678607211,Cafe Kestrel,40.6787293,-74.0110792,restaurant,Brooklyn
node/4680011093,Crown Garden,40.6728538,-73.9626391,restaurant,Brooklyn
node/4724396553,O'Hara's Downtown Sports Bar & Grill,40.7216573,-74.0408424,bar,Brooklyn
node/4751257721,Farrell's,40.6602376,-73.980295,bar,Brooklyn
node/4762022023,Texas Arizona,40.7360184,-74.0293365,bar,Brooklyn
node/4774165526,95 South,40.6719049,-73.9576748,restaurant,Brooklyn
node/4774165527,Ital Kitchen,40.6695896,-73.9579451,restaurant,Brooklyn
node/4774165530,Cheryl's Global Soul,40.6735803,-73.9674379,restaurant,Brooklyn
node/4813805532,The Coney Island Sandbar,40.5749582,-73.9839665,bar,Brooklyn
node/4843811822,Stolovaya,40.5983011,-73.9625624,restaurant,Brooklyn
node/4866584521,Nargis Cafe,40.5861961,-73.9552187,restaurant,Brooklyn
node/4866589921,Shaurma Factory,40.5765048,-73.9651639,restaurant,Brooklyn
node/4870096824,Kashkar Cafe,40.5777565,-73.9554906,restaurant,Brooklyn
node/4870096921,Sunny House,40.5840139,-73.9508708,restaurant,Brooklyn
node/4878970825,,40.5773,-73.9621202,restaurant,Brooklyn
node/4884161241,Wheeler's,40.5857794,-73.9516177,pub,Brooklyn
node/4884445809,Sunny's,40.6756774,-74.0168831,bar,Brooklyn
node/4884529013,Scottadito,40.674727,-73.9764984,restaurant,Brooklyn
node/4915160821,New Metro Sushi Cafe,40.7070099,-73.8344285,restaurant,Brooklyn
node/4915161021,Hangar 11 Burgers & Brews,40.7061937,-73.8313228,restaurant,Brooklyn
node/4921358325,Drink Lounge,40.6721625,-73.9575803,bar,Brooklyn
node/4921358326,Altar,40.6734842,-73.9573814,bar,Brooklyn
node/4931671121,Orange Grill,40.5913032,-73.9919557,restaurant,Brooklyn
node/4939086765,The Commissioner,40.6748633,-73.9813709,pub,Brooklyn
node/4951697321,Pomo,40.6599051,-73.9610065,bar,Brooklyn
node/4964966622,Smorgasbar,40.7204146,-74.0319809,bar,Brooklyn
node/4965009121,Lokal Eatery & Bar,40.7214378,-74.0316291,restaurant,Brooklyn
node/5018994210,Mandarin House,40.61269,-73.9262938,restaurant,Brooklyn
node/5018995434,E Sushi,40.6180815,-73.9324093,restaurant,Brooklyn
node/5023063921,Burger Village,40.6703951,-73.9788529,restaurant,Brooklyn
node/5026597723,Hundred Acres,40.6793219,-73.9207997,restaurant,Brooklyn
node/5035203421,Gargiulo's,40.5764063,-73.9823799,restaurant,Brooklyn
node/5062423324,Bombay Masala,40.6332972,-74.0268732,restaurant,Brooklyn
node/5069817321,Departed Soles Brewing Company,40.7208296,-74.0400315,bar,Brooklyn
node/5102233257,Mooney's Public House,40.7260468,-73.8772602,bar,Brooklyn
node/5123325421,Spring,40.729411,-73.8613202,restaurant,Brooklyn
node/5159131321,DH Noodles,40.6052077,-73.9974272,restaurant,Brooklyn
node/5165264872,Caterina Pizza,40.6806593,-73.8827677,restaurant,Brooklyn
node/5167467623,Bobwhite Lunch and Supper Counter,40.7236542,-73.9789806,restaurant,Brooklyn
node/5180910055,Kyuramen,40.6779261,-73.9792648,restaurant,Brooklyn
node/5182473281,Ginger's Bar,40.6713308,-73.9843022,bar,Brooklyn
node/5182790887,Blueprint,40.6768648,-73.980329,bar,Brooklyn
node/5184885238,333 Lounge,40.6778233,-73.9726846,bar,Brooklyn
node/5184885239,Geido,40.6778844,-73.9727365,restaurant,Brooklyn
node/5191768762,Oita,40.674917,-73.9762679,restaurant,Brooklyn
node/5195826567,Eira Mercearia,40.7182186,-74.0433029,restaurant,Brooklyn
node/5201880222,Atlantis Diner,40.643217,-73.9141166,restaurant,Brooklyn
node/5202658097,7th Avenue Donuts & Diner,40.6672425,-73.9814979,restaurant,Brooklyn
node/5203975713,Fil's,40.5841762,-73.9357646,restaurant,Brooklyn
node/5206200737,SoCo,40.6937269,-73.9644988,restaurant,Brooklyn
node/5209121687,BKLN Diner,40.6193879,-73.9174784,restaurant,Brooklyn
node/5209147840,Lagos Lounge,40.6191238,-73.9260348,nightclub,Brooklyn
node/5209148262,Benvenuti,40.6176989,-73.9317428,restaurant,Brooklyn
node/5209205752,Bay Bagels,40.6150155,-73.9804639,restaurant,Brooklyn
node/5209288222,Chinese Food,40.673022,-73.8711691,restaurant,Brooklyn
node/5209289478,Foodies Restaurant,40.6743565,-73.8708472,restaurant,Brooklyn
node/5209289787,Jamaican Jerk House,40.67315,-73.8701897,restaurant,Brooklyn
node/5209292726,Roti on the Run,40.6816144,-73.8789582,restaurant,Brooklyn
node/5209292893,Puerto Plata,40.6816632,-73.8797522,restaurant,Brooklyn
node/5209293941,Mr. Fulton Bar & Grill,40.6822013,-73.8776963,restaurant,Brooklyn
node/5209298020,East Garden,40.6191857,-73.9333879,restaurant,Brooklyn
node/5209299421,Oasis,40.6179431,-73.9319909,restaurant,Brooklyn
node/5210977570,Brooklyn D.O.P. Pizza,40.6752646,-73.9810796,restaurant,Brooklyn
node/5212687621,The Lights Of Baku,40.5948601,-73.9818023,restaurant,Brooklyn
node/5214911560,Hungry Thirsty,40.6779479,-73.9960941,restaurant,Brooklyn
node/5215082711,YoYo Fritaville,40.6429151,-73.9489156,restaurant,Brooklyn
node/5215082714,Hookah Lounge,40.6433951,-73.9489646,bar,Brooklyn
node/5216101047,Oval,40.6516015,-73.9379776,nightclub,Brooklyn
node/5218846618,Sake Sushi,40.6000345,-73.9903166,restaurant,Brooklyn
node/5218862265,New Pho Tay Ho,40.5999674,-73.9902056,restaurant,Brooklyn
node/5218863802,Duck Wong Restaurant,40.6001276,-73.9904707,restaurant,Brooklyn
node/5218866076,Rangoon Spoon,40.5996809,-73.9897312,restaurant,Brooklyn
node/5220904072,Daddy Greens,40.6796859,-73.938832,restaurant,Brooklyn
node/5221020075,Fulton Ale House,40.6799138,-73.9429674,bar,Brooklyn
node/5221020076,Soldier Restaurant,40.6799265,-73.9430377,restaurant,Brooklyn
node/5221020078,Agosto Thai,40.6799036,-73.9428226,restaurant,Brooklyn
node/5221368199,Glou,40.6628084,-73.9539368,restaurant,Brooklyn
node/5221387332,Wasabi Sushi,40.599578,-73.9895609,restaurant,Brooklyn
node/5227303229,Europa Restaurant,40.6165631,-73.9855896,restaurant,Brooklyn
node/5229544562,Redang Island,40.6403733,-74.0046873,restaurant,Brooklyn
node/5229544586,Gia Lam,40.6420592,-74.002941,restaurant,Brooklyn
node/5229546195,Progreso,40.6362414,-74.0005216,restaurant,Brooklyn
node/5246547360,Jai Dee,40.6641096,-73.9841094,restaurant,Brooklyn
node/5248097100,Paris Baguette,40.7301642,-73.8614854,restaurant,Brooklyn
node/5248097102,Bamboo Ya,40.7298595,-73.860715,restaurant,Brooklyn
node/5248100568,Pizza Hut,40.7297144,-73.8621461,restaurant,Brooklyn
node/5248100572,Planet Wings,40.7295936,-73.8628879,restaurant,Brooklyn
node/5260289622,Nacho Macho Taco,40.6764842,-73.96269,restaurant,Brooklyn
node/5260308621,Muse,40.6766242,-73.9633781,restaurant,Brooklyn
node/5260594361,Ahri's Kitchen,40.7259869,-74.0437923,restaurant,Brooklyn
node/5260594364,Lotus,40.7265556,-74.0437045,restaurant,Brooklyn
node/5286448323,King Tai,40.6761941,-73.9494639,bar,Brooklyn
node/5299354218,The Meat Corner,40.6366369,-74.0117444,restaurant,Brooklyn
node/5304101919,Paddy G's,40.7375919,-73.8774133,bar,Brooklyn
node/5312844259,New Park Pizza,40.6626861,-73.840479,restaurant,Brooklyn
node/5312844455,Aldo's,40.6720691,-73.8428635,restaurant,Brooklyn
node/5312844456,Esquire Diner,40.6789939,-73.8439283,restaurant,Brooklyn
node/5312845219,Haven Hotel,40.7154014,-73.8600816,hotel,Brooklyn
node/5317288666,Canal Bar,40.6779074,-73.9858925,bar,Brooklyn
node/5317288668,Siempre,40.6780873,-73.9854316,restaurant,Brooklyn
node/5320691263,Aji Sushi,40.6765722,-73.9801832,restaurant,Brooklyn
node/5320691267,Namaste,40.6767383,-73.9800713,restaurant,Brooklyn
node/5333315837,Numero 28 Pizza,40.6728282,-73.9764219,restaurant,Brooklyn
node/5336031827,Kiosko 787,40.6768987,-73.9861171,restaurant,Brooklyn
node/5342137750,5 Burro Cafe,40.7193565,-73.8423767,restaurant,Brooklyn
node/5343766511,Jin Ramen Sushi,40.7076972,-73.8973724,restaurant,Brooklyn
node/5343766878,Barn Na Thai,40.7101727,-73.8994759,restaurant,Brooklyn
node/5344122640,Pahal Zan Kosher Falafel,40.7197455,-73.8448734,restaurant,Brooklyn
node/5344122643,Forno Pizzaria E Trattoria,40.7328089,-73.8957054,restaurant,Brooklyn
node/5345991352,Little Egypt,40.7081033,-73.8980417,restaurant,Brooklyn
node/5346070474,Neir's Tavern,40.6898155,-73.8637009,bar,Brooklyn
node/5346072554,Lenny's Clam Bar & Restaurant,40.6557198,-73.8386154,restaurant,Brooklyn
node/5348387715,Coco Lin Restaurant,40.7098803,-73.8988203,restaurant,Brooklyn
node/5350120087,Sweet Jane's,40.7056188,-73.8942873,bar,Brooklyn
node/5351606244,Królewskie Jadło,40.7083622,-73.8977421,restaurant,Brooklyn
node/5351608336,Taqueria Kermes,40.7078991,-73.8978882,restaurant,Brooklyn
node/5351679386,Walsh's Pub,40.7034775,-73.8953145,bar,Brooklyn
node/5351699032,Queens Tavern,40.7034206,-73.895285,bar,Brooklyn
node/5351724534,Trattoria Cerbone,40.7011525,-73.8948799,restaurant,Brooklyn
node/5351729893,Best Buds Burgers,40.700751,-73.8992535,restaurant,Brooklyn
node/5355100449,The Kitchen Step,40.7197477,-74.0470279,restaurant,Brooklyn
node/5358560076,Menya Sandaime,40.7285858,-74.0342183,restaurant,Brooklyn
node/5360034108,Raaz,40.7276162,-74.0349845,restaurant,Brooklyn
node/5360034109,Dorian's,40.7280825,-74.0349075,bar,Brooklyn
node/5364874535,Room 55,40.7077346,-73.8623919,restaurant,Brooklyn
node/5365021889,Cozy Corner,40.701672,-73.8987795,bar,Brooklyn
node/5365027980,Fajitas Sunrise,40.7003912,-73.8988753,restaurant,Brooklyn
node/5365041380,Wow Bagel,40.7036545,-73.895769,restaurant,Brooklyn
node/5373756804,Rana Fifteen,40.6775093,-73.9826979,restaurant,Brooklyn
node/5375735501,Mon Cheri,40.7098816,-73.8992654,restaurant,Brooklyn
node/5380557727,Hibachi,40.7181178,-73.8372841,restaurant,Brooklyn
node/5397482648,Sal's Pizzeria,40.6926352,-73.8587959,restaurant,Brooklyn
node/5397489397,U-Me Sushi,40.6926396,-73.8586976,restaurant,Brooklyn
node/5397491708,Bonao Chimi,40.6915523,-73.8650505,restaurant,Brooklyn
node/5397491902,El Puerto Mexicano,40.6923545,-73.8598367,restaurant,Brooklyn
node/5397491991,Delicias Restaurant & Bar,40.6927952,-73.8561153,restaurant,Brooklyn
node/5397493886,Lane Pizzaria,40.6916475,-73.8657928,restaurant,Brooklyn
node/5397493889,Francy Restaurant,40.6923758,-73.8613298,restaurant,Brooklyn
node/5397494622,Shanghai Kitchen,40.692276,-73.8619976,restaurant,Brooklyn
node/5397494633,Thailand Kitchen,40.6926843,-73.8579455,restaurant,Brooklyn
node/5397494976,The New Pops,40.6924705,-73.8582321,restaurant,Brooklyn
node/5397495226,May May Kitchen,40.6911961,-73.8671768,restaurant,Brooklyn
node/5397496098,Prima Pizza,40.6936071,-73.8526739,restaurant,Brooklyn
node/5397496250,And,40.6936222,-73.8526082,restaurant,Brooklyn
node/5397497261,Joe's Pizza and Pasta,40.6941877,-73.8500765,restaurant,Brooklyn
node/5401946316,Pata Cafe,40.7325404,-73.8767897,restaurant,Brooklyn
node/5403602691,Chikalicious,40.7296787,-73.9863187,bar,Brooklyn
node/5410387689,Antica Trattoria,40.7048138,-73.8963266,restaurant,Brooklyn
node/5410422766,Fresh Pond Mexican Restaurant and Corner Coffee Shop,40.7052071,-73.8964883,restaurant,Brooklyn
node/5412529181,La Cabaña Jarabacoa,40.7093302,-73.8984681,restaurant,Brooklyn
node/5413050635,Las Margaritas,40.7054738,-73.89665,restaurant,Brooklyn
node/5413059824,New York Grill,40.7010683,-73.8896082,restaurant,Brooklyn
node/5413082721,Mr. Chen,40.7006147,-73.899916,restaurant,Brooklyn
node/5413119830,Delicious Wok,40.7003714,-73.8967638,restaurant,Brooklyn
node/5417691690,Willow Tavern,40.7097781,-73.899215,pub,Brooklyn
node/5419527590,Gyro Grill,40.7242179,-73.8694525,restaurant,Brooklyn
node/5421097540,La Gitana #3,40.6934981,-73.8529357,restaurant,Brooklyn
node/5425890914,Cafe Sugar & Spice,40.6941414,-73.8512115,restaurant,Brooklyn
node/5425890915,Dumpling House,40.6942276,-73.8499342,restaurant,Brooklyn
node/5425891934,Avenue Diner,40.6929703,-73.8534698,restaurant,Brooklyn
node/5425892274,Kinwa Peruvian Kitchen,40.6949045,-73.8476501,restaurant,Brooklyn
node/5436244919,Fontana,40.7123468,-73.8952666,restaurant,Brooklyn
node/5446680722,Bogota,40.6782016,-73.9790801,restaurant,Brooklyn
node/5455223692,Raices Argentinas,40.6620497,-73.9924927,restaurant,Brooklyn
node/5455223694,Freddy's,40.663297,-73.9911777,pub,Brooklyn
node/5463210843,Laojie Hot Pot,40.6393011,-74.0049723,restaurant,Brooklyn
node/5465544311,Tropical Restaurant,40.6926093,-73.8557714,restaurant,Brooklyn
node/5474403098,Aroma Indian,40.7238626,-73.867919,restaurant,Brooklyn
node/5476093789,El Viejo Yayo 2,40.6691202,-73.985797,restaurant,Brooklyn
node/5485440621,New Thanh Hoài,40.729085,-74.0433246,restaurant,Brooklyn
node/5487146973,The Meat Hook,40.6797279,-73.9822068,restaurant,Brooklyn
node/5487146978,Threes Brewing,40.6798144,-73.9821529,pub,Brooklyn
node/5494867632,Luya,40.6759383,-73.9806212,restaurant,Brooklyn
node/5498043693,Tasty Thai,40.6998878,-73.8995552,restaurant,Brooklyn
node/5499997873,Boca Juniors Steak House,40.7373469,-73.8821174,restaurant,Brooklyn
node/5500008571,Columbia in Park Slope,40.6712714,-73.9847604,restaurant,Brooklyn
node/5500023645,Meli,40.7109993,-73.85351,restaurant,Brooklyn
node/5500025541,Guantanamera,40.7186447,-73.8384035,restaurant,Brooklyn
node/5500090028,Sushi Lin,40.6777604,-73.9726501,restaurant,Brooklyn
node/5503046523,E-Chiban,40.7075601,-73.8972642,restaurant,Brooklyn
node/5503345433,Pita Mediterranean Gyro And Grill,40.7079173,-73.89743,restaurant,Brooklyn
node/5506774607,Terre,40.6719617,-73.9837809,restaurant,Brooklyn
node/5506774608,Chela,40.6702776,-73.9855774,restaurant,Brooklyn
node/5506774614,Emmy Squared Pizza,40.6728767,-73.9830155,restaurant,Brooklyn
node/5509625870,Bareburger,40.728289,-73.9982539,restaurant,Brooklyn
node/5511936876,jPAN Sushi,40.6736554,-73.982364,restaurant,Brooklyn
node/5517079870,Szechuan Delight,40.6725356,-73.9770742,restaurant,Brooklyn
node/5520364135,Picasso Pizzeria,40.7103655,-74.0164537,restaurant,Brooklyn
node/5520366419,The Black Hound,40.7103321,-74.0164647,bar,Brooklyn
node/5528710489,Barbès,40.6677889,-73.9838478,bar,Brooklyn
node/5536589904,Grand Canyon,40.6713859,-73.9776443,restaurant,Brooklyn
node/5537012524,Sakura,40.6019383,-73.934477,restaurant,Brooklyn
node/5537012525,Falafalafa,40.6020706,-73.9347707,restaurant,Brooklyn
node/5541431668,Be Pasta,40.6719556,-73.977831,restaurant,Brooklyn
node/5549150577,Tong Dee,40.67738,-73.9799667,restaurant,Brooklyn
node/5549150589,Bricolage,40.6778967,-73.9796265,restaurant,Brooklyn
node/5557724695,Union Cafe & Restaurant,40.6781724,-73.9853637,restaurant,Brooklyn
node/5562952083,Convivium Osteria,40.6810436,-73.9774878,restaurant,Brooklyn
node/5565464516,The Bar,40.6773571,-73.986265,bar,Brooklyn
node/5565464517,Claro,40.6774174,-73.9862272,restaurant,Brooklyn
node/5574466294,Peppinos,40.6298391,-74.0286236,restaurant,Brooklyn
node/5574466297,Zona Sur,40.6502062,-74.0090038,restaurant,Brooklyn
node/5574466301,Three Jolly Pigeons,40.6366072,-74.0258612,pub,Brooklyn
node/5581609455,Tenzan,40.6152342,-73.993913,restaurant,Brooklyn
node/5581609456,Tony Pepperoni,40.6133502,-73.9962431,restaurant,Brooklyn
node/5589310921,Panca BK,40.6797119,-73.9679061,restaurant,Brooklyn
node/5594942411,Mama's Noodle House,40.6169149,-73.9928583,restaurant,Brooklyn
node/5600170738,Joey's Pizza,40.7261855,-73.895148,restaurant,Brooklyn
node/5600702493,La Villa,40.6743832,-73.9817699,restaurant,Brooklyn
node/5600963724,LoFi,40.673639,-73.9830521,bar,Brooklyn
node/5600963727,Simply Greek,40.6754626,-73.9812765,restaurant,Brooklyn
node/5600963731,Natto,40.6737439,-73.9826984,restaurant,Brooklyn
node/5602501473,Sakura IV,40.7011743,-73.8917569,restaurant,Brooklyn
node/5611838879,House Of Gyro & Shawarma,40.7030233,-73.8951913,restaurant,Brooklyn
node/5612336547,Zenith Thai,40.7024081,-73.8953095,restaurant,Brooklyn
node/5612379208,Celtic Gasthaus,40.7008443,-73.8922402,restaurant,Brooklyn
node/5617834157,Ace Pizzeria and Restaurant,40.7006939,-73.8940349,restaurant,Brooklyn
node/5617849943,Corato II Pizza,40.7009113,-73.8950499,restaurant,Brooklyn
node/5620016580,Angelinana,40.7006784,-73.8975972,restaurant,Brooklyn
node/5627689561,Miatzil,40.6736077,-73.982405,restaurant,Brooklyn
node/5627689562,Pangat,40.6711809,-73.9844222,restaurant,Brooklyn
node/5627689565,Masalawala & Sons,40.6712802,-73.9843443,restaurant,Brooklyn
node/5627689566,Logan's Run,40.6710904,-73.9845075,bar,Brooklyn
node/5627689567,Prem,40.6734692,-73.9825256,restaurant,Brooklyn
node/5628829221,egg shop,40.7187792,-73.9580349,restaurant,Brooklyn
node/5642678619,Kanan Indian Restaurant,40.6718143,-73.9909188,restaurant,Brooklyn
node/5656772689,Luck Thai,40.6709654,-73.9850217,restaurant,Brooklyn
node/5656966138,Spicy Bai Chuan,40.616558,-73.9929903,restaurant,Brooklyn
node/5656966139,Spicy Bampa,40.616475,-73.9930786,restaurant,Brooklyn
node/5657662132,Noodle Lane,40.6701163,-73.9790899,restaurant,Brooklyn
node/5670881678,Rustico Taverna,40.7092294,-73.8984119,restaurant,Brooklyn
node/5673620476,Bar Louise,40.6700343,-73.978766,bar,Brooklyn
node/5673620483,Brewer's Row,40.6701919,-73.9790267,pub,Brooklyn
node/5673620486,Mariscos El Submarino,40.6702652,-73.9789672,restaurant,Brooklyn
node/5683043415,Jade Star Kitchen,40.6161652,-73.9933995,restaurant,Brooklyn
node/5691689923,New Jin Xin,40.6156875,-73.9938606,restaurant,Brooklyn
node/5691689928,Pho'18 Ave,40.6154351,-73.9941385,restaurant,Brooklyn
node/5699831759,Delight Diner and Donuts,40.7062749,-73.8966313,restaurant,Brooklyn
node/5702768703,Taste of China,40.7055632,-73.8966972,restaurant,Brooklyn
node/5703248587,,40.6779429,-73.9727769,restaurant,Brooklyn
node/5706864741,Dram Shop,40.6687941,-73.9851157,pub,Brooklyn
node/5709849145,Tava,40.6731143,-73.9832079,restaurant,Brooklyn
node/5712453223,Sofreh,40.679831,-73.9739893,restaurant,Brooklyn
node/5713785720,Ocean Bay Seafood Restaurant,40.7370147,-73.8801706,restaurant,Brooklyn
node/5714335362,Amorina,40.6775351,-73.969119,restaurant,Brooklyn
node/5718949340,Gojo Teriyaki,40.6741723,-73.9996782,restaurant,Brooklyn
node/5728812125,39 Fantastic Bar,40.6470515,-73.997732,bar,Brooklyn
node/5732426322,Hudson Hall,40.7213027,-74.0408214,restaurant,Brooklyn
node/5737128427,Mathews Food and Drink,40.7208697,-74.0429074,restaurant,Brooklyn
node/5737743043,Botte di Vino,40.6678455,-73.9805935,restaurant,Brooklyn
node/5742636433,Wild East Brewing Company,40.6785445,-73.9835994,bar,Brooklyn
node/5747107689,Faros,40.6427967,-73.9797979,restaurant,Brooklyn
node/5747108287,Paradise,40.6383559,-73.9979715,restaurant,Brooklyn
node/5747114435,Sushi,40.6352385,-73.9813542,restaurant,Brooklyn
node/5747117629,Jentana's,40.6374442,-73.9993534,restaurant,Brooklyn
node/5747118676,3 in 1,40.6383893,-73.997941,restaurant,Brooklyn
node/5747214638,Holy Schnitzel,40.6321771,-73.9744663,restaurant,Brooklyn
node/5747288680,Naim Kosher Pizza,40.6378946,-73.9821749,restaurant,Brooklyn
node/5747289305,BK Burrito,40.6429365,-73.9911189,restaurant,Brooklyn
node/5747291119,Tulcingo,40.6419934,-74.0137611,restaurant,Brooklyn
node/5747704988,Shane's,40.6741759,-73.9632476,restaurant,Brooklyn
node/5747704989,Ogliastro,40.6744249,-73.963303,restaurant,Brooklyn
node/5747704994,Lowerline,40.6742194,-73.9632572,restaurant,Brooklyn
node/5747704998,Lit at Shane's,40.6741136,-73.9632381,bar,Brooklyn
node/5747763823,Little Egg,40.6776919,-73.963578,restaurant,Brooklyn
node/5759239868,Usuluteco #2,40.6502351,-74.0047556,restaurant,Brooklyn
node/5771336673,Fleur,40.6708059,-73.9851362,restaurant,Brooklyn
node/5774139397,Halyards,40.6732561,-73.9897416,pub,Brooklyn
node/5775345831,Ten-Ichi Ramen,40.6654367,-73.9829947,restaurant,Brooklyn
node/5777872160,Commonwealth,40.6672125,-73.9877442,bar,Brooklyn
node/5777945555,Buttermilk Bar,40.6648053,-73.9897664,bar,Brooklyn
node/5793887408,Spiro's,40.5996605,-73.9501907,restaurant,Brooklyn
node/5793887410,Pho Hoai,40.5991391,-73.9522461,restaurant,Brooklyn
node/5793887411,Sherdor,40.59944,-73.9520428,restaurant,Brooklyn
node/5794594702,Liar Liar,40.6796022,-73.9869318,bar,Brooklyn
node/5805217636,Daisy's Diner,40.6689647,-73.9866766,restaurant,Brooklyn
node/5805217641,Smith's Tavern,40.6694826,-73.9862602,pub,Brooklyn
node/5805217649,Fifth Avenue Diner,40.6696337,-73.986123,restaurant,Brooklyn
node/5809624401,The Bar at Café Kitsuné,40.6865984,-73.9851734,bar,Brooklyn
node/5815796653,OPera Cafe & Lounge,40.5838655,-73.9445598,restaurant,Brooklyn
node/5821144853,Sandy Jack's,40.6615405,-73.9930168,bar,Brooklyn
node/5827853292,Peppino's,40.6681833,-73.9869266,restaurant,Brooklyn
node/5832647117,Hà Nội Vietnamese Kitchen,40.6666489,-73.9814925,restaurant,Brooklyn
node/5837225126,Zaytoons,40.6787076,-73.9687196,restaurant,Brooklyn
node/5837304282,Weather Up,40.6798923,-73.9678472,bar,Brooklyn
node/5838758063,Brookvin,40.6653139,-73.9826981,bar,Brooklyn
node/5839908907,Black Bear,40.7389275,-74.0302397,bar,Brooklyn
node/5842020678,Vegetarian Palate,40.6796133,-73.9639347,restaurant,Brooklyn
node/5842360287,Double Delight,40.6131093,-74.0003816,restaurant,Brooklyn
node/5842396230,El Nuevo Sabor Latino,40.6648083,-73.9938148,restaurant,Brooklyn
node/5859542351,Whisk & Whiskey,40.6758276,-73.9838715,bar,Brooklyn
node/5866304497,Kiku,40.6658587,-73.9822534,restaurant,Brooklyn
node/5871959191,Runner Up,40.6656302,-73.9822074,bar,Brooklyn
node/5889398141,Pizza Plus,40.6659015,-73.9822178,restaurant,Brooklyn
node/5889398145,Indian Spice,40.6660878,-73.982063,restaurant,Brooklyn
node/5891774861,Nourish,40.6779561,-73.9685515,restaurant,Brooklyn
node/5891774867,Ozakaya,40.678063,-73.9685123,restaurant,Brooklyn
node/5893644019,Double Red,40.5990553,-73.9528796,restaurant,Brooklyn
node/5895012931,Mumbai Place,40.6772512,-73.9687774,restaurant,Brooklyn
node/5898591215,Gypsy Grill,40.7212827,-74.0457742,restaurant,Brooklyn
node/5908861455,Baciccia,40.6637744,-73.9843814,restaurant,Brooklyn
node/5910319481,Java Rijsttafel,40.6626959,-73.9848775,restaurant,Brooklyn
node/5910404920,Block Hill Station,40.6605179,-73.9944882,bar,Brooklyn
node/5914043150,Athena,40.6648688,-73.9863911,restaurant,Brooklyn
node/5927079786,Moldova,40.6129404,-73.9626816,restaurant,Brooklyn
node/5931990009,Petite Dumpling,40.6743962,-73.9821571,restaurant,Brooklyn
node/5932658180,Mura,40.6714461,-73.9846144,restaurant,Brooklyn
node/5937385486,Breva,40.5752969,-73.9627591,restaurant,Brooklyn
node/5970809860,Taste of India,40.7271231,-74.0385487,restaurant,Brooklyn
node/5970881925,Tacos Matamoras,40.6477924,-74.0077427,restaurant,Brooklyn
node/5978745717,Tendo Sushi,40.708153,-73.8980483,restaurant,Brooklyn
node/5978792504,Oligarch,40.7008778,-73.8310834,restaurant,Brooklyn
node/5978868303,Dear Maud,40.7377491,-74.0330843,restaurant,Brooklyn
node/5979751685,New Corner,40.6284836,-74.016625,restaurant,Brooklyn
node/5980564786,Vetro Restaurant & Lounge,40.6493266,-73.837137,restaurant,Brooklyn
node/5981237297,Vinny's Pizzeria,40.7374195,-73.8638593,restaurant,Brooklyn
node/5984018668,Prospect Bar & Grill,40.6657682,-73.9889482,pub,Brooklyn
node/5984018676,Good Judy,40.6652938,-73.989342,bar,Brooklyn
node/5984075034,I Love Guacamole,40.6626448,-73.9918645,restaurant,Brooklyn
node/5984151031,Mikhuy,40.6645563,-73.9903601,restaurant,Brooklyn
node/5986282525,Silver Spoon Diner,40.735291,-73.8648431,restaurant,Brooklyn
node/5990552322,F.O.B.,40.6826223,-73.9931049,restaurant,Brooklyn
node/6001381447,Benvenuti,40.7096561,-74.0167972,restaurant,Brooklyn
node/6003410966,The Roof,40.6747032,-73.9890479,pub,Brooklyn
node/6008550517,Zagaya,40.6603099,-73.9799667,bar,Brooklyn
node/6008589295,Hunter's Steak & Ale House,40.6166185,-74.0310953,restaurant,Brooklyn
node/6008589478,Fort Hamilton Diner,40.6159722,-74.0313613,restaurant,Brooklyn
node/6008597456,UNO Chicago Grill,40.6180734,-74.0300202,restaurant,Brooklyn
node/6008597571,First Oasis Restaurant,40.6179668,-74.0305288,restaurant,Brooklyn
node/6034908941,Jiang Nan NJC,40.7168217,-74.0388173,restaurant,Brooklyn
node/6037924843,Sea Witch,40.6609017,-73.9936738,pub,Brooklyn
node/6037924845,Siren,40.6614561,-73.9931051,restaurant,Brooklyn
node/6044324743,Wheated,40.6466258,-73.9705585,restaurant,Brooklyn
node/6063372768,Tre Fontane,40.5964702,-73.9757792,restaurant,Brooklyn
node/6070812475,Li Wan,40.7123911,-73.8961267,restaurant,Brooklyn
node/6071618557,South,40.6631961,-73.9912836,bar,Brooklyn
node/6086429650,Delmar Pizzeria,40.5861777,-73.9522698,restaurant,Brooklyn
node/6086549785,Shashlik Uzn1,40.6357295,-73.9774928,restaurant,Brooklyn
node/6089028376,Tooker Alley,40.6728072,-73.9626303,bar,Brooklyn
node/6109975005,Haenyeo,40.6751767,-73.9811389,restaurant,Brooklyn
node/6140954576,Pig and Parrot Last Resort,40.73826,-74.030448,bar,Brooklyn
node/6140954578,Johnny Rockets,40.7386639,-74.0307323,restaurant,Brooklyn
node/6171919785,Pacificana,40.6381769,-74.0060711,restaurant,Brooklyn
node/6171982286,El Nopal,40.6631577,-73.9913238,restaurant,Brooklyn
node/6172145386,Werkstatt,40.6452451,-73.9703311,restaurant,Brooklyn
node/6175661514,Kai Feng Fu,40.6420418,-74.0024442,restaurant,Brooklyn
node/6177508887,Antojitos Catrachos,40.6510383,-74.0037377,restaurant,Brooklyn
node/6211678985,BurDuck Bar & Cafeteria,40.5761355,-73.9689946,restaurant,Brooklyn
node/6217022250,Whoopsie Daisy,40.6686869,-73.9532357,bar,Brooklyn
node/6238366159,Mighty Quinn's,40.6721962,-73.9902225,restaurant,Brooklyn
node/6240864798,Highbury Inn,40.6392034,-73.9685588,bar,Brooklyn
node/6242964887,Padishah,40.5991477,-73.9519009,restaurant,Brooklyn
node/6242987486,Chatan De Capitan,40.5941709,-73.9611842,restaurant,Brooklyn
node/6262522981,Halal Xpress Asian Fusion,40.6129593,-73.996628,restaurant,Brooklyn
node/6289623685,Seaport Buffet,40.5839387,-73.9471181,restaurant,Brooklyn
node/6296605532,The Owl Farm,40.6695398,-73.9866612,pub,Brooklyn
node/6299824432,Bedawi Cafe,40.6586091,-73.9821245,restaurant,Brooklyn
node/6299824437,Bangkok Boulevard,40.6585263,-73.9822092,restaurant,Brooklyn
node/6300062997,Sushi Yu,40.6603233,-73.9806196,restaurant,Brooklyn
node/6300063009,Krupa Grocery,40.6598666,-73.9806132,restaurant,Brooklyn
node/6300063011,Windsor Diner,40.6601373,-73.9807753,restaurant,Brooklyn
node/6306935875,Wanisa,40.6869967,-73.9904292,restaurant,Brooklyn
node/6314905332,Mezcal,40.6760732,-73.9990931,restaurant,Brooklyn
node/6315295362,Le Petit Café,40.6767237,-73.9987884,restaurant,Brooklyn
node/6328164175,Chicken Delicious,40.605033,-73.9799131,restaurant,Brooklyn
node/6334493686,Mathilde,40.6618572,-73.9930983,bar,Brooklyn
node/6350185133,Hand Pull Noodle & Dumplings House,40.6149723,-73.9941732,restaurant,Brooklyn
node/6350185143,Blue Sky Jwy Restaurant,40.6148181,-73.9947443,restaurant,Brooklyn
node/6356484485,Toro Loco,40.70412,-74.0120699,restaurant,Brooklyn
node/6387990300,Tikka Indian Grill,40.6707039,-73.985222,restaurant,Brooklyn
node/6402216869,IHOP,40.6813388,-73.8413565,restaurant,Brooklyn
node/6402303269,Arepalicious,40.6712173,-73.8432604,restaurant,Brooklyn
node/6402840370,Friends and Lovers,40.6785668,-73.9585722,bar,Brooklyn
node/6421968986,Left Bank Burger Bar,40.7218288,-74.0461792,restaurant,Brooklyn
node/6426746484,Pacific Indian Cuisine,40.6797645,-73.9639734,restaurant,Brooklyn
node/6431666056,Brooklyn Blew Smoke Cigar Room,40.6798529,-73.963991,bar,Brooklyn
node/6433061904,Travel Bar,40.6761311,-73.9990654,bar,Brooklyn
node/6433061910,Aromi,40.6749931,-73.9996117,restaurant,Brooklyn
node/6473795086,Il Poeta,40.7109346,-73.8545321,restaurant,Brooklyn
node/6516642584,Denny's Pub,40.6427262,-73.9792132,pub,Brooklyn
node/6540806367,Jintana Thai Farmhouse,40.666547,-73.9820587,restaurant,Brooklyn
node/6582555740,Taqueria El Patron,40.6609441,-73.9613245,restaurant,Brooklyn
node/6582555741,Ix,40.6609316,-73.961388,restaurant,Brooklyn
node/6606392986,Sawasde Thai Cooking,40.6453649,-73.9797309,restaurant,Brooklyn
node/6606392987,To B Thai,40.642702,-73.9783645,restaurant,Brooklyn
node/6611929070,Dilly Dally,40.6774844,-73.9691374,restaurant,Brooklyn
node/6680718932,Red Hook Tavern,40.6778746,-74.0120875,restaurant,Brooklyn
node/6681855541,Bakery Immaculee,40.6572806,-73.9500875,restaurant,Brooklyn
node/6696347202,Aroma Indian,40.7232534,-73.8686023,restaurant,Brooklyn
node/6704420891,The Lonesome Club,40.6576589,-73.9795523,restaurant,Brooklyn
node/6710962687,Hinterlands,40.6460044,-73.972053,bar,Brooklyn
node/6712343510,Rhokat Kosher Restaurant,40.7259215,-73.8595534,restaurant,Brooklyn
node/6751307639,Tony Boloney's,40.7379823,-74.0342865,restaurant,Brooklyn
node/6788670543,Tacoria,40.7391291,-74.0305945,restaurant,Brooklyn
node/6788670550,La Bouche,40.7389821,-74.030231,restaurant,Brooklyn
node/6788670555,Tally-Ho Saloon,40.7391909,-74.0301717,bar,Brooklyn
node/6788670557,South Street Fish & Ramen Co.,40.7392811,-74.0301469,restaurant,Brooklyn
node/6788670558,Mad Hatter,40.739374,-74.030114,bar,Brooklyn
node/6789144985,Cooper's Union,40.7375177,-74.029906,restaurant,Brooklyn
node/6789144986,Thai Restaurant Grill & Seafood,40.7374575,-74.0299217,restaurant,Brooklyn
node/6789144996,Spa Diner,40.7363446,-74.030257,restaurant,Brooklyn
node/6789144998,Ewards Hotel,40.7362878,-74.0303251,hotel,Brooklyn
node/6789145001,Green Rock Tap & Grill,40.7361299,-74.0303238,bar,Brooklyn
node/6789145003,Pig & Parrot,40.736118,-74.0299711,restaurant,Brooklyn
node/6789145011,80 River,40.7361847,-74.0292616,bar,Brooklyn
node/6789145016,Mike's Wild Moose Saloon,40.7366835,-74.0291217,restaurant,Brooklyn
node/6789145017,Fat Taco,40.7366972,-74.0292347,restaurant,Brooklyn
node/6789145018,Biggie's,40.7367361,-74.029456,restaurant,Brooklyn
node/6789145022,Gogi Grill,40.7362054,-74.029944,restaurant,Brooklyn
node/6789145024,La Casa Restaurante,40.7368696,-74.0302463,restaurant,Brooklyn
node/6789145026,Wilton House,40.7368953,-74.030405,bar,Brooklyn
node/6789145031,Basile's Pizza,40.7369732,-74.0308398,restaurant,Brooklyn
node/6789145035,Satay Malaysian Cuisine,40.7373333,-74.030747,restaurant,Brooklyn
node/6789145047,Precious,40.7384552,-74.0307853,restaurant,Brooklyn
node/6789145048,Honeygrow,40.7382752,-74.0308484,restaurant,Brooklyn
node/6789145072,The Shannon,40.7376301,-74.0313436,bar,Brooklyn
node/6789145073,McSwiggans Pub,40.7376666,-74.0315582,pub,Brooklyn
node/6789145074,The Ferryman on 1st,40.7375468,-74.0318772,bar,Brooklyn
node/6789145077,Sushi House,40.7375847,-74.0320722,restaurant,Brooklyn
node/6789145078,Mulligans,40.7376137,-74.0322483,pub,Brooklyn
node/6789381754,Empyrean Indian Kitchen,40.7359789,-74.0287477,restaurant,Brooklyn
node/6793153509,Wicked Wolf Tavern,40.7380347,-74.0276288,bar,Brooklyn
node/6793153523,The Ainsworth,40.7398888,-74.027041,restaurant,Brooklyn
node/6793153524,Union Hall,40.7396368,-74.0271245,restaurant,Brooklyn
node/6793231924,Del Frisco's Grille,40.7384181,-74.0275125,restaurant,Brooklyn
node/6799740798,Artichoke Basile's Pizza,40.7372138,-74.0299778,restaurant,Brooklyn
node/6799740815,Greek Town,40.7373347,-74.0329224,restaurant,Brooklyn
node/6799740838,Schmity's,40.7382612,-74.0358954,bar,Brooklyn
node/6802746938,Birch Hoboken,40.7368157,-74.0290654,nightclub,Brooklyn
node/6818236370,The Red Hook Winery,40.676749,-74.0190377,bar,Brooklyn
node/6833039071,Finn's Corner,40.6784339,-73.9640584,pub,Brooklyn
node/6833303858,Kissa Kissa,40.6756702,-73.9559972,bar,Brooklyn
node/6833338806,Luanne's Wild Ginger,40.6753865,-73.9564235,restaurant,Brooklyn
node/6833338807,Diwan Grill,40.6753408,-73.9564409,restaurant,Brooklyn
node/6833338809,Misc,40.6726786,-73.9574029,restaurant,Brooklyn
node/6845877486,Shadman,40.7184753,-74.0438131,restaurant,Brooklyn
node/6854064076,Gowanus Gardens,40.6764743,-73.9839513,pub,Brooklyn
node/6854261685,Finback Brewery,40.7066845,-73.8732574,pub,Brooklyn
node/6854271759,South Slope Ramen,40.662571,-73.991941,restaurant,Brooklyn
node/6854396298,Maria's Mexican Bistro,40.6514946,-74.0038771,restaurant,Brooklyn
node/6883958747,Chuan Yue,40.6324619,-74.0108786,restaurant,Brooklyn
node/6906966997,Holy Crab Boiling,40.636985,-74.0113838,restaurant,Brooklyn
node/6909144450,Dirty Pierres Bistro,40.7193625,-73.8454685,restaurant,Brooklyn
node/6909144453,Jade Eatery and Lounge,40.7190923,-73.8452223,restaurant,Brooklyn
node/6921710508,La Villa,40.6111644,-74.0081983,restaurant,Brooklyn
node/6925129151,Castillo Restaurant,40.6504002,-74.0050301,restaurant,Brooklyn
node/6925470659,Beef & Fish,40.6411947,-74.0074412,restaurant,Brooklyn
node/6925577291,Toyama Cuisine,40.6393429,-74.0051042,restaurant,Brooklyn
node/6927557384,Köfte Piyaz,40.6514533,-74.0035184,restaurant,Brooklyn
node/6938011085,Chaikhana Sem Sorok,40.728704,-73.863702,restaurant,Brooklyn
node/6943222795,Sabor Azteca,40.6731963,-73.9503433,restaurant,Brooklyn
node/6953017126,Young Ethel's,40.6671642,-73.988172,bar,Brooklyn
node/6983738234,Minnie's,40.6557253,-74.0026359,bar,Brooklyn
node/7004519867,Toyo Japanese Cuisine,40.7126489,-73.87899,restaurant,Brooklyn
node/7009898160,Ninja 86 Sushi,40.600675,-73.9920868,restaurant,Brooklyn
node/7034813145,Medusa The Greek,40.6785536,-73.9788495,restaurant,Brooklyn
node/7038476782,El Malecon,40.621205,-74.0287942,restaurant,Brooklyn
node/7038476783,86 Noodles,40.6226002,-74.0286447,restaurant,Brooklyn
node/7038487791,Pho Hoai Bay Ridge Restaurant,40.6223913,-74.0287301,restaurant,Brooklyn
node/7038487806,Omiya,40.6223386,-74.0287516,restaurant,Brooklyn
node/7038487811,Ponte Vecchio,40.6211543,-74.0292453,restaurant,Brooklyn
node/7038487812,Los Cantaros,40.6224961,-74.0286873,restaurant,Brooklyn
node/7038487815,Avanti’s Pizzaria,40.6221296,-74.0284143,restaurant,Brooklyn
node/7039049117,Landy’s,40.617345,-74.027382,restaurant,Brooklyn
node/7045158376,The Kettle Black,40.6228728,-74.0314813,pub,Brooklyn
node/7057069081,Molkajete,40.6598153,-73.9989918,restaurant,Brooklyn
node/7072414498,Las Margaritas,40.6191017,-74.0330313,restaurant,Brooklyn
node/7072426853,Al Horno,40.6197299,-74.0327761,restaurant,Brooklyn
node/7083228801,Randazzo's Clam Bar,40.5838967,-73.9476461,restaurant,Brooklyn
node/7115908541,Spice Kitchen,40.7277642,-73.8919719,restaurant,Brooklyn
node/7118822442,Koi Asian Cuisine,40.7275459,-73.8923398,restaurant,Brooklyn
node/7126867481,Amuni,40.6330532,-74.0269747,restaurant,Brooklyn
node/7127148188,Al-Shaybani,40.6324544,-74.0275626,restaurant,Brooklyn
node/7127154010,Isabela's,40.6496912,-74.0095524,restaurant,Brooklyn
node/7149910580,Little House Malaysian Kitchen,40.6042785,-73.9980226,restaurant,Brooklyn
node/7154060860,La Gringa Grill,40.7234643,-73.8688357,restaurant,Brooklyn
node/7161241871,Bar Meridian,40.6763312,-73.9630677,bar,Brooklyn
node/7161278397,Eve's Lounge,40.6738521,-73.9628388,bar,Brooklyn
node/7161294640,Union Street Pub,40.6698648,-73.9581019,pub,Brooklyn
node/7174929560,Clemente's Maryland Crab House,40.5850493,-73.9263615,restaurant,Brooklyn
node/7177579537,Ciro's,40.5821739,-73.835391,restaurant,Brooklyn
node/7177579539,,40.5831354,-73.8344897,restaurant,Brooklyn
node/7188790121,East Wind Snack Shop,40.6640465,-73.9837451,restaurant,Brooklyn
node/7194157432,O'Sake,40.5810532,-73.8381172,restaurant,Brooklyn
node/7194157439,Kam Fung,40.5809873,-73.8380912,restaurant,Brooklyn
node/7194157460,,40.5802511,-73.8376719,restaurant,Brooklyn
node/7194157461,,40.580211,-73.8376414,pub,Brooklyn
node/7194157462,Sakura,40.5801539,-73.8376149,restaurant,Brooklyn
node/7194157466,D'Amore,40.5801059,-73.8371513,restaurant,Brooklyn
node/7194157468,Roger's,40.5799053,-73.8374691,pub,Brooklyn
node/7194196659,The Rose Den,40.5792523,-73.8366578,bar,Brooklyn
node/7194196667,Tiberio Ristorante,40.5789152,-73.8369112,restaurant,Brooklyn
node/7194196669,Cuisine by Caludette,40.5788356,-73.8368557,restaurant,Brooklyn
node/7194344517,Cremini's,40.6749608,-73.9992974,restaurant,Brooklyn
node/7198571527,LSC,40.6757176,-73.9559804,bar,Brooklyn
node/7198571528,Sweet Basil,40.6755249,-73.9563765,restaurant,Brooklyn
node/7209248001,Chris's Restaurant,40.6061598,-74.001157,restaurant,Brooklyn
node/7212724466,Shokunin BBQ,40.633308,-74.0062004,restaurant,Brooklyn
node/7212724468,Best 1 Kitchen,40.6328241,-74.0056598,restaurant,Brooklyn
node/7215123719,Ubu,40.7387246,-74.029186,restaurant,Brooklyn
node/7217404913,Olive Garden,40.5940209,-73.998306,restaurant,Brooklyn
node/7232050177,Vis A Vis,40.5755287,-73.9691943,restaurant,Brooklyn
node/7232137893,Liman,40.5755699,-73.9773106,restaurant,Brooklyn
node/7245658925,Daizen,40.6373775,-74.0084488,restaurant,Brooklyn
node/7254572555,Tequila,40.6229542,-74.0251386,restaurant,Brooklyn
node/7256449851,Komegashi Too,40.7263682,-74.0331984,restaurant,Brooklyn
node/7256958344,Simon's BBQ,40.639656,-74.0056317,restaurant,Brooklyn
node/7256965507,King's Kitchen,40.6394483,-74.0052557,restaurant,Brooklyn
node/7261678972,,40.6124524,-74.0115915,restaurant,Brooklyn
node/7261678974,Mike's Diner,40.6117967,-74.0104971,restaurant,Brooklyn
node/7293695461,Okinawa Sushi Grill,40.7374903,-74.036901,restaurant,Brooklyn
node/7297635807,MashAllah Sweets & Restaurant,40.6412412,-73.9691428,restaurant,Brooklyn
node/7330680517,Razza,40.7177283,-74.044202,restaurant,Brooklyn
node/7403143585,IHOP,40.6262859,-73.9175994,restaurant,Brooklyn
node/7418358951,Just BeClaws,40.722128,-74.0465781,restaurant,Brooklyn
node/7432073154,Loradella's Pizzeria & Restaurant,40.7305031,-74.0317088,restaurant,Brooklyn
node/7443540096,Frutta Bowls,40.7268426,-74.0335143,restaurant,Brooklyn
node/7465316486,Chef Tan,40.7283574,-74.034243,restaurant,Brooklyn
node/7468549776,Ruth's Chris Steak House,40.726207,-74.0358573,restaurant,Brooklyn
node/7474917759,Fire & Oak,40.7251666,-74.0360587,restaurant,Brooklyn
node/7495757918,O'Hanlon's Bar,40.7146291,-73.832149,bar,Brooklyn
node/7495767705,Redwood Deli,40.7145106,-73.8319851,restaurant,Brooklyn
node/7495776793,D'angelo's Pizzeria & Restaurant,40.7152204,-73.8318318,restaurant,Brooklyn
node/7587287417,Hollywood Fried Chicken,40.721873,-74.046346,restaurant,Brooklyn
node/7587287422,Pet Shop,40.7213659,-74.0458874,bar,Brooklyn
node/7587287425,Beechwood Cafe,40.7182952,-74.0434788,restaurant,Brooklyn
node/7592942132,Sub Culture,40.723136,-74.0488334,restaurant,Brooklyn
node/7618918194,Torre's,40.6120152,-73.9836063,restaurant,Brooklyn
node/7618933027,Howong,40.6124035,-73.9832192,restaurant,Brooklyn
node/7630034929,Dallas BBQ,40.7326223,-73.8635219,restaurant,Brooklyn
node/7630040659,Iron Age,40.7336278,-73.8640387,restaurant,Brooklyn
node/7633583089,More Express,40.7179445,-74.0441028,restaurant,Brooklyn
node/7633583285,Luna,40.7178672,-74.0441222,restaurant,Brooklyn
node/7633583385,Laree Adda,40.7181412,-74.0439998,restaurant,Brooklyn
node/7644156516,Troyka,40.7253112,-73.8498931,restaurant,Brooklyn
node/7644156525,Asian Fortune,40.724358,-73.849228,restaurant,Brooklyn
node/7644156528,Great Wall,40.7237014,-73.8478716,restaurant,Brooklyn
node/7644295716,Art Of Grill,40.7298307,-73.8606389,restaurant,Brooklyn
node/7656529600,Lucky Zhang's,40.6374362,-74.0078348,restaurant,Brooklyn
node/7659109028,Great 8,40.6359863,-74.0092627,restaurant,Brooklyn
node/7659620146,Fire Leopard BBQ,40.637359,-74.0083203,restaurant,Brooklyn
node/7659686615,LANGKAWI,40.6388852,-74.0058174,restaurant,Brooklyn
node/7728990820,One More Charm,40.6698266,-73.979326,restaurant,Brooklyn
node/7804618731,Pupusas Ridgewood,40.7012114,-73.8949036,restaurant,Brooklyn
node/7844677285,Poke Bowl,40.7372559,-73.9910466,restaurant,Brooklyn
node/7930672077,Orale Mexican Kitchen,40.7205078,-74.0429382,restaurant,Brooklyn
node/8021897550,Tatiana Restaurant,40.5751562,-73.9616883,restaurant,Brooklyn
node/8021954514,Masal Cafe,40.5837813,-73.9489696,restaurant,Brooklyn
node/8108748016,Chris Restaurant,40.6762396,-73.9497448,restaurant,Brooklyn
node/8108885114,Uotora,40.6762638,-73.9504961,restaurant,Brooklyn
node/8108885116,La Ñapa,40.6759864,-73.9500764,restaurant,Brooklyn
node/8180048258,Bay Sushi,40.6385297,-74.0346843,restaurant,Brooklyn
node/8253366550,Pad Thai Kitchen,40.6205484,-73.9889493,restaurant,Brooklyn
node/8284985185,Uncle Frankie's Brick Oven Pizza,40.6485205,-73.9787085,restaurant,Brooklyn
node/8284985191,Stang Thai,40.6484112,-73.9789899,restaurant,Brooklyn
node/8287649394,Great Dragon Chinese Food,40.6452147,-73.9996964,restaurant,Brooklyn
node/8287649396,Asea Sushi,40.6458766,-73.9989832,restaurant,Brooklyn
node/8287649398,168 Kim Wei Kitchen,40.6454416,-73.9990186,restaurant,Brooklyn
node/8322946819,San Atanacio Deli-Grocery & Restaurant,40.6149738,-73.9805224,restaurant,Brooklyn
node/8322946821,Golden Dynasty,40.6147585,-73.9807385,restaurant,Brooklyn
node/8322946822,Kolhelly,40.6147156,-73.9807751,restaurant,Brooklyn
node/8339056625,Papa Pasquale Ravioli,40.6154609,-74.0050757,restaurant,Brooklyn
node/8379782392,Phở 86,40.6051341,-73.9994472,restaurant,Brooklyn
node/8379817481,Fugu Sushi,40.612091,-73.9835028,restaurant,Brooklyn
node/8379817815,H.K. Tea & Sushi,40.6041986,-73.9972444,restaurant,Brooklyn
node/8379821930,Tak Hing,40.6051094,-73.9993888,restaurant,Brooklyn
node/8379821931,Kushi,40.605295,-73.9997283,restaurant,Brooklyn
node/8416888682,The Blaze Gourmet,40.5849851,-73.9509875,restaurant,Brooklyn
node/8450773154,Pizza D'amore,40.5934206,-73.9995868,restaurant,Brooklyn
node/8492147621,Luana’s Tavern,40.6776403,-73.9979949,pub,Brooklyn
node/8492147622,Nate’s Detroit Pizza,40.6775629,-73.9980393,restaurant,Brooklyn
node/8501495834,Somtum Der,40.6770996,-74.0134519,restaurant,Brooklyn
node/8501591380,718Bistro,40.5805417,-73.9660579,restaurant,Brooklyn
node/8572666754,Kuku,40.7208783,-73.8455212,restaurant,Brooklyn
node/8592780758,Coszcal de Allende,40.636131,-74.0260735,restaurant,Brooklyn
node/8707287240,Super Power,40.67396,-73.9502763,bar,Brooklyn
node/8713314330,Uni Thai Bistro,40.6457668,-73.9730307,restaurant,Brooklyn
node/8737033041,Zara's (Coming Soon),40.720994,-73.8474035,restaurant,Brooklyn
node/8766000399,Alma Negra,40.6687345,-73.9903602,restaurant,Brooklyn
node/8793340332,SpyC Cuisine,40.7191595,-73.8424407,restaurant,Brooklyn
node/8812550118,The Wharf Bar & Restaurant,40.5826218,-73.8383912,restaurant,Brooklyn
node/8891168567,Buad,40.726426,-73.8530992,restaurant,Brooklyn
node/8904932586,Tu Casa,40.7248165,-73.8497405,restaurant,Brooklyn
node/8904932598,Vanessa's Dumpling House,40.7250179,-73.8508997,restaurant,Brooklyn
node/8904932601,Da Mikelle II,40.7255032,-73.8503758,restaurant,Brooklyn
node/8904932603,Sapeda,40.7254136,-73.8502831,restaurant,Brooklyn
node/8904932610,Thai Pot,40.7248723,-73.849806,restaurant,Brooklyn
node/8904932611,China King,40.7264954,-73.8516919,restaurant,Brooklyn
node/8904949381,Ganey Orly,40.7286604,-73.8549009,restaurant,Brooklyn
node/8905008706,Avellino,40.7298198,-73.8604487,restaurant,Brooklyn
node/8905194018,,40.7261218,-73.8524505,restaurant,Brooklyn
node/8911421029,Sushi Island,40.7351103,-73.8758453,restaurant,Brooklyn
node/8920673579,Portofino,40.7192369,-73.8398108,restaurant,Brooklyn
node/8920673581,Guantanamera,40.7186767,-73.8384768,restaurant,Brooklyn
node/8920673596,Queens bully,40.7170679,-73.8354276,restaurant,Brooklyn
node/8920693507,JK Wings & Fish,40.7213253,-73.8444745,restaurant,Brooklyn
node/8920738973,Feng’s Garden,40.7190653,-73.8393962,restaurant,Brooklyn
node/8920738976,,40.7155754,-73.8333941,restaurant,Brooklyn
node/8920738985,,40.7160066,-73.8339343,restaurant,Brooklyn
node/8920738989,New Pinang,40.7182132,-73.837472,restaurant,Brooklyn
node/8920739013,Fresc’o Tortilla,40.7152993,-73.8330227,restaurant,Brooklyn
node/8927772737,Austin Street Bar & Grill,40.7220946,-73.8503582,restaurant,Brooklyn
node/8927772738,Stacked,40.7221048,-73.8503947,restaurant,Brooklyn
node/8927772740,Amar Peruvian Kitchen,40.7221358,-73.8504819,restaurant,Brooklyn
node/8931103808,Sahara Turkish Grill,40.5796047,-73.9723498,restaurant,Brooklyn
node/8934083914,The Billiard Company,40.7204211,-73.8451568,bar,Brooklyn
node/8955482440,Paratha Wala,40.7103501,-73.8494821,restaurant,Brooklyn
node/8980760105,L'Wren,40.6506569,-74.0047659,bar,Brooklyn
node/8981032240,Lock Yard,40.6173373,-74.0295671,bar,Brooklyn
node/8981032242,Shobu Sushi,40.6158798,-74.0308447,restaurant,Brooklyn
node/8991951240,Lucky Vegetarian,40.6404055,-74.0042366,restaurant,Brooklyn
node/9004193023,Rusty Nail Brooklyn,40.6351603,-73.9611789,bar,Brooklyn
node/9006893918,Tato's Pizza,40.6080279,-74.0014384,restaurant,Brooklyn
node/9007398491,Wattli Bar and Kitchen,40.6357782,-73.9631316,restaurant,Brooklyn
node/9012802237,King Garden,40.715629,-73.8323394,restaurant,Brooklyn
node/9017191000,Fuji,40.7175044,-73.8348875,restaurant,Brooklyn
node/9040746417,Maggie‘s Farm Espresso,40.7197014,-74.0365637,restaurant,Brooklyn
node/9045408690,Austin House,40.719179,-73.8424983,restaurant,Brooklyn
node/9063451498,Red House Kitchen,40.7212264,-73.8548718,restaurant,Brooklyn
node/9063451505,Sushi Akio,40.7212612,-73.8548495,restaurant,Brooklyn
node/9063451508,Mike’s Pizzaria,40.7206897,-73.8551791,restaurant,Brooklyn
node/9082940585,Victoria G's Pizzeria,40.7122776,-73.86149,restaurant,Brooklyn
node/9083180376,Matiz Latin Restaurant,40.7189179,-73.8390231,restaurant,Brooklyn
node/9084730002,Zed Eats and Drinks,40.6567677,-73.9599536,restaurant,Brooklyn
node/9089709737,Yue Xiang Ju,40.6143951,-74.0001927,restaurant,Brooklyn
node/9102137994,Bagelicious,40.6200833,-74.007414,restaurant,Brooklyn
node/9106019889,Tap House,40.7193449,-73.8423513,bar,Brooklyn
node/9114128238,El Castillo,40.6349061,-74.0231748,restaurant,Brooklyn
node/9114371998,Bay Ridge Cafe,40.6353047,-74.0234777,restaurant,Brooklyn
node/9120977794,Strong Rope Brewery - Red Hook,40.6772915,-74.0188315,pub,Brooklyn
node/9121144610,Stella's 24 Hour Eatery,40.7193308,-74.0433677,restaurant,Brooklyn
node/9129531424,Joe & Sal's Pizza,40.6692616,-73.9586359,restaurant,Brooklyn
node/9132534663,MOMO Hibachi Steak House and Bar,40.5837436,-73.9493241,restaurant,Brooklyn
node/9132786078,Soup N Burger,40.5837609,-73.9498634,restaurant,Brooklyn
node/9132786080,Burchak Pide,40.5869556,-73.9528547,restaurant,Brooklyn
node/9132786096,Fujisawa,40.5853855,-73.9516696,restaurant,Brooklyn
node/9133666843,Taste Good Restaurant,40.6300553,-74.0150041,restaurant,Brooklyn
node/9138110226,Bleecker Street Bar,40.7259782,-73.9950281,bar,Brooklyn
node/9142517787,Shan Xi Shack,40.6369316,-74.0075903,restaurant,Brooklyn
node/9143230736,Ruben's,40.6200007,-73.9990214,restaurant,Brooklyn
node/9143230745,China King,40.6210094,-73.9982683,restaurant,Brooklyn
node/9143230749,Blue Agave,40.6178746,-73.9989796,restaurant,Brooklyn
node/9143230750,Mr. Phil's Pizzeria,40.6178594,-73.9995497,restaurant,Brooklyn
node/9147031531,Jimmy's Place,40.6222481,-74.0056607,restaurant,Brooklyn
node/9147031532,Garden Tortillas & Chinese Express,40.6221964,-74.0056956,restaurant,Brooklyn
node/9147058666,Yellowstone Sushi,40.7172444,-73.8570445,restaurant,Brooklyn
node/9156973278,Obentoyasan,40.6559606,-74.0065104,restaurant,Brooklyn
node/9156973279,Ramen Setagaya,40.6559857,-74.0065431,restaurant,Brooklyn
node/9156973280,Gohei,40.6560113,-74.0065764,restaurant,Brooklyn
node/9156973281,Hachi,40.6560369,-74.0066096,restaurant,Brooklyn
node/9156973282,Moriya,40.6560594,-74.006639,restaurant,Brooklyn
node/9156973283,Shokusaido,40.656084,-74.006671,restaurant,Brooklyn
node/9162749342,The Legend Cafe House,40.6100676,-74.0017876,restaurant,Brooklyn
node/9163473302,Pizza Den,40.6073311,-74.002311,restaurant,Brooklyn
node/9166196961,Hayashi Sushi,40.5904675,-73.9495262,restaurant,Brooklyn
node/9194713978,Oba Grill 2,40.7100362,-73.8489541,restaurant,Brooklyn
node/9194713989,Nick’s Bistro,40.7099415,-73.8483151,restaurant,Brooklyn
node/9196240007,Tap Beer,40.5841831,-73.9506314,bar,Brooklyn
node/9212756290,Hook and Reel,40.5757418,-73.9803192,restaurant,Brooklyn
node/9218901920,Maria Pizzeria,40.6275429,-74.0134926,restaurant,Brooklyn
node/9218903649,Fu Lai No.1 Restaurant,40.6276886,-74.0132793,restaurant,Brooklyn
node/9218910383,Happy Garden,40.6331749,-74.0269291,restaurant,Brooklyn
node/9218912313,Vesuvio,40.6325863,-74.027165,restaurant,Brooklyn
node/9219701344,Omakase Sushi By Hiro,40.5876404,-73.955418,restaurant,Brooklyn
node/9232822217,Majestic Marquise,40.682846,-73.8519166,restaurant,Brooklyn
node/9270379117,Artichoke Basille’s Pizza,40.7212337,-74.0447229,restaurant,Brooklyn
node/9270381017,Dullboy Bar,40.7214215,-74.0425579,bar,Brooklyn
node/9270630238,The Westbury Inn,40.6568215,-73.9599671,pub,Brooklyn
node/9270630240,Momo Sushi & Ramen,40.657601,-73.9605141,restaurant,Brooklyn
node/9280939947,Edie Jo's,40.6578917,-73.9605713,restaurant,Brooklyn
node/9291191724,Vee's Restaurant,40.6674407,-73.9508854,restaurant,Brooklyn
node/9294322953,U Bar & Resturant,40.5982525,-73.960638,restaurant,Brooklyn
node/9313088984,Oda House,40.5839599,-73.9464628,restaurant,Brooklyn
node/9344579167,Oceanic Boil,40.7296248,-73.8619168,restaurant,Brooklyn
node/9344724015,Rosas Pizza Restaurant,40.7132241,-73.8754193,restaurant,Brooklyn
node/9344730823,Metro Diner,40.7127063,-73.8784621,restaurant,Brooklyn
node/9344811864,Pat’s Sports Bar,40.7128812,-73.8788198,pub,Brooklyn
node/9348991171,Milan Sport,40.7128747,-73.8788898,bar,Brooklyn
node/9348991175,Carlo's,40.7127538,-73.8780738,restaurant,Brooklyn
node/9348991185,Ma Kin,40.7130212,-73.8774988,restaurant,Brooklyn
node/9349747220,Fong Kwan,40.7123334,-73.8942602,restaurant,Brooklyn
node/9353655471,City Diner,40.7237361,-73.8998137,restaurant,Brooklyn
node/9354020176,Asian Kitchen,40.7357745,-73.8809276,restaurant,Brooklyn
node/9354020178,Summer,40.7354645,-73.8809719,restaurant,Brooklyn
node/9354020180,Tommy Thai,40.7354092,-73.8810959,restaurant,Brooklyn
node/9354020183,Pataco Pisao,40.7352669,-73.8812723,restaurant,Brooklyn
node/9354020190,Pelicana Chicken,40.734706,-73.8820996,restaurant,Brooklyn
node/9354020202,Li Li,40.733207,-73.8838412,restaurant,Brooklyn
node/9354020209,Bodega of Sabor,40.7321674,-73.8844688,restaurant,Brooklyn
node/9354070865,Connolly's Corner,40.7281704,-73.8918281,restaurant,Brooklyn
node/9354070870,,40.7280525,-73.8920125,restaurant,Brooklyn
node/9354070879,Driftwood,40.7276836,-73.8927213,restaurant,Brooklyn
node/9354070899,The Cetli House,40.7268045,-73.8936158,pub,Brooklyn
node/9354070900,El Pollo Real,40.7269605,-73.8938753,restaurant,Brooklyn
node/9354070901,Fortune Garden,40.7269325,-73.893935,restaurant,Brooklyn
node/9354070902,Bukowski's,40.7268995,-73.893986,pub,Brooklyn
node/9354070909,Patrizias,40.7267481,-73.8942334,restaurant,Brooklyn
node/9354070913,Good Eats Diner,40.726389,-73.8942857,restaurant,Brooklyn
node/9354070922,Pasion Mexicana,40.7262973,-73.8949643,restaurant,Brooklyn
node/9362944092,Red Lobster,40.7354253,-73.8741796,restaurant,Brooklyn
node/9362944094,Teriyaki One,40.7353023,-73.874433,restaurant,Brooklyn
node/9365414273,Sarilling Atin Grill,40.7344212,-73.8745703,restaurant,Brooklyn
node/9369350840,Ting Hua,40.6798632,-73.9949714,restaurant,Brooklyn
node/9369350841,Avlee,40.67991,-73.9949418,restaurant,Brooklyn
node/9392834431,Potiwa Pizza,40.6352179,-73.9504476,restaurant,Brooklyn
node/9419323937,Balboa,40.6660928,-73.9565424,restaurant,Brooklyn
node/9421719560,Cornbread,40.6704912,-73.954726,restaurant,Brooklyn
node/9431874765,El Espino,40.6414927,-74.0174406,restaurant,Brooklyn
node/9431945818,Irish Haven,40.6419477,-74.0169567,pub,Brooklyn
node/9432153007,El Buen Gusto Restaurant,40.6451592,-74.0136405,restaurant,Brooklyn
node/9441305090,Fujiyama,40.6211765,-74.0063162,restaurant,Brooklyn
node/9501839139,Lone Star,40.6206829,-74.0266993,bar,Brooklyn
node/9501848861,El Rey de Pescado,40.6475,-74.0076194,restaurant,Brooklyn
node/9515335029,Thai Holic,40.6930704,-73.9713049,restaurant,Brooklyn
node/9518146176,Ras,40.6734302,-73.9568169,restaurant,Brooklyn
node/9519930272,Rialto Grande,40.676329,-73.9560712,bar,Brooklyn
node/9532890830,Cafe Plus,40.6797547,-73.9402608,restaurant,Brooklyn
node/9535989740,Gueros,40.6752285,-73.9567001,restaurant,Brooklyn
node/9537753229,Los Cabos,40.6502767,-74.0047115,restaurant,Brooklyn
node/9537798314,Rinconcito Familiar,40.6497972,-74.0056634,restaurant,Brooklyn
node/9538436273,Jalepeños,40.6409643,-74.0148636,restaurant,Brooklyn
node/9538777032,Leo's,40.6242524,-74.0309062,restaurant,Brooklyn
node/9543908517,Fong On,40.7141992,-73.9936957,restaurant,Brooklyn
node/9546812464,Gee's Caribbean Restaurant,40.6722793,-73.9504213,restaurant,Brooklyn
node/9606632570,Mangos,40.6554079,-74.0070028,bar,Brooklyn
node/9638330218,E sushi II,40.5888335,-73.949205,restaurant,Brooklyn
node/9649145450,Umi Sushi,40.57667,-73.9666694,restaurant,Brooklyn
node/9652667117,Jimmy’s Brooklyn Pizza,40.7190322,-74.0434935,restaurant,Brooklyn
node/9652667417,Pizzeria Las Americas,40.7166151,-74.0390311,restaurant,Brooklyn
node/9652667421,Napoli’s Pizza,40.7394223,-74.0349364,restaurant,Brooklyn
node/9654066987,Viva Mexico Taqueria,40.7140288,-74.0403104,restaurant,Brooklyn
node/9654087803,Krispy Pizza,40.7133812,-74.0350341,restaurant,Brooklyn
node/9654087804,Yaso,40.7132002,-74.0345129,restaurant,Brooklyn
node/9655078609,White Star,40.713239,-74.0399755,bar,Brooklyn
node/9659602452,Rumi Turkish Grill,40.714526,-74.0362646,restaurant,Brooklyn
node/9659618270,Honshu Sushi,40.7156614,-74.0360748,restaurant,Brooklyn
node/9661577654,Buddy's JC,40.7161751,-74.0376927,restaurant,Brooklyn
node/9661577655,Mantra,40.7164252,-74.037639,restaurant,Brooklyn
node/9661577656,Greene Hook Bar & Kitchen,40.7148984,-74.0358205,bar,Brooklyn
node/9661577657,RoofTop at Exchange Place,40.7157029,-74.0335199,bar,Brooklyn
node/9661577658,Liberty Prime Steakhouse,40.7168661,-74.0394027,restaurant,Brooklyn
node/9661577659,Edward's Steakhouse,40.7162853,-74.0427363,restaurant,Brooklyn
node/9661654061,Frankie,40.7171401,-74.0441346,restaurant,Brooklyn
node/9661654063,Itto Sushi,40.7167274,-74.0471547,restaurant,Brooklyn
node/9661654064,CAVA,40.716734,-74.0354382,restaurant,Brooklyn
node/9661654066,Amiya,40.7163796,-74.0350784,restaurant,Brooklyn
node/9661776185,Hudson & Co.,40.7209744,-74.0317379,restaurant,Brooklyn
node/9661776186,DOMODOMO,40.7201267,-74.0342297,restaurant,Brooklyn
node/9661776187,Porto Leggero,40.7182218,-74.0345515,restaurant,Brooklyn
node/9667048417,Wurstbar,40.7204218,-74.0466428,restaurant,Brooklyn
node/9667049917,Efes,40.7204998,-74.0469502,restaurant,Brooklyn
node/9668871098,Song Dumpling Cafe,40.7102404,-73.8506708,restaurant,Brooklyn
node/9668871099,Pelicana,40.7104949,-73.8503961,restaurant,Brooklyn
node/9668871102,Metro Taco,40.7104434,-73.8501283,restaurant,Brooklyn
node/9675290378,Beerland,40.579207,-73.9722554,bar,Brooklyn
node/9682801120,East Hana JC,40.7168068,-74.0389636,restaurant,Brooklyn
node/9682801121,Taste of North China,40.7166604,-74.0376091,restaurant,Brooklyn
node/9693419527,Bar Chuzo,40.6181033,-74.0334297,restaurant,Brooklyn
node/9693419528,The Common,40.6178284,-74.0335522,restaurant,Brooklyn
node/9694850817,Mai's,40.6289974,-74.0286257,restaurant,Brooklyn
node/9701793395,Chef Toribio,40.6912312,-73.8670299,restaurant,Brooklyn
node/9703831982,Luigi's Pizza,40.5784423,-73.9580391,restaurant,Brooklyn
node/9706295152,The Avenue,40.701962,-73.8792363,restaurant,Brooklyn
node/9719529917,Mandato Mexican Restaurant,40.6330735,-74.0273071,restaurant,Brooklyn
node/9723358595,Falafel Bites Mediterranean Cuisine,40.7003956,-73.8996378,restaurant,Brooklyn
node/9727488312,J & D Pizza and Restaurant,40.7325541,-73.8575755,restaurant,Brooklyn
node/9731210917,The Keyhole Bar,40.7212205,-74.0444928,bar,Brooklyn
node/9752798370,,40.6476387,-74.0071666,restaurant,Brooklyn
node/9756124146,Il Posto,40.6215638,-73.9051458,restaurant,Brooklyn
node/9756124149,New Hot Wok,40.6256393,-73.9281637,restaurant,Brooklyn
node/9756124151,Villains Hideout,40.6658137,-73.9201724,bar,Brooklyn
node/9773486822,Lutheran Halal Cafe,40.6479791,-74.0178664,restaurant,Brooklyn
node/9773702366,Usuluteco #2,40.647534,-74.0151894,restaurant,Brooklyn
node/9775989876,Ha-Weeda Tavern,40.6514815,-74.014222,pub,Brooklyn
node/9779751312,Saravá Bistro,40.6358753,-74.0258051,restaurant,Brooklyn
node/9779884975,Bayridge Sushi,40.6354374,-74.0263444,restaurant,Brooklyn
node/9779884979,Frankie's,40.6343866,-74.0270474,restaurant,Brooklyn
node/9779884991,The New Sancho's,40.635284,-74.0264101,restaurant,Brooklyn
node/9780304917,VB3 Pizzeria,40.7243671,-74.0366823,restaurant,Brooklyn
node/9780522584,Red Bowl,40.6239282,-74.0310372,restaurant,Brooklyn
node/9780522586,The Harp,40.6297867,-74.0286536,pub,Brooklyn
node/9780522588,Sapporo,40.6289914,-74.0289734,restaurant,Brooklyn
node/9786078580,The Brooklyn Firefly,40.6346523,-74.0263014,pub,Brooklyn
node/9793502864,Arberia,40.6122078,-73.9784004,restaurant,Brooklyn
node/9811490178,The Red Doors Bar & Grill,40.5757368,-73.9799289,bar,Brooklyn
node/9811490179,Crab House Brooklyn,40.5757436,-73.9804567,restaurant,Brooklyn
node/9811490180,The Freak Bar,40.5753652,-73.9797964,bar,Brooklyn
node/9811576285,Pete's Clam Stop,40.575331,-73.9820617,restaurant,Brooklyn
node/9811756182,Rare,40.5756425,-73.9781561,restaurant,Brooklyn
node/9811756183,TaoXi,40.575633,-73.97803,restaurant,Brooklyn
node/9819786681,Baadshah 786 Restaurant & Sweets,40.6008706,-74.0004682,restaurant,Brooklyn
node/9823117907,Bay Ridge Diner,40.6252471,-74.0241962,restaurant,Brooklyn
node/9826331332,Uncle Taher Restaurant,40.6316014,-74.0219564,restaurant,Brooklyn
node/9826621835,New Star,40.5862534,-73.9715662,restaurant,Brooklyn
node/9828956717,65 Kuho Sushi Hotpot,40.6205406,-73.9921831,restaurant,Brooklyn
node/9834107254,Brooklyn Kabab,40.6335078,-74.0208122,restaurant,Brooklyn
node/9845248539,FuYuan Kitchen,40.6043671,-73.9975255,restaurant,Brooklyn
node/9845263124,Yomie's Rice x Yogurt,40.6039321,-73.9967999,restaurant,Brooklyn
node/9845263680,Ajimi,40.6078249,-74.0021801,restaurant,Brooklyn
node/9845268954,Ichi Sushi,40.6039128,-73.9974468,restaurant,Brooklyn
node/9845269288,Twisted Wings,40.6018598,-73.9941579,restaurant,Brooklyn
node/9845281851,Ten Seconds Yunnan Rice Noodle,40.6038604,-73.9966803,restaurant,Brooklyn
node/9845281853,Triple Red Inc,40.6027982,-73.9955875,restaurant,Brooklyn
node/9845287453,Ricepot Thai Cookhouse,40.6047094,-73.9988058,restaurant,Brooklyn
node/9845295604,Kings Kitchen,40.6039648,-73.9968544,restaurant,Brooklyn
node/9845743593,PokéBowl Station + Mars Tea,40.6041325,-73.9971342,restaurant,Brooklyn
node/9853269825,Pizza Hut,40.6510345,-73.9497924,restaurant,Brooklyn
node/9858800449,Sachiko,40.5763657,-73.9656681,restaurant,Brooklyn
node/9877761534,El Dorado Sports Lounge,40.684121,-73.8330139,bar,Brooklyn
node/9887414353,Trattoria Bambino's Pizza,40.703149,-73.8681215,restaurant,Brooklyn
node/9895928881,Cavany Foods,40.7154488,-74.0448063,restaurant,Brooklyn
node/9895938398,Kung Fu Pho,40.716017,-74.0454715,restaurant,Brooklyn
node/9905863299,Tropix Bar & Lounge,40.7302543,-73.8636012,pub,Brooklyn
node/9905863301,Fatsa,40.7302077,-73.863476,restaurant,Brooklyn
node/9917646829,El Rancho Grande,40.6470695,-74.0084814,restaurant,Brooklyn
node/9923223106,Future Restaurant,40.7222097,-74.0470026,restaurant,Brooklyn
node/9923223107,Ani Ramen House,40.722246,-74.0470778,restaurant,Brooklyn
node/9923223110,Mexico City Restaurant,40.7224397,-74.0474706,restaurant,Brooklyn
node/9923786494,Taco Drive,40.7212975,-74.0460276,restaurant,Brooklyn
node/9934186844,The Ox Tavern At Westwood,40.6353011,-73.9608382,bar,Brooklyn
node/9955247789,Tony Boloney's Jersey City,40.7214382,-74.0428557,restaurant,Brooklyn
node/9964805382,Manado's Jazz Lounge,40.6806532,-73.963101,bar,Brooklyn
node/9964875987,No. 7 Restaurant,40.6783094,-73.9684219,restaurant,Brooklyn
node/9975381684,Mezze,40.7265029,-73.8533159,restaurant,Brooklyn
node/9995781425,Barge Inn,40.7237648,-74.0489435,restaurant,Brooklyn
node/9995781426,Abbey's Pub,40.7238005,-74.0492257,pub,Brooklyn
node/9995781430,Tacos Victoria,40.7266198,-74.0484989,restaurant,Brooklyn
node/9995781431,Ed & Mary's,40.7286515,-74.046516,restaurant,Brooklyn
node/9998686269,White Star Bar,40.7279606,-74.0499727,restaurant,Brooklyn
node/10033913218,Istanbul Bay,40.6016984,-73.9938056,restaurant,Brooklyn
node/10052318541,,40.7304582,-73.8641246,restaurant,Brooklyn
node/10078963992,Saigon Cafe,40.7215557,-74.0457589,restaurant,Brooklyn
node/10078963993,Kimchi Guys,40.7212472,-74.0449815,restaurant,Brooklyn
node/10078963998,Skinner's Loft,40.720563,-74.0438164,restaurant,Brooklyn
node/10078964000,Grace O'Malley's,40.7204588,-74.0436111,pub,Brooklyn
node/10078964003,Little Sandwich Shop,40.7202748,-74.0429671,restaurant,Brooklyn
node/10078964006,Roman Nose,40.7200208,-74.0432217,restaurant,Brooklyn
node/10078964009,Two Boots Pizza,40.7202096,-74.0435888,restaurant,Brooklyn
node/10078964011,One Dee Siam,40.7202789,-74.0437398,restaurant,Brooklyn
node/10078964012,The Ashford,40.7204578,-74.0440744,restaurant,Brooklyn
node/10078964013,South House,40.7205117,-74.0441833,restaurant,Brooklyn
node/10093672659,Suzy's Roti Parlor,40.6466591,-73.970489,restaurant,Brooklyn
node/10101217081,Pizza Pie La Cantina Italiana,40.7161217,-74.0360171,restaurant,Brooklyn
node/10126837778,Hunan Cottage Restaurant,40.5904681,-73.9720319,restaurant,Brooklyn
node/10136331385,Falada,40.5838714,-73.9477854,restaurant,Brooklyn
node/10136331386,Signature Restaurant,40.5838643,-73.947921,restaurant,Brooklyn
node/10136331387,Next Door,40.5838656,-73.9480456,restaurant,Brooklyn
node/10157828504,Big John's,40.6567971,-74.0021559,restaurant,Brooklyn
node/10157897079,Taqueria El Maguey,40.652159,-74.0063584,restaurant,Brooklyn
node/10158422688,Bombay Grill,40.6223483,-74.0316926,restaurant,Brooklyn
node/10159420066,Taj Mahal,40.6323802,-74.0272509,restaurant,Brooklyn
node/10160671298,Piccante,40.6318787,-74.0277941,restaurant,Brooklyn
node/10195320167,New Great Wall,40.5937207,-73.9402372,restaurant,Brooklyn
node/10197977631,Grand Villa,40.6533608,-74.0091467,restaurant,Brooklyn
node/10198446033,Las Margaritas,40.6333481,-74.0271956,restaurant,Brooklyn
node/10198446034,Don Mario,40.6333998,-74.0271746,restaurant,Brooklyn
node/10198579965,Brooklyn Roots,40.6229248,-74.031467,restaurant,Brooklyn
node/10198579966,Pippin's Pub,40.6217194,-74.0319429,bar,Brooklyn
node/10202439493,Terina,40.6244756,-74.0308274,restaurant,Brooklyn
node/10202439498,Sofia,40.6248665,-74.0306667,restaurant,Brooklyn
node/10202924641,Inaka Japanese Fusion,40.6252092,-74.0305303,restaurant,Brooklyn
node/10213668654,Neta Shari,40.6081692,-74.0044434,restaurant,Brooklyn
node/10245411699,Castillo de Yaque,40.6472769,-74.0082754,restaurant,Brooklyn
node/10245411700,La Cabaña,40.6476994,-74.0074112,restaurant,Brooklyn
node/10245469620,El Quetzalito,40.646886,-74.008245,restaurant,Brooklyn
node/10245592466,Tacos Tijuana,40.6403724,-74.015039,restaurant,Brooklyn
node/10247709075,El Castillo de Jagua,40.6567135,-73.95994,restaurant,Brooklyn
node/10247709080,Palenque,40.6616132,-73.9616319,restaurant,Brooklyn
node/10247709082,Fiona’s Bar,40.6601368,-73.9608006,bar,Brooklyn
node/10247709085,King of Tandoor,40.6589077,-73.9607132,restaurant,Brooklyn
node/10247709087,Slowloris,40.6602754,-73.9608132,restaurant,Brooklyn
node/10247709092,Bonafini,40.6570327,-73.96002,restaurant,Brooklyn
node/10247751974,Flatbush Thai,40.6600208,-73.9604318,restaurant,Brooklyn
node/10247853732,Bamboo Ya,40.7215924,-73.849017,restaurant,Brooklyn
node/10247859116,Coyote,40.7210062,-73.846629,restaurant,Brooklyn
node/10276373890,Plov Center,40.5849511,-73.9504856,restaurant,Brooklyn
node/10294459402,Honey Badger,40.6582005,-73.9599786,restaurant,Brooklyn
node/10294459403,Risbo,40.6560508,-73.9597742,restaurant,Brooklyn
node/10311562062,Nan Xiang Soup Dumplings,40.7212971,-73.8444135,restaurant,Brooklyn
node/10315606382,Amy Thai Bistro,40.6606222,-73.9604904,restaurant,Brooklyn
node/10553146797,Ruth,40.6569789,-73.9600052,bar,Brooklyn
node/10553751072,Gino's Trattoria & Bar,40.6605555,-73.9608887,restaurant,Brooklyn
node/10557829609,Lahi Philippine Cuisine,40.7374913,-73.8795231,restaurant,Brooklyn
node/10557829611,,40.7373787,-73.8789847,restaurant,Brooklyn
node/10587466904,"Golden ""Z""",40.5986407,-73.9569464,restaurant,Brooklyn
node/10587469007,Karavan,40.5988026,-73.9578544,restaurant,Brooklyn
node/10590328166,WOW Bistro,40.5821739,-73.9563162,restaurant,Brooklyn
node/10592469686,Classic Diner,40.70015,-73.831463,restaurant,Brooklyn
node/10592469696,Cripy Fried Chicken,40.6995943,-73.8326244,restaurant,Brooklyn
node/10592497718,Wing Yum Lin's,40.6967789,-73.8374906,restaurant,Brooklyn
node/10592497719,El Riconcito Paisa 4,40.6968237,-73.8374202,restaurant,Brooklyn
node/10593084388,Golden Fountain,40.7071964,-73.835754,restaurant,Brooklyn
node/10593084389,Spolini's,40.7074756,-73.835474,restaurant,Brooklyn
node/10593084390,La Sala,40.7073189,-73.83508,restaurant,Brooklyn
node/10593298154,Rove,40.7191221,-73.8418458,restaurant,Brooklyn
node/10594665954,La Casa del Mariachi,40.7076364,-73.835888,restaurant,Brooklyn
node/10594902328,New China Fresh Restaurant,40.7057867,-73.8311159,restaurant,Brooklyn
node/10594902331,tikka indian grill,40.7057198,-73.8309325,restaurant,Brooklyn
node/10599908840,CJ Caribbean Cuisine & Cafe,40.6507567,-73.9586224,restaurant,Brooklyn
node/10611597221,Original Pizza,40.6378213,-73.8963608,restaurant,Brooklyn
node/10611597223,Good Friend,40.6380258,-73.8960396,restaurant,Brooklyn
node/10611597234,Long Won,40.6373159,-73.8933265,restaurant,Brooklyn
node/10627151275,Nostrand Ave Pizza,40.6780329,-73.9495775,restaurant,Brooklyn
node/10627463300,Cielito Lindo Bistro,40.674543,-73.9499139,restaurant,Brooklyn
node/10627463304,Nostrand Avenue Pub,40.6758798,-73.9500861,pub,Brooklyn
node/10635155033,Stella's,40.6690652,-73.9856821,restaurant,Brooklyn
node/10650017611,Radici,40.7108761,-73.852746,restaurant,Brooklyn
node/10656640050,Tikka N Talk,40.7208886,-73.8463971,restaurant,Brooklyn
node/10656640052,Oba,40.7206042,-73.8456744,restaurant,Brooklyn
node/10661660099,Agora,40.7210298,-73.8467641,restaurant,Brooklyn
node/10661681105,T-Swirl Crepe,40.7208155,-73.8461764,restaurant,Brooklyn
node/10676992139,El Comedor,40.6412341,-74.0141335,restaurant,Brooklyn
node/10676992149,El Viejo John's,40.6415287,-74.0138247,restaurant,Brooklyn
node/10677034527,Georges,40.6410176,-74.0143625,restaurant,Brooklyn
node/10677034528,Tres Chivos,40.6407478,-74.0146425,restaurant,Brooklyn
node/10677077425,Yemen Unity Restaurant,40.6348742,-74.0206246,restaurant,Brooklyn
node/10681882759,Queue Beer,40.6740557,-73.9982534,bar,Brooklyn
node/10687171153,Bar Mario,40.6766251,-74.0135326,restaurant,Brooklyn
node/10689167490,Chuck E. Cheese,40.6720573,-73.8565681,restaurant,Brooklyn
node/10712803766,The King of Meat,40.6483668,-74.0071506,restaurant,Brooklyn
node/10713086849,The Patio,40.6385638,-74.0169059,restaurant,Brooklyn
node/10713086855,Casa Vieja Restaurant,40.6391832,-74.0162635,restaurant,Brooklyn
node/10724776805,Miso Ramen,40.7213146,-74.0458073,restaurant,Brooklyn
node/10724806705,Porta,40.7202266,-74.043616,restaurant,Brooklyn
node/10726531752,Gosht Josper Grill,40.5772761,-73.9593992,restaurant,Brooklyn
node/10739588523,Homemade Taqueria,40.7186946,-73.8414426,restaurant,Brooklyn
node/10739588525,Sushi Time,40.7186621,-73.8413765,restaurant,Brooklyn
node/10739630729,Asushi,40.7195036,-73.8433025,restaurant,Brooklyn
node/10739630732,Tamashii Ramen,40.7196207,-73.8436321,restaurant,Brooklyn
node/10739630735,Tacombi,40.7197838,-73.8440372,restaurant,Brooklyn
node/10739819926,718 Bar & Grill,40.7192347,-73.8420951,restaurant,Brooklyn
node/10764452105,Xcellent Soul Food,40.6762522,-73.9220421,restaurant,Brooklyn
node/10773959529,Offshore Restaurant,40.6288014,-74.0290513,restaurant,Brooklyn
node/10773959531,Somethingreek,40.6303535,-74.0284087,restaurant,Brooklyn
node/10773959534,Mikawa,40.631856,-74.0274634,restaurant,Brooklyn
node/10776579992,Lucky Chinese,40.7366981,-73.8961278,restaurant,Brooklyn
node/10776712175,Delicias De Mexico,40.7372406,-73.8957731,restaurant,Brooklyn
node/10776922805,Luke Kelly's,40.7374631,-73.8960946,pub,Brooklyn
node/10778717159,Shelly's Cafe,40.7248602,-73.8987129,restaurant,Brooklyn
node/10780489355,Anchor Cafe,40.5786613,-73.9891743,restaurant,Brooklyn
node/10780670267,Mama Pisco Kitchen,40.7312042,-73.8999859,restaurant,Brooklyn
node/10780673353,La Catrina,40.7314852,-73.8999715,restaurant,Brooklyn
node/10782540449,Filipinana,40.7374159,-73.8792113,restaurant,Brooklyn
node/10785420254,Teriyaki One,40.593466,-73.9995139,restaurant,Brooklyn
node/10797317356,PC's Bar & Grill,40.631214,-74.0217618,bar,Brooklyn
node/10797371357,Yemen Cafe,40.6304791,-74.0220573,restaurant,Brooklyn
node/10797403540,Gino's,40.6299435,-74.0226208,restaurant,Brooklyn
node/10802325029,Docky's,40.6778512,-74.0125147,bar,Brooklyn
node/10821031005,Rocca Cafe & Lounge,40.5834945,-73.9408495,restaurant,Brooklyn
node/10822653417,Mike's Royal Diner,40.6283352,-74.0229376,restaurant,Brooklyn
node/10822653425,Soul Of Palestine NYC,40.6281709,-74.0233517,restaurant,Brooklyn
node/10822776531,Tanoshii,40.6276182,-74.0235755,restaurant,Brooklyn
node/10822931542,Istanbul Bay,40.6257548,-74.0243381,restaurant,Brooklyn
node/10825166961,Star Of Siam,40.7100971,-73.8492953,restaurant,Brooklyn
node/10825166980,Bloom Botanical Bistro,40.7103015,-73.8491579,restaurant,Brooklyn
node/10825166986,Dante’s Pizza,40.7101578,-73.848266,restaurant,Brooklyn
node/10825166995,Dee's Wood Fired Pizza & Kitchen,40.7097266,-73.8453059,restaurant,Brooklyn
node/10825166996,My Kitchen,40.7099035,-73.8464821,restaurant,Brooklyn
node/10825166998,Kantu,40.710127,-73.8481149,restaurant,Brooklyn
node/10825169318,Kazan,40.7102068,-73.8485631,restaurant,Brooklyn
node/10825169337,Desert Rain,40.7096855,-73.8450932,nightclub,Brooklyn
node/10874803320,Zaman,40.6193851,-74.0278421,restaurant,Brooklyn
node/10884411103,,40.7199365,-73.8451186,restaurant,Brooklyn
node/10900413252,Geordie's Joint,40.6921828,-73.8625683,pub,Brooklyn
node/10922956683,Phillies,40.7218922,-73.8853859,restaurant,Brooklyn
node/10929414513,Buon Appetito,40.7207946,-74.0464334,restaurant,Brooklyn
node/10931164936,Trees Lounge,40.6615742,-73.9796808,bar,Brooklyn
node/10935388065,Kpot Korean BBQ & Hot Pot,40.5757405,-73.9802188,restaurant,Brooklyn
node/10958459005,Sol Azteca,40.7193826,-74.0496816,restaurant,Brooklyn
node/10963975805,Minca,40.724092,-73.9829013,restaurant,Brooklyn
node/10972297741,IHOP,40.5756952,-73.9790297,restaurant,Brooklyn
node/10984724890,Golden Owls,40.7348847,-73.8818283,restaurant,Brooklyn
node/10984762380,Queens Blvd. Pizzeria,40.7344746,-73.8746916,restaurant,Brooklyn
node/10989946422,Shanghai Zhen Gong Fu,40.7361983,-73.8773639,restaurant,Brooklyn
node/10998023801,Wu Lou Lounge,40.6795047,-73.9558282,nightclub,Brooklyn
node/10998355797,Amour Cabaret,40.6791911,-73.9497831,nightclub,Brooklyn
node/10998370405,Holic Thai Bistro,40.67822,-73.9498706,restaurant,Brooklyn
node/11002042945,Hendrix House,40.6790567,-73.9494966,restaurant,Brooklyn
node/11009510556,China Restaurant,40.6502411,-73.9300285,restaurant,Brooklyn
node/11014787303,Waku Waku,40.6559905,-74.0069707,restaurant,Brooklyn
node/11016355598,U & I Restaurant,40.6304564,-73.9774025,restaurant,Brooklyn
node/11021066794,Yummy China,40.7018636,-73.8831129,restaurant,Brooklyn
node/11022732133,Barrows Intense Ginger,40.6568096,-74.0061173,bar,Brooklyn
node/11027869973,Le Sajj,40.6237173,-74.0248287,restaurant,Brooklyn
node/11034379405,Madison Pizza Lab,40.7371819,-74.0320915,restaurant,Brooklyn
node/11047898482,Farmhouse Restaurant,40.6047917,-73.998927,restaurant,Brooklyn
node/11047933265,New Hunan Wok,40.6046873,-73.9987569,restaurant,Brooklyn
node/11047952916,Liu’s Shanghai,40.602843,-74.0038939,restaurant,Brooklyn
node/11048343459,Bareburger,40.7203987,-74.043961,restaurant,Brooklyn
node/11055926481,Van Brunt Stillhouse Tasting Room,40.6736906,-74.0101006,bar,Brooklyn
node/11060671605,The Archer,40.7212825,-74.0452193,bar,Brooklyn
node/11062634655,Boots & Bones BBQ,40.7200084,-74.0426916,restaurant,Brooklyn
node/11073916484,Ankara 1,40.6088231,-73.9584271,restaurant,Brooklyn
node/11074226307,NY 99 Cents Pizza,40.7176803,-74.0000521,restaurant,Brooklyn
node/11082055473,Helen's Pizza,40.7212091,-74.0455601,restaurant,Brooklyn
node/11082055474,Ela Greek Kitchen,40.7211619,-74.045467,restaurant,Brooklyn
node/11141442124,Golden Way,40.6750376,-73.8429679,restaurant,Brooklyn
node/11144787708,Il Leone,40.6722231,-73.977337,restaurant,Brooklyn
node/11201559989,Nana’s,40.6499186,-73.8379475,restaurant,Brooklyn
node/11234002672,Kyuramen,40.7204581,-73.8425699,restaurant,Brooklyn
node/11262391216,Cafe Lily,40.6101349,-73.9835843,restaurant,Brooklyn
node/11274954976,Sally's Seafood Station,40.64207,-74.0054965,restaurant,Brooklyn
node/11281703922,Tu Casa,40.7062584,-73.8314898,restaurant,Brooklyn
node/11359032869,Makan House,40.5984308,-73.9589421,restaurant,Brooklyn
node/11359032872,Shashlik House,40.5984557,-73.9586993,restaurant,Brooklyn
node/11380488215,Japonica,40.7338012,-73.9930834,restaurant,Brooklyn
node/11401443650,Taqueria Maria and Ricardo,40.6390736,-73.9692692,restaurant,Brooklyn
node/11479622125,Panajachel Solola,40.6508896,-74.0040856,restaurant,Brooklyn
node/11479622127,El Quetzalito,40.6460159,-74.0091647,restaurant,Brooklyn
node/11483989559,G Sushi Sashimi,40.6342408,-74.0264847,restaurant,Brooklyn
node/11484261984,Ubani,40.6253886,-74.0301027,restaurant,Brooklyn
node/11484261985,Red Oak,40.6254378,-74.0300824,bar,Brooklyn
node/11484261986,Polonica,40.6254897,-74.0300612,restaurant,Brooklyn
node/11497580169,Ayat,40.6416313,-73.963071,restaurant,Brooklyn
node/11512186842,Wong Kwong Hop Inc.,40.7354977,-73.8814529,restaurant,Brooklyn
node/11532221724,Jalsa,40.6382647,-73.9687138,restaurant,Brooklyn
node/11555201009,Dunya Kabab House,40.6405215,-73.9693637,restaurant,Brooklyn
node/11583127567,East Meets West,40.5785883,-73.8496505,restaurant,Brooklyn
node/11588630080,Jin Jin Hong Kong Cafe,40.620469,-73.9890272,restaurant,Brooklyn
node/11590098385,F1 Lounge,40.6396995,-73.9550538,restaurant,Brooklyn
node/11590098388,Tacos El Dorado,40.6402054,-73.9555551,restaurant,Brooklyn
node/11590100579,Los Tres Chiflados,40.6455076,-73.958237,restaurant,Brooklyn
node/11618784873,Red Crab,40.6538923,-73.8672135,restaurant,Brooklyn
node/11618784875,Sally's Restaurant,40.6541449,-73.8673721,restaurant,Brooklyn
node/11618784876,Dallas BBQ,40.6535484,-73.8669567,restaurant,Brooklyn
node/11620002940,Tuscan Hills,40.7190193,-73.8392831,restaurant,Brooklyn
node/11620002946,Nine Thai,40.7189285,-73.8390776,restaurant,Brooklyn
node/11620002947,Nemo,40.7189816,-73.8391745,pub,Brooklyn
node/11620034273,Pollo Inka,40.7176752,-73.8364014,restaurant,Brooklyn
node/11633619800,Toribio Restaurant,40.682073,-73.8781311,restaurant,Brooklyn
node/11645497589,Latisha House,40.6585891,-73.8942073,hotel,Brooklyn
node/11657374225,Estihana,40.6250685,-73.9635876,restaurant,Brooklyn
node/11658242570,Xiang Hotpot-Brooklyn,40.6338842,-74.0047203,restaurant,Brooklyn
node/11671060142,Rico Chimi,40.6773243,-73.8862606,restaurant,Brooklyn
node/11683090929,Mikado,40.7075673,-73.8357078,restaurant,Brooklyn
node/11687884605,Ipoh Kitchen Asian Cuisine,40.6167056,-73.9854672,restaurant,Brooklyn
node/11687884606,La Cemita,40.6166629,-73.9855128,restaurant,Brooklyn
node/11732162947,Lucky Dhaba,40.6982828,-73.8345612,restaurant,Brooklyn
node/11732255289,Caribbean Cabana,40.6990393,-73.8331573,restaurant,Brooklyn
node/11739272856,Caspiy Restaurant,40.5879477,-73.9557962,restaurant,Brooklyn
node/11748179934,,40.7299323,-73.8877785,restaurant,Brooklyn
node/11753614457,Oldies,40.6560206,-74.0070252,bar,Brooklyn
node/11759154599,Buck-!t Sports Bar & Latin Grill,40.5756663,-73.9785503,bar,Brooklyn
node/11762226120,Carib-Soul BK,40.6783321,-73.9640358,restaurant,Brooklyn
node/11764892852,Come On Thai,40.6291028,-74.0285806,restaurant,Brooklyn
node/11771951599,Guria,40.5906697,-73.9402234,restaurant,Brooklyn
node/11782063120,Chinah,40.7265981,-74.0358132,restaurant,Brooklyn
node/11787040568,Izakaya Sushi & Loung,40.5869254,-73.9524957,restaurant,Brooklyn
node/11795950199,Pho 60,40.6328708,-74.0048964,restaurant,Brooklyn
node/11808368490,Marcela Cocina Mexicana,40.6272653,-74.0139583,restaurant,Brooklyn
node/11823710240,Affable Eatery,40.6308874,-74.0099939,restaurant,Brooklyn
node/11835617348,Kaieteur,40.6995035,-73.8308713,restaurant,Brooklyn
node/11836256030,Golden City,40.6168206,-73.9857507,restaurant,Brooklyn
node/11845453917,Oktoberfest,40.576897,-73.9630866,pub,Brooklyn
node/11847688532,Roti Shop Trini Delight,40.6842775,-73.8319173,restaurant,Brooklyn
node/11851294567,Jade,40.7079822,-73.8307534,restaurant,Brooklyn
node/11862288391,King Wok,40.7182856,-73.8408244,restaurant,Brooklyn
node/11869833520,Dhaba Punjabi,40.6888202,-73.8305471,restaurant,Brooklyn
node/11869853346,Harbor Breeze,40.6870213,-73.8355329,bar,Brooklyn
node/11869866430,Eternity,40.7086956,-73.8310886,restaurant,Brooklyn
node/11869866431,C,40.7086538,-73.8313112,restaurant,Brooklyn
node/11884115407,Tandir Rokhat,40.591173,-73.9608583,restaurant,Brooklyn
node/11905190304,La Cabaña Peruana,40.680029,-73.845586,restaurant,Brooklyn
node/11907690086,My Grill Bar,40.6097889,-73.9628181,restaurant,Brooklyn
node/11931618254,Oleandr,40.5771366,-73.9628679,restaurant,Brooklyn
node/11934291295,Brick Lane Curry House,40.7203824,-74.0434455,restaurant,Brooklyn
node/11934309714,Low Fidelity,40.7399332,-74.0467202,restaurant,Brooklyn
node/12014903969,Union Street Pizza,40.677355,-73.9834569,restaurant,Brooklyn
node/12066720796,Jiku,40.6476883,-73.9678403,restaurant,Brooklyn
node/12082261801,Bar & Play Pool,40.6372371,-73.968411,bar,Brooklyn
node/12082261802,Linda Restaurant,40.6371969,-73.9683994,restaurant,Brooklyn
node/12089522880,Anvar’s,40.5768501,-73.9658463,restaurant,Brooklyn
node/12103737001,Alfie's Pizza,40.6998532,-73.8328603,restaurant,Brooklyn
node/12103737002,,40.7002605,-73.8305006,restaurant,Brooklyn
node/12103740801,Spicy Lanka,40.7003267,-73.8328412,restaurant,Brooklyn
node/12113605047,Akara House,40.6764406,-73.9500418,restaurant,Brooklyn
node/12117552389,Tatiana Grill,40.5751464,-73.9625633,restaurant,Brooklyn
node/12117625733,Boardwalk Beer Garden,40.5751974,-73.9614251,bar,Brooklyn
node/12117625734,Garden Of Joy,40.5752103,-73.961249,restaurant,Brooklyn
node/12117665601,Hot Potato House,40.5770818,-73.9525296,restaurant,Brooklyn
node/12117665602,,40.5770916,-73.9524514,restaurant,Brooklyn
node/12146939435,Don Pollo,40.7098291,-73.8992244,restaurant,Brooklyn
node/12155397147,Chun Hong Kong Cafe,40.6192358,-73.9898726,restaurant,Brooklyn
node/12183084815,Tacoria,40.7218856,-74.0441309,restaurant,Brooklyn
node/12194824929,Rodeo,40.6680993,-73.9531281,bar,Brooklyn
node/12218761730,Champion Pizza,40.7329358,-73.8635435,restaurant,Brooklyn
node/12228290303,Meryendang Pinoy,40.7234521,-74.0498489,restaurant,Brooklyn
node/12228583508,TipTop,40.6353201,-73.9920191,bar,Brooklyn
node/12228583509,,40.6353618,-73.9919784,restaurant,Brooklyn
node/12228583516,blew,40.63527,-73.9920689,restaurant,Brooklyn
node/12235064098,Malone's Chop House,40.6166658,-74.0336638,restaurant,Brooklyn
node/12239587902,Cuihua Kitchen Inc,40.6044042,-73.9982169,restaurant,Brooklyn
node/12239671670,Chopstix Food Hall,40.6020609,-73.9943623,restaurant,Brooklyn
node/12247119188,E Noodle Cafe,40.6209448,-74.0264932,restaurant,Brooklyn
node/12247307330,Ho' Brah,40.6229781,-74.0314319,restaurant,Brooklyn
node/12248243318,New Fu Shen Restaurant,40.6361007,-74.0127169,restaurant,Brooklyn
node/12251081140,Ayat,40.6241629,-74.0306037,restaurant,Brooklyn
node/12271118291,Peppercorn Station,40.7199795,-74.0387586,restaurant,Brooklyn
node/12292274394,Te Riki,40.6108473,-73.979322,restaurant,Brooklyn
node/12352155342,Don Patron,40.6476656,-73.9679089,restaurant,Brooklyn
node/12356605539,The Assembly Bar,40.7039726,-73.8769365,bar,Brooklyn
node/12360441504,Sweet Catch,40.6573748,-73.950427,restaurant,Brooklyn
node/12360441527,Camillo,40.6596103,-73.9507041,restaurant,Brooklyn
node/12366377236,Lutali,40.6225322,-73.9644152,restaurant,Brooklyn
node/12384563315,Cappuccino Cafe,40.6294569,-74.0284475,restaurant,Brooklyn
node/12388899525,Sakhli,40.6171683,-73.9849728,restaurant,Brooklyn
node/12423262690,New Three Star Restaurant,40.5991057,-73.9550515,restaurant,Brooklyn
node/12449613777,Kaff Kafé,40.6284734,-73.9883792,restaurant,Brooklyn
node/12474961637,King Crab Station,40.5988134,-73.9882961,restaurant,Brooklyn
node/12493110877,Tone Cafe,40.581384,-73.9632481,restaurant,Brooklyn
node/12526669808,Sezam,40.7295109,-73.861596,restaurant,Brooklyn
node/12534596173,Mabat,40.6065012,-73.9655878,restaurant,Brooklyn
node/12534620325,Sushi Tokyo,40.6062074,-73.9657804,restaurant,Brooklyn
node/12563330478,Rumba Cubana,40.7274942,-74.0439771,restaurant,Brooklyn
node/12563381394,Dun Huang Noodles,40.73196,-74.0314821,restaurant,Brooklyn
node/12563406287,Blue Anchor,40.7319285,-74.0310737,restaurant,Brooklyn
node/12598635196,Taquitos Mexico,40.6231054,-74.0011545,restaurant,Brooklyn
node/12601464857,Mikado,40.6666054,-73.8517523,restaurant,Brooklyn
node/12618776814,Samurai Sushi,40.6085164,-74.0043943,restaurant,Brooklyn
node/12621431901,Lucky 7 Tavern,40.7228973,-74.047426,bar,Brooklyn
node/12628787690,Rob's of Brooklyn,40.6467689,-74.0012096,restaurant,Brooklyn
node/12631743736,Yuan Zai Bing,40.6365047,-74.0114916,restaurant,Brooklyn
node/12631743739,Ng's Kitchen,40.6352886,-74.0099728,restaurant,Brooklyn
node/12631743740,Soccer Tavern,40.6354177,-74.0098375,bar,Brooklyn
node/12631743741,New Double Fire,40.6351592,-74.0101086,restaurant,Brooklyn
node/12631743742,Gongfu Xiao Long Bao,40.6351207,-74.0101489,restaurant,Brooklyn
node/12631743748,Special Restaurant,40.6359924,-74.0117519,restaurant,Brooklyn
node/12631743751,Wang Hao Restaurant,40.6359362,-74.0116585,restaurant,Brooklyn
node/12631743755,Rice Village',40.636507,-74.01188,restaurant,Brooklyn
node/12636191546,Jacky Kung Fu,40.6017194,-74.0023156,restaurant,Brooklyn
node/12638949932,Gus's Pizzeria,40.6041734,-74.0069102,restaurant,Brooklyn
node/12641196093,,40.6055736,-74.0001683,restaurant,Brooklyn
node/12643510008,Mike Daddy's Pizza Bar,40.6595836,-73.9882872,bar,Brooklyn
node/12646577930,Fei Long Spicy Hot Pot,40.6437912,-74.0011767,restaurant,Brooklyn
node/12646577932,Poke Bowl 101,40.6448161,-74.0000892,restaurant,Brooklyn
node/12646577935,Fantastic Bar & Lounge,40.6442443,-74.0006761,bar,Brooklyn
node/12646577936,Meiqing Restaurant,40.6439236,-74.0010377,restaurant,Brooklyn
node/12650765086,Don Huang,40.6353036,-74.0089934,restaurant,Brooklyn
node/12656856323,Taco Callejero,40.6351786,-73.963416,restaurant,Brooklyn
node/12660808463,Istanblue Kebab House,40.6250049,-73.9617935,restaurant,Brooklyn
node/12662698301,New Chinese Garden of Guyana Restuarant,40.6840328,-73.8324862,restaurant,Brooklyn
node/12662707701,99 Flavor Taste,40.6356066,-74.0116046,restaurant,Brooklyn
node/12678165940,Pie & Fries,40.6323836,-73.9950736,restaurant,Brooklyn
node/12706308101,,40.6367154,-74.009264,hotel,Brooklyn
node/12708575898,Chikurin,40.5880646,-73.9522391,restaurant,Brooklyn
node/12724151534,Hola la Pho,40.624464,-74.0245187,restaurant,Brooklyn
node/12724672322,Elia Restaurant,40.6230596,-74.0310532,restaurant,Brooklyn
node/12732221742,Crust Co.,40.6326003,-73.9954272,restaurant,Brooklyn
node/12734209578,Hana Japanese Restaurant,40.6209733,-74.0256871,restaurant,Brooklyn
node/12753439901,Grove Station,40.7200623,-74.04274,bar,Brooklyn
node/12769013378,Rehmat,40.630886,-73.9661657,restaurant,Brooklyn
node/12769013379,Abodo,40.6308321,-73.9661531,restaurant,Brooklyn
node/12778709115,Bakers Bar,40.6282673,-74.0292759,bar,Brooklyn
node/12815082597,Wyndham Garden,40.7323433,-73.8663257,hotel,Brooklyn
node/12823938130,Greenhouse Cafe,40.6295543,-74.0284121,restaurant,Brooklyn
node/12832536694,Gyro King,40.6334549,-73.9673253,restaurant,Brooklyn
node/12843166300,Shinjuku Japanese Fusion,40.5862915,-73.9523121,restaurant,Brooklyn
node/12869476856,Pescada,40.6243262,-73.9648702,restaurant,Brooklyn
node/12869546134,Brighton Flaming Grill,40.5783678,-73.9586376,restaurant,Brooklyn
node/12898112287,Luo's Burgers,40.6737136,-74.0116087,restaurant,Brooklyn
node/12957894285,Lime & Salt,40.7270775,-73.8548773,restaurant,Brooklyn
node/12957925226,Katie O Soul,40.6616336,-73.9476578,restaurant,Brooklyn
node/12984640549,Vanka Cafe,40.591021,-73.9403596,restaurant,Brooklyn
node/12987742065,Fusion East,40.6558764,-73.8733967,restaurant,Brooklyn
node/13001729368,Holy Burger,40.7209228,-74.0481628,restaurant,Brooklyn
node/13005426191,Don Pollo,40.71091,-73.8529664,restaurant,Brooklyn
node/13006664399,,40.7217653,-73.8463013,restaurant,Brooklyn
node/13009415299,Nick’s,40.7180679,-73.8405603,restaurant,Brooklyn
node/13012366637,Next,40.5928585,-73.9479636,bar,Brooklyn
node/13023340777,Bong,40.6727061,-73.9548016,restaurant,Brooklyn
node/13041668014,Mistura Peruana,40.692588,-73.8601455,restaurant,Brooklyn
node/13045995491,La Cabaña Salvadoreña,40.6950689,-73.8444818,restaurant,Brooklyn
node/13046555801,Gun Hill Publick House,40.6573922,-74.0070222,pub,Brooklyn
node/13046559901,Bitter Monk,40.6571256,-74.0064921,bar,Brooklyn
node/13049111473,International Coffee Shop,40.7004145,-73.8983016,restaurant,Brooklyn
node/13049145939,Peg's Cavalier,40.6996949,-73.8986261,bar,Brooklyn
node/13050843866,Kondela,40.6700581,-73.8423183,restaurant,Brooklyn
node/13050843869,,40.6700153,-73.8421127,restaurant,Brooklyn
node/13050860044,,40.6544052,-73.8383822,restaurant,Brooklyn
node/13060969229,,40.673323,-73.887056,restaurant,Brooklyn
node/13067634242,Tanoreen,40.6308149,-74.0278883,restaurant,Brooklyn
node/13070058582,Yummy's,40.6745366,-73.9502091,restaurant,Brooklyn
node/13101647341,Souvlaki Spot,40.6628758,-73.8410911,restaurant,Brooklyn
node/13121218083,Ask Sushi,40.7330703,-73.8957452,restaurant,Brooklyn
node/13125414534,Essence,40.6775187,-73.9357217,bar,Brooklyn
node/13135876077,IYKYK Forest Hills,40.7209878,-73.8462327,bar,Brooklyn
node/13142616201,BunNan,40.6398295,-73.9552009,restaurant,Brooklyn
node/13144718471,Don Pablo Restaurant,40.6844492,-73.8761688,restaurant,Brooklyn
node/13172639076,Mojo Forest Hills,40.7206313,-73.8464333,restaurant,Brooklyn
node/13185020546,Hook & Reel,40.6716608,-73.8570861,restaurant,Brooklyn
node/13185020551,Charcoal Grill & Modern Buffet,40.6725944,-73.8573184,restaurant,Brooklyn
node/13188023819,Muan Thai Restaurant and Bar,40.6737798,-73.9830769,restaurant,Brooklyn
node/13189064550,La Repuplika,40.6765532,-73.891594,bar,Brooklyn
node/13228870770,Uncle Momo,40.7183182,-74.0438774,restaurant,Brooklyn
node/13265746117,Mito,40.7324339,-73.8496063,restaurant,Brooklyn
node/13282180219,King David Venue & Catering,40.7261762,-73.8525133,restaurant,Brooklyn
node/13323294301,Le Relais De Venise L'Entrecôte,40.6551915,-73.9267006,restaurant,Brooklyn
node/13374639704,Ginza Sushi,40.5929603,-73.9499956,restaurant,Brooklyn
node/13376181043,101 Cafe,40.6851977,-73.8431846,restaurant,Brooklyn
node/13383887326,Mistura Peruana,40.6765793,-73.8440623,restaurant,Brooklyn
node/13385622501,Laghman Express,40.5990286,-73.9616081,restaurant,Brooklyn
node/13391143104,La Cocinita,40.6975196,-73.8359842,restaurant,Brooklyn
node/13433380153,Sleep Inn,40.6506012,-73.9573542,hotel,Brooklyn
node/13460669718,The Rogers Garden,40.6542254,-73.9530101,bar,Brooklyn
node/13462350852,Wonder,40.719875,-73.8443069,restaurant,Brooklyn
node/13504500620,Joe's of Avenue U,40.597054,-73.9736675,restaurant,Brooklyn
node/13519821877,Uncle Roger's,40.6746469,-73.9502619,bar,Brooklyn
node/13563215324,Joe's Bar & Grill,40.5969453,-73.974653,bar,Brooklyn
node/13588260299,LouLou,40.6079845,-73.9730614,bar,Brooklyn
node/13630163520,Funny BBQ,40.6385117,-74.0056405,restaurant,Brooklyn
node/13648907102,Faccia Brutto,40.6782401,-73.9515058,bar,Brooklyn
node/13680088037,Pho Thai,40.7303304,-73.8637883,restaurant,Brooklyn
node/13680088038,Omakase Ramen,40.7302343,-73.8635338,restaurant,Brooklyn
node/13696500316,Tropical Jade,40.6839634,-73.8334623,restaurant,Brooklyn
node/13696500322,Hack's Halal,40.6837878,-73.8338816,restaurant,Brooklyn
node/13696500323,Gemini Lounge,40.6837689,-73.8339326,nightclub,Brooklyn
node/13723221049,Little Plaza Pizza,40.654905,-73.96143,restaurant,Brooklyn
node/13732442305,Klan Destino,40.7130183,-73.8775409,restaurant,Brooklyn
node/13732498663,My Sushi,40.7247853,-73.8793711,restaurant,Brooklyn
node/13765056207,Prince Tea House,40.7193078,-73.8455004,restaurant,Brooklyn
node/13788042401,Don Udon,40.6741015,-73.9571572,restaurant,Brooklyn
node/13788777062,,40.6181393,-74.0063121,restaurant,Brooklyn
way/27111276,Courtyard Jersey City Newport,40.7275595,-74.033917,hotel,Brooklyn
way/27111277,DoubleTree,40.7235791,-74.0367563,hotel,Brooklyn
way/27111278,The Westin Jersey City Newport,40.7249569,-74.0363256,hotel,Brooklyn
way/27151977,W Hotel,40.739204,-74.0276574,hotel,Brooklyn
way/70605978,Holiday Inn Manhattan,40.7082662,-74.0141115,hotel,Brooklyn
way/241835413,Kennedy's,40.5613593,-73.920946,restaurant,Brooklyn
way/241843134,Two Boots,40.6741974,-73.9824344,restaurant,Brooklyn
way/241843139,Terrace Restaurant,40.6742528,-73.9824066,restaurant,Brooklyn
way/241845962,Lucky 13,40.6782019,-73.9835983,bar,Brooklyn
way/241845981,Insa,40.6794303,-73.9826835,restaurant,Brooklyn
way/241846001,Essence Hotel,40.679235,-73.983147,hotel,Brooklyn
way/241850435,Bison & Bourbon,40.6731728,-73.9905215,restaurant,Brooklyn
way/241850500,Hotel le Bleu,40.6732677,-73.987102,hotel,Brooklyn
way/241860593,Dinosaur Bar-B-Que,40.6775579,-73.98411,restaurant,Brooklyn
way/241860727,Finback Brooklyn,40.6775159,-73.9847477,bar,Brooklyn
way/245352091,Orale Mexican Kitchen,40.7205167,-74.0431003,restaurant,Brooklyn
way/247419025,Footprints Café,40.6446249,-73.921238,restaurant,Brooklyn
way/247445624,Outback Steakhouse,40.649773,-73.8719447,restaurant,Brooklyn
way/247445658,Red Lobster,40.6509218,-73.8700495,restaurant,Brooklyn
way/247463254,Lindenwood Diner,40.6697792,-73.8574703,restaurant,Brooklyn
way/247611043,Bk Way Hotel,40.6796774,-73.8776103,hotel,Brooklyn
way/247638241,Mike's Tavern,40.6797277,-73.8499864,pub,Brooklyn
way/247638350,The Rock Restaurant,40.6803659,-73.8471708,restaurant,Brooklyn
way/247925864,Istanbul Kebab House,40.6087615,-73.9588678,restaurant,Brooklyn
way/247926054,Taci's Beyti,40.6095361,-73.9619245,restaurant,Brooklyn
way/248158548,Union Hall,40.6760065,-73.980132,bar,Brooklyn
way/248159534,Da Nonna Rosa,40.6729048,-73.9769709,restaurant,Brooklyn
way/248164300,Black Oak,40.6767769,-73.9804937,pub,Brooklyn
way/248167311,Other Half Brewery,40.6739018,-73.9991592,pub,Brooklyn
way/248167942,Keg & Lantern Brewery,40.6757372,-74.0157843,pub,Brooklyn
way/248170579,Unoriginal Noodles,40.6605879,-73.9903034,restaurant,Brooklyn
way/248171326,Analog BKNY,40.6695877,-73.9955178,nightclub,Brooklyn
way/248171332,Surfish,40.668645,-73.9936364,restaurant,Brooklyn
way/248178053,The Brooklyn Hotel,40.678843,-73.9511775,hotel,Brooklyn
way/248178075,La Quinta,40.6787359,-73.9501297,hotel,Brooklyn
way/248239106,Nuevo Mexico,40.6674766,-73.9873668,restaurant,Brooklyn
way/248239484,Paddy's,40.6666901,-73.9878363,pub,Brooklyn
way/248240942,Essence Hotel,40.6635572,-73.9975574,hotel,Brooklyn
way/248241016,Comfort Inn,40.6636513,-73.9961162,hotel,Brooklyn
way/248456364,Encore,40.6124846,-74.0335525,restaurant,Brooklyn
way/248462073,Fushimi,40.6173297,-74.0309812,restaurant,Brooklyn
way/248468242,The Bridgeview Diner,40.6206445,-74.0318713,restaurant,Brooklyn
way/248473006,Aleli,40.6291599,-74.0290015,restaurant,Brooklyn
way/248474785,Tropical Shack,40.5746961,-73.9798116,restaurant,Brooklyn
way/248474804,Tom's Coney Island,40.5733443,-73.9805781,restaurant,Brooklyn
way/248483479,Salty Dog,40.6310772,-74.0276169,pub,Brooklyn
way/248495797,Teura Il Ponte,40.5758284,-73.9800879,restaurant,Brooklyn
way/248495853,Totonno's Pizzeria Napolitana,40.5788006,-73.9838055,restaurant,Brooklyn
way/248496447,Paul's Daughter,40.5734801,-73.9783845,restaurant,Brooklyn
way/248496472,Chow Time,40.5767505,-73.9822415,restaurant,Brooklyn
way/248514371,Best Western Gregory Hotel,40.6243699,-74.0273317,hotel,Brooklyn
way/248554561,Wise Bar & Grill,40.5831778,-73.9557075,restaurant,Brooklyn
way/248556440,Golden Leo,40.5838574,-73.9508836,restaurant,Brooklyn
way/248556995,Applebee's,40.5839579,-73.9432988,restaurant,Brooklyn
way/248562072,Comfort Inn,40.5839363,-73.932387,hotel,Brooklyn
way/248574893,Masakari,40.5869362,-73.9522551,restaurant,Brooklyn
way/248818934,Tsob Tsobe,40.5878312,-73.9600341,restaurant,Brooklyn
way/248819029,Level Restaurant & Bar,40.5888343,-73.9601096,restaurant,Brooklyn
way/248819038,Cafe Gallery,40.5882529,-73.9600604,restaurant,Brooklyn
way/248841440,Parkview Diner,40.5834634,-73.9861066,restaurant,Brooklyn
way/248931443,Arnor Crepes & Bubble Tea,40.6105714,-73.9838806,restaurant,Brooklyn
way/249004878,Giulia's Cucina & Dessert,40.6162039,-74.0003719,restaurant,Brooklyn
way/249012764,Chinese Buffet,40.6099576,-74.0065667,restaurant,Brooklyn
way/249025792,Viva Mexico Restaurant,40.6114911,-74.0100973,restaurant,Brooklyn
way/249026066,Tomasso,40.6115987,-74.0103401,restaurant,Brooklyn
way/249026180,Outback Steakhouse,40.6120323,-74.009322,restaurant,Brooklyn
way/249062520,Krispy Pizza,40.6224304,-74.0056138,restaurant,Brooklyn
way/249534663,Rakuzen AYCE Sushi,40.6310965,-74.0089718,restaurant,Brooklyn
way/249539332,Chen's Fresh Food Market,40.6697902,-73.907155,restaurant,Brooklyn
way/249562722,Ocean Palace Seafood Restaurant,40.6385232,-74.006038,restaurant,Brooklyn
way/249563085,MM Tea Cafe,40.6363492,-74.0083602,restaurant,Brooklyn
way/249572570,Mister Hotpot,40.6393863,-74.0058409,restaurant,Brooklyn
way/249573239,Wong Wong Noodle Shop,40.6387332,-74.0065022,restaurant,Brooklyn
way/249576340,,40.6374376,-74.0078407,restaurant,Brooklyn
way/249577635,Insignia Hotel,40.6357357,-74.0111127,hotel,Brooklyn
way/249587108,Three Brothers Bar,40.6482302,-74.0145994,bar,Brooklyn
way/249592262,Quality Inn,40.6509959,-74.0117672,hotel,Brooklyn
way/249595824,La Brasa Peruana,40.6471091,-74.0086462,restaurant,Brooklyn
way/249604504,Bebecitas Sportbar,40.6529695,-74.0064384,bar,Brooklyn
way/249606232,L Hotel,40.6572426,-74.0028329,hotel,Brooklyn
way/249606359,Liberty View Brooklyn Hotel,40.658611,-74.0004572,hotel,Brooklyn
way/249606386,Hotel BPM,40.65661,-74.003298,hotel,Brooklyn
way/249606390,GLo Best Western Brooklyn,40.6576869,-74.0013445,hotel,Brooklyn
way/249606395,Mama Tried,40.6605109,-74.0007768,bar,Brooklyn
way/249606612,Brooklyn Way Hotel Prospect Park,40.6603235,-73.9986384,hotel,Brooklyn
way/249606814,Days Inn,40.6522241,-74.0049915,hotel,Brooklyn
way/249606905,Wyndham Garden,40.6518636,-74.0045023,hotel,Brooklyn
way/249622071,The Astarita,40.6559854,-73.9992372,restaurant,Brooklyn
way/249623363,Phoenix Hotel,40.6510799,-74.0032839,hotel,Brooklyn
way/249632922,Black Horse Pub,40.6651877,-73.9900027,pub,Brooklyn
way/249632988,Rullo's,40.6654058,-73.9897926,bar,Brooklyn
way/249712193,ACherry,40.5977228,-73.9608081,restaurant,Brooklyn
way/249734428,Brennan & Carr,40.6002352,-73.9420962,restaurant,Brooklyn
way/249786505,Best Western Plus,40.6345769,-73.9677492,hotel,Brooklyn
way/249796859,Brooklyn Vybe Hotel,40.6460082,-73.9584222,hotel,Brooklyn
way/249997415,Dallas BBQ,40.6325392,-73.9478934,restaurant,Brooklyn
way/250162251,Amy's Kitchen,40.6628832,-73.9377194,restaurant,Brooklyn
way/250164817,Antilles,40.6589212,-73.9507632,restaurant,Brooklyn
way/250170749,Grüit,40.6634593,-73.9536681,restaurant,Brooklyn
way/250227114,Imperial Hotel,40.6765009,-73.9002087,hotel,Brooklyn
way/250231817,Hotel Omega,40.6774746,-73.8969682,hotel,Brooklyn
way/250317185,Greedi Vegan,40.6763427,-73.9522322,restaurant,Brooklyn
way/250325740,Mirage Brooklyn,40.677849,-73.9433151,hotel,Brooklyn
way/250335847,Anthony's Corner Cafe,40.6707628,-73.9312052,restaurant,Brooklyn
way/250366572,Atlantic Motor Inn,40.6771957,-73.9316031,hotel,Brooklyn
way/250369147,Ocean Fish & Chicken,40.6794968,-73.9372162,restaurant,Brooklyn
way/250429776,I Sushi,40.7003429,-73.8982604,restaurant,Brooklyn
way/250994180,Glendale Diner,40.7018575,-73.8796337,restaurant,Brooklyn
way/259774436,Hyatt Regency Jersey City on the Hudson,40.7170953,-74.0316024,hotel,Brooklyn
way/264853249,Life Pancake Company,40.7167439,-74.048556,restaurant,Brooklyn
way/265734243,The Islands,40.6770592,-73.9634107,restaurant,Brooklyn
way/277479644,Liberty House Restaurant,40.7091353,-74.0399848,restaurant,Brooklyn
way/277479645,Maritime Parc,40.7095403,-74.0416895,restaurant,Brooklyn
way/279778319,An Nhau,40.7182024,-73.9575886,restaurant,Brooklyn
way/280307181,Pan American Hotel,40.7377599,-73.8846406,hotel,Brooklyn
way/282418151,Travelodge,40.6717703,-73.8442352,hotel,Brooklyn
way/284860710,Holiday Inn Express,40.7391143,-73.8486922,hotel,Brooklyn
way/284919171,New Park Pizza,40.6627287,-73.8403795,restaurant,Brooklyn
way/285102984,The Sugar Bowl,40.5567272,-73.9134069,restaurant,Brooklyn
way/285107126,Nick's Lobster Restaurant & Seafood Market,40.6036029,-73.9151777,restaurant,Brooklyn
way/285891425,DiVino Pizzeria,40.6505521,-73.8381861,restaurant,Brooklyn
way/286179492,East New York Inn,40.6761674,-73.9031428,hotel,Brooklyn
way/292375847,The Holland Hotel,40.7297102,-74.0401902,hotel,Brooklyn
way/316035347,Olive Garden,40.7340036,-73.8687142,restaurant,Brooklyn
way/317442069,LongHorn Steakhouse,40.7343205,-73.8677961,restaurant,Brooklyn
way/317721385,Fogo de Chão,40.7344101,-73.8674692,restaurant,Brooklyn
way/362642225,Battello,40.7254315,-74.0324636,restaurant,Brooklyn
way/364419957,La Quinta,40.6687396,-73.9929701,hotel,Brooklyn
way/376073236,,40.5729863,-73.9834783,restaurant,Brooklyn
way/405649188,Canopy by Hilton,40.7198592,-74.0406786,hotel,Brooklyn
way/405656982,Residence Inn Jersey City,40.7190916,-74.0409583,hotel,Brooklyn
way/405891524,Salt & Sizzle,40.5731778,-73.9811317,restaurant,Brooklyn
way/405892196,Margarita Island,40.5748659,-73.9790989,restaurant,Brooklyn
way/406254097,Bubby’s Burritos,40.7173658,-74.0481995,restaurant,Brooklyn
way/407255649,,40.719468,-74.0434576,restaurant,Brooklyn
way/409654269,Diesel & Duke,40.722865,-74.0494053,restaurant,Brooklyn
way/409705915,Left Bank Burger Bar,40.7218346,-74.0461881,restaurant,Brooklyn
way/409705927,Gringo's,40.7215927,-74.0475157,restaurant,Brooklyn
way/409839567,Las Americas Pizzeria & Restaurant,40.7221962,-74.0474881,restaurant,Brooklyn
way/410144604,Sonesta Simply Suites Jersey City,40.7209821,-74.0342424,hotel,Brooklyn
way/424998825,Hyatt House New Jersey,40.7159226,-74.0338368,hotel,Brooklyn
way/484590714,D'Antan,40.6773133,-73.958779,restaurant,Brooklyn
way/487485073,Yellow Magnolia Café,40.6665924,-73.962024,restaurant,Brooklyn
way/550717610,Towneplace Suites,40.6773603,-73.9844018,hotel,Brooklyn
way/617474313,Burrito Bar and Kitchen,40.6783732,-73.9730605,restaurant,Brooklyn
way/632347275,Kings of Kobe,40.727066,-74.0366867,restaurant,Brooklyn
way/633123556,The Cheesecake Factory,40.7267203,-74.0367373,restaurant,Brooklyn
way/637354701,Ocean's 8,40.6773707,-73.9730851,bar,Brooklyn
way/673895007,Days Inn,40.6746849,-73.9057725,hotel,Brooklyn
way/674136717,Franklin Park,40.6722784,-73.9577727,pub,Brooklyn
way/707003674,Surface Inn,40.6694853,-73.9090247,hotel,Brooklyn
way/707003707,Days Inn,40.6719418,-73.9129504,hotel,Brooklyn
way/724484989,My House Bistro,40.5865722,-73.9525919,restaurant,Brooklyn
way/872098771,Sleep Inn,40.5845283,-73.9832525,hotel,Brooklyn
way/878398440,avid Hotel,40.6188473,-74.0223701,hotel,Brooklyn
way/908191404,The Rockaway Hotel,40.5815178,-73.8302394,hotel,Brooklyn
way/992787466,L&B Spumoni Gardens,40.5947218,-73.9813191,restaurant,Brooklyn
way/1017417534,El Carrito RoJo,40.5747274,-73.9800122,restaurant,Brooklyn
way/1017417535,,40.5747324,-73.980854,restaurant,Brooklyn
way/1017417536,,40.5747494,-73.9808059,restaurant,Brooklyn
way/1024683956,Holiday Inn Express,40.6469431,-73.9963183,hotel,Brooklyn
way/1024683958,King Hotel,40.6490201,-74.0007031,hotel,Brooklyn
way/1025728211,Days Inn,40.6440156,-73.987926,hotel,Brooklyn
way/1073233725,Kelly's Tavern,40.6168509,-74.0304797,bar,Brooklyn
way/1076697341,Lobster Garage,40.7140251,-74.0383848,restaurant,Brooklyn
way/1109198573,Holiday Inn Express & Suites Jersey City - Holland Tunnel,40.732014,-74.0403781,hotel,Brooklyn
way/1173132155,,40.6775534,-73.8965297,hotel,Brooklyn
way/1242226071,Tru by Hilton,40.6775916,-73.9851205,hotel,Brooklyn
way/1251295977,Hotel Bliss,40.6640112,-73.8771039,hotel,Brooklyn
way/1262197331,Super 8,40.6774482,-73.8941452,hotel,Brooklyn
way/1274005719,Best Western,40.5840421,-73.9821086,hotel,Brooklyn
way/1284266904,Grandma's Kitchen,40.6726791,-73.9387292,restaurant,Brooklyn
way/1296707907,Ovi's Place,40.6317424,-73.9480105,restaurant,Brooklyn
way/1317760326,Ramada,40.6300205,-73.9471353,hotel,Brooklyn
way/1362635456,El Cabanal Diner,40.7321051,-74.0434307,restaurant,Brooklyn
way/1426253876,Ramada,40.6638121,-73.9562992,hotel,Brooklyn
way/1453383126,,40.7298971,-74.0434607,restaurant,Brooklyn
node/357618253,Hooters,40.7408217,-73.784295,restaurant,Queens
node/455890655,,40.6676758,-73.7864425,hotel,Queens
node/502789467,Lake Pavilion,40.7426161,-73.8248756,restaurant,Queens
node/502789797,Happy Garden Restaurant,40.7430063,-73.825794,restaurant,Queens
node/1764565630,Starlight Lounge,40.6789538,-73.7605402,bar,Queens
node/1898150087,Rockaway Taco,40.5850967,-73.8177835,restaurant,Queens
node/1982205051,Inn at Great Neck,40.7860699,-73.7298493,hotel,Queens
node/2017705415,Akino,40.7412432,-73.8812978,restaurant,Queens
node/2017705417,Pho Bang Elmhurst,40.7413022,-73.8805708,restaurant,Queens
node/2017705418,Five Loaves and Two Fishes,40.741362,-73.8813603,restaurant,Queens
node/2017705419,Pulau Pinang,40.7411855,-73.8812777,restaurant,Queens
node/2017706123,Thai Son,40.7464154,-73.8916397,restaurant,Queens
node/2017706361,Chung Ki Wa,40.746521,-73.8916022,restaurant,Queens
node/2017706920,Prince,40.7458336,-73.8901305,bar,Queens
node/2276306919,Cassidy's Ale House,40.7584418,-73.8923597,bar,Queens
node/2473787117,Book Chang Dong Soon Tofu,40.7647322,-73.8121526,restaurant,Queens
node/2545583948,EFresh,40.7517992,-73.702454,restaurant,Queens
node/2545583949,Guac Shop Mexican Grill,40.751919,-73.7023371,restaurant,Queens
node/2545709114,Liu's Garden,40.7495102,-73.7076344,restaurant,Queens
node/2547151824,Privilege Restaurant & Lounge,40.7096021,-73.7748428,restaurant,Queens
node/2547207635,Pre Game,40.7126763,-73.7844901,bar,Queens
node/2550109554,Para ti Colombia con Sabor,40.7123069,-73.789046,restaurant,Queens
node/2550109570,Sagar Chinese,40.711143,-73.7928889,restaurant,Queens
node/2550112122,DhanShiri,40.710879,-73.7920744,restaurant,Queens
node/2550697365,Cooked Klean,40.72923,-73.7805186,restaurant,Queens
node/2550697406,Romeo's Pizza and Restaurant,40.7291727,-73.7807198,restaurant,Queens
node/2550917719,Al Aqsa Restaurant & Sweets,40.706137,-73.8089246,restaurant,Queens
node/2550990467,Fortune Glatt Kosher Chinese Take Out,40.7270514,-73.7872782,restaurant,Queens
node/2550990473,KUNG Fu Delicacy,40.7268984,-73.7877103,restaurant,Queens
node/2551012473,Wo Kee Noodle,40.7229642,-73.7996718,restaurant,Queens
node/2551147140,Boon Dee Moo Ka Ta Thai B.B.Q.,40.7232374,-73.7997924,restaurant,Queens
node/2551197349,Sweet Garden,40.7204824,-73.8093973,restaurant,Queens
node/2551197351,Zen,40.7203831,-73.8093506,restaurant,Queens
node/2551197356,Zoilita's,40.7202795,-73.8093224,restaurant,Queens
node/2551197359,Parson's Ale House,40.7206932,-73.8094403,bar,Queens
node/2551250629,Hapisgah,40.7186894,-73.8145273,restaurant,Queens
node/2551250722,Cheap Shots,40.7188094,-73.8135883,bar,Queens
node/2551696544,Regina's Cafe and Pizzeria,40.726008,-73.7915889,restaurant,Queens
node/2551696551,Juicy Crab,40.7260664,-73.7913558,restaurant,Queens
node/2551696552,Acquista Trattoria,40.7264989,-73.7899237,restaurant,Queens
node/2551696559,Empire Chinese Food,40.7266839,-73.7893694,restaurant,Queens
node/2551696563,Sup Thai,40.72671,-73.7893006,restaurant,Queens
node/2551848764,MeO Japanese Hibachi Kosher Sushi & Steakhouse,40.7285299,-73.7837614,restaurant,Queens
node/2552778996,Dave Chinese Kitchen,40.7295285,-73.7805773,restaurant,Queens
node/2552779066,Turquoise Kosher Fish Restaurant,40.7297834,-73.7796637,restaurant,Queens
node/2552779067,PJ's,40.7297991,-73.7796042,bar,Queens
node/2552779070,Crazy Meat NYC,40.7296969,-73.7799957,restaurant,Queens
node/2552779071,Union Bistro,40.7299715,-73.7789618,restaurant,Queens
node/2552835550,Valentino's Pizzeria,40.7286908,-73.8149534,restaurant,Queens
node/2552890749,Fuzi Pasta,40.7328776,-73.7945493,restaurant,Queens
node/2552890763,Amitabha Vegan Resaurant,40.7329304,-73.7945656,restaurant,Queens
node/2552890765,Angelo & Al's Pizzeria,40.7329686,-73.7945831,restaurant,Queens
node/2552912656,Blaze Pizza,40.7403821,-73.7869742,restaurant,Queens
node/2552912769,Applebee's,40.7392519,-73.7863497,restaurant,Queens
node/2552919237,Fresh Meadows Pizzeria & Restaurant,40.7371794,-73.7781916,restaurant,Queens
node/2552966896,Mama Lee,40.7554766,-73.7676195,restaurant,Queens
node/2553025876,King Of India,40.7350868,-73.7180381,restaurant,Queens
node/2553306770,Chilsung Garden,40.7492214,-73.7554816,restaurant,Queens
node/2553306782,Little Dumpling Bayside,40.7489709,-73.7561478,restaurant,Queens
node/2553306791,New York Ban Jum,40.7492717,-73.7552837,restaurant,Queens
node/2553307353,Empire Garden,40.7485453,-73.7561745,restaurant,Queens
node/2553307449,Rolly Kimbab,40.7484442,-73.7561177,restaurant,Queens
node/2553343174,Thai Social,40.7406903,-73.7591626,restaurant,Queens
node/2553343241,Bell Diner,40.7409019,-73.7585501,restaurant,Queens
node/2553343279,Sushi You,40.740722,-73.7590604,restaurant,Queens
node/2553360483,Danny's Grill,40.7405182,-73.7583955,restaurant,Queens
node/2553360486,Hi Hot Kitchen,40.7404219,-73.7583462,restaurant,Queens
node/2553427218,Elena’s 43 Restaurant,40.7183604,-73.7576623,restaurant,Queens
node/2553515510,Island Rage,40.7128274,-73.7824439,bar,Queens
node/2553550641,Guyana Palm Court,40.7114811,-73.7902494,bar,Queens
node/2553569092,El Buen Sabor Hondureño Deli Restaurant,40.7077223,-73.7868257,restaurant,Queens
node/2553606382,Kitchen 999,40.7536055,-73.8227007,restaurant,Queens
node/2553607926,Li's Garden,40.7530459,-73.8269905,restaurant,Queens
node/2553624028,Denny's,40.7559109,-73.8805005,restaurant,Queens
node/2553625630,Pio Pio,40.7559886,-73.8827449,restaurant,Queens
node/2553625661,Addictive Wine and Tapas,40.7562129,-73.8806029,restaurant,Queens
node/2553635461,Sif,40.7600183,-73.8798035,nightclub,Queens
node/2553635467,The King Of The Taco,40.7602117,-73.877917,restaurant,Queens
node/2553635468,Yummy Asian,40.7602196,-73.8778388,restaurant,Queens
node/2555598727,T&G Flavors,40.6930352,-73.7329736,restaurant,Queens
node/2555608063,Tha Cafe,40.6937931,-73.7353847,restaurant,Queens
node/2555697308,Just Halal,40.7205601,-73.7600698,restaurant,Queens
node/2565615735,NY Pho House,40.7734279,-73.7967422,restaurant,Queens
node/2569997970,Sagar Chinese,40.7491395,-73.8912438,restaurant,Queens
node/2569998640,Lhasa Fast Food,40.7493019,-73.8897095,restaurant,Queens
node/2569998648,New Peking,40.7494449,-73.8883347,restaurant,Queens
node/2569998653,Okawa,40.7494154,-73.8886338,restaurant,Queens
node/2569998655,The Sister Pizza,40.7494205,-73.88856,restaurant,Queens
node/2570002995,Wok's Chinese Cuisine,40.749645,-73.8864298,restaurant,Queens
node/2570072868,Pizza Hut,40.7501429,-73.8816862,restaurant,Queens
node/2570081298,La Pequeña,40.7486017,-73.8766606,restaurant,Queens
node/2570094571,Pollos Mario,40.7482456,-73.8796042,restaurant,Queens
node/2570108768,Yummy's Chicken and Pizza,40.7496716,-73.8839279,restaurant,Queens
node/2570108774,Barriles Restaurante Colombiano,40.7497817,-73.882834,restaurant,Queens
node/2570108813,Ocean Boil Restaurante Comida Del Mar,40.7498857,-73.8818816,restaurant,Queens
node/2570169385,Kabab King,40.7472673,-73.8922696,restaurant,Queens
node/2570171077,Mustang Thakali Kitchen,40.7488947,-73.8912562,restaurant,Queens
node/2570174138,Seba Seba,40.7494184,-73.8863458,restaurant,Queens
node/2570174174,Happy Kitchen,40.7494727,-73.8857826,restaurant,Queens
node/2570174185,La Boina Roja Steak House,40.7494975,-73.8855664,restaurant,Queens
node/2570187176,Blue,40.7420046,-73.8809957,restaurant,Queens
node/2570218625,Panorama,40.7639145,-73.8818213,restaurant,Queens
node/2570596519,Jamaica Breeze,40.6750218,-73.7376999,restaurant,Queens
node/2570634618,Jerk Hut,40.6758581,-73.7391176,restaurant,Queens
node/2715249072,Swim Two Birds,40.7493119,-73.8896388,restaurant,Queens
node/2717625635,Ichiban Sushi Cajun Harbor,40.5964391,-73.7543863,restaurant,Queens
node/2784617210,Teriyaki R Us,40.7037686,-73.799451,restaurant,Queens
node/2786463072,A Churrasqueira,40.6977147,-73.8058543,restaurant,Queens
node/2824533757,Sutphin Pizza,40.694037,-73.8015868,restaurant,Queens
node/2832426859,Holiday Inn,40.7546144,-73.8539245,hotel,Queens
node/2837699749,North Shore Diner,40.757604,-73.7836579,restaurant,Queens
node/2842640876,Dallas BBQ,40.7055304,-73.8017792,restaurant,Queens
node/2845158706,Momo Crave,40.7468659,-73.896248,restaurant,Queens
node/2845158725,La Abundancia,40.7496556,-73.8987665,restaurant,Queens
node/2845820986,Linda Azoguenita,40.7438723,-73.8550528,restaurant,Queens
node/2846093022,La Esquina Criolla Restaurante,40.7422221,-73.8676219,restaurant,Queens
node/2846274528,Tropic Pollo,40.7425612,-73.8737814,restaurant,Queens
node/2846283655,Hong Kong Food Court,40.7415547,-73.882517,restaurant,Queens
node/2846314559,Taste Of Himalaya,40.7459079,-73.8899424,restaurant,Queens
node/2846340093,Spicy Shallot,40.7436957,-73.8878523,restaurant,Queens
node/2846344693,Copacabana,40.7473956,-73.8850101,restaurant,Queens
node/2846354178,Los Arrieros,40.7469399,-73.889421,restaurant,Queens
node/2846354511,Samudra South Indian Restaurant,40.7489962,-73.8903366,restaurant,Queens
node/2850979475,Bareburger,40.7617232,-73.770331,restaurant,Queens
node/2851987628,Sevan Restaurant,40.7479944,-73.7613464,restaurant,Queens
node/2853370185,WESTWAY HOTEL LAGUARDIA AIRPORT,40.7671189,-73.8966722,hotel,Queens
node/2853413437,Più Bella,40.7706679,-73.8901844,restaurant,Queens
node/2853426891,Antonio’s Kitchen,40.7703212,-73.8934787,restaurant,Queens
node/2853467077,Vibras,40.7636848,-73.8781279,restaurant,Queens
node/2861988216,Pind Palace,40.6894033,-73.8283931,restaurant,Queens
node/2862434680,Legend Cookhouse,40.6746337,-73.8027706,restaurant,Queens
node/2862505482,Golden Punjab,40.692403,-73.8168818,restaurant,Queens
node/2862505491,Sybil's Bakery & Restaurant,40.690996,-73.8137152,restaurant,Queens
node/2863097908,Jay's Roti Hut,40.6702363,-73.8207663,restaurant,Queens
node/2868339015,Vibes,40.6921107,-73.8094575,restaurant,Queens
node/2868432975,China One,40.6975207,-73.7944384,restaurant,Queens
node/2869549355,Irie Vibes Jamaica Restaurant,40.6968754,-73.7435698,restaurant,Queens
node/2869588660,Smoke BBQ Pit,40.6807437,-73.7633814,restaurant,Queens
node/2870760865,El Rincon,40.7017916,-73.805341,restaurant,Queens
node/2870787371,Dai Hing,40.7050177,-73.8091795,restaurant,Queens
node/2870895814,Eva’s Kitchen,40.7133231,-73.8292481,restaurant,Queens
node/2870984534,Max and Mina's Ice Cream Parlor,40.7272016,-73.8223414,restaurant,Queens
node/2870994860,Mama Kitchen NY Queens,40.7335725,-73.8250311,restaurant,Queens
node/2870994878,Naomi's Kosher Pizza,40.732534,-73.8251296,restaurant,Queens
node/2871010404,Smash House,40.7301686,-73.8237787,restaurant,Queens
node/2871178279,CD Restaurant & Bar,40.7180327,-73.7371769,restaurant,Queens
node/2871357635,Blue Sky Chinese Restaurant,40.7355791,-73.746705,restaurant,Queens
node/2871357636,Riviera V Pizzeria,40.7356044,-73.7466255,restaurant,Queens
node/2871451869,Umi Sushi & Seafood Buffet,40.7303029,-73.7433515,restaurant,Queens
node/2871487497,Hot Peppers,40.7364146,-73.7468577,restaurant,Queens
node/2871487704,Yolk Up,40.7359971,-73.7465407,restaurant,Queens
node/2881739105,Jimmy's Trattoria,40.7584369,-73.7681535,restaurant,Queens
node/2882114304,Emerald Pub,40.7400607,-73.7911317,pub,Queens
node/2882176880,,40.761253,-73.7897621,bar,Queens
node/2882294795,E Noodle House Inc,40.7405159,-73.8152238,restaurant,Queens
node/2882294798,Shi Miao Dao Yunnan Rice Noodle,40.7404026,-73.8152451,restaurant,Queens
node/2882311703,New Wok's Kitchen,40.739799,-73.8152909,restaurant,Queens
node/2882311705,KTV & Sports Bar,40.7396496,-73.8152917,bar,Queens
node/2882546762,IHOP,40.764417,-73.8092563,restaurant,Queens
node/2882557493,SoDam,40.7636548,-73.8084125,restaurant,Queens
node/2882557501,Mad for Chicken,40.7634625,-73.8077171,restaurant,Queens
node/2882557534,Mahsil,40.7634292,-73.8141632,restaurant,Queens
node/2882557552,Han Joo Chik Naeng Myun & BBQ,40.7620306,-73.8147718,restaurant,Queens
node/2882571898,Dosa Hutt,40.7525288,-73.8167712,restaurant,Queens
node/2882573601,Satay,40.7506287,-73.8188345,restaurant,Queens
node/2882618252,Golden Palace Gourmet,40.7541975,-73.8225098,restaurant,Queens
node/2882618254,New Asian Food,40.7542527,-73.8224251,restaurant,Queens
node/2882618270,Yozi Duck Vermicelli Soup,40.7538407,-73.8224809,restaurant,Queens
node/2882618273,Daro's Pizza and Chicken,40.7534031,-73.8219306,restaurant,Queens
node/2882630427,92 Chicken,40.7653243,-73.813984,restaurant,Queens
node/2882806089,Oh! Bagel Cafe,40.7660465,-73.8278565,restaurant,Queens
node/2883431935,Chef Wong Bistro,40.763353,-73.8315438,restaurant,Queens
node/2883431954,Peking Empire,40.7642549,-73.8255725,restaurant,Queens
node/2883431955,Los Marinillos,40.764257,-73.8254489,restaurant,Queens
node/2883431990,Rich Lucky,40.7634605,-73.8282148,restaurant,Queens
node/2883431999,Young and Rich,40.7617708,-73.832889,restaurant,Queens
node/2883432819,Han Bin Yuan,40.7610236,-73.8310318,restaurant,Queens
node/2883438270,Royal Queen,40.7596733,-73.8291153,restaurant,Queens
node/2883438622,Kimgane,40.7607307,-73.8268642,restaurant,Queens
node/2883466147,Asian Jewels Seafood Restaurant,40.759185,-73.8333216,restaurant,Queens
node/2883466151,New York Food Court,40.758697,-73.8330751,restaurant,Queens
node/2883466162,Prince Noodle & Cafe,40.7584826,-73.8314333,restaurant,Queens
node/2883466170,,40.7594256,-73.8309401,restaurant,Queens
node/2883480540,Gyu-Kaku,40.7581016,-73.8299419,restaurant,Queens
node/2883482527,Empanadas El Gustazo Restaurante,40.7541686,-73.8327479,restaurant,Queens
node/2883518824,,40.7524428,-73.8273023,restaurant,Queens
node/2883518833,HK Cafe,40.7525598,-73.8272627,restaurant,Queens
node/2883527110,H.Crab,40.7732178,-73.7953918,restaurant,Queens
node/2883536018,Mezze,40.7803014,-73.7937609,restaurant,Queens
node/2883536179,Legend of Taste,40.7796006,-73.7940738,restaurant,Queens
node/2883536261,Patsy's Pizzeria,40.7770965,-73.7935864,restaurant,Queens
node/2883911800,Las Delicias,40.7831228,-73.845737,restaurant,Queens
node/2884061634,Q Town Asian Cuisine,40.7414456,-73.8802415,restaurant,Queens
node/2884061640,New Fu Fan,40.7415256,-73.8799852,restaurant,Queens
node/2884066435,Teppanyaki one,40.7494345,-73.8693948,restaurant,Queens
node/2884066445,Mama Rosa's,40.7488903,-73.8694089,restaurant,Queens
node/2884112584,Chapiyork,40.7508314,-73.8706096,restaurant,Queens
node/2884326998,,40.7536908,-73.8721583,restaurant,Queens
node/2884327403,Junction Seafood Restaurant,40.7534246,-73.8720155,restaurant,Queens
node/2884387951,Barzola,40.7624822,-73.8733681,restaurant,Queens
node/2887513016,The Restaurant,40.5870959,-73.8115222,restaurant,Queens
node/2887537214,La Cabaña Peruana,40.5864604,-73.8151306,restaurant,Queens
node/2895553230,Chang Pai,40.709561,-73.7957382,restaurant,Queens
node/2904303126,Sparky's Deli,40.7722463,-73.8453019,restaurant,Queens
node/3016579710,Ramada Flushing,40.7615481,-73.8327073,hotel,Queens
node/3136895546,Arya Kabob House,40.7666119,-73.7896271,restaurant,Queens
node/3397225678,The Parc Hotel,40.758372,-73.8345885,hotel,Queens
node/3413255874,Yankee Clipper Deli & Restaurant,40.7736781,-73.886075,restaurant,Queens
node/3441955706,Mapo BBQ,40.762184,-73.8148564,restaurant,Queens
node/3656023358,Blue Bay Diner,40.7439554,-73.7763318,restaurant,Queens
node/3659163209,Arunee Thai,40.7495394,-73.8874309,restaurant,Queens
node/3677892366,Rainbowberry Frozen Yogurt,40.7496805,-73.886065,restaurant,Queens
node/3678168721,Just Made 4 U,40.7497307,-73.8855944,restaurant,Queens
node/3682773543,Jahn's,40.7495626,-73.8850034,restaurant,Queens
node/3689604537,Jackson House Restaurant,40.7496945,-73.8837227,restaurant,Queens
node/3693960491,Pollos a la Brasa Mario,40.749741,-73.8832269,restaurant,Queens
node/3693960492,Las Margaritas,40.7498091,-73.8825927,restaurant,Queens
node/3693960493,Thomas Pizza,40.7497543,-73.8831089,restaurant,Queens
node/3695530688,Abdullah Sweets,40.7487688,-73.8924472,restaurant,Queens
node/3822448402,Hilton Garden Inn Queens/JFK Airport,40.6656779,-73.8062886,hotel,Queens
node/3822448403,Gate Hotel,40.6657051,-73.8067036,hotel,Queens
node/4069838809,Bobby Vans Grill,40.6479772,-73.790566,restaurant,Queens
node/4077209762,Millennium Chicken,40.7074999,-73.7052067,restaurant,Queens
node/4109969101,The Palm Bar & Grill,40.64285,-73.783303,restaurant,Queens
node/4109992397,Pizza Vino Kitchen & Bar,40.643606,-73.781504,bar,Queens
node/4237981594,Golden Chicken Restaurant,40.7127378,-73.7827951,restaurant,Queens
node/4255253200,Caracas Arepa Bar,40.5805716,-73.8260314,bar,Queens
node/4299327620,My Second Wife Kebab Palace,40.710629,-73.7927817,restaurant,Queens
node/4307384682,Veranda Reataurant & Cafe,40.7590316,-73.7755101,restaurant,Queens
node/4316449795,Fu Run,40.7586665,-73.8315647,restaurant,Queens
node/4383823112,New York Sports Grill,40.6457523,-73.7739609,pub,Queens
node/4461259497,Gina's Pizza Pasta Cafe & Latin Cuisine,40.6755893,-73.8132818,restaurant,Queens
node/4528128545,Izakaya Fuku,40.7464395,-73.893856,restaurant,Queens
node/4676559990,Korean BBQ,40.7652791,-73.8131254,restaurant,Queens
node/4698294074,,40.7527529,-73.8268328,restaurant,Queens
node/4698301369,,40.7528695,-73.8268794,restaurant,Queens
node/4698301370,,40.7529404,-73.8269178,restaurant,Queens
node/4702132535,Zou Ji,40.7531067,-73.8270375,restaurant,Queens
node/4731267324,BBQ Nite,40.6934286,-73.7177702,restaurant,Queens
node/4731267326,Yardies,40.6919882,-73.719481,restaurant,Queens
node/4765335224,,40.7627368,-73.827985,restaurant,Queens
node/4813722824,Uma's,40.5862352,-73.8156801,restaurant,Queens
node/4813739921,Batesy’s BBQ,40.5906383,-73.7971175,restaurant,Queens
node/4850903425,White Bear,40.7587742,-73.8316456,restaurant,Queens
node/4855020321,Rockaway Tiki Bar,40.5907539,-73.7967843,bar,Queens
node/4880765443,Shahi Kitchen,40.7097912,-73.7948917,restaurant,Queens
node/4899917021,Rippers,40.584629,-73.8107193,bar,Queens
node/4938688421,HLY Chinese Restaurant,40.7519889,-73.8261463,restaurant,Queens
node/4964211688,Sybil's Restaurant & Bakery,40.7078089,-73.801885,restaurant,Queens
node/5012465531,Singh's Roti Shop & Bar,40.6903683,-73.8141346,restaurant,Queens
node/5063265188,MoCA,40.6449476,-73.7044087,restaurant,Queens
node/5068054721,,40.7572991,-73.8607057,restaurant,Queens
node/5082816270,The Queens Hotel,40.7412997,-73.899957,hotel,Queens
node/5087646521,Xaga Sushi & Asian Fusion,40.6399789,-73.7000529,restaurant,Queens
node/5101988822,Flamingo & Mantra,40.675766,-73.8179314,restaurant,Queens
node/5104112573,Dumpling Mama,40.7555009,-73.8146901,restaurant,Queens
node/5104112609,Dr. Sea,40.7554019,-73.8155591,restaurant,Queens
node/5104138125,Taste Good Place,40.7499067,-73.8186351,restaurant,Queens
node/5134078517,Eastern Restaurant,40.7146254,-73.7518988,restaurant,Queens
node/5147374860,Casa Asia,40.7887882,-73.8144801,restaurant,Queens
node/5147377300,End Zone Sports Bar,40.7885816,-73.8143786,bar,Queens
node/5155147588,Ginger & Lemongrass,40.7926751,-73.8129751,restaurant,Queens
node/5155171263,Thai 101,40.7648799,-73.7715077,restaurant,Queens
node/5155173063,D'Alessandno's Corner Grill,40.7643933,-73.7712293,restaurant,Queens
node/5155173066,Sabor Guarani,40.7641148,-73.771456,restaurant,Queens
node/5155256166,Halal Boyz,40.7394876,-73.7902615,restaurant,Queens
node/5155335820,Greek Family Kitchen,40.7335576,-73.7587914,restaurant,Queens
node/5155631654,Napolis Pizzaria & Restaurant,40.7329512,-73.8047216,restaurant,Queens
node/5155632030,Futigi Japanese Cuisine,40.7329581,-73.8046503,restaurant,Queens
node/5155761608,Woodside Cafe,40.7494987,-73.897702,restaurant,Queens
node/5155771616,Triple Crown Dinner,40.7265412,-73.7173477,restaurant,Queens
node/5166815323,Tia Julia,40.7483609,-73.8750842,restaurant,Queens
node/5182851709,Debaski,40.7648753,-73.8317829,restaurant,Queens
node/5199210504,Jackson Hole Diner,40.7675498,-73.8992894,restaurant,Queens
node/5268620321,Air France Lounge,40.6439715,-73.7912282,restaurant,Queens
node/5269167821,,40.6422153,-73.7918412,bar,Queens
node/5275169326,Howard Johnson Inn,40.6685953,-73.7812883,hotel,Queens
node/5279616841,John Hotel,40.7602189,-73.8343054,hotel,Queens
node/5281898892,Cinco de Mayo,40.7618779,-73.769964,restaurant,Queens
node/5281899576,Best Western,40.7618453,-73.7608445,hotel,Queens
node/5300022103,Cantaritos Mexican Restaurant,40.7576605,-73.8607793,restaurant,Queens
node/5300046125,Phở Hoàng,40.7584218,-73.8291173,restaurant,Queens
node/5311468009,New Great Wall,40.6363222,-73.7029431,restaurant,Queens
node/5311469292,Surfside Bagels,40.5853717,-73.8176449,restaurant,Queens
node/5311470053,The Corner Coffee Shop,40.6040479,-73.7527846,restaurant,Queens
node/5311471866,Across Broadway Cafe,40.6364864,-73.7030554,restaurant,Queens
node/5342136736,Jagerhaus Gastropub & Biergarten,40.7866821,-73.8165131,restaurant,Queens
node/5344116858,Press 195,40.7639228,-73.7709735,restaurant,Queens
node/5344119173,Aegea West Gyros & Pizza,40.7655544,-73.7440496,restaurant,Queens
node/5344121833,That's A Wrap,40.7587662,-73.768837,restaurant,Queens
node/5344123498,Kalamaki Gr,40.7701759,-73.7933655,restaurant,Queens
node/5344123573,Sushi Village,40.7676239,-73.7911301,restaurant,Queens
node/5344144693,Rainias,40.7579869,-73.8606648,restaurant,Queens
node/5344144694,Ilusion,40.7578934,-73.8633966,bar,Queens
node/5344147347,El Anzuelo Fino,40.756116,-73.8815331,restaurant,Queens
node/5344147429,Seba Seba,40.7558454,-73.8842566,restaurant,Queens
node/5344149695,Los Coritos,40.755474,-73.88767,restaurant,Queens
node/5344149816,Cafe Salamanca,40.7554496,-73.8879275,restaurant,Queens
node/5346070357,The Clinton Restaurant,40.7931633,-73.812851,restaurant,Queens
node/5346071711,Buona Forchetta,40.7926403,-73.7958216,restaurant,Queens
node/5346071936,Louie's Pizza,40.7459794,-73.8835719,restaurant,Queens
node/5395643958,27 Dressings,40.6390173,-73.7020111,restaurant,Queens
node/5406249516,Alba Ristorante & Pizzaria,40.7092778,-73.8188581,restaurant,Queens
node/5425886614,Dimension Poptown,40.7603221,-73.8266139,restaurant,Queens
node/5425887870,Studio Bar & Lounge,40.7622678,-73.8313448,nightclub,Queens
node/5425887871,SpringHill Suites Marriott,40.758234,-73.8573947,hotel,Queens
node/5425887933,La Pequeña,40.757932,-73.8622022,restaurant,Queens
node/5425887934,La Esquina Del Sabor,40.7573847,-73.8694077,restaurant,Queens
node/5425887983,El Paisa Bar,40.7562241,-73.8804758,restaurant,Queens
node/5425887984,Plazor Blues,40.7564227,-73.8786336,restaurant,Queens
node/5425888625,Sol Inca,40.756229,-73.8804085,restaurant,Queens
node/5425889467,La Gran Uruguaya,40.7499341,-73.8813618,restaurant,Queens
node/5425889469,Uncle Peter's,40.7558707,-73.8838359,restaurant,Queens
node/5425889491,King Wah,40.7545069,-73.8970256,restaurant,Queens
node/5425903550,The Guy & Friends,40.6731632,-73.7757542,restaurant,Queens
node/5426546057,El Guachito,40.7420161,-73.8680321,restaurant,Queens
node/5449714621,Arepa Lady,40.7469232,-73.8884857,restaurant,Queens
node/5452547591,Mapo Galmaegi,40.7603426,-73.8275972,restaurant,Queens
node/5452573967,4 Choice 1 Soup Lunch Box,40.7603809,-73.8275173,restaurant,Queens
node/5452635671,Cali Aji,40.7624445,-73.8708509,restaurant,Queens
node/5452641060,Flushing Meadows hotel,40.7521256,-73.8535796,hotel,Queens
node/5452641237,Mexican Restaurant Tenampa,40.7490963,-73.8687778,restaurant,Queens
node/5455233780,El Pollo Inka,40.7561344,-73.8783303,restaurant,Queens
node/5455258322,Columbia Con Sabor,40.75588,-73.8837745,restaurant,Queens
node/5455258908,Om Wok,40.7564694,-73.878253,restaurant,Queens
node/5455258994,Pizza Pasta,40.7561164,-73.8785453,restaurant,Queens
node/5455259136,El Maguey,40.7555932,-73.8836169,restaurant,Queens
node/5455261126,El Rumbero,40.7557429,-73.8851075,restaurant,Queens
node/5455261464,Sunshine Restaurant,40.7545046,-73.8968836,restaurant,Queens
node/5457983386,Zebra Lounge,40.7611195,-73.830308,bar,Queens
node/5470123948,Qing Dao,40.7582693,-73.8297389,restaurant,Queens
node/5490013363,Salinas,40.7574001,-73.866384,restaurant,Queens
node/5490015829,Flushing Hotel,40.7620843,-73.8316263,hotel,Queens
node/5490016252,Carniceria Mexicana,40.7578956,-73.8633244,restaurant,Queens
node/5490017574,Galicia Bar,40.7555309,-73.8842583,bar,Queens
node/5491655533,Terrace Inn,40.780144,-73.8022013,restaurant,Queens
node/5499993029,Bachue Restaurant & Bar,40.7500328,-73.8804319,restaurant,Queens
node/5500000362,,40.7498352,-73.8822764,restaurant,Queens
node/5500011513,El Trio Restaurant Internacional Food,40.7467435,-73.8623902,restaurant,Queens
node/5500018177,La Cabaña Argentina,40.7561402,-73.8813161,restaurant,Queens
node/5500027711,La Fusta Restaurante,40.7450184,-73.8842207,restaurant,Queens
node/5500029561,Parrilladas Sunrise,40.7558644,-73.8839665,restaurant,Queens
node/5500033617,Tacos Mexico,40.748413,-73.8628621,restaurant,Queens
node/5500041421,Tienda Vieja,40.7347206,-73.7947166,restaurant,Queens
node/5500041926,Pio Pio,40.7556239,-73.8833063,restaurant,Queens
node/5504237385,Austin Ale House,40.7094411,-73.8299724,pub,Queens
node/5515266189,Ogi's,40.695839,-73.7908641,restaurant,Queens
node/5515267552,Rochdale Chicken & Fish,40.6829027,-73.7820558,restaurant,Queens
node/5515267560,The Door,40.6785665,-73.7794585,restaurant,Queens
node/5526630523,Shanghai You Garden Restaurant,40.7588429,-73.8304623,restaurant,Queens
node/5532260736,ZEN,40.6897625,-73.8271739,nightclub,Queens
node/5538736691,Ahuva's Grill,40.6447949,-73.7039235,restaurant,Queens
node/5538738307,Marinara,40.644874,-73.704251,restaurant,Queens
node/5538739550,IHOP,40.6353424,-73.7402779,restaurant,Queens
node/5596268678,The King of Empanadas,40.7525408,-73.8595216,restaurant,Queens
node/5607528895,Rockaway Fish House,40.6738568,-73.7990512,restaurant,Queens
node/5611435709,Maloney's,40.7053768,-73.8093475,bar,Queens
node/5616242126,Juquila,40.7473001,-73.8831213,restaurant,Queens
node/5618602722,Gaby's Pizza,40.7209932,-73.7607614,restaurant,Queens
node/5652846284,Marriott,40.6663667,-73.7801917,hotel,Queens
node/5658776031,Encuentro,40.7524409,-73.8639174,restaurant,Queens
node/5658795389,Coco,40.74183,-73.880753,restaurant,Queens
node/5658795400,Elmhurst Famous Pizza,40.7410598,-73.8797348,restaurant,Queens
node/5658795721,Winner's Bar,40.7418597,-73.8807821,bar,Queens
node/5658796100,Lao Fu Zhou,40.7409753,-73.8796041,restaurant,Queens
node/5658796290,Nha Sang Restaurant,40.7409125,-73.8795039,restaurant,Queens
node/5658796960,Nepali Bhanchha Ghar,40.7470294,-73.8908243,restaurant,Queens
node/5666462470,Thai Rock,40.5889597,-73.8173014,restaurant,Queens
node/5667987941,El Comal Pupuseria,40.706412,-73.8068038,restaurant,Queens
node/5687593715,Alfonso's Bar,40.7461279,-73.8897965,bar,Queens
node/5687594861,Sabay,40.746075,-73.8896943,restaurant,Queens
node/5687618966,Mario's Pizza & Cafe,40.7460042,-73.8841818,restaurant,Queens
node/5687629356,Cheong Fei,40.7462816,-73.883357,restaurant,Queens
node/5687629358,Guayaco's,40.7461998,-73.8834206,restaurant,Queens
node/5694637646,Julietta,40.7478726,-73.8847947,restaurant,Queens
node/5694655124,Elmhurst Hotel,40.7480136,-73.8847921,hotel,Queens
node/5700672221,The COOP Restaurant and Bar,40.7593921,-73.8327216,restaurant,Queens
node/5711133015,Armondo's,40.7545963,-73.8931096,restaurant,Queens
node/5731552309,T-swirl Crêpe,40.7601748,-73.8265332,restaurant,Queens
node/5735389435,Bluto's Bar,40.7562209,-73.8044384,bar,Queens
node/5735394495,Lucky Bento VIP Cuisine,40.7624541,-73.8314591,restaurant,Queens
node/5742078121,Chicken Lovers,40.7608273,-73.7672044,restaurant,Queens
node/5746157509,Ciccio Bay Pizzaria & Restaurant,40.623034,-73.7433222,restaurant,Queens
node/5746157769,Yummy Taco,40.6232672,-73.7433619,restaurant,Queens
node/5746157816,Moca,40.6234692,-73.7433944,restaurant,Queens
node/5746163315,Sushi Pie,40.6238942,-73.7357509,restaurant,Queens
node/5758385387,Tacos Mexico,40.7577089,-73.8664269,restaurant,Queens
node/5758388756,Jamaica Breeze,40.7611692,-73.8662092,restaurant,Queens
node/5758403748,El Sabor Azoqueño,40.7530493,-73.8656059,restaurant,Queens
node/5758404144,Charo Restaurant,40.753116,-73.8653312,restaurant,Queens
node/5758419647,Malecom,40.7572407,-73.8678386,restaurant,Queens
node/5758422482,Angelo's Pizza,40.7505732,-73.8629293,restaurant,Queens
node/5758424633,Manantial,40.7502355,-73.8609288,restaurant,Queens
node/5758426694,La Nueva Ambateñita,40.7507973,-73.8589789,restaurant,Queens
node/5764856766,El Fogon,40.7576937,-73.8598728,restaurant,Queens
node/5764857737,El Coyote,40.7552491,-73.8867256,restaurant,Queens
node/5772892008,Pizza Le,40.6227867,-73.722484,restaurant,Queens
node/5772892051,Judd's Memphis Kitchen,40.6228368,-73.7224154,restaurant,Queens
node/5772892525,Moca East,40.6239597,-73.7367365,restaurant,Queens
node/5772892538,Skewers,40.6240995,-73.7368161,restaurant,Queens
node/5772892616,Q Cumber's,40.622928,-73.7222625,restaurant,Queens
node/5772893238,Island Bagel Bar,40.6242731,-73.7369003,restaurant,Queens
node/5772893820,Dickey's,40.6249257,-73.7361656,restaurant,Queens
node/5772894089,Chimichurri,40.6278782,-73.7368137,restaurant,Queens
node/5772895064,Happy Wok,40.6279769,-73.736848,restaurant,Queens
node/5772987176,Vibes,40.6836748,-73.7701842,restaurant,Queens
node/5802720229,Hao Shi Lai,40.7601183,-73.82649,restaurant,Queens
node/5802781398,Best Western,40.7597622,-73.8327931,hotel,Queens
node/5810897175,Mi Casa Cantina,40.6423465,-73.7831926,restaurant,Queens
node/5810913532,Buffalo Wild Wings,40.6409777,-73.7825279,restaurant,Queens
node/5810913534,Boulevard Bistro,40.639208,-73.7814197,restaurant,Queens
node/5813442818,Buckley's,40.6608004,-73.7031823,restaurant,Queens
node/5813444120,Railroad Inn,40.6609522,-73.7031234,bar,Queens
node/5820438932,Truffle Restaurant & Bar,40.6585255,-73.7011339,restaurant,Queens
node/5820439528,Ben's Pizza,40.6585244,-73.7008609,restaurant,Queens
node/5839954776,Good Fortune Restaurant,40.7496791,-73.8178682,restaurant,Queens
node/5840639014,Kong Sihk Tong,40.7548866,-73.8278438,restaurant,Queens
node/5840641428,King Crab House,40.7586025,-73.8311359,restaurant,Queens
node/5859184471,Three Brothers Pizza,40.6949238,-73.7898874,restaurant,Queens
node/5859842132,,40.6801111,-73.7934262,restaurant,Queens
node/5859871148,TrinCiti Roti Shop,40.6803614,-73.8211028,restaurant,Queens
node/5860051981,La Bari Pizza,40.6744906,-73.7635306,restaurant,Queens
node/5889631349,College Point Diner,40.7850258,-73.845892,restaurant,Queens
node/5892889082,The Queens Food Court,40.6607065,-73.7678724,restaurant,Queens
node/5892946645,Benjys,40.7248021,-73.8211145,restaurant,Queens
node/5905405486,Wok Tov,40.6233947,-73.721642,restaurant,Queens
node/5905405489,Pizza & Borekas,40.6231949,-73.7219237,restaurant,Queens
node/5906325407,Sushi Metsuyan,40.621318,-73.7244739,restaurant,Queens
node/5906945686,New York Sports Bar,40.6477134,-73.7918898,pub,Queens
node/5906945785,American Airlines Flagship Lounge,40.6479737,-73.7908135,bar,Queens
node/5906946188,O'Neals',40.6474275,-73.7926629,pub,Queens
node/5906946191,Drink,40.647211,-73.7936166,bar,Queens
node/5906974186,SoHo Bistro,40.6502639,-73.7920069,restaurant,Queens
node/5906974192,Cascata Restaurant & Bar,40.6493257,-73.7949294,restaurant,Queens
node/5906982690,American Airlines Admirals Club,40.6502461,-73.7921775,bar,Queens
node/5907394857,Toddy's,40.6203296,-73.7258647,restaurant,Queens
node/5907394860,The Upper Crust,40.6204389,-73.7257164,restaurant,Queens
node/5915174587,Vino Volo,40.6498031,-73.7900306,bar,Queens
node/5919831350,Johnny's Classic Quizine,40.6020124,-73.7536526,restaurant,Queens
node/5942713657,All American Bagel & Barista II,40.5984655,-73.8203387,restaurant,Queens
node/5947651222,Prime Bistro,40.617073,-73.7304238,restaurant,Queens
node/5947664594,Sushi Tokyo,40.6176472,-73.7294553,restaurant,Queens
node/5947667074,The Coffee Bar,40.6177271,-73.729261,restaurant,Queens
node/5947691865,The Sunflower Cafe,40.6181371,-73.7286951,restaurant,Queens
node/5947700156,Cho-Sen Island,40.6183957,-73.7282154,restaurant,Queens
node/5947797494,The G.O.A.T.,40.6235767,-73.7214248,restaurant,Queens
node/5947797498,Josh's Original Brooklyn,40.6237275,-73.7212116,restaurant,Queens
node/5949062192,5 Towns Jerusalem II,40.6181582,-73.7290643,restaurant,Queens
node/5949062197,Bride O's,40.6178488,-73.7296071,pub,Queens
node/5949062211,Gino's,40.6176022,-73.7301054,restaurant,Queens
node/5949062215,Traditions Eatery,40.6174191,-73.7304042,restaurant,Queens
node/5973459855,BJ's,40.6635063,-73.7255887,restaurant,Queens
node/5975998114,Carlos & Gabby's Glatt Kosher Mexican Grill,40.620716,-73.7276564,restaurant,Queens
node/5978792501,GT Kingston,40.6775367,-73.8197145,restaurant,Queens
node/5980563957,Benny's Pizzeria & Dairy Restaurant,40.7273499,-73.7863878,restaurant,Queens
node/5990969716,Bravo Pizzeria,40.730559,-73.8239579,restaurant,Queens
node/5990969991,Carlos & Gabby's Glatt Kosher Mexican Grill,40.7301292,-73.8237652,restaurant,Queens
node/6008928285,Kitchen 79,40.7475622,-73.8868977,restaurant,Queens
node/6016602614,Falafel & Hummus Bar,40.6161831,-73.7377621,restaurant,Queens
node/6019923852,Ni-Na-Ab,40.7070538,-73.8026071,restaurant,Queens
node/6019979656,The Dart,40.7151865,-73.8078218,bar,Queens
node/6019981058,Mela's Cafe & Restaurant,40.7295597,-73.8153144,restaurant,Queens
node/6019990583,King Wok,40.7181914,-73.8167125,restaurant,Queens
node/6031737981,Alfredo's Pizza,40.7712743,-73.8013074,restaurant,Queens
node/6055480920,Pot To Plate,40.6792599,-73.7495423,restaurant,Queens
node/6064576086,Taste of Punjab,40.6960375,-73.8134575,restaurant,Queens
node/6071670544,Gossip House,40.765174,-73.8177281,restaurant,Queens
node/6089890651,Garden City,40.6779751,-73.7451997,restaurant,Queens
node/6089891721,After Dark,40.6779622,-73.7451428,nightclub,Queens
node/6107114925,La Chula,40.7745097,-73.8692287,bar,Queens
node/6107114926,Il Viaggio,40.7741609,-73.8693793,restaurant,Queens
node/6107114929,Bar 212,40.7732394,-73.868443,bar,Queens
node/6121845260,C & J Jamaican Restaurant & Bakery,40.6652309,-73.7305647,restaurant,Queens
node/6138583457,Patoug Persian Cuisine,40.7486947,-73.7575939,restaurant,Queens
node/6146322339,Magic Soul Food,40.6719071,-73.7750121,restaurant,Queens
node/6146346697,Hillside Dosa Hut,40.7372464,-73.7094146,restaurant,Queens
node/6146672073,Bellrose Halal Meat,40.7357705,-73.7143014,restaurant,Queens
node/6146672084,Sagar Ratna,40.7355217,-73.7159515,restaurant,Queens
node/6148321841,Usha Foods,40.7366124,-73.7126239,restaurant,Queens
node/6150270427,Annie's Restaurant,40.6755038,-73.7390971,restaurant,Queens
node/6150659857,No 1 Halal Kitchen,40.7146903,-73.7746731,restaurant,Queens
node/6150659862,La Verite Restaurant Bar & Lounge,40.7146127,-73.7750303,restaurant,Queens
node/6150667184,Jamaican Best Restaurant,40.7203185,-73.7607221,restaurant,Queens
node/6150668387,Panda House,40.7202481,-73.7609132,restaurant,Queens
node/6154645384,Roti Road House,40.6803184,-73.7632246,restaurant,Queens
node/6154645386,Reggae Taste,40.6803733,-73.7633443,restaurant,Queens
node/6156394413,Island Taste,40.6738666,-73.7303405,restaurant,Queens
node/6156698585,China Buffet King,40.6658583,-73.7031135,restaurant,Queens
node/6156702350,Rosas Pizza,40.6660972,-73.7037409,restaurant,Queens
node/6169694768,Family Pizzaria Restaurant,40.6578139,-73.7097379,restaurant,Queens
node/6177761797,Bellrose Famous Pizza,40.7185674,-73.817037,restaurant,Queens
node/6201867911,Bento Sushi,40.6411104,-73.7826241,restaurant,Queens
node/6201868127,Pizza Vino Bar,40.6401426,-73.781829,restaurant,Queens
node/6207537471,Good Taste 666,40.7514791,-73.8258352,restaurant,Queens
node/6208852875,Collide BBQ Fusion,40.7617994,-73.8314553,restaurant,Queens
node/6227799210,TWA Hotel,40.6457688,-73.777674,hotel,Queens
node/6241723988,Kibo Teriyaki,40.6700716,-73.7163822,restaurant,Queens
node/6261826183,Pantanos,40.6394667,-73.7005627,restaurant,Queens
node/6265570812,Cucina di Vargas,40.636964,-73.7031239,restaurant,Queens
node/6273401624,Bistro Eloise,40.7600876,-73.8920809,restaurant,Queens
node/6296048085,Marco LaGuardia Hotel & Suites,40.7634651,-73.8310362,hotel,Queens
node/6306921072,Tropical Jerk,40.7141812,-73.7382258,restaurant,Queens
node/6355974985,Pizza Maru,40.7636196,-73.8088518,restaurant,Queens
node/6363738823,Jimmy's Place Bar & Grill,40.6169818,-73.751955,bar,Queens
node/6363906992,John & Lupita's Latin American Food,40.616322,-73.7465212,restaurant,Queens
node/6363906993,Julie's Restaurant,40.6150185,-73.7466619,restaurant,Queens
node/6406175244,Caribbean Soul Rooftop Restaurant & Lounge,40.674295,-73.7360089,restaurant,Queens
node/6406808843,Lodna's Restaurant & Lounge,40.7017054,-73.7901466,restaurant,Queens
node/6416417668,Platinum Lounge & Cafe,40.6740966,-73.8001873,nightclub,Queens
node/6442303686,Le Grand Comptoir,40.6430437,-73.7824039,bar,Queens
node/6442303690,Boulton & Watt,40.6435048,-73.7796414,restaurant,Queens
node/6446396283,Tulcingo Deli Plus,40.7488192,-73.8632788,restaurant,Queens
node/6535092942,Spring Shabu-Shabu,40.761021,-73.829512,restaurant,Queens
node/6551225087,Krave It Sandwich shop & Bakery,40.7645078,-73.7665963,restaurant,Queens
node/6566570081,Social Corner Restaurant,40.6739654,-73.7297843,restaurant,Queens
node/6587178885,OK LAH!,40.7607605,-73.829775,restaurant,Queens
node/6587811467,Applebee's,40.6360798,-73.7393146,restaurant,Queens
node/6597799594,Dek Sen,40.7416988,-73.8787057,restaurant,Queens
node/6611038946,Moonlight Pub,40.7393564,-73.7002573,pub,Queens
node/6611117657,Honest,40.7371028,-73.7100444,restaurant,Queens
node/6639326780,Nancy's Restaurant,40.7277226,-73.7088474,restaurant,Queens
node/6672878355,Stellas,40.7281543,-73.7054128,restaurant,Queens
node/6672878376,Alahia Restaurant,40.7180198,-73.7372351,restaurant,Queens
node/6673008605,Ha Bo Kitchen,40.7135633,-73.7355603,restaurant,Queens
node/6680768990,Amy's Chinese Restaurant,40.7558011,-73.7674397,restaurant,Queens
node/6684047211,La Grand Comptoir,40.6500253,-73.7828614,restaurant,Queens
node/6710820744,McFadden's Citi Field,40.7579258,-73.8448488,bar,Queens
node/6741165022,Roti Corner,40.7129497,-73.7819055,bar,Queens
node/6742724900,Wild Ginger,40.7855747,-73.7274614,restaurant,Queens
node/6781584766,Voyage,40.7724316,-73.8652132,restaurant,Queens
node/6781584767,Wibar,40.7720821,-73.8656128,restaurant,Queens
node/6781584780,Biergarten,40.7702685,-73.8641929,pub,Queens
node/6781600288,Cotto,40.772292,-73.8652915,restaurant,Queens
node/6791069755,Peking,40.7332272,-73.7835666,restaurant,Queens
node/6791115944,Kin'd,40.7301383,-73.7783975,restaurant,Queens
node/6856212321,East Shore Wok,40.7885663,-73.7071281,restaurant,Queens
node/6893685419,Red Cali Lounge,40.7611893,-73.8311758,bar,Queens
node/6896946715,Breeze Island Grill,40.6653551,-73.7470966,restaurant,Queens
node/6898319071,The Connie,40.6456295,-73.7771134,bar,Queens
node/6916295668,Trio Restaurant & Lounge,40.727403,-73.7862313,restaurant,Queens
node/6927242622,Flatiron Tavern & Provisions,40.7674485,-73.8597794,restaurant,Queens
node/6928864652,Oyo Hotel,40.6996476,-73.8109435,hotel,Queens
node/6931271163,,40.7074915,-73.7051021,restaurant,Queens
node/6945365370,Ittadi Garden & Grill,40.74726,-73.8920529,restaurant,Queens
node/6949991493,Villa Mar,40.7080972,-73.710123,restaurant,Queens
node/6951902446,China Delight,40.7130054,-73.7353672,restaurant,Queens
node/6952845325,Seafood House,40.7079957,-73.7179562,restaurant,Queens
node/6953976198,Kelly D,40.6778673,-73.7450983,restaurant,Queens
node/6980049834,Buddy Buddy,40.7587907,-73.8305768,restaurant,Queens
node/6980049837,8 Pots Mini Hot Pot,40.7587301,-73.8307498,restaurant,Queens
node/6980049838,King's Kitchen,40.7591939,-73.8301601,restaurant,Queens
node/6980049848,Tian Jin,40.7587321,-73.8316143,restaurant,Queens
node/6980049849,New Fuzhou Style,40.7587039,-73.8308505,restaurant,Queens
node/6980049853,Yin Traditional Hot Pot,40.7587657,-73.830649,restaurant,Queens
node/6980049859,Malay Restaurant Inc,40.7586843,-73.8308977,restaurant,Queens
node/6980049861,Legend Chicken,40.7586645,-73.8309696,restaurant,Queens
node/6980049868,Curry Leaves Restaurant,40.7588207,-73.8305077,restaurant,Queens
node/6980049873,Oidu Restaurant,40.758715,-73.8307998,restaurant,Queens
node/6982866897,El Patio,40.7181882,-73.7365489,restaurant,Queens
node/6985822052,Elegant Chinese Restaurant,40.7247311,-73.7537099,restaurant,Queens
node/6992718869,Roti Paradise,40.7156732,-73.7476485,restaurant,Queens
node/6997330308,Creole Buffet,40.7091434,-73.7223007,restaurant,Queens
node/6997352134,Nana’s,40.7134997,-73.7543552,restaurant,Queens
node/6997420501,The Blarney,40.70191,-73.8085258,pub,Queens
node/7003295420,Bella’s Pizza,40.6788691,-73.7548477,restaurant,Queens
node/7014493605,Mexican Grill,40.7087687,-73.7105229,restaurant,Queens
node/7053026384,Harbor Grill,40.6376092,-73.7021122,restaurant,Queens
node/7053097712,Da Nicola,40.6366825,-73.7025761,restaurant,Queens
node/7093484986,Kyr,40.7605857,-73.8334454,restaurant,Queens
node/7117458771,Rossi Pizzeria,40.7675516,-73.8597646,restaurant,Queens
node/7123365850,Wild Onion,40.6854783,-73.7729989,restaurant,Queens
node/7123365852,Ochi Jerk Restaurant,40.6816673,-73.7662803,restaurant,Queens
node/7133778365,Meli Melo,40.6508305,-73.701349,restaurant,Queens
node/7133778367,Wah Sang Kitchen,40.6507462,-73.7014571,restaurant,Queens
node/7133778383,Pizza Amore,40.6505706,-73.7016975,restaurant,Queens
node/7141865585,Beginnings Bar & Restaurant,40.5895949,-73.7347171,restaurant,Queens
node/7146540224,Big Tree Cuisine,40.677042,-73.7427524,restaurant,Queens
node/7154315534,The Queensboro,40.7552023,-73.8870197,restaurant,Queens
node/7156301612,Courtyard,40.6672277,-73.7941578,hotel,Queens
node/7156301617,Hampton Inn,40.6674079,-73.7948964,hotel,Queens
node/7170432991,,40.7524543,-73.7856579,restaurant,Queens
node/7170432994,,40.7528218,-73.7919313,restaurant,Queens
node/7170433002,Fortune Garden,40.752449,-73.7857016,restaurant,Queens
node/7177715094,Afghan Kebab House,40.7373836,-73.7087828,restaurant,Queens
node/7194138398,Best Bagels,40.7876054,-73.7287384,restaurant,Queens
node/7196216932,Dagim Restaurant,40.788062,-73.7276259,restaurant,Queens
node/7196216980,Great Neck Diner,40.7883847,-73.7273477,restaurant,Queens
node/7212990523,Revolucion,40.6457431,-73.7728079,restaurant,Queens
node/7212990524,Revive,40.6458039,-73.7723175,bar,Queens
node/7230975167,Haewoondae,40.7457153,-73.8894824,restaurant,Queens
node/7236003395,Italian Affair,40.7219468,-73.7300219,restaurant,Queens
node/7240955870,Hanuman Mandir,40.737436,-73.7085812,restaurant,Queens
node/7240955880,Jian On,40.7391111,-73.7008174,restaurant,Queens
node/7241008791,Kerala Kitchen,40.7389347,-73.7015906,restaurant,Queens
node/7242540540,JD,40.7367241,-73.7118326,restaurant,Queens
node/7242540549,Winchester's Pub,40.7333191,-73.7365285,bar,Queens
node/7242540552,Chicago’s With A Twist,40.7374616,-73.708977,restaurant,Queens
node/7242540583,Szechuan Kitchen,40.7333209,-73.7364558,restaurant,Queens
node/7242584496,Namaste,40.7371796,-73.7097478,restaurant,Queens
node/7242584523,Great Wall,40.7374135,-73.7091759,restaurant,Queens
node/7256526360,Nolbu Nolbu,40.7605852,-73.8014334,restaurant,Queens
node/7270879431,Jongro BBQ,40.7638557,-73.809483,restaurant,Queens
node/7272960459,Haidilao,40.7612797,-73.8280454,restaurant,Queens
node/7275053403,Pegasus,40.7372178,-73.7095309,nightclub,Queens
node/7292366579,Corner 28,40.7585823,-73.8306664,restaurant,Queens
node/7297837402,Beijing Dumpling House,40.7040168,-73.8090289,restaurant,Queens
node/7407215458,Tang,40.7576134,-73.7838774,restaurant,Queens
node/7417658906,Nan Xiang Xiao Long Bao,40.759462,-73.8324383,restaurant,Queens
node/7426156326,You Jia KeZhang,40.750611,-73.8193457,restaurant,Queens
node/7434119508,T&T Restaurannt,40.7505815,-73.8185388,restaurant,Queens
node/7609658375,Junior's,40.7737608,-73.8720933,restaurant,Queens
node/7609658376,Hill Country,40.7736157,-73.871733,restaurant,Queens
node/7609658377,Brooklyn Diner,40.7730408,-73.8706196,restaurant,Queens
node/7613094139,Dos Toros,40.7737533,-73.8722961,restaurant,Queens
node/7613111259,Tony + Benny's,40.7737606,-73.8721908,restaurant,Queens
node/7613283042,Spirit & Bell,40.7732621,-73.8711942,bar,Queens
node/7613283043,Mulberry St,40.7734366,-73.8714676,restaurant,Queens
node/7613306544,Green Leaf's,40.7735603,-73.8717514,restaurant,Queens
node/7613306545,Eli's Essentials,40.7734181,-73.8718782,restaurant,Queens
node/7747349696,Tacos Al Suadero,40.7488879,-73.8764441,restaurant,Queens
node/7747433578,,40.7602663,-73.8773267,restaurant,Queens
node/7747464289,King River,40.7589851,-73.8872312,restaurant,Queens
node/7799196906,Fairfield Inn & Suites New York Queens/Jamaica,40.7010116,-73.8051845,hotel,Queens
node/7799196913,Residence Inn New York JFK Airport,40.667954,-73.7966597,hotel,Queens
node/7799209411,Four Points by Sheraton Flushing,40.76486,-73.832414,hotel,Queens
node/7828100400,La Gata Galosa,40.7505737,-73.877688,restaurant,Queens
node/7857569292,La Nueva Placitas,40.70215,-73.8048049,restaurant,Queens
node/7916951160,Queens El California Bar,40.7471975,-73.8893592,bar,Queens
node/7916951161,Queens Romantico Bar,40.7472094,-73.8892423,bar,Queens
node/7916980740,Club Evolution,40.7472475,-73.8888732,nightclub,Queens
node/7917128890,Riko,40.7471701,-73.8870431,restaurant,Queens
node/7917128894,NY Cheviolotte Bar,40.747135,-73.8874729,bar,Queens
node/7917128907,Olympia Billiards Snooker Bar,40.7468267,-73.8884901,bar,Queens
node/7920742162,El Rincon Peruano,40.7458396,-73.8998262,restaurant,Queens
node/7928295423,Sands,40.6739306,-73.7354691,restaurant,Queens
node/7959640199,Pure Lounge,40.6818315,-73.7656151,nightclub,Queens
node/8022299170,Gyro Express,40.7704226,-73.8925269,restaurant,Queens
node/8022299178,Chop Sticks,40.7704592,-73.8922173,restaurant,Queens
node/8113628405,Due Fratelli,40.7493792,-73.8891582,restaurant,Queens
node/8177596503,Shun Wang,40.7431352,-73.8830364,restaurant,Queens
node/8246152517,Jerk Hut Express,40.690515,-73.7245217,restaurant,Queens
node/8285084781,Snacks Breakfast Lunch,40.7524789,-73.8329377,restaurant,Queens
node/8403555996,Krung Tep Thai Bistro,40.786614,-73.7258583,restaurant,Queens
node/8501242302,Red Panda Restaurant,40.7430808,-73.8968128,restaurant,Queens
node/8501242307,New Great Wall,40.7427321,-73.8950715,restaurant,Queens
node/8572794329,Phớ Bằng,40.7583914,-73.8290679,restaurant,Queens
node/8726299965,Sabrosura Latina,40.7530905,-73.87224,restaurant,Queens
node/8726299967,Susano’s,40.7531108,-73.8721621,restaurant,Queens
node/8726300005,Legends,40.7506079,-73.8947412,bar,Queens
node/8726354520,Alex’s Pizza & Deli,40.750588,-73.8949833,restaurant,Queens
node/8726354523,Lin’a Kitchen,40.7505937,-73.8949144,restaurant,Queens
node/8780044664,Sagar Chinese,40.7438091,-73.7183797,restaurant,Queens
node/8783479207,Francesca's Pizzeria,40.7876794,-73.7264501,restaurant,Queens
node/8783479995,Greek Xpress,40.7862842,-73.7277605,restaurant,Queens
node/8783480690,Mr KEKE Ramen,40.78857,-73.7291498,restaurant,Queens
node/8783482554,Zen Garden,40.7867587,-73.7270525,restaurant,Queens
node/8783484118,Shoshaku,40.7883677,-73.7294913,restaurant,Queens
node/8783485210,Sea Bar,40.7866564,-73.7272217,restaurant,Queens
node/8783487063,Chez Kama,40.7887364,-73.729267,restaurant,Queens
node/8783494287,Rothchilds Coffee & Kitchen,40.7885672,-73.729691,restaurant,Queens
node/8783495180,Rosa's Pizzeria,40.7862124,-73.7278679,restaurant,Queens
node/8783496708,Kai Burgers & Dumplings,40.7867712,-73.7261144,restaurant,Queens
node/8783497163,Yeol Kitchen,40.7757042,-73.7325366,restaurant,Queens
node/8783499315,Chatanooga Glatt Kosher Persian Restaurant,40.7866384,-73.7297762,restaurant,Queens
node/8783505298,China Wok,40.7876949,-73.7263832,restaurant,Queens
node/8783507049,Smash House,40.6233613,-73.7216898,restaurant,Queens
node/8783508189,Mr.Poke,40.7864609,-73.7275103,restaurant,Queens
node/8783515833,Colbeh,40.7882258,-73.7252063,restaurant,Queens
node/8783522989,JaydSiri Thai Bistro,40.7866424,-73.7258394,restaurant,Queens
node/8783524930,Delicias Express,40.7877093,-73.7263228,restaurant,Queens
node/8783525744,Xiao Ye,40.7883287,-73.7294838,restaurant,Queens
node/8849401791,Congee Village Restaurant and Bar,40.7609804,-73.8329094,restaurant,Queens
node/8849401792,Hunan Noodle,40.7610126,-73.8329198,restaurant,Queens
node/8849401793,The Dolar Shop,40.7610289,-73.832891,restaurant,Queens
node/8923548069,Pho Best 3,40.7409106,-73.8800546,restaurant,Queens
node/8923548072,Northern Dumpling House,40.7411133,-73.8797764,restaurant,Queens
node/8923585558,Sky Cafe,40.7419632,-73.8784436,restaurant,Queens
node/8923585562,Asian Taste 86,40.7417783,-73.8786241,restaurant,Queens
node/8923600742,,40.7415057,-73.8800321,restaurant,Queens
node/8931429663,Corona Hotel,40.7523446,-73.8537427,hotel,Queens
node/9015093126,Sagitarios Sports Bar,40.7023856,-73.8131163,bar,Queens
node/9015093131,,40.7026468,-73.8145417,restaurant,Queens
node/9015093132,Ocha,40.7124177,-73.8271186,restaurant,Queens
node/9062376237,Pizza Hut,40.7203881,-73.8089857,restaurant,Queens
node/9111267959,Golden Terrace,40.6948163,-73.8262281,restaurant,Queens
node/9208434407,Crab Du Jour,40.7547207,-73.8539827,restaurant,Queens
node/9330092156,New York Tavern And Lounge,40.7026204,-73.814865,nightclub,Queens
node/9346683786,Gino's Pizzeria And Restaurant,40.7370234,-73.8144189,restaurant,Queens
node/9346743899,The Pizza Professor,40.730018,-73.8238905,restaurant,Queens
node/9392834428,Jian Chinese Restaurant,40.7647443,-73.7260788,restaurant,Queens
node/9398287861,Pollas A La Brasa Mr. Mario,40.7830408,-73.845989,restaurant,Queens
node/9466649181,Eastern Mirage Hotel,40.757272,-73.8238985,hotel,Queens
node/9466924819,Roosevelt BBQ1,40.7602316,-73.8269754,restaurant,Queens
node/9487844442,Double Chinese Restaurant,40.7421104,-73.8544967,restaurant,Queens
node/9487844449,Matecana,40.7457254,-73.8563739,restaurant,Queens
node/9556257199,El Familiar,40.7050966,-73.8092182,restaurant,Queens
node/9659375180,Tian Jin Dumpling House,40.7578725,-73.8281379,restaurant,Queens
node/9663947005,,40.7023347,-73.8113366,restaurant,Queens
node/9663947007,,40.7022924,-73.8110397,restaurant,Queens
node/9667152784,HATFIELDS Bar & Lounge,40.764046,-73.7710384,bar,Queens
node/9667152785,Sandwich Shop & Eatery,40.763846,-73.7709353,restaurant,Queens
node/9680644517,Hunan Cafe and Restaurant,40.76326,-73.8296279,restaurant,Queens
node/9688199169,Connolly's Bar,40.5844065,-73.8166958,bar,Queens
node/9696560216,Yah Suh Nyce,40.6985861,-73.8068434,restaurant,Queens
node/9705466146,Kobe Ramen,40.7307901,-73.8101566,restaurant,Queens
node/9705466153,Eastern,40.7310674,-73.8101454,restaurant,Queens
node/9720330757,Tarros Bar,40.7518892,-73.8554917,bar,Queens
node/9734816560,Taqueria Santa Fe & Grill,40.7631502,-73.8749179,restaurant,Queens
node/9735862478,Zhang's Garden,40.7080887,-73.7847463,restaurant,Queens
node/9741545219,Uncle Bill’s,40.7695808,-73.8342381,restaurant,Queens
node/9741552414,King’s Chef,40.7689574,-73.8357614,restaurant,Queens
node/9741553686,Halal Grill Chichen,40.7690868,-73.8341392,restaurant,Queens
node/9741565132,Amore Pizzeria & Restaurant,40.7693478,-73.8341316,restaurant,Queens
node/9741565136,PHOmetro,40.7686202,-73.8338867,restaurant,Queens
node/9741565138,Mr. Chan’s,40.7695136,-73.8342178,restaurant,Queens
node/9741565139,Teriyaki One,40.7694699,-73.8341926,restaurant,Queens
node/9760831602,Premium Sweets,40.7121084,-73.7896126,restaurant,Queens
node/9772208936,San Diego,40.7570649,-73.872551,restaurant,Queens
node/9834265122,Beecher’s Handmade Cheese,40.7753031,-73.8719976,restaurant,Queens
node/9834265125,Bar Veloce,40.7758321,-73.8719301,bar,Queens
node/9834318935,Mi Casa Cantina,40.7756422,-73.8731828,bar,Queens
node/9834318940,Hunt & Fish Grill,40.7753844,-73.8729362,restaurant,Queens
node/9882917483,Tacoway Beach,40.5888448,-73.8121965,restaurant,Queens
node/9884014250,Caribbean Taste Budz,40.7049617,-73.8095585,restaurant,Queens
node/9902847843,The Buffet,40.7814936,-73.8408994,restaurant,Queens
node/9906583737,Days Inn,40.6988002,-73.8007882,hotel,Queens
node/9917513072,Asadero La Fogata,40.7422985,-73.8542438,restaurant,Queens
node/9917513077,Los Mismos Amigos,40.750147,-73.8612856,restaurant,Queens
node/9923265670,When in Bangkok,40.7622416,-73.8042724,restaurant,Queens
node/9923265671,Seoul Ttukbaegi,40.7620987,-73.8152418,restaurant,Queens
node/9923265672,SHOO LOONG KAN,40.7602523,-73.8335391,restaurant,Queens
node/9923265675,,40.7571524,-73.8718355,restaurant,Queens
node/9923265678,Zaab Zaab,40.7433014,-73.8886531,restaurant,Queens
node/9928606326,Chef To Go Cuisine,40.7064278,-73.7589341,restaurant,Queens
node/9966728419,Tawa Roti Dhaulagiri Food,40.7475496,-73.8939144,restaurant,Queens
node/9966728420,Khao Kang,40.7433987,-73.8880809,restaurant,Queens
node/9966728717,Angel Indian Restaurant,40.7472116,-73.8908958,restaurant,Queens
node/9966728718,Khao Nom,40.7432639,-73.8880399,restaurant,Queens
node/9968004717,Asiatic Hotel,40.7611716,-73.8324273,hotel,Queens
node/9968004718,37 Xiang,40.7612195,-73.8322897,restaurant,Queens
node/10187079775,Pizza Hut,40.6884935,-73.7956677,restaurant,Queens
node/10240289962,Xing Shun Da,40.7534164,-73.8224949,restaurant,Queens
node/10240329109,Sunrise Diner,40.7554596,-73.8156856,restaurant,Queens
node/10240535172,Rico's Chicken,40.7547553,-73.8167458,restaurant,Queens
node/10240582080,Pop's Diner,40.7533255,-73.8218332,restaurant,Queens
node/10595073233,Nuria's Restaurant,40.7023678,-73.8147776,restaurant,Queens
node/10595073234,El Rinconcito,40.7023593,-73.8128037,restaurant,Queens
node/10595139025,Hua Rong,40.702257,-73.8204562,restaurant,Queens
node/10595139027,Casa NYC,40.7022367,-73.8206122,bar,Queens
node/10682245487,Kungfu BBQ,40.7617431,-73.825912,restaurant,Queens
node/10695878384,XinLa GongFu Spicy Hot Pot,40.7642235,-73.8282256,restaurant,Queens
node/10695883331,Lee & Bai Buns,40.7613899,-73.8268273,restaurant,Queens
node/10733191695,Chuck E. Cheese,40.7570599,-73.8346901,restaurant,Queens
node/10739428288,Jackson Diner,40.7478809,-73.89177,restaurant,Queens
node/10776462900,Thai Love You,40.7419747,-73.8745921,restaurant,Queens
node/10776513107,Hong Kong Taste,40.7416844,-73.8750341,restaurant,Queens
node/10776708153,Freedom Dove,40.7424665,-73.8739346,restaurant,Queens
node/10788451652,Geo's Pizzeria & Restaurant,40.7023237,-73.8172603,restaurant,Queens
node/10803289058,,40.7198831,-73.8097418,restaurant,Queens
node/10803289066,Mira Sushi,40.7197541,-73.8101907,restaurant,Queens
node/10815574642,Chongqing Lao Zao,40.7606459,-73.8330454,restaurant,Queens
node/10815575668,520 Dessert Bar,40.7608667,-73.833204,restaurant,Queens
node/10822923414,Khalil Biryani House,40.7463834,-73.8910581,restaurant,Queens
node/10847496004,New Northern Manor,40.7694042,-73.7367869,restaurant,Queens
node/10847498104,Sifu Chio,40.7694287,-73.7362808,restaurant,Queens
node/10872765027,Park Side Restaurant,40.74381,-73.8560751,restaurant,Queens
node/10937079160,Mito,40.7784584,-73.7790177,restaurant,Queens
node/10937147159,Avotaco,40.7786751,-73.7766954,restaurant,Queens
node/10937271881,The Monster Crab,40.7787464,-73.7785119,restaurant,Queens
node/10937301889,El Vicentino,40.7576106,-73.804234,restaurant,Queens
node/10937303036,IHOP,40.7787985,-73.7785605,restaurant,Queens
node/10938567607,Rosa Pizzeria,40.7789562,-73.7772921,restaurant,Queens
node/10938576245,Sobol,40.7790534,-73.7768332,restaurant,Queens
node/10942982174,Outback Steakhouse,40.780843,-73.7758243,restaurant,Queens
node/10957959252,New Mulan Restaurant,40.7604227,-73.8301393,restaurant,Queens
node/10984684917,Asian Fusion & Grill,40.7488836,-73.8911833,restaurant,Queens
node/11009135682,Beacon Bar and Kitchen,40.6422513,-73.7781632,restaurant,Queens
node/11034754905,Merit Kebab,40.7487649,-73.8916822,restaurant,Queens
node/11163533664,Pat LaFrieda Meat Co,40.7487448,-73.8469657,restaurant,Queens
node/11165434162,Terrace Bar,40.7506559,-73.8452068,bar,Queens
node/11175444454,Fare by Chef Alex Guarnaschelli,40.7493943,-73.8458334,restaurant,Queens
node/11196834451,Eim Khao Mun Kai,40.7429545,-73.8832592,restaurant,Queens
node/11251978792,Samba BBQ,40.7640848,-73.8102318,restaurant,Queens
node/11252049831,Saranrom Thai,40.7431492,-73.8836526,restaurant,Queens
node/11252103640,Pizza Bella,40.7429693,-73.8832892,restaurant,Queens
node/11253152016,Staunton's Irish Bar & Grill,40.7359913,-73.7464073,pub,Queens
node/11255286840,Villa Rustica Ristorante,40.7399335,-73.7581133,restaurant,Queens
node/11258351733,Pizza Hut,40.7302383,-73.7447859,restaurant,Queens
node/11258363941,Cara Mia,40.730463,-73.743101,restaurant,Queens
node/11264932918,3M Bar & Grill,40.6866129,-73.8236154,restaurant,Queens
node/11264956843,Kaieteur,40.6865311,-73.8230444,restaurant,Queens
node/11264956844,,40.686622,-73.8227855,restaurant,Queens
node/11264956851,Sheriff Street,40.6868958,-73.8228321,nightclub,Queens
node/11264976611,Tropical Jade 3 Roti Express,40.6861787,-73.8249014,restaurant,Queens
node/11264976616,Sonny's Roti Shop,40.6859407,-73.8247169,restaurant,Queens
node/11264976629,Spready's,40.685874,-73.8252086,restaurant,Queens
node/11278065114,Desi Bites,40.6894348,-73.8282716,restaurant,Queens
node/11278065125,Apna Virsa,40.6899103,-73.8266375,restaurant,Queens
node/11278065128,Villa Russo,40.6897623,-73.826184,restaurant,Queens
node/11278065145,Showtime,40.6899908,-73.8254084,nightclub,Queens
node/11278065147,,40.6903248,-73.8251703,restaurant,Queens
node/11278065152,Punjabi Dhaba,40.6900125,-73.825281,restaurant,Queens
node/11292945410,Yummy Taco,40.7263119,-73.7905579,restaurant,Queens
node/11292945417,The Hot Spot BBQ & Grill,40.7265625,-73.7887558,restaurant,Queens
node/11293916631,Pizza Hut,40.7373941,-73.7955802,restaurant,Queens
node/11331379230,Shirazi Kebab House,40.7394073,-73.7906601,restaurant,Queens
node/11331444152,Chicken N Shakes,40.7394611,-73.7904419,restaurant,Queens
node/11331444157,Pho Choice,40.7397593,-73.7893292,restaurant,Queens
node/11331444158,King Wok,40.739746,-73.7893778,restaurant,Queens
node/11331444160,Tokyo,40.7397064,-73.7895232,restaurant,Queens
node/11336619031,Panorama Bar,40.7739071,-73.8694197,bar,Queens
node/11340744083,Qiu Sushi and Tea Bar,40.7396371,-73.8149578,restaurant,Queens
node/11342852370,The Upper Crust Queens,40.7337354,-73.8250685,restaurant,Queens
node/11342852373,Amalia Grocery,40.7327307,-73.8252444,restaurant,Queens
node/11372544122,Pokeworks,40.7403869,-73.7845279,restaurant,Queens
node/11378276891,Santa Maria,40.7463836,-73.8990134,bar,Queens
node/11396534351,,40.7435611,-73.8258232,restaurant,Queens
node/11404964393,Queens College Diner,40.7344217,-73.8159999,restaurant,Queens
node/11406886021,Singahs Famous Pizza,40.7376463,-73.7075976,restaurant,Queens
node/11422114660,Turkish airways lounge,40.6436752,-73.7913581,restaurant,Queens
node/11422171417,Brother's Pizza,40.7398565,-73.789017,restaurant,Queens
node/11422171421,Ramen Jin,40.7399148,-73.7888099,restaurant,Queens
node/11422171423,Secret Kitchen,40.7399539,-73.7886811,restaurant,Queens
node/11477199561,Uno Cafe and Billiards,40.7474191,-73.8873961,bar,Queens
node/11495465768,Kamala Kitchen,40.7375433,-73.7080277,restaurant,Queens
node/11504858107,Fortune Sushi,40.7272992,-73.7865378,restaurant,Queens
node/11504858127,Posh Cafe,40.7300388,-73.7787079,restaurant,Queens
node/11505167583,Umi Sushi,40.7263551,-73.7904133,restaurant,Queens
node/11505167584,Nikko Hibachi,40.7264224,-73.7901719,restaurant,Queens
node/11505261127,Biwon,40.7474954,-73.7560735,restaurant,Queens
node/11505261130,River Sushi,40.748036,-73.7563387,restaurant,Queens
node/11505261131,Hao Pi Dim Sum Express,40.748102,-73.7563764,restaurant,Queens
node/11505342968,Fukuoka Shabu Shabu,40.7489315,-73.7568265,restaurant,Queens
node/11505373277,Gino's Pizzeria,40.7483309,-73.7564943,restaurant,Queens
node/11505373289,Imperial Taste,40.7493355,-73.7550439,restaurant,Queens
node/11505373300,FamiLi,40.7487414,-73.7574508,restaurant,Queens
node/11547204683,Little Diner,40.7842224,-73.8136574,restaurant,Queens
node/11547267407,Sarku Japan,40.7034351,-73.8004594,restaurant,Queens
node/11576871483,El Gallo Negro,40.7515962,-73.8552832,restaurant,Queens
node/11576871510,,40.7516545,-73.8551214,restaurant,Queens
node/11576871512,,40.7516267,-73.8549614,restaurant,Queens
node/11592766721,Gan Da Sushi,40.7262872,-73.7894186,restaurant,Queens
node/11623699150,Buffalo Wild Wings,40.7182281,-73.8167373,restaurant,Queens
node/11623723074,Panda Garden,40.7184064,-73.8150661,restaurant,Queens
node/11624349307,New Tokyo Sushi,40.7210391,-73.8049693,restaurant,Queens
node/11624349308,Pop RIce,40.7210521,-73.8049071,restaurant,Queens
node/11624349314,Juice N' Sizzle,40.7211102,-73.8050533,restaurant,Queens
node/11711712434,Nohara Ramen,40.7867661,-73.7261616,restaurant,Queens
node/11739507546,China Gourmet,40.7371425,-73.8175855,restaurant,Queens
node/11739507548,2mato,40.7374717,-73.8177786,restaurant,Queens
node/11740508520,Blue Angel Lounge,40.7526226,-73.8528051,bar,Queens
node/11756646533,Tandoori Hut,40.6937246,-73.8273979,restaurant,Queens
node/11757189685,Peking,40.7255851,-73.7400012,restaurant,Queens
node/11757189686,Rice & Beans Restaurant,40.7256199,-73.740038,restaurant,Queens
node/11757189690,Mina's Kitchenette,40.725851,-73.7401923,restaurant,Queens
node/11760214894,Guac Time,40.7351943,-73.7175287,restaurant,Queens
node/11779237835,Alessio Pizzeria,40.7522019,-73.7008306,restaurant,Queens
node/11779237871,,40.7523462,-73.702268,restaurant,Queens
node/11786190331,Cafe Kiskeya,40.7521233,-73.7030085,restaurant,Queens
node/11786190332,Jassi's,40.7518967,-73.703128,restaurant,Queens
node/11786190333,Green Olive,40.752057,-73.7031073,restaurant,Queens
node/11786190337,Cabo Sports Bar,40.75228,-73.7027264,bar,Queens
node/11786190338,ABCD Indian Bistro & Bar,40.7517407,-73.7026934,restaurant,Queens
node/11786190339,Bia Vietnamese Restaurant,40.7518842,-73.7024139,restaurant,Queens
node/11786190364,Cafe Cardini,40.7518527,-73.702261,restaurant,Queens
node/11786205181,Luigi's Restaurant And Bar,40.7495903,-73.7075304,restaurant,Queens
node/11786205198,Galo Tavern18,40.7494355,-73.7077732,restaurant,Queens
node/11801347137,Top Tier Restaurant & Lounge,40.7067072,-73.7545978,restaurant,Queens
node/11821144100,Chill'DD Taste Thai,40.7229265,-73.8007382,restaurant,Queens
node/11821144105,Vincenzo's Pizza,40.7232962,-73.7996309,restaurant,Queens
node/11821170510,Kabayan,40.7208844,-73.8057337,restaurant,Queens
node/11829075745,New Tomo Japanese Cuisine,40.7500769,-73.8801079,restaurant,Queens
node/11835617347,Yogi's Restaurant,40.7034855,-73.7963942,restaurant,Queens
node/11835617352,South Road Deli & Grill,40.6995832,-73.7936292,restaurant,Queens
node/11842910442,Cheung Khei,40.7442575,-73.7168751,restaurant,Queens
node/11844617749,Om Wok,40.746804,-73.8875544,restaurant,Queens
node/11850951790,El Campeón del Pollo,40.7435133,-73.8560602,restaurant,Queens
node/11851477808,Franco Di Roma,40.7452736,-73.8591887,restaurant,Queens
node/11860537754,Caribbean Roti Express,40.7080874,-73.7861725,restaurant,Queens
node/11860562268,Dai Hing Garden,40.7076895,-73.7883387,restaurant,Queens
node/11860647875,La Playita #1 Restaurant,40.70738,-73.7895762,restaurant,Queens
node/11861124963,PappaRich,40.7593971,-73.8324113,restaurant,Queens
node/11861524170,Vinicio's Restaurant,40.7501821,-73.85826,restaurant,Queens
node/11863265453,Berbice Bar & Restaurant,40.7077259,-73.7863725,bar,Queens
node/11863276042,Tina Restaurant & Sports Bar,40.7077381,-73.7862312,bar,Queens
node/11863282182,Seduction,40.7077431,-73.7861857,bar,Queens
node/11863307877,Secrets Lounge,40.7073243,-73.7883579,bar,Queens
node/11863312856,Guatelinda,40.707166,-73.7890017,restaurant,Queens
node/11864414650,Xi Top BBQ,40.7625415,-73.8150788,restaurant,Queens
node/11864546202,Joong Koog Jip,40.7620044,-73.8153641,restaurant,Queens
node/11884266597,Benediction Restaurant,40.7152622,-73.7496571,restaurant,Queens
node/11884274603,Halal Zone,40.7156653,-73.7477952,restaurant,Queens
node/11884571115,Roy's Roti Shop & Lounge,40.7118742,-73.7698328,restaurant,Queens
node/11889992796,El Mariachi Restaurant,40.7460375,-73.8976298,restaurant,Queens
node/11892509116,Atlantic Bakery Colombian Food,40.6933896,-73.829758,restaurant,Queens
node/11899698054,Taqueria el Gallo Giro,40.7461112,-73.8997684,restaurant,Queens
node/11922260955,,40.7617217,-73.916949,restaurant,Queens
node/11936638969,El Guacamole,40.7461233,-73.8970871,restaurant,Queens
node/11946551047,Sammuk Thai,40.7462854,-73.8981308,restaurant,Queens
node/11946716272,Tyang Gelay's Grill,40.7461763,-73.8965427,restaurant,Queens
node/11951091077,Blue/Point,40.6384759,-73.7810119,bar,Queens
node/11954802577,Hotel de Point,40.7814054,-73.8407454,hotel,Queens
node/11954802578,voco Fiorello LaGuardia East,40.7813864,-73.8408432,hotel,Queens
node/11992880375,Riko,40.7077752,-73.8031123,restaurant,Queens
node/12003350959,NY Creperie,40.7737484,-73.8724685,restaurant,Queens
node/12012655203,Pupuseria Izalco,40.7461216,-73.8997014,restaurant,Queens
node/12015930003,Fishnet Restaurant,40.6922068,-73.7608115,restaurant,Queens
node/12015931890,Port-O-Prince Restaurant,40.6948506,-73.7387377,restaurant,Queens
node/12017617433,The Smokehouse,40.692135,-73.7613326,restaurant,Queens
node/12029722930,El Sembrador,40.7051691,-73.8124307,restaurant,Queens
node/12037610380,California Mexican-Italian Food and Pizza,40.7464515,-73.8600874,restaurant,Queens
node/12038349010,K's Cafeteria,40.7457936,-73.8560425,restaurant,Queens
node/12038349015,Magico Amanecer,40.7501248,-73.8586508,restaurant,Queens
node/12039928929,New Nurlan,40.7597437,-73.8328457,restaurant,Queens
node/12044824330,Hibachi Express,40.6951274,-73.7395912,restaurant,Queens
node/12051443685,Manuel E Restaurant,40.7439094,-73.8588384,restaurant,Queens
node/12051443689,La Cienega,40.7438198,-73.8575932,restaurant,Queens
node/12051443692,Tacos Y Quesadillas Mexico,40.7437836,-73.8572796,restaurant,Queens
node/12051443695,Don Alex Parrilladas Anticucheria,40.7436034,-73.8563328,restaurant,Queens
node/12051443696,Paraiso Colombiano,40.7436377,-73.8564627,restaurant,Queens
node/12051443697,Puebla Mex,40.7436776,-73.8565802,restaurant,Queens
node/12057602361,Intrigue,40.6780042,-73.7465415,bar,Queens
node/12057602363,Blu Seafood Restaurant & Bar,40.6781,-73.7469629,restaurant,Queens
node/12057947813,Tien Chu,40.6914969,-73.7626817,restaurant,Queens
node/12062511884,Adam's Chicken & Pocha,40.7646863,-73.8118555,restaurant,Queens
node/12066945008,San Soo Kap San - Korean BBQ,40.7612526,-73.8267488,restaurant,Queens
node/12068018328,Sabor Peruano,40.7449976,-73.8635243,restaurant,Queens
node/12075720760,New Fu Run,40.7880112,-73.7292068,restaurant,Queens
node/12075754081,Tiger Sushi,40.7876564,-73.7287927,restaurant,Queens
node/12079204214,Kitchen Melody,40.78672,-73.7295167,restaurant,Queens
node/12079204215,Bee ORGANIC,40.7877177,-73.7274393,restaurant,Queens
node/12079204217,Paprika,40.7880322,-73.7277466,restaurant,Queens
node/12101594667,Lufthansa-Austrian-Swiss lounge,40.6425551,-73.7905981,restaurant,Queens
node/12106137004,O Lavrador,40.6944961,-73.8094913,restaurant,Queens
node/12106763080,Bebe Fritay,40.7034778,-73.749728,restaurant,Queens
node/12106791685,Creole Fusion,40.7055882,-73.7399362,restaurant,Queens
node/12115869180,Szechuan Kitchen,40.705255,-73.7401031,restaurant,Queens
node/12115897988,Jerk Pan,40.7038369,-73.7405944,restaurant,Queens
node/12115900141,Belvedere Restaurant,40.7132572,-73.7362916,restaurant,Queens
node/12128524271,Pearl East,40.7914195,-73.7021624,restaurant,Queens
node/12132752577,Spring Gardens,40.6779916,-73.7544001,restaurant,Queens
node/12132753959,Juicy King Crab Express,40.6788695,-73.7537998,restaurant,Queens
node/12154239427,American Express The Centurion Lounge at US Open,40.7506086,-73.8457988,bar,Queens
node/12168444544,Latty's Healthy Eaters Jamaican Restaurant,40.69406,-73.7529609,restaurant,Queens
node/12168562987,Happy Garden,40.6936569,-73.7556058,restaurant,Queens
node/12180773327,Mariscos El Submarino,40.7484378,-73.8781082,restaurant,Queens
node/12197339079,Chew the Fat,40.6732683,-73.7911798,bar,Queens
node/12200321328,Taqueria Trio,40.7467733,-73.8625314,restaurant,Queens
node/12200321330,Billares Sol Y Luna,40.7468875,-73.8625876,bar,Queens
node/12200321332,Mama Lupe Restaurant,40.7472897,-73.8627977,restaurant,Queens
node/12201937678,J.J. Garden,40.7593146,-73.89218,restaurant,Queens
node/12205219633,Panda Garden,40.7434143,-73.8557618,restaurant,Queens
node/12205222657,El Palacio De Las Empanadas,40.7425407,-73.8547338,restaurant,Queens
node/12205222659,5 De Mayo,40.7428869,-73.8540023,restaurant,Queens
node/12212706867,Regent Street Lounge,40.690623,-73.8143485,bar,Queens
node/12212712171,Beni's Restaurant,40.6894002,-73.8154802,restaurant,Queens
node/12212728898,New Thriving Restaurant & Bar,40.6857702,-73.8259812,bar,Queens
node/12212728920,Brando's Express Restaurant & Bar,40.6859646,-73.8244321,bar,Queens
node/12216579887,Tropical Jade 2 Restaurant & Bar,40.6869331,-73.8218421,bar,Queens
node/12223013787,Rangla Punjab Indian Restaurant,40.6915056,-73.8114209,restaurant,Queens
node/12223028894,Sajoma Restaurant,40.6774528,-73.8259249,restaurant,Queens
node/12223055526,Island Girl's Kitchen,40.6774468,-73.8256807,restaurant,Queens
node/12247849751,Crispy Cloud,40.7553676,-73.7691547,restaurant,Queens
node/12272154269,Talde Noodle Bar,40.7737074,-73.8719409,restaurant,Queens
node/12289600820,Paraiso Azteca,40.7478022,-73.861039,restaurant,Queens
node/12312680315,Punto Rojo,40.705742,-73.8089356,restaurant,Queens
node/12315951299,The Harrison,40.7255503,-73.7042298,restaurant,Queens
node/12328900275,Tandoori Indian Kitchen,40.6677989,-73.7812876,restaurant,Queens
node/12344516030,Torigo,40.7285073,-73.7037684,restaurant,Queens
node/12344516031,Trinity,40.728466,-73.7039727,restaurant,Queens
node/12344516032,Villa D'Este,40.7284376,-73.7041148,restaurant,Queens
node/12344516040,Ichi,40.7286653,-73.7029736,restaurant,Queens
node/12344516044,Crabtree's Restaurant,40.7287759,-73.7024733,restaurant,Queens
node/12344516045,MANN SARKA,40.7287925,-73.702374,restaurant,Queens
node/12360528284,Guac Time,40.7631401,-73.7705488,restaurant,Queens
node/12367116594,Otoro,40.7267954,-73.7880485,restaurant,Queens
node/12367116600,Union Pizzeria,40.7270109,-73.7873981,restaurant,Queens
node/12374328364,Osaka,40.7361775,-73.74588,restaurant,Queens
node/12381036604,Satguru Sweets & Catering,40.6744529,-73.8041678,restaurant,Queens
node/12410425770,75 Blue Bar,40.7468965,-73.8897348,bar,Queens
node/12410425772,Laly’s,40.7471699,-73.8897247,restaurant,Queens
node/12410425777,Scorpion,40.7468937,-73.8898018,bar,Queens
node/12412618917,Pico De Gallo,40.7476087,-73.8853858,restaurant,Queens
node/12412618918,Cositas Ricas,40.7475543,-73.8859451,restaurant,Queens
node/12453800173,Adonbo Mexican Grill,40.7055681,-73.8097641,restaurant,Queens
node/12467271460,Centurion Lounge,40.7728583,-73.8708888,bar,Queens
node/12467332917,Sapphire Lounge,40.772835,-73.8707028,bar,Queens
node/12505163520,El Rinconcito Pasada 2,40.7136351,-73.7609116,restaurant,Queens
node/12505169929,El Palo Restaurant & Bar,40.7135767,-73.7629227,bar,Queens
node/12520853147,Fansway Teriyaki & Sushi,40.7453757,-73.8681673,restaurant,Queens
node/12520853148,The Little Chinantla Restaurant,40.7455406,-73.867913,restaurant,Queens
node/12520976005,El Diamante Bar Lounge,40.7456682,-73.8682706,bar,Queens
node/12520976006,Las Orillas de Gualaceo Bar & Restaurant,40.7457071,-73.8682791,restaurant,Queens
node/12552181139,Chief Smokehouse,40.7269325,-73.7876051,restaurant,Queens
node/12599805612,Restaurante Delicias Adonai,40.6103852,-73.7536931,restaurant,Queens
node/12662686601,Mountain House,40.759294,-73.8324705,restaurant,Queens
node/12662690101,Nurlan Uyghur Restaurant,40.7516216,-73.8258548,restaurant,Queens
node/12677417412,New Brisas Latinas Bakery & Restaurant,40.6700061,-73.820839,restaurant,Queens
node/12688489236,El Rey Restaurant & Bar,40.7060592,-73.8092008,restaurant,Queens
node/12688591585,Green Chili Mezzan,40.7086719,-73.798869,restaurant,Queens
node/12691271314,Cheng's Oriental Express,40.7568658,-73.8216408,restaurant,Queens
node/12734011941,Crystal Cove Seafood,40.7253695,-73.7046598,restaurant,Queens
node/12749534982,Tipsy Mandala,40.7463111,-73.8951983,bar,Queens
node/12758300328,Corner Bar,40.74692,-73.8962524,bar,Queens
node/12760709327,Kababish,40.7476177,-73.893979,restaurant,Queens
node/12760709332,,40.7470781,-73.8919987,restaurant,Queens
node/12760709334,Phayul,40.7471616,-73.8913416,restaurant,Queens
node/12760709338,Nepali Momo,40.7472201,-73.8908385,restaurant,Queens
node/12760709342,Phayul II,40.7473599,-73.8912146,restaurant,Queens
node/12762492798,Max's Restaurant,40.7460963,-73.8960931,restaurant,Queens
node/12762493201,Amazing Grace Restaurant,40.7462266,-73.8961219,restaurant,Queens
node/12762493202,Pasiones Sports Bar,40.7460089,-73.8964637,bar,Queens
node/12762609906,69 Bar,40.7465777,-73.8961733,bar,Queens
node/12762609907,8848 NYC,40.7466354,-73.8961875,bar,Queens
node/12762609920,Al Chile Taqueria,40.7468256,-73.8962467,restaurant,Queens
node/12762609922,Pollos A La Brasa Marion,40.746489,-73.8961609,restaurant,Queens
node/12762955205,Ihawan,40.7461403,-73.8955043,restaurant,Queens
node/12783574652,Thai Nara,40.7500723,-73.898476,restaurant,Queens
node/12783574659,Praga Tapas Bar,40.7497051,-73.8988954,bar,Queens
node/12783574661,No. 1 Chinese Restaurant,40.7497309,-73.898958,restaurant,Queens
node/12783574665,El Conquistador,40.7497862,-73.8990896,bar,Queens
node/12795813524,UFC,40.7464226,-73.8940206,restaurant,Queens
node/12795813525,East 21,40.7464403,-73.8939113,restaurant,Queens
node/12795813526,Playground,40.7464484,-73.893806,restaurant,Queens
node/12795858204,,40.7468196,-73.8928274,restaurant,Queens
node/12795925439,Tijuana Restaurant Bar,40.7460997,-73.8998439,bar,Queens
node/12795925443,La Casa de Julia,40.7461315,-73.8995472,restaurant,Queens
node/12815680097,Boon Chu,40.7406688,-73.8796246,restaurant,Queens
node/12815706431,Happy Stony Noodle,40.7404744,-73.8796465,restaurant,Queens
node/12826322062,Plaka Mediterranean Cuisine,40.7601604,-73.8919814,restaurant,Queens
node/12847738410,Margie’s,40.5815002,-73.8298583,restaurant,Queens
node/12993142663,,40.7556549,-73.8829486,bar,Queens
node/13048510632,Sunshine Grill & Kebab,40.736611,-73.7124004,restaurant,Queens
node/13071621337,Smile of the Beyond,40.7091836,-73.8048638,restaurant,Queens
node/13076933001,Empanadas Cafe,40.740238,-73.8531753,restaurant,Queens
node/13101226632,Rockaway Roti Shop,40.6759145,-73.8153769,restaurant,Queens
node/13125705615,Loft Bar @ 17,40.7489154,-73.8444106,bar,Queens
node/13141172102,TAI ER SICHUAN CUISINE,40.7601859,-73.8337113,restaurant,Queens
node/13142395237,Kalye Thai,40.7433181,-73.888585,restaurant,Queens
node/13142395245,Wasabi Point,40.7433886,-73.8881565,restaurant,Queens
node/13142395252,Hug Esan,40.7435246,-73.8873499,restaurant,Queens
node/13153831804,Yuan Yang Dessert 鸳鸯糖水铺,40.759814,-73.8326223,restaurant,Queens
node/13164192983,Sal y Lima,40.5872136,-73.8138571,restaurant,Queens
node/13233576501,Taste Good Malaysian Cuisine,40.7415722,-73.8822778,restaurant,Queens
node/13233579801,Tea Cup Cafe,40.7436514,-73.8881706,restaurant,Queens
node/13239434318,Apna Pind,40.6930295,-73.8160034,restaurant,Queens
node/13239438862,Nails West,40.6917297,-73.820391,restaurant,Queens
node/13260870502,Zest Lounge,40.6911842,-73.8212035,nightclub,Queens
node/13270391834,Port Royal Restaurant & Bakery,40.6867618,-73.7939035,restaurant,Queens
node/13286214049,Laliguras Bistro,40.7473643,-73.8894912,restaurant,Queens
node/13298372676,The Hibiscus,40.6912176,-73.8210862,restaurant,Queens
node/13298690856,Toxic Ultra Lounge,40.6876013,-73.8210056,nightclub,Queens
node/13300264666,,40.7585603,-73.8302173,restaurant,Queens
node/13370753397,Namaste,40.6747085,-73.80702,restaurant,Queens
node/13370753398,Comfort Inn,40.66537,-73.8074754,hotel,Queens
node/13381578346,IHOP,40.7500821,-73.8701586,restaurant,Queens
node/13381611134,,40.7476538,-73.8686847,restaurant,Queens
node/13386945794,Metro Star,40.7582759,-73.8742879,restaurant,Queens
node/13386945796,Las Quesadillas del Tio,40.7582317,-73.874247,restaurant,Queens
node/13386945798,La Tamaleria,40.7580165,-73.874143,restaurant,Queens
node/13386975418,El Rincon Guayaquileño,40.7563039,-73.8732083,restaurant,Queens
node/13386975449,,40.7528658,-73.8717354,restaurant,Queens
node/13386975471,Dulce Pecado,40.75279,-73.8713227,restaurant,Queens
node/13387059716,,40.75102,-73.8703394,restaurant,Queens
node/13387059741,Vanilla Cafe,40.7494345,-73.8697671,restaurant,Queens
node/13393145930,GT Rice Bowl,40.6858013,-73.8282371,restaurant,Queens
node/13393200449,La Cocinita II,40.6916266,-73.8124961,restaurant,Queens
node/13393200450,The Ranch Restaurant & Bar,40.6915904,-73.8126459,restaurant,Queens
node/13395389019,India Cafe,40.6936632,-73.8279677,restaurant,Queens
node/13414614111,Nanking,40.6747311,-73.8039234,restaurant,Queens
node/13430873650,Elegante,40.5863272,-73.8154984,restaurant,Queens
node/13472554659,LaGuardia Cafe,40.7683073,-73.8732043,restaurant,Queens
node/13507568601,Khampa Kitchen Inn,40.747142,-73.8898073,restaurant,Queens
node/13665440801,Fish With You,40.7587601,-73.8306471,restaurant,Queens
node/13665579001,Eight Jane Food,40.7611187,-73.8310824,restaurant,Queens
node/13720190469,Korean  Lounge,40.643405,-73.7909749,restaurant,Queens
node/13720646818,Primeclass Lounge,40.641504,-73.7926816,restaurant,Queens
node/13720690663,VIP ONE,40.6427886,-73.7901769,restaurant,Queens
node/13720789048,Soy & Sake,40.6422391,-73.791496,restaurant,Queens
node/13722533250,Air Bar,40.6990584,-73.8076032,bar,Queens
node/13724202001,Hainan,40.7606906,-73.8038127,restaurant,Queens
node/13776450188,El Palo Bar,40.751053,-73.8624365,bar,Queens
node/13776834281,Noodle Lab,40.7733497,-73.7957952,restaurant,Queens
node/13783356162,,40.7734523,-73.7960693,restaurant,Queens
node/13783356165,Inca Paisa,40.7734259,-73.7960102,restaurant,Queens
way/247979157,,40.7824394,-73.7164685,restaurant,Queens
way/247979630,Inn At Great Neck,40.7863567,-73.7290918,hotel,Queens
way/248172644,IHOP,40.7115352,-73.7915464,restaurant,Queens
way/248173061,Lynx Restaurant,40.6942697,-73.8020719,bar,Queens
way/248266658,Annam Brahma,40.7128152,-73.8011838,restaurant,Queens
way/248547990,Paramount Inn,40.728001,-73.7080198,hotel,Queens
way/248594811,Hotel Pergola,40.708691,-73.7769363,hotel,Queens
way/250587177,BQE Billiards and Bar,40.752165,-73.8958282,pub,Queens
way/250587292,Jax Inn Diner,40.7544155,-73.8939497,restaurant,Queens
way/250587790,Central Station Bar,40.7477604,-73.8846796,bar,Queens
way/250587810,Pollos a la Brasa Mario,40.7477521,-73.8847508,restaurant,Queens
way/250587865,Terraza 7,40.7475083,-73.8820151,bar,Queens
way/250660262,Truth Restaurant & Lounge,40.6764735,-73.7407631,restaurant,Queens
way/280388172,SriPraPhai,40.7464941,-73.899213,restaurant,Queens
way/280400647,Dera,40.7477257,-73.8934828,restaurant,Queens
way/281391733,Star Light,40.7650585,-73.8888353,restaurant,Queens
way/281393825,Courtyard Marriott,40.7691456,-73.8794639,hotel,Queens
way/281396293,Buccaneers Diner,40.7634379,-73.8761485,restaurant,Queens
way/281398264,Aloft New York LaGuardia Airport,40.7703534,-73.8699192,hotel,Queens
way/281406425,Hampton Inn LaGuardia,40.7679961,-73.8678017,hotel,Queens
way/281406917,LaGuardia Plaza Hotel,40.767044,-73.8669063,hotel,Queens
way/281406918,New York LaGuardia Airport Marriott,40.7690069,-73.8676085,hotel,Queens
way/281407245,World's Fair Marina Restaurant,40.7611837,-73.8577187,restaurant,Queens
way/282253197,,40.6894612,-73.8260858,restaurant,Queens
way/282328877,Punjabi Kabab House,40.6944784,-73.8285054,restaurant,Queens
way/282406808,DoubleTree,40.6673323,-73.7985953,hotel,Queens
way/282895930,El Sol De Mexico,40.6981465,-73.8059963,restaurant,Queens
way/282895931,G's Homestyle Cooking,40.6980679,-73.8065367,restaurant,Queens
way/282896320,Holiday Inn,40.6966735,-73.8056544,hotel,Queens
way/282896349,Maxie's Luncheonette,40.6981682,-73.8065984,restaurant,Queens
way/282896354,Sangria,40.6974544,-73.8055789,bar,Queens
way/282932413,Sleep Inn,40.6689462,-73.7815509,hotel,Queens
way/282947718,,40.6397295,-73.7432978,hotel,Queens
way/282947747,Bayhouse,40.637274,-73.7449912,restaurant,Queens
way/282953809,G's Restaurant,40.6648698,-73.7361796,restaurant,Queens
way/282957113,Golden Crust,40.6672281,-73.737447,restaurant,Queens
way/283041682,Springfield Diner,40.681112,-73.7640684,restaurant,Queens
way/283043344,Bar & Lounge,40.6819054,-73.7667293,bar,Queens
way/283131561,Silver Spoon Restaurant & Jerk Center,40.7073956,-73.7497289,restaurant,Queens
way/283161965,Ramada,40.7089793,-73.797404,hotel,Queens
way/283167066,Blue Bird Inn,40.6978502,-73.8100297,hotel,Queens
way/283172382,Wingate by Wyndham,40.6996128,-73.8113666,hotel,Queens
way/283175498,El Rinconcito de los Sabores,40.7030527,-73.811984,restaurant,Queens
way/283175515,Springhill Suites,40.7031936,-73.8144408,hotel,Queens
way/283175913,Lexington Inn,40.7027135,-73.8152716,hotel,Queens
way/283176101,Best Western Jamaica Inn,40.7059091,-73.8173204,hotel,Queens
way/283253997,Denny's,40.7329338,-73.7340106,restaurant,Queens
way/284427480,Anchor Inn,40.7604829,-73.7661884,hotel,Queens
way/284429392,Cue Bar,40.7597158,-73.7694093,bar,Queens
way/284434923,BCD Tofu House,40.7616804,-73.7617197,restaurant,Queens
way/284434944,Adria Hotel & Conference Center,40.7620236,-73.7599266,hotel,Queens
way/284442203,Neptune Diner,40.7688098,-73.7732502,restaurant,Queens
way/284460176,,40.7575211,-73.7828479,restaurant,Queens
way/284468792,Courtyard By Marriott,40.7402922,-73.7908441,hotel,Queens
way/284468793,Fairfield Inn & Suites By Marriott,40.7404266,-73.7902471,hotel,Queens
way/284488848,El Gauchito,40.7390561,-73.8097888,restaurant,Queens
way/284526689,Hahm Ji Bach,40.763111,-73.8148927,restaurant,Queens
way/284534055,Hong Kong Gourmet,40.7644894,-73.8225068,restaurant,Queens
way/284544678,Vivo Mediterranean grill,40.7866248,-73.7923283,restaurant,Queens
way/284556100,,40.7652698,-73.8201962,restaurant,Queens
way/284615823,Phil & Sons,40.745611,-73.8257,restaurant,Queens
way/284615825,Jin Ding Xuan,40.7454979,-73.8256777,restaurant,Queens
way/284617274,Hotel Key,40.7653803,-73.8316781,hotel,Queens
way/284617355,Crown One,40.7657566,-73.8316779,restaurant,Queens
way/284620903,Flushing Central Hotel,40.7607008,-73.8315785,hotel,Queens
way/284620925,DunHuang Lanzhou Beef Noodle,40.7619367,-73.8303626,restaurant,Queens
way/284620942,Happy Lamb Hot Pot,40.7622707,-73.8290086,restaurant,Queens
way/284620964,The One Boutique Hotel,40.7634886,-73.8284213,hotel,Queens
way/284624373,Sky Hotel,40.7607692,-73.8336667,hotel,Queens
way/284624514,44 South Village,40.7599668,-73.8327041,restaurant,Queens
way/284624556,Sheraton,40.7595753,-73.8314735,hotel,Queens
way/284629952,Soho KTV & Bar,40.7676817,-73.8328764,nightclub,Queens
way/284637857,,40.7798452,-73.7670945,restaurant,Queens
way/284637873,,40.7797494,-73.7670325,restaurant,Queens
way/284638453,Erin’s Isle Restaurant,40.7869868,-73.8075495,restaurant,Queens
way/284650010,Buffalo Wild Wings,40.7821347,-73.8337633,restaurant,Queens
way/284668161,Little Pepper,40.7824527,-73.8461135,restaurant,Queens
way/284670468,A.R.'s Tavern,40.7845887,-73.8455929,bar,Queens
way/284677644,Tortilleria Nixtamal,40.7459353,-73.8593107,restaurant,Queens
way/284859625,Grey Goose Bar,40.7501417,-73.8455683,bar,Queens
way/284907450,,40.6661326,-73.78452,hotel,Queens
way/285041556,Rockaway Brewing Company,40.5930317,-73.8010455,bar,Queens
way/285067418,Rockaway Beach Surf Club,40.5887973,-73.8121151,bar,Queens
way/451750962,Sherwood Diner,40.6253816,-73.7363256,restaurant,Queens
way/452902540,Red Lobster,40.6650942,-73.7222329,restaurant,Queens
way/554198873,Bagel Mench,40.7928701,-73.7330846,restaurant,Queens
way/556375067,Gino's of Manhasset,40.7991803,-73.7001807,restaurant,Queens
way/557206023,Olive Garden,40.6651028,-73.7226812,restaurant,Queens
way/563703949,Antonino's Italian Restaurant,40.7872563,-73.7062611,restaurant,Queens
way/563706964,Morton's The Steakhouse,40.7840994,-73.7131206,restaurant,Queens
way/572750582,Yummy Chinese,40.7998219,-73.7337716,restaurant,Queens
way/576925925,l,40.7701348,-73.8693096,hotel,Queens
way/590261588,,40.7255799,-73.7042429,restaurant,Queens
way/591666997,Publicans,40.8000026,-73.7009509,restaurant,Queens
way/603563965,Quality Inn,40.6875546,-73.7844155,hotel,Queens
way/608165971,Buffalo Wild Wings,40.6624772,-73.7256139,restaurant,Queens
way/609095288,Applebee's,40.7078173,-73.7033843,restaurant,Queens
way/609633170,Moonstone,40.7729281,-73.7331659,restaurant,Queens
way/613196543,Peter Luger Steak House,40.7773441,-73.727583,restaurant,Queens
way/613196598,Masago,40.7798721,-73.7320204,restaurant,Queens
way/613224970,Travelodge by Wyndham Manhasset,40.7914488,-73.7025363,hotel,Queens
way/613225090,Orlando's Deli,40.7975733,-73.6999232,restaurant,Queens
way/613233227,Soku Asian Fusion,40.7874656,-73.7286509,restaurant,Queens
way/613239350,Gino's of Great Neck,40.7882064,-73.7294672,restaurant,Queens
way/613550561,The Andrew Hotel,40.7882144,-73.725278,hotel,Queens
way/662673616,Chandni Restaurant,40.6923235,-73.7187357,restaurant,Queens
way/666529232,Pretty Toni's Cafe,40.6732261,-73.7238307,restaurant,Queens
way/681339852,Wyndham Garden Fresh Meadows,40.7393959,-73.7877321,hotel,Queens
way/682458822,Das Biergarten,40.5857786,-73.7033852,restaurant,Queens
way/766219012,Marriott New York JFK Airport,40.6673138,-73.7966644,hotel,Queens
way/908226049,Plaza Eatery,40.7872436,-73.7265393,restaurant,Queens
way/956513438,La Quinta Inn & Suites Far Rockaway,40.5934011,-73.7751538,hotel,Queens
way/1041407124,Sleep Inn & Suites,40.6923067,-73.8088952,hotel,Queens
way/1071155360,,40.7569229,-73.8341757,hotel,Queens
way/1204493730,Moët & Chandon Bar,40.7495898,-73.8458493,bar,Queens
way/1204493737,Baseline Cocktails,40.7488498,-73.8467447,bar,Queens
way/1204493738,Baseline Cocktails,40.7490247,-73.8462329,bar,Queens
way/1281320337,The Westin,40.7641029,-73.8293233,hotel,Queens
node/1419742050,Alvin & Friends,40.9089085,-73.7825931,restaurant,Bronx
node/1419742051,La Herruda,40.9078051,-73.7835511,restaurant,Bronx
node/1419742719,Fratellii Pizzaria,40.914324,-73.7734231,restaurant,Bronx
node/1419742722,Fratelli's,40.9148591,-73.7725433,restaurant,Bronx
node/1419743463,Spadaro's,40.9154753,-73.7714275,restaurant,Bronx
node/1482256504,Bronx Alehouse,40.8846724,-73.8997046,pub,Bronx
node/2027166578,Riverdale Steak House,40.9067078,-73.9038786,restaurant,Bronx
node/2027166857,Greentree,40.9067767,-73.9043507,restaurant,Bronx
node/2039276430,Madisons,40.9065092,-73.9039566,bar,Bronx
node/2139739421,Pizza Hut,40.9129299,-73.776448,restaurant,Bronx
node/2302043647,Applebee's,40.8743152,-73.9096457,restaurant,Bronx
node/2526675255,Golden Krust,40.8885501,-73.8311007,restaurant,Bronx
node/2527349400,Kennedy Fried Chicken,40.8884461,-73.8311447,restaurant,Bronx
node/2527363594,Xinglung Best Chinese Food Eat-in and Takeout,40.8890337,-73.8311259,restaurant,Bronx
node/2527374847,Royal Caribbean Bakery and Restaurant,40.8888291,-73.8314984,restaurant,Bronx
node/2806937486,Mike's deli,40.8543,-73.888464,restaurant,Bronx
node/2806937491,Antonio's Trattoria,40.8541712,-73.8866614,restaurant,Bronx
node/2807070387,Zero Otto Nove,40.8547264,-73.8884476,restaurant,Bronx
node/2809731014,Wai Kang Kitchen,40.872681,-73.888214,restaurant,Bronx
node/2809938588,El Club Valle Restaurant and Bar,40.8786163,-73.8727634,restaurant,Bronx
node/2810061605,El Valle Restaurant,40.882664,-73.8815547,restaurant,Bronx
node/2810072656,Buffalo Wild Wings,40.8842123,-73.8994722,restaurant,Bronx
node/2810080141,Game Day,40.8834265,-73.9018467,pub,Bronx
node/2810135720,New Kam Sheng,40.8871901,-73.9052704,restaurant,Bronx
node/2810140778,Rolen Bagels,40.8866503,-73.9072467,restaurant,Bronx
node/2810140790,Greek Express,40.8875229,-73.9074378,restaurant,Bronx
node/2811038819,Tin Marin Tapas Bar,40.8870458,-73.9068857,restaurant,Bronx
node/2811144748,Claudy's Kitchen,40.8898568,-73.8984801,restaurant,Bronx
node/2811329280,Chen‘s New China,40.9053108,-73.9009399,restaurant,Bronx
node/2822900925,John Mulligan's Fireside Pub,40.8977078,-73.8669169,bar,Bronx
node/2822900942,The Curry Spot,40.8977468,-73.8670575,restaurant,Bronx
node/2822900947,Rambling House,40.8984333,-73.8670731,bar,Bronx
node/2822900958,The Kitchen,40.8997639,-73.8674171,restaurant,Bronx
node/2822900960,Linda's Pizza,40.8999032,-73.8674577,restaurant,Bronx
node/2822914755,Katonah Pizza & Pasta,40.8987803,-73.8675836,restaurant,Bronx
node/2822935102,The Avenue,40.9004539,-73.8675262,bar,Bronx
node/2822935110,Patrizia's of Woodlawn,40.9005904,-73.8675456,restaurant,Bronx
node/2857006237,G&R Italian Deli,40.8530309,-73.8532661,restaurant,Bronx
node/2858129052,Taqueria Tlaxcalli,40.8362142,-73.8548784,restaurant,Bronx
node/2858129053,Al-Aqsa Restaurant,40.8362198,-73.8548253,restaurant,Bronx
node/2858129055,Lava Rock Kitchen,40.8362713,-73.8543663,restaurant,Bronx
node/2858208155,Khalil Biryani House,40.8354677,-73.855593,restaurant,Bronx
node/2858208168,Khalil Halal Chinese,40.8354816,-73.8558996,restaurant,Bronx
node/2858208170,Zaitoon Kitchen,40.8355162,-73.8557519,restaurant,Bronx
node/2858524287,The South of France,40.8317593,-73.8662037,restaurant,Bronx
node/2858589291,I Love NY Pizza,40.8326368,-73.8696241,restaurant,Bronx
node/2885351840,The Original Crab Shanty,40.8486462,-73.7871835,restaurant,Bronx
node/3136825389,Dominick's,40.8542838,-73.8889188,restaurant,Bronx
node/3136827630,Enzo's,40.8543913,-73.8888678,restaurant,Bronx
node/3136843479,Roberto's,40.8537396,-73.8884134,restaurant,Bronx
node/3822448401,Residence Inn The Bronx,40.8499662,-73.8425161,hotel,Bronx
node/3987520529,Modern Restaurant & Lounge,40.9089094,-73.7842226,restaurant,Bronx
node/4305351600,Porlofino,40.8533837,-73.7902721,restaurant,Bronx
node/4305351601,The Black Whale,40.8463428,-73.7863698,restaurant,Bronx
node/4305351602,The Snug,40.8471694,-73.7862558,restaurant,Bronx
node/4860241128,Gun Hill Brewing Company,40.8721114,-73.855814,bar,Bronx
node/5160036890,City Island Diner,40.8471948,-73.7862102,restaurant,Bronx
node/5161790700,Casablanca Pizzeria,40.8462943,-73.8195673,restaurant,Bronx
node/5161793928,Bases Loaded Sports Bar,40.8472515,-73.8322691,bar,Bronx
node/5167114895,Pancho's,40.8305653,-73.8568639,restaurant,Bronx
node/5167116754,D'Angelos,40.8305299,-73.8568608,restaurant,Bronx
node/5172756093,El Chicanito,40.8281638,-73.8808465,bar,Bronx
node/5172757288,Tropicana,40.8283426,-73.8872699,nightclub,Bronx
node/5172763216,Pabellon,40.8286934,-73.8799858,restaurant,Bronx
node/5172802376,New Ranch Restaurant,40.8296088,-73.8747954,restaurant,Bronx
node/5175564219,Allerton Restaurant,40.8653349,-73.864603,restaurant,Bronx
node/5175572626,Bella Napoli,40.8656432,-73.864603,restaurant,Bronx
node/5175572920,Al's Famous Pizza & Restaurant,40.8653395,-73.8640998,restaurant,Bronx
node/5175573431,Smile Restaurant,40.8653026,-73.8642296,restaurant,Bronx
node/5175573436,Roma Pizzeria,40.8656107,-73.8657939,restaurant,Bronx
node/5175575938,Burger Time,40.8491857,-73.8534765,restaurant,Bronx
node/5175580260,La Masa Restaurant,40.8480249,-73.8560607,restaurant,Bronx
node/5175580524,Doyle's Pub,40.8483835,-73.855194,bar,Bronx
node/5175581743,Patricia's,40.849222,-73.8533892,restaurant,Bronx
node/5179157096,Cozy Cottage Restaurant,40.8862924,-73.8276151,restaurant,Bronx
node/5179174467,Top of the Hill Cuisine,40.8783966,-73.8617921,restaurant,Bronx
node/5190572753,Dyre Avenue Diner,40.8880166,-73.831509,restaurant,Bronx
node/5190598700,Peppinos Pizza,40.9036515,-73.850408,restaurant,Bronx
node/5197666543,National Diner,40.8397792,-73.8427825,restaurant,Bronx
node/5197666544,George's Diner,40.8367873,-73.8469437,restaurant,Bronx
node/5244311231,Knuckleheads Tavern,40.8911635,-73.8172028,bar,Bronx
node/5244754921,Surf Club On The Sound,40.89795,-73.7709455,restaurant,Bronx
node/5282139104,Caridad,40.8658252,-73.8377489,restaurant,Bronx
node/5449752321,Trattoria Tra di Noi,40.8550415,-73.8867958,restaurant,Bronx
node/5546401113,Ricuras,40.8262641,-73.8759542,restaurant,Bronx
node/5546403986,El Molcajete,40.8283982,-73.8796414,restaurant,Bronx
node/5546424157,Princesa del Rodeo,40.8281945,-73.8801691,nightclub,Bronx
node/5548929240,Taco Grande,40.8312773,-73.8673051,restaurant,Bronx
node/5548932613,Sabrosura,40.8318428,-73.8658228,restaurant,Bronx
node/5548933243,John's Diner,40.8315734,-73.8668561,restaurant,Bronx
node/5548936922,Las Camelias,40.8317674,-73.8660854,restaurant,Bronx
node/5548939363,Pupuseria,40.8320459,-73.8650574,restaurant,Bronx
node/5548939364,Willie's Steak House,40.8321314,-73.8649234,restaurant,Bronx
node/5548939368,Olivia's,40.8324288,-73.8637791,restaurant,Bronx
node/5548940650,Circle Pizza & Restaurant,40.8324988,-73.8609874,restaurant,Bronx
node/5548942685,Joe's Place,40.8325962,-73.8643992,restaurant,Bronx
node/5548947821,New Yankee Pizza,40.8292841,-73.874774,restaurant,Bronx
node/5552405045,El Sazon de Olga,40.8281963,-73.8503766,restaurant,Bronx
node/5552547728,Great Wall Restaurant,40.8308376,-73.8572449,restaurant,Bronx
node/5552549132,IHOP,40.8266138,-73.8601234,restaurant,Bronx
node/5552550505,Cross Bronx Pizza,40.830036,-73.8507904,restaurant,Bronx
node/5552553580,Havana Cafe,40.8330427,-73.8515139,restaurant,Bronx
node/5560507954,Agra Grill,40.8846426,-73.8624358,restaurant,Bronx
node/5564029393,Nicky's Cafe,40.8748678,-73.8792801,restaurant,Bronx
node/5565386330,Lechonera Pollo Sabroso Del Valle,40.8371728,-73.8875453,restaurant,Bronx
node/5565399354,Luke's Pizza,40.8293483,-73.8916821,restaurant,Bronx
node/5580259894,Mama Dora Bar and Lounge,40.8669949,-73.8966608,bar,Bronx
node/5598585875,Majestic Restaurant,40.8541203,-73.8839149,restaurant,Bronx
node/5646335909,New Capital,40.867372,-73.8977509,restaurant,Bronx
node/5717485522,Honeys Thai Pavilion,40.8477394,-73.8311446,restaurant,Bronx
node/5717504879,Giovanni,40.8518557,-73.82982,restaurant,Bronx
node/5717511137,Lee Xing Restaurant,40.8518232,-73.8298862,restaurant,Bronx
node/5811534680,,40.8434556,-73.7852491,bar,Bronx
node/5811536128,Man Overboard,40.8453387,-73.7859574,bar,Bronx
node/5978792110,Dawney’s,40.9051507,-73.8976181,restaurant,Bronx
node/5980421234,Paddy's on the Island,40.8468203,-73.7861673,bar,Bronx
node/5980423635,Bistro SK,40.8462258,-73.7862878,restaurant,Bronx
node/6056356311,Behan's Public House,40.8985695,-73.8675528,bar,Bronx
node/6086150587,Michaelangelo's Little Italy,40.8573174,-73.8862534,restaurant,Bronx
node/6086150588,Mugzs,40.8572244,-73.8859802,bar,Bronx
node/6086190144,Howl at the Moon,40.8576278,-73.8862622,restaurant,Bronx
node/6086190145,Clinton Hall,40.8573556,-73.8857346,restaurant,Bronx
node/6088917224,Nike's Pizzeria,40.8569904,-73.8850148,restaurant,Bronx
node/6439808288,No. 8 Chinese Restaurant,40.8585241,-73.8681704,restaurant,Bronx
node/6439808290,Thwiates Place Pelham Pizza,40.8585676,-73.8682727,restaurant,Bronx
node/6439808292,Steven Restaurant,40.8584939,-73.8680873,restaurant,Bronx
node/6782390725,Louie & Ernie's Pizza,40.8382468,-73.8286557,restaurant,Bronx
node/7244071486,Frankie's,40.8548753,-73.8879767,restaurant,Bronx
node/7278453889,Pizza King,40.9128883,-73.8374526,restaurant,Bronx
node/7314177623,Capri II Pizza & Pasta,40.8763649,-73.8297664,restaurant,Bronx
node/7367841648,First Wok,40.9162228,-73.9016374,restaurant,Bronx
node/7368252565,Gino's Pizzeria,40.9183835,-73.8966427,restaurant,Bronx
node/7426797566,Tremont East Diner,40.8402469,-73.8371913,restaurant,Bronx
node/7505992410,Section 5 pizza,40.8644817,-73.8224082,restaurant,Bronx
node/7505992420,Dave & Buster's,40.892206,-73.8204425,restaurant,Bronx
node/8568936779,Fiesta Cafe Bar,40.8571467,-73.8909103,restaurant,Bronx
node/8600440407,Dubrovnik Restaurant,40.9035622,-73.78914,restaurant,Bronx
node/8600512808,Istanbul Cafe,40.8474996,-73.86741,nightclub,Bronx
node/8603725551,Tzatziki Greek Grill,40.9144116,-73.7732246,restaurant,Bronx
node/8641790522,Goodfellas Pizza,40.8870277,-73.9043675,restaurant,Bronx
node/8641820982,Salvatore's of SoHo,40.8876317,-73.9070441,restaurant,Bronx
node/8641824446,Moon Thai Kitchen,40.887099,-73.9047278,restaurant,Bronx
node/8641824447,A Taste of the Palace,40.8870848,-73.9046639,restaurant,Bronx
node/8641884271,Tiny's Diner,40.886717,-73.9072651,restaurant,Bronx
node/8641884274,Cocina Chente,40.8861718,-73.9071806,restaurant,Bronx
node/8641884277,The Hill Bistro,40.8863151,-73.9072003,restaurant,Bronx
node/8805861006,Lawton Street Tavern,40.9104831,-73.7825625,restaurant,Bronx
node/8805920182,Gourmet Express,40.8904436,-73.8175888,restaurant,Bronx
node/9181825422,Pearl of China,40.8433524,-73.8355334,restaurant,Bronx
node/9240344121,Dream Station,40.8839147,-73.8628499,restaurant,Bronx
node/9240344124,Shangerila,40.8472423,-73.832669,restaurant,Bronx
node/9240344130,Tana Thai,40.851478,-73.8438883,restaurant,Bronx
node/9240344138,Crab Island Cajun Seafood Express,40.8436286,-73.8309397,restaurant,Bronx
node/9247776001,George's Restaurant,40.8469642,-73.8320087,restaurant,Bronx
node/9247776002,Sushi Q,40.8442208,-73.8303493,restaurant,Bronx
node/9255865764,Applebee's,40.8228246,-73.8366726,restaurant,Bronx
node/9264338020,Rainbow Diner,40.8563115,-73.8678941,restaurant,Bronx
node/9270195197,Outback Steakhouse,40.8645159,-73.8284398,restaurant,Bronx
node/9270195205,Side By Side Pizza & Burek,40.8597238,-73.8647923,restaurant,Bronx
node/9275946633,EZ Grill NYC,40.8543289,-73.8641825,restaurant,Bronx
node/9275946634,Havana Cafe,40.8377828,-73.8343969,restaurant,Bronx
node/9283606288,Evo Lounge,40.8344526,-73.8536889,bar,Bronx
node/9287043741,Karibbean Krave,40.8413438,-73.8428982,restaurant,Bronx
node/9287045387,Applebee's,40.8661529,-73.8263899,restaurant,Bronx
node/9329754008,Golden Chef (Healthy Food),40.844945,-73.8306878,restaurant,Bronx
node/9380375711,Dallas BBQ,40.8679175,-73.8245939,restaurant,Bronx
node/9480684291,Cooler Runnings Jamaican,40.898174,-73.8502984,restaurant,Bronx
node/9672077425,Arties,40.8496284,-73.7871987,restaurant,Bronx
node/9941645052,Osaka Sushi,40.8491939,-73.8542254,restaurant,Bronx
node/9954880332,Pizza Hut,40.8337966,-73.8570495,restaurant,Bronx
node/10089662120,Papaye,40.8574166,-73.8995751,restaurant,Bronx
node/10090115005,Bobo’s Crab Shack,40.8608719,-73.8975859,restaurant,Bronx
node/10091975437,,40.8569623,-73.8998289,restaurant,Bronx
node/10095803497,Taqueria Los Angeles,40.8639143,-73.8956128,restaurant,Bronx
node/10095842128,,40.863512,-73.8967675,restaurant,Bronx
node/10098022468,Los Balbuenas,40.8591506,-73.898032,restaurant,Bronx
node/10114990223,,40.8616702,-73.8980786,restaurant,Bronx
node/10114990231,Delicia’s,40.8607936,-73.8984099,restaurant,Bronx
node/10117338804,Lulo’s,40.8568166,-73.8999065,restaurant,Bronx
node/10119327885,Applebee's,40.8600857,-73.8908527,restaurant,Bronx
node/10174403254,,40.8580902,-73.8963506,restaurant,Bronx
node/10174403256,,40.8547756,-73.8901454,restaurant,Bronx
node/10174403267,,40.8537777,-73.8882028,restaurant,Bronx
node/10174403298,,40.8573219,-73.8992957,restaurant,Bronx
node/10174403312,,40.8539086,-73.8876726,restaurant,Bronx
node/10632952972,La Masa Restaurant,40.8427868,-73.8491612,restaurant,Bronx
node/10726836515,Ajo & Orégano Restaurant,40.8539106,-73.887582,restaurant,Bronx
node/10781205794,Marisco Centro Seafood Steak Restaurant & Bar,40.8313492,-73.8507054,restaurant,Bronx
node/10908603308,Tasty Choice,40.8451466,-73.8656922,restaurant,Bronx
node/10908603309,Happy Garden,40.8451669,-73.8655896,restaurant,Bronx
node/10908603316,Azal Restaurant & Halal,40.8454573,-73.8658065,restaurant,Bronx
node/10908603323,Joy Garden,40.8453202,-73.8664717,restaurant,Bronx
node/10908603329,Golden Eagle II Diner,40.844994,-73.866443,restaurant,Bronx
node/10908603330,Happy Land Restaurant,40.8449748,-73.8665283,restaurant,Bronx
node/10908603340,Hemo Cafe,40.8447783,-73.8657555,restaurant,Bronx
node/10968547609,Pugsley Pizza,40.8588486,-73.8848384,restaurant,Bronx
node/11193692792,The Punch Bowl,40.8851442,-73.900355,restaurant,Bronx
node/11267212397,Roc N Ramen,40.9110834,-73.780906,restaurant,Bronx
node/11267212398,18th Ward Brewing,40.9091167,-73.7838246,pub,Bronx
node/11267212405,Shirley's India,40.90746,-73.7822221,restaurant,Bronx
node/11663319552,Days Inn,40.8779281,-73.8714695,hotel,Bronx
node/11769036134,Golden Eagle Diner,40.8479305,-73.8570287,restaurant,Bronx
node/11863256936,Just One Tavern,40.8978673,-73.8674783,bar,Bronx
node/11863319956,China Pavilion,40.8562686,-73.8437506,restaurant,Bronx
node/11867322633,The Heritage Bar & Restaurant,40.9032787,-73.8658865,restaurant,Bronx
node/11867330683,Irish Coffee Shop,40.9036259,-73.8665471,restaurant,Bronx
node/11867332330,McKeon's Bar and Restaurant,40.9029671,-73.8645078,bar,Bronx
node/11867332952,Keane's Bar & Restaurant,40.9000926,-73.8674776,bar,Bronx
node/11867334578,Moriarty's Bar & Restaurant,40.9030487,-73.8649183,bar,Bronx
node/11867334579,Dragon China,40.9032452,-73.8657417,restaurant,Bronx
node/11867335079,J.P. Clarke's Saloon,40.9033859,-73.866714,bar,Bronx
node/11867339509,Bento & Tea,40.9034371,-73.8661749,restaurant,Bronx
node/11867340953,Ned Devine's Saloon,40.9038098,-73.8667157,bar,Bronx
node/11867341454,Fagan's Ale House,40.9036627,-73.8666192,bar,Bronx
node/11987412608,Jimmy's Pizzeria,40.8242857,-73.8591828,restaurant,Bronx
node/12464782372,Step In,40.8338828,-73.8611089,restaurant,Bronx
node/12466211113,Mario's,40.8541774,-73.8885631,restaurant,Bronx
node/12466456809,Mr. Pizza,40.8362657,-73.8601542,restaurant,Bronx
node/12466456814,Ellie's Diner & Restaurant,40.8375976,-73.8600446,restaurant,Bronx
node/12494912610,Hook & Reel Cajun Seafood & Bar,40.8376395,-73.8607444,restaurant,Bronx
node/12541072392,Venice Pizzeria,40.836734,-73.8573987,restaurant,Bronx
node/12541128960,Khalil Biryani House,40.8354931,-73.8558372,restaurant,Bronx
node/12841107501,Noches De Columbia,40.8643442,-73.8280942,restaurant,Bronx
node/12905792867,,40.8564998,-73.8556811,restaurant,Bronx
node/13191668734,Dino's Pizzeria,40.9050744,-73.9014506,restaurant,Bronx
node/13286444017,Johnny's Pizzeria,40.9175511,-73.8394146,restaurant,Bronx
node/13376888738,Pine Restaurant,40.8487723,-73.8621553,restaurant,Bronx
node/13401939318,Sophia's Pizza & Pasta,40.9087204,-73.8750081,restaurant,Bronx
node/13401948877,Dia & Noche Restaurant,40.9092893,-73.8789094,restaurant,Bronx
node/13401948878,Tomo Japanese Cuisine,40.9092391,-73.8787828,restaurant,Bronx
node/13401948879,Eagle Thai Cuisine Mclean,40.9091565,-73.8793019,restaurant,Bronx
node/13401948888,John's Pizza,40.9088579,-73.8789554,restaurant,Bronx
node/13401948889,The Whistlin' Donkey,40.9088928,-73.8787223,pub,Bronx
node/13401948898,The Chipper Truck Cafe,40.9087573,-73.878215,restaurant,Bronx
node/13401948899,Durty Nellys,40.9087381,-73.8781399,pub,Bronx
node/13816385159,Fito,40.8648384,-73.928179,restaurant,Bronx
node/13816443478,Taquería Sinaloense,40.8746063,-73.9107473,restaurant,Bronx
node/13816463909,Grandpa's Brick Oven Pizza,40.8683401,-73.9195388,restaurant,Bronx
node/13816463910,Serrano Salsa,40.8683851,-73.9193891,restaurant,Bronx
node/13817897414,China Wang,40.8745754,-73.9106684,restaurant,Bronx
node/13824232381,Punta Agave,40.9195921,-73.8964915,restaurant,Bronx
way/276413925,Kingsbridge Social Club,40.8845852,-73.9020026,restaurant,Bronx
way/276420442,Tibbets,40.8804047,-73.909029,restaurant,Bronx
way/276512437,Van Cortlandt Park Golf Club House,40.8890918,-73.8923077,restaurant,Bronx
way/277848064,The Vine Hotel Bronx,40.8818344,-73.8644106,hotel,Bronx
way/281593288,Golden Krust Caribbean Restaurant,40.870287,-73.8452847,restaurant,Bronx
way/281604581,,40.8631357,-73.8338905,restaurant,Bronx
way/281604582,Chuck E. Cheese,40.8632586,-73.8332273,restaurant,Bronx
way/281604594,Pelham Bay Diner,40.8617991,-73.8310001,restaurant,Bronx
way/282112405,Paddys on the Bay,40.8101494,-73.8034881,restaurant,Bronx
way/282145147,,40.8427323,-73.8298434,restaurant,Bronx
way/282145400,,40.8450229,-73.8306141,restaurant,Bronx
way/282150346,,40.846872,-73.8318848,restaurant,Bronx
way/282159640,,40.8458383,-73.8317598,restaurant,Bronx
way/284820790,Ramada,40.8798696,-73.8314613,hotel,Bronx
way/284827695,City Island Lobster House,40.856841,-73.7913978,restaurant,Bronx
way/284827737,Seafood City,40.850966,-73.7896894,restaurant,Bronx
way/284831878,Tony's Pier Restaurant,40.8374731,-73.7831229,restaurant,Bronx
way/284831998,Johnny's Reef Restaurant,40.8377204,-73.7826625,restaurant,Bronx
way/284835771,Hudson Garden Grill,40.8654425,-73.8815034,restaurant,Bronx
way/327349016,Radisson Hotel New Rochelle,40.9139125,-73.7778257,hotel,Bronx
way/788093643,New World,40.9182988,-73.8962858,restaurant,Bronx
way/853366926,Remi's Delicatessen,40.8991342,-73.7984567,restaurant,Bronx
way/853366927,New Rochelle Diner,40.9009071,-73.7930664,restaurant,Bronx
way/884463808,Rockwells,40.9096341,-73.8109988,restaurant,Bronx
way/884485697,La Fontanella,40.909309,-73.8111418,restaurant,Bronx
way/884571088,Marcello's Wood Fired Pizza & Restaurant,40.9117303,-73.8097022,restaurant,Bronx
way/884907339,Caffe Regatta,40.9086246,-73.81137,restaurant,Bronx
way/884907352,Cantina Lobos,40.9065458,-73.8116403,restaurant,Bronx
way/884907355,Pelham Palace,40.9063538,-73.8118607,restaurant,Bronx
way/884907356,Villaggio,40.9061531,-73.8119065,restaurant,Bronx
way/885642702,Pelham Pizza & Ristorante,40.9127396,-73.8092297,restaurant,Bronx
way/885642709,The Public House Sports Bar,40.9135157,-73.8088405,bar,Bronx
way/887922623,Bangkok City,40.9123236,-73.8089359,restaurant,Bronx
way/887922626,Go Greek,40.912459,-73.8088698,restaurant,Bronx
way/887922631,Sakura Sushi,40.9128284,-73.8086814,restaurant,Bronx
way/887926857,The Pelham Cafe,40.913214,-73.8084618,restaurant,Bronx
way/887926858,Macelleria Italian Steakhouse,40.9132744,-73.8084329,restaurant,Bronx
way/1014047250,Delano Hall,40.810934,-73.7621985,restaurant,Bronx
way/1216061950,Residence Inn,40.9119096,-73.7806676,hotel,Bronx
node/411504676,Angelina's,40.5134027,-74.2513558,restaurant,Staten Island
node/418524116,Talay Thai Restaurant,40.6424804,-74.0766747,restaurant,Staten Island
node/702331964,Blue,40.6453855,-74.1077517,restaurant,Staten Island
node/1708709547,Woodrow Diner,40.5428962,-74.2066515,restaurant,Staten Island
node/1708713022,Goodfella's Pizzeria,40.5425935,-74.206185,restaurant,Staten Island
node/1708724065,Sunset Pizza Restaurant,40.5427501,-74.2077902,restaurant,Staten Island
node/1708725500,Islander Taste Chinese Restaurant,40.5427805,-74.2076903,restaurant,Staten Island
node/1708727865,Pio Hot Bagels,40.5429054,-74.2067533,restaurant,Staten Island
node/2384399614,IHOP,40.6244395,-74.1483008,restaurant,Staten Island
node/2473702737,New Asha Sri Lanka Restaurant,40.6341969,-74.0853708,restaurant,Staten Island
node/2494097248,Rosebank Pizza,40.6100761,-74.063346,restaurant,Staten Island
node/2494097270,Bay Street Tavern,40.6098033,-74.0631364,bar,Staten Island
node/2494344430,Enoteca Maria,40.6419968,-74.077292,restaurant,Staten Island
node/2494344468,Steiny's Pub,40.64226,-74.0767015,bar,Staten Island
node/2494344782,Mandi House,40.6441909,-74.0770534,restaurant,Staten Island
node/2494344981,A & S Pizza,40.6439865,-74.0775895,restaurant,Staten Island
node/2495737087,San Judas Deli Grocery,40.6382766,-74.0795189,restaurant,Staten Island
node/2515565337,Duffy's,40.6296482,-74.1107923,restaurant,Staten Island
node/2523856227,Yaho Sushi,40.5231435,-74.2345148,restaurant,Staten Island
node/2526690073,Sushi Wen,40.6346276,-74.1108874,restaurant,Staten Island
node/2527472299,The Point Tavern,40.6288499,-74.1189678,pub,Staten Island
node/2541393247,La Bella Pizza,40.6258751,-74.1374717,restaurant,Staten Island
node/2542063535,Cast Iron Pot,40.6242838,-74.1483367,restaurant,Staten Island
node/2545431422,Peking Taste,40.5531773,-74.1925195,restaurant,Staten Island
node/2546100344,Taverna Seabass,40.5709279,-74.1103273,restaurant,Staten Island
node/2551122852,La Iguana Azul,40.5510221,-74.1503507,restaurant,Staten Island
node/2551462177,Il Sogno,40.5412672,-74.1784052,restaurant,Staten Island
node/2551542884,Salvatore & Lloyd's Pizza Place,40.5439234,-74.1651355,restaurant,Staten Island
node/2551542937,Ali Baba,40.5429798,-74.1655303,restaurant,Staten Island
node/2570198566,Lakruwana,40.6257263,-74.0752406,restaurant,Staten Island
node/4150367722,Riva Mediterranean & Turkish Cuisine,40.5453709,-74.1594071,restaurant,Staten Island
node/4409229628,Sakana Sushi & Hibachi Steakhouse,40.5896808,-74.1014274,restaurant,Staten Island
node/4409340621,Richmond Hotel,40.6399473,-74.0762843,hotel,Staten Island
node/4412752830,Boardwalk Grill,40.5903529,-74.0651142,restaurant,Staten Island
node/4412763304,Seaside,40.5953104,-74.0630919,restaurant,Staten Island
node/4412820120,Toto's,40.5761334,-74.0828437,restaurant,Staten Island
node/4412952150,Violette's Cellar,40.5754715,-74.105047,restaurant,Staten Island
node/4456150910,Party Jam,40.539557,-74.2416138,bar,Staten Island
node/4521531942,Flagship Brewing Co.,40.637155,-74.0755547,bar,Staten Island
node/4586479689,Ciro Pizza Cafe,40.5333265,-74.1926589,restaurant,Staten Island
node/4747938224,The Veranda Cafe at Silver Lake Golf Course,40.6224172,-74.0978576,restaurant,Staten Island
node/5022683304,Pho Rainbow,40.5736264,-74.1165251,restaurant,Staten Island
node/5022683519,Cantina Mexicana,40.5736859,-74.1160555,restaurant,Staten Island
node/5031339480,Brioso Ristorante,40.5731281,-74.1150043,restaurant,Staten Island
node/5148699250,Buffalo Wild Wings,40.6120434,-74.1581793,restaurant,Staten Island
node/5148767289,La Piazza Pizzeria & Restaurant,40.6118549,-74.1576239,restaurant,Staten Island
node/5152965408,Bari's Pizza,40.6272543,-74.076155,restaurant,Staten Island
node/5152969390,Shaw-Nae's House,40.6286421,-74.0798708,restaurant,Staten Island
node/5152970104,Antojitos RD,40.6270831,-74.0757524,restaurant,Staten Island
node/5155817570,Yummy Machi,40.6262906,-74.1640564,restaurant,Staten Island
node/5192313921,Patrizia’s of Brooklyn,40.5472321,-74.158002,restaurant,Staten Island
node/5487655877,The Coupe,40.6288068,-74.0797227,bar,Staten Island
node/5526642147,Rossville Pizza,40.549344,-74.2211195,restaurant,Staten Island
node/5528044304,Funkey Monkey Lounge,40.6265219,-74.1301719,nightclub,Staten Island
node/5612758621,Noches de Colombia,40.6455008,-74.2129934,restaurant,Staten Island
node/5624326252,Bagel Bistro,40.6128191,-74.123728,restaurant,Staten Island
node/5760276225,The Hop Shoppe Restaurant & Bar,40.6291279,-74.0796842,restaurant,Staten Island
node/6030949985,Avocado Sushi,40.5226309,-74.2390001,restaurant,Staten Island
node/6120311930,Domenico’s Famous Ristorante & Cafe,40.5611899,-74.1358062,restaurant,Staten Island
node/6312109576,Sakai Ramen & Izakaya,40.6234021,-74.1477173,restaurant,Staten Island
node/6395035075,Cargo Cafe,40.6394493,-74.0758024,restaurant,Staten Island
node/6535000285,Flaming Grill & Buffet,40.6124569,-74.2541349,restaurant,Staten Island
node/6672978329,Empire Szechuan,40.5453968,-74.1618293,restaurant,Staten Island
node/6672978331,East Sushi,40.545487,-74.161634,restaurant,Staten Island
node/6672978332,Frank & Danny's,40.5454624,-74.1616843,restaurant,Staten Island
node/6672990193,Kingdom Cafe,40.544878,-74.1603072,restaurant,Staten Island
node/6672990197,Avocado Sushi,40.5450664,-74.1599493,restaurant,Staten Island
node/6678050878,Campania,40.5428532,-74.1640167,restaurant,Staten Island
node/6680114631,Richmond Republic,40.5444839,-74.1628155,restaurant,Staten Island
node/6680163693,Ohkami Ramen,40.5449609,-74.1653992,restaurant,Staten Island
node/6680163698,Sapori Ristorante,40.5451986,-74.165869,restaurant,Staten Island
node/6696044175,Ungaro Coal Fired Pizza Cafe,40.6262753,-74.1331166,restaurant,Staten Island
node/6699139859,The Square on Annadale,40.5414419,-74.1772278,restaurant,Staten Island
node/6699139861,Mona Lisa Pizzeria & Ristorante,40.5413238,-74.1769202,restaurant,Staten Island
node/6699676996,Ocean Sushi,40.5411553,-74.1783565,restaurant,Staten Island
node/6700617195,Pacific Kitchen,40.5476749,-74.1578191,restaurant,Staten Island
node/6702152660,Kiku,40.5443484,-74.1656609,restaurant,Staten Island
node/6703513808,Chopstick House,40.5326889,-74.1917866,restaurant,Staten Island
node/6704927960,Mike Jr.'s Diner,40.5417549,-74.1630991,restaurant,Staten Island
node/6734050685,Osfizio,40.5294661,-74.1616444,restaurant,Staten Island
node/6775260769,Ho Wok,40.5595428,-74.1644331,restaurant,Staten Island
node/6775487650,Teriyaki One,40.5596408,-74.1684049,restaurant,Staten Island
node/6776135932,Tomo Japanese Cuisine & Bar,40.5429064,-74.1656311,restaurant,Staten Island
node/7159841502,Kuzina,40.5327644,-74.1918282,restaurant,Staten Island
node/7278424832,Ho'Brah,40.6307523,-74.1031192,restaurant,Staten Island
node/7772046001,Waterside,40.5149526,-74.2488309,restaurant,Staten Island
node/7776323243,Towne Deli & Pizzeria,40.513459,-74.2480399,restaurant,Staten Island
node/7777154693,Nonna's Pizzeria,40.516773,-74.2331223,restaurant,Staten Island
node/7779481124,Villa Monte,40.5165995,-74.2344838,restaurant,Staten Island
node/7779481126,W's Bar and Grill,40.5165016,-74.2343694,restaurant,Staten Island
node/7779637973,Peking Taste,40.5175517,-74.2357351,restaurant,Staten Island
node/7779637984,Campania,40.5180762,-74.235426,restaurant,Staten Island
node/7779641486,Mizu Hibachi Steakhouse,40.51812,-74.2352119,restaurant,Staten Island
node/7781914558,Oishi,40.5239833,-74.2344093,restaurant,Staten Island
node/7781914561,Tutto Apposto,40.5236614,-74.2344803,restaurant,Staten Island
node/7781914565,Laila,40.5232417,-74.2344915,restaurant,Staten Island
node/7781914570,Page Plaza Diner,40.5224979,-74.2345875,restaurant,Staten Island
node/7781914573,Loon Chuan,40.5221745,-74.2346235,restaurant,Staten Island
node/7781914576,Palermo Pizzeria & Restaurant,40.5218659,-74.2346537,restaurant,Staten Island
node/7781943888,Serena Bistro,40.5219561,-74.2354937,restaurant,Staten Island
node/7781943892,Zio Totó,40.5222401,-74.2354654,restaurant,Staten Island
node/7788619721,Nucci's South Italian Restaurant,40.5241136,-74.238689,restaurant,Staten Island
node/7788619722,Aunt Butchie's of Brooklyn,40.5235787,-74.238575,restaurant,Staten Island
node/7788619749,Lava Restaurant & Lounge,40.5222178,-74.2391035,restaurant,Staten Island
node/7797500145,Misaki Sushi,40.542821,-74.2075572,restaurant,Staten Island
node/7797500151,EatItalian,40.5428868,-74.2072207,restaurant,Staten Island
node/7799768741,Il Forno Pizzeria,40.5221645,-74.2166231,restaurant,Staten Island
node/7799768751,Hot Shotz Sports Bar,40.5232456,-74.216306,bar,Staten Island
node/7799768757,Amici Pizza,40.5235918,-74.2160676,restaurant,Staten Island
node/7802242297,Cucumber Sushi & Salad Bar,40.5256749,-74.2018614,restaurant,Staten Island
node/7802242299,Domenico's Pizzeria,40.5257624,-74.2019168,restaurant,Staten Island
node/7802850792,Joyce's Tavern,40.54507,-74.1654476,pub,Staten Island
node/7804865681,Fratelli Pizzeria,40.5257207,-74.2007335,restaurant,Staten Island
node/7804865682,New Island Chinese Restaurant,40.5257597,-74.2006405,restaurant,Staten Island
node/7811227317,Dolce Fantasia,40.5269243,-74.2314671,restaurant,Staten Island
node/7811227322,Luce,40.5272504,-74.2319172,restaurant,Staten Island
node/7811227341,Z-Two,40.5273659,-74.2307924,restaurant,Staten Island
node/7821177573,Chuck E. Cheese,40.600075,-74.1930964,restaurant,Staten Island
node/7821236138,Applebee's,40.5300818,-74.2291373,restaurant,Staten Island
node/7821236141,Millie's of Staten Island,40.5308324,-74.2309451,restaurant,Staten Island
node/7927539457,Denino’s Pizzeria & Tavern,40.6301649,-74.1401634,restaurant,Staten Island
node/8253381588,Miller's Ale House,40.5750924,-74.169331,restaurant,Staten Island
node/8253381599,Jade Island,40.5758926,-74.1682931,restaurant,Staten Island
node/8259046783,Gino's Villa Monte Pizzeria & Restaurant,40.5760456,-74.1645843,restaurant,Staten Island
node/8262422493,Mr. Pizza,40.5911851,-74.1641543,restaurant,Staten Island
node/8262422501,Peking Taste,40.5907938,-74.1646909,restaurant,Staten Island
node/8263092679,Island Kitchen Chinese Restaurant,40.5901243,-74.1652328,restaurant,Staten Island
node/8263092686,Bario's Pizzeria,40.5897254,-74.1646715,restaurant,Staten Island
node/8263092688,Holy Schnitzel,40.5896716,-74.1644648,restaurant,Staten Island
node/8298283241,Giuseppe's Pizza,40.5456314,-74.1589248,restaurant,Staten Island
node/8333874047,New Choi Hee,40.6317721,-74.0762385,restaurant,Staten Island
node/8333874048,7 Days,40.6337955,-74.0760841,restaurant,Staten Island
node/8333874049,Tacos El Pinguino,40.6374403,-74.0755423,restaurant,Staten Island
node/8333874050,Daddy'Os BBQ & Sports Bar,40.6375588,-74.0755335,restaurant,Staten Island
node/8333874051,Boyarski,40.6388126,-74.0760088,restaurant,Staten Island
node/8333874052,Sherri's Kitchen,40.6397957,-74.0757011,restaurant,Staten Island
node/8333874053,Pier 76,40.6401319,-74.0757951,restaurant,Staten Island
node/8333874056,Lucky Garden,40.6413316,-74.0947908,restaurant,Staten Island
node/8333874057,Casablanca Restaurant,40.6410515,-74.0946983,restaurant,Staten Island
node/8413455505,Lobster House Joe's,40.5280311,-74.2400831,restaurant,Staten Island
node/8418876780,Flores Brunch,40.532075,-74.2393419,restaurant,Staten Island
node/8447209381,Genki Sushi,40.5538126,-74.1426959,restaurant,Staten Island
node/8447209409,Villa Paradiso Ristorante Italiano,40.5534445,-74.1436405,restaurant,Staten Island
node/9005755217,Perkins,40.5944238,-74.0870031,restaurant,Staten Island
node/9247313009,The Burrito Shoppe,40.6438616,-74.0777627,restaurant,Staten Island
node/9247313010,Chang Noi Thai,40.6437103,-74.0776278,restaurant,Staten Island
node/9247313013,Green Tea Chinese,40.6441465,-74.077012,restaurant,Staten Island
node/9247328220,K Pot Korean BBQ,40.6245778,-74.1474505,restaurant,Staten Island
node/9247328222,Mike's Unicorn Diner,40.6071197,-74.1606826,restaurant,Staten Island
node/9380905051,Marina Cafe,40.5440042,-74.1407652,restaurant,Staten Island
node/9525943490,Vitalia,40.5269764,-74.2315136,restaurant,Staten Island
node/9526028869,Avanti's Pizzeria,40.6081681,-74.1629696,restaurant,Staten Island
node/9526028877,Saporo Sushi,40.6082627,-74.163518,restaurant,Staten Island
node/9526028879,Red Ginger,40.6082808,-74.1636288,restaurant,Staten Island
node/9543354337,Navy Lodge,40.598731,-74.0621774,hotel,Staten Island
node/9558849443,Sing Bo Chinese & Pan Asian Bistro,40.6132609,-74.1217121,restaurant,Staten Island
node/9670359907,Starting Point Bar & Grill,40.6477598,-74.1412039,bar,Staten Island
node/9705993764,Colonnade Diner,40.5811397,-74.0988921,restaurant,Staten Island
node/9705993777,Zara Cafe Grill,40.5814829,-74.0984559,restaurant,Staten Island
node/9733270583,Hokkaido Japanese Cuisine,40.5610422,-74.1354911,restaurant,Staten Island
node/9733638299,Sofia's Taqueria,40.5445331,-74.1609218,restaurant,Staten Island
node/9775537808,Applebee's,40.5669203,-74.1107614,restaurant,Staten Island
node/9939892548,Greek Fellas,40.5633039,-74.1917183,restaurant,Staten Island
node/9939892550,Chen's Garden,40.5635773,-74.1917623,restaurant,Staten Island
node/9939892552,Exit 13 Lounge,40.5640942,-74.1918323,bar,Staten Island
node/9973544314,Teriyaki One,40.5699214,-74.109544,restaurant,Staten Island
node/10062565749,Oakwood Diner,40.5640997,-74.1329571,restaurant,Staten Island
node/10062565759,Ambrosino's Pizzeria,40.5644381,-74.1336805,restaurant,Staten Island
node/10091105066,The Crab General,40.5887334,-74.2281801,restaurant,Staten Island
node/10091105067,Bus Stop Diner,40.5885633,-74.2282283,restaurant,Staten Island
node/10091105069,Khalsa Sweet House,40.5883915,-74.2282579,restaurant,Staten Island
node/10092163179,Pronto Pizza,40.5585132,-74.1690049,restaurant,Staten Island
node/10195932407,Precious Island Tea Shop,40.5706661,-74.1103973,restaurant,Staten Island
node/10195932410,Mike's Place,40.5711304,-74.1107128,restaurant,Staten Island
node/10195932415,Pronto Pizza,40.5713559,-74.1111461,restaurant,Staten Island
node/10195932416,Western Yunnan Rice Noodle,40.5713859,-74.1112016,restaurant,Staten Island
node/10195939228,Taste of India II,40.5721889,-74.1126959,restaurant,Staten Island
node/10195939238,KC BBQ & Hot Pot,40.5729766,-74.114174,restaurant,Staten Island
node/10195939252,La Strada Italian Restaurant,40.5737539,-74.1156641,restaurant,Staten Island
node/10195939267,Avanti's Pizzeria,40.5732492,-74.1152338,restaurant,Staten Island
node/10195939273,Pizzeria Giove,40.5721382,-74.1131485,restaurant,Staten Island
node/10205515708,China Chalet,40.5452971,-74.1595185,restaurant,Staten Island
node/10208425280,Reggiano's Brick Oven Pizza,40.510965,-74.2419164,restaurant,Staten Island
node/10208425284,Dani's Italian Bistro,40.5111021,-74.2416345,restaurant,Staten Island
node/10208425299,Deluca's Italian Restaurant,40.5109839,-74.241355,restaurant,Staten Island
node/10212994187,El Pollo Restaurant II,40.5907073,-74.1921011,restaurant,Staten Island
node/10213036731,Fairfield Inn & Suites,40.5867823,-74.1910137,hotel,Staten Island
node/10252473109,"Lorenzo's Restaurant, Bar & Cabaret",40.6149221,-74.1770833,restaurant,Staten Island
node/10252473110,Above Rooftop Lounge & Bar,40.6151919,-74.1768593,bar,Staten Island
node/10258109515,M&K Spanish Restaurant,40.6374449,-74.0769048,restaurant,Staten Island
node/10258109517,Punto Latino,40.6373797,-74.0768757,restaurant,Staten Island
node/10261359091,Cheng's,40.6256088,-74.155821,restaurant,Staten Island
node/10263566302,Bamboleo Night Club,40.6485595,-74.1925947,nightclub,Staten Island
node/10268477358,Empire Szechuan,40.6258358,-74.1374064,restaurant,Staten Island
node/10268477366,Yolpaqui Taqueria,40.6250307,-74.1366522,restaurant,Staten Island
node/10309850407,Ambrosino's Pizzeria,40.5536262,-74.193048,restaurant,Staten Island
node/10309915710,Genki Sushi,40.5527575,-74.1933491,restaurant,Staten Island
node/10566851608,Happy Fortune II,40.6085171,-74.1217895,restaurant,Staten Island
node/10566875309,Village Maria Piza,40.6085757,-74.1217943,restaurant,Staten Island
node/10650944532,John's Deli,40.5100279,-74.2439485,restaurant,Staten Island
node/10679721457,Piccolino Restaurant,40.5516177,-74.1497573,restaurant,Staten Island
node/10679721461,Lucky Fortune,40.5515271,-74.1500569,restaurant,Staten Island
node/10679721465,Mimmo's Brick Oven Pizza,40.5512123,-74.1501161,restaurant,Staten Island
node/10679721505,Talk of the Town Tavern,40.5513634,-74.1505127,bar,Staten Island
node/10679721516,La Candela Española,40.5515748,-74.1492875,restaurant,Staten Island
node/10679721517,JD's Tavern,40.5512021,-74.1494883,restaurant,Staten Island
node/10698443435,Pastime Tavern,40.6445591,-74.2119656,bar,Staten Island
node/10699989882,Happy Fortune Chinese Restaurant,40.5516727,-74.2123748,restaurant,Staten Island
node/10699989884,Pino's Pizzeria & Restaurant,40.5517229,-74.2121269,restaurant,Staten Island
node/10722347709,Classic Pizza,40.5755008,-74.1278697,restaurant,Staten Island
node/10722347710,Gourmet Chef,40.5754767,-74.1279083,restaurant,Staten Island
node/10747059718,Mid Night,40.6437919,-74.2133518,bar,Staten Island
node/10749755007,Jay's Chicken & Pizza,40.6487895,-74.2239587,restaurant,Staten Island
node/10751819501,Linden Motor Inn,40.6483972,-74.2235952,hotel,Staten Island
node/10753321260,Mama Mia Pizzeria & Cucina,40.5507734,-74.2106828,restaurant,Staten Island
node/10759352712,Seppe Pizza Bar,40.6290468,-74.0742209,restaurant,Staten Island
node/10759352795,Pastavino,40.6287413,-74.0733496,restaurant,Staten Island
node/10759352797,Wynwood,40.6287225,-74.0735998,bar,Staten Island
node/10759516692,Yum Yum Chinese Food,40.6246916,-74.1481922,restaurant,Staten Island
node/10759516702,Di Farina Pizzeria,40.6240437,-74.1473518,restaurant,Staten Island
node/10759517314,JJ Pizza & Restaurant,40.6253082,-74.1491331,restaurant,Staten Island
node/10759517336,Zara Turkish Cuisine,40.6251661,-74.1470281,restaurant,Staten Island
node/10759831061,Real Madrid,40.6264967,-74.1584397,restaurant,Staten Island
node/10759831070,Great China Restaurant,40.6264554,-74.161329,restaurant,Staten Island
node/10759831072,Mama Rosaria's Pizzeria Restaurant,40.6264188,-74.1609932,restaurant,Staten Island
node/10759831075,Joe Broadway's Billiards & Sports Pub,40.6263384,-74.1621376,bar,Staten Island
node/10759831076,Dominican Food Corp.,40.6263527,-74.162253,restaurant,Staten Island
node/10759831080,J and B Restaurant,40.6262204,-74.1632549,restaurant,Staten Island
node/10759831084,El Sabor a mi Peru,40.6262605,-74.163605,restaurant,Staten Island
node/10759848829,China New Star Restaurant,40.6247506,-74.1432354,restaurant,Staten Island
node/10759848842,Lebanese Eatery,40.6248164,-74.1448734,restaurant,Staten Island
node/10759848843,Basil Cucina & Catering,40.6248133,-74.1449469,restaurant,Staten Island
node/10759848854,Brother's Pizza,40.6254993,-74.1438618,restaurant,Staten Island
node/10759848858,Mandarin House,40.6256207,-74.1432992,restaurant,Staten Island
node/10769247440,Boulevard Tavern,40.5365385,-74.1518055,pub,Staten Island
node/10769247450,Portobello Cafe,40.5373021,-74.1507686,restaurant,Staten Island
node/10769247452,Cucumber Sushi,40.5374578,-74.1507497,restaurant,Staten Island
node/10769247453,Good Taste Restaurant,40.5374937,-74.1507065,restaurant,Staten Island
node/10769247455,Hong Kong Kei One,40.5375437,-74.1504879,restaurant,Staten Island
node/10769247469,Andrew's Diner,40.5382348,-74.1490121,restaurant,Staten Island
node/10769247477,Reggiano's II Brick Oven Pizza & Cafe,40.5388525,-74.1484353,restaurant,Staten Island
node/10769247479,Curly Wolf Saloon,40.5392805,-74.1483101,bar,Staten Island
node/10812977323,District,40.5404278,-74.1771787,restaurant,Staten Island
node/11040332637,Unique Lounge,40.559615,-74.1972952,bar,Staten Island
node/11040332639,Island Wok,40.5596964,-74.1972021,restaurant,Staten Island
node/11040332654,Casa Nino's Pizza Bar,40.5657975,-74.1829086,restaurant,Staten Island
node/11040468161,Don Cheech,40.612485,-74.0647611,restaurant,Staten Island
node/11040468185,J's On The Bay,40.6143144,-74.0661415,restaurant,Staten Island
node/11040468189,New Win Hing Chinese Restaurant,40.6143903,-74.0665263,restaurant,Staten Island
node/11040468204,Tony's Brick Oven,40.6151905,-74.0673487,restaurant,Staten Island
node/11040482716,Bayou,40.616832,-74.0683235,restaurant,Staten Island
node/11040482719,Salmon Sushi,40.6170972,-74.0676184,restaurant,Staten Island
node/11040482731,Sofia's Taqueria,40.6188081,-74.0694401,restaurant,Staten Island
node/11040482733,Avocado Sushi,40.6189962,-74.0691668,restaurant,Staten Island
node/11099960868,Zara Arthur Mediterranean Cuisine,40.560625,-74.1686347,restaurant,Staten Island
node/11147398896,Koten's Caribbean American Restaurant & Bar,40.6297279,-74.1403613,restaurant,Staten Island
node/11147398898,Mr. Rice Chinese Restaurant,40.6298762,-74.1405721,restaurant,Staten Island
node/11165512905,Crispy Pizza,40.6454005,-74.1297237,restaurant,Staten Island
node/11186618653,286 South,40.520988,-74.2386158,restaurant,Staten Island
node/11329451913,Corrado's Cucina,40.5610553,-74.1686933,restaurant,Staten Island
node/11366634049,Hook & Reel,40.5678488,-74.110788,restaurant,Staten Island
node/11366634052,Blaze Pizza,40.5680445,-74.110597,restaurant,Staten Island
node/11366634062,Pho 60,40.5678962,-74.1113275,restaurant,Staten Island
node/11369422197,Bravo Pizza,40.5701272,-74.1086905,restaurant,Staten Island
node/11386507679,Oriental Plaza,40.60312,-74.1625697,restaurant,Staten Island
node/11401136583,QuickGrill Japan,40.6117051,-74.1572117,restaurant,Staten Island
node/11401136587,Empire East,40.6118263,-74.1575413,restaurant,Staten Island
node/11401136599,Applebee's,40.6126324,-74.1587483,restaurant,Staten Island
node/11401136608,Ginza Sushi & Lounge,40.6118819,-74.1586011,restaurant,Staten Island
node/11401136609,Sapore Cafe Pizzeria,40.6118535,-74.1585222,restaurant,Staten Island
node/11401136623,Randiwa Sri Lankan & Indian Cuisine,40.6139612,-74.1575143,restaurant,Staten Island
node/11401136624,Pho Mac Vietnamese Restaurant,40.6139235,-74.1575478,restaurant,Staten Island
node/11401136633,Avocado Sushi,40.6134006,-74.1591661,restaurant,Staten Island
node/11401136650,Chili's,40.6116775,-74.1592751,restaurant,Staten Island
node/11430028903,Beso,40.6402711,-74.0758291,restaurant,Staten Island
node/11457584579,Ho' Brah,40.5228778,-74.2395453,restaurant,Staten Island
node/11598565393,Farington's Cafe & Restaurant,40.6005189,-74.1623237,restaurant,Staten Island
node/11667208272,Fortune Cookie,40.6261367,-74.1348062,restaurant,Staten Island
node/11667208273,Gino's Pizza,40.6260988,-74.134764,restaurant,Staten Island
node/11667208280,Mother Pug's Saloon,40.6256086,-74.1352144,pub,Staten Island
node/11667208298,North Shore Pizzeria & Restaurant,40.6253384,-74.135154,restaurant,Staten Island
node/11667208310,Miyabi II Asian Fusion,40.6258072,-74.1344423,restaurant,Staten Island
node/11667208331,Gyro King,40.6266899,-74.1319435,restaurant,Staten Island
node/11667208336,Crown Palace,40.6266554,-74.1316003,restaurant,Staten Island
node/11667208337,Quick Grill Japan,40.626648,-74.1315261,restaurant,Staten Island
node/11667208352,Metro Pizzeria & Restaurant,40.626281,-74.1303865,restaurant,Staten Island
node/11667208355,Sofia's Guac Bar,40.6262701,-74.130188,restaurant,Staten Island
node/11667208356,Forest Thai Cuisine,40.6264993,-74.1303447,restaurant,Staten Island
node/11667208357,Wild Crab House,40.6265059,-74.1302884,restaurant,Staten Island
node/11667208379,Doc Hennigan's Tavern,40.6266015,-74.1280457,pub,Staten Island
node/11667208386,Forest BBQ,40.6268431,-74.1262483,restaurant,Staten Island
node/11667208416,Gold Grill Pizzeria,40.6290419,-74.1164059,restaurant,Staten Island
node/11667208422,Emperor House Restaurant,40.6292412,-74.1147201,restaurant,Staten Island
node/11667208467,Trattoria Vento,40.6294876,-74.1115988,restaurant,Staten Island
node/11667208489,Don Roberto's Classic Italian,40.6297056,-74.109757,restaurant,Staten Island
node/11669827691,Goodfella's,40.5416385,-74.1468476,restaurant,Staten Island
node/11669827710,Bahnmigos Vietnamese Sandwiches & Drinks,40.541483,-74.146159,restaurant,Staten Island
node/11669827719,La Petite Corniche,40.5426205,-74.1454128,restaurant,Staten Island
node/11672957205,Trattoria Toscana,40.537475,-74.1499435,restaurant,Staten Island
node/11674006308,Mariachi,40.6372562,-74.0755274,restaurant,Staten Island
node/11882575221,New Dosa Garden,40.6342345,-74.0856905,restaurant,Staten Island
node/11882575225,My Family Pizza,40.6338188,-74.0856923,restaurant,Staten Island
node/11882575264,Ceylon Curry,40.6341351,-74.0854245,restaurant,Staten Island
node/11887022695,Teriyaki One,40.628805,-74.1678857,restaurant,Staten Island
node/11961408746,Coles Dock Side,40.5426884,-74.142447,restaurant,Staten Island
node/12010174613,Bonchon Chicken,40.576776,-74.1038229,restaurant,Staten Island
node/12013002096,Round Pie,40.5829391,-74.0967113,restaurant,Staten Island
node/12013002097,Cafe Bella Vita,40.5830009,-74.0967948,restaurant,Staten Island
node/12013002099,Avocado Sushi,40.582846,-74.096817,restaurant,Staten Island
node/12013002100,Lorenzo's Pizza,40.5827604,-74.0959371,restaurant,Staten Island
node/12013002101,Joe's Lobster House,40.5829544,-74.0957263,restaurant,Staten Island
node/12013171287,Grand Sahara Turkish Grill,40.5845516,-74.0939435,restaurant,Staten Island
node/12013171288,Yemen Cafe,40.5847158,-74.0936672,restaurant,Staten Island
node/12013171290,S.I. China Cook Restaurant,40.5847905,-74.0935722,restaurant,Staten Island
node/12013171297,Campania,40.5852182,-74.093737,restaurant,Staten Island
node/12013171305,Prime Pizza Kitchen,40.5853595,-74.0927172,restaurant,Staten Island
node/12013171310,Jac Mao Chinese Cuisine,40.5859145,-74.0929344,restaurant,Staten Island
node/12026429175,Kum Fung,40.6218694,-74.0722392,restaurant,Staten Island
node/12026550378,New China Hibachi & Sushi Buffet,40.565985,-74.1092562,restaurant,Staten Island
node/12040553155,The Basement,40.6433765,-74.0767861,pub,Staten Island
node/12079052814,Royal Pizza,40.5597361,-74.1971568,restaurant,Staten Island
node/12093603393,Las Cazuelas Mexican Restaurant,40.6341038,-74.1243023,restaurant,Staten Island
node/12093603398,Oaxaca Deli,40.633905,-74.1239413,restaurant,Staten Island
node/12125508244,Mike's Diner,40.5291217,-74.1624553,restaurant,Staten Island
node/12125582876,Jody's Club Forest,40.6308809,-74.1018876,restaurant,Staten Island
node/12160492396,El Pollo Restaurant & Bar,40.6129641,-74.0872903,restaurant,Staten Island
node/12168864132,Hitto Ramen,40.5878249,-74.0912095,restaurant,Staten Island
node/12168864135,Cafe Latté,40.5879428,-74.0914506,restaurant,Staten Island
node/12168864136,Opera Cafe & Lounge,40.5881917,-74.0902869,restaurant,Staten Island
node/12168871903,Trattoria Oliveto,40.5884781,-74.0901218,restaurant,Staten Island
node/12168871943,Red Apple,40.5867165,-74.0916786,restaurant,Staten Island
node/12173774617,Brooklyn's Finest Pizza & Restaurant,40.5975023,-74.0841629,restaurant,Staten Island
node/12177254199,Ocean Palace Restaurant & Bar,40.5560665,-74.2121484,restaurant,Staten Island
node/12179516461,King's Arms,40.6303182,-74.1069336,restaurant,Staten Island
node/12184721858,Umi Hotpot Sushi & Seafood Buffet,40.6224408,-74.1694472,restaurant,Staten Island
node/12186559050,Empire East,40.5646582,-74.1137871,restaurant,Staten Island
node/12186708705,Hylan Diner,40.5690978,-74.1116487,restaurant,Staten Island
node/12304710572,Napoli Pizzeria,40.6160511,-74.1039395,restaurant,Staten Island
node/12312608053,Taste of China,40.5645568,-74.1278515,restaurant,Staten Island
node/12312608060,Justino's Pizzeria,40.5649181,-74.12772,restaurant,Staten Island
node/12312617029,Canlon's Restaurant,40.5651306,-74.1268443,restaurant,Staten Island
node/12363158588,Pizzeria Montevideo,40.6449039,-74.212532,restaurant,Staten Island
node/12385679574,O'Neill's Restaurant & Bar,40.6245731,-74.1424716,pub,Staten Island
node/12385679590,Sayori Japanese Restaurant,40.6242515,-74.1363726,restaurant,Staten Island
node/12442353280,SIU Kitchen,40.5715132,-74.1114409,restaurant,Staten Island
node/12442353292,Mr. BBQ Flavor,40.5718158,-74.1125277,restaurant,Staten Island
node/12445025715,Big Jean Restaurant,40.6270817,-74.0778719,restaurant,Staten Island
node/12445025722,Chen's Brother Cuisine,40.6271306,-74.0772464,restaurant,Staten Island
node/12445567930,San Jeronimo Restaurant & Bakery,40.6311975,-74.1386098,restaurant,Staten Island
node/12445567936,Panajackel Solola,40.6309684,-74.1391865,restaurant,Staten Island
node/12456546131,Killmeyer's Old Bavaria Inn,40.5384997,-74.237165,restaurant,Staten Island
node/12507783568,Nature's Grill,40.5394462,-74.1487126,restaurant,Staten Island
node/12507783569,Giuliana's Ristorante Italiano,40.5397841,-74.1483934,restaurant,Staten Island
node/12540015996,The Old Bermuda Inn,40.5536351,-74.2173477,hotel,Staten Island
node/12540015997,Big Nose Kate's Saloon,40.5540353,-74.2176768,bar,Staten Island
node/12544896793,Hampton Inn & Suites Staten Island,40.6132063,-74.178707,hotel,Staten Island
node/12548896516,Don Julio Chifa Men-Wha,40.6455249,-74.1891615,restaurant,Staten Island
node/12556844918,Da Noi,40.5877253,-74.1969978,restaurant,Staten Island
node/12579970436,Metropolis Steak & Seafood,40.5796305,-74.1093839,restaurant,Staten Island
node/12581298250,Nakata Japanese Asian Fusion,40.5873118,-74.104007,restaurant,Staten Island
node/12634032973,Road House Restaurant,40.613363,-74.1007268,restaurant,Staten Island
node/12634538042,#1 Chinese Kitchen,40.5971771,-74.0843298,restaurant,Staten Island
node/12634538052,Bocelli,40.597386,-74.0840907,restaurant,Staten Island
node/12677124373,Cafe Luna,40.5968088,-74.0851232,restaurant,Staten Island
node/12677124374,Pho Vietnamese Noodle,40.596884,-74.0850643,restaurant,Staten Island
node/12677264722,Cielo,40.5934534,-74.0870944,restaurant,Staten Island
node/12677264731,Kuzina - The Greek Kitchen,40.5927383,-74.0868471,restaurant,Staten Island
node/12677264732,Qunying 1468 Hylan Cafe Inc.,40.5924439,-74.0870738,restaurant,Staten Island
node/12677264733,Hylan Curry & Grill,40.5923043,-74.087137,restaurant,Staten Island
node/12677264740,El Patron II,40.5920489,-74.087696,restaurant,Staten Island
node/12677429765,Muzi Sushi,40.5743356,-74.1063736,restaurant,Staten Island
node/12677429780,Ronnie's Corner,40.5744665,-74.1051763,restaurant,Staten Island
node/12677429790,Fish Noodle House,40.5760937,-74.1035349,restaurant,Staten Island
node/12677433979,El Dorado Restaurant Bar & Grill,40.5803604,-74.0989958,restaurant,Staten Island
node/12677433981,Ayat NYC,40.5806548,-74.0987084,restaurant,Staten Island
node/12700513219,3 Guys Sushi,40.6301856,-74.1078173,restaurant,Staten Island
node/12700513223,Panni Grill,40.6301349,-74.108125,restaurant,Staten Island
node/12700513232,Burrito Bar,40.6302899,-74.1088109,restaurant,Staten Island
node/12889602635,G&G American Grill,40.6051128,-74.1206665,restaurant,Staten Island
node/12889668592,Manor Sushi,40.6051868,-74.1211048,restaurant,Staten Island
node/12889668595,Manor Restaurant,40.6044069,-74.1206105,restaurant,Staten Island
node/12910992116,D & B Restaurant II,40.6458522,-74.0861596,restaurant,Staten Island
node/12950507942,Nonna's Old Fashioned Pizzeria,40.5511078,-74.1511576,restaurant,Staten Island
node/12950507976,Arirang,40.5495329,-74.1501035,restaurant,Staten Island
node/12950507980,The Ole Swiss,40.5493536,-74.1508251,pub,Staten Island
node/12950507992,Omakase Ichi,40.5511452,-74.1495729,restaurant,Staten Island
node/12952560521,El Cactus Mexican Restaurant,40.5927052,-74.0684609,restaurant,Staten Island
node/12952560522,Chinar On The Island,40.5926899,-74.0679634,restaurant,Staten Island
node/12952560536,Caravan Restaurant,40.5922201,-74.0678272,restaurant,Staten Island
node/12964680079,Rustic Pizza & Pasteria,40.5866511,-74.1046192,restaurant,Staten Island
node/12964680084,Dedem Butcher Grill & Gyro,40.5874375,-74.1037718,restaurant,Staten Island
node/12964680087,New Garden Restaurant,40.5875475,-74.1036568,restaurant,Staten Island
node/12964680089,Fusion Kitchen,40.5878417,-74.1034301,restaurant,Staten Island
node/12964680095,S.I. Fu Zhou Food Inc. Restaurant,40.5880955,-74.1031863,restaurant,Staten Island
node/12964696411,Baci,40.5895005,-74.1016179,restaurant,Staten Island
node/12964696425,Ralph's Sports Bar,40.5912044,-74.1011705,bar,Staten Island
node/12964696428,Max's Es-ca,40.5914789,-74.1011551,restaurant,Staten Island
node/12964696443,HKS Kitchen,40.5942289,-74.0988939,restaurant,Staten Island
node/12964696452,Primo Pizzeria,40.5961254,-74.0949937,restaurant,Staten Island
node/12964696453,Osteria by Primo,40.5961529,-74.0949138,restaurant,Staten Island
node/12964696468,Tienda Valentina's Restaurant Corp.,40.6008874,-74.0923593,restaurant,Staten Island
node/12964696482,Torino Pizzeria Restaurant,40.5888137,-74.1018006,restaurant,Staten Island
node/12964696487,Cantina Valencia,40.5891385,-74.1014713,restaurant,Staten Island
node/12969610514,Ti Tipico Dominicano,40.6342624,-74.1221382,restaurant,Staten Island
node/12969610534,La Maxicanisima,40.6342274,-74.1198016,restaurant,Staten Island
node/12969610535,May Flower Chinese Restaurant,40.6342325,-74.1197325,restaurant,Staten Island
node/12969610589,La Torretta Pizzeria,40.6348298,-74.1107859,restaurant,Staten Island
node/12971671539,The Pizza Parlor,40.6127643,-74.1305575,restaurant,Staten Island
node/12971671549,Gold Dumpling Staten Island,40.612299,-74.1297316,restaurant,Staten Island
node/12971671578,Staten Island Diner,40.6129971,-74.1263109,restaurant,Staten Island
node/12971671601,Goodfella's Victory,40.6131923,-74.1239137,restaurant,Staten Island
node/12971671605,Noodlefan Fresh Thai Asian,40.6131919,-74.1236601,restaurant,Staten Island
node/12971671624,Mountain Fusion,40.6131981,-74.1224386,restaurant,Staten Island
node/12971671635,Joe & Pat's Pizzeria & Restaurant,40.6129993,-74.1221049,restaurant,Staten Island
node/12971671636,Hitto Ramen,40.6130164,-74.1219791,restaurant,Staten Island
node/12971671640,Mexican Cantina Kitchen & Bar,40.6130173,-74.1217044,restaurant,Staten Island
node/12971671643,Salda Mediterranean Turkish Cuisine,40.6130192,-74.1216015,restaurant,Staten Island
node/12971671658,Tokyo Sushi Korean BBQ,40.6129328,-74.1208391,restaurant,Staten Island
node/12986703273,Panino Rustico of Staten Island,40.5812121,-74.1118357,restaurant,Staten Island
node/12986703277,Cucina Fresca,40.5813854,-74.1115611,restaurant,Staten Island
node/12986703279,Fushimi,40.5814752,-74.1113558,restaurant,Staten Island
node/12986703306,Demiri Lounge,40.5871736,-74.104152,bar,Staten Island
node/12988546267,Lion Dance,40.6162336,-74.1031645,restaurant,Staten Island
node/12988546274,El Nile Market,40.616487,-74.1030267,restaurant,Staten Island
node/12988608480,Deja Vu Sports Bar & Restaurant,40.6340491,-74.1359022,restaurant,Staten Island
node/12988608482,La Bottiglia Restaurant Bar,40.6341739,-74.1358111,restaurant,Staten Island
node/12988631902,Los Charros Mexican Restaurant and Bar Inc.,40.6353356,-74.1353451,restaurant,Staten Island
node/12988631923,Recuardos Restaurante Mexicanos,40.635652,-74.1351473,restaurant,Staten Island
node/12988631933,Goody's Restaurant Inc.,40.6362859,-74.134451,restaurant,Staten Island
node/12988631939,El Encanto Mexicano Restaurant,40.6367257,-74.1341291,restaurant,Staten Island
node/12988631940,Didi World Famous Food,40.6367686,-74.1340979,restaurant,Staten Island
node/12988631969,El Rey Oros Restaurant,40.6375122,-74.1338772,restaurant,Staten Island
node/12990538038,Tamales Martita,40.6385342,-74.1328104,restaurant,Staten Island
node/12990538056,Days Inn,40.6396968,-74.1318911,hotel,Staten Island
node/12990538061,La Fortuna Mexican Restaurant,40.6404804,-74.1311919,restaurant,Staten Island
node/12990538064,Latino's Restaurant & Bar,40.6401194,-74.1309245,restaurant,Staten Island
node/13002106438,Better Gourmet,40.6307963,-74.1027112,restaurant,Staten Island
node/13023118416,Mishki Micuy,40.6309934,-74.1303495,restaurant,Staten Island
node/13024510932,West Cork Union Hall,40.6379755,-74.1092767,pub,Staten Island
node/13024510933,West Cork Grill,40.6380284,-74.1091702,restaurant,Staten Island
node/13034344261,Dynasty Taste,40.58809,-74.165227,restaurant,Staten Island
node/13039825039,Phil-Am Kusina,40.6124198,-74.0714336,restaurant,Staten Island
node/13039825067,Good Wok Restaurant,40.6169439,-74.0730511,restaurant,Staten Island
node/13039825086,Maizal,40.6183708,-74.0694496,restaurant,Staten Island
node/13039852132,Vinium,40.6248194,-74.0747803,restaurant,Staten Island
node/13040315307,Latin Grooves,40.6265478,-74.0757315,bar,Staten Island
node/13040315310,Casa Del Molcajete Inc,40.6264954,-74.0754011,restaurant,Staten Island
node/13040315312,Lib International Sports Bar,40.6263686,-74.0753208,bar,Staten Island
node/13040315332,Bay House Bistro,40.6278957,-74.0765193,restaurant,Staten Island
node/13040315345,El Patron Restaurant & Lounge,40.6291556,-74.0767245,restaurant,Staten Island
node/13040315352,Istanbul Bay,40.6297297,-74.0768125,restaurant,Staten Island
node/13040315362,Georgie's Bistro,40.632338,-74.0759498,restaurant,Staten Island
node/13040315374,Craft House,40.6364625,-74.0774587,restaurant,Staten Island
node/13048630569,Campo Bello Restaurante,40.6244692,-74.0793294,restaurant,Staten Island
node/13048630618,Genesis Bar,40.6256546,-74.0759407,bar,Staten Island
node/13049112771,Shorty's Roti Shop,40.6383478,-74.0782731,restaurant,Staten Island
node/13049112779,Blaze Jamaican,40.638346,-74.0790213,restaurant,Staten Island
node/13049112787,Besos,40.6382255,-74.0798735,bar,Staten Island
node/13049112798,La Cabaña Restaurant & Pizzeria Mexicana,40.6378313,-74.0799286,restaurant,Staten Island
node/13049118621,Holland Bay Restaurant,40.6379693,-74.0791959,restaurant,Staten Island
node/13049118634,Cinderella's Restaurant,40.6375329,-74.0799759,restaurant,Staten Island
node/13049118635,El Pastorcito Cafe Restaurante,40.6374863,-74.0800512,restaurant,Staten Island
node/13065604036,Su Shi Nago Cafe,40.6381922,-74.0876162,restaurant,Staten Island
node/13072901969,Dairy Palace,40.6119448,-74.1370773,restaurant,Staten Island
node/13072901970,Kings Pizzeria & Restaurant,40.6119674,-74.1369539,restaurant,Staten Island
node/13072907714,Roberto's Gourmet Kitchen,40.6121251,-74.1316492,restaurant,Staten Island
node/13072907725,Mazcal's Mexican Restaurant,40.6118083,-74.1325947,restaurant,Staten Island
node/13082665141,New Yung Hong,40.6106598,-74.1462998,restaurant,Staten Island
node/13098977823,Annadale Terrace,40.5425249,-74.1771572,restaurant,Staten Island
node/13128333659,Arka Mediterranean Cuisine,40.5711542,-74.0915002,restaurant,Staten Island
node/13128333688,New Everybody's Kitchen,40.572482,-74.0928392,restaurant,Staten Island
node/13128333694,Amalfi Coast Pizzeria & Restaurant,40.5722742,-74.0933117,restaurant,Staten Island
node/13128789539,The Alchemist,40.5749422,-74.1158682,bar,Staten Island
node/13128789559,Nori Sushi,40.573749,-74.1174929,restaurant,Staten Island
node/13128789562,Trackside Bar & Grill,40.5736405,-74.1176331,restaurant,Staten Island
node/13129746019,Romance Bar Restaurant,40.6321856,-74.155054,restaurant,Staten Island
node/13145929603,Li's Happy Family,40.5754857,-74.1197883,restaurant,Staten Island
node/13184510092,Legacy Lounge & Bar,40.6033498,-74.0833552,bar,Staten Island
node/13184510095,Golden Star Chinese Restaurant,40.6031884,-74.0833933,restaurant,Staten Island
node/13184510096,Cinco de Mayo Restaurant & Bar,40.6031435,-74.0833587,restaurant,Staten Island
node/13186710829,Basilio Inn Restaurant,40.5973796,-74.0637016,restaurant,Staten Island
node/13186710839,Italianisimo,40.5985909,-74.0657374,restaurant,Staten Island
node/13186710858,Ocean Palace Chinese Restaurant,40.5980497,-74.0668497,restaurant,Staten Island
node/13186710860,Via Ponte Pizzeria,40.597984,-74.067049,restaurant,Staten Island
node/13186710892,Nori Yakitori and Ramen,40.5981154,-74.0725658,restaurant,Staten Island
node/13186710899,Ran Việt,40.5976229,-74.073342,restaurant,Staten Island
node/13186742812,Fuji Sushi Japanese Cuisine,40.5987174,-74.0797493,restaurant,Staten Island
node/13186767854,Naija Bar & Grill,40.5984605,-74.0809074,restaurant,Staten Island
node/13191522477,Taqueria El Buchon,40.6348263,-74.1103573,restaurant,Staten Island
node/13191522480,Randall Manor Tavern,40.634816,-74.1073779,pub,Staten Island
node/13367786693,Dough by Licastri,40.5448351,-74.1653546,restaurant,Staten Island
node/13437987711,Osteria Santina,40.6246118,-74.1320195,restaurant,Staten Island
node/13720677870,Killmeyer's,40.5384251,-74.2371376,bar,Staten Island
node/13752938485,Ruddy & Dean American Steakhouse,40.643981,-74.0767767,restaurant,Staten Island
node/13825892239,Casa Verde Ristorante Italiano,40.5732308,-74.1365748,restaurant,Staten Island
way/241824287,Hilton Garden Inn,40.6149563,-74.1764379,hotel,Staten Island
way/241830483,Country Inn & Suites by Radisson,40.5864914,-74.1904704,hotel,Staten Island
way/241830498,Comfort Inn,40.586231,-74.1900706,hotel,Staten Island
way/241851260,Da Noi,40.6069392,-74.0667251,restaurant,Staten Island
way/244902355,Zoo Café & Gift Shop,40.6249587,-74.1153493,restaurant,Staten Island
way/247443046,Ramada,40.6085777,-74.1465916,hotel,Staten Island
way/247646648,Vanderbilt at South Beach,40.5891947,-74.0664669,restaurant,Staten Island
way/247647769,Nino's Restaurant,40.5982758,-74.0797627,restaurant,Staten Island
way/248321275,Dove Diner,40.5589511,-74.169068,restaurant,Staten Island
way/424199618,Holiday Inn Carteret Rahway,40.5928019,-74.2306665,hotel,Staten Island
way/605733816,Hotel Executive Suites,40.5906033,-74.2390243,hotel,Staten Island
way/904169966,Dave & Buster's,40.5825352,-74.1670453,restaurant,Staten Island
way/904185779,East Pacific Chinese & Pan Asian Cuisine,40.5823056,-74.1652007,restaurant,Staten Island
way/904206129,Tommy's Tavern & Tap,40.5810699,-74.1672851,restaurant,Staten Island
way/904206142,Angelina's Kitchen,40.5785053,-74.164064,restaurant,Staten Island
way/904206143,Outback Steakhouse,40.5787021,-74.1639728,restaurant,Staten Island
way/904294769,Applebee's,40.581188,-74.1647844,restaurant,Staten Island
way/904294772,The Mighty Crab,40.581141,-74.1644468,restaurant,Staten Island
way/1109195824,Hampton Inn,40.621656,-74.246759,hotel,Staten Island
way/1144233420,Tumi Peruvian Restaurant,40.6455614,-74.2142421,restaurant,Staten Island
way/1149479070,Tiki Mojito,40.6448386,-74.2122464,restaurant,Staten Island
way/1153496604,Santillo's Brick Oven Pizza,40.6489857,-74.2166213,restaurant,Staten Island
way/1179634445,Spicy Burro,40.6481684,-74.2110423,restaurant,Staten Island
way/1179634729,El Leño Steakhouse Bar & Grill,40.6490688,-74.2185382,restaurant,Staten Island
way/1179635295,El Nacho’s Restaurant & Tequila Bar,40.6489744,-74.2224783,restaurant,Staten Island
way/1179636380,Del Porto,40.6464163,-74.1905945,restaurant,Staten Island
way/1188548820,Applebee's,40.6204805,-74.2480166,restaurant,Staten Island
way/1190382214,TGI Fridays,40.645898,-74.2280253,restaurant,Staten Island
way/1360465917,The Kave,40.6279636,-74.2468559,restaurant,Staten Island
way/1451668424,Olga's Place,40.6490764,-74.1988999,restaurant,Staten Island
