study_id,compkey,unitid,direction,street_name,title,start_date,end_date,has_geometry
346368,14073,11075,NE,EAST GREEN LAKE WAY N,"EAST GREEN LAKE WAY N, NE/O N 57TH ST; NE FLOW; CHNEB; 02Jan2025 11:15",2025-01-02,2025-01-09,True
346369,14073,11075,SW,EAST GREEN LAKE WAY N,"EAST GREEN LAKE WAY N, NE/O N 57TH ST; SW FLOW; CHSWB; 02Jan2025 11:15",2025-01-02,2025-01-09,True
346370,19223,15130,W,NW MARKET ST,"NW MARKET ST, W/O 8TH AVE NW; W FLOW; CHWB; 02Jan2025 11:30",2025-01-02,2025-01-09,True
346371,20628,16420,E,S LANDER ST,"S LANDER ST, W/O 6TH AVE S; E FLOW; CHEB; 02Jan2025 14:15",2025-01-02,2025-01-09,True
346372,20628,16420,W,S LANDER ST,"S LANDER ST, W/O 6TH AVE S; W FLOW; CHWB; 02Jan2025 13:15",2025-01-02,2025-01-09,True
346373,8782,05095,E,ALKI AVE SW,"ALKI AVE SW, W/O HARBOR AVE SW; E FLOW; CHEB; 02Jan2025 12:45",2025-01-02,2025-01-09,True
346374,8782,05095,W,ALKI AVE SW,"ALKI AVE SW, W/O HARBOR AVE SW; W FLOW; CHWB; 02Jan2025 12:45",2025-01-02,2025-01-09,True
346375,14073,11075,dir_11,EAST GREEN LAKE WAY N,"EAST GREEN LAKE WAY N, NE/O N 57TH ST; TOTAL FLOW; CHAGG; 02Jan2025 11:15",2025-01-02,2025-01-09,True
346377,20628,16420,dir_11,S LANDER ST,"S LANDER ST, W/O 6TH AVE S; TOTAL FLOW; CHAGG; 02Jan2025 14:15",2025-01-02,2025-01-09,True
346379,8782,05095,dir_11,ALKI AVE SW,"ALKI AVE SW, W/O HARBOR AVE SW; TOTAL FLOW; CHAGG; 02Jan2025 12:45",2025-01-02,2025-01-09,True
346381,12312,09315,N,QUEEN ANNE AVE N,"QUEEN ANNE AVE N, S/O CROCKETT ST; N FLOW; CHNB; 02Jan2025 10:30",2025-01-02,2025-01-09,True
346382,12312,09315,dir_11,QUEEN ANNE AVE N,"QUEEN ANNE AVE N, S/O CROCKETT ST; TOTAL FLOW; CHTOT; 02Jan2025 10:30",2025-01-02,2025-01-09,True
346383,10000,06345,E,DENNY WAY,"DENNY WAY, W/O 2ND AVE; E FLOW; CHEB; 02Jan2025 10:30",2025-01-02,2025-01-09,True
346384,10000,06345,W,DENNY WAY,"DENNY WAY, W/O 2ND AVE; W FLOW; CHWB; 02Jan2025 10:30",2025-01-02,2025-01-09,True
346385,12900,09800,SW,STEWART ST,"STEWART ST, NE/O 4TH AVE; SW FLOW; CHSWB; 02Jan2025 10:30",2025-01-02,2025-01-09,True
346386,14348,11275,NE,E MADISON ST,"E MADISON ST, SW/O 17TH AVE; NE FLOW; CHNEB; 02Jan2025 11:30",2025-01-02,2025-01-09,True
346387,14348,11275,SW,E MADISON ST,"E MADISON ST, SW/O 17TH AVE; SW FLOW; CHSWB; 02Jan2025 10:30",2025-01-02,2025-01-09,True
346388,10000,06345,dir_11,DENNY WAY,"DENNY WAY, W/O 2ND AVE; TOTAL FLOW; CHAGG; 02Jan2025 10:30",2025-01-02,2025-01-09,True
346390,12312,09315,S,QUEEN ANNE AVE N,"QUEEN ANNE AVE N, S/O CROCKETT ST; S FLOW; CHAGG; 02Jan2025 10:30",2025-01-02,2025-01-09,True
346392,14348,11275,dir_11,E MADISON ST,"E MADISON ST, SW/O 17TH AVE; TOTAL FLOW; CHAGG; 02Jan2025 11:30",2025-01-02,2025-01-09,True
346394,12578,09480,NW,ROOSEVELT WAY N,"ROOSEVELT WAY N, SE/O MERIDIAN AVE N; NW FLOW; CHNWB; 03Jan2025 12:15",2025-01-03,2025-01-10,True
346395,12578,09480,SE,ROOSEVELT WAY N,"ROOSEVELT WAY N, SE/O MERIDIAN AVE N; SE FLOW; CHSEB; 03Jan2025 12:15",2025-01-03,2025-01-10,True
346396,17040,13375,E,NE 55TH ST,"NE 55TH ST, W/O 25TH AVE NE; E FLOW; CHEB; 03Jan2025 13:30",2025-01-03,2025-01-10,True
346397,17040,13375,W,NE 55TH ST,"NE 55TH ST, W/O 25TH AVE NE; W FLOW; CHWB; 03Jan2025 13:30",2025-01-03,2025-01-10,True
346398,12578,09480,dir_11,ROOSEVELT WAY N,"ROOSEVELT WAY N, SE/O MERIDIAN AVE N; TOTAL FLOW; CHAGG; 03Jan2025 12:15",2025-01-03,2025-01-10,True
346400,17040,13375,dir_11,NE 55TH ST,"NE 55TH ST, W/O 25TH AVE NE; TOTAL FLOW; CHAGG; 03Jan2025 13:30",2025-01-03,2025-01-10,True
346402,8406,04800,N,8TH AVE NW,"8TH AVE NW, S/O NW 80TH ST; N FLOW; CHNB; 07Jan2025 11:00",2025-01-07,2025-01-14,True
346403,8406,04800,S,8TH AVE NW,"8TH AVE NW, S/O NW 80TH ST; S FLOW; CHSB; 07Jan2025 11:00",2025-01-07,2025-01-14,True
346404,18898,14800,E,NW 80TH ST,"NW 80TH ST, W/O 15TH AVE NW; E FLOW; CHEB; 07Jan2025 11:30",2025-01-07,2025-01-14,True
346405,18898,14800,W,NW 80TH ST,"NW 80TH ST, W/O 15TH AVE NW; W FLOW; CHWB; 07Jan2025 11:30",2025-01-07,2025-01-14,True
346406,3605,01485,N,24TH AVE NW,"24TH AVE NW, S/O NW 80TH ST; N FLOW; CHNB; 07Jan2025 11:30",2025-01-07,2025-01-14,True
346407,3605,01485,S,24TH AVE NW,"24TH AVE NW, S/O NW 80TH ST; S FLOW; CHSB; 07Jan2025 12:30",2025-01-07,2025-01-14,True
346408,15264,11975,W,N 145TH ST,"N 145TH ST, W/O LINDEN AVE N; W FLOW; CHWB; 07Jan2025 13:30",2025-01-07,2025-01-14,True
346409,15265,11975,E,N 145TH ST,"N 145TH ST, E/O LINDEN AVE N; E FLOW; CHEB; 07Jan2025 12:30",2025-01-07,2025-01-14,True
346410,5745,02900,N,37TH AVE S,"37TH AVE S, N/O S MYRTLE ST; N FLOW; CHNB; 07Jan2025 15:00",2025-01-07,2025-01-14,True
346411,5745,02900,S,37TH AVE S,"37TH AVE S, N/O S MYRTLE ST; S FLOW; CHSB; 07Jan2025 15:00",2025-01-07,2025-01-14,True
346412,5745,02900,dir_11,37TH AVE S,"37TH AVE S, N/O S MYRTLE ST; TOTAL FLOW; CHAGG; 07Jan2025 15:00",2025-01-07,2025-01-14,True
346414,3189,01170,N,21ST AVE S,"21ST AVE S, N/O S HINDS ST; N FLOW; CHNB; 07Jan2025 13:15",2025-01-07,2025-01-14,True
346415,3189,01170,S,21ST AVE S,"21ST AVE S, N/O S HINDS ST; S FLOW; CHSB; 07Jan2025 13:15",2025-01-07,2025-01-14,True
346416,15373,12030,E,N 38TH ST,"N 38 UPPER ST, W/O AURORA AVE N; E FLOW; CHEB; 07Jan2025 13:15",2025-01-07,2025-01-14,True
346417,15373,12030,W,N 38TH ST,"N 38 UPPER ST, W/O AURORA AVE N; W FLOW; CHWB; 07Jan2025 13:15",2025-01-07,2025-01-14,True
346418,3189,01170,dir_11,21ST AVE S,"21ST AVE S, N/O S HINDS ST; TOTAL FLOW; CHAGG; 07Jan2025 13:15",2025-01-07,2025-01-14,True
346420,15373,12030,dir_11,N 38TH ST,"N 38 UPPER ST, W/O AURORA AVE N; TOTAL FLOW; CHAGG; 07Jan2025 13:15",2025-01-07,2025-01-14,True
346422,15794,12345,E,N 65TH ST,"N 65TH ST, W/O LINDEN AVE N; E FLOW; CHEB; 07Jan2025 12:00",2025-01-07,2025-01-14,True
346423,15794,12345,W,N 65TH ST,"N 65TH ST, W/O LINDEN AVE N; W FLOW; CHWB; 07Jan2025 12:00",2025-01-07,2025-01-14,True
346424,15893,12455,E,N 80TH ST,"N 80TH ST, W/O LINDEN AVE N; E FLOW; CHEB; 07Jan2025 11:45",2025-01-07,2025-01-14,True
346425,15893,12455,W,N 80TH ST,"N 80TH ST, W/O LINDEN AVE N; W FLOW; CHWB; 07Jan2025 11:45",2025-01-07,2025-01-14,True
346426,15794,12345,dir_11,N 65TH ST,"N 65TH ST, W/O LINDEN AVE N; TOTAL FLOW; CHAGG; 07Jan2025 12:00",2025-01-07,2025-01-14,True
346428,15893,12455,dir_11,N 80TH ST,"N 80TH ST, W/O LINDEN AVE N; TOTAL FLOW; CHAGG; 07Jan2025 11:45",2025-01-07,2025-01-14,True
346430,4976,02385,N,32ND AVE NW,"32ND AVE NW, S/O NW 57TH ST; N FLOW; CHNB; 08Jan2025 11:15",2025-01-08,2025-01-15,True
346431,4976,02385,dir_11,32ND AVE NW,"32ND AVE NW, S/O NW 57TH ST; TOTAL FLOW; CHTOT; 08Jan2025 11:15",2025-01-08,2025-01-15,True
346432,18637,14655,E,NW 65TH ST,"NW 65TH ST, W/O 28TH AVE NW; E FLOW; CHEB; 08Jan2025 12:15",2025-01-08,2025-01-15,True
346433,3025,01060,S,20TH AVE NW,"20TH AVE NW, N/O NW 62ND ST; S FLOW; CHSB; 08Jan2025 11:30",2025-01-08,2025-01-15,True
346434,8387,04800,S,8TH AVE NW,"8TH AVE NW, N/O NW 58TH ST; S FLOW; CHSB; 08Jan2025 12:00",2025-01-08,2025-01-15,True
346435,8387,04800,N,8TH AVE NW,"8TH AVE NW, N/O NW 58TH ST; N FLOW; CHNB; 08Jan2025 13:00",2025-01-08,2025-01-15,True
346436,4455,02095,N,3RD AVE NW,"3RD AVE NW, N/O NW 54TH ST; N FLOW; CHNB; 08Jan2025 12:00",2025-01-08,2025-01-15,True
346437,18637,14655,dir_11,NW 65TH ST,"NW 65TH ST, W/O 28TH AVE NW; TOTAL FLOW; CHTOT; 08Jan2025 12:15",2025-01-08,2025-01-15,True
346438,4976,02385,S,32ND AVE NW,"32ND AVE NW, S/O NW 57TH ST; S FLOW; CHAGG; 08Jan2025 11:15",2025-01-08,2025-01-15,True
346440,18637,14655,W,NW 65TH ST,"NW 65TH ST, W/O 28TH AVE NW; W FLOW; CHAGG; 08Jan2025 12:15",2025-01-08,2025-01-15,True
346442,3025,01060,dir_11,20TH AVE NW,"20TH AVE NW, N/O NW 62ND ST; TOTAL FLOW; CHTOT; 08Jan2025 11:30",2025-01-08,2025-01-15,True
346443,8387,04800,dir_11,8TH AVE NW,"8TH AVE NW, N/O NW 58TH ST; TOTAL FLOW; CHAGG; 08Jan2025 13:00",2025-01-08,2025-01-15,True
346445,4455,02095,dir_11,3RD AVE NW,"3RD AVE NW, N/O NW 54TH ST; TOTAL FLOW; CHTOT; 08Jan2025 12:00",2025-01-08,2025-01-15,True
346446,3025,01060,N,20TH AVE NW,"20TH AVE NW, N/O NW 62ND ST; N FLOW; CHAGG; 08Jan2025 11:30",2025-01-08,2025-01-15,True
346448,4455,02095,S,3RD AVE NW,"3RD AVE NW, N/O NW 54TH ST; S FLOW; CHAGG; 08Jan2025 12:00",2025-01-08,2025-01-15,True
346450,2047,00555,N,15TH AVE NE,"15TH AVE NE, S/O NE 65TH ST; N FLOW; CHNB; 08Jan2025 13:15",2025-01-08,2025-01-15,True
346451,2047,00555,S,15TH AVE NE,"15TH AVE NE, S/O NE 65TH ST; S FLOW; CHSB; 08Jan2025 13:15",2025-01-08,2025-01-15,True
346452,3731,01610,N,25TH AVE NE,"25TH AVE NE, S/O NE 75TH ST; N FLOW; CHNB NB; 08Jan2025 13:45",2025-01-08,2025-01-15,True
346453,5363,02705,N,35TH AVE NE,"35TH AVE NE, N/O NE 75TH ST; N FLOW; CHNB; 08Jan2025 15:00",2025-01-08,2025-01-15,True
346454,5363,02705,S,35TH AVE NE,"35TH AVE NE, N/O NE 75TH ST; S FLOW; CHSB; 08Jan2025 15:00",2025-01-08,2025-01-15,True
346455,2047,00555,dir_11,15TH AVE NE,"15TH AVE NE, S/O NE 65TH ST; TOTAL FLOW; CHAGG; 08Jan2025 13:15",2025-01-08,2025-01-15,True
346457,5363,02705,dir_11,35TH AVE NE,"35TH AVE NE, N/O NE 75TH ST; TOTAL FLOW; CHAGG; 08Jan2025 15:00",2025-01-08,2025-01-15,True
346459,3731,01610,S,25TH AVE NE,"25TH AVE NE, S/O NE 75TH ST; S FLOW; CHSB SB; 08Jan2025 13:45",2025-01-08,2025-01-15,True
346460,3731,01610,dir_11,25TH AVE NE,"25TH AVE NE, S/O NE 75TH ST; TOTAL FLOW; CHAGG; 08Jan2025 13:45",2025-01-08,2025-01-15,True
346462,8406,04800,dir_11,8TH AVE NW,"8TH AVE NW, S/O NW 80TH ST; TOTAL FLOW; CHAGG; 07Jan2025 11:00",2025-01-07,2025-01-14,True
346464,18898,14800,dir_11,NW 80TH ST,"NW 80TH ST, W/O 15TH AVE NW; TOTAL FLOW; CHAGG; 07Jan2025 11:30",2025-01-07,2025-01-14,True
346466,3605,01485,dir_11,24TH AVE NW,"24TH AVE NW, S/O NW 80TH ST; TOTAL FLOW; CHAGG; 07Jan2025 12:30",2025-01-07,2025-01-14,True
346468,11752,08620,N,MERIDIAN AVE N,"MERIDIAN AVE N, S/O N 145TH ST; N FLOW; CHNB; 07Jan2025 12:45",2025-01-07,2025-01-14,True
346469,11752,08620,S,MERIDIAN AVE N,"MERIDIAN AVE N, S/O N 145TH ST; S FLOW; CHSB; 07Jan2025 12:45",2025-01-07,2025-01-14,True
346470,15160,11865,W,N 130TH ST,"N 130TH ST, W/O LINDEN AVE N; W FLOW; CHWB; 07Jan2025 12:15",2025-01-07,2025-01-14,True
346471,11752,08620,dir_11,MERIDIAN AVE N,"MERIDIAN AVE N, S/O N 145TH ST; TOTAL FLOW; CHAGG; 07Jan2025 12:45",2025-01-07,2025-01-14,True
346473,15160,11865,E,N 130TH ST,"N 130TH ST, W/O LINDEN AVE N; E FLOW; CHEB; 07Jan2025 12:15",2025-01-07,2025-01-14,True
346474,15160,11865,dir_11,N 130TH ST,"N 130TH ST, W/O LINDEN AVE N; TOTAL FLOW; CHAGG; 07Jan2025 12:15",2025-01-07,2025-01-14,True
346476,1092,00020,N,1ST AVE NE,"1ST AVE NE, S/O NE 95TH ST; N FLOW; CHNB; 09Jan2025 12:00",2025-01-09,2025-01-16,True
346477,9702,05990,N,COLLEGE WAY N,"COLLEGE WAY N, N/O N 97TH ST; N FLOW; CHNB; 09Jan2025 12:00",2025-01-09,2025-01-16,True
346478,9702,05990,S,COLLEGE WAY N,"COLLEGE WAY N, N/O N 97TH ST; S FLOW; CHSB; 09Jan2025 12:00",2025-01-09,2025-01-16,True
346479,9942,06265,dir_11,DAYTON AVE N,"DAYTON AVE N, N/O N 112TH ST; TOTAL FLOW; CHTOT; 09Jan2025 12:15",2025-01-09,2025-01-16,True
346480,1092,00020,dir_11,1ST AVE NE,"1ST AVE NE, S/O NE 95TH ST; TOTAL FLOW; CHTOT; 09Jan2025 12:00",2025-01-09,2025-01-16,True
346481,9702,05990,dir_11,COLLEGE WAY N,"COLLEGE WAY N, N/O N 97TH ST; TOTAL FLOW; CHAGG; 09Jan2025 12:00",2025-01-09,2025-01-16,True
346483,1092,00020,S,1ST AVE NE,"1ST AVE NE, S/O NE 95TH ST; S FLOW; CHAGG; 09Jan2025 12:00",2025-01-09,2025-01-16,True
346485,9942,06265,N,DAYTON AVE N,"DAYTON AVE N, N/O N 112TH ST; N FLOW; CHNB; 09Jan2025 12:15",2025-01-09,2025-01-16,True
346486,9942,06265,S,DAYTON AVE N,"DAYTON AVE N, N/O N 112TH ST; S FLOW; CHAGG; 09Jan2025 12:15",2025-01-09,2025-01-16,True
346488,13202,10115,NE,UNIVERSITY ST,"UNIVERSITY ST, SW/O 4TH AVE; NE FLOW; CHNEB; 14Jan2025 10:30",2025-01-14,2025-01-21,True
346489,10090,06390,N,DEXTER AVE N,"DEXTER AVE N, N/O DEXTER WAY N; N FLOW; CHNB; 14Jan2025 10:45",2025-01-14,2025-01-21,True
346490,23612,18955,W,W NICKERSON ST,"W NICKERSON ST, W/O 3RD AVE W; W FLOW; CHWB; 14Jan2025 11:00",2025-01-14,2025-01-21,True
346491,23619,18955,NE,W NICKERSON ST,"W NICKERSON ST, NE/O EMERSON NICKERSON RP; NE FLOW; CHNEB; 14Jan2025 11:15",2025-01-14,2025-01-21,True
346492,23619,18955,SW,W NICKERSON ST,"W NICKERSON ST, NE/O EMERSON NICKERSON RP; SW FLOW; CHSWB; 14Jan2025 11:15",2025-01-14,2025-01-21,True
346493,23619,18955,dir_11,W NICKERSON ST,"W NICKERSON ST, NE/O EMERSON NICKERSON RP; TOTAL FLOW; CHAGG; 14Jan2025 11:15",2025-01-14,2025-01-21,True
346495,23612,18955,E,W NICKERSON ST,"W NICKERSON ST, W/O 3RD AVE W; E FLOW; CHEB; 14Jan2025 11:00",2025-01-14,2025-01-21,True
346496,23612,18955,dir_11,W NICKERSON ST,"W NICKERSON ST, W/O 3RD AVE W; TOTAL FLOW; CHAGG; 14Jan2025 11:00",2025-01-14,2025-01-21,True
346502,4485,02095,N,3RD AVE NW,"3RD AVE NW, N/O NW 95TH ST; N FLOW; CHNB; 15Jan2025 00:00",2025-01-15,2025-01-22,True
346503,4485,02095,S,3RD AVE NW,"3RD AVE NW, N/O NW 95TH ST; S FLOW; CHSB; 15Jan2025 00:00",2025-01-15,2025-01-22,True
346504,4485,02095,dir_11,3RD AVE NW,"3RD AVE NW, N/O NW 95TH ST; TOTAL FLOW; CHAGG; 15Jan2025 00:00",2025-01-15,2025-01-22,True
346506,9476,05765,N,BROOKLYN AVE NE,"BROOKLYN AVE NE, N/O NE 40TH ST; N FLOW; CHNB; 14Jan2025 00:00",2025-01-14,2025-01-21,True
346507,9476,05765,dir_11,BROOKLYN AVE NE,"BROOKLYN AVE NE, N/O NE 40TH ST; TOTAL FLOW; CHTOT; 14Jan2025 00:00",2025-01-14,2025-01-21,True
346508,13216,10120,S,UNIVERSITY WAY NE,"UNIVERSITY WAY NE, N/O NE 40TH ST; S FLOW; CHSB; 14Jan2025 00:00",2025-01-14,2025-01-21,True
346509,13216,10120,dir_11,UNIVERSITY WAY NE,"UNIVERSITY WAY NE, N/O NE 40TH ST; TOTAL FLOW; CHTOT; 14Jan2025 00:00",2025-01-14,2025-01-21,True
346510,16735,13195,W,NE 40TH ST,"NE 40TH ST, W/O 15TH AVE NE; W FLOW; CHWB; 14Jan2025 00:00",2025-01-14,2025-01-21,True
346511,16735,13195,dir_11,NE 40TH ST,"NE 40TH ST, W/O 15TH AVE NE; TOTAL FLOW; CHTOT; 14Jan2025 00:00",2025-01-14,2025-01-21,True
346512,17989,13872,E,NE CAMPUS PKWY,"NE CAMPUS EB PY, E/O UNIVERSITY WAY NE; E FLOW; CHEB; 14Jan2025 00:00",2025-01-14,2025-01-21,True
346513,17995,13877,W,NE CAMPUS PKWY,"NE CAMPUS WB PY, W/O 15TH AVE NE; W FLOW; CHWB; 14Jan2025 00:00",2025-01-14,2025-01-21,True
346514,16813,13250,W,NE 43RD ST,"NE 43RD ST, E/O UNIVERSITY WAY NE; W FLOW; CHWB; 14Jan2025 00:00",2025-01-14,2025-01-21,True
346515,9476,05765,S,BROOKLYN AVE NE,"BROOKLYN AVE NE, N/O NE 40TH ST; S FLOW; CHAGG; 14Jan2025 00:00",2025-01-14,2025-01-21,True
346519,2035,00555,N,15TH AVE NE,"15TH AVE NE, N/O NE 45TH ST; N FLOW; CHNB; 15Jan2025 00:00",2025-01-15,2025-01-22,True
346520,17903,13785,E,NE 95TH ST,"NE 95TH ST, E/O 40TH AVE NE; E FLOW; CHEB; 15Jan2025 00:00",2025-01-15,2025-01-22,True
346521,17903,13785,dir_11,NE 95TH ST,"NE 95TH ST, E/O 40TH AVE NE; TOTAL FLOW; CHTOT; 15Jan2025 00:00",2025-01-15,2025-01-22,True
346522,17903,13785,W,NE 95TH ST,"NE 95TH ST, E/O 40TH AVE NE; W FLOW; CHAGG; 15Jan2025 00:00",2025-01-15,2025-01-22,True
346524,2035,00555,dir_11,15TH AVE NE,"15TH AVE NE, N/O NE 45TH ST; TOTAL FLOW; CHAGG; 15Jan2025 00:00",2025-01-15,2025-01-22,True
346526,4382,02080,dir_11,3RD AVE,"3RD AVE, SE/O UNION ST; TOTAL FLOW; CHTOTAL; 02Jan2025 00:00",2025-01-02,2025-01-09,True
346527,8728,05045,dir_11,ALASKAN WAY,"ALASKAN WAY, SE/O BLANCHARD ST; TOTAL FLOW; CHTOTAL; 02Jan2025 00:00",2025-01-02,2025-01-09,True
346528,12409,09345,dir_11,RAINIER AVE S,"RAINIER AVE S, S/O S OTHELLO ST; TOTAL FLOW; CHTOTAL; 02Jan2025 00:00",2025-01-02,2025-01-09,True
346529,830984,06556,NW,ELLIOTT WAY,"ELLIOTT WAY, NW/O LENORA ST; NW FLOW; CHNWB; 02Jan2025 00:00",2025-01-02,2025-01-09,True
346530,830984,06556,SE,ELLIOTT WAY,"ELLIOTT WAY, NW/O LENORA ST; SE FLOW; CHSEB; 02Jan2025 00:00",2025-01-02,2025-01-09,True
346531,13330,10258,dir_11,WEST SEATTLE BR EB,"WEST SEATTLE BR EB, E/O DELRIDGE-W SEATTLE BR EB ON RP; TOTAL FLOW; CHTOTAL; 10Jan2025 00:00",2025-01-10,2025-01-17,True
346532,10563,06875,dir_11,FREMONT BR,"FREMONT BR, N/O POINT A; TOTAL FLOW; CHTOTAL; 10Jan2025 00:00",2025-01-10,2025-01-17,True
346533,11159,08015,dir_11,LAKE CITY WAY NE,"LAKE CITY WAY NE, NE/O NE 95TH ST; TOTAL FLOW; CHTOTAL; 10Jan2025 00:00",2025-01-10,2025-01-17,True
346534,19223,15130,E,NW MARKET ST,"NW MARKET ST, W/O 8TH AVE NW; E FLOW; CHEB; 10Jan2025 00:00",2025-01-10,2025-01-17,True
346535,13333,10258,dir_11,WEST SEATTLE BR EB,"WEST SEATTLE BR EB, NE/O FAUNTLEROY WAY SW; TOTAL FLOW; CHTOTAL; 02Jan2025 00:00",2025-01-02,2025-01-09,True
346536,14395,11300,dir_11,EAST MARGINAL WAY S,"EAST MARGINAL WAY S, S/O S ALASKA ST; TOTAL FLOW; CHTOTAL; 02Jan2025 00:00",2025-01-02,2025-01-09,True
346537,22804,18176,dir_11,SW SPOKANE ST BR,"SW SPOKANE BR, W/O SW SPOKANE E ST; TOTAL FLOW; CHTOTAL; 02Jan2025 00:00",2025-01-02,2025-01-09,True
346538,830984,06556,dir_11,ELLIOTT WAY,"ELLIOTT WAY, NW/O LENORA ST; TOTAL FLOW; CHAGG; 02Jan2025 00:00",2025-01-02,2025-01-09,True
346540,19223,15130,dir_11,NW MARKET ST,"NW MARKET ST, W/O 8TH AVE NW; TOTAL FLOW; CHAGG; 10Jan2025 00:00",2025-01-10,2025-01-17,True
346542,16735,13195,E,NE 40TH ST,"NE 40TH ST, W/O 15TH AVE NE; E FLOW; CHAGG; 14Jan2025 00:00",2025-01-14,2025-01-21,True
346544,12652,09485,N,ROOSEVELT WAY NE,"ROOSEVELT WAY NE, S/O NE NORTHGATE WAY; N FLOW; CHNB; 16Jan2025 11:15",2025-01-16,2025-01-23,True
346545,12652,09485,S,ROOSEVELT WAY NE,"ROOSEVELT WAY NE, S/O NE NORTHGATE WAY; S FLOW; CHSB; 16Jan2025 11:15",2025-01-16,2025-01-23,True
346546,17610,13640,E,NE 80TH ST,"NE 80TH ST, E/O 5TH AVE NE; E FLOW; CHEB; 16Jan2025 12:00",2025-01-16,2025-01-23,True
346547,17610,13640,W,NE 80TH ST,"NE 80TH ST, E/O 5TH AVE NE; W FLOW; CHWB; 16Jan2025 12:00",2025-01-16,2025-01-23,True
346548,12968,09810,N,STONE WAY N,"STONE WAY N, S/O N 45TH ST; N FLOW; CHNB; 16Jan2025 12:30",2025-01-16,2025-01-23,True
346549,12968,09810,S,STONE WAY N,"STONE WAY N, S/O N 45TH ST; S FLOW; CHSB; 16Jan2025 12:15",2025-01-16,2025-01-23,True
346550,12652,09485,dir_11,ROOSEVELT WAY NE,"ROOSEVELT WAY NE, S/O NE NORTHGATE WAY; TOTAL FLOW; CHAGG; 16Jan2025 11:15",2025-01-16,2025-01-23,True
346552,17610,13640,dir_11,NE 80TH ST,"NE 80TH ST, E/O 5TH AVE NE; TOTAL FLOW; CHAGG; 16Jan2025 12:00",2025-01-16,2025-01-23,True
346554,12968,09810,dir_11,STONE WAY N,"STONE WAY N, S/O N 45TH ST; TOTAL FLOW; CHAGG; 16Jan2025 12:30",2025-01-16,2025-01-23,True
346556,15382,12035,E,N 39TH ST,"N 39TH ST, E/O DAYTON E AVE N; E FLOW; CHEB; 22Jan2025 13:30",2025-01-22,2025-01-29,True
346557,15382,12035,W,N 39TH ST,"N 39TH ST, E/O DAYTON E AVE N; W FLOW; CHWB; 22Jan2025 13:30",2025-01-22,2025-01-29,True
346558,2295,00690,N,16TH AVE S,"16TH AVE S, S/O S BAYVIEW ST; N FLOW; CHNB; 22Jan2025 11:00",2025-01-22,2025-01-29,True
346559,2295,00690,S,16TH AVE S,"16TH AVE S, S/O S BAYVIEW ST; S FLOW; CHSB; 22Jan2025 11:00",2025-01-22,2025-01-29,True
346560,8418,04800,N,8TH AVE NW,"8TH AVE NW, S/O NW 95TH ST; N FLOW; CHNB; 22Jan2025 12:45",2025-01-22,2025-01-29,True
346561,8418,04800,S,8TH AVE NW,"8TH AVE NW, S/O NW 95TH ST; S FLOW; CHSB; 22Jan2025 12:45",2025-01-22,2025-01-29,True
346562,2295,00690,dir_11,16TH AVE S,"16TH AVE S, S/O S BAYVIEW ST; TOTAL FLOW; CHAGG; 22Jan2025 11:00",2025-01-22,2025-01-29,True
346564,15382,12035,dir_11,N 39TH ST,"N 39TH ST, E/O DAYTON E AVE N; TOTAL FLOW; CHAGG; 22Jan2025 13:30",2025-01-22,2025-01-29,True
346566,17901,13785,E,NE 95TH ST,"NE 95TH ST, E/O 32ND AVE NE; E FLOW; CHEB; 22Jan2025 14:15",2025-01-22,2025-01-29,True
346567,17901,13785,W,NE 95TH ST,"NE 95TH ST, E/O 32ND AVE NE; W FLOW; CHWB; 22Jan2025 14:15",2025-01-22,2025-01-29,True
346568,17901,13785,dir_11,NE 95TH ST,"NE 95TH ST, E/O 32ND AVE NE; TOTAL FLOW; CHAGG; 22Jan2025 14:15",2025-01-22,2025-01-29,True
346570,8418,04800,dir_11,8TH AVE NW,"8TH AVE NW, S/O NW 95TH ST; TOTAL FLOW; CHAGG; 22Jan2025 12:45",2025-01-22,2025-01-29,True
346572,352636,08299,N,M L KING JR WAY S,"M L KING JR ER WAY S, N/O S ANDOVER ST; N FLOW; CHNB; 22Jan2025 11:15",2025-01-22,2025-01-29,True
346573,11530,08303,S,M L KING JR WAY S,"M L KING JR WR WAY S, N/O S ANDOVER ST; S FLOW; CHSB; 22Jan2025 11:15",2025-01-22,2025-01-29,True
346574,352636,08299,dir_11,M L KING JR WAY S,"M L KING JR ER WAY S, N/O S ANDOVER ST; TOTAL FLOW; CHAGG; 22Jan2025 11:15",2025-01-22,2025-01-29,True
346576,10090,06390,S,DEXTER AVE N,"DEXTER AVE N, N/O DEXTER WAY N; S FLOW; CHSB; 23Jan2025 10:30",2025-01-23,2025-01-30,True
346577,10090,06390,dir_11,DEXTER AVE N,"DEXTER AVE N, N/O DEXTER WAY N; TOTAL FLOW; CHAGG; 23Jan2025 10:30",2025-01-23,2025-01-30,True
346579,4474,02095,N,3RD AVE NW,"3RD AVE NW, N/O NW 82ND ST; N FLOW; CHNB; 28Jan2025 12:15",2025-01-28,2025-02-04,True
346580,4474,02095,S,3RD AVE NW,"3RD AVE NW, N/O NW 82ND ST; S FLOW; CHSB; 28Jan2025 12:15",2025-01-28,2025-02-04,True
346581,4464,02095,N,3RD AVE NW,"3RD AVE NW, N/O NW 72ND ST; N FLOW; CHNB; 28Jan2025 12:30",2025-01-28,2025-02-04,True
346582,4464,02095,S,3RD AVE NW,"3RD AVE NW, N/O NW 72ND ST; S FLOW; CHSB; 28Jan2025 12:30",2025-01-28,2025-02-04,True
346583,4459,02095,N,3RD AVE NW,"3RD AVE NW, N/O NW 60TH ST; N FLOW; CHNB; 28Jan2025 12:45",2025-01-28,2025-02-04,True
346584,4459,02095,S,3RD AVE NW,"3RD AVE NW, N/O NW 60TH ST; S FLOW; CHSB; 28Jan2025 12:45",2025-01-28,2025-02-04,True
346585,4474,02095,dir_11,3RD AVE NW,"3RD AVE NW, N/O NW 82ND ST; TOTAL FLOW; CHAGG; 28Jan2025 12:15",2025-01-28,2025-02-04,True
346587,4464,02095,dir_11,3RD AVE NW,"3RD AVE NW, N/O NW 72ND ST; TOTAL FLOW; CHAGG; 28Jan2025 12:30",2025-01-28,2025-02-04,True
346589,4459,02095,dir_11,3RD AVE NW,"3RD AVE NW, N/O NW 60TH ST; TOTAL FLOW; CHAGG; 28Jan2025 12:45",2025-01-28,2025-02-04,True
346591,13961,10965,E,E DENNY WAY,"E DENNY WAY, E/O 17TH AVE; E FLOW; CHEB; 28Jan2025 11:00",2025-01-28,2025-02-04,True
346592,13961,10965,W,E DENNY WAY,"E DENNY WAY, E/O 17TH AVE; W FLOW; CHWB; 28Jan2025 11:00",2025-01-28,2025-02-04,True
346593,13961,10965,dir_11,E DENNY WAY,"E DENNY WAY, E/O 17TH AVE; TOTAL FLOW; CHAGG; 28Jan2025 11:00",2025-01-28,2025-02-04,True
346595,13189,10110,N,UNIVERSITY BR,"UNIVERSITY BR, SW/O POINT A; N FLOW; CHNB; 27Jan2025 11:30",2025-01-27,2025-02-03,True
346596,13189,10110,S,UNIVERSITY BR,"UNIVERSITY BR, SW/O POINT A; S FLOW; CHSB; 27Jan2025 12:30",2025-01-27,2025-02-03,True
346597,15962,12500,E,N 85TH ST,"N 85TH ST, W/O ASHWORTH AVE N; E FLOW; CHEB; 27Jan2025 12:45",2025-01-27,2025-02-03,True
346598,15962,12500,W,N 85TH ST,"N 85TH ST, W/O ASHWORTH AVE N; W FLOW; CHWB; 27Jan2025 11:45",2025-01-27,2025-02-03,True
346599,13189,10110,dir_11,UNIVERSITY BR,"UNIVERSITY BR, SW/O POINT A; TOTAL FLOW; CHAGG; 27Jan2025 12:30",2025-01-27,2025-02-03,True
346601,15962,12500,dir_11,N 85TH ST,"N 85TH ST, W/O ASHWORTH AVE N; TOTAL FLOW; CHAGG; 27Jan2025 12:45",2025-01-27,2025-02-03,True
346603,13216,10120,N,UNIVERSITY WAY NE,"UNIVERSITY WAY NE, N/O NE 40TH ST; N FLOW; CHAGG; 14Jan2025 00:00",2025-01-14,2025-01-21,True
346605,13391,10300,N,WALLINGFORD AVE N,"WALLINGFORD AVE N, S/O N 92ND ST; N FLOW; CHNB; 21Jan2025 12:00",2025-01-21,2025-01-28,True
346606,18629,14655,E,NW 65TH ST,"NW 65TH ST, W/O 23RD AVE NW; E FLOW; CHEB; 21Jan2025 11:30",2025-01-21,2025-01-28,True
346607,18629,14655,dir_11,NW 65TH ST,"NW 65TH ST, W/O 23RD AVE NW; TOTAL FLOW; CHTOT; 21Jan2025 11:30",2025-01-21,2025-01-28,True
346608,18629,14655,W,NW 65TH ST,"NW 65TH ST, W/O 23RD AVE NW; W FLOW; CHAGG; 21Jan2025 11:30",2025-01-21,2025-01-28,True
346610,11209,08055,NW,LAKE WASHINGTON BLVD E,"LAKE WASHINGTON BLVD E, NW/O E MADISON ST; NW FLOW; CHNWB; 29Jan2025 12:45",2025-01-29,2025-02-05,True
346611,11209,08055,SE,LAKE WASHINGTON BLVD E,"LAKE WASHINGTON BLVD E, NW/O E MADISON ST; SE FLOW; CHSEB; 29Jan2025 12:45",2025-01-29,2025-02-05,True
346612,3090,01075,N,20TH AVE W,"20TH AVE W, S/O W DRAVUS ST; N FLOW; CHNB; 29Jan2025 14:15",2025-01-29,2025-02-05,True
346613,3090,01075,S,20TH AVE W,"20TH AVE W, S/O W DRAVUS ST; S FLOW; CHSB; 29Jan2025 14:15",2025-01-29,2025-02-05,True
346614,11209,08055,dir_11,LAKE WASHINGTON BLVD E,"LAKE WASHINGTON BLVD E, NW/O E MADISON ST; TOTAL FLOW; CHAGG; 29Jan2025 12:45",2025-01-29,2025-02-05,True
346616,3090,01075,dir_11,20TH AVE W,"20TH AVE W, S/O W DRAVUS ST; TOTAL FLOW; CHAGG; 29Jan2025 14:15",2025-01-29,2025-02-05,True
346618,12312,09315,N,QUEEN ANNE AVE N,"QUEEN ANNE AVE N, S/O CROCKETT ST; N FLOW; CHNB; 29Jan2025 13:45",2025-01-29,2025-02-05,True
346619,12312,09315,S,QUEEN ANNE AVE N,"QUEEN ANNE AVE N, S/O CROCKETT ST; S FLOW; CHSB; 29Jan2025 13:45",2025-01-29,2025-02-05,True
346620,12312,09315,dir_11,QUEEN ANNE AVE N,"QUEEN ANNE AVE N, S/O CROCKETT ST; TOTAL FLOW; CHAGG; 29Jan2025 13:45",2025-01-29,2025-02-05,True
346622,13400,10300,N,WALLINGFORD AVE N,"WALLINGFORD AVE N, S/O N 145TH ST; N FLOW; CHNB; 29Jan2025 10:45",2025-01-29,2025-02-05,True
346623,13400,10300,S,WALLINGFORD AVE N,"WALLINGFORD AVE N, S/O N 145TH ST; S FLOW; CHSB; 29Jan2025 10:45",2025-01-29,2025-02-05,True
346624,8892,05215,N,ASHWORTH AVE N,"ASHWORTH AVE N, S/O ROOSEVELT WAY N; N FLOW; CHNB; 29Jan2025 11:00",2025-01-29,2025-02-05,True
346625,8892,05215,S,ASHWORTH AVE N,"ASHWORTH AVE N, S/O ROOSEVELT WAY N; S FLOW; CHSB; 29Jan2025 11:00",2025-01-29,2025-02-05,True
346626,10050,06355,N,DENSMORE AVE N,"DENSMORE AVE N, S/O N 105TH ST; N FLOW; CHNB; 29Jan2025 11:15",2025-01-29,2025-02-05,True
346627,10050,06355,S,DENSMORE AVE N,"DENSMORE AVE N, S/O N 105TH ST; S FLOW; CHSB; 29Jan2025 11:15",2025-01-29,2025-02-05,True
346628,13400,10300,dir_11,WALLINGFORD AVE N,"WALLINGFORD AVE N, S/O N 145TH ST; TOTAL FLOW; CHAGG; 29Jan2025 10:45",2025-01-29,2025-02-05,True
346630,8892,05215,dir_11,ASHWORTH AVE N,"ASHWORTH AVE N, S/O ROOSEVELT WAY N; TOTAL FLOW; CHAGG; 29Jan2025 11:00",2025-01-29,2025-02-05,True
346632,10050,06355,dir_11,DENSMORE AVE N,"DENSMORE AVE N, S/O N 105TH ST; TOTAL FLOW; CHAGG; 29Jan2025 11:15",2025-01-29,2025-02-05,True
346634,13391,10300,dir_11,WALLINGFORD AVE N,"WALLINGFORD AVE N, S/O N 92ND ST; TOTAL FLOW; CHTOT; 09Jan2025 11:45",2025-01-09,2025-01-16,True
346635,13391,10300,S,WALLINGFORD AVE N,"WALLINGFORD AVE N, S/O N 92ND ST; S FLOW; CHAGG; 21Jan2025 12:00",2025-01-21,2025-01-28,True
346637,20628,16420,E,S LANDER ST,"S LANDER ST, W/O 6TH AVE S; E FLOW; CHEB; 12Feb2025 11:45",2025-02-12,2025-02-19,True
346638,20628,16420,W,S LANDER ST,"S LANDER ST, W/O 6TH AVE S; W FLOW; CHWB; 12Feb2025 10:45",2025-02-12,2025-02-19,True
346639,8782,05095,E,ALKI AVE SW,"ALKI AVE SW, W/O HARBOR AVE SW; E FLOW; CHEB; 12Feb2025 10:00",2025-02-12,2025-02-19,True
346640,8782,05095,W,ALKI AVE SW,"ALKI AVE SW, W/O HARBOR AVE SW; W FLOW; CHWB; 12Feb2025 10:00",2025-02-12,2025-02-19,True
346641,20628,16420,dir_11,S LANDER ST,"S LANDER ST, W/O 6TH AVE S; TOTAL FLOW; CHAGG; 12Feb2025 11:45",2025-02-12,2025-02-19,True
346643,8782,05095,dir_11,ALKI AVE SW,"ALKI AVE SW, W/O HARBOR AVE SW; TOTAL FLOW; CHAGG; 12Feb2025 10:00",2025-02-12,2025-02-19,True
346645,6663,03530,N,43RD AVE S,"43RD AVE S, S/O S DAKOTA ST; N FLOW; CHNB; 19Feb2025 12:30",2025-02-19,2025-02-26,True
346646,6663,03530,S,43RD AVE S,"43RD AVE S, S/O S DAKOTA ST; S FLOW; CHSB; 19Feb2025 12:30",2025-02-19,2025-02-26,True
346647,6673,03530,N,43RD AVE S,"43RD AVE S, S/O S OTHELLO ST; N FLOW; CHNB; 19Feb2025 13:00",2025-02-19,2025-02-26,True
346648,6673,03530,S,43RD AVE S,"43RD AVE S, S/O S OTHELLO ST; S FLOW; CHSB; 19Feb2025 13:00",2025-02-19,2025-02-26,True
346649,7126,03805,N,48TH AVE S,"48TH AVE S, S/O S KENYON ST; N FLOW; CHNB; 19Feb2025 13:15",2025-02-19,2025-02-26,True
346650,7126,03805,S,48TH AVE S,"48TH AVE S, S/O S KENYON ST; S FLOW; CHSB; 19Feb2025 13:15",2025-02-19,2025-02-26,True
346651,7124,03805,N,48TH AVE S,"48TH AVE S, S/O S HOLDEN ST; N FLOW; CHNB; 19Feb2025 13:45",2025-02-19,2025-02-26,True
346652,7124,03805,S,48TH AVE S,"48TH AVE S, S/O S HOLDEN ST; S FLOW; CHSB; 19Feb2025 13:45",2025-02-19,2025-02-26,True
346653,6663,03530,dir_11,43RD AVE S,"43RD AVE S, S/O S DAKOTA ST; TOTAL FLOW; CHAGG; 19Feb2025 12:30",2025-02-19,2025-02-26,True
346655,6673,03530,dir_11,43RD AVE S,"43RD AVE S, S/O S OTHELLO ST; TOTAL FLOW; CHAGG; 19Feb2025 13:00",2025-02-19,2025-02-26,True
346657,7126,03805,dir_11,48TH AVE S,"48TH AVE S, S/O S KENYON ST; TOTAL FLOW; CHAGG; 19Feb2025 13:15",2025-02-19,2025-02-26,True
346659,7124,03805,dir_11,48TH AVE S,"48TH AVE S, S/O S HOLDEN ST; TOTAL FLOW; CHAGG; 19Feb2025 13:45",2025-02-19,2025-02-26,True
346661,8728,05045,dir_11,ALASKAN WAY,"ALASKAN WAY, SE/O BLANCHARD ST; TOTAL FLOW; CHTOTAL; 11Feb2025 00:00",2025-02-11,2025-02-18,True
346662,4382,02080,dir_11,3RD AVE,"3RD AVE, SE/O UNION ST; TOTAL FLOW; CHTOTAL; 11Feb2025 00:00",2025-02-11,2025-02-18,True
346663,13333,10258,dir_11,WEST SEATTLE BR EB,"WEST SEATTLE BR EB, NE/O FAUNTLEROY WAY SW; TOTAL FLOW; CHTOTAL; 11Feb2025 00:00",2025-02-11,2025-02-18,True
346664,14395,11300,dir_11,EAST MARGINAL WAY S,"EAST MARGINAL WAY S, S/O S ALASKA ST; TOTAL FLOW; CHTOTAL; 11Feb2025 00:00",2025-02-11,2025-02-18,True
346665,22804,18176,dir_11,SW SPOKANE ST BR,"SW SPOKANE BR, W/O SW SPOKANE E ST; TOTAL FLOW; CHTOTAL; 11Feb2025 00:00",2025-02-11,2025-02-18,True
346666,830984,06556,NW,ELLIOTT WAY,"ELLIOTT WAY, NW/O LENORA ST; NW FLOW; CHNWB; 11Feb2025 00:00",2025-02-11,2025-02-18,True
346667,830984,06556,SE,ELLIOTT WAY,"ELLIOTT WAY, NW/O LENORA ST; SE FLOW; CHSEB; 11Feb2025 00:00",2025-02-11,2025-02-18,True
346668,10563,06875,dir_11,FREMONT BR,"FREMONT BR, N/O POINT A; TOTAL FLOW; CHTOTAL; 11Feb2025 00:00",2025-02-11,2025-02-18,True
346669,11159,08015,dir_11,LAKE CITY WAY NE,"LAKE CITY WAY NE, NE/O NE 95TH ST; TOTAL FLOW; CHTOTAL; 11Feb2025 00:00",2025-02-11,2025-02-18,True
346670,19223,15130,E,NW MARKET ST,"NW MARKET ST, W/O 8TH AVE NW; E FLOW; CHEB; 11Feb2025 00:00",2025-02-11,2025-02-18,True
346671,830984,06556,dir_11,ELLIOTT WAY,"ELLIOTT WAY, NW/O LENORA ST; TOTAL FLOW; CHAGG; 11Feb2025 00:00",2025-02-11,2025-02-18,True
346673,12986,09875,N,SUMMIT AVE,"SUMMIT AVE, N/O E PIKE ST; N FLOW; CHNB; 20Feb2025 12:15",2025-02-20,2025-02-27,True
346674,12986,09875,S,SUMMIT AVE,"SUMMIT AVE, N/O E PIKE ST; S FLOW; CHSB; 20Feb2025 12:15",2025-02-20,2025-02-27,True
346675,12986,09875,dir_11,SUMMIT AVE,"SUMMIT AVE, N/O E PIKE ST; TOTAL FLOW; CHAGG; 20Feb2025 12:15",2025-02-20,2025-02-27,True
346677,2902,00985,N,2ND AVE W,"2ND AVE W, N/O W REPUBLICAN ST; N FLOW; CHNB; 20Feb2025 12:30",2025-02-20,2025-02-27,True
346678,2902,00985,S,2ND AVE W,"2ND AVE W, N/O W REPUBLICAN ST; S FLOW; CHSB; 20Feb2025 12:30",2025-02-20,2025-02-27,True
346679,2902,00985,dir_11,2ND AVE W,"2ND AVE W, N/O W REPUBLICAN ST; TOTAL FLOW; CHAGG; 20Feb2025 12:30",2025-02-20,2025-02-27,True
346681,14348,11275,SW,E MADISON ST,"E MADISON ST, SW/O 17TH AVE; SW FLOW; CHSWB; 21Feb2025 11:30",2025-02-21,2025-02-28,True
346682,14348,11275,NE,E MADISON ST,"E MADISON ST, SW/O 17TH AVE; NE FLOW; CHNEB; 21Feb2025 11:30",2025-02-21,2025-02-28,True
346683,13202,10115,NE,UNIVERSITY ST,"UNIVERSITY ST, SW/O 4TH AVE; NE FLOW; CHNEB; 21Feb2025 12:00",2025-02-21,2025-02-28,True
346684,14348,11275,dir_11,E MADISON ST,"E MADISON ST, SW/O 17TH AVE; TOTAL FLOW; CHAGG; 21Feb2025 11:30",2025-02-21,2025-02-28,True
346686,3650,01490,N,24TH AVE S,"24TH AVE S, N/O S GRAHAM ST; N FLOW; CHNB; 19Feb2025 12:15",2025-02-19,2025-02-26,True
346687,3650,01490,S,24TH AVE S,"24TH AVE S, N/O S GRAHAM ST; S FLOW; CHSB; 19Feb2025 12:15",2025-02-19,2025-02-26,True
346688,3650,01490,dir_11,24TH AVE S,"24TH AVE S, N/O S GRAHAM ST; TOTAL FLOW; CHAGG; 19Feb2025 11:15",2025-02-19,2025-02-26,True
346690,20331,16200,E,S HOLGATE ST,"S HOLGATE ST, E/O 20TH AVE S; E FLOW; CHEB; 19Feb2025 10:45",2025-02-19,2025-02-26,True
346691,20331,16200,W,S HOLGATE ST,"S HOLGATE ST, E/O 20TH AVE S; W FLOW; CHWB; 19Feb2025 10:45",2025-02-19,2025-02-26,True
346692,20331,16200,dir_11,S HOLGATE ST,"S HOLGATE ST, E/O 20TH AVE S; TOTAL FLOW; CHAGG; 19Feb2025 10:45",2025-02-19,2025-02-26,True
346694,3632,01490,N,24TH AVE S,"24TH AVE S, N/O S GRAND ST; N FLOW; CHNB; 19Feb2025 11:30",2025-02-19,2025-02-26,True
346695,3632,01490,S,24TH AVE S,"24TH AVE S, N/O S GRAND ST; S FLOW; CHSB; 19Feb2025 11:30",2025-02-19,2025-02-26,True
346696,20152,16065,E,S GRAND ST,"S GRAND ST, E/O 25TH AVE S; E FLOW; CHEB; 19Feb2025 11:15",2025-02-19,2025-02-26,True
346697,20152,16065,W,S GRAND ST,"S GRAND ST, E/O 25TH AVE S; W FLOW; CHWB; 19Feb2025 11:15",2025-02-19,2025-02-26,True
346698,3632,01490,dir_11,24TH AVE S,"24TH AVE S, N/O S GRAND ST; TOTAL FLOW; CHAGG; 19Feb2025 11:30",2025-02-19,2025-02-26,True
346702,8358,04795,N,8TH AVE NE,"8TH AVE NE, N/O NE NORTHGATE WAY; N FLOW; CHNB; 25Feb2025 13:45",2025-02-25,2025-03-04,True
346703,8358,04795,S,8TH AVE NE,"8TH AVE NE, N/O NE NORTHGATE WAY; S FLOW; CHSB; 25Feb2025 13:45",2025-02-25,2025-03-04,True
346704,8358,04795,dir_11,8TH AVE NE,"8TH AVE NE, N/O NE NORTHGATE WAY; TOTAL FLOW; CHAGG; 25Feb2025 13:45",2025-02-25,2025-03-04,True
346706,2080,00555,N,15TH AVE NE,"15TH AVE NE, N/O NE 113TH ST; N FLOW; CHNB; 25Feb2025 14:00",2025-02-25,2025-03-04,True
346707,2080,00555,S,15TH AVE NE,"15TH AVE NE, N/O NE 113TH ST; S FLOW; CHSB; 25Feb2025 14:00",2025-02-25,2025-03-04,True
346708,2080,00555,dir_11,15TH AVE NE,"15TH AVE NE, N/O NE 113TH ST; TOTAL FLOW; CHAGG; 25Feb2025 14:00",2025-02-25,2025-03-04,True
346710,12312,09315,N,QUEEN ANNE AVE N,"QUEEN ANNE AVE N, S/O CROCKETT ST; N FLOW; CHNB; 21Feb2025 12:15",2025-02-21,2025-02-28,True
346711,12312,09315,dir_11,QUEEN ANNE AVE N,"QUEEN ANNE AVE N, S/O CROCKETT ST; TOTAL FLOW; CHTOT; 21Feb2025 12:15",2025-02-21,2025-02-28,True
346712,10000,06345,E,DENNY WAY,"DENNY WAY, W/O 2ND AVE; E FLOW; CHEB; 21Feb2025 13:00",2025-02-21,2025-02-28,True
346713,10000,06345,W,DENNY WAY,"DENNY WAY, W/O 2ND AVE; W FLOW; CHWB; 21Feb2025 12:00",2025-02-21,2025-02-28,True
346714,10000,06345,dir_11,DENNY WAY,"DENNY WAY, W/O 2ND AVE; TOTAL FLOW; CHAGG; 21Feb2025 13:00",2025-02-21,2025-02-28,True
346716,12312,09315,S,QUEEN ANNE AVE N,"QUEEN ANNE AVE N, S/O CROCKETT ST; S FLOW; CHAGG; 21Feb2025 12:15",2025-02-21,2025-02-28,True
346718,12900,09800,SW,STEWART ST,"STEWART ST, NE/O 4TH AVE; SW FLOW; CHSWB; 21Feb2025 10:30 ( use January data)",2025-02-21,2025-02-28,True
346719,13189,10110,N,UNIVERSITY BR,"UNIVERSITY BR, SW/O POINT A; N FLOW; CHNB; 20Feb2025 11:45",2025-02-20,2025-02-27,True
346720,13189,10110,S,UNIVERSITY BR,"UNIVERSITY BR, SW/O POINT A; S FLOW; CHSB; 20Feb2025 11:45",2025-02-20,2025-02-27,True
346721,14073,11075,NE,EAST GREEN LAKE WAY N,"EAST GREEN LAKE WAY N, NE/O N 57TH ST; NE FLOW; CHNEB; 20Feb2025 12:30",2025-02-20,2025-02-27,True
346722,13189,10110,dir_11,UNIVERSITY BR,"UNIVERSITY BR, SW/O POINT A; TOTAL FLOW; CHAGG; 20Feb2025 11:45",2025-02-20,2025-02-27,True
346724,19223,15130,W,NW MARKET ST,"NW MARKET ST, W/O 8TH AVE NW; W FLOW; CHWB; 20Feb2025 13:00",2025-02-20,2025-02-27,True
346725,15962,12500,E,N 85TH ST,"N 85TH ST, W/O ASHWORTH AVE N; E FLOW; CHEB; 20Feb2025 12:45",2025-02-20,2025-02-27,True
346726,15962,12500,W,N 85TH ST,"N 85TH ST, W/O ASHWORTH AVE N; W FLOW; CHWB; 20Feb2025 12:45",2025-02-20,2025-02-27,True
346727,19223,15130,dir_11,NW MARKET ST,"NW MARKET ST, W/O 8TH AVE NW; TOTAL FLOW; CHAGG; 20Feb2025 13:00",2025-02-20,2025-02-27,True
346729,15962,12500,dir_11,N 85TH ST,"N 85TH ST, W/O ASHWORTH AVE N; TOTAL FLOW; CHAGG; 20Feb2025 12:45",2025-02-20,2025-02-27,True
346731,14073,11075,SW,EAST GREEN LAKE WAY N,"EAST GREEN LAKE WAY N, NE/O N 57TH ST; SW FLOW; CHSWB; 20Feb2025 11:15 ( use January data)",2025-02-20,2025-02-27,True
346732,14073,11075,dir_11,EAST GREEN LAKE WAY N,"EAST GREEN LAKE WAY N, NE/O N 57TH ST; TOTAL FLOW; CHAGG; 20Feb2025 12:30",2025-02-20,2025-02-27,True
346734,8460,04805,N,8TH AVE S,"8TH AVE S, S/O S SOUTHERN ST; N FLOW; CHNB; 26Feb2025 11:45",2025-02-26,2025-03-05,True
346735,8459,04805,S,8TH AVE S,"8TH AVE S, N/O S SOUTHERN ST; S FLOW; CHSB; 26Feb2025 11:45",2025-02-26,2025-03-05,True
346738,20152,16065,dir_11,S GRAND ST,"S GRAND ST, E/O 25TH AVE S; TOTAL FLOW; CHAGG; 19Feb2025 11:15",2025-02-19,2025-02-26,True
346740,15020,11740,E,N 105TH ST,"N 105TH ST, E/O DENSMORE AVE N; E FLOW; CHEB; 25Feb2025 13:15",2025-02-25,2025-03-04,True
346741,15020,11740,W,N 105TH ST,"N 105TH ST, E/O DENSMORE AVE N; W FLOW; CHWB; 25Feb2025 13:15",2025-02-25,2025-03-04,True
346742,15020,11740,dir_11,N 105TH ST,"N 105TH ST, E/O DENSMORE AVE N; TOTAL FLOW; CHAGG; 25Feb2025 13:15",2025-02-25,2025-03-04,True
346744,8460,04805,S,8TH AVE S,"8TH AVE S, S/O S SOUTHERN ST; S FLOW; CHSB; 26Feb2025 11:45",2025-02-26,2025-03-05,True
346745,9985,06320,N,DELRIDGE WAY SW,"DELRIDGE WAY SW, N/O SW CLOVERDALE ST; N FLOW; CHNB; 26Feb2025 12:15",2025-02-26,2025-03-05,True
346746,9985,06320,S,DELRIDGE WAY SW,"DELRIDGE WAY SW, N/O SW CLOVERDALE ST; S FLOW; CHSB; 26Feb2025 12:15",2025-02-26,2025-03-05,True
346747,12812,09630,N,SEWARD PARK AVE S,"SEWARD PARK AVE S, N/O WABASH AVE S; N FLOW; CHNB; 26Feb2025 11:15",2025-02-26,2025-03-05,True
346748,12812,09630,S,SEWARD PARK AVE S,"SEWARD PARK AVE S, N/O WABASH AVE S; S FLOW; CHSB; 26Feb2025 11:15",2025-02-26,2025-03-05,True
346749,8460,04805,dir_11,8TH AVE S,"8TH AVE S, S/O S SOUTHERN ST; TOTAL FLOW; CHAGG; 26Feb2025 11:45",2025-02-26,2025-03-05,True
346751,9985,06320,dir_11,DELRIDGE WAY SW,"DELRIDGE WAY SW, N/O SW CLOVERDALE ST; TOTAL FLOW; CHAGG; 26Feb2025 12:15",2025-02-26,2025-03-05,True
346753,12812,09630,dir_11,SEWARD PARK AVE S,"SEWARD PARK AVE S, N/O WABASH AVE S; TOTAL FLOW; CHAGG; 26Feb2025 11:15",2025-02-26,2025-03-05,True
346757,14410,11300,NW,EAST MARGINAL WAY S,"EAST MARGINAL WAY S, NW/O S BRIGHTON ST; NW FLOW; CHNWB NWB; 28Feb2025 11:30",2025-02-28,2025-03-07,True
346758,14410,11300,SE,EAST MARGINAL WAY S,"EAST MARGINAL WAY S, NW/O S BRIGHTON ST; SE FLOW; CHSEB SEB; 28Feb2025 11:30",2025-02-28,2025-03-07,True
346759,14416,11300,NW,EAST MARGINAL WAY S,"EAST MARGINAL WAY S, SE/O ELLIS AVE S; NW FLOW; CHNWB NWB; 28Feb2025 11:45",2025-02-28,2025-03-07,True
346762,14419,11300,NW,EAST MARGINAL WAY S,"EAST MARGINAL WAY S, SE/O 16TH AVE S; NW FLOW; CHNWB; 28Feb2025 12:00",2025-02-28,2025-03-07,True
346763,14419,11300,SE,EAST MARGINAL WAY S,"EAST MARGINAL WAY S, SE/O 16TH AVE S; SE FLOW; CHSEB; 28Feb2025 12:15",2025-02-28,2025-03-07,True
346764,14419,11300,dir_11,EAST MARGINAL WAY S,"EAST MARGINAL WAY S, SE/O 16TH AVE S; TOTAL FLOW; CHAGG; 28Feb2025 12:15",2025-02-28,2025-03-07,True
346768,14410,11300,dir_11,EAST MARGINAL WAY S,"EAST MARGINAL WAY S, NW/O S BRIGHTON ST; TOTAL FLOW; CHAGG; 28Feb2025 11:30",2025-02-28,2025-03-07,True
346770,11796,08620,N,MERIDIAN AVE N,"MERIDIAN AVE N, N/O N 48TH ST; N FLOW; CHNB; 27Feb2025 12:45",2025-02-27,2025-03-06,True
346771,11796,08620,S,MERIDIAN AVE N,"MERIDIAN AVE N, N/O N 48TH ST; S FLOW; CHSB; 27Feb2025 12:45",2025-02-27,2025-03-06,True
346772,20912,16635,E,S MYRTLE ST,"S MYRTLE ST, E/O BEACON ER AVE S; E FLOW; CHEB; 27Feb2025 15:45",2025-02-27,2025-03-06,True
346773,20912,16635,W,S MYRTLE ST,"S MYRTLE ST, E/O BEACON ER AVE S; W FLOW; CHWB; 27Feb2025 15:45",2025-02-27,2025-03-06,True
346777,20912,16635,dir_11,S MYRTLE ST,"S MYRTLE ST, E/O BEACON ER AVE S; TOTAL FLOW; CHAGG; 27Feb2025 15:45",2025-02-27,2025-03-06,True
346779,13045,09940,NW,SWIFT AVE S,"SWIFT AVE S, SE/O S WARSAW ST; NW FLOW; CHNWB; 27Feb2025 15:30",2025-02-27,2025-03-06,True
346780,13045,09940,SE,SWIFT AVE S,"SWIFT AVE S, SE/O S WARSAW ST; SE FLOW; CHSEB; 27Feb2025 15:30",2025-02-27,2025-03-06,True
346783,11796,08620,dir_11,MERIDIAN AVE N,"MERIDIAN AVE N, N/O N 48TH ST; TOTAL FLOW; CHAGG; 27Feb2025 12:45",2025-02-27,2025-03-06,True
346786,8782,05095,E,ALKI AVE SW,"ALKI AVE SW, W/O HARBOR AVE SW; E FLOW; CHEB; 04Mar2025 16:00",2025-03-04,2025-03-11,True
346787,8782,05095,W,ALKI AVE SW,"ALKI AVE SW, W/O HARBOR AVE SW; W FLOW; CHWB; 04Mar2025 16:00",2025-03-04,2025-03-11,True
346788,8782,05095,dir_11,ALKI AVE SW,"ALKI AVE SW, W/O HARBOR AVE SW; TOTAL FLOW; CHAGG; 04Mar2025 16:00",2025-03-04,2025-03-11,True
346792,13045,09940,dir_11,SWIFT AVE S,"SWIFT AVE S, SE/O S WARSAW ST; TOTAL FLOW; CHAGG; 27Feb2025 15:30",2025-02-27,2025-03-06,True
346794,13649,10590,N,WOODLAND PARK AVE N,"WOODLAND PARK AVE N, N/O N 36TH ST; N FLOW; CHNB; 26Feb2025 12:30",2025-02-26,2025-03-05,True
346795,13649,10590,S,WOODLAND PARK AVE N,"WOODLAND PARK AVE N, N/O N 36TH ST; S FLOW; CHSB; 26Feb2025 12:30",2025-02-26,2025-03-05,True
346796,1635,00335,N,12TH AVE NW,"12TH AVE NW, N/O NW 90TH ST; N FLOW; CHNB; 26Feb2025 13:30",2025-02-26,2025-03-05,True
346797,1635,00335,S,12TH AVE NW,"12TH AVE NW, N/O NW 90TH ST; S FLOW; CHSB; 26Feb2025 13:30",2025-02-26,2025-03-05,True
346798,1635,00335,dir_11,12TH AVE NW,"12TH AVE NW, N/O NW 90TH ST; TOTAL FLOW; CHAGG; 26Feb2025 13:30",2025-02-26,2025-03-05,True
346800,13649,10590,dir_11,WOODLAND PARK AVE N,"WOODLAND PARK AVE N, N/O N 36TH ST; TOTAL FLOW; CHAGG; 26Feb2025 12:30",2025-02-26,2025-03-05,True
346802,10000,06345,E,DENNY WAY,"DENNY WAY, W/O 2ND AVE; E FLOW; CHEB; 04Mar2025 11:45",2025-03-04,2025-03-11,True
346803,12900,09800,SW,STEWART ST,"STEWART ST, NE/O 4TH AVE; SW FLOW; CHSWB; 04Mar2025 11:45",2025-03-04,2025-03-11,True
346804,13202,10115,NE,UNIVERSITY ST,"UNIVERSITY ST, SW/O 4TH AVE; NE FLOW; CHNEB; 04Mar2025 11:30",2025-03-04,2025-03-11,True
346805,14348,11275,NE,E MADISON ST,"E MADISON ST, SW/O 17TH AVE; NE FLOW; CHNEB; 04Mar2025 13:00",2025-03-04,2025-03-11,True
346806,14348,11275,SW,E MADISON ST,"E MADISON ST, SW/O 17TH AVE; SW FLOW; CHSWB; 04Mar2025 13:00",2025-03-04,2025-03-11,True
346807,14348,11275,dir_11,E MADISON ST,"E MADISON ST, SW/O 17TH AVE; TOTAL FLOW; CHAGG; 04Mar2025 13:00",2025-03-04,2025-03-11,True
346809,12312,09315,dir_11,QUEEN ANNE AVE N,"QUEEN ANNE AVE N, S/O CROCKETT ST; TOTAL FLOW; CHTOT; 04Mar2025 12:00",2025-03-04,2025-03-11,True
346810,12312,09315,N,QUEEN ANNE AVE N,"QUEEN ANNE AVE N, S/O CROCKETT ST; N FLOW; CHNB; 04Mar2025 12:00",2025-03-04,2025-03-11,True
346811,1960,00465,N,14TH AVE S,"14TH AVE S, N/O S DIRECTOR ST; N FLOW; CHNB NB; 05Mar2025 13:30",2025-03-05,2025-03-12,True
346812,1960,00465,S,14TH AVE S,"14TH AVE S, N/O S DIRECTOR ST; S FLOW; CHSB SB; 05Mar2025 13:30",2025-03-05,2025-03-12,True
346813,2315,00690,N,16TH AVE S,"16TH AVE S, N/O 16TH AVE S BR; N FLOW; CHNB NB; 05Mar2025 12:45",2025-03-05,2025-03-12,True
346814,6261,03150,N,4TH AVE S,"4TH AVE S, N/O S MICHIGAN ST; N FLOW; CHNB NB; 05Mar2025 12:15",2025-03-05,2025-03-12,True
346815,6261,03150,S,4TH AVE S,"4TH AVE S, N/O S MICHIGAN ST; S FLOW; CHSB SB; 05Mar2025 12:00",2025-03-05,2025-03-12,True
346816,1960,00465,dir_11,14TH AVE S,"14TH AVE S, N/O S DIRECTOR ST; TOTAL FLOW; CHAGG; 05Mar2025 13:30",2025-03-05,2025-03-12,True
346818,6261,03150,dir_11,4TH AVE S,"4TH AVE S, N/O S MICHIGAN ST; TOTAL FLOW; CHAGG; 05Mar2025 12:15",2025-03-05,2025-03-12,True
346822,3172,01170,N,21ST AVE S,"21ST AVE S, N/O S HILL ST; N FLOW; CHNB; 06Mar2025 11:30",2025-03-06,2025-03-13,True
346823,3172,01170,S,21ST AVE S,"21ST AVE S, N/O S HILL ST; S FLOW; CHSB; 06Mar2025 11:30",2025-03-06,2025-03-13,True
346824,3313,01255,N,22ND AVE S,"22ND AVE S, N/O S BAYVIEW ST; N FLOW; CHNB; 06Mar2025 11:45",2025-03-06,2025-03-13,True
346825,3313,01255,S,22ND AVE S,"22ND AVE S, N/O S BAYVIEW ST; S FLOW; CHSB; 06Mar2025 11:45",2025-03-06,2025-03-13,True
346826,3172,01170,dir_11,21ST AVE S,"21ST AVE S, N/O S HILL ST; TOTAL FLOW; CHAGG; 06Mar2025 11:30",2025-03-06,2025-03-13,True
346828,3313,01255,dir_11,22ND AVE S,"22ND AVE S, N/O S BAYVIEW ST; TOTAL FLOW; CHAGG; 06Mar2025 11:45",2025-03-06,2025-03-13,True
346830,9246,05465,N,BELMONT AVE E,"BELMONT AVE E, N/O BELLEVUE PL E; N FLOW; CHNB; 06Mar2025 12:30",2025-03-06,2025-03-13,True
346831,9246,05465,S,BELMONT AVE E,"BELMONT AVE E, N/O BELLEVUE PL E; S FLOW; CHSB; 06Mar2025 12:30",2025-03-06,2025-03-13,True
346832,9246,05465,dir_11,BELMONT AVE E,"BELMONT AVE E, N/O BELLEVUE PL E; TOTAL FLOW; CHAGG; 06Mar2025 12:30",2025-03-06,2025-03-13,True
346834,6150,03135,N,4TH AVE N,"4TH AVE N, N/O VALLEY ST; N FLOW; CHNB; 06Mar2025 13:00",2025-03-06,2025-03-13,True
346835,6150,03135,S,4TH AVE N,"4TH AVE N, N/O VALLEY ST; S FLOW; CHSB; 06Mar2025 13:00",2025-03-06,2025-03-13,True
346836,6150,03135,dir_11,4TH AVE N,"4TH AVE N, N/O VALLEY ST; TOTAL FLOW; CHAGG; 06Mar2025 13:00",2025-03-06,2025-03-13,True
346838,9833,06115,S,CORSON AVE S,"CORSON AVE S, S/O S MICHIGAN ST; S FLOW; CHSB; 07Mar2025 17:00",2025-03-07,2025-03-14,True
346839,9833,06115,N,CORSON AVE S,"CORSON AVE S, S/O S MICHIGAN ST; N FLOW; CHNB; 07Mar2025 17:00",2025-03-07,2025-03-14,True
346840,20241,16155,E,S HENDERSON ST,"S HENDERSON ST, E/O RENTON AVE S; E FLOW; CHEB; 07Mar2025 18:00",2025-03-07,2025-03-14,True
346841,20241,16155,W,S HENDERSON ST,"S HENDERSON ST, E/O RENTON AVE S; W FLOW; CHWB; 07Mar2025 18:00",2025-03-07,2025-03-14,True
346842,20911,16635,E,S MYRTLE ST,"S MYRTLE ST, W/O BEACON WR AVE S; E FLOW; CHEB; 07Mar2025 17:30",2025-03-07,2025-03-14,True
346843,20911,16635,W,S MYRTLE ST,"S MYRTLE ST, W/O BEACON WR AVE S; W FLOW; CHWB; 07Mar2025 17:30",2025-03-07,2025-03-14,True
346844,9833,06115,dir_11,CORSON AVE S,"CORSON AVE S, S/O S MICHIGAN ST; TOTAL FLOW; CHAGG; 07Mar2025 17:00",2025-03-07,2025-03-14,True
346846,20911,16635,dir_11,S MYRTLE ST,"S MYRTLE ST, W/O BEACON WR AVE S; TOTAL FLOW; CHAGG; 07Mar2025 17:30",2025-03-07,2025-03-14,True
346848,20241,16155,dir_11,S HENDERSON ST,"S HENDERSON ST, E/O RENTON AVE S; TOTAL FLOW; CHAGG; 07Mar2025 18:00",2025-03-07,2025-03-14,True
346850,11159,08015,dir_11,LAKE CITY WAY NE,"LAKE CITY WAY NE, NE/O NE 95TH ST; TOTAL FLOW; CHTOTAL; 01Mar2025 00:00",2025-03-01,2025-03-08,True
346851,19223,15130,E,NW MARKET ST,"NW MARKET ST, W/O 8TH AVE NW; E FLOW; CHEB; 01Mar2025 00:00",2025-03-01,2025-03-08,True
346852,14407,11300,NW,EAST MARGINAL WAY S,"EAST MARGINAL WAY S, NW/O S MICHIGAN ST; NW FLOW; CHNWB NWB; 07Mar2025 13:15",2025-03-07,2025-03-14,True
346853,14407,11300,SE,EAST MARGINAL WAY S,"EAST MARGINAL WAY S, NW/O S MICHIGAN ST; SE FLOW; CHSEB SEB; 07Mar2025 13:15",2025-03-07,2025-03-14,True
346854,20849,16565,NE,S MICHIGAN ST,"S MICHIGAN ST, NE/O 7TH AVE S; NE FLOW; CHNEB NEB; 07Mar2025 10:30",2025-03-07,2025-03-14,True
346855,14407,11300,dir_11,EAST MARGINAL WAY S,"EAST MARGINAL WAY S, NW/O S MICHIGAN ST; TOTAL FLOW; CHAGG; 07Mar2025 13:15",2025-03-07,2025-03-14,True
346857,20849,16565,SW,S MICHIGAN ST,"S MICHIGAN ST, NE/O 7TH AVE S; SW FLOW; CHSWB SWB; 07Mar2025 10:30",2025-03-07,2025-03-14,True
346858,20849,16565,dir_11,S MICHIGAN ST,"S MICHIGAN ST, NE/O 7TH AVE S; TOTAL FLOW; CHAGG; 07Mar2025 10:30",2025-03-07,2025-03-14,True
346860,2315,00690,S,16TH AVE S,"16TH AVE S, N/O 16TH AVE S BR; S FLOW; CHSBSB; 05Mar2025 12:45",2025-03-05,2025-03-12,True
346861,2315,00690,dir_11,16TH AVE S,"16TH AVE S, N/O 16TH AVE S BR; TOTAL FLOW; CHAGG; 05Mar2025 12:45",2025-03-05,2025-03-12,True
346863,14416,11300,SE,EAST MARGINAL WAY S,"EAST MARGINAL WAY S, SE/O ELLIS AVE S; SE FLOW; CHSEB SEB; 11Mar2025 14:30",2025-03-11,2025-03-18,True
346864,335407,02025,NW,29TH AVE S,"29TH AVE S, SE/O S GENESEE S ST; NW FLOW; CHNWB; 11Mar2025 14:00",2025-03-11,2025-03-18,True
346865,335407,02025,SE,29TH AVE S,"29TH AVE S, SE/O S GENESEE S ST; SE FLOW; CHSEB; 11Mar2025 14:00",2025-03-11,2025-03-18,True
346866,14416,11300,dir_11,EAST MARGINAL WAY S,"EAST MARGINAL WAY S, SE/O ELLIS AVE S; TOTAL FLOW; CHAGG; 11Mar2025 14:30",2025-03-11,2025-03-18,True
346868,335407,02025,dir_11,29TH AVE S,"29TH AVE S, SE/O S GENESEE S ST; TOTAL FLOW; CHAGG; 11Mar2025 14:00",2025-03-11,2025-03-18,True
346870,8706,05015,N,AIRPORT WAY S,"AIRPORT NB WAY S, S/O S ROYAL BROUGHAM WAY; N FLOW; CHNB NB; 11Mar2025 12:30",2025-03-11,2025-03-18,True
346871,8709,05025,S,AIRPORT WAY S,"AIRPORT SB WAY S, S/O S ROYAL BROUGHAM WAY; S FLOW; CHSB SB; 11Mar2025 13:30",2025-03-11,2025-03-18,True
346872,21217,16895,E,S ROYAL BROUGHAM WAY,"S ROYAL BROUGHAM WAY, E/O 4TH AVE S; E FLOW; CHEB EB; 11Mar2025 13:00",2025-03-11,2025-03-18,True
346873,21217,16895,W,S ROYAL BROUGHAM WAY,"S ROYAL BROUGHAM WAY, E/O 4TH AVE S; W FLOW; CHWB WB; 11Mar2025 13:00",2025-03-11,2025-03-18,True
346874,21217,16895,dir_11,S ROYAL BROUGHAM WAY,"S ROYAL BROUGHAM WAY, E/O 4TH AVE S; TOTAL FLOW; CHAGG; 11Mar2025 13:00",2025-03-11,2025-03-18,True
346876,13507,10420,NW,WESTERN AVE,"WESTERN AVE, NW/O LENORA ST; NW FLOW; CHNWB; 11Mar2025 12:00",2025-03-11,2025-03-18,True
346877,13516,10420,NW,WESTERN AVE,"WESTERN AVE, SE/O BAY ST; NW FLOW; CHNWB; 11Mar2025 12:15",2025-03-11,2025-03-18,True
346878,10357,06745,NE,FAIRVIEW AVE N,"FAIRVIEW AVE N, NE/O YALE AVE N; NE FLOW; CHNEB; 11Mar2025 13:15",2025-03-11,2025-03-18,True
346879,10357,06745,SW,FAIRVIEW AVE N,"FAIRVIEW AVE N, NE/O YALE AVE N; SW FLOW; CHSWB; 11Mar2025 13:15",2025-03-11,2025-03-18,True
346880,13543,10440,N,WESTLAKE AVE N,"WESTLAKE AVE N, S/O NEWTON ST; N FLOW; CHNB; 11Mar2025 12:45",2025-03-11,2025-03-18,True
346881,13543,10440,S,WESTLAKE AVE N,"WESTLAKE AVE N, S/O NEWTON ST; S FLOW; CHSB; 11Mar2025 12:45",2025-03-11,2025-03-18,True
346882,10357,06745,dir_11,FAIRVIEW AVE N,"FAIRVIEW AVE N, NE/O YALE AVE N; TOTAL FLOW; CHAGG; 11Mar2025 13:15",2025-03-11,2025-03-18,True
346884,13543,10440,dir_11,WESTLAKE AVE N,"WESTLAKE AVE N, S/O NEWTON ST; TOTAL FLOW; CHAGG; 11Mar2025 12:45",2025-03-11,2025-03-18,True
346886,12419,09345,S,RAINIER AVE S,"RAINIER AVE S, S/O S CLOVERDALE ST; S FLOW; CHSB SB; 12Mar2025 14:30",2025-03-12,2025-03-19,True
346887,12419,09345,N,RAINIER AVE S,"RAINIER AVE S, S/O S CLOVERDALE ST; N FLOW; CHNB NB; 12Mar2025 14:30",2025-03-12,2025-03-19,True
346888,485834,08303,S,M L KING JR WAY S,"M L KING JR WR WAY S, N/O S BRANDON ST; S FLOW; CHSB SB; 12Mar2025 13:45",2025-03-12,2025-03-19,True
346889,12419,09345,dir_11,RAINIER AVE S,"RAINIER AVE S, S/O S CLOVERDALE ST; TOTAL FLOW; CHAGG; 12Mar2025 14:30",2025-03-12,2025-03-19,True
346891,11545,08299,N,M L KING JR WAY S,"M L KING JR ER WAY S, N/O S BRANDON ST; N FLOW; CHNB NB; 12Mar2025 13:45",2025-03-12,2025-03-19,True
346892,485834,08303,dir_11,M L KING JR WAY S,"M L KING JR WR WAY S, N/O S BRANDON ST; TOTAL FLOW; CHAGG; 12Mar2025 13:45",2025-03-12,2025-03-19,True
346894,11515,08293,N,M L KING JR WAY S,"M L KING JR WAY S, N/O S WALKER ST; N FLOW; CHNB NB; 12Mar2025 13:00",2025-03-12,2025-03-19,True
346895,19223,15130,W,NW MARKET ST,"NW MARKET ST, W/O 8TH AVE NW; W FLOW; CHWB; 12Mar2025 11:30",2025-03-12,2025-03-19,True
346896,19223,15130,dir_11,NW MARKET ST,"NW MARKET ST, W/O 8TH AVE NW; TOTAL FLOW; CHAGG; 12Mar2025 11:30",2025-03-12,2025-03-19,True
346898,15962,12500,E,N 85TH ST,"N 85TH ST, W/O ASHWORTH AVE N; E FLOW; CHEB; 12Mar2025 12:00",2025-03-12,2025-03-19,True
346899,15962,12500,W,N 85TH ST,"N 85TH ST, W/O ASHWORTH AVE N; W FLOW; CHWB; 12Mar2025 12:00",2025-03-12,2025-03-19,True
346900,14073,11075,NE,EAST GREEN LAKE WAY N,"EAST GREEN LAKE WAY N, NE/O N 57TH ST; NE FLOW; CHNEB; 12Mar2025 11:45",2025-03-12,2025-03-19,True
346901,14073,11075,SW,EAST GREEN LAKE WAY N,"EAST GREEN LAKE WAY N, NE/O N 57TH ST; SW FLOW; CHSWB; 12Mar2025 11:45",2025-03-12,2025-03-19,True
346902,15962,12500,dir_11,N 85TH ST,"N 85TH ST, W/O ASHWORTH AVE N; TOTAL FLOW; CHAGG; 12Mar2025 12:00",2025-03-12,2025-03-19,True
346904,14073,11075,dir_11,EAST GREEN LAKE WAY N,"EAST GREEN LAKE WAY N, NE/O N 57TH ST; TOTAL FLOW; CHAGG; 12Mar2025 11:45",2025-03-12,2025-03-19,True
346907,19644,15590,NE,S CLOVERDALE ST,"S CLOVERDALE ST, NE/O 1ST AVE S; NE FLOW; CHNEB; 13Mar2025 10:00",2025-03-13,2025-03-20,True
346908,19644,15590,SW,S CLOVERDALE ST,"S CLOVERDALE ST, NE/O 1ST AVE S; SW FLOW; CHSWB; 13Mar2025 10:00",2025-03-13,2025-03-20,True
346909,23526,18843,SE,WEST MARGINAL WAY S,"WEST MARGINAL WAY S, NW/O S HOLDEN ST; SE FLOW; CHSEB SEB; 13Mar2025 11:45",2025-03-13,2025-03-20,True
346910,10897,07255,W,HIGHLAND PARK WAY SW,"HIGHLAND PARK WAY SW, W/O 2ND AVE SW; W FLOW; CHWB WB; 13Mar2025 12:30",2025-03-13,2025-03-20,True
346911,10897,07255,E,HIGHLAND PARK WAY SW,"HIGHLAND PARK WAY SW, W/O 2ND AVE SW; E FLOW; CHEB EB; 13Mar2025 12:30",2025-03-13,2025-03-20,True
346912,19644,15590,dir_11,S CLOVERDALE ST,"S CLOVERDALE ST, NE/O 1ST AVE S; TOTAL FLOW; CHAGG; 13Mar2025 10:00",2025-03-13,2025-03-20,True
346914,10897,07255,dir_11,HIGHLAND PARK WAY SW,"HIGHLAND PARK WAY SW, W/O 2ND AVE SW; TOTAL FLOW; CHAGG; 13Mar2025 12:30",2025-03-13,2025-03-20,True
346916,23526,18843,NW,WEST MARGINAL WAY S,"WEST MARGINAL WAY S, NW/O S HOLDEN ST; NW FLOW; CHNWB NWB; 13Mar2025 11:45",2025-03-13,2025-03-20,True
346917,23526,18843,dir_11,WEST MARGINAL WAY S,"WEST MARGINAL WAY S, NW/O S HOLDEN ST; TOTAL FLOW; CHAGG; 13Mar2025 11:45",2025-03-13,2025-03-20,True
346919,4382,02080,dir_11,3RD AVE,"3RD AVE, SE/O UNION ST; TOTAL FLOW; CHTOTAL; 01Mar2025 00:00",2025-03-01,2025-03-08,True
346920,10563,06875,dir_11,FREMONT BR,"FREMONT BR, N/O POINT A; TOTAL FLOW; CHTOTAL; 01Mar2025 00:00",2025-03-01,2025-03-08,True
346922,13189,10110,dir_11,UNIVERSITY BR,"UNIVERSITY BR, SW/O POINT A; TOTAL FLOW; CHTOTAL; 01Mar2025 00:00",2025-03-01,2025-03-08,True
346923,13330,10258,dir_11,WEST SEATTLE BR EB,"WEST SEATTLE BR EB, E/O DELRIDGE-W SEATTLE BR EB ON RP; TOTAL FLOW; CHTOTAL; 01Mar2025 00:00",2025-03-01,2025-03-08,True
346924,12409,09345,dir_11,RAINIER AVE S,"RAINIER AVE S, S/O S OTHELLO ST; TOTAL FLOW; CHTOTAL; 11Mar2025 00:00",2025-03-11,2025-03-18,True
346925,13333,10258,dir_11,WEST SEATTLE BR EB,"WEST SEATTLE BR EB, NE/O FAUNTLEROY WAY SW; TOTAL FLOW; CHTOTAL; 11Mar2025 00:00",2025-03-11,2025-03-18,True
346926,14395,11300,dir_11,EAST MARGINAL WAY S,"EAST MARGINAL WAY S, S/O S ALASKA ST; TOTAL FLOW; CHTOTAL; 11Mar2025 00:00",2025-03-11,2025-03-18,True
346927,22804,18176,dir_11,SW SPOKANE ST BR,"SW SPOKANE BR, W/O SW SPOKANE E ST; TOTAL FLOW; CHTOTAL; 11Mar2025 00:00",2025-03-11,2025-03-18,True
346928,13330,10258,dir_11,WEST SEATTLE BR EB,"WEST SEATTLE BR EB, E/O DELRIDGE-W SEATTLE BR EB ON RP; TOTAL FLOW; CHTOTAL; 22Feb2025 00:00",2025-02-22,2025-03-01,True
346929,12409,09345,dir_11,RAINIER AVE S,"RAINIER AVE S, S/O S OTHELLO ST; TOTAL FLOW; CHTOTAL; 22Feb2025 00:00",2025-02-22,2025-03-01,True
346930,12799,09630,N,SEWARD PARK AVE S,"SEWARD PARK AVE S, S/O S MORGAN ST; N FLOW; CHNB; 14Mar2025 09:15",2025-03-14,2025-03-21,True
346931,12799,09630,S,SEWARD PARK AVE S,"SEWARD PARK AVE S, S/O S MORGAN ST; S FLOW; CHSB; 14Mar2025 09:15",2025-03-14,2025-03-21,True
346932,13370,10300,N,WALLINGFORD AVE N,"WALLINGFORD AVE N, N/O N 42ND ST; N FLOW; CHNB; 14Mar2025 12:15",2025-03-14,2025-03-21,True
346933,13370,10300,S,WALLINGFORD AVE N,"WALLINGFORD AVE N, N/O N 42ND ST; S FLOW; CHSB; 14Mar2025 12:15",2025-03-14,2025-03-21,True
346934,12799,09630,dir_11,SEWARD PARK AVE S,"SEWARD PARK AVE S, S/O S MORGAN ST; TOTAL FLOW; CHAGG; 14Mar2025 09:15",2025-03-14,2025-03-21,True
346936,13370,10300,dir_11,WALLINGFORD AVE N,"WALLINGFORD AVE N, N/O N 42ND ST; TOTAL FLOW; CHAGG; 14Mar2025 12:15",2025-03-14,2025-03-21,True
346938,17571,13615,E,NE 77TH ST,"NE 77TH ST, W/O 21ST AVE NE; E FLOW; CHEB; 14Mar2025 14:45",2025-03-14,2025-03-21,True
346939,17571,13615,W,NE 77TH ST,"NE 77TH ST, W/O 21ST AVE NE; W FLOW; CHWB; 14Mar2025 14:45",2025-03-14,2025-03-21,True
346940,3138,01160,N,21ST AVE NE,"21ST AVE NE, N/O NE 77TH ST; N FLOW; CHNB; 14Mar2025 14:30",2025-03-14,2025-03-21,True
346941,3138,01160,S,21ST AVE NE,"21ST AVE NE, N/O NE 77TH ST; S FLOW; CHSB; 14Mar2025 14:30",2025-03-14,2025-03-21,True
346942,17571,13615,dir_11,NE 77TH ST,"NE 77TH ST, W/O 21ST AVE NE; TOTAL FLOW; CHAGG; 14Mar2025 14:45",2025-03-14,2025-03-21,True
346944,7218,03860,N,49TH AVE SW,"49TH AVE SW, N/O SW GRAHAM ST; N FLOW; CHNB; 14Mar2025 11:00",2025-03-14,2025-03-21,True
346945,7218,03860,S,49TH AVE SW,"49TH AVE SW, N/O SW GRAHAM ST; S FLOW; CHSB; 14Mar2025 11:00",2025-03-14,2025-03-21,True
346946,3138,01160,dir_11,21ST AVE NE,"21ST AVE NE, N/O NE 77TH ST; TOTAL FLOW; CHAGG; 14Mar2025 14:30",2025-03-14,2025-03-21,True
346948,7218,03860,dir_11,49TH AVE SW,"49TH AVE SW, N/O SW GRAHAM ST; TOTAL FLOW; CHAGG; 14Mar2025 11:00",2025-03-14,2025-03-21,True
346950,8654,05000,NW,AIRPORT WAY S,"AIRPORT WAY S, SE/O MAYNARD AVE S; NW FLOW; CHNWB; 13Mar2025 11:00",2025-03-13,2025-03-20,True
346951,8654,05000,SE,AIRPORT WAY S,"AIRPORT WAY S, SE/O MAYNARD AVE S; SE FLOW; CHSEB; 13Mar2025 11:00",2025-03-13,2025-03-20,True
346952,10000,06345,W,DENNY WAY,"DENNY WAY, W/O 2ND AVE; W FLOW; CHWB; 13Mar2025 12:30",2025-03-13,2025-03-20,True
346953,10000,06345,dir_11,DENNY WAY,"DENNY WAY, W/O 2ND AVE; TOTAL FLOW; CHAGG; 13Mar2025 12:30",2025-03-13,2025-03-20,True
346955,8654,05000,dir_11,AIRPORT WAY S,"AIRPORT WAY S, SE/O MAYNARD AVE S; TOTAL FLOW; CHAGG; 13Mar2025 11:00",2025-03-13,2025-03-20,True
346957,8651,09590,NW,SEATTLE BLVD S,"SEATTLE BLVD S, SE/O S DEARBORN ST; NW FLOW; CHNWB; 13Mar2025 11:15",2025-03-13,2025-03-20,True
346958,8651,09590,SE,SEATTLE BLVD S,"SEATTLE BLVD S, SE/O S DEARBORN ST; SE FLOW; CHSEB; 13Mar2025 11:15",2025-03-13,2025-03-20,True
346959,8723,05045,NW,ALASKAN WAY,"ALASKAN WAY, SE/O UNION ST; NW FLOW; CHNWB; 13Mar2025 12:00",2025-03-13,2025-03-20,True
346960,8651,09590,dir_11,SEATTLE BLVD S,"SEATTLE BLVD S, SE/O S DEARBORN ST; TOTAL FLOW; CHAGG; 13Mar2025 11:15",2025-03-13,2025-03-20,True
346962,14218,11190,E,E JEFFERSON ST,"E JEFFERSON ST, E/O 10TH AVE; E FLOW; CHEB; 19Mar2025 10:45",2025-03-19,2025-03-26,True
346963,14218,11190,W,E JEFFERSON ST,"E JEFFERSON ST, E/O 10TH AVE; W FLOW; CHWB; 19Mar2025 10:45",2025-03-19,2025-03-26,True
346964,14218,11190,dir_11,E JEFFERSON ST,"E JEFFERSON ST, E/O 10TH AVE; TOTAL FLOW; CHAGG; 19Mar2025 10:45",2025-03-19,2025-03-26,True
346966,10889,07250,E,HIGHLAND DR,"HIGHLAND DR, E/O 4TH AVE N; E FLOW; CHEB; 19Mar2025 12:15",2025-03-19,2025-03-26,True
346967,10889,07250,W,HIGHLAND DR,"HIGHLAND DR, E/O 4TH AVE N; W FLOW; CHWB; 19Mar2025 12:15",2025-03-19,2025-03-26,True
346968,12277,09270,E,PROSPECT ST,"PROSPECT ST, E/O 4TH AVE N; E FLOW; CHEB; 19Mar2025 12:00",2025-03-19,2025-03-26,True
346969,12277,09270,W,PROSPECT ST,"PROSPECT ST, E/O 4TH AVE N; W FLOW; CHWB; 19Mar2025 12:00",2025-03-19,2025-03-26,True
346970,8810,05115,E,ALOHA ST,"ALOHA ST, E/O 4TH AVE N; E FLOW; CHEB; 19Mar2025 11:45",2025-03-19,2025-03-26,True
346971,8810,05115,W,ALOHA ST,"ALOHA ST, E/O 4TH AVE N; W FLOW; CHWB; 19Mar2025 11:45",2025-03-19,2025-03-26,True
346972,13259,10160,E,VALLEY ST,"VALLEY ST, E/O 4TH AVE N; E FLOW; CHEB; 19Mar2025 11:15",2025-03-19,2025-03-26,True
346973,13259,10160,W,VALLEY ST,"VALLEY ST, E/O 4TH AVE N; W FLOW; CHWB; 19Mar2025 11:15",2025-03-19,2025-03-26,True
346974,10889,07250,dir_11,HIGHLAND DR,"HIGHLAND DR, E/O 4TH AVE N; TOTAL FLOW; CHAGG; 19Mar2025 12:15",2025-03-19,2025-03-26,True
346976,12277,09270,dir_11,PROSPECT ST,"PROSPECT ST, E/O 4TH AVE N; TOTAL FLOW; CHAGG; 19Mar2025 12:00",2025-03-19,2025-03-26,True
346978,8810,05115,dir_11,ALOHA ST,"ALOHA ST, E/O 4TH AVE N; TOTAL FLOW; CHAGG; 19Mar2025 11:45",2025-03-19,2025-03-26,True
346980,13259,10160,dir_11,VALLEY ST,"VALLEY ST, E/O 4TH AVE N; TOTAL FLOW; CHAGG; 19Mar2025 11:15",2025-03-19,2025-03-26,True
346982,20628,16420,W,S LANDER ST,"S LANDER ST, W/O 6TH AVE S; W FLOW; CHWB; 19Mar2025 10:15",2025-03-19,2025-03-26,True
346983,11515,08293,S,M L KING JR WAY S,"M L KING JR WAY S, N/O S WALKER ST; S FLOW; CHSB SB; 19Mar2025 14:30",2025-03-19,2025-03-26,True
346984,11515,08293,dir_11,M L KING JR WAY S,"M L KING JR WAY S, N/O S WALKER ST; TOTAL FLOW; CHAGG; 19Mar2025 14:30",2025-03-19,2025-03-26,True
346986,18037,13945,E,NE PACIFIC PL,"NE PACIFIC PL, W/O MONTLAKE BLVD NE; E FLOW; CHEB; 18Mar2025 13:00",2025-03-18,2025-03-25,True
346987,18037,13945,W,NE PACIFIC PL,"NE PACIFIC PL, W/O MONTLAKE BLVD NE; W FLOW; CHWB; 18Mar2025 13:00",2025-03-18,2025-03-25,True
346988,18043,13950,E,NE PACIFIC ST,"NE PACIFIC ST, W/O BROOKLYN AVE NE; E FLOW; CHEB EB; 18Mar2025 13:15",2025-03-18,2025-03-25,True
346989,18043,13950,W,NE PACIFIC ST,"NE PACIFIC ST, W/O BROOKLYN AVE NE; W FLOW; CHWB WB; 18Mar2025 13:15",2025-03-18,2025-03-25,True
346990,2036,00555,S,15TH AVE NE,"15TH AVE NE, S/O NE 50TH ST; S FLOW; CHSB SB; 18Mar2025 14:00",2025-03-18,2025-03-25,True
346991,18037,13945,dir_11,NE PACIFIC PL,"NE PACIFIC PL, W/O MONTLAKE BLVD NE; TOTAL FLOW; CHAGG; 18Mar2025 13:00",2025-03-18,2025-03-25,True
346993,18043,13950,dir_11,NE PACIFIC ST,"NE PACIFIC ST, W/O BROOKLYN AVE NE; TOTAL FLOW; CHAGG; 18Mar2025 13:15",2025-03-18,2025-03-25,True
346995,2036,00555,N,15TH AVE NE,"15TH AVE NE, S/O NE 50TH ST; N FLOW; CHNB NB; 18Mar2025 14:15",2025-03-18,2025-03-25,True
346996,2036,00555,dir_11,15TH AVE NE,"15TH AVE NE, S/O NE 50TH ST; TOTAL FLOW; CHAGG; 18Mar2025 14:15",2025-03-18,2025-03-25,True
346998,19329,15255,NE,S ALBRO PL,"S ALBRO PL, SW/O STANLEY AVE S; NE FLOW; CHNEB NEB; 20Mar2025 11:15",2025-03-20,2025-03-27,True
346999,19329,15255,SW,S ALBRO PL,"S ALBRO PL, SW/O STANLEY AVE S; SW FLOW; CHSWB SWB; 20Mar2025 11:15",2025-03-20,2025-03-27,True
347000,19329,15255,dir_11,S ALBRO PL,"S ALBRO PL, SW/O STANLEY AVE S; TOTAL FLOW; CHAGG; 20Mar2025 11:15",2025-03-20,2025-03-27,True
347002,19330,15255,NE,S ALBRO PL,"S ALBRO PL, NE/O STANLEY AVE S; NE FLOW; CHNEB NEB; 20Mar2025 11:45",2025-03-20,2025-03-27,True
347006,19330,15255,SW,S ALBRO PL,"S ALBRO PL, NE/O STANLEY AVE S; SW FLOW; CHSWB SWB; 20Mar2025 11:45",2025-03-20,2025-03-27,True
347007,12428,09345,E,RAINIER AVE S,"RAINIER AVE S, W/O SEWARD PARK AVE S; E FLOW; CHEB EB; 20Mar2025 12:45",2025-03-20,2025-03-27,True
347008,12428,09345,W,RAINIER AVE S,"RAINIER AVE S, W/O SEWARD PARK AVE S; W FLOW; CHWB WB; 20Mar2025 12:30",2025-03-20,2025-03-27,True
347009,19330,15255,dir_11,S ALBRO PL,"S ALBRO PL, NE/O STANLEY AVE S; TOTAL FLOW; CHAGG; 20Mar2025 11:45",2025-03-20,2025-03-27,True
347011,12428,09345,dir_11,RAINIER AVE S,"RAINIER AVE S, W/O SEWARD PARK AVE S; TOTAL FLOW; CHAGG; 20Mar2025 12:45",2025-03-20,2025-03-27,True
347013,8397,04800,S,8TH AVE NW,"8TH AVE NW, N/O NW 70TH ST; S FLOW; CHSB; 18Mar2025 12:45",2025-03-18,2025-03-25,True
347014,8397,04800,N,8TH AVE NW,"8TH AVE NW, N/O NW 70TH ST; N FLOW; CHNB; 18Mar2025 12:30",2025-03-18,2025-03-25,True
347017,8397,04800,dir_11,8TH AVE NW,"8TH AVE NW, N/O NW 70TH ST; TOTAL FLOW; CHAGG; 18Mar2025 12:45",2025-03-18,2025-03-25,True
347019,22520,17913,E,SW KLICKITAT WAY,"SW KLICKITAT SR WAY, E/O 11TH CR AVE SW; E FLOW; CHEB; 25Mar2025 11:15",2025-03-25,2025-04-01,True
347020,22518,17912,W,SW KLICKITAT WAY,"SW KLICKITAT NR WAY, W/O 11TH CR AVE SW; W FLOW; CHWB WB; 25Mar2025 11:00",2025-03-25,2025-04-01,True
347021,22521,17913,E,SW KLICKITAT WAY,"SW KLICKITAT SR WAY, W/O 11TH CR AVE SW; E FLOW; CHEB EB; 25Mar2025 11:00",2025-03-25,2025-04-01,True
347022,22833,18191,W,SW SPOKANE ST,"SW SPOKANE NR ST, W/O 11TH AVE SW; W FLOW; CHWB WB; 25Mar2025 11:00",2025-03-25,2025-04-01,True
347023,10200,06555,SE,ELLIOTT AVE,"ELLIOTT AVE, NW/O LENORA ST; SE FLOW; CHSEB; 20Mar2025 12:00",2025-03-20,2025-03-27,True
347024,13516,10420,SE,WESTERN AVE,"WESTERN AVE, SE/O BAY ST; SE FLOW; CHSEB SEB; 20Mar2025 12:15",2025-03-20,2025-03-27,True
347025,8782,05095,dir_11,ALKI AVE SW,"ALKI AVE SW, W/O HARBOR AVE SW; TOTAL FLOW; CHTOTAL; 19Mar2025 00:00",2025-03-19,2025-03-26,True
347026,352636,08299,dir_11,M L KING JR WAY S,"M L KING JR ER WAY S, N/O S ANDOVER ST; TOTAL FLOW; CHTOTAL; 19Mar2025 00:00",2025-03-19,2025-03-26,True
347027,830984,06556,NW,ELLIOTT WAY,"ELLIOTT WAY, NW/O LENORA ST; NW FLOW; CHNWB; 19Mar2025 00:00",2025-03-19,2025-03-26,True
347028,830984,06556,SE,ELLIOTT WAY,"ELLIOTT WAY, NW/O LENORA ST; SE FLOW; CHSEB; 19Mar2025 00:00",2025-03-19,2025-03-26,True
347029,8728,05045,dir_11,ALASKAN WAY,"ALASKAN WAY, SE/O BLANCHARD ST; TOTAL FLOW; CHTOTAL; 19Mar2025 00:00",2025-03-19,2025-03-26,True
347030,830984,06556,dir_11,ELLIOTT WAY,"ELLIOTT WAY, NW/O LENORA ST; TOTAL FLOW; CHAGG; 19Mar2025 00:00",2025-03-19,2025-03-26,True
347032,9960,06320,N,DELRIDGE WAY SW,"DELRIDGE WAY SW, S/O SW ANDOVER ST; N FLOW; CHNB NB; 27Mar2025 10:15",2025-03-27,2025-04-03,True
347033,9960,06320,S,DELRIDGE WAY SW,"DELRIDGE WAY SW, S/O SW ANDOVER ST; S FLOW; CHSB SB; 27Mar2025 10:15",2025-03-27,2025-04-03,True
347034,22372,17815,E,SW HOLDEN ST,"SW HOLDEN ST, W/O DELRIDGE WAY SW; E FLOW; CHEB; 27Mar2025 10:45",2025-03-27,2025-04-03,True
347035,22372,17815,W,SW HOLDEN ST,"SW HOLDEN ST, W/O DELRIDGE WAY SW; W FLOW; CHWB; 27Mar2025 10:45",2025-03-27,2025-04-03,True
347036,9992,06320,NW,DELRIDGE WAY SW,"DELRIDGE WAY SW, NW/O SW CAMBRIDGE ST; NW FLOW; CHNWB; 27Mar2025 11:15",2025-03-27,2025-04-03,True
347037,9992,06320,SE,DELRIDGE WAY SW,"DELRIDGE WAY SW, NW/O SW CAMBRIDGE ST; SE FLOW; CHSEB; 27Mar2025 11:15",2025-03-27,2025-04-03,True
347038,21625,17235,E,SW 106TH ST,"SW 106TH ST, W/O SEOLA BEACH DR SW; E FLOW; CHEB; 27Mar2025 11:30",2025-03-27,2025-04-03,True
347039,21625,17235,W,SW 106TH ST,"SW 106TH ST, W/O SEOLA BEACH DR SW; W FLOW; CHWB; 27Mar2025 11:30",2025-03-27,2025-04-03,True
347040,9960,06320,dir_11,DELRIDGE WAY SW,"DELRIDGE WAY SW, S/O SW ANDOVER ST; TOTAL FLOW; CHAGG; 27Mar2025 10:15",2025-03-27,2025-04-03,True
347042,22372,17815,dir_11,SW HOLDEN ST,"SW HOLDEN ST, W/O DELRIDGE WAY SW; TOTAL FLOW; CHAGG; 27Mar2025 10:45",2025-03-27,2025-04-03,True
347044,9992,06320,dir_11,DELRIDGE WAY SW,"DELRIDGE WAY SW, NW/O SW CAMBRIDGE ST; TOTAL FLOW; CHAGG; 27Mar2025 11:15",2025-03-27,2025-04-03,True
347046,21625,17235,dir_11,SW 106TH ST,"SW 106TH ST, W/O SEOLA BEACH DR SW; TOTAL FLOW; CHAGG; 27Mar2025 11:30",2025-03-27,2025-04-03,True
347048,13516,10420,dir_11,WESTERN AVE,"WESTERN AVE, SE/O BAY ST; TOTAL FLOW; CHAGG; 20Mar2025 12:15",2025-03-20,2025-03-27,True
347050,4427,02090,N,3RD AVE NE,"3RD AVE NE, N/O NE 130TH ST; N FLOW; CHNB; 27Mar2025 11:45",2025-03-27,2025-04-03,True
347051,4427,02090,S,3RD AVE NE,"3RD AVE NE, N/O NE 130TH ST; S FLOW; CHSB; 27Mar2025 11:45",2025-03-27,2025-04-03,True
347052,4427,02090,dir_11,3RD AVE NE,"3RD AVE NE, N/O NE 130TH ST; TOTAL FLOW; CHAGG; 27Mar2025 11:45",2025-03-27,2025-04-03,True
347054,9832,06115,N,CORSON AVE S,"CORSON AVE S, N/O S MICHIGAN ST; N FLOW; CHNB NB; 28Mar2025 11:15",2025-03-28,2025-04-04,True
347055,9832,06115,S,CORSON AVE S,"CORSON AVE S, N/O S MICHIGAN ST; S FLOW; CHSB SB; 28Mar2025 11:15",2025-03-28,2025-04-04,True
347056,12522,09425,N,RENTON AVE S,"RENTON AVE S, N/O S CLOVERDALE ST; N FLOW; CHNB; 28Mar2025 10:30",2025-03-28,2025-04-04,True
347057,12522,09425,S,RENTON AVE S,"RENTON AVE S, N/O S CLOVERDALE ST; S FLOW; CHSB; 28Mar2025 10:30",2025-03-28,2025-04-04,True
347058,9832,06115,dir_11,CORSON AVE S,"CORSON AVE S, N/O S MICHIGAN ST; TOTAL FLOW; CHAGG; 28Mar2025 11:15",2025-03-28,2025-04-04,True
347060,12522,09425,dir_11,RENTON AVE S,"RENTON AVE S, N/O S CLOVERDALE ST; TOTAL FLOW; CHAGG; 28Mar2025 10:30",2025-03-28,2025-04-04,True
347062,10420,06770,N,FAUNTLEROY WAY SW,"FAUNTLEROY WAY SW, N/O SW BARTON ST; N FLOW; CHNB; 01Apr2025 11:45",2025-04-01,2025-04-08,True
347063,10420,06770,S,FAUNTLEROY WAY SW,"FAUNTLEROY WAY SW, N/O SW BARTON ST; S FLOW; CHSB; 01Apr2025 11:45",2025-04-01,2025-04-08,True
347064,22804,18176,E,SW SPOKANE ST BR,"SW SPOKANE BR, W/O SW SPOKANE E ST; E FLOW; CHEB; 01Apr2025 12:15",2025-04-01,2025-04-08,True
347065,22804,18176,W,SW SPOKANE ST BR,"SW SPOKANE BR, W/O SW SPOKANE E ST; W FLOW; CHWB; 01Apr2025 12:15",2025-04-01,2025-04-08,True
347066,1523,00320,N,12TH AVE,"12TH AVE, N/O E YESLER WAY; N FLOW; CHNB; 01Apr2025 12:45",2025-04-01,2025-04-08,True
347067,1523,00320,S,12TH AVE,"12TH AVE, N/O E YESLER WAY; S FLOW; CHSB; 01Apr2025 12:45",2025-04-01,2025-04-08,True
347069,13812,10830,E,E ALOHA ST,"E ALOHA ST, E/O 10TH AVE E; E FLOW; CHEB; 01Apr2025 13:15",2025-04-01,2025-04-08,True
347070,13812,10830,W,E ALOHA ST,"E ALOHA ST, E/O 10TH AVE E; W FLOW; CHWB; 01Apr2025 13:15",2025-04-01,2025-04-08,True
347071,10420,06770,dir_11,FAUNTLEROY WAY SW,"FAUNTLEROY WAY SW, N/O SW BARTON ST; TOTAL FLOW; CHAGG; 01Apr2025 11:45",2025-04-01,2025-04-08,True
347073,22804,18176,dir_11,SW SPOKANE ST BR,"SW SPOKANE BR, W/O SW SPOKANE E ST; TOTAL FLOW; CHAGG; 01Apr2025 12:15",2025-04-01,2025-04-08,True
347075,1523,00320,dir_11,12TH AVE,"12TH AVE, N/O E YESLER WAY; TOTAL FLOW; CHAGG; 01Apr2025 12:45",2025-04-01,2025-04-08,True
347079,4124,01910,N,28TH AVE NE,"28TH AVE NE, N/O NE 120TH ST; N FLOW; CHNB; 27Mar2025 12:15",2025-03-27,2025-04-03,True
347080,4124,01910,S,28TH AVE NE,"28TH AVE NE, N/O NE 120TH ST; S FLOW; CHSB; 27Mar2025 12:15",2025-03-27,2025-04-03,True
347083,4124,01910,dir_11,28TH AVE NE,"28TH AVE NE, N/O NE 120TH ST; TOTAL FLOW; CHAGG; 27Mar2025 12:15",2025-03-27,2025-04-03,True
347085,8723,05045,SE,ALASKAN WAY,"ALASKAN WAY, SE/O UNION ST; SE FLOW; CHSEB SEB; 27Mar2025 10:45",2025-03-27,2025-04-03,True
347086,8723,05045,dir_11,ALASKAN WAY,"ALASKAN WAY, SE/O UNION ST; TOTAL FLOW; CHAGG; 27Mar2025 10:45",2025-03-27,2025-04-03,True
347088,4834,02275,N,31ST AVE S,"31ST AVE S, S/O S JUDKINS ST; N FLOW; CHNB; 02Apr2025 13:30",2025-04-02,2025-04-09,True
347089,4834,02275,S,31ST AVE S,"31ST AVE S, S/O S JUDKINS ST; S FLOW; CHSB; 02Apr2025 13:30",2025-04-02,2025-04-09,True
347090,4834,02275,dir_11,31ST AVE S,"31ST AVE S, S/O S JUDKINS ST; TOTAL FLOW; CHAGG; 02Apr2025 13:30",2025-04-02,2025-04-09,True
347092,14073,11075,NE,EAST GREEN LAKE WAY N,"EAST GREEN LAKE WAY N, NE/O N 57TH ST; NE FLOW; CHNEB; 02Apr2025 10:45",2025-04-02,2025-04-09,True
347093,14073,11075,SW,EAST GREEN LAKE WAY N,"EAST GREEN LAKE WAY N, NE/O N 57TH ST; SW FLOW; CHSWB; 02Apr2025 10:45",2025-04-02,2025-04-09,True
347094,15962,12500,E,N 85TH ST,"N 85TH ST, W/O ASHWORTH AVE N; E FLOW; CHEB; 02Apr2025 11:00",2025-04-02,2025-04-09,True
347095,15962,12500,W,N 85TH ST,"N 85TH ST, W/O ASHWORTH AVE N; W FLOW; CHWB; 02Apr2025 11:00",2025-04-02,2025-04-09,True
347096,19223,15130,E,NW MARKET ST,"NW MARKET ST, W/O 8TH AVE NW; E FLOW; CHEB; 02Apr2025 11:30",2025-04-02,2025-04-09,True
347097,14073,11075,dir_11,EAST GREEN LAKE WAY N,"EAST GREEN LAKE WAY N, NE/O N 57TH ST; TOTAL FLOW; CHAGG; 02Apr2025 10:45",2025-04-02,2025-04-09,True
347099,15962,12500,dir_11,N 85TH ST,"N 85TH ST, W/O ASHWORTH AVE N; TOTAL FLOW; CHAGG; 02Apr2025 11:00",2025-04-02,2025-04-09,True
347101,19223,15130,W,NW MARKET ST,"NW MARKET ST, W/O 8TH AVE NW; W FLOW; CHWB; 02Apr2025 11:30",2025-04-02,2025-04-09,True
347103,20628,16420,W,S LANDER ST,"S LANDER ST, W/O 6TH AVE S; W FLOW; CHWB; 02Apr2025 10:00",2025-04-02,2025-04-09,True
347104,8782,05095,E,ALKI AVE SW,"ALKI AVE SW, W/O HARBOR AVE SW; E FLOW; CHEB; 02Apr2025 11:45",2025-04-02,2025-04-09,True
347105,8782,05095,W,ALKI AVE SW,"ALKI AVE SW, W/O HARBOR AVE SW; W FLOW; CHWB; 02Apr2025 11:45",2025-04-02,2025-04-09,True
347108,8782,05095,dir_11,ALKI AVE SW,"ALKI AVE SW, W/O HARBOR AVE SW; TOTAL FLOW; CHAGG; 02Apr2025 11:45",2025-04-02,2025-04-09,True
347110,18959,14845,E,NW 85TH ST,"NW 85TH ST, W/O 3RD AVE NW; E FLOW; CHEB; 03Apr2025 12:00",2025-04-03,2025-04-10,True
347111,18959,14845,W,NW 85TH ST,"NW 85TH ST, W/O 3RD AVE NW; W FLOW; CHWB; 03Apr2025 12:00",2025-04-03,2025-04-10,True
347112,19210,15115,E,NW LEARY WAY,"NW LEARY WAY, W/O 14TH AVE NW; E FLOW; CHEB; 03Apr2025 10:45",2025-04-03,2025-04-10,True
347113,15560,12140,E,N 46TH ST,"N 46TH ST, W/O FREMONT AVE N; E FLOW; CHEB; 03Apr2025 11:00",2025-04-03,2025-04-10,True
347114,15560,12140,W,N 46TH ST,"N 46TH ST, W/O FREMONT AVE N; W FLOW; CHWB; 03Apr2025 11:00",2025-04-03,2025-04-10,True
347115,18959,14845,dir_11,NW 85TH ST,"NW 85TH ST, W/O 3RD AVE NW; TOTAL FLOW; CHAGG; 03Apr2025 12:00",2025-04-03,2025-04-10,True
347117,15560,12140,dir_11,N 46TH ST,"N 46TH ST, W/O FREMONT AVE N; TOTAL FLOW; CHAGG; 03Apr2025 11:00",2025-04-03,2025-04-10,True
347119,13812,10830,dir_11,E ALOHA ST,"E ALOHA ST, E/O 10TH AVE E; TOTAL FLOW; CHAGG; 01Apr2025 13:15",2025-04-01,2025-04-08,True
347121,4382,02080,dir_11,3RD AVE,"3RD AVE, SE/O UNION ST; TOTAL FLOW; CHTOTAL; 01Apr2025 00:00",2025-04-01,2025-04-08,True
347122,8782,05095,dir_11,ALKI AVE SW,"ALKI AVE SW, W/O HARBOR AVE SW; TOTAL FLOW; CHTOTAL; 01Apr2025 00:00",2025-04-01,2025-04-08,True
347123,13333,10258,dir_11,WEST SEATTLE BR EB,"WEST SEATTLE BR EB, NE/O FAUNTLEROY WAY SW; TOTAL FLOW; CHTOTAL; 01Apr2025 00:00",2025-04-01,2025-04-08,True
347124,14395,11300,dir_11,EAST MARGINAL WAY S,"EAST MARGINAL WAY S, S/O S ALASKA ST; TOTAL FLOW; CHTOTAL; 01Apr2025 00:00",2025-04-01,2025-04-08,True
347125,22804,18176,dir_11,SW SPOKANE ST BR,"SW SPOKANE BR, W/O SW SPOKANE E ST; TOTAL FLOW; CHTOTAL; 01Apr2025 00:00",2025-04-01,2025-04-08,True
347126,352636,08299,dir_11,M L KING JR WAY S,"M L KING JR ER WAY S, N/O S ANDOVER ST; TOTAL FLOW; CHTOTAL; 01Apr2025 00:00",2025-04-01,2025-04-08,True
347127,830984,06556,NW,ELLIOTT WAY,"ELLIOTT WAY, NW/O LENORA ST; NW FLOW; CHNWB; 01Apr2025 00:00",2025-04-01,2025-04-08,True
347128,830984,06556,SE,ELLIOTT WAY,"ELLIOTT WAY, NW/O LENORA ST; SE FLOW; CHSEB; 01Apr2025 00:00",2025-04-01,2025-04-08,True
347129,11159,08015,dir_11,LAKE CITY WAY NE,"LAKE CITY WAY NE, NE/O NE 95TH ST; TOTAL FLOW; CHTOTAL; 07Apr2025 00:00",2025-04-07,2025-04-14,True
347130,830984,06556,dir_11,ELLIOTT WAY,"ELLIOTT WAY, NW/O LENORA ST; TOTAL FLOW; CHAGG; 01Apr2025 00:00",2025-04-01,2025-04-08,True
347132,9451,05740,N,BROADWAY E,"BROADWAY E, N/O E DENNY WAY; N FLOW; CHNB NB; 07Apr2025 13:30",2025-04-07,2025-04-14,True
347133,9451,05740,S,BROADWAY E,"BROADWAY E, N/O E DENNY WAY; S FLOW; CHSB SB; 07Apr2025 13:30",2025-04-07,2025-04-14,True
347134,9451,05740,dir_11,BROADWAY E,"BROADWAY E, N/O E DENNY WAY; TOTAL FLOW; CHAGG; 07Apr2025 13:30",2025-04-07,2025-04-14,True
347136,12312,09315,N,QUEEN ANNE AVE N,"QUEEN ANNE AVE N, S/O CROCKETT ST; N FLOW; CHNB; 10Apr2025 11:45",2025-04-10,2025-04-17,True
347137,12312,09315,dir_11,QUEEN ANNE AVE N,"QUEEN ANNE AVE N, S/O CROCKETT ST; TOTAL FLOW; CHTOT; 10Apr2025 11:45",2025-04-10,2025-04-17,True
347138,12312,09315,S,QUEEN ANNE AVE N,"QUEEN ANNE AVE N, S/O CROCKETT ST; S FLOW; CHAGG; 10Apr2025 11:45",2025-04-10,2025-04-17,True
347140,12312,09315,S,QUEEN ANNE AVE N,"QUEEN ANNE AVE N, S/O CROCKETT ST; S FLOW; CHAGG; 04Mar2025 12:00",2025-03-04,2025-03-11,True
347142,20628,16420,E,S LANDER ST,"S LANDER ST, W/O 6TH AVE S; E FLOW; CHEB; 04Mar2025 11:45",2025-03-04,2025-03-11,True
347143,20628,16420,E,S LANDER ST,"S LANDER ST, W/O 6TH AVE S; E FLOW; CHEB; 02Apr2025 10:00",2025-04-02,2025-04-09,True
347144,20628,16420,dir_11,S LANDER ST,"S LANDER ST, W/O 6TH AVE S; TOTAL FLOW; CHAGG; 02Apr2025 10:00",2025-04-02,2025-04-09,True
347146,20628,16420,dir_11,S LANDER ST,"S LANDER ST, W/O 6TH AVE S; TOTAL FLOW; CHAGG; 19Mar2025 10:15",2025-03-19,2025-03-26,True
347148,8782,05095,E,ALKI AVE SW,"ALKI AVE SW, W/O HARBOR AVE SW; E FLOW; CHEB; 04Mar2025 15:00",2025-03-04,2025-03-11,True
347149,8782,05095,W,ALKI AVE SW,"ALKI AVE SW, W/O HARBOR AVE SW; W FLOW; CHWB; 04Mar2025 15:00",2025-03-04,2025-03-11,True
347150,8782,05095,dir_11,ALKI AVE SW,"ALKI AVE SW, W/O HARBOR AVE SW; TOTAL FLOW; CHAGG; 04Mar2025 15:00",2025-03-04,2025-03-11,True
347152,13202,10115,NE,UNIVERSITY ST,"UNIVERSITY ST, SW/O 4TH AVE; NE FLOW; CHNEB; 10Apr2025 11:00",2025-04-10,2025-04-17,True
347153,12900,09800,SW,STEWART ST,"STEWART ST, NE/O 4TH AVE; SW FLOW; CHSWB; 10Apr2025 11:45",2025-04-10,2025-04-17,True
347154,3446,01375,N,23RD AVE S,"23RD AVE S, S/O S LANE ST; N FLOW; CHNB NB; 14Apr2025 13:15",2025-04-14,2025-04-21,True
347155,3446,01375,S,23RD AVE S,"23RD AVE S, S/O S LANE ST; S FLOW; CHSB SB; 14Apr2025 13:15",2025-04-14,2025-04-21,True
347156,3446,01375,dir_11,23RD AVE S,"23RD AVE S, S/O S LANE ST; TOTAL FLOW; CHAGG; 14Apr2025 13:15",2025-04-14,2025-04-21,True
347158,2972,01055,N,20TH AVE NE,"20TH AVE NE, N/O NE 68TH ST; N FLOW; CHNB; 14Apr2025 15:30",2025-04-14,2025-04-21,True
347159,2972,01055,S,20TH AVE NE,"20TH AVE NE, N/O NE 68TH ST; S FLOW; CHSB; 14Apr2025 15:30",2025-04-14,2025-04-21,True
347160,2972,01055,dir_11,20TH AVE NE,"20TH AVE NE, N/O NE 68TH ST; TOTAL FLOW; CHAGG; 14Apr2025 15:30",2025-04-14,2025-04-21,True
347162,10000,06345,E,DENNY WAY,"DENNY WAY, W/O 2ND AVE; E FLOW; CHEB; 10Apr2025 11:30",2025-04-10,2025-04-17,True
347163,10000,06345,W,DENNY WAY,"DENNY WAY, W/O 2ND AVE; W FLOW; CHWB; 10Apr2025 11:30",2025-04-10,2025-04-17,True
347164,14348,11275,NE,E MADISON ST,"E MADISON ST, SW/O 17TH AVE; NE FLOW; CHNEB; 10Apr2025 10:45",2025-04-10,2025-04-17,True
347165,14348,11275,SW,E MADISON ST,"E MADISON ST, SW/O 17TH AVE; SW FLOW; CHSWB; 10Apr2025 10:45",2025-04-10,2025-04-17,True
347166,10000,06345,dir_11,DENNY WAY,"DENNY WAY, W/O 2ND AVE; TOTAL FLOW; CHAGG; 10Apr2025 11:30",2025-04-10,2025-04-17,True
347168,14348,11275,dir_11,E MADISON ST,"E MADISON ST, SW/O 17TH AVE; TOTAL FLOW; CHAGG; 10Apr2025 10:45",2025-04-10,2025-04-17,True
347170,15200,11905,E,N 137TH ST,"N 137TH ST, W/O MIDVALE AVE N; E FLOW; CHEB; 16Apr2025 11:00",2025-04-16,2025-04-23,True
347171,15200,11905,W,N 137TH ST,"N 137TH ST, W/O MIDVALE AVE N; W FLOW; CHWB; 16Apr2025 11:00",2025-04-16,2025-04-23,True
347172,11856,08645,N,MIDVALE AVE N,"MIDVALE AVE N, N/O N 137TH ST; N FLOW; CHNB; 16Apr2025 11:30",2025-04-16,2025-04-23,True
347173,11856,08645,S,MIDVALE AVE N,"MIDVALE AVE N, N/O N 137TH ST; S FLOW; CHSB; 16Apr2025 11:30",2025-04-16,2025-04-23,True
347174,15200,11905,dir_11,N 137TH ST,"N 137TH ST, W/O MIDVALE AVE N; TOTAL FLOW; CHAGG; 16Apr2025 11:00",2025-04-16,2025-04-23,True
347176,11856,08645,dir_11,MIDVALE AVE N,"MIDVALE AVE N, N/O N 137TH ST; TOTAL FLOW; CHAGG; 16Apr2025 11:30",2025-04-16,2025-04-23,True
347178,12545,09425,NW,RENTON AVE S,"RENTON AVE S, SE/O S BANGOR ST; NW FLOW; CHNWB; 11Apr2025 11:15",2025-04-11,2025-04-18,True
347179,12545,09425,SE,RENTON AVE S,"RENTON AVE S, SE/O S BANGOR ST; SE FLOW; CHSEB; 11Apr2025 11:15",2025-04-11,2025-04-18,True
347180,12545,09425,dir_11,RENTON AVE S,"RENTON AVE S, SE/O S BANGOR ST; TOTAL FLOW; CHAGG; 11Apr2025 11:15",2025-04-11,2025-04-18,True
347182,12950,09805,N,STONE AVE N,"STONE AVE N, N/O N 137TH ST; N FLOW; CHNB; 17Apr2025 10:15",2025-04-17,2025-04-24,True
347183,12950,09805,S,STONE AVE N,"STONE AVE N, N/O N 137TH ST; S FLOW; CHSB; 17Apr2025 10:15",2025-04-17,2025-04-24,True
347185,11026,07825,N,INTERLAKE AVE N,"INTERLAKE AVE N, N/O N 137TH ST; N FLOW; CHNB; 17Apr2025 10:30",2025-04-17,2025-04-24,True
347186,12950,09805,dir_11,STONE AVE N,"STONE AVE N, N/O N 137TH ST; TOTAL FLOW; CHAGG; 17Apr2025 10:15",2025-04-17,2025-04-24,True
347188,11026,07825,S,INTERLAKE AVE N,"INTERLAKE AVE N, N/O N 137TH ST; S FLOW; CHSB; 17Apr2025 10:30",2025-04-17,2025-04-24,True
347189,11026,07825,dir_11,INTERLAKE AVE N,"INTERLAKE AVE N, N/O N 137TH ST; TOTAL FLOW; CHAGG; 17Apr2025 10:30",2025-04-17,2025-04-24,True
347191,8892,05215,N,ASHWORTH AVE N,"ASHWORTH AVE N, N/O N 137TH ST; N FLOW; CHNB; 18Apr2025 12:15",2025-04-18,2025-04-25,True
347192,8892,05215,S,ASHWORTH AVE N,"ASHWORTH AVE N, N/O N 137TH ST; S FLOW; CHSB; 18Apr2025 12:15",2025-04-18,2025-04-25,True
347193,10057,06355,N,DENSMORE AVE N,"DENSMORE AVE N, N/O N 137TH ST; N FLOW; CHNB; 18Apr2025 12:30",2025-04-18,2025-04-25,True
347194,10057,06355,S,DENSMORE AVE N,"DENSMORE AVE N, N/O N 137TH ST; S FLOW; CHSB; 18Apr2025 12:30",2025-04-18,2025-04-25,True
347195,13398,10300,N,WALLINGFORD AVE N,"WALLINGFORD AVE N, N/O N 137TH ST; N FLOW; CHNB; 18Apr2025 12:45",2025-04-18,2025-04-25,True
347196,13398,10300,S,WALLINGFORD AVE N,"WALLINGFORD AVE N, N/O N 137TH ST; S FLOW; CHSB; 18Apr2025 12:45",2025-04-18,2025-04-25,True
347197,8892,05215,dir_11,ASHWORTH AVE N,"ASHWORTH AVE N, N/O N 137TH ST; TOTAL FLOW; CHAGG; 18Apr2025 12:15",2025-04-18,2025-04-25,True
347199,10057,06355,dir_11,DENSMORE AVE N,"DENSMORE AVE N, N/O N 137TH ST; TOTAL FLOW; CHAGG; 18Apr2025 12:30",2025-04-18,2025-04-25,True
347201,13398,10300,dir_11,WALLINGFORD AVE N,"WALLINGFORD AVE N, N/O N 137TH ST; TOTAL FLOW; CHAGG; 18Apr2025 12:45",2025-04-18,2025-04-25,True
347203,10563,06875,dir_11,FREMONT BR,"FREMONT BR, N/O POINT A; TOTAL FLOW; CHTOTAL; 18Apr2025 00:00",2025-04-18,2025-04-25,True
347204,12409,09345,dir_11,RAINIER AVE S,"RAINIER AVE S, S/O S OTHELLO ST; TOTAL FLOW; CHTOTAL; 18Apr2025 00:00",2025-04-18,2025-04-25,True
347205,13189,10110,dir_11,UNIVERSITY BR,"UNIVERSITY BR, SW/O POINT A; TOTAL FLOW; CHTOTAL; 18Apr2025 00:00",2025-04-18,2025-04-25,True
347206,15202,11905,E,N 137TH ST,"N 137TH ST, W/O INTERLAKE AVE N; E FLOW; CHEB; 22Apr2025 11:15",2025-04-22,2025-04-29,True
347207,15202,11905,W,N 137TH ST,"N 137TH ST, W/O INTERLAKE AVE N; W FLOW; CHWB; 22Apr2025 11:15",2025-04-22,2025-04-29,True
347208,15206,11905,E,N 137TH ST,"N 137TH ST, W/O BURKE AVE N; E FLOW; CHEB; 22Apr2025 11:30",2025-04-22,2025-04-29,True
347209,15206,11905,W,N 137TH ST,"N 137TH ST, W/O BURKE AVE N; W FLOW; CHWB; 22Apr2025 11:30",2025-04-22,2025-04-29,True
347210,8891,05215,N,ASHWORTH AVE N,"ASHWORTH AVE N, S/O N 137TH ST; N FLOW; CHNB; 22Apr2025 12:00",2025-04-22,2025-04-29,True
347211,8891,05215,S,ASHWORTH AVE N,"ASHWORTH AVE N, S/O N 137TH ST; S FLOW; CHSB; 22Apr2025 12:00",2025-04-22,2025-04-29,True
347212,15202,11905,dir_11,N 137TH ST,"N 137TH ST, W/O INTERLAKE AVE N; TOTAL FLOW; CHAGG; 22Apr2025 11:15",2025-04-22,2025-04-29,True
347214,15206,11905,dir_11,N 137TH ST,"N 137TH ST, W/O BURKE AVE N; TOTAL FLOW; CHAGG; 22Apr2025 11:30",2025-04-22,2025-04-29,True
347216,8891,05215,dir_11,ASHWORTH AVE N,"ASHWORTH AVE N, S/O N 137TH ST; TOTAL FLOW; CHAGG; 22Apr2025 12:00",2025-04-22,2025-04-29,True
347218,10056,06355,N,DENSMORE AVE N,"DENSMORE AVE N, S/O N 137TH ST; N FLOW; CHNB; 23Apr2025 11:15",2025-04-23,2025-04-30,True
347219,10056,06355,S,DENSMORE AVE N,"DENSMORE AVE N, S/O N 137TH ST; S FLOW; CHSB; 23Apr2025 11:15",2025-04-23,2025-04-30,True
347220,13397,10300,N,WALLINGFORD AVE N,"WALLINGFORD AVE N, S/O N 137TH ST; N FLOW; CHNB; 23Apr2025 11:30",2025-04-23,2025-04-30,True
347221,13397,10300,S,WALLINGFORD AVE N,"WALLINGFORD AVE N, S/O N 137TH ST; S FLOW; CHSB; 23Apr2025 11:30",2025-04-23,2025-04-30,True
347222,9523,05770,S,BURKE AVE N,"BURKE AVE N, S/O N 137TH ST; S FLOW; CHSB; 23Apr2025 11:45",2025-04-23,2025-04-30,True
347223,15186,11895,E,N 135TH ST,"N 135TH ST, W/O BURKE AVE N; E FLOW; CHEB; 23Apr2025 12:00",2025-04-23,2025-04-30,True
347224,15186,11895,W,N 135TH ST,"N 135TH ST, W/O BURKE AVE N; W FLOW; CHWB; 23Apr2025 12:00",2025-04-23,2025-04-30,True
347225,10056,06355,dir_11,DENSMORE AVE N,"DENSMORE AVE N, S/O N 137TH ST; TOTAL FLOW; CHAGG; 23Apr2025 11:15",2025-04-23,2025-04-30,True
347227,13397,10300,dir_11,WALLINGFORD AVE N,"WALLINGFORD AVE N, S/O N 137TH ST; TOTAL FLOW; CHAGG; 23Apr2025 11:30",2025-04-23,2025-04-30,True
347229,15186,11895,dir_11,N 135TH ST,"N 135TH ST, W/O BURKE AVE N; TOTAL FLOW; CHAGG; 23Apr2025 12:00",2025-04-23,2025-04-30,True
347231,9523,05770,N,BURKE AVE N,"BURKE AVE N, S/O N 137TH ST; N FLOW; CHNB; 23Apr2025 11:45",2025-04-23,2025-04-30,True
347232,9523,05770,dir_11,BURKE AVE N,"BURKE AVE N, S/O N 137TH ST; TOTAL FLOW; CHAGG; 23Apr2025 11:45",2025-04-23,2025-04-30,True
347234,10208,06555,SE,ELLIOTT AVE,"ELLIOTT AVE, NW/O CLAY ST; SE FLOW; CHSEB SEB; 24Apr2025 12:15",2025-04-24,2025-05-01,True
347235,13514,10420,NW,WESTERN AVE,"WESTERN AVE, NW/O CLAY ST; NW FLOW; CHNWB NWB; 24Apr2025 11:45",2025-04-24,2025-05-01,True
347236,13517,10420,NW,WESTERN AVE,"WESTERN AVE, NW/O BAY ST; NW FLOW; CHNWB; 24Apr2025 11:00",2025-04-24,2025-05-01,True
347237,13517,10420,SE,WESTERN AVE,"WESTERN AVE, NW/O BAY ST; SE FLOW; CHSEB; 24Apr2025 11:00",2025-04-24,2025-05-01,True
347238,10210,06555,SE,ELLIOTT AVE,"ELLIOTT AVE, NW/O BAY ST; SE FLOW; CHSEB; 24Apr2025 10:30",2025-04-24,2025-05-01,True
347239,13517,10420,dir_11,WESTERN AVE,"WESTERN AVE, NW/O BAY ST; TOTAL FLOW; CHAGG; 24Apr2025 11:00",2025-04-24,2025-05-01,True
347241,13330,10258,dir_11,WEST SEATTLE BR EB,"WEST SEATTLE BR EB, E/O DELRIDGE-W SEATTLE BR EB ON RP; TOTAL FLOW; CHTOTAL; 22Apr2025 00:00",2025-04-22,2025-04-29,True
347242,8728,05045,dir_11,ALASKAN WAY,"ALASKAN WAY, SE/O BLANCHARD ST; TOTAL FLOW; CHTOTAL; 01Apr2025 00:00",2025-04-01,2025-04-08,True
347243,19223,15130,dir_11,NW MARKET ST,"NW MARKET ST, W/O 8TH AVE NW; TOTAL FLOW; CHAGG; 02Apr2025 11:30",2025-04-02,2025-04-09,True
347245,352636,08299,dir_11,M L KING JR WAY S,"M L KING JR ER WAY S, N/O S ANDOVER ST; TOTAL FLOW; CHTOTAL; 08Feb2025 00:00",2025-02-08,2025-02-15,True
347246,19210,15115,W,NW LEARY WAY,"NW LEARY WAY, W/O 14TH AVE NW; W FLOW; CHWB; 15Apr2025 12:00",2025-04-15,2025-04-22,True
347247,19210,15115,dir_11,NW LEARY WAY,"NW LEARY WAY, W/O 14TH AVE NW; TOTAL FLOW; CHAGG; 15Apr2025 12:00",2025-04-15,2025-04-22,True
347249,12732,09555,NW,SAND POINT WAY NE,"SAND POINT WAY NE, SE/O NE 93RD ST; NW FLOW; CHNWB; 25Apr2025 11:45",2025-04-25,2025-05-02,True
347250,12732,09555,SE,SAND POINT WAY NE,"SAND POINT WAY NE, SE/O NE 93RD ST; SE FLOW; CHSEB; 25Apr2025 11:45",2025-04-25,2025-05-02,True
347251,12730,09555,NW,SAND POINT WAY NE,"SAND POINT WAY NE, NW/O NE 90TH PL; NW FLOW; CHNWB; 25Apr2025 12:15",2025-04-25,2025-05-02,True
347252,12730,09555,SE,SAND POINT WAY NE,"SAND POINT WAY NE, NW/O NE 90TH PL; SE FLOW; CHSEB; 25Apr2025 12:15",2025-04-25,2025-05-02,True
347253,12729,09555,NW,SAND POINT WAY NE,"SAND POINT WAY NE, NW/O INVERNESS DR NE; NW FLOW; CHNWB; 25Apr2025 12:30",2025-04-25,2025-05-02,True
347254,12729,09555,SE,SAND POINT WAY NE,"SAND POINT WAY NE, NW/O INVERNESS DR NE; SE FLOW; CHSEB; 25Apr2025 12:30",2025-04-25,2025-05-02,True
347255,567746,09555,NW,SAND POINT WAY NE,"SAND POINT WAY NE, SE/O INVERNESS DR NE; NW FLOW; CHNWB; 25Apr2025 12:45",2025-04-25,2025-05-02,True
347256,567746,09555,SE,SAND POINT WAY NE,"SAND POINT WAY NE, SE/O INVERNESS DR NE; SE FLOW; CHSEB; 25Apr2025 12:45",2025-04-25,2025-05-02,True
347257,12732,09555,dir_11,SAND POINT WAY NE,"SAND POINT WAY NE, SE/O NE 93RD ST; TOTAL FLOW; CHAGG; 25Apr2025 11:45",2025-04-25,2025-05-02,True
347259,12730,09555,dir_11,SAND POINT WAY NE,"SAND POINT WAY NE, NW/O NE 90TH PL; TOTAL FLOW; CHAGG; 25Apr2025 12:15",2025-04-25,2025-05-02,True
347261,12729,09555,dir_11,SAND POINT WAY NE,"SAND POINT WAY NE, NW/O INVERNESS DR NE; TOTAL FLOW; CHAGG; 25Apr2025 12:30",2025-04-25,2025-05-02,True
347263,567746,09555,dir_11,SAND POINT WAY NE,"SAND POINT WAY NE, SE/O INVERNESS DR NE; TOTAL FLOW; CHAGG; 25Apr2025 12:45",2025-04-25,2025-05-02,True
347265,7332,03895,S,5TH AVE NE,"5TH AVE NE, S/O NE 103RD ST; S FLOW; CHSB; 28Apr2025 11:15",2025-04-28,2025-05-05,True
347266,15962,12500,E,N 85TH ST,"N 85TH ST, W/O ASHWORTH AVE N; E FLOW; CHEB; 28Apr2025 12:00",2025-04-28,2025-05-05,True
347267,15962,12500,W,N 85TH ST,"N 85TH ST, W/O ASHWORTH AVE N; W FLOW; CHWB; 28Apr2025 12:00",2025-04-28,2025-05-05,True
347268,15962,12500,dir_11,N 85TH ST,"N 85TH ST, W/O ASHWORTH AVE N; TOTAL FLOW; CHAGG; 28Apr2025 12:00",2025-04-28,2025-05-05,True
347270,2105,00560,N,15TH AVE NW,"15TH AVE NW, N/O NW 58TH ST; N FLOW; CHNB; 28Apr2025 12:30",2025-04-28,2025-05-05,True
347271,21889,17450,E,SW BRANDON ST,"SW BRANDON ST, W/O 26TH AVE SW; E FLOW; CHEB; 29Apr2025 11:00",2025-04-29,2025-05-06,True
347272,21889,17450,W,SW BRANDON ST,"SW BRANDON ST, W/O 26TH AVE SW; W FLOW; CHWB; 29Apr2025 11:00",2025-04-29,2025-05-06,True
347273,21889,17450,dir_11,SW BRANDON ST,"SW BRANDON ST, W/O 26TH AVE SW; TOTAL FLOW; CHAGG; 29Apr2025 11:00",2025-04-29,2025-05-06,True
347275,12728,09555,NW,SAND POINT WAY NE,"SAND POINT WAY NE, NW/O NOAA DR; NW FLOW; CHNWB; 29Apr2025 12:15",2025-04-29,2025-05-06,True
347276,12728,09555,SE,SAND POINT WAY NE,"SAND POINT WAY NE, NW/O NOAA DR; SE FLOW; CHSEB; 29Apr2025 12:15",2025-04-29,2025-05-06,True
347277,12726,09555,N,SAND POINT WAY NE,"SAND POINT WAY NE, N/O NE 75TH ST; N FLOW; CHNB; 29Apr2025 12:00",2025-04-29,2025-05-06,True
347278,12726,09555,S,SAND POINT WAY NE,"SAND POINT WAY NE, N/O NE 75TH ST; S FLOW; CHSB; 29Apr2025 12:00",2025-04-29,2025-05-06,True
347281,12726,09555,dir_11,SAND POINT WAY NE,"SAND POINT WAY NE, N/O NE 75TH ST; TOTAL FLOW; CHAGG; 29Apr2025 12:00",2025-04-29,2025-05-06,True
347283,12728,09555,dir_11,SAND POINT WAY NE,"SAND POINT WAY NE, NW/O NOAA DR; TOTAL FLOW; CHAGG; 29Apr2025 12:15",2025-04-29,2025-05-06,True
347285,17510,13595,E,NE 75TH ST,"NE 75TH ST, E/O 12TH AVE NE; E FLOW; CHEB; 01May2025 11:15",2025-05-01,2025-05-08,True
347286,17510,13595,W,NE 75TH ST,"NE 75TH ST, E/O 12TH AVE NE; W FLOW; CHWB; 01May2025 11:30",2025-05-01,2025-05-08,True
347287,7255,03895,N,5TH AVE NE,"5TH AVE NE, S/O NE NORTHGATE WAY; N FLOW; CHNB; 01May2025 12:00",2025-05-01,2025-05-08,True
347288,7255,03895,S,5TH AVE NE,"5TH AVE NE, S/O NE NORTHGATE WAY; S FLOW; CHSB; 01May2025 12:00",2025-05-01,2025-05-08,True
347289,15011,11740,E,N 105TH ST,"N 105TH ST, E/O PHINNEY AVE N; E FLOW; CHEB; 01May2025 12:30",2025-05-01,2025-05-08,True
347290,15011,11740,W,N 105TH ST,"N 105TH ST, E/O PHINNEY AVE N; W FLOW; CHWB; 01May2025 12:30",2025-05-01,2025-05-08,True
347291,17510,13595,dir_11,NE 75TH ST,"NE 75TH ST, E/O 12TH AVE NE; TOTAL FLOW; CHAGG; 01May2025 11:15",2025-05-01,2025-05-08,True
347293,7255,03895,dir_11,5TH AVE NE,"5TH AVE NE, S/O NE NORTHGATE WAY; TOTAL FLOW; CHAGG; 01May2025 12:00",2025-05-01,2025-05-08,True
347295,15011,11740,dir_11,N 105TH ST,"N 105TH ST, E/O PHINNEY AVE N; TOTAL FLOW; CHAGG; 01May2025 12:30",2025-05-01,2025-05-08,True
347297,14352,11275,NE,E MADISON ST,"E MADISON ST, SW/O E DENNY WAY; NE FLOW; CHNEB; 30Apr2025 11:15",2025-04-30,2025-05-07,True
347298,14352,11275,SW,E MADISON ST,"E MADISON ST, SW/O E DENNY WAY; SW FLOW; CHSWB; 30Apr2025 11:15",2025-04-30,2025-05-07,True
347299,14352,11275,dir_11,E MADISON ST,"E MADISON ST, SW/O E DENNY WAY; TOTAL FLOW; CHAGG; 30Apr2025 11:15",2025-04-30,2025-05-07,True
347301,7332,03895,N,5TH AVE NE,"5TH AVE NE, S/O NE 103RD ST; N FLOW; CHNB; 02May2025 13:45",2025-05-02,2025-05-09,True
347302,7332,03895,dir_11,5TH AVE NE,"5TH AVE NE, S/O NE 103RD ST; TOTAL FLOW; CHAGG; 02May2025 13:45",2025-05-02,2025-05-09,True
347304,13889,10910,E,E CHERRY ST,"E CHERRY ST, E/O 20TH AVE; E FLOW; CHEB; 30Apr2025 11:00",2025-04-30,2025-05-07,True
347305,13889,10910,dir_11,E CHERRY ST,"E CHERRY ST, E/O 20TH AVE; TOTAL FLOW; CHTOT; 30Apr2025 11:00",2025-04-30,2025-05-07,True
347306,14860,11625,W,E THOMAS ST,"E THOMAS ST, W/O 17TH AVE E; W FLOW; CHWB; 30Apr2025 11:45",2025-04-30,2025-05-07,True
347307,14860,11625,dir_11,E THOMAS ST,"E THOMAS ST, W/O 17TH AVE E; TOTAL FLOW; CHTOT; 30Apr2025 11:45",2025-04-30,2025-05-07,True
347308,13821,10830,E,E ALOHA ST,"E ALOHA ST, E/O 17TH AVE E; E FLOW; CHEB; 30Apr2025 12:00",2025-04-30,2025-05-07,True
347309,13821,10830,dir_11,E ALOHA ST,"E ALOHA ST, E/O 17TH AVE E; TOTAL FLOW; CHTOT; 30Apr2025 12:00",2025-04-30,2025-05-07,True
347310,2658,00910,N,19TH AVE E,"19TH AVE E, N/O E REPUBLICAN ST; N FLOW; CHNB; 30Apr2025 12:15",2025-04-30,2025-05-07,True
347311,2658,00910,S,19TH AVE E,"19TH AVE E, N/O E REPUBLICAN ST; S FLOW; CHSB; 30Apr2025 12:15",2025-04-30,2025-05-07,True
347312,14860,11625,E,E THOMAS ST,"E THOMAS ST, W/O 17TH AVE E; E FLOW; CHAGG; 30Apr2025 11:45",2025-04-30,2025-05-07,True
347314,13889,10910,W,E CHERRY ST,"E CHERRY ST, E/O 20TH AVE; W FLOW; CHAGG; 30Apr2025 11:00",2025-04-30,2025-05-07,True
347316,13821,10830,W,E ALOHA ST,"E ALOHA ST, E/O 17TH AVE E; W FLOW; CHAGG; 30Apr2025 12:00",2025-04-30,2025-05-07,True
347318,2658,00910,dir_11,19TH AVE E,"19TH AVE E, N/O E REPUBLICAN ST; TOTAL FLOW; CHAGG; 30Apr2025 12:15",2025-04-30,2025-05-07,True
347320,13767,10785,dir_11,YESLER WAY,"YESLER WAY, E/O 6TH AVE S; TOTAL FLOW; CHTOT; 01May2025 13:30",2025-05-01,2025-05-08,True
347321,13767,10785,W,YESLER WAY,"YESLER WAY, E/O 6TH AVE S; W FLOW; CHWB; 01May2025 13:30",2025-05-01,2025-05-08,True
347322,13497,10420,dir_11,WESTERN AVE,"WESTERN AVE, NW/O COLUMBIA ST; TOTAL FLOW; CHTOT; 01May2025 13:45",2025-05-01,2025-05-08,True
347323,13497,10420,NW,WESTERN AVE,"WESTERN AVE, NW/O COLUMBIA ST; NW FLOW; CHNWB; 01May2025 13:45",2025-05-01,2025-05-08,True
347324,8156,04705,dir_11,7TH AVE,"7TH AVE, NW/O MADISON ST; TOTAL FLOW; CHTOT; 01May2025 14:15",2025-05-01,2025-05-08,True
347325,8156,04705,NW,7TH AVE,"7TH AVE, NW/O MADISON ST; NW FLOW; CHNWB; 01May2025 14:15",2025-05-01,2025-05-08,True
347326,12866,09735,NE,SPRING ST,"SPRING ST, NE/O 7TH AVE; NE FLOW; CHNEB; 01May2025 14:30",2025-05-01,2025-05-08,True
347327,8276,04785,NW,8TH AVE,"8TH AVE, NW/O MADISON ST; NW FLOW; CHNWB; 01May2025 14:30",2025-05-01,2025-05-08,True
347328,8276,04785,dir_11,8TH AVE,"8TH AVE, NW/O MADISON ST; TOTAL FLOW; CHTOT; 01May2025 14:30",2025-05-01,2025-05-08,True
347329,13767,10785,E,YESLER WAY,"YESLER WAY, E/O 6TH AVE S; E FLOW; CHAGG; 01May2025 13:30",2025-05-01,2025-05-08,True
347331,13497,10420,SE,WESTERN AVE,"WESTERN AVE, NW/O COLUMBIA ST; SE FLOW; CHAGG; 01May2025 13:45",2025-05-01,2025-05-08,True
347333,8156,04705,SE,7TH AVE,"7TH AVE, NW/O MADISON ST; SE FLOW; CHAGG; 01May2025 14:15",2025-05-01,2025-05-08,True
347335,8276,04785,SE,8TH AVE,"8TH AVE, NW/O MADISON ST; SE FLOW; CHAGG; 01May2025 14:30",2025-05-01,2025-05-08,True
347337,4382,02080,dir_11,3RD AVE,"3RD AVE, SE/O UNION ST; TOTAL FLOW; CHTOTAL; 01May2025 00:00",2025-05-01,2025-05-08,True
347338,10563,06875,dir_11,FREMONT BR,"FREMONT BR, N/O POINT A; TOTAL FLOW; CHTOTAL; 01May2025 00:00",2025-05-01,2025-05-08,True
347339,13189,10110,dir_11,UNIVERSITY BR,"UNIVERSITY BR, SW/O POINT A; TOTAL FLOW; CHTOTAL; 01May2025 00:00",2025-05-01,2025-05-08,True
347340,13330,10258,dir_11,WEST SEATTLE BR EB,"WEST SEATTLE BR EB, E/O DELRIDGE-W SEATTLE BR EB ON RP; TOTAL FLOW; CHTOTAL; 01May2025 00:00",2025-05-01,2025-05-08,True
347341,20628,16420,E,S LANDER ST,"S LANDER ST, W/O 6TH AVE S; E FLOW; CHEB; 06May2025 11:45",2025-05-06,2025-05-13,True
347342,20628,16420,W,S LANDER ST,"S LANDER ST, W/O 6TH AVE S; W FLOW; CHWB; 06May2025 11:45",2025-05-06,2025-05-13,True
347344,20628,16420,dir_11,S LANDER ST,"S LANDER ST, W/O 6TH AVE S; TOTAL FLOW; CHAGG; 06May2025 11:45",2025-05-06,2025-05-13,True
347346,10210,06555,NW,ELLIOTT AVE,"ELLIOTT AVE, NW/O BAY ST; NW FLOW; CHNWB; 06May2025 14:00",2025-05-06,2025-05-13,True
347347,10210,06555,dir_11,ELLIOTT AVE,"ELLIOTT AVE, NW/O BAY ST; TOTAL FLOW; CHAGG; 06May2025 14:00",2025-05-06,2025-05-13,True
347349,14073,11075,NE,EAST GREEN LAKE WAY N,"EAST GREEN LAKE WAY N, NE/O N 57TH ST; NE FLOW; CHNEB; 06May2025 12:15",2025-05-06,2025-05-13,True
347350,14073,11075,SW,EAST GREEN LAKE WAY N,"EAST GREEN LAKE WAY N, NE/O N 57TH ST; SW FLOW; CHSWB; 06May2025 12:15",2025-05-06,2025-05-13,True
347351,15962,12500,E,N 85TH ST,"N 85TH ST, W/O ASHWORTH AVE N; E FLOW; CHEB; 06May2025 12:30",2025-05-06,2025-05-13,True
347352,15962,12500,W,N 85TH ST,"N 85TH ST, W/O ASHWORTH AVE N; W FLOW; CHWB; 06May2025 12:30",2025-05-06,2025-05-13,True
347353,19223,15130,W,NW MARKET ST,"NW MARKET ST, W/O 8TH AVE NW; W FLOW; CHWB; 06May2025 12:00",2025-05-06,2025-05-13,True
347354,14073,11075,dir_11,EAST GREEN LAKE WAY N,"EAST GREEN LAKE WAY N, NE/O N 57TH ST; TOTAL FLOW; CHAGG; 06May2025 12:15",2025-05-06,2025-05-13,True
347356,15962,12500,dir_11,N 85TH ST,"N 85TH ST, W/O ASHWORTH AVE N; TOTAL FLOW; CHAGG; 06May2025 12:30",2025-05-06,2025-05-13,True
347358,12312,09315,N,QUEEN ANNE AVE N,"QUEEN ANNE AVE N, S/O CROCKETT ST; N FLOW; CHNB; 07May2025 11:15",2025-05-07,2025-05-14,True
347359,12312,09315,dir_11,QUEEN ANNE AVE N,"QUEEN ANNE AVE N, S/O CROCKETT ST; TOTAL FLOW; CHTOT; 07May2025 11:15",2025-05-07,2025-05-14,True
347360,10000,06345,E,DENNY WAY,"DENNY WAY, W/O 2ND AVE; E FLOW; CHEB; 07May2025 11:00",2025-05-07,2025-05-14,True
347361,10000,06345,W,DENNY WAY,"DENNY WAY, W/O 2ND AVE; W FLOW; CHWB; 07May2025 11:00",2025-05-07,2025-05-14,True
347362,12900,09800,SW,STEWART ST,"STEWART ST, NE/O 4TH AVE; SW FLOW; CHSWB; 07May2025 10:45",2025-05-07,2025-05-14,True
347363,13202,10115,NE,UNIVERSITY ST,"UNIVERSITY ST, SW/O 4TH AVE; NE FLOW; CHNEB; 07May2025 10:30",2025-05-07,2025-05-14,True
347364,14348,11275,NE,E MADISON ST,"E MADISON ST, SW/O 17TH AVE; NE FLOW; CHNEB; 07May2025 12:15",2025-05-07,2025-05-14,True
347365,14348,11275,SW,E MADISON ST,"E MADISON ST, SW/O 17TH AVE; SW FLOW; CHSWB; 07May2025 12:15",2025-05-07,2025-05-14,True
347366,10000,06345,dir_11,DENNY WAY,"DENNY WAY, W/O 2ND AVE; TOTAL FLOW; CHAGG; 07May2025 11:00",2025-05-07,2025-05-14,True
347368,14348,11275,dir_11,E MADISON ST,"E MADISON ST, SW/O 17TH AVE; TOTAL FLOW; CHAGG; 07May2025 12:15",2025-05-07,2025-05-14,True
347370,12312,09315,S,QUEEN ANNE AVE N,"QUEEN ANNE AVE N, S/O CROCKETT ST; S FLOW; CHAGG; 07May2025 11:15",2025-05-07,2025-05-14,True
347372,21580,17185,E,SW 100TH ST,"SW 100TH ST, W/O 37TH AVE SW; E FLOW; CHEB; 09May2025 13:30",2025-05-09,2025-05-16,True
347373,21580,17185,W,SW 100TH ST,"SW 100TH ST, W/O 37TH AVE SW; W FLOW; CHWB; 09May2025 13:30",2025-05-09,2025-05-16,True
347374,21580,17185,dir_11,SW 100TH ST,"SW 100TH ST, W/O 37TH AVE SW; TOTAL FLOW; CHAGG; 09May2025 13:30",2025-05-09,2025-05-16,True
347376,12135,09115,N,PHINNEY AVE N,"PHINNEY AVE N, S/O N 41ST ST; N FLOW; CHNB; 08May2025 13:30",2025-05-08,2025-05-15,True
347377,12135,09115,S,PHINNEY AVE N,"PHINNEY AVE N, S/O N 41ST ST; S FLOW; CHSB; 08May2025 13:30",2025-05-08,2025-05-15,True
347378,2057,00555,S,15TH AVE NE,"15TH AVE NE, S/O NE 80TH ST; S FLOW; CHSB; 08May2025 14:00",2025-05-08,2025-05-15,True
347379,2057,00555,dir_11,15TH AVE NE,"15TH AVE NE, S/O NE 80TH ST; TOTAL FLOW; CHTOT; 08May2025 14:00",2025-05-08,2025-05-15,True
347380,12135,09115,dir_11,PHINNEY AVE N,"PHINNEY AVE N, S/O N 41ST ST; TOTAL FLOW; CHAGG; 08May2025 13:30",2025-05-08,2025-05-15,True
347382,2057,00555,N,15TH AVE NE,"15TH AVE NE, S/O NE 80TH ST; N FLOW; CHAGG; 08May2025 14:00",2025-05-08,2025-05-15,True
347384,16114,12715,E,N NORTHGATE WAY,"N NORTHGATE WAY, W/O ASHWORTH AVE N; E FLOW; CHEB; 08May2025 13:15",2025-05-08,2025-05-15,True
347385,16114,12715,W,N NORTHGATE WAY,"N NORTHGATE WAY, W/O ASHWORTH AVE N; W FLOW; CHWB; 08May2025 13:15",2025-05-08,2025-05-15,True
347386,15953,12500,E,N 85TH ST,"N 85TH ST, W/O FREMONT AVE N; E FLOW; CHEB; 08May2025 12:00",2025-05-08,2025-05-15,True
347387,15953,12500,W,N 85TH ST,"N 85TH ST, W/O FREMONT AVE N; W FLOW; CHWB; 08May2025 12:00",2025-05-08,2025-05-15,True
347388,10782,07105,N,GREENWOOD AVE N,"GREENWOOD AVE N, S/O N 125TH ST; N FLOW; CHNB; 08May2025 12:30",2025-05-08,2025-05-15,True
347389,10782,07105,S,GREENWOOD AVE N,"GREENWOOD AVE N, S/O N 125TH ST; S FLOW; CHSB; 08May2025 12:30",2025-05-08,2025-05-15,True
347390,15273,11975,E,N 145TH ST,"N 145TH ST, W/O ASHWORTH AVE N; E FLOW; CHEB; 08May2025 12:45",2025-05-08,2025-05-15,True
347391,16114,12715,dir_11,N NORTHGATE WAY,"N NORTHGATE WAY, W/O ASHWORTH AVE N; TOTAL FLOW; CHAGG; 08May2025 13:15",2025-05-08,2025-05-15,True
347396,15953,12500,dir_11,N 85TH ST,"N 85TH ST, W/O FREMONT AVE N; TOTAL FLOW; CHAGG; 08May2025 12:00",2025-05-08,2025-05-15,True
347398,10782,07105,dir_11,GREENWOOD AVE N,"GREENWOOD AVE N, S/O N 125TH ST; TOTAL FLOW; CHAGG; 08May2025 12:30",2025-05-08,2025-05-15,True
347400,8782,05095,E,ALKI AVE SW,"ALKI AVE SW, W/O HARBOR AVE SW; E FLOW; CHEB; 06May2025 16:00",2025-05-06,2025-05-13,True
347401,8782,05095,W,ALKI AVE SW,"ALKI AVE SW, W/O HARBOR AVE SW; W FLOW; CHWB; 06May2025 16:00",2025-05-06,2025-05-13,True
347402,8782,05095,dir_11,ALKI AVE SW,"ALKI AVE SW, W/O HARBOR AVE SW; TOTAL FLOW; CHAGG; 06May2025 16:00",2025-05-06,2025-05-13,True
347404,11664,08450,NE,MARION ST,"MARION ST, NE/O 2ND AVE; NE FLOW; CHNEB; 13May2025 11:00",2025-05-13,2025-05-20,True
347405,11665,08450,NE,MARION ST,"MARION ST, NE/O 3RD AVE; NE FLOW; CHNEB; 13May2025 11:15",2025-05-13,2025-05-20,True
347406,11666,08450,NE,MARION ST,"MARION ST, NE/O 4TH AVE; NE FLOW; CHNEB; 13May2025 11:30",2025-05-13,2025-05-20,True
347407,11583,08300,SW,MADISON ST,"MADISON ST, NE/O 2ND AVE; SW FLOW; CHSWB; 13May2025 10:45",2025-05-13,2025-05-20,True
347408,12861,09735,NE,SPRING ST,"SPRING ST, SW/O 3RD AVE; NE FLOW; CHNEB; 13May2025 11:45",2025-05-13,2025-05-20,True
347409,7230,03885,SE,5TH AVE,"5TH AVE, SE/O SPRING ST; SE FLOW; CHSEB; 13May2025 12:00",2025-05-13,2025-05-20,True
347411,19223,15130,dir_11,NW MARKET ST,"NW MARKET ST, W/O 8TH AVE NW; TOTAL FLOW; CHAGG; 13May2025 11:15",2025-05-13,2025-05-20,True
347413,12043,08950,NE,OLIVE WAY,"OLIVE WAY, SW/O 6TH AVE; NE FLOW; CHNEB; 14May2025 11:00",2025-05-14,2025-05-21,True
347414,12044,08950,NE,OLIVE WAY,"OLIVE WAY, SW/O 7TH AVE; NE FLOW; CHNEB; 14May2025 11:15",2025-05-14,2025-05-21,True
347415,12903,09800,SW,STEWART ST,"STEWART ST, NE/O 6TH AVE; SW FLOW; CHSWB; 14May2025 11:30",2025-05-14,2025-05-21,True
347416,7237,03885,SE,5TH AVE,"5TH AVE, SE/O PINE ST; SE FLOW; CHSEB; 14May2025 11:45",2025-05-14,2025-05-21,True
347417,13182,10100,SW,UNION ST,"UNION ST, SW/O 5TH AVE; SW FLOW; CHSWB; 14May2025 12:00",2025-05-14,2025-05-21,True
347418,10522,06870,N,FREMONT AVE N,"FREMONT AVE N, S/O N 80TH ST; N FLOW; CHNB; 15May2025 13:00",2025-05-15,2025-05-22,True
347419,10522,06870,S,FREMONT AVE N,"FREMONT AVE N, S/O N 80TH ST; S FLOW; CHSB; 15May2025 13:00",2025-05-15,2025-05-22,True
347420,10527,06870,N,FREMONT AVE N,"FREMONT AVE N, S/O N 85TH ST; N FLOW; CHNB; 15May2025 12:15",2025-05-15,2025-05-22,True
347421,10528,06870,S,FREMONT AVE N,"FREMONT AVE N, S/O N 86TH ST; S FLOW; CHSB; 15May2025 12:00",2025-05-15,2025-05-22,True
347422,10531,06870,N,FREMONT AVE N,"FREMONT AVE N, S/O N 88TH ST; N FLOW; CHNB; 15May2025 11:45",2025-05-15,2025-05-22,True
347423,10537,06870,S,FREMONT AVE N,"FREMONT AVE N, S/O N 94TH ST; S FLOW; CHSB; 15May2025 11:15",2025-05-15,2025-05-22,True
347424,10522,06870,dir_11,FREMONT AVE N,"FREMONT AVE N, S/O N 80TH ST; TOTAL FLOW; CHAGG; 15May2025 13:00",2025-05-15,2025-05-22,True
347426,10523,06870,N,FREMONT AVE N,"FREMONT AVE N, S/O N 81ST ST; N FLOW; CHNB; 15May2025 12:30",2025-05-15,2025-05-22,True
347427,10523,06870,S,FREMONT AVE N,"FREMONT AVE N, S/O N 81ST ST; S FLOW; CHSB; 15May2025 12:30",2025-05-15,2025-05-22,True
347428,10523,06870,dir_11,FREMONT AVE N,"FREMONT AVE N, S/O N 81ST ST; TOTAL FLOW; CHAGG; 15May2025 12:30",2025-05-15,2025-05-22,True
347430,10527,06870,S,FREMONT AVE N,"FREMONT AVE N, S/O N 85TH ST; S FLOW; CHSB; 15May2025 12:15",2025-05-15,2025-05-22,True
347431,10528,06870,N,FREMONT AVE N,"FREMONT AVE N, S/O N 86TH ST; N FLOW; CHNB; 15May2025 12:00",2025-05-15,2025-05-22,True
347432,10531,06870,S,FREMONT AVE N,"FREMONT AVE N, S/O N 88TH ST; S FLOW; CHSB; 15May2025 11:45",2025-05-15,2025-05-22,True
347433,10537,06870,N,FREMONT AVE N,"FREMONT AVE N, S/O N 94TH ST; N FLOW; CHNB; 15May2025 11:15",2025-05-15,2025-05-22,True
347434,10527,06870,dir_11,FREMONT AVE N,"FREMONT AVE N, S/O N 85TH ST; TOTAL FLOW; CHAGG; 15May2025 12:15",2025-05-15,2025-05-22,True
347436,10528,06870,dir_11,FREMONT AVE N,"FREMONT AVE N, S/O N 86TH ST; TOTAL FLOW; CHAGG; 15May2025 12:00",2025-05-15,2025-05-22,True
347438,10531,06870,dir_11,FREMONT AVE N,"FREMONT AVE N, S/O N 88TH ST; TOTAL FLOW; CHAGG; 15May2025 11:45",2025-05-15,2025-05-22,True
347440,10537,06870,dir_11,FREMONT AVE N,"FREMONT AVE N, S/O N 94TH ST; TOTAL FLOW; CHAGG; 15May2025 11:15",2025-05-15,2025-05-22,True
347442,12409,09345,N,RAINIER AVE S,"RAINIER AVE S, S/O S OTHELLO ST; N FLOW; CHNB; 15May2025 11:45",2025-05-15,2025-05-22,True
347443,12409,09345,S,RAINIER AVE S,"RAINIER AVE S, S/O S OTHELLO ST; S FLOW; CHSB; 15May2025 11:30",2025-05-15,2025-05-22,True
347444,352636,08299,N,M L KING JR WAY S,"M L KING JR ER WAY S, N/O S ANDOVER ST; N FLOW; CHNB; 15May2025 11:45",2025-05-15,2025-05-22,True
347445,11530,08303,S,M L KING JR WAY S,"M L KING JR WR WAY S, N/O S ANDOVER ST; S FLOW; CHSB; 15May2025 11:15",2025-05-15,2025-05-22,True
347446,14395,11300,S,EAST MARGINAL WAY S,"EAST MARGINAL WAY S, S/O S ALASKA ST; S FLOW; CHSB; 15May2025 11:15",2025-05-15,2025-05-22,True
347447,22804,18176,E,SW SPOKANE ST BR,"SW SPOKANE BR, W/O SW SPOKANE E ST; E FLOW; CHEB; 15May2025 11:00",2025-05-15,2025-05-22,True
347448,22804,18176,W,SW SPOKANE ST BR,"SW SPOKANE BR, W/O SW SPOKANE E ST; W FLOW; CHWB; 15May2025 11:00",2025-05-15,2025-05-22,True
347450,12409,09345,dir_11,RAINIER AVE S,"RAINIER AVE S, S/O S OTHELLO ST; TOTAL FLOW; CHAGG; 15May2025 11:45",2025-05-15,2025-05-22,True
347452,352636,08299,dir_11,M L KING JR WAY S,"M L KING JR ER WAY S, N/O S ANDOVER ST; TOTAL FLOW; CHAGG; 15May2025 11:45",2025-05-15,2025-05-22,True
347459,15936,12490,E,N 83RD ST,"N 83RD ST, E/O 1ST AVE NW; E FLOW; CHEB; 16May2025 11:15",2025-05-16,2025-05-23,True
347460,15936,12490,W,N 83RD ST,"N 83RD ST, E/O 1ST AVE NW; W FLOW; CHWB; 16May2025 11:15",2025-05-16,2025-05-23,True
347461,15937,12490,E,N 83RD ST,"N 83RD ST, E/O GREENWOOD AVE N; E FLOW; CHEB; 16May2025 11:15",2025-05-16,2025-05-23,True
347462,15937,12490,W,N 83RD ST,"N 83RD ST, E/O GREENWOOD AVE N; W FLOW; CHWB; 16May2025 11:15",2025-05-16,2025-05-23,True
347463,15939,12490,E,N 83RD ST,"N 83RD ST, E/O FREMONT AVE N; E FLOW; CHEB; 16May2025 11:30",2025-05-16,2025-05-23,True
347464,15939,12490,W,N 83RD ST,"N 83RD ST, E/O FREMONT AVE N; W FLOW; CHWB; 16May2025 11:30",2025-05-16,2025-05-23,True
347465,15940,12490,E,N 83RD ST,"N 83RD ST, E/O LINDEN AVE N; E FLOW; CHEB; 16May2025 13:15",2025-05-16,2025-05-23,True
347466,15940,12490,W,N 83RD ST,"N 83RD ST, E/O LINDEN AVE N; W FLOW; CHWB; 16May2025 13:15",2025-05-16,2025-05-23,True
347467,10550,06870,N,FREMONT AVE N,"FREMONT AVE N, S/O N 109TH ST; N FLOW; CHNB; 16May2025 12:15",2025-05-16,2025-05-23,True
347468,10550,06870,S,FREMONT AVE N,"FREMONT AVE N, S/O N 109TH ST; S FLOW; CHSB; 16May2025 12:15",2025-05-16,2025-05-23,True
347469,10547,06870,N,FREMONT AVE N,"FREMONT AVE N, S/O N 105TH ST; N FLOW; CHNB; 16May2025 12:45",2025-05-16,2025-05-23,True
347470,10547,06870,S,FREMONT AVE N,"FREMONT AVE N, S/O N 105TH ST; S FLOW; CHSB; 16May2025 12:45",2025-05-16,2025-05-23,True
347471,15936,12490,dir_11,N 83RD ST,"N 83RD ST, E/O 1ST AVE NW; TOTAL FLOW; CHAGG; 16May2025 11:15",2025-05-16,2025-05-23,True
347473,15937,12490,dir_11,N 83RD ST,"N 83RD ST, E/O GREENWOOD AVE N; TOTAL FLOW; CHAGG; 16May2025 11:15",2025-05-16,2025-05-23,True
347475,15939,12490,dir_11,N 83RD ST,"N 83RD ST, E/O FREMONT AVE N; TOTAL FLOW; CHAGG; 16May2025 11:30",2025-05-16,2025-05-23,True
347477,15940,12490,dir_11,N 83RD ST,"N 83RD ST, E/O LINDEN AVE N; TOTAL FLOW; CHAGG; 16May2025 13:15",2025-05-16,2025-05-23,True
347479,10550,06870,dir_11,FREMONT AVE N,"FREMONT AVE N, S/O N 109TH ST; TOTAL FLOW; CHAGG; 16May2025 12:15",2025-05-16,2025-05-23,True
347481,10547,06870,dir_11,FREMONT AVE N,"FREMONT AVE N, S/O N 105TH ST; TOTAL FLOW; CHAGG; 16May2025 12:45",2025-05-16,2025-05-23,True
347483,8728,05045,dir_11,ALASKAN WAY,"ALASKAN WAY, SE/O BLANCHARD ST; TOTAL FLOW; CHTOTAL; 16May2025 00:00 ( use 2024 data)",2025-05-16,2025-05-23,True
347484,11159,08015,dir_11,LAKE CITY WAY NE,"LAKE CITY WAY NE, NE/O NE 95TH ST; TOTAL FLOW; CHTOTAL; 01May2025 00:00",2025-05-01,2025-05-08,True
347485,2105,00560,S,15TH AVE NW,"15TH AVE NW, N/O NW 58TH ST; S FLOW; CHSB; 15May2025 16:00",2025-05-15,2025-05-22,True
347486,2105,00560,dir_11,15TH AVE NW,"15TH AVE NW, N/O NW 58TH ST; TOTAL FLOW; CHAGG; 15May2025 16:00",2025-05-15,2025-05-22,True
347488,19223,15130,E,NW MARKET ST,"NW MARKET ST, W/O 8TH AVE NW; E FLOW; CHEB; 13May2025 11:15",2025-05-13,2025-05-20,True
347489,830984,06556,NW,ELLIOTT WAY,"ELLIOTT WAY, NW/O LENORA ST; NW FLOW; CHNWB; 25May2025 00:00",2025-05-25,2025-06-01,True
347490,830984,06556,SE,ELLIOTT WAY,"ELLIOTT WAY, NW/O LENORA ST; SE FLOW; CHSEB; 25May2025 00:00",2025-05-25,2025-06-01,True
347491,830984,06556,dir_11,ELLIOTT WAY,"ELLIOTT WAY, NW/O LENORA ST; TOTAL FLOW; CHAGG; 25May2025 00:00",2025-05-25,2025-06-01,True
347493,15273,11975,W,N 145TH ST,"N 145TH ST, W/O ASHWORTH AVE N; W FLOW; CHWB; 28May2025 12:00",2025-05-28,2025-06-04,True
347494,15264,11975,W,N 145TH ST,"N 145TH ST, W/O LINDEN AVE N; W FLOW; CHWB; 28May2025 12:00",2025-05-28,2025-06-04,True
347495,15273,11975,dir_11,N 145TH ST,"N 145TH ST, W/O ASHWORTH AVE N; TOTAL FLOW; CHAGG; 28May2025 12:00",2025-05-28,2025-06-04,True
347497,15263,11975,E,N 145TH ST,"N 145TH ST, W/O FREMONT AVE N; E FLOW; CHEB; 28May2025 12:15",2025-05-28,2025-06-04,True
347498,15263,11975,dir_11,N 145TH ST,"N 145TH ST, W/O FREMONT AVE N; TOTAL FLOW; CHAGG; 28May2025 12:15",2025-05-28,2025-06-04,True
347500,14248,11200,E,E JOHN ST,"E JOHN ST, E/O 14TH AVE E; E FLOW; CHEB; 29May2025 11:30",2025-05-29,2025-06-05,True
347501,14248,11200,W,E JOHN ST,"E JOHN ST, E/O 14TH AVE E; W FLOW; CHWB; 29May2025 11:30",2025-05-29,2025-06-05,True
347502,17954,13815,E,NE 98TH ST,"NE 98TH ST, E/O 27TH AVE NE; E FLOW; CHEB; 29May2025 10:30",2025-05-29,2025-06-05,True
347503,17954,13815,W,NE 98TH ST,"NE 98TH ST, E/O 27TH AVE NE; W FLOW; CHWB; 29May2025 10:30",2025-05-29,2025-06-05,True
347504,14248,11200,dir_11,E JOHN ST,"E JOHN ST, E/O 14TH AVE E; TOTAL FLOW; CHAGG; 29May2025 11:30",2025-05-29,2025-06-05,True
347506,17954,13815,dir_11,NE 98TH ST,"NE 98TH ST, E/O 27TH AVE NE; TOTAL FLOW; CHAGG; 29May2025 10:30",2025-05-29,2025-06-05,True
347508,16158,12770,E,NE 100TH ST,"NE 100TH ST, E/O RAVENNA AVE NE; E FLOW; CHEB; 29May2025 11:00",2025-05-29,2025-06-05,True
347509,16158,12770,W,NE 100TH ST,"NE 100TH ST, E/O RAVENNA AVE NE; W FLOW; CHWB; 29May2025 11:00",2025-05-29,2025-06-05,True
347510,16158,12770,dir_11,NE 100TH ST,"NE 100TH ST, E/O RAVENNA AVE NE; TOTAL FLOW; CHAGG; 29May2025 11:00",2025-05-29,2025-06-05,True
347512,5541,02790,N,36TH AVE E,"36TH AVE E, S/O E MADISON ST; N FLOW; CHNB; 29May2025 12:00",2025-05-29,2025-06-05,True
347513,5541,02790,S,36TH AVE E,"36TH AVE E, S/O E MADISON ST; S FLOW; CHSB; 29May2025 12:00",2025-05-29,2025-06-05,True
347514,14368,11275,NE,E MADISON ST,"E MADISON ST, SW/O 36TH AVE E; NE FLOW; CHNEB NEB; 29May2025 13:00",2025-05-29,2025-06-05,True
347515,14368,11275,SW,E MADISON ST,"E MADISON ST, SW/O 36TH AVE E; SW FLOW; CHSWB SWB; 29May2025 13:00",2025-05-29,2025-06-05,True
347516,14369,11275,NE,E MADISON ST,"E MADISON ST, NE/O 36TH AVE E; NE FLOW; CHNEB NEB; 29May2025 12:30",2025-05-29,2025-06-05,True
347517,14369,11275,SW,E MADISON ST,"E MADISON ST, NE/O 36TH AVE E; SW FLOW; CHSWB; 29May2025 12:30",2025-05-29,2025-06-05,True
347518,5541,02790,dir_11,36TH AVE E,"36TH AVE E, S/O E MADISON ST; TOTAL FLOW; CHAGG; 29May2025 12:00",2025-05-29,2025-06-05,True
347520,14368,11275,dir_11,E MADISON ST,"E MADISON ST, SW/O 36TH AVE E; TOTAL FLOW; CHAGG; 29May2025 13:00",2025-05-29,2025-06-05,True
347522,14369,11275,dir_11,E MADISON ST,"E MADISON ST, NE/O 36TH AVE E; TOTAL FLOW; CHAGG; 29May2025 12:30",2025-05-29,2025-06-05,True
347524,14395,11300,N,EAST MARGINAL WAY S,"EAST MARGINAL WAY S, S/O S ALASKA ST; N FLOW; CHNB; 15May2025 11:15",2025-05-15,2025-05-22,True
347525,14395,11300,dir_11,EAST MARGINAL WAY S,"EAST MARGINAL WAY S, S/O S ALASKA ST; TOTAL FLOW; CHAGG; 15May2025 11:15",2025-05-15,2025-05-22,True
347527,13615,10540,NW,WILSON AVE S,"WILSON AVE S, NW/O S ORCAS ST; NW FLOW; CHNWB; 30May2025 10:30",2025-05-30,2025-06-06,True
347528,13615,10540,SE,WILSON AVE S,"WILSON AVE S, NW/O S ORCAS ST; SE FLOW; CHSEB; 30May2025 10:30",2025-05-30,2025-06-06,True
347529,13615,10540,dir_11,WILSON AVE S,"WILSON AVE S, NW/O S ORCAS ST; TOTAL FLOW; CHAGG; 30May2025 10:30",2025-05-30,2025-06-06,True
347531,21001,16695,E,S ORCAS ST,"S ORCAS ST, W/O WILSON AVE S; E FLOW; CHEB; 30May2025 11:45",2025-05-30,2025-06-06,True
347532,21001,16695,W,S ORCAS ST,"S ORCAS ST, W/O WILSON AVE S; W FLOW; CHWB; 30May2025 11:45",2025-05-30,2025-06-06,True
347533,13616,10540,NW,WILSON AVE S,"WILSON AVE S, SE/O S ORCAS ST; NW FLOW; CHNWB; 30May2025 11:00",2025-05-30,2025-06-06,True
347534,13616,10540,SE,WILSON AVE S,"WILSON AVE S, SE/O S ORCAS ST; SE FLOW; CHSEB; 30May2025 11:00",2025-05-30,2025-06-06,True
347535,21002,16695,E,S ORCAS ST,"S ORCAS ST, E/O WILSON AVE S; E FLOW; CHEB; 30May2025 11:15",2025-05-30,2025-06-06,True
347536,21002,16695,W,S ORCAS ST,"S ORCAS ST, E/O WILSON AVE S; W FLOW; CHWB; 30May2025 11:15",2025-05-30,2025-06-06,True
347537,13616,10540,dir_11,WILSON AVE S,"WILSON AVE S, SE/O S ORCAS ST; TOTAL FLOW; CHAGG; 30May2025 11:00",2025-05-30,2025-06-06,True
347539,21001,16695,dir_11,S ORCAS ST,"S ORCAS ST, W/O WILSON AVE S; TOTAL FLOW; CHAGG; 30May2025 11:45",2025-05-30,2025-06-06,True
347541,21002,16695,dir_11,S ORCAS ST,"S ORCAS ST, E/O WILSON AVE S; TOTAL FLOW; CHAGG; 30May2025 11:15",2025-05-30,2025-06-06,True
347543,22624,18005,E,SW MYRTLE ST,"SW MYRTLE ST, W/O CALIFORNIA AVE SW; E FLOW; CHEB; 03Jun2025 11:45",2025-06-03,2025-06-10,True
347546,9570,05790,N,CALIFORNIA AVE SW,"CALIFORNIA AVE SW, N/O SW MYRTLE ST; N FLOW; CHNB; 03Jun2025 12:30",2025-06-03,2025-06-10,True
347547,9570,05790,S,CALIFORNIA AVE SW,"CALIFORNIA AVE SW, N/O SW MYRTLE ST; S FLOW; CHSB; 03Jun2025 12:30",2025-06-03,2025-06-10,True
347548,9571,05790,N,CALIFORNIA AVE SW,"CALIFORNIA AVE SW, S/O SW MYRTLE ST; N FLOW; CHNB; 03Jun2025 12:15",2025-06-03,2025-06-10,True
347549,9571,05790,S,CALIFORNIA AVE SW,"CALIFORNIA AVE SW, S/O SW MYRTLE ST; S FLOW; CHSB; 03Jun2025 12:15",2025-06-03,2025-06-10,True
347550,22624,18005,W,SW MYRTLE ST,"SW MYRTLE ST, W/O CALIFORNIA AVE SW; W FLOW; CHWB; 03Jun2025 11:45",2025-06-03,2025-06-10,True
347551,22623,18005,E,SW MYRTLE ST,"SW MYRTLE ST, E/O CALIFORNIA AVE SW; E FLOW; CHEB; 03Jun2025 11:30",2025-06-03,2025-06-10,True
347552,22623,18005,W,SW MYRTLE ST,"SW MYRTLE ST, E/O CALIFORNIA AVE SW; W FLOW; CHWB; 03Jun2025 11:30",2025-06-03,2025-06-10,True
347553,9570,05790,dir_11,CALIFORNIA AVE SW,"CALIFORNIA AVE SW, N/O SW MYRTLE ST; TOTAL FLOW; CHAGG; 03Jun2025 12:30",2025-06-03,2025-06-10,True
347555,22624,18005,dir_11,SW MYRTLE ST,"SW MYRTLE ST, W/O CALIFORNIA AVE SW; TOTAL FLOW; CHAGG; 03Jun2025 11:45",2025-06-03,2025-06-10,True
347559,22623,18005,dir_11,SW MYRTLE ST,"SW MYRTLE ST, E/O CALIFORNIA AVE SW; TOTAL FLOW; CHAGG; 03Jun2025 11:30",2025-06-03,2025-06-10,True
347561,14073,11075,NE,EAST GREEN LAKE WAY N,"EAST GREEN LAKE WAY N, NE/O N 57TH ST; NE FLOW; CHNEB; 04Jun2025 13:00",2025-06-04,2025-06-11,True
347562,14073,11075,SW,EAST GREEN LAKE WAY N,"EAST GREEN LAKE WAY N, NE/O N 57TH ST; SW FLOW; CHSWB; 04Jun2025 13:00",2025-06-04,2025-06-11,True
347563,15962,12500,E,N 85TH ST,"N 85TH ST, W/O ASHWORTH AVE N; E FLOW; CHEB; 04Jun2025 12:30",2025-06-04,2025-06-11,True
347564,15962,12500,W,N 85TH ST,"N 85TH ST, W/O ASHWORTH AVE N; W FLOW; CHWB; 04Jun2025 12:30",2025-06-04,2025-06-11,True
347565,19223,15130,E,NW MARKET ST,"NW MARKET ST, W/O 8TH AVE NW; E FLOW; CHEB; 04Jun2025 13:15",2025-06-04,2025-06-11,True
347566,19223,15130,W,NW MARKET ST,"NW MARKET ST, W/O 8TH AVE NW; W FLOW; CHWB; 04Jun2025 13:15",2025-06-04,2025-06-11,True
347567,14073,11075,dir_11,EAST GREEN LAKE WAY N,"EAST GREEN LAKE WAY N, NE/O N 57TH ST; TOTAL FLOW; CHAGG; 04Jun2025 13:00",2025-06-04,2025-06-11,True
347569,15962,12500,dir_11,N 85TH ST,"N 85TH ST, W/O ASHWORTH AVE N; TOTAL FLOW; CHAGG; 04Jun2025 12:30",2025-06-04,2025-06-11,True
347573,22293,17790,E,SW HENDERSON ST,"SW HENDERSON ST, W/O 11TH AVE SW; E FLOW; CHEB; 05Jun2025 10:45",2025-06-05,2025-06-12,True
347574,22293,17790,W,SW HENDERSON ST,"SW HENDERSON ST, W/O 11TH AVE SW; W FLOW; CHWB; 05Jun2025 10:45",2025-06-05,2025-06-12,True
347575,22293,17790,dir_11,SW HENDERSON ST,"SW HENDERSON ST, W/O 11TH AVE SW; TOTAL FLOW; CHAGG; 05Jun2025 10:45",2025-06-05,2025-06-12,True
347577,12312,09315,N,QUEEN ANNE AVE N,"QUEEN ANNE AVE N, S/O CROCKETT ST; N FLOW; CHNB; 05Jun2025 11:15",2025-06-05,2025-06-12,True
347578,10000,06345,E,DENNY WAY,"DENNY WAY, W/O 2ND AVE; E FLOW; CHEB; 05Jun2025 11:00",2025-06-05,2025-06-12,True
347579,10000,06345,W,DENNY WAY,"DENNY WAY, W/O 2ND AVE; W FLOW; CHWB; 05Jun2025 11:00",2025-06-05,2025-06-12,True
347580,8728,05045,NW,ALASKAN WAY,"ALASKAN WAY, SE/O BLANCHARD ST; NW FLOW; CHNWB; 05Jun2025 12:00",2025-06-05,2025-06-12,True
347581,8728,05045,SE,ALASKAN WAY,"ALASKAN WAY, SE/O BLANCHARD ST; SE FLOW; CHSEB; 05Jun2025 12:00",2025-06-05,2025-06-12,True
347582,12900,09800,SW,STEWART ST,"STEWART ST, NE/O 4TH AVE; SW FLOW; CHSWB; 05Jun2025 10:45",2025-06-05,2025-06-12,True
347583,13202,10115,NE,UNIVERSITY ST,"UNIVERSITY ST, SW/O 4TH AVE; NE FLOW; CHNEB; 05Jun2025 10:30",2025-06-05,2025-06-12,True
347584,14348,11275,NE,E MADISON ST,"E MADISON ST, SW/O 17TH AVE; NE FLOW; CHNEB; 05Jun2025 12:15",2025-06-05,2025-06-12,True
347585,14348,11275,SW,E MADISON ST,"E MADISON ST, SW/O 17TH AVE; SW FLOW; CHSWB; 05Jun2025 12:15",2025-06-05,2025-06-12,True
347586,12312,09315,dir_11,QUEEN ANNE AVE N,"QUEEN ANNE AVE N, S/O CROCKETT ST; TOTAL FLOW; CHTOT; 05Jun2025 11:15",2025-06-05,2025-06-12,True
347587,14348,11275,dir_11,E MADISON ST,"E MADISON ST, SW/O 17TH AVE; TOTAL FLOW; CHAGG; 05Jun2025 12:15",2025-06-05,2025-06-12,True
347589,8728,05045,dir_11,ALASKAN WAY,"ALASKAN WAY, SE/O BLANCHARD ST; TOTAL FLOW; CHAGG; 05Jun2025 12:00",2025-06-05,2025-06-12,True
347591,10000,06345,dir_11,DENNY WAY,"DENNY WAY, W/O 2ND AVE; TOTAL FLOW; CHAGG; 05Jun2025 11:00",2025-06-05,2025-06-12,True
347593,12312,09315,S,QUEEN ANNE AVE N,"QUEEN ANNE AVE N, S/O CROCKETT ST; S FLOW; CHAGG; 05Jun2025 11:15",2025-06-05,2025-06-12,True
347595,9571,05790,dir_11,CALIFORNIA AVE SW,"CALIFORNIA AVE SW, S/O SW MYRTLE ST; TOTAL FLOW; CHAGG; 03Jun2025 12:15",2025-06-03,2025-06-10,True
347597,13330,10258,dir_11,WEST SEATTLE BR EB,"WEST SEATTLE BR EB, E/O DELRIDGE-W SEATTLE BR EB ON RP; TOTAL FLOW; CHTOTAL; 01Jun2025 00:00",2025-06-01,2025-06-08,True
347598,11159,08015,dir_11,LAKE CITY WAY NE,"LAKE CITY WAY NE, NE/O NE 95TH ST; TOTAL FLOW; CHTOTAL; 01Jun2025 00:00",2025-06-01,2025-06-08,True
347599,830984,06556,NW,ELLIOTT WAY,"ELLIOTT WAY, NW/O LENORA ST; NW FLOW; CHNWB; 01Jun2025 00:00",2025-06-01,2025-06-08,True
347600,830984,06556,SE,ELLIOTT WAY,"ELLIOTT WAY, NW/O LENORA ST; SE FLOW; CHSEB; 01Jun2025 00:00",2025-06-01,2025-06-08,True
347601,830984,06556,dir_11,ELLIOTT WAY,"ELLIOTT WAY, NW/O LENORA ST; TOTAL FLOW; CHAGG; 01Jun2025 00:00",2025-06-01,2025-06-08,True
347603,20628,16420,E,S LANDER ST,"S LANDER ST, W/O 6TH AVE S; E FLOW; CHEB; 09Jun2025 10:45",2025-06-09,2025-06-16,True
347604,20628,16420,W,S LANDER ST,"S LANDER ST, W/O 6TH AVE S; W FLOW; CHWB; 09Jun2025 10:45",2025-06-09,2025-06-16,True
347605,8782,05095,E,ALKI AVE SW,"ALKI AVE SW, W/O HARBOR AVE SW; E FLOW; CHEB; 09Jun2025 10:00",2025-06-09,2025-06-16,True
347606,8782,05095,W,ALKI AVE SW,"ALKI AVE SW, W/O HARBOR AVE SW; W FLOW; CHWB; 09Jun2025 10:00",2025-06-09,2025-06-16,True
347607,12409,09345,N,RAINIER AVE S,"RAINIER AVE S, S/O S OTHELLO ST; N FLOW; CHNB; 09Jun2025 09:30",2025-06-09,2025-06-16,True
347608,12409,09345,S,RAINIER AVE S,"RAINIER AVE S, S/O S OTHELLO ST; S FLOW; CHSB; 09Jun2025 09:30",2025-06-09,2025-06-16,True
347609,20628,16420,dir_11,S LANDER ST,"S LANDER ST, W/O 6TH AVE S; TOTAL FLOW; CHAGG; 09Jun2025 10:45",2025-06-09,2025-06-16,True
347611,12409,09345,dir_11,RAINIER AVE S,"RAINIER AVE S, S/O S OTHELLO ST; TOTAL FLOW; CHAGG; 09Jun2025 09:30",2025-06-09,2025-06-16,True
347613,8782,05095,W,ALKI AVE SW,"ALKI AVE SW, W/O HARBOR AVE SW; W FLOW; CHWB; 09Jun2025 10:00",2025-06-09,2025-06-16,True
347614,8782,05095,dir_11,ALKI AVE SW,"ALKI AVE SW, W/O HARBOR AVE SW; TOTAL FLOW; CHAGG; 09Jun2025 10:00",2025-06-09,2025-06-16,True
347616,22804,18176,dir_11,SW SPOKANE ST BR,"SW SPOKANE BR, W/O SW SPOKANE E ST; TOTAL FLOW; CHAGG; 15May2025 11:00",2025-05-15,2025-05-22,True
347618,6047,03065,N,39TH AVE S,"39TH AVE S, N/O S CAMBRIDGE ST; N FLOW; CHNB; 10Jun2025 13:30",2025-06-10,2025-06-17,True
347619,6047,03065,S,39TH AVE S,"39TH AVE S, N/O S CAMBRIDGE ST; S FLOW; CHSB; 10Jun2025 13:30",2025-06-10,2025-06-17,True
347620,6047,03065,dir_11,39TH AVE S,"39TH AVE S, N/O S CAMBRIDGE ST; TOTAL FLOW; CHAGG; 10Jun2025 13:30",2025-06-10,2025-06-17,True
347622,14744,11535,E,E ROY ST,"E ROY ST, E/O BOYLSTON E AVE E; E FLOW; CHEB; 11Jun2025 16:30",2025-06-11,2025-06-18,True
347623,14744,11535,W,E ROY ST,"E ROY ST, E/O BOYLSTON E AVE E; W FLOW; CHWB; 11Jun2025 16:30",2025-06-11,2025-06-18,True
347624,14744,11535,dir_11,E ROY ST,"E ROY ST, E/O BOYLSTON E AVE E; TOTAL FLOW; CHAGG; 11Jun2025 16:30",2025-06-11,2025-06-18,True
347626,13346,10273,SW,WEST SEATTLE BR WB,"WEST SEATTLE BR WB, NE/O 35TH AVE SW; SW FLOW; CHSWB; 15May2025 12:15",2025-05-15,2025-05-22,True
347628,13333,10258,NE,WEST SEATTLE BR EB,"WEST SEATTLE BR EB, NE/O FAUNTLEROY WAY SW; NE FLOW; CHNEB; 15May2025 09:15",2025-05-15,2025-05-22,True
347629,13333,10258,dir_11,WEST SEATTLE BR EB,"WEST SEATTLE BR EB, NE/O FAUNTLEROY WAY SW; TOTAL FLOW; CHAGG; 15May2025 12:15",2025-05-15,2025-05-22,True
347631,14742,11535,E,E ROY ST,"E ROY ST, E/O BELMONT AVE E; E FLOW; CHEB; 23Jun2025 14:00",2025-06-23,2025-06-30,True
347632,14742,11535,W,E ROY ST,"E ROY ST, E/O BELMONT AVE E; W FLOW; CHWB; 23Jun2025 14:00",2025-06-23,2025-06-30,True
347633,14742,11535,dir_11,E ROY ST,"E ROY ST, E/O BELMONT AVE E; TOTAL FLOW; CHAGG; 23Jun2025 14:00",2025-06-23,2025-06-30,True
347635,13977,10965,E,E DENNY WAY,"E DENNY WAY, W/O 36TH AVE; E FLOW; CHEB; 23Jun2025 12:45",2025-06-23,2025-06-30,True
347636,13977,10965,W,E DENNY WAY,"E DENNY WAY, W/O 36TH AVE; W FLOW; CHWB; 23Jun2025 12:45",2025-06-23,2025-06-30,True
347637,13977,10965,dir_11,E DENNY WAY,"E DENNY WAY, W/O 36TH AVE; TOTAL FLOW; CHAGG; 23Jun2025 12:45",2025-06-23,2025-06-30,True
347639,2085,00555,N,15TH AVE NE,"15TH AVE NE, S/O NE 123RD ST; N FLOW; CHNB NB; 23Jun2025 13:30",2025-06-23,2025-06-30,True
347640,2085,00555,S,15TH AVE NE,"15TH AVE NE, S/O NE 123RD ST; S FLOW; CHSB SB; 23Jun2025 13:30",2025-06-23,2025-06-30,True
347641,2085,00555,dir_11,15TH AVE NE,"15TH AVE NE, S/O NE 123RD ST; TOTAL FLOW; CHAGG; 23Jun2025 13:30",2025-06-23,2025-06-30,True
347643,352636,08299,N,M L KING JR WAY S,"M L KING JR ER WAY S, N/O S ANDOVER ST; N FLOW; CHNB NB; 23Jun2025 11:00",2025-06-23,2025-06-30,True
347644,11530,08303,S,M L KING JR WAY S,"M L KING JR WR WAY S, N/O S ANDOVER ST; S FLOW; CHSB; 23Jun2025 12:30",2025-06-23,2025-06-30,True
347645,14395,11300,N,EAST MARGINAL WAY S,"EAST MARGINAL WAY S, S/O S ALASKA ST; N FLOW; CHNB; 23Jun2025 11:15",2025-06-23,2025-06-30,True
347646,14395,11300,S,EAST MARGINAL WAY S,"EAST MARGINAL WAY S, S/O S ALASKA ST; S FLOW; CHSB; 23Jun2025 11:15",2025-06-23,2025-06-30,True
347647,22804,18176,E,SW SPOKANE ST BR,"SW SPOKANE BR, W/O SW SPOKANE ST; E FLOW; CHEB; 23Jun2025 11:30",2025-06-23,2025-06-30,True
347648,22804,18176,W,SW SPOKANE ST BR,"SW SPOKANE BR, W/O SW SPOKANE ST; W FLOW; CHWB; 23Jun2025 11:30",2025-06-23,2025-06-30,True
347649,9998,06345,dir_11,DENNY WAY,"DENNY WAY, E/O 1ST AVE; TOTAL FLOW; CHEB; 23Jun2025 11:45",2025-06-23,2025-06-30,True
347650,352636,08299,dir_11,M L KING JR WAY S,"M L KING JR ER WAY S, N/O S ANDOVER ST; TOTAL FLOW; CHAGG; 23Jun2025 12:30",2025-06-23,2025-06-30,True
347652,14395,11300,dir_11,EAST MARGINAL WAY S,"EAST MARGINAL WAY S, S/O S ALASKA ST; TOTAL FLOW; CHAGG; 23Jun2025 11:15",2025-06-23,2025-06-30,True
347654,22804,18176,dir_11,SW SPOKANE ST BR,"SW SPOKANE BR, W/O SW SPOKANE E ST; TOTAL FLOW; CHAGG; 23Jun2025 11:30",2025-06-23,2025-06-30,True
347656,13346,10273,SW,WEST SEATTLE BR WB,"WEST SEATTLE BR WB, NE/O 35TH AVE SW; SW FLOW; CHSWB; 23Jun2025 11:45",2025-06-23,2025-06-30,True
347657,21846,17400,E,SW BARTON ST,"SW BARTON ST, W/O 26TH AVE SW; E FLOW; CHEB EB; 24Jun2025 11:30",2025-06-24,2025-07-01,True
347658,21846,17400,W,SW BARTON ST,"SW BARTON ST, W/O 26TH AVE SW; W FLOW; CHWB; 24Jun2025 11:45",2025-06-24,2025-07-01,True
347659,21846,17400,dir_11,SW BARTON ST,"SW BARTON ST, W/O 26TH AVE SW; TOTAL FLOW; CHAGG; 24Jun2025 11:45",2025-06-24,2025-07-01,True
347661,18769,14735,E,NW 73RD ST,"NW 73RD ST, E/O 7TH AVE NW; E FLOW; CHEB; 24Jun2025 12:45",2025-06-24,2025-07-01,True
347662,18769,14735,W,NW 73RD ST,"NW 73RD ST, E/O 7TH AVE NW; W FLOW; CHWB; 24Jun2025 12:45",2025-06-24,2025-07-01,True
347663,18702,14710,E,NW 70TH ST,"NW 70TH ST, E/O 6TH AVE NW; E FLOW; CHEB; 24Jun2025 13:00",2025-06-24,2025-07-01,True
347664,18702,14710,W,NW 70TH ST,"NW 70TH ST, E/O 6TH AVE NW; W FLOW; CHWB; 24Jun2025 13:00",2025-06-24,2025-07-01,True
347665,18606,14655,E,NW 65TH ST,"NW 65TH ST, E/O 6TH W AVE NW; E FLOW; CHEB; 24Jun2025 12:30",2025-06-24,2025-07-01,True
347666,18606,14655,W,NW 65TH ST,"NW 65TH ST, E/O 6TH W AVE NW; W FLOW; CHWB; 24Jun2025 12:30",2025-06-24,2025-07-01,True
347667,7941,04450,N,6TH AVE NW,"6TH AVE NW, S/O NW 58TH ST; N FLOW; CHNB; 24Jun2025 13:30",2025-06-24,2025-07-01,True
347668,7941,04450,S,6TH AVE NW,"6TH AVE NW, S/O NW 58TH ST; S FLOW; CHSB; 24Jun2025 13:30",2025-06-24,2025-07-01,True
347669,7944,04450,N,6TH AVE NW,"6TH AVE NW, S/O NW 65TH W ST; N FLOW; CHNB; 24Jun2025 13:15",2025-06-24,2025-07-01,True
347670,7944,04450,S,6TH AVE NW,"6TH AVE NW, S/O NW 65TH W ST; S FLOW; CHSB; 24Jun2025 13:15",2025-06-24,2025-07-01,True
347671,7945,04450,N,6TH AVE NW,"6TH AVE NW, S/O NW 67TH ST; N FLOW; CHNB; 24Jun2025 13:00",2025-06-24,2025-07-01,True
347672,7945,04450,S,6TH AVE NW,"6TH AVE NW, S/O NW 67TH ST; S FLOW; CHSB; 24Jun2025 13:00",2025-06-24,2025-07-01,True
347673,7948,04450,N,6TH AVE NW,"6TH AVE NW, S/O NW 73RD ST; N FLOW; CHNB; 24Jun2025 13:00",2025-06-24,2025-07-01,True
347674,7948,04450,S,6TH AVE NW,"6TH AVE NW, S/O NW 73RD ST; S FLOW; CHSB; 24Jun2025 13:00",2025-06-24,2025-07-01,True
347675,18769,14735,dir_11,NW 73RD ST,"NW 73RD ST, E/O 7TH AVE NW; TOTAL FLOW; CHAGG; 24Jun2025 12:45",2025-06-24,2025-07-01,True
347677,18702,14710,dir_11,NW 70TH ST,"NW 70TH ST, E/O 6TH AVE NW; TOTAL FLOW; CHAGG; 24Jun2025 13:00",2025-06-24,2025-07-01,True
347679,18606,14655,dir_11,NW 65TH ST,"NW 65TH ST, E/O 6TH W AVE NW; TOTAL FLOW; CHAGG; 24Jun2025 12:30",2025-06-24,2025-07-01,True
347681,7941,04450,dir_11,6TH AVE NW,"6TH AVE NW, S/O NW 58TH ST; TOTAL FLOW; CHAGG; 24Jun2025 13:30",2025-06-24,2025-07-01,True
347683,7944,04450,dir_11,6TH AVE NW,"6TH AVE NW, S/O NW 65TH W ST; TOTAL FLOW; CHAGG; 24Jun2025 13:15",2025-06-24,2025-07-01,True
347685,7945,04450,dir_11,6TH AVE NW,"6TH AVE NW, S/O NW 67TH ST; TOTAL FLOW; CHAGG; 24Jun2025 13:00",2025-06-24,2025-07-01,True
347687,7948,04450,dir_11,6TH AVE NW,"6TH AVE NW, S/O NW 73RD ST; TOTAL FLOW; CHAGG; 24Jun2025 13:00",2025-06-24,2025-07-01,True
347689,9124,05390,NW,BEACON AVE S,"BEACON AVE S, NW/O S HINDS ST; NW FLOW; CHNWB NWB; 26Jun2025 12:30",2025-06-26,2025-07-03,True
347690,9124,05390,SE,BEACON AVE S,"BEACON AVE S, NW/O S HINDS ST; SE FLOW; CHSEB SEB; 26Jun2025 12:30",2025-06-26,2025-07-03,True
347691,9125,05390,NW,BEACON AVE S,"BEACON AVE S, SE/O S HINDS ST; NW FLOW; CHNWB NWB; 26Jun2025 13:00",2025-06-26,2025-07-03,True
347692,9125,05390,SE,BEACON AVE S,"BEACON AVE S, SE/O S HINDS ST; SE FLOW; CHSEB SEB; 26Jun2025 13:00",2025-06-26,2025-07-03,True
347693,20284,16175,E,S HINDS ST,"S HINDS ST, E/O 18TH AVE S; E FLOW; CHEB; 26Jun2025 13:15",2025-06-26,2025-07-03,True
347694,20284,16175,W,S HINDS ST,"S HINDS ST, E/O 18TH AVE S; W FLOW; CHWB; 26Jun2025 13:15",2025-06-26,2025-07-03,True
347695,9124,05390,dir_11,BEACON AVE S,"BEACON AVE S, NW/O S HINDS ST; TOTAL FLOW; CHAGG; 26Jun2025 12:30",2025-06-26,2025-07-03,True
347697,10004,06345,S,DENNY WAY,"DENNY WAY, E/O 4TH AVE; S FLOW; CHNB; 01Jan2025 13:00",2025-01-01,2025-01-08,True
347699,20284,16175,dir_11,S HINDS ST,"S HINDS ST, E/O 18TH AVE S; TOTAL FLOW; CHAGG; 26Jun2025 13:15",2025-06-26,2025-07-03,True
347701,9125,05390,dir_11,BEACON AVE S,"BEACON AVE S, SE/O S HINDS ST; TOTAL FLOW; CHAGG; 26Jun2025 13:00",2025-06-26,2025-07-03,True
347703,352636,08299,N,M L KING JR WAY S,"M L KING JR ER WAY S, N/O S ANDOVER ST; N FLOW; CHNB NB; 01Jul2025 00:00",2025-07-01,2025-07-08,True
347704,11530,08303,S,M L KING JR WAY S,"M L KING JR WR WAY S, N/O S ANDOVER ST; S FLOW; CHSB; 01Jul2025 00:00",2025-07-01,2025-07-08,True
347705,14395,11300,N,EAST MARGINAL WAY S,"EAST MARGINAL WAY S, S/O S ALASKA ST; N FLOW; CHNB; 01Jul2025 00:00",2025-07-01,2025-07-08,True
347706,14395,11300,S,EAST MARGINAL WAY S,"EAST MARGINAL WAY S, S/O S ALASKA ST; S FLOW; CHSB; 01Jul2025 00:00",2025-07-01,2025-07-08,True
347707,22804,18176,E,SW SPOKANE ST BR,"SW SPOKANE BR, W/O SW SPOKANE ST; E FLOW; CHEB; 01Jul2025 00:00",2025-07-01,2025-07-08,True
347708,22804,18176,W,SW SPOKANE ST BR,"SW SPOKANE BR, W/O SW SPOKANE ST; W FLOW; CHWB; 01Jul2025 00:00",2025-07-01,2025-07-08,True
347709,13346,10273,SW,WEST SEATTLE BR WB,"WEST SEATTLE BR WB, NE/O 35TH AVE SW; SW FLOW; CHSWB; 01Jul2025 00:00",2025-07-01,2025-07-08,True
347710,352636,08299,dir_11,M L KING JR WAY S,"M L KING JR ER WAY S, N/O S ANDOVER ST; TOTAL FLOW; CHAGG; 01Jul2025 00:00",2025-07-01,2025-07-08,True
347712,14395,11300,dir_11,EAST MARGINAL WAY S,"EAST MARGINAL WAY S, S/O S ALASKA ST; TOTAL FLOW; CHAGG; 01Jul2025 00:00",2025-07-01,2025-07-08,True
347714,22804,18176,dir_11,SW SPOKANE ST BR,"SW SPOKANE BR, W/O SW SPOKANE ST; TOTAL FLOW; CHAGG; 01Jul2025 00:00",2025-07-01,2025-07-08,True
347716,18550,14615,E,NW 62ND ST,"NW 62ND ST, E/O 6TH AVE NW; E FLOW; CHEB; 07Jul2025 13:15",2025-07-07,2025-07-14,True
347717,18550,14615,W,NW 62ND ST,"NW 62ND ST, E/O 6TH AVE NW; W FLOW; CHWB; 07Jul2025 13:15",2025-07-07,2025-07-14,True
347718,18601,14655,E,NW 65TH ST,"NW 65TH ST, E/O 4TH E AVE NW; E FLOW; CHEB; 07Jul2025 13:00",2025-07-07,2025-07-14,True
347719,18601,14655,W,NW 65TH ST,"NW 65TH ST, E/O 4TH E AVE NW; W FLOW; CHWB; 07Jul2025 13:00",2025-07-07,2025-07-14,True
347720,18550,14615,dir_11,NW 62ND ST,"NW 62ND ST, E/O 6TH AVE NW; TOTAL FLOW; CHAGG; 07Jul2025 13:15",2025-07-07,2025-07-14,True
347722,18601,14655,dir_11,NW 65TH ST,"NW 65TH ST, E/O 4TH E AVE NW; TOTAL FLOW; CHAGG; 07Jul2025 13:00",2025-07-07,2025-07-14,True
347724,14073,11075,SW,EAST GREEN LAKE WAY N,"EAST GREEN LAKE WAY N, NE/O N 57TH ST; SW FLOW; CHSWB; 07Jul2025 11:00",2025-07-07,2025-07-14,True
347725,15962,12500,E,N 85TH ST,"N 85TH ST, W/O ASHWORTH AVE N; E FLOW; CHEB; 07Jul2025 10:45",2025-07-07,2025-07-14,True
347726,15962,12500,W,N 85TH ST,"N 85TH ST, W/O ASHWORTH AVE N; W FLOW; CHWB; 07Jul2025 10:45",2025-07-07,2025-07-14,True
347727,19223,15130,W,NW MARKET ST,"NW MARKET ST, W/O 8TH AVE NW; W FLOW; CHWB; 07Jul2025 11:15",2025-07-07,2025-07-14,True
347728,20628,16420,E,S LANDER ST,"S LANDER ST, W/O 6TH AVE S; E FLOW; CHEB; 07Jul2025 11:45",2025-07-07,2025-07-14,True
347729,20628,16420,W,S LANDER ST,"S LANDER ST, W/O 6TH AVE S; W FLOW; CHWB; 07Jul2025 12:45",2025-07-07,2025-07-14,True
347730,8782,05095,E,ALKI AVE SW,"ALKI AVE SW, W/O HARBOR AVE SW; E FLOW; CHEB; 07Jul2025 09:45",2025-07-07,2025-07-14,True
347731,8782,05095,W,ALKI AVE SW,"ALKI AVE SW, W/O HARBOR AVE SW; W FLOW; CHWB; 07Jul2025 09:45",2025-07-07,2025-07-14,True
347732,12409,09345,N,RAINIER AVE S,"RAINIER AVE S, S/O S OTHELLO ST; N FLOW; CHNB; 07Jul2025 08:45",2025-07-07,2025-07-14,True
347733,12409,09345,S,RAINIER AVE S,"RAINIER AVE S, S/O S OTHELLO ST; S FLOW; CHSB; 07Jul2025 08:45",2025-07-07,2025-07-14,True
347734,15962,12500,dir_11,N 85TH ST,"N 85TH ST, W/O ASHWORTH AVE N; TOTAL FLOW; CHAGG; 07Jul2025 10:45",2025-07-07,2025-07-14,True
347736,19223,15130,E,NW MARKET ST,"NW MARKET ST, W/O 8TH AVE NW; E FLOW; CHEB; 07Jul2025 11:15",2025-07-07,2025-07-14,True
347737,19223,15130,dir_11,NW MARKET ST,"NW MARKET ST, W/O 8TH AVE NW; TOTAL FLOW; CHAGG; 07Jul2025 11:15",2025-07-07,2025-07-14,True
347739,20628,16420,dir_11,S LANDER ST,"S LANDER ST, W/O 6TH AVE S; TOTAL FLOW; CHAGG; 07Jul2025 12:45",2025-07-07,2025-07-14,True
347741,8782,05095,dir_11,ALKI AVE SW,"ALKI AVE SW, W/O HARBOR AVE SW; TOTAL FLOW; CHAGG; 07Jul2025 09:45",2025-07-07,2025-07-14,True
347743,12409,09345,dir_11,RAINIER AVE S,"RAINIER AVE S, S/O S OTHELLO ST; TOTAL FLOW; CHAGG; 07Jul2025 08:45",2025-07-07,2025-07-14,True
347745,12312,09315,N,QUEEN ANNE AVE N,"QUEEN ANNE AVE N, S/O CROCKETT ST; N FLOW; CHNB; 08Jul2025 10:30",2025-07-08,2025-07-15,True
347746,12312,09315,dir_11,QUEEN ANNE AVE N,"QUEEN ANNE AVE N, S/O CROCKETT ST; TOTAL FLOW; CHTOT; 08Jul2025 10:30",2025-07-08,2025-07-15,True
347747,10000,06345,E,DENNY WAY,"DENNY WAY, W/O 2ND AVE; E FLOW; CHEB; 08Jul2025 10:00",2025-07-08,2025-07-15,True
347748,10000,06345,W,DENNY WAY,"DENNY WAY, W/O 2ND AVE; W FLOW; CHWB; 08Jul2025 09:45",2025-07-08,2025-07-15,True
347749,8728,05045,NW,ALASKAN WAY,"ALASKAN WAY, SE/O BLANCHARD ST; NW FLOW; CHNWB; 08Jul2025 10:15",2025-07-08,2025-07-15,True
347750,8728,05045,SE,ALASKAN WAY,"ALASKAN WAY, SE/O BLANCHARD ST; SE FLOW; CHSEB; 08Jul2025 10:15",2025-07-08,2025-07-15,True
347751,12900,09800,SW,STEWART ST,"STEWART ST, NE/O 4TH AVE; SW FLOW; CHSWB; 08Jul2025 09:45",2025-07-08,2025-07-15,True
347752,13202,10115,NE,UNIVERSITY ST,"UNIVERSITY ST, SW/O 4TH AVE; NE FLOW; CHNEB; 08Jul2025 09:30",2025-07-08,2025-07-15,True
347753,14348,11275,NE,E MADISON ST,"E MADISON ST, SW/O 17TH AVE; NE FLOW; CHNEB; 08Jul2025 11:00",2025-07-08,2025-07-15,True
347754,14348,11275,SW,E MADISON ST,"E MADISON ST, SW/O 17TH AVE; SW FLOW; CHSWB; 08Jul2025 11:00",2025-07-08,2025-07-15,True
347755,10000,06345,dir_11,DENNY WAY,"DENNY WAY, W/O 2ND AVE; TOTAL FLOW; CHAGG; 08Jul2025 10:00",2025-07-08,2025-07-15,True
347757,8728,05045,dir_11,ALASKAN WAY,"ALASKAN WAY, SE/O BLANCHARD ST; TOTAL FLOW; CHAGG; 08Jul2025 10:15",2025-07-08,2025-07-15,True
347761,14348,11275,dir_11,E MADISON ST,"E MADISON ST, SW/O 17TH AVE; TOTAL FLOW; CHagg; 08Jul2025 11:00",2025-07-08,2025-07-15,True
347765,12312,09315,S,QUEEN ANNE AVE N,"QUEEN ANNE AVE N, S/O CROCKETT ST; S FLOW; CHAGG; 08Jul2025 10:30",2025-07-08,2025-07-15,True
347767,12623,09485,S,ROOSEVELT WAY NE,"ROOSEVELT WAY NE, N/O NE 73RD ST; S FLOW; CHSB; 09Jul2025 14:00",2025-07-09,2025-07-16,True
347768,23271,18565,SE,W EMERSON PL,"W EMERSON PL, SE/O 21ST AVE W; SE FLOW; CHSEB SEB; 09Jul2025 12:30",2025-07-09,2025-07-16,True
347769,23271,18565,NW,W EMERSON PL,"W EMERSON PL, SE/O 21ST AVE W; NW FLOW; CHNWB NWB; 09Jul2025 12:30",2025-07-09,2025-07-16,True
347770,13540,10440,S,WESTLAKE AVE N,"WESTLAKE AVE N, S/O HIGHLAND DR; S FLOW; CHSB SB; 09Jul2025 11:45",2025-07-09,2025-07-16,True
347771,13540,10440,N,WESTLAKE AVE N,"WESTLAKE AVE N, S/O HIGHLAND DR; N FLOW; CHNB NB; 09Jul2025 11:45",2025-07-09,2025-07-16,True
347772,13267,10160,W,VALLEY ST,"VALLEY ST, W/O FAIRVIEW AVE N; W FLOW; CHWB; 09Jul2025 11:00",2025-07-09,2025-07-16,True
347773,13267,10160,E,VALLEY ST,"VALLEY ST, W/O FAIRVIEW AVE N; E FLOW; CHEB; 09Jul2025 11:00",2025-07-09,2025-07-16,True
347774,23271,18565,dir_11,W EMERSON PL,"W EMERSON PL, SE/O 21ST AVE W; TOTAL FLOW; CHAGG; 09Jul2025 12:30",2025-07-09,2025-07-16,True
347776,13540,10440,dir_11,WESTLAKE AVE N,"WESTLAKE AVE N, S/O HIGHLAND DR; TOTAL FLOW; CHAGG; 09Jul2025 11:45",2025-07-09,2025-07-16,True
347778,13267,10160,dir_11,VALLEY ST,"VALLEY ST, W/O FAIRVIEW AVE N; TOTAL FLOW; CHAGG; 09Jul2025 11:00",2025-07-09,2025-07-16,True
347780,11941,08775,N,MYERS WAY S,"MYERS WAY S, S/O OLSON PL SW; N FLOW; CHNB NB; 10Jul2025 11:00",2025-07-10,2025-07-17,True
347781,11941,08775,S,MYERS WAY S,"MYERS WAY S, S/O OLSON PL SW; S FLOW; CHSB SB; 10Jul2025 11:00",2025-07-10,2025-07-17,True
347782,23539,18845,NW,WEST MARGINAL WAY SW,"WEST MARGINAL WAY SW, NW/O HIGHLAND PARK WAY SW; NW FLOW; CHNWB NWB; 10Jul2025 11:30",2025-07-10,2025-07-17,True
347783,23539,18845,SE,WEST MARGINAL WAY SW,"WEST MARGINAL WAY SW, NW/O HIGHLAND PARK WAY SW; SE FLOW; CHSEB SEB; 10Jul2025 11:30",2025-07-10,2025-07-17,True
347784,8689,05000,N,AIRPORT WAY S,"AIRPORT WAY S, NW/O S LUCILE ST; N FLOW; CHNB NB; 10Jul2025 12:15",2025-07-10,2025-07-17,True
347785,8689,05000,S,AIRPORT WAY S,"AIRPORT WAY S, NW/O S LUCILE ST; S FLOW; CHSB SB; 10Jul2025 12:15",2025-07-10,2025-07-17,True
347786,2155,00565,N,15TH AVE S,"15TH AVE S, S/O S BRADFORD ST; N FLOW; CHNB NB; 10Jul2025 13:00",2025-07-10,2025-07-17,True
347787,2155,00565,S,15TH AVE S,"15TH AVE S, S/O S BRADFORD ST; S FLOW; CHSB SB; 10Jul2025 13:00",2025-07-10,2025-07-17,True
347788,11941,08775,dir_11,MYERS WAY S,"MYERS WAY S, S/O OLSON PL SW; TOTAL FLOW; CHAGG; 10Jul2025 11:00",2025-07-10,2025-07-17,True
347790,23539,18845,dir_11,WEST MARGINAL WAY SW,"WEST MARGINAL WAY SW, NW/O HIGHLAND PARK WAY SW; TOTAL FLOW; CHAGG; 10Jul2025 11:30",2025-07-10,2025-07-17,True
347792,8689,05000,dir_11,AIRPORT WAY S,"AIRPORT WAY S, NW/O S LUCILE ST; TOTAL FLOW; CHAGG; 10Jul2025 12:15",2025-07-10,2025-07-17,True
347794,2155,00565,dir_11,15TH AVE S,"15TH AVE S, S/O S BRADFORD ST; TOTAL FLOW; CHAGG; 10Jul2025 13:00",2025-07-10,2025-07-17,True
347796,19223,15130,dir_11,NW MARKET ST,"NW MARKET ST, W/O 8TH AVE NW; TOTAL FLOW; CHAGG; 04Jun2025 13:15",2025-06-04,2025-06-11,True
347799,13333,10258,NE,WEST SEATTLE BR EB,"WEST SEATTLE BR EB, NE/O FAUNTLEROY WAY SW; NE FLOW; CHNEB; 23Jun2025 12:30 (Use May Data)",2025-06-23,2025-06-30,True
347800,13333,10258,NE,WEST SEATTLE BR EB,"WEST SEATTLE BR EB, NE/O FAUNTLEROY WAY SW; NE FLOW; CHNEB; 10Jul2025 12:30",2025-07-10,2025-07-17,True
347801,13333,10258,dir_11,WEST SEATTLE BR EB,"WEST SEATTLE BR EB, NE/O FAUNTLEROY WAY SW; TOTAL FLOW; CHAGG; 23Jun2025 12:30",2025-06-23,2025-06-30,True
347803,13333,10258,dir_11,WEST SEATTLE BR EB,"WEST SEATTLE BR EB, NE/O FAUNTLEROY WAY SW; TOTAL FLOW; CHAGG; 10Jul2025 12:30",2025-07-10,2025-07-17,True
347805,4382,02080,dir_11,3RD AVE,"3RD AVE, SE/O UNION ST; TOTAL FLOW; CHTOTAL; 07Jul2025 00:00",2025-07-07,2025-07-14,True
347806,10563,06875,dir_11,FREMONT BR,"FREMONT BR, N/O POINT A; TOTAL FLOW; CHTOTAL; 07Jul2025 00:00",2025-07-07,2025-07-14,True
347807,13189,10110,dir_11,UNIVERSITY BR,"UNIVERSITY BR, SW/O POINT A; TOTAL FLOW; CHTOTAL; 07Jul2025 00:00",2025-07-07,2025-07-14,True
347808,13330,10258,dir_11,WEST SEATTLE BR EB,"WEST SEATTLE BR EB, E/O DELRIDGE-W SEATTLE BR EB ON RP; TOTAL FLOW; CHTOTAL; 07Jul2025 00:00",2025-07-07,2025-07-14,True
347809,6230,03150,N,4TH AVE S,"4TH AVE S, S/O 2ND AV ET S; N FLOW; CHNB; 10Jul2025 13:00",2025-07-10,2025-07-17,True
347810,6230,03150,S,4TH AVE S,"4TH AVE S, S/O 2ND AV ET S; S FLOW; CHSB; 10Jul2025 13:15",2025-07-10,2025-07-17,True
347811,5452,02720,N,35TH AVE SW,"35TH AVE SW, S/O SW ALASKA ST; N FLOW; CHNB; 10Jul2025 12:00",2025-07-10,2025-07-17,True
347812,5452,02720,S,35TH AVE SW,"35TH AVE SW, S/O SW ALASKA ST; S FLOW; CHSB; 10Jul2025 12:00",2025-07-10,2025-07-17,True
347813,10387,06770,N,FAUNTLEROY WAY SW,"FAUNTLEROY WAY SW, S/O SW ALASKA ST; N FLOW; CHNB; 10Jul2025 12:30",2025-07-10,2025-07-17,True
347814,10387,06770,S,FAUNTLEROY WAY SW,"FAUNTLEROY WAY SW, S/O SW ALASKA ST; S FLOW; CHSB; 10Jul2025 12:15",2025-07-10,2025-07-17,True
347815,6230,03150,dir_11,4TH AVE S,"4TH AVE S, S/O 2ND AV ET S; TOTAL FLOW; CHAGG; 10Jul2025 13:15",2025-07-10,2025-07-17,True
347817,10387,06770,dir_11,FAUNTLEROY WAY SW,"FAUNTLEROY WAY SW, S/O SW ALASKA ST; TOTAL FLOW; CHAGG; 10Jul2025 12:30",2025-07-10,2025-07-17,True
347819,5452,02720,dir_11,35TH AVE SW,"35TH AVE SW, S/O SW ALASKA ST; TOTAL FLOW; CHAGG; 10Jul2025 12:00",2025-07-10,2025-07-17,True
347821,1001,00010,NW,1ST AVE,"1ST AVE, SE/O COLUMBIA ST; NW FLOW; CHNWB; 14Jul2025 11:15",2025-07-14,2025-07-21,True
347822,1001,00010,SE,1ST AVE,"1ST AVE, SE/O COLUMBIA ST; SE FLOW; CHSEB; 14Jul2025 11:15",2025-07-14,2025-07-21,True
347823,1001,00010,SE,1ST AVE,"1ST AVE, SE/O COLUMBIA ST; SE FLOW; CHSEB; 14Jul2025 11:15",2025-07-14,2025-07-21,True
347824,9729,06005,NE,COLUMBIA ST,"COLUMBIA ST, SW/O 3RD AVE; NE FLOW; CHNEB; 14Jul2025 11:30",2025-07-14,2025-07-21,True
347825,9729,06005,SW,COLUMBIA ST,"COLUMBIA ST, SW/O 3RD AVE; SW FLOW; CHSWB; 14Jul2025 11:30",2025-07-14,2025-07-21,True
347826,1001,00010,dir_11,1ST AVE,"1ST AVE, SE/O COLUMBIA ST; TOTAL FLOW; CHAGG; 14Jul2025 11:15",2025-07-14,2025-07-21,True
347828,9731,06005,SW,COLUMBIA ST,"COLUMBIA ST, NE/O 4TH AVE; SW FLOW; CHSWB; 14Jul2025 11:45",2025-07-14,2025-07-21,True
347829,9730,06005,SW,COLUMBIA ST,"COLUMBIA ST, NE/O 3RD AVE; SW FLOW; CHSWB; 15Jul2025 13:30",2025-07-15,2025-07-22,True
347830,6123,03130,NW,4TH AVE,"4TH AVE, SE/O COLUMBIA ST; NW FLOW; CHNWB; 15Jul2025 12:30",2025-07-15,2025-07-22,True
347831,9662,05900,NE,CHERRY ST,"CHERRY ST, NE/O 4TH AVE; NE FLOW; CHNEB; 15Jul2025 12:45",2025-07-15,2025-07-22,True
347832,12259,09250,NW,PREFONTAINE PL S,"PREFONTAINE PL S, SE/O 3RD AVE S; NW FLOW; CHNWB; 15Jul2025 13:00",2025-07-15,2025-07-22,True
347833,10563,06875,dir_11,FREMONT BR,"FREMONT BR, N/O POINT A; TOTAL FLOW; CHTOTAL; 01Jun2025 00:00",2025-06-01,2025-06-08,True
347834,13189,10110,dir_11,UNIVERSITY BR,"UNIVERSITY BR, SW/O POINT A; TOTAL FLOW; CHTOTAL; 01Jun2025 00:00",2025-06-01,2025-06-08,True
347835,4382,02080,dir_11,3RD AVE,"3RD AVE, SE/O UNION ST; TOTAL FLOW; CHTOTAL; 24Jun2025 00:00",2025-06-24,2025-07-01,True
347836,7232,03885,SE,5TH AVE,"5TH AVE, SE/O UNIVERSITY ST; SE FLOW; CHSEB; 16Jul2025 12:15",2025-07-16,2025-07-23,True
347837,7878,04435,NW,6TH AVE,"6TH AVE, SE/O SENECA ST; NW FLOW; CHNWB; 16Jul2025 12:30",2025-07-16,2025-07-23,True
347838,13184,10100,SW,UNION ST,"UNION ST, NE/O 6TH AVE; SW FLOW; CHSWB; 16Jul2025 12:45",2025-07-16,2025-07-23,True
347839,11588,08300,NE,MADISON ST,"MADISON ST, SW/O 8TH AVE; NE FLOW; CHNEB; 17Jul2025 12:00",2025-07-17,2025-07-24,True
347840,11588,08300,SW,MADISON ST,"MADISON ST, SW/O 8TH AVE; SW FLOW; CHSWB; 17Jul2025 12:15",2025-07-17,2025-07-24,True
347841,11589,08300,NE,MADISON ST,"MADISON ST, NE/O 8TH AVE; NE FLOW; CHNEB; 17Jul2025 12:30",2025-07-17,2025-07-24,True
347842,11589,08300,SW,MADISON ST,"MADISON ST, NE/O 8TH AVE; SW FLOW; CHSWB; 17Jul2025 12:30",2025-07-17,2025-07-24,True
347843,12867,09735,NE,SPRING ST,"SPRING ST, NE/O 8TH AVE; NE FLOW; CHNEB; 17Jul2025 13:00",2025-07-17,2025-07-24,True
347844,8516,04890,NW,9TH AVE,"9TH AVE, NW/O MADISON ST; NW FLOW; CHNWB; 17Jul2025 13:15",2025-07-17,2025-07-24,True
347845,8516,04890,SE,9TH AVE,"9TH AVE, NW/O MADISON ST; SE FLOW; CHSEB; 17Jul2025 13:15",2025-07-17,2025-07-24,True
347846,11588,08300,dir_11,MADISON ST,"MADISON ST, SW/O 8TH AVE; TOTAL FLOW; CHAGG; 17Jul2025 12:15",2025-07-17,2025-07-24,True
347848,11589,08300,dir_11,MADISON ST,"MADISON ST, NE/O 8TH AVE; TOTAL FLOW; CHAGG; 17Jul2025 12:30",2025-07-17,2025-07-24,True
347850,8516,04890,dir_11,9TH AVE,"9TH AVE, NW/O MADISON ST; TOTAL FLOW; CHAGG; 17Jul2025 13:15",2025-07-17,2025-07-24,True
347852,14073,11075,NE,EAST GREEN LAKE WAY N,"EAST GREEN LAKE WAY N, NE/O N 57TH ST; NE FLOW; CHNEB; 16Jul2025 11:15",2025-07-16,2025-07-23,True
347853,14073,11075,dir_11,EAST GREEN LAKE WAY N,"EAST GREEN LAKE WAY N, NE/O N 57TH ST; TOTAL FLOW; CHAGG; 16Jul2025 11:15",2025-07-16,2025-07-23,True
347855,3444,01375,N,23RD AVE S,"23RD AVE S, S/O S JACKSON ST; N FLOW; CHNB; 17Jul2025 13:15",2025-07-17,2025-07-24,True
347856,3444,01375,S,23RD AVE S,"23RD AVE S, S/O S JACKSON ST; S FLOW; CHSB; 17Jul2025 12:30",2025-07-17,2025-07-24,True
347857,1214,00030,N,1ST AVE S,"1ST AVE S, S/O S SPOKANE SR ST; N FLOW; CHNB; 17Jul2025 10:45",2025-07-17,2025-07-24,True
347858,1214,00030,S,1ST AVE S,"1ST AVE S, S/O S SPOKANE SR ST; S FLOW; CHSB; 17Jul2025 10:45",2025-07-17,2025-07-24,True
347859,3444,01375,dir_11,23RD AVE S,"23RD AVE S, S/O S JACKSON ST; TOTAL FLOW; CHAGG; 17Jul2025 13:15",2025-07-17,2025-07-24,True
347861,1214,00030,dir_11,1ST AVE S,"1ST AVE S, S/O S SPOKANE SR ST; TOTAL FLOW; CHAGG; 17Jul2025 10:45",2025-07-17,2025-07-24,True
347863,3042,01065,N,20TH AVE S,"20TH AVE S, S/O S KING ST; N FLOW; CHNB; 22Jul2025 11:00",2025-07-22,2025-07-29,True
347864,3042,01065,S,20TH AVE S,"20TH AVE S, S/O S KING ST; S FLOW; CHSB; 22Jul2025 11:00",2025-07-22,2025-07-29,True
347865,18848,14775,E,NW 77TH ST,"NW 77TH ST, E/O 6TH AVE NW; E FLOW; CHEB; 22Jul2025 12:00",2025-07-22,2025-07-29,True
347866,18848,14775,W,NW 77TH ST,"NW 77TH ST, E/O 6TH AVE NW; W FLOW; CHWB; 22Jul2025 12:00",2025-07-22,2025-07-29,True
347867,18847,14775,E,NW 77TH ST,"NW 77TH ST, E/O 3RD AVE NW; E FLOW; CHEB; 22Jul2025 12:00",2025-07-22,2025-07-29,True
347868,18847,14775,W,NW 77TH ST,"NW 77TH ST, E/O 3RD AVE NW; W FLOW; CHWB; 22Jul2025 12:00",2025-07-22,2025-07-29,True
347870,18847,14775,dir_11,NW 77TH ST,"NW 77TH ST, E/O 3RD AVE NW; TOTAL FLOW; CHAGG; 22Jul2025 12:00",2025-07-22,2025-07-29,True
347872,18848,14775,dir_11,NW 77TH ST,"NW 77TH ST, E/O 6TH AVE NW; TOTAL FLOW; CHAGG; 22Jul2025 12:00",2025-07-22,2025-07-29,True
347874,3042,01065,dir_11,20TH AVE S,"20TH AVE S, S/O S KING ST; TOTAL FLOW; CHAGG; 22Jul2025 11:00",2025-07-22,2025-07-29,True
347876,18848,14775,dir_11,NW 77TH ST,"NW 77TH ST, E/O 6TH AVE NW; TOTAL FLOW; CHAGG; 22Jul2025 12:00",2025-07-22,2025-07-29,True
347878,11159,08015,dir_11,LAKE CITY WAY NE,"LAKE CITY WAY NE, NE/O NE 95TH ST; TOTAL FLOW; CHTOTAL; 22Jul2025 00:00",2025-07-22,2025-07-29,True
347879,20594,16355,E,S KING ST,"S KING ST, E/O 1ST AVE S; E FLOW; CHEB; 21Jul2025 11:00",2025-07-21,2025-07-28,True
347880,20594,16355,W,S KING ST,"S KING ST, E/O 1ST AVE S; W FLOW; CHWB; 21Jul2025 11:00",2025-07-21,2025-07-28,True
347881,20497,16285,E,S JACKSON ST,"S JACKSON ST, W/O 18TH AVE S; E FLOW; CHEB; 21Jul2025 11:45",2025-07-21,2025-07-28,True
347882,20497,16285,W,S JACKSON ST,"S JACKSON ST, W/O 18TH AVE S; W FLOW; CHWB; 21Jul2025 11:30",2025-07-21,2025-07-28,True
347883,19681,15605,dir_11,S COLLEGE ST,"S COLLEGE ST, E/O 23RD AVE S; TOTAL FLOW; CHTOT; 21Jul2025 12:30",2025-07-21,2025-07-28,True
347884,19681,15605,E,S COLLEGE ST,"S COLLEGE ST, E/O 23RD AVE S; E FLOW; CHEB; 21Jul2025 12:30",2025-07-21,2025-07-28,True
347885,20594,16355,dir_11,S KING ST,"S KING ST, E/O 1ST AVE S; TOTAL FLOW; CHAGG; 21Jul2025 11:00",2025-07-21,2025-07-28,True
347887,20497,16285,dir_11,S JACKSON ST,"S JACKSON ST, W/O 18TH AVE S; TOTAL FLOW; CHAGG; 21Jul2025 11:45",2025-07-21,2025-07-28,True
347889,19681,15605,W,S COLLEGE ST,"S COLLEGE ST, E/O 23RD AVE S; W FLOW; CHAGG; 21Jul2025 12:30",2025-07-21,2025-07-28,True
347891,1659,00340,N,12TH AVE S,"12TH AVE S, N/O S MASSACHUSETTS ST; N FLOW; CHNB; 21Jul2025 12:00",2025-07-21,2025-07-28,True
347892,1659,00340,dir_11,12TH AVE S,"12TH AVE S, N/O S MASSACHUSETTS ST; TOTAL FLOW; CHTOT; 21Jul2025 12:00",2025-07-21,2025-07-28,True
347893,9118,05390,NW,BEACON AVE S,"BEACON AVE S, SE/O S LANDER ST; NW FLOW; CHNWB; 21Jul2025 11:45",2025-07-21,2025-07-28,True
347894,9118,05390,SE,BEACON AVE S,"BEACON AVE S, SE/O S LANDER ST; SE FLOW; CHSEB; 21Jul2025 11:45",2025-07-21,2025-07-28,True
347895,20321,16200,E,S HOLGATE ST,"S HOLGATE ST, E/O 6TH AVE S; E FLOW; CHEB; 21Jul2025 11:30",2025-07-21,2025-07-28,True
347896,20321,16200,W,S HOLGATE ST,"S HOLGATE ST, E/O 6TH AVE S; W FLOW; CHWB; 21Jul2025 11:30",2025-07-21,2025-07-28,True
347897,1659,00340,S,12TH AVE S,"12TH AVE S, N/O S MASSACHUSETTS ST; S FLOW; CHAGG; 21Jul2025 12:00",2025-07-21,2025-07-28,True
347899,9118,05390,dir_11,BEACON AVE S,"BEACON AVE S, SE/O S LANDER ST; TOTAL FLOW; CHAGG; 21Jul2025 11:45",2025-07-21,2025-07-28,True
347901,20630,16420,E,S LANDER ST,"S LANDER ST, W/O 7TH AVE S; E FLOW; CHEB; 21Jul2025 11:15",2025-07-21,2025-07-28,True
347902,19827,15755,E,S DEARBORN ST,"S DEARBORN ST, E/O 6TH AVE S; E FLOW; CHEB; 22Jul2025 11:30",2025-07-22,2025-07-29,True
347903,19827,15755,W,S DEARBORN ST,"S DEARBORN ST, E/O 6TH AVE S; W FLOW; CHWB; 22Jul2025 11:30",2025-07-22,2025-07-29,True
347904,19828,15755,E,S DEARBORN ST,"S DEARBORN ST, W/O 7TH AVE S; E FLOW; CHEB; 22Jul2025 11:45",2025-07-22,2025-07-29,True
347905,19828,15755,W,S DEARBORN ST,"S DEARBORN ST, W/O 7TH AVE S; W FLOW; CHWB; 22Jul2025 12:00",2025-07-22,2025-07-29,True
347906,21219,16895,E,S ROYAL BROUGHAM WAY,"S ROYAL BROUGHAM WAY, W/O AIRPORT WAY S; E FLOW; CHEB; 22Jul2025 12:15",2025-07-22,2025-07-29,True
347907,21219,16895,W,S ROYAL BROUGHAM WAY,"S ROYAL BROUGHAM WAY, W/O AIRPORT WAY S; W FLOW; CHWB; 22Jul2025 12:15",2025-07-22,2025-07-29,True
347908,19827,15755,dir_11,S DEARBORN ST,"S DEARBORN ST, E/O 6TH AVE S; TOTAL FLOW; CHAGG; 22Jul2025 11:30",2025-07-22,2025-07-29,True
347910,19828,15755,dir_11,S DEARBORN ST,"S DEARBORN ST, W/O 7TH AVE S; TOTAL FLOW; CHAGG; 22Jul2025 12:00",2025-07-22,2025-07-29,True
347912,21219,16895,dir_11,S ROYAL BROUGHAM WAY,"S ROYAL BROUGHAM WAY, W/O AIRPORT WAY S; TOTAL FLOW; CHAGG; 22Jul2025 12:15",2025-07-22,2025-07-29,True
347915,20321,16200,dir_11,S HOLGATE ST,"S HOLGATE ST, E/O 6TH AVE S; TOTAL FLOW; CHAGG; 21Jul2025 11:30",2025-07-21,2025-07-28,True
347921,8684,05000,N,AIRPORT WAY S,"AIRPORT WAY S, N/O S OREGON ST; N FLOW; CHNB; 24Jul2025 11:15",2025-07-24,2025-07-31,True
347922,8684,05000,S,AIRPORT WAY S,"AIRPORT WAY S, N/O S OREGON ST; S FLOW; CHSB; 24Jul2025 11:00",2025-07-24,2025-07-31,True
347923,8684,05000,dir_11,AIRPORT WAY S,"AIRPORT WAY S, N/O S OREGON ST; TOTAL FLOW; CHAGG; 24Jul2025 11:15",2025-07-24,2025-07-31,True
347925,2007,00550,dir_11,15TH AVE E,"15TH AVE E, S/O E REPUBLICAN S ST; TOTAL FLOW; CHTOT; 23Jul2025 10:30",2025-07-23,2025-07-30,True
347926,2007,00550,S,15TH AVE E,"15TH AVE E, S/O E REPUBLICAN S ST; S FLOW; CHSB; 23Jul2025 10:30",2025-07-23,2025-07-30,True
347927,14355,11275,NE,E MADISON ST,"E MADISON ST, NE/O 23RD AVE E; NE FLOW; CHNEB; 23Jul2025 11:00",2025-07-23,2025-07-30,True
347928,14355,11275,SW,E MADISON ST,"E MADISON ST, NE/O 23RD AVE E; SW FLOW; CHSWB; 23Jul2025 11:00",2025-07-23,2025-07-30,True
347929,11496,08292,S,M L KING JR WAY E,"M L KING JR WAY E, N/O E JOHN ST; S FLOW; CHSB; 23Jul2025 11:15",2025-07-23,2025-07-30,True
347930,11496,08292,dir_11,M L KING JR WAY E,"M L KING JR WAY E, N/O E JOHN ST; TOTAL FLOW; CHTOT; 23Jul2025 11:15",2025-07-23,2025-07-30,True
347931,3358,01355,N,23RD AVE,"23RD AVE, S/O E CHERRY ST; N FLOW; CHNB; 23Jul2025 12:00",2025-07-23,2025-07-30,True
347932,3358,01355,S,23RD AVE,"23RD AVE, S/O E CHERRY ST; S FLOW; CHSB; 23Jul2025 12:00",2025-07-23,2025-07-30,True
347933,859353,08046,NE,LAKE SHORE DR NE,"LAKE SHORE DR NE, NE/O NE 65TH ST; NE FLOW; CHNEB; 25Jul2025 10:30",2025-07-25,2025-08-01,True
347934,859353,08046,SW,LAKE SHORE DR NE,"LAKE SHORE DR NE, NE/O NE 65TH ST; SW FLOW; CHSWB; 25Jul2025 10:30",2025-07-25,2025-08-01,True
347935,526094,13465,N,NE 65TH ST,"SPORTSFIELD DR NE, N/O NE 65TH ST; N FLOW; CHNB; 25Jul2025 09:30",2025-07-25,2025-08-01,True
347936,526094,13465,S,NE 65TH ST,"SPORTSFIELD DR NE, N/O NE 65TH ST; S FLOW; CHSB; 25Jul2025 09:30",2025-07-25,2025-08-01,True
347937,526094,13465,dir_11,NE 65TH ST,"SPORTSFIELD DR NE, N/O NE 65TH ST; TOTAL FLOW; CHAGG; 25Jul2025 09:30",2025-07-25,2025-08-01,True
347939,859353,08046,dir_11,LAKE SHORE DR NE,"LAKE SHORE DR NE, E/O NE 65TH ST; TOTAL FLOW; CHAGG; 25Jul2025 10:30",2025-07-25,2025-08-01,True
347941,859353,08046,dir_11,LAKE SHORE DR NE,"LAKE SHORE DR NE, NE/O NE 65TH ST; TOTAL FLOW; CHAGG; 25Jul2025 10:30",2025-07-25,2025-08-01,True
347943,8152,04705,NW,7TH AVE,"7TH AVE, NW/O JAMES ST; NW FLOW; CHNWB; 24Jul2025 11:30",2025-07-24,2025-07-31,True
347944,11057,07885,NE,JAMES ST,"JAMES ST, NE/O 9TH AVE; NE FLOW; CHNEB; 24Jul2025 12:30",2025-07-24,2025-07-31,True
347945,11057,07885,SW,JAMES ST,"JAMES ST, NE/O 9TH AVE; SW FLOW; CHSWB; 24Jul2025 12:30",2025-07-24,2025-07-31,True
347946,8509,04890,dir_11,9TH AVE,"9TH AVE, NW/O E FIR ST; TOTAL FLOW; CHTOT; 24Jul2025 13:00",2025-07-24,2025-07-31,True
347947,8509,04890,NW,9TH AVE,"9TH AVE, NW/O E FIR ST; NW FLOW; CHNWB; 24Jul2025 13:00",2025-07-24,2025-07-31,True
347948,20730,16500,E,S MAIN ST,"S MAIN ST, E/O 2ND AVE S; E FLOW; CHEB; 24Jul2025 13:30",2025-07-24,2025-07-31,True
347949,11057,07885,dir_11,JAMES ST,"JAMES ST, NE/O 9TH AVE; TOTAL FLOW; CHAGG; 24Jul2025 12:30",2025-07-24,2025-07-31,True
347951,8509,04890,SE,9TH AVE,"9TH AVE, NW/O E FIR ST; SE FLOW; CHAGG; 24Jul2025 13:00",2025-07-24,2025-07-31,True
347953,2007,00550,N,15TH AVE E,"15TH AVE E, S/O E REPUBLICAN S ST; N FLOW; CHAGG; 23Jul2025 10:30",2025-07-23,2025-07-30,True
347955,14355,11275,dir_11,E MADISON ST,"E MADISON ST, NE/O 23RD AVE E; TOTAL FLOW; CHAGG; 23Jul2025 11:00",2025-07-23,2025-07-30,True
347957,11496,08292,N,M L KING JR WAY E,"M L KING JR WAY E, N/O E JOHN ST; N FLOW; CHAGG; 23Jul2025 11:15",2025-07-23,2025-07-30,True
347959,3358,01355,dir_11,23RD AVE,"23RD AVE, S/O E CHERRY ST; TOTAL FLOW; CHAGG; 23Jul2025 12:00",2025-07-23,2025-07-30,True
347961,22246,17735,E,SW GRAHAM ST,"SW GRAHAM ST, W/O CALIFORNIA AVE SW; E FLOW; CHEB; 28Jul2025 12:15",2025-07-28,2025-08-04,True
347962,22246,17735,W,SW GRAHAM ST,"SW GRAHAM ST, W/O CALIFORNIA AVE SW; W FLOW; CHWB; 28Jul2025 12:15",2025-07-28,2025-08-04,True
347963,22246,17735,dir_11,SW GRAHAM ST,"SW GRAHAM ST, W/O CALIFORNIA AVE SW; TOTAL FLOW; CHAGG; 28Jul2025 12:15",2025-07-28,2025-08-04,True
347965,5035,02390,N,32ND AVE S,"32ND AVE S, N/O S GRAHAM ST; N FLOW; CHNB; 28Jul2025 11:45",2025-07-28,2025-08-04,True
347966,5035,02390,S,32ND AVE S,"32ND AVE S, N/O S GRAHAM ST; S FLOW; CHSB; 28Jul2025 11:45",2025-07-28,2025-08-04,True
347967,19544,15485,E,S BRANDON ST,"S BRANDON ST, W/O 32ND AVE S; E FLOW; CHEB; 28Jul2025 11:30",2025-07-28,2025-08-04,True
347968,19544,15485,W,S BRANDON ST,"S BRANDON ST, W/O 32ND AVE S; W FLOW; CHWB; 28Jul2025 11:30",2025-07-28,2025-08-04,True
347969,5029,02390,N,32ND AVE S,"32ND AVE S, S/O S DAWSON ST; N FLOW; CHNB; 28Jul2025 11:30",2025-07-28,2025-08-04,True
347970,5029,02390,S,32ND AVE S,"32ND AVE S, S/O S DAWSON ST; S FLOW; CHSB; 28Jul2025 11:30",2025-07-28,2025-08-04,True
347971,5035,02390,dir_11,32ND AVE S,"32ND AVE S, N/O S GRAHAM ST; TOTAL FLOW; CHAGG; 28Jul2025 11:45",2025-07-28,2025-08-04,True
347973,19544,15485,dir_11,S BRANDON ST,"S BRANDON ST, W/O 32ND AVE S; TOTAL FLOW; CHAGG; 28Jul2025 11:30",2025-07-28,2025-08-04,True
347975,5029,02390,dir_11,32ND AVE S,"32ND AVE S, S/O S DAWSON ST; TOTAL FLOW; CHAGG; 28Jul2025 11:30",2025-07-28,2025-08-04,True
347977,2449,00775,N,17TH AVE NW,"17TH AVE NW, S/O NW 65TH ST; N FLOW; CHNB; 29Jul2025 11:30",2025-07-29,2025-08-05,True
347978,2449,00775,S,17TH AVE NW,"17TH AVE NW, S/O NW 65TH ST; S FLOW; CHSB; 29Jul2025 11:30",2025-07-29,2025-08-05,True
347979,2458,00775,N,17TH AVE NW,"17TH AVE NW, N/O NW 85TH ST; N FLOW; CHNB; 29Jul2025 11:45",2025-07-29,2025-08-05,True
347980,2458,00775,S,17TH AVE NW,"17TH AVE NW, N/O NW 85TH ST; S FLOW; CHSB; 29Jul2025 11:45",2025-07-29,2025-08-05,True
347981,2449,00775,dir_11,17TH AVE NW,"17TH AVE NW, S/O NW 65TH ST; TOTAL FLOW; CHAGG; 29Jul2025 11:30",2025-07-29,2025-08-05,True
347983,2458,00775,dir_11,17TH AVE NW,"17TH AVE NW, N/O NW 85TH ST; TOTAL FLOW; CHAGG; 29Jul2025 11:45",2025-07-29,2025-08-05,True
347985,20630,16420,W,S LANDER ST,"S LANDER ST, W/O 7TH AVE S; W FLOW; CHWB; 30Jul2025 11:30",2025-07-30,2025-08-06,True
347986,20778,16525,dir_11,S MASSACHUSETTS ST,"S MASSACHUSETTS ST, E/O 26TH AVE S; TOTAL FLOW; CHTOT; 30Jul2025 15:45",2025-07-30,2025-08-06,True
347987,20778,16525,E,S MASSACHUSETTS ST,"S MASSACHUSETTS ST, E/O 26TH AVE S; E FLOW; CHEB; 30Jul2025 15:45",2025-07-30,2025-08-06,True
347988,18546,14615,E,NW 62ND ST,"NW 62ND ST, E/O 2ND AVE NW; E FLOW; CHEB; 30Jul2025 13:00",2025-07-30,2025-08-06,True
347989,18546,14615,W,NW 62ND ST,"NW 62ND ST, E/O 2ND AVE NW; W FLOW; CHWB; 30Jul2025 13:00",2025-07-30,2025-08-06,True
347990,1417,00230,N,11TH AVE NE,"11TH AVE NE, N/O LAKE CITY WAY NE; N FLOW; CHNB; 30Jul2025 12:00",2025-07-30,2025-08-06,True
347991,1417,00230,S,11TH AVE NE,"11TH AVE NE, N/O LAKE CITY WAY NE; S FLOW; CHSB; 30Jul2025 12:00",2025-07-30,2025-08-06,True
347992,1418,00230,N,11TH AVE NE,"11TH AVE NE, S/O NE 80TH ST; N FLOW; CHNB; 30Jul2025 11:45",2025-07-30,2025-08-06,True
347993,1418,00230,S,11TH AVE NE,"11TH AVE NE, S/O NE 80TH ST; S FLOW; CHSB; 30Jul2025 11:45",2025-07-30,2025-08-06,True
347994,17601,13630,E,NE 78TH ST,"NE 78TH ST, W/O LAKE CITY WAY NE; E FLOW; CHEB; 30Jul2025 12:15",2025-07-30,2025-08-06,True
347995,17601,13630,W,NE 78TH ST,"NE 78TH ST, W/O LAKE CITY WAY NE; W FLOW; CHWB; 30Jul2025 12:15",2025-07-30,2025-08-06,True
347996,11142,08015,SW,LAKE CITY WAY NE,"LAKE CITY WAY NE, SW/O 11TH AVE NE; SW FLOW; CHSWB; 30Jul2025 12:00",2025-07-30,2025-08-06,True
347997,18546,14615,dir_11,NW 62ND ST,"NW 62ND ST, E/O 2ND AVE NW; TOTAL FLOW; CHAGG; 30Jul2025 13:00",2025-07-30,2025-08-06,True
347999,1417,00230,dir_11,11TH AVE NE,"11TH AVE NE, N/O LAKE CITY WAY NE; TOTAL FLOW; CHAGG; 30Jul2025 12:00",2025-07-30,2025-08-06,True
348001,1418,00230,dir_11,11TH AVE NE,"11TH AVE NE, S/O NE 80TH ST; TOTAL FLOW; CHAGG; 30Jul2025 11:45",2025-07-30,2025-08-06,True
348003,17601,13630,dir_11,NE 78TH ST,"NE 78TH ST, W/O LAKE CITY WAY NE; TOTAL FLOW; CHAGG; 30Jul2025 12:15",2025-07-30,2025-08-06,True
348005,20630,16420,dir_11,S LANDER ST,"S LANDER ST, W/O 7TH AVE S; TOTAL FLOW; CHAGG; 30Jul2025 11:30",2025-07-30,2025-08-06,True
348007,20778,16525,W,S MASSACHUSETTS ST,"S MASSACHUSETTS ST, E/O 26TH AVE S; W FLOW; CHAGG; 30Jul2025 15:45",2025-07-30,2025-08-06,True
348010,7983,04455,dir_11,6TH AVE S,"6TH AVE S, S/O S JACKSON ST; TOTAL FLOW; CHTOT; 31Jul2025 11:00",2025-07-31,2025-08-07,True
348011,9729,06005,dir_11,COLUMBIA ST,"COLUMBIA ST, SW/O 3RD AVE; TOTAL FLOW; CHAGG; 14Jul2025 11:30",2025-07-14,2025-07-21,True
348015,9729,06005,NE,COLUMBIA ST,"COLUMBIA ST, SW/O 3RD AVE; NE FLOW; CHNEB; 31Jul2025 11:15",2025-07-31,2025-08-07,True
348016,9729,06005,dir_11,COLUMBIA ST,"COLUMBIA ST, SW/O 3RD AVE; TOTAL FLOW; CHAGG; 31Jul2025 11:15",2025-07-31,2025-08-07,True
348018,7983,04455,dir_11,6TH AVE S,"6TH AVE S, S/O S JACKSON ST; TOTAL FLOW; CHTOT; 31Jul2025 11:00",2025-07-31,2025-08-07,True
348019,7983,04455,S,6TH AVE S,"6TH AVE S, S/O S JACKSON ST; S FLOW; CHSB; 31Jul2025 11:00",2025-07-31,2025-08-07,True
348020,7983,04455,N,6TH AVE S,"6TH AVE S, S/O S JACKSON ST; N FLOW; CHAGG; 31Jul2025 11:00",2025-07-31,2025-08-07,True
348022,17599,13630,E,NE 78TH ST,"NE 78TH ST, E/O 8TH AVE NE; E FLOW; CHEB; 01Aug2025 12:00",2025-08-01,2025-08-08,True
348023,17599,13630,W,NE 78TH ST,"NE 78TH ST, E/O 8TH AVE NE; W FLOW; CHWB; 01Aug2025 12:00",2025-08-01,2025-08-08,True
348024,17599,13630,dir_11,NE 78TH ST,"NE 78TH ST, E/O 8TH AVE NE; TOTAL FLOW; CHAGG; 01Aug2025 12:00",2025-08-01,2025-08-08,True
348026,526094,13465,E,NE 65TH ST,"NE 65TH ST, E/O 65TH AVE NE; E FLOW; CHEB; 06Aug2025 11:45",2025-08-06,2025-08-13,True
348027,526094,13465,W,NE 65TH ST,"NE 65TH ST, E/O 65TH AVE NE; W FLOW; CHWB; 06Aug2025 11:45",2025-08-06,2025-08-13,True
348028,526094,13465,dir_11,NE 65TH ST,"NE 65TH ST, E/O 65TH AVE NE; TOTAL FLOW; CHAGG; 06Aug2025 11:45",2025-08-06,2025-08-13,True
348030,15978,12525,E,N 87TH ST,"N 87TH ST, W/O EVANSTON AVE N; E FLOW; CHEB; 07Aug2025 12:30",2025-08-07,2025-08-14,True
348031,15978,12525,W,N 87TH ST,"N 87TH ST, W/O EVANSTON AVE N; W FLOW; CHWB; 07Aug2025 12:30",2025-08-07,2025-08-14,True
348032,15978,12525,dir_11,N 87TH ST,"N 87TH ST, W/O EVANSTON AVE N; TOTAL FLOW; CHAGG; 07Aug2025 12:30",2025-08-07,2025-08-14,True
348034,567328,06442,NE,DISCOVERY PARK BLVD,"DISCOVERY PARK BLVD, NE/O IDAHO AVE; NE FLOW; CHNEB; 07Aug2025 11:45",2025-08-07,2025-08-14,True
348035,567328,06442,SW,DISCOVERY PARK BLVD,"DISCOVERY PARK BLVD, NE/O IDAHO AVE; SW FLOW; CHSWB; 07Aug2025 11:45",2025-08-07,2025-08-14,True
348036,567333,06442,NE,DISCOVERY PARK BLVD,"DISCOVERY PARK BLVD, SW/O TEXAS WAY; NE FLOW; CHNEB; 07Aug2025 11:30",2025-08-07,2025-08-14,True
348037,567333,06442,SW,DISCOVERY PARK BLVD,"DISCOVERY PARK BLVD, SW/O TEXAS WAY; SW FLOW; CHSWB; 07Aug2025 11:30",2025-08-07,2025-08-14,True
348038,567328,06442,dir_11,DISCOVERY PARK BLVD,"DISCOVERY PARK BLVD, E/O IDAHO AVE; TOTAL FLOW; CHAGG; 07Aug2025 11:45",2025-08-07,2025-08-14,True
348040,567333,06442,dir_11,DISCOVERY PARK BLVD,"DISCOVERY PARK BLVD, SW/O TEXAS WAY; TOTAL FLOW; CHAGG; 07Aug2025 11:30",2025-08-07,2025-08-14,True
348042,13330,10258,dir_11,WEST SEATTLE BR EB,"WEST SEATTLE BR EB, E/O DELRIDGE-W SEATTLE BR EB ON RP; TOTAL FLOW; CHTOTAL; 01Aug2025 00:00",2025-08-01,2025-08-08,True
348043,14395,11300,dir_11,EAST MARGINAL WAY S,"EAST MARGINAL WAY S, S/O S ALASKA ST; TOTAL FLOW; CHTOTAL; 06Aug2025 00:00",2025-08-06,2025-08-13,True
348044,352636,08299,dir_11,M L KING JR WAY S,"M L KING JR ER WAY S, N/O S ANDOVER ST; TOTAL FLOW; CHTOTAL; 06Aug2025 00:00",2025-08-06,2025-08-13,True
348045,11159,08015,dir_11,LAKE CITY WAY NE,"LAKE CITY WAY NE, NE/O NE 95TH ST; TOTAL FLOW; CHTOTAL; 01Aug2025 00:00",2025-08-01,2025-08-08,True
348046,830984,06556,NW,ELLIOTT WAY,"ELLIOTT WAY, NW/O LENORA ST; NW FLOW; CHNWB; 24Jul2025 00:00",2025-07-24,2025-07-31,True
348047,830984,06556,SE,ELLIOTT WAY,"ELLIOTT WAY, NW/O LENORA ST; SE FLOW; CHSEB; 24Jul2025 00:00",2025-07-24,2025-07-31,True
348048,830984,06556,NW,ELLIOTT WAY,"ELLIOTT WAY, NW/O LENORA ST; NW FLOW; CHNWB; 01Aug2025 00:00",2025-08-01,2025-08-08,True
348049,830984,06556,SE,ELLIOTT WAY,"ELLIOTT WAY, NW/O LENORA ST; SE FLOW; CHSEB; 01Aug2025 00:00",2025-08-01,2025-08-08,True
348050,830984,06556,dir_11,ELLIOTT WAY,"ELLIOTT WAY, NW/O LENORA ST; TOTAL FLOW; CHAGG; 24Jul2025 00:00",2025-07-24,2025-07-31,True
348052,830984,06556,dir_11,ELLIOTT WAY,"ELLIOTT WAY, NW/O LENORA ST; TOTAL FLOW; CHAGG; 01Aug2025 00:00",2025-08-01,2025-08-08,True
348054,11826,08620,S,MERIDIAN AVE N,"MERIDIAN AVE N, S/O N 112TH ST; S FLOW; CHSB; 11Aug2025 11:15",2025-08-11,2025-08-18,True
348055,11826,08620,N,MERIDIAN AVE N,"MERIDIAN AVE N, S/O N 112TH ST; N FLOW; CHNB; 11Aug2025 11:00",2025-08-11,2025-08-18,True
348058,11826,08620,dir_11,MERIDIAN AVE N,"MERIDIAN AVE N, S/O N 112TH ST; TOTAL FLOW; CHAGG; 11Aug2025 11:15",2025-08-11,2025-08-18,True
348060,12402,09345,N,RAINIER AVE S,"RAINIER AVE S, NW/O S HOLLY ST; N FLOW; CHNB; 12Aug2025 14:00",2025-08-12,2025-08-19,True
348061,12402,09345,S,RAINIER AVE S,"RAINIER AVE S, NW/O S HOLLY ST; S FLOW; CHSB; 12Aug2025 14:15",2025-08-12,2025-08-19,True
348062,8687,05000,N,AIRPORT WAY S,"AIRPORT WAY S, S/O S ALASKA ST; N FLOW; CHNB; 12Aug2025 13:30",2025-08-12,2025-08-19,True
348063,8686,05000,N,AIRPORT WAY S,"AIRPORT WAY S, N/O S ALASKA ST; N FLOW; CHNB; 12Aug2025 13:30",2025-08-12,2025-08-19,True
348065,1592,00330,N,12TH AVE NE,"12TH AVE NE, N/O LAKE CITY WAY NE; N FLOW; CHNB; 12Aug2025 11:30",2025-08-12,2025-08-19,True
348066,12402,09345,dir_11,RAINIER AVE S,"RAINIER AVE S, NW/O S HOLLY ST; TOTAL FLOW; CHAGG; 12Aug2025 14:15",2025-08-12,2025-08-19,True
348068,13333,10258,dir_11,WEST SEATTLE BR EB,"WEST SEATTLE BR EB, NE/O FAUNTLEROY WAY SW; TOTAL FLOW; CHTOTAL; 11Aug2025 00:00",2025-08-11,2025-08-18,True
348069,22804,18176,dir_11,SW SPOKANE ST BR,"SW SPOKANE BR, W/O SW SPOKANE E ST; TOTAL FLOW; CHTOTAL; 11Aug2025 00:00",2025-08-11,2025-08-18,True
348070,10563,06875,dir_11,FREMONT BR,"FREMONT BR, N/O POINT A; TOTAL FLOW; CHTOTAL; 18Aug2025 00:00",2025-08-18,2025-08-25,True
348071,13189,10110,dir_11,UNIVERSITY BR,"UNIVERSITY BR, SW/O POINT A; TOTAL FLOW; CHTOTAL; 18Aug2025 00:00",2025-08-18,2025-08-25,True
348072,20628,16420,E,S LANDER ST,"S LANDER ST, W/O 6TH AVE S; E FLOW; CHEB; 18Aug2025 10:45",2025-08-18,2025-08-25,True
348073,20628,16420,W,S LANDER ST,"S LANDER ST, W/O 6TH AVE S; W FLOW; CHWB; 18Aug2025 10:30",2025-08-18,2025-08-25,True
348074,8782,05095,E,ALKI AVE SW,"ALKI AVE SW, W/O HARBOR AVE SW; E FLOW; CHEB; 18Aug2025 11:00",2025-08-18,2025-08-25,True
348075,8782,05095,W,ALKI AVE SW,"ALKI AVE SW, W/O HARBOR AVE SW; W FLOW; CHWB; 18Aug2025 11:00",2025-08-18,2025-08-25,True
348076,14073,11075,NE,EAST GREEN LAKE WAY N,"EAST GREEN LAKE WAY N, NE/O N 57TH ST; NE FLOW; CHNEB; 18Aug2025 12:15",2025-08-18,2025-08-25,True
348077,15962,12500,E,N 85TH ST,"N 85TH ST, W/O ASHWORTH AVE N; E FLOW; CHEB; 18Aug2025 12:30",2025-08-18,2025-08-25,True
348078,14073,11075,SW,EAST GREEN LAKE WAY N,"EAST GREEN LAKE WAY N, NE/O N 57TH ST; SW FLOW; CHSWB; 18Aug2025 11:00 ( Use July Data)",2025-08-18,2025-08-25,True
348079,15962,12500,W,N 85TH ST,"N 85TH ST, W/O ASHWORTH AVE N; W FLOW; CHWB; 18Aug2025 12:30",2025-08-18,2025-08-25,True
348080,19223,15130,E,NW MARKET ST,"NW MARKET ST, W/O 8TH AVE NW; E FLOW; CHEB; 18Aug2025 12:00",2025-08-18,2025-08-25,True
348081,19223,15130,W,NW MARKET ST,"NW MARKET ST, W/O 8TH AVE NW; W FLOW; CHWB; 18Aug2025 12:00",2025-08-18,2025-08-25,True
348082,20628,16420,dir_11,S LANDER ST,"S LANDER ST, W/O 6TH AVE S; TOTAL FLOW; CHAGG; 18Aug2025 10:45",2025-08-18,2025-08-25,True
348084,8782,05095,dir_11,ALKI AVE SW,"ALKI AVE SW, W/O HARBOR AVE SW; TOTAL FLOW; CHAGG; 18Aug2025 11:00",2025-08-18,2025-08-25,True
348086,14073,11075,dir_11,EAST GREEN LAKE WAY N,"EAST GREEN LAKE WAY N, NE/O N 57TH ST; TOTAL FLOW; CHAGG; 18Aug2025 12:15",2025-08-18,2025-08-25,True
348088,15962,12500,dir_11,N 85TH ST,"N 85TH ST, W/O ASHWORTH AVE N; TOTAL FLOW; CHAGG; 18Aug2025 12:30",2025-08-18,2025-08-25,True
348090,19223,15130,dir_11,NW MARKET ST,"NW MARKET ST, W/O 8TH AVE NW; TOTAL FLOW; CHAGG; 18Aug2025 12:00",2025-08-18,2025-08-25,True
348092,12308,09315,N,QUEEN ANNE AVE N,"QUEEN ANNE AVE N, S/O W GALER ST; N FLOW; CHNB; 19Aug2025 13:30",2025-08-19,2025-08-26,True
348093,12308,09315,S,QUEEN ANNE AVE N,"QUEEN ANNE AVE N, S/O W GALER ST; S FLOW; CHSB; 19Aug2025 13:30",2025-08-19,2025-08-26,True
348094,12308,09315,dir_11,QUEEN ANNE AVE N,"QUEEN ANNE AVE N, S/O W GALER ST; TOTAL FLOW; CHAGG; 19Aug2025 13:30",2025-08-19,2025-08-26,True
348096,12312,09315,dir_11,QUEEN ANNE AVE N,"QUEEN ANNE AVE N, S/O CROCKETT ST; TOTAL FLOW; CHTOT; 19Aug2025 13:30",2025-08-19,2025-08-26,True
348097,12312,09315,N,QUEEN ANNE AVE N,"QUEEN ANNE AVE N, S/O CROCKETT ST; N FLOW; CHNB; 19Aug2025 13:30",2025-08-19,2025-08-26,True
348098,10000,06345,E,DENNY WAY,"DENNY WAY, W/O 2ND AVE; E FLOW; CHEB; 19Aug2025 13:15",2025-08-19,2025-08-26,True
348099,10000,06345,W,DENNY WAY,"DENNY WAY, W/O 2ND AVE; W FLOW; CHWB; 19Aug2025 13:15",2025-08-19,2025-08-26,True
348100,8728,05045,NW,ALASKAN WAY,"ALASKAN WAY, SE/O BLANCHARD ST; NW FLOW; CHNWB; 19Aug2025 13:00",2025-08-19,2025-08-26,True
348101,8728,05045,SE,ALASKAN WAY,"ALASKAN WAY, SE/O BLANCHARD ST; SE FLOW; CHSEB; 19Aug2025 13:00",2025-08-19,2025-08-26,True
348102,12900,09800,SW,STEWART ST,"STEWART ST, NE/O 4TH AVE; SW FLOW; CHSWB; 19Aug2025 12:30",2025-08-19,2025-08-26,True
348103,13202,10115,NE,UNIVERSITY ST,"UNIVERSITY ST, SW/O 4TH AVE; NE FLOW; CHNEB; 19Aug2025 12:30",2025-08-19,2025-08-26,True
348104,14348,11275,NE,E MADISON ST,"E MADISON ST, SW/O 17TH AVE; NE FLOW; CHNEB; 19Aug2025 12:00",2025-08-19,2025-08-26,True
348105,10000,06345,dir_11,DENNY WAY,"DENNY WAY, W/O 2ND AVE; TOTAL FLOW; CHAGG; 19Aug2025 13:15",2025-08-19,2025-08-26,True
348107,8728,05045,dir_11,ALASKAN WAY,"ALASKAN WAY, SE/O BLANCHARD ST; TOTAL FLOW; CHAGG; 19Aug2025 13:00",2025-08-19,2025-08-26,True
348111,20234,16155,W,S HENDERSON ST,"S HENDERSON ST, E/O 12TH AVE S; W FLOW; CHWB; 20Aug2025 11:00",2025-08-20,2025-08-27,True
348112,20234,16155,E,S HENDERSON ST,"S HENDERSON ST, E/O 12TH AVE S; E FLOW; CHEB; 20Aug2025 11:00",2025-08-20,2025-08-27,True
348113,20234,16155,dir_11,S HENDERSON ST,"S HENDERSON ST, E/O 12TH AVE S; TOTAL FLOW; CHAGG; 20Aug2025 11:00",2025-08-20,2025-08-27,True
348115,17944,13815,E,NE 98TH ST,"NE 98TH ST, W/O ROOSEVELT WAY NE; E FLOW; CHEB; 20Aug2025 12:30",2025-08-20,2025-08-27,True
348116,17944,13815,W,NE 98TH ST,"NE 98TH ST, W/O ROOSEVELT WAY NE; W FLOW; CHWB; 20Aug2025 12:30",2025-08-20,2025-08-27,True
348117,17924,13810,E,NE 97TH ST,"NE 97TH ST, E/O 5TH AVE NE; E FLOW; CHEB; 20Aug2025 12:30",2025-08-20,2025-08-27,True
348118,17924,13810,W,NE 97TH ST,"NE 97TH ST, E/O 5TH AVE NE; W FLOW; CHWB; 20Aug2025 12:30",2025-08-20,2025-08-27,True
348119,17944,13815,dir_11,NE 98TH ST,"NE 98TH ST, W/O ROOSEVELT WAY NE; TOTAL FLOW; CHAGG; 20Aug2025 12:30",2025-08-20,2025-08-27,True
348121,17924,13810,dir_11,NE 97TH ST,"NE 97TH ST, E/O 5TH AVE NE; TOTAL FLOW; CHAGG; 20Aug2025 12:30",2025-08-20,2025-08-27,True
348123,14348,11275,SW,E MADISON ST,"E MADISON ST, SW/O 17TH AVE; SW FLOW; CHSWB; 19Aug2025 12:15",2025-08-19,2025-08-26,True
348126,14348,11275,dir_11,E MADISON ST,"E MADISON ST, SW/O 17TH AVE; TOTAL FLOW; CHAGG; 19Aug2025 12:15",2025-08-19,2025-08-26,True
348128,12312,09315,S,QUEEN ANNE AVE N,"QUEEN ANNE AVE N, S/O CROCKETT ST; S FLOW; CHAGG; 19Aug2025 13:30",2025-08-19,2025-08-26,True
348130,4382,02080,dir_11,3RD AVE,"3RD AVE, SE/O UNION ST; TOTAL FLOW; CHTOTAL; 21Aug2025 00:00",2025-08-21,2025-08-28,True
348131,12409,09345,dir_11,RAINIER AVE S,"RAINIER AVE S, S/O S OTHELLO ST; TOTAL FLOW; CHTOT; 21Aug2025 00:00",2025-08-21,2025-08-28,True
348132,22249,17735,E,SW GRAHAM ST,"SW GRAHAM ST, W/O 46TH AVE SW; E FLOW; CHEB; 20Aug2025 11:45",2025-08-20,2025-08-27,True
348133,22249,17735,W,SW GRAHAM ST,"SW GRAHAM ST, W/O 46TH AVE SW; W FLOW; CHWB; 20Aug2025 11:45",2025-08-20,2025-08-27,True
348134,22249,17735,dir_11,SW GRAHAM ST,"SW GRAHAM ST, W/O 46TH AVE SW; TOTAL FLOW; CHAGG; 20Aug2025 11:45",2025-08-20,2025-08-27,True
348136,20628,16420,E,S LANDER ST,"S LANDER ST, W/O 6TH AVE S; E FLOW; CHEB; 02Sep2025 10:45",2025-09-02,2025-09-09,True
348137,20628,16420,W,S LANDER ST,"S LANDER ST, W/O 6TH AVE S; W FLOW; CHWB; 02Sep2025 10:45",2025-09-02,2025-09-09,True
348138,8782,05095,E,ALKI AVE SW,"ALKI AVE SW, W/O HARBOR AVE SW; E FLOW; CHEB; 02Sep2025 11:15",2025-09-02,2025-09-09,True
348139,8782,05095,W,ALKI AVE SW,"ALKI AVE SW, W/O HARBOR AVE SW; W FLOW; CHWB; 02Sep2025 11:15",2025-09-02,2025-09-09,True
348140,14073,11075,NE,EAST GREEN LAKE WAY N,"EAST GREEN LAKE WAY N, NE/O N 57TH ST; NE FLOW; CHNEB; 02Sep2025 12:30",2025-09-02,2025-09-09,True
348141,14073,11075,SW,EAST GREEN LAKE WAY N,"EAST GREEN LAKE WAY N, NE/O N 57TH ST; SW FLOW; CHSWB; 02Sep2025 12:30",2025-09-02,2025-09-09,True
348142,15962,12500,E,N 85TH ST,"N 85TH ST, W/O ASHWORTH AVE N; E FLOW; CHEB; 02Sep2025 12:15",2025-09-02,2025-09-09,True
348143,15962,12500,W,N 85TH ST,"N 85TH ST, W/O ASHWORTH AVE N; W FLOW; CHWB; 02Sep2025 12:00",2025-09-02,2025-09-09,True
348144,19223,15130,E,NW MARKET ST,"NW MARKET ST, W/O 8TH AVE NW; E FLOW; CHEB; 02Sep2025 12:45",2025-09-02,2025-09-09,True
348145,19223,15130,W,NW MARKET ST,"NW MARKET ST, W/O 8TH AVE NW; W FLOW; CHWB; 02Sep2025 12:45",2025-09-02,2025-09-09,True
348146,20628,16420,dir_11,S LANDER ST,"S LANDER ST, W/O 6TH AVE S; TOTAL FLOW; CHAGG; 02Sep2025 10:45",2025-09-02,2025-09-09,True
348148,8782,05095,dir_11,ALKI AVE SW,"ALKI AVE SW, W/O HARBOR AVE SW; TOTAL FLOW; CHAGG; 02Sep2025 11:15",2025-09-02,2025-09-09,True
348150,14073,11075,dir_11,EAST GREEN LAKE WAY N,"EAST GREEN LAKE WAY N, NE/O N 57TH ST; TOTAL FLOW; CHAGG; 02Sep2025 12:30",2025-09-02,2025-09-09,True
348152,15962,12500,dir_11,N 85TH ST,"N 85TH ST, W/O ASHWORTH AVE N; TOTAL FLOW; CHAGG; 02Sep2025 12:15",2025-09-02,2025-09-09,True
348154,19223,15130,dir_11,NW MARKET ST,"NW MARKET ST, W/O 8TH AVE NW; TOTAL FLOW; CHAGG; 02Sep2025 12:45",2025-09-02,2025-09-09,True
348156,12312,09315,dir_11,QUEEN ANNE AVE N,"QUEEN ANNE AVE N, S/O CROCKETT ST; TOTAL FLOW; CHTOT; 03Sep2025 12:45",2025-09-03,2025-09-10,True
348157,12312,09315,N,QUEEN ANNE AVE N,"QUEEN ANNE AVE N, S/O CROCKETT ST; N FLOW; CHNB; 03Sep2025 12:45",2025-09-03,2025-09-10,True
348158,10000,06345,E,DENNY WAY,"DENNY WAY, W/O 2ND AVE; E FLOW; CHEB; 03Sep2025 13:00",2025-09-03,2025-09-10,True
348159,8728,05045,NW,ALASKAN WAY,"ALASKAN WAY, SE/O BLANCHARD ST; NW FLOW; CHNWB; 03Sep2025 13:15",2025-09-03,2025-09-10,True
348160,8728,05045,SE,ALASKAN WAY,"ALASKAN WAY, SE/O BLANCHARD ST; SE FLOW; CHSEB; 03Sep2025 13:00",2025-09-03,2025-09-10,True
348161,12900,09800,SW,STEWART ST,"STEWART ST, NE/O 4TH AVE; SW FLOW; CHSWB; 03Sep2025 13:30",2025-09-03,2025-09-10,True
348162,13202,10115,NE,UNIVERSITY ST,"UNIVERSITY ST, SW/O 4TH AVE; NE FLOW; CHNEB; 03Sep2025 13:30",2025-09-03,2025-09-10,True
348163,14348,11275,NE,E MADISON ST,"E MADISON ST, SW/O 17TH AVE; NE FLOW; CHNEB; 03Sep2025 11:15",2025-09-03,2025-09-10,True
348164,14348,11275,SW,E MADISON ST,"E MADISON ST, SW/O 17TH AVE; SW FLOW; CHSWB; 03Sep2025 11:15",2025-09-03,2025-09-10,True
348165,12312,09315,S,QUEEN ANNE AVE N,"QUEEN ANNE AVE N, S/O CROCKETT ST; S FLOW; CHAGG; 03Sep2025 12:45",2025-09-03,2025-09-10,True
348167,8728,05045,dir_11,ALASKAN WAY,"ALASKAN WAY, SE/O BLANCHARD ST; TOTAL FLOW; CHAGG; 03Sep2025 13:15",2025-09-03,2025-09-10,True
348169,14348,11275,dir_11,E MADISON ST,"E MADISON ST, SW/O 17TH AVE; TOTAL FLOW; CHAGG; 03Sep2025 11:15",2025-09-03,2025-09-10,True
348171,7329,03895,N,5TH AVE NE,"5TH AVE NE, S/O NE 98TH ST; N FLOW; CHNB; 08Sep2025 13:15",2025-09-08,2025-09-15,True
348172,7329,03895,S,5TH AVE NE,"5TH AVE NE, S/O NE 98TH ST; S FLOW; CHSB; 08Sep2025 13:15",2025-09-08,2025-09-15,True
348173,7329,03895,dir_11,5TH AVE NE,"5TH AVE NE, S/O NE 98TH ST; TOTAL FLOW; CHAGG; 08Sep2025 13:15",2025-09-08,2025-09-15,True
348175,16870,13285,E,NE 45TH ST,"NE 45TH ST, E/O 45TH AVE NE; E FLOW; CHEB; 08Sep2025 11:30",2025-09-08,2025-09-15,True
348176,16870,13285,W,NE 45TH ST,"NE 45TH ST, E/O 45TH AVE NE; W FLOW; CHWB; 08Sep2025 11:30",2025-09-08,2025-09-15,True
348177,4639,02155,N,30TH AVE NE,"30TH AVE NE, N/O NE 140TH ST; N FLOW; CHNB; 08Sep2025 14:45",2025-09-08,2025-09-15,True
348178,4639,02155,S,30TH AVE NE,"30TH AVE NE, N/O NE 140TH ST; S FLOW; CHSB; 08Sep2025 14:45",2025-09-08,2025-09-15,True
348179,16870,13285,dir_11,NE 45TH ST,"NE 45TH ST, E/O 45TH AVE NE; TOTAL FLOW; CHAGG; 08Sep2025 11:30",2025-09-08,2025-09-15,True
348181,4639,02155,dir_11,30TH AVE NE,"30TH AVE NE, N/O NE 140TH ST; TOTAL FLOW; CHAGG; 08Sep2025 14:45",2025-09-08,2025-09-15,True
348183,5394,02705,S,35TH AVE NE,"35TH AVE NE, N/O NE 120TH ST; S FLOW; CHSB SB; 08Sep2025 14:00",2025-09-08,2025-09-15,True
348184,5394,02705,N,35TH AVE NE,"35TH AVE NE, N/O NE 120TH ST; N FLOW; CHNB NB; 08Sep2025 14:00",2025-09-08,2025-09-15,True
348185,5393,02705,N,35TH AVE NE,"35TH AVE NE, N/O 33RD PL NE; N FLOW; CHNB NB; 08Sep2025 14:15",2025-09-08,2025-09-15,True
348186,15726,12295,E,N 59TH ST,"N 59TH ST, E/O FREMONT AVE N; E FLOW; CHEB; 08Sep2025 12:45",2025-09-08,2025-09-15,True
348187,15726,12295,W,N 59TH ST,"N 59TH ST, E/O FREMONT AVE N; W FLOW; CHWB; 08Sep2025 12:45",2025-09-08,2025-09-15,True
348189,15724,12295,E,N 59TH ST,"N 59TH ST, W/O EVANSTON AVE N; E FLOW; CHEB; 08Sep2025 12:30",2025-09-08,2025-09-15,True
348190,15724,12295,W,N 59TH ST,"N 59TH ST, W/O EVANSTON AVE N; W FLOW; CHWB; 08Sep2025 12:30",2025-09-08,2025-09-15,True
348191,5394,02705,dir_11,35TH AVE NE,"35TH AVE NE, N/O NE 120TH ST; TOTAL FLOW; CHAGG; 08Sep2025 14:00",2025-09-08,2025-09-15,True
348195,15726,12295,dir_11,N 59TH ST,"N 59TH ST, E/O FREMONT AVE N; TOTAL FLOW; CHAGG; 08Sep2025 12:45",2025-09-08,2025-09-15,True
348197,15724,12295,dir_11,N 59TH ST,"N 59TH ST, W/O EVANSTON AVE N; TOTAL FLOW; CHAGG; 08Sep2025 12:30",2025-09-08,2025-09-15,True
348199,14897,11650,E,E UNION ST,"E UNION ST, W/O 20TH AVE; E FLOW; CHEB; 09Sep2025 12:15",2025-09-09,2025-09-16,True
348200,14897,11650,W,E UNION ST,"E UNION ST, W/O 20TH AVE; W FLOW; CHWB; 09Sep2025 12:15",2025-09-09,2025-09-16,True
348201,23038,18370,E,W ARMOUR ST,"W ARMOUR ST, E/O 32ND S AVE W; E FLOW; CHEB; 09Sep2025 13:00",2025-09-09,2025-09-16,True
348202,23038,18370,W,W ARMOUR ST,"W ARMOUR ST, E/O 32ND S AVE W; W FLOW; CHWB; 09Sep2025 13:00",2025-09-09,2025-09-16,True
348203,4899,02285,N,31ST AVE W,"31ST AVE W, N/O W ARMOUR ST; N FLOW; CHNB; 09Sep2025 13:15",2025-09-09,2025-09-16,True
348204,4899,02285,S,31ST AVE W,"31ST AVE W, N/O W ARMOUR ST; S FLOW; CHSB; 09Sep2025 13:15",2025-09-09,2025-09-16,True
348205,14897,11650,dir_11,E UNION ST,"E UNION ST, W/O 20TH AVE; TOTAL FLOW; CHAGG; 09Sep2025 12:15",2025-09-09,2025-09-16,True
348207,23038,18370,dir_11,W ARMOUR ST,"W ARMOUR ST, E/O 32ND S AVE W; TOTAL FLOW; CHAGG; 09Sep2025 13:00",2025-09-09,2025-09-16,True
348209,4899,02285,dir_11,31ST AVE W,"31ST AVE W, N/O W ARMOUR ST; TOTAL FLOW; CHAGG; 09Sep2025 13:15",2025-09-09,2025-09-16,True
348211,20993,16695,E,S ORCAS ST,"S ORCAS ST, E/O RENTON AVE S; E FLOW; CHEB; 10Sep2025 15:15",2025-09-10,2025-09-17,True
348212,20993,16695,W,S ORCAS ST,"S ORCAS ST, E/O RENTON AVE S; W FLOW; CHWB; 10Sep2025 15:15",2025-09-10,2025-09-17,True
348213,613360,16315,E,S JUNEAU ST,"S JUNEAU ST, E/O 28TH AVE S; E FLOW; CHEB; 10Sep2025 14:45",2025-09-10,2025-09-17,True
348214,613360,16315,W,S JUNEAU ST,"S JUNEAU ST, E/O 28TH AVE S; W FLOW; CHWB; 10Sep2025 14:45",2025-09-10,2025-09-17,True
348215,20993,16695,dir_11,S ORCAS ST,"S ORCAS ST, E/O RENTON AVE S; TOTAL FLOW; CHAGG; 10Sep2025 15:15",2025-09-10,2025-09-17,True
348217,613360,16315,dir_11,S JUNEAU ST,"S JUNEAU ST, E/O 28TH AVE S; TOTAL FLOW; CHAGG; 10Sep2025 14:45",2025-09-10,2025-09-17,True
348219,15127,11850,E,N 125TH ST,"N 125TH ST, E/O PHINNEY AVE N; E FLOW; CHEB; 09Sep2025 14:45",2025-09-09,2025-09-16,True
348220,15127,11850,W,N 125TH ST,"N 125TH ST, E/O PHINNEY AVE N; W FLOW; CHWB; 09Sep2025 14:45",2025-09-09,2025-09-16,True
348221,15128,11850,E,N 125TH ST,"N 125TH ST, E/O DAYTON AVE N; E FLOW; CHEB; 09Sep2025 14:45",2025-09-09,2025-09-16,True
348222,15128,11850,W,N 125TH ST,"N 125TH ST, E/O DAYTON AVE N; W FLOW; CHWB; 09Sep2025 14:45",2025-09-09,2025-09-16,True
348223,10559,06870,N,FREMONT AVE N,"FREMONT AVE N, N/O N 127TH ST; N FLOW; CHNB; 09Sep2025 14:30",2025-09-09,2025-09-16,True
348224,10559,06870,S,FREMONT AVE N,"FREMONT AVE N, N/O N 127TH ST; S FLOW; CHSB; 09Sep2025 14:30",2025-09-09,2025-09-16,True
348225,15140,11855,E,N 127TH ST,"N 127TH ST, W/O EVANSTON AVE N; E FLOW; CHEB; 09Sep2025 14:15",2025-09-09,2025-09-16,True
348226,15140,11855,W,N 127TH ST,"N 127TH ST, W/O EVANSTON AVE N; W FLOW; CHWB; 09Sep2025 14:15",2025-09-09,2025-09-16,True
348227,15147,11860,E,N 128TH ST,"N 128TH ST, E/O LINDEN AVE N; E FLOW; CHEB; 09Sep2025 15:15",2025-09-09,2025-09-16,True
348228,15147,11860,W,N 128TH ST,"N 128TH ST, E/O LINDEN AVE N; W FLOW; CHWB; 09Sep2025 15:15",2025-09-09,2025-09-16,True
348229,15127,11850,dir_11,N 125TH ST,"N 125TH ST, E/O PHINNEY AVE N; TOTAL FLOW; CHAGG; 09Sep2025 14:45",2025-09-09,2025-09-16,True
348231,15128,11850,dir_11,N 125TH ST,"N 125TH ST, E/O DAYTON AVE N; TOTAL FLOW; CHAGG; 09Sep2025 14:45",2025-09-09,2025-09-16,True
348233,10559,06870,dir_11,FREMONT AVE N,"FREMONT AVE N, N/O N 127TH ST; TOTAL FLOW; CHAGG; 09Sep2025 14:30",2025-09-09,2025-09-16,True
348235,15147,11860,dir_11,N 128TH ST,"N 128TH ST, E/O LINDEN AVE N; TOTAL FLOW; CHAGG; 09Sep2025 15:15",2025-09-09,2025-09-16,True
348237,15140,11855,dir_11,N 127TH ST,"N 127TH ST, W/O EVANSTON AVE N; TOTAL FLOW; CHAGG; 09Sep2025 14:15",2025-09-09,2025-09-16,True
348239,21677,17290,E,SW 98TH ST,"SW 98TH ST, E/O 42ND AVE SW; E FLOW; CHEB; 10Sep2025 11:45",2025-09-10,2025-09-17,True
348240,21677,17290,W,SW 98TH ST,"SW 98TH ST, E/O 42ND AVE SW; W FLOW; CHWB; 10Sep2025 11:45",2025-09-10,2025-09-17,True
348241,21677,17290,dir_11,SW 98TH ST,"SW 98TH ST, E/O 42ND AVE SW; TOTAL FLOW; CHAGG; 10Sep2025 11:45",2025-09-10,2025-09-17,True
348243,22888,18235,E,SW THISTLE ST,"SW THISTLE ST, E/O 24TH AVE SW; E FLOW; CHEB; 10Sep2025 11:30",2025-09-10,2025-09-17,True
348244,22888,18235,W,SW THISTLE ST,"SW THISTLE ST, E/O 24TH AVE SW; W FLOW; CHWB; 10Sep2025 11:30",2025-09-10,2025-09-17,True
348245,21992,17540,E,SW CLOVERDALE ST,"SW CLOVERDALE ST, E/O 8TH AVE SW; E FLOW; CHEB; 10Sep2025 12:15",2025-09-10,2025-09-17,True
348246,21992,17540,W,SW CLOVERDALE ST,"SW CLOVERDALE ST, E/O 8TH AVE SW; W FLOW; CHWB; 10Sep2025 12:15",2025-09-10,2025-09-17,True
348247,21991,17540,E,SW CLOVERDALE ST,"SW CLOVERDALE ST, E/O 7TH AVE SW; E FLOW; CHEB; 10Sep2025 12:15",2025-09-10,2025-09-17,True
348248,21991,17540,W,SW CLOVERDALE ST,"SW CLOVERDALE ST, E/O 7TH AVE SW; W FLOW; CHWB; 10Sep2025 12:15",2025-09-10,2025-09-17,True
348249,12024,08920,N,OCCIDENTAL AVE S,"OCCIDENTAL AVE S, N/O RAILROAD WAY S; N FLOW; CHNB; 12Sep2025 12:15",2025-09-12,2025-09-19,True
348250,12024,08920,S,OCCIDENTAL AVE S,"OCCIDENTAL AVE S, N/O RAILROAD WAY S; S FLOW; CHSB; 12Sep2025 12:15",2025-09-12,2025-09-19,True
348251,12025,08920,N,OCCIDENTAL AVE S,"OCCIDENTAL AVE S, S/O RAILROAD WAY S; N FLOW; CHNB; 12Sep2025 11:30",2025-09-12,2025-09-19,True
348252,12025,08920,S,OCCIDENTAL AVE S,"OCCIDENTAL AVE S, S/O RAILROAD WAY S; S FLOW; CHSB; 12Sep2025 11:30",2025-09-12,2025-09-19,True
348253,12024,08920,dir_11,OCCIDENTAL AVE S,"OCCIDENTAL AVE S, N/O RAILROAD WAY S; TOTAL FLOW; CHAGG; 12Sep2025 12:15",2025-09-12,2025-09-19,True
348255,12025,08920,dir_11,OCCIDENTAL AVE S,"OCCIDENTAL AVE S, S/O RAILROAD WAY S; TOTAL FLOW; CHAGG; 12Sep2025 11:30",2025-09-12,2025-09-19,True
348257,22888,18235,dir_11,SW THISTLE ST,"SW THISTLE ST, E/O 24TH AVE SW; TOTAL FLOW; CHAGG; 10Sep2025 11:30",2025-09-10,2025-09-17,True
348259,21992,17540,dir_11,SW CLOVERDALE ST,"SW CLOVERDALE ST, E/O 8TH AVE SW; TOTAL FLOW; CHAGG; 10Sep2025 12:15",2025-09-10,2025-09-17,True
348261,21991,17540,dir_11,SW CLOVERDALE ST,"SW CLOVERDALE ST, E/O 7TH AVE SW; TOTAL FLOW; CHAGG; 10Sep2025 12:15",2025-09-10,2025-09-17,True
348263,19268,15215,E,S 115TH ST,"S 115TH ST, E/O WOODLEY AVE S; E FLOW; CHEB; 11Sep2025 11:45",2025-09-11,2025-09-18,True
348264,19268,15215,W,S 115TH ST,"S 115TH ST, E/O WOODLEY AVE S; W FLOW; CHWB; 11Sep2025 11:45",2025-09-11,2025-09-18,True
348265,19268,15215,dir_11,S 115TH ST,"S 115TH ST, E/O WOODLEY AVE S; TOTAL FLOW; CHAGG; 11Sep2025 11:45",2025-09-11,2025-09-18,True
348267,12548,09425,NW,RENTON AVE S,"RENTON AVE S, SE/O S FOUNTAIN PL; NW FLOW; CHNWB; 11Sep2025 11:30",2025-09-11,2025-09-18,True
348268,12548,09425,SE,RENTON AVE S,"RENTON AVE S, SE/O S FOUNTAIN PL; SE FLOW; CHSEB; 11Sep2025 11:30",2025-09-11,2025-09-18,True
348269,12546,09425,NW,RENTON AVE S,"RENTON AVE S, SE/O S HAZEL ST; NW FLOW; CHNWB; 11Sep2025 11:30",2025-09-11,2025-09-18,True
348270,12546,09425,SE,RENTON AVE S,"RENTON AVE S, SE/O S HAZEL ST; SE FLOW; CHSEB; 11Sep2025 11:30",2025-09-11,2025-09-18,True
348271,12548,09425,dir_11,RENTON AVE S,"RENTON AVE S, SE/O S FOUNTAIN PL; TOTAL FLOW; CHAGG; 11Sep2025 11:30",2025-09-11,2025-09-18,True
348273,12546,09425,dir_11,RENTON AVE S,"RENTON AVE S, SE/O S HAZEL ST; TOTAL FLOW; CHAGG; 11Sep2025 11:30",2025-09-11,2025-09-18,True
348275,3943,01720,N,26TH AVE SW,"26TH AVE SW, S/O SW GENESEE ST; N FLOW; CHNB; 11Sep2025 11:45",2025-09-11,2025-09-18,True
348276,3943,01720,S,26TH AVE SW,"26TH AVE SW, S/O SW GENESEE ST; S FLOW; CHSB; 11Sep2025 11:45",2025-09-11,2025-09-18,True
348277,3943,01720,dir_11,26TH AVE SW,"26TH AVE SW, S/O SW GENESEE ST; TOTAL FLOW; CHAGG; 11Sep2025 11:45",2025-09-11,2025-09-18,True
348279,12732,09555,NW,SAND POINT WAY NE,"SAND POINT WAY NE, SE/O NE 93RD ST; NW FLOW; CHNWB; 16Sep2025 08:30",2025-09-16,2025-09-23,True
348280,12732,09555,SE,SAND POINT WAY NE,"SAND POINT WAY NE, SE/O NE 93RD ST; SE FLOW; CHSEB; 16Sep2025 08:30",2025-09-16,2025-09-23,True
348281,12730,09555,NW,SAND POINT WAY NE,"SAND POINT WAY NE, NW/O NE 90TH PL; NW FLOW; CHNWB; 16Sep2025 09:00",2025-09-16,2025-09-23,True
348282,567746,09555,NW,SAND POINT WAY NE,"SAND POINT WAY NE, SE/O INVERNESS DR NE; NW FLOW; CHNWB; 16Sep2025 09:15",2025-09-16,2025-09-23,True
348283,567746,09555,SE,SAND POINT WAY NE,"SAND POINT WAY NE, SE/O INVERNESS DR NE; SE FLOW; CHSEB; 16Sep2025 09:15",2025-09-16,2025-09-23,True
348284,12728,09555,NW,SAND POINT WAY NE,"SAND POINT WAY NE, NW/O NOAA DR; NW FLOW; CHNWB; 16Sep2025 09:45",2025-09-16,2025-09-23,True
348285,12728,09555,SE,SAND POINT WAY NE,"SAND POINT WAY NE, NW/O NOAA DR; SE FLOW; CHSEB; 16Sep2025 09:45",2025-09-16,2025-09-23,True
348286,12726,09555,N,SAND POINT WAY NE,"SAND POINT WAY NE, N/O NE 75TH ST; N FLOW; CHNB; 16Sep2025 10:00",2025-09-16,2025-09-23,True
348287,12726,09555,S,SAND POINT WAY NE,"SAND POINT WAY NE, N/O NE 75TH ST; S FLOW; CHSB; 16Sep2025 10:00",2025-09-16,2025-09-23,True
348288,12732,09555,dir_11,SAND POINT WAY NE,"SAND POINT WAY NE, SE/O NE 93RD ST; TOTAL FLOW; CHAGG; 16Sep2025 08:30",2025-09-16,2025-09-23,True
348290,12730,09555,SE,SAND POINT WAY NE,"SAND POINT WAY NE, NW/O NE 90TH PL; SE FLOW; CHSEB; 16Sep2025 09:00",2025-09-16,2025-09-23,True
348291,12730,09555,dir_11,SAND POINT WAY NE,"SAND POINT WAY NE, NW/O NE 90TH PL; TOTAL FLOW; CHAGG; 16Sep2025 09:00",2025-09-16,2025-09-23,True
348293,567746,09555,dir_11,SAND POINT WAY NE,"SAND POINT WAY NE, SE/O INVERNESS DR NE; TOTAL FLOW; CHAGG; 16Sep2025 09:15",2025-09-16,2025-09-23,True
348295,12728,09555,dir_11,SAND POINT WAY NE,"SAND POINT WAY NE, NW/O NOAA DR; TOTAL FLOW; CHAGG; 16Sep2025 09:45",2025-09-16,2025-09-23,True
348298,12726,09555,dir_11,SAND POINT WAY NE,"SAND POINT WAY NE, N/O NE 75TH ST; TOTAL FLOW; CHAGG; 16Sep2025 10:00",2025-09-16,2025-09-23,True
348300,10000,06345,W,DENNY WAY,"DENNY WAY, W/O 2ND AVE; W FLOW; CHWB; 17Sep2025 13:30",2025-09-17,2025-09-24,True
348301,10000,06345,dir_11,DENNY WAY,"DENNY WAY, W/O 2ND AVE; TOTAL FLOW; CHAGG; 17Sep2025 13:30",2025-09-17,2025-09-24,True
348303,11586,08300,SW,MADISON ST,"MADISON ST, SW/O 6TH AVE; SW FLOW; CHSWB; 17Sep2025 11:30",2025-09-17,2025-09-24,True
348304,4377,02080,NW,3RD AVE,"3RD AVE, SE/O MARION ST; NW FLOW; CHNWB; 17Sep2025 12:00",2025-09-17,2025-09-24,True
348305,4377,02080,SE,3RD AVE,"3RD AVE, SE/O MARION ST; SE FLOW; CHSEB; 17Sep2025 11:45",2025-09-17,2025-09-24,True
348306,1005,00010,NW,1ST AVE,"1ST AVE, SE/O SENECA ST; NW FLOW; CHNWB; 17Sep2025 12:15",2025-09-17,2025-09-24,True
348307,1005,00010,SE,1ST AVE,"1ST AVE, SE/O SENECA ST; SE FLOW; CHSEB; 17Sep2025 12:15",2025-09-17,2025-09-24,True
348308,4377,02080,dir_11,3RD AVE,"3RD AVE, SE/O MARION ST; TOTAL FLOW; CHAGG; 17Sep2025 12:00",2025-09-17,2025-09-24,True
348310,1005,00010,dir_11,1ST AVE,"1ST AVE, SE/O SENECA ST; TOTAL FLOW; CHAGG; 17Sep2025 12:15",2025-09-17,2025-09-24,True
348312,7229,03885,SE,5TH AVE,"5TH AVE, SE/O MADISON ST; SE FLOW; CHSEB; 17Sep2025 11:45",2025-09-17,2025-09-24,True
348313,13333,10258,dir_11,WEST SEATTLE BR EB,"WEST SEATTLE BR EB, NE/O FAUNTLEROY WAY SW; TOTAL FLOW; CHTOTAL; 18Sep2025 00:00",2025-09-18,2025-09-25,True
348314,13330,10258,dir_11,WEST SEATTLE BR EB,"WEST SEATTLE BR EB, E/O DELRIDGE-W SEATTLE BR EB ON RP; TOTAL FLOW; CHTOTAL; 03Sep2025 00:00",2025-09-03,2025-09-10,True
348315,13541,10440,N,WESTLAKE AVE N,"WESTLAKE AVE N, N/O HIGHLAND DR; N FLOW; CHNB NB; 18Sep2025 10:45",2025-09-18,2025-09-25,True
348316,13541,10440,S,WESTLAKE AVE N,"WESTLAKE AVE N, N/O HIGHLAND DR; S FLOW; CHSB SB; 18Sep2025 12:00",2025-09-18,2025-09-25,True
348318,13542,10440,N,WESTLAKE AVE N,"WESTLAKE AVE N, S/O BLAINE ST; N FLOW; CHNB NB; 18Sep2025 10:00",2025-09-18,2025-09-25,True
348319,13542,10440,S,WESTLAKE AVE N,"WESTLAKE AVE N, S/O BLAINE ST; S FLOW; CHSB SB; 18Sep2025 11:15",2025-09-18,2025-09-25,True
348320,13542,10440,dir_11,WESTLAKE AVE N,"WESTLAKE AVE N, S/O BLAINE ST; TOTAL FLOW; CHAGG; 18Sep2025 11:15",2025-09-18,2025-09-25,True
348322,13541,10440,dir_11,WESTLAKE AVE N,"WESTLAKE AVE N, N/O HIGHLAND DR; TOTAL FLOW; CHAGG; 18Sep2025 12:00",2025-09-18,2025-09-25,True
348324,5402,02705,N,35TH AVE NE,"35TH AVE NE, S/O NE 143RD ST; N FLOW; CHNB; 18Sep2025 12:45",2025-09-18,2025-09-25,True
348325,5402,02705,S,35TH AVE NE,"35TH AVE NE, S/O NE 143RD ST; S FLOW; CHSB; 18Sep2025 12:45",2025-09-18,2025-09-25,True
348326,5573,02795,N,36TH AVE NE,"36TH AVE NE, S/O NE 143RD ST; N FLOW; CHNB; 18Sep2025 13:00",2025-09-18,2025-09-25,True
348327,5573,02795,S,36TH AVE NE,"36TH AVE NE, S/O NE 143RD ST; S FLOW; CHSB; 18Sep2025 13:00",2025-09-18,2025-09-25,True
348328,5718,02890,N,37TH AVE NE,"37TH AVE NE, N/O NE 143RD ST; N FLOW; CHNB; 18Sep2025 13:15",2025-09-18,2025-09-25,True
348329,5718,02890,S,37TH AVE NE,"37TH AVE NE, N/O NE 143RD ST; S FLOW; CHSB; 18Sep2025 13:15",2025-09-18,2025-09-25,True
348332,5573,02795,dir_11,36TH AVE NE,"36TH AVE NE, S/O NE 143RD ST; TOTAL FLOW; CHAGG; 18Sep2025 13:00",2025-09-18,2025-09-25,True
348334,5718,02890,dir_11,37TH AVE NE,"37TH AVE NE, N/O NE 143RD ST; TOTAL FLOW; CHAGG; 18Sep2025 13:15",2025-09-18,2025-09-25,True
348336,5402,02705,dir_11,35TH AVE NE,"35TH AVE NE, S/O NE 143RD ST; TOTAL FLOW; CHAGG; 18Sep2025 12:45",2025-09-18,2025-09-25,True
348338,11159,08015,dir_11,LAKE CITY WAY NE,"LAKE CITY WAY NE, NE/O NE 95TH ST; TOTAL FLOW; CHTOTAL; 03Sep2025 00:00",2025-09-03,2025-09-10,True
348339,22804,18176,dir_11,SW SPOKANE ST BR,"SW SPOKANE BR, W/O SW SPOKANE E ST; TOTAL FLOW; CHTOTAL; 18Sep2025 00:00",2025-09-18,2025-09-25,True
348340,12409,09345,dir_11,RAINIER AVE S,"RAINIER AVE S, S/O S OTHELLO ST; TOTAL FLOW; CHTOTAL; 05Sep2025 00:00",2025-09-05,2025-09-12,True
348341,14395,11300,dir_11,EAST MARGINAL WAY S,"EAST MARGINAL WAY S, S/O S ALASKA ST; TOTAL FLOW; CHTOTAL; 05Sep2025 00:00",2025-09-05,2025-09-12,True
348342,4382,02080,dir_11,3RD AVE,"3RD AVE, SE/O UNION ST; TOTAL FLOW; CHTOTAL; 10Sep2025 00:00",2025-09-10,2025-09-17,True
348343,10563,06875,dir_11,FREMONT BR,"FREMONT BR, N/O POINT A; TOTAL FLOW; CHTOTAL; 10Sep2025 00:00",2025-09-10,2025-09-17,True
348344,13189,10110,dir_11,UNIVERSITY BR,"UNIVERSITY BR, SW/O POINT A; TOTAL FLOW; CHTOTAL; 18Sep2025 00:00",2025-09-18,2025-09-25,True
348345,2201,00590,N,15TH AV W NB OFF RP,"15TH AV W NB OFF RP, N/O 15TH AVE W; N FLOW; CHNB; 19Sep2025 11:00",2025-09-19,2025-09-26,True
348346,2206,00605,S,15TH AV W SB OFF RP,"15TH AV W SB OFF RP, S/O W BERTONA ST; S FLOW; CHSB; 19Sep2025 11:15",2025-09-19,2025-09-26,True
348347,2202,00595,N,15TH AV W NB ON RP,"15TH AV W NB ON RP, N/O W DRAVUS ST; N FLOW; CHNB; 19Sep2025 11:45",2025-09-19,2025-09-26,True
348348,2207,00610,S,15TH AV W SB ON RP,"15TH AV W SB ON RP, S/O W DRAVUS ST; S FLOW; CHSB; 19Sep2025 11:30",2025-09-19,2025-09-26,True
348349,3938,01720,N,26TH AVE SW,"26TH AVE SW, S/O SW YANCY ST; N FLOW; CHNB; 22Sep2025 12:00",2025-09-22,2025-09-29,True
348350,3938,01720,S,26TH AVE SW,"26TH AVE SW, S/O SW YANCY ST; S FLOW; CHSB; 22Sep2025 12:00",2025-09-22,2025-09-29,True
348351,3938,01720,dir_11,26TH AVE SW,"26TH AVE SW, S/O SW YANCY ST; TOTAL FLOW; CHAGG; 22Sep2025 12:00",2025-09-22,2025-09-29,True
348353,352636,08299,dir_11,M L KING JR WAY S,"M L KING JR ER WAY S, N/O S ANDOVER ST; TOTAL FLOW; CHTOTAL; 20Sep2025 00:00 ( use 09/20/24 data)",2025-09-20,2025-09-27,True
348354,12974,09835,NE,STROUD AVE N,"STROUD AVE N, SW/O N 80TH W ST; NE FLOW; CHNEB; 23Sep2025 13:30",2025-09-23,2025-09-30,True
348355,12974,09835,SW,STROUD AVE N,"STROUD AVE N, SW/O N 80TH W ST; SW FLOW; CHSWB; 23Sep2025 13:30",2025-09-23,2025-09-30,True
348356,13660,10590,N,WOODLAND PARK AVE N,"WOODLAND PARK AVE N, N/O N 44TH ST; N FLOW; CHNB; 23Sep2025 13:45",2025-09-23,2025-09-30,True
348357,13660,10590,S,WOODLAND PARK AVE N,"WOODLAND PARK AVE N, N/O N 44TH ST; S FLOW; CHSB; 23Sep2025 13:45",2025-09-23,2025-09-30,True
348358,19476,15420,E,S BAYVIEW ST,"S BAYVIEW ST, W/O 29TH AVE S; E FLOW; CHEB; 23Sep2025 16:00",2025-09-23,2025-09-30,True
348359,19476,15420,W,S BAYVIEW ST,"S BAYVIEW ST, W/O 29TH AVE S; W FLOW; CHWB; 23Sep2025 16:00",2025-09-23,2025-09-30,True
348360,19721,15660,NE,S CONOVER WAY,"S CONOVER WAY, SW/O 41ST AVE S; NE FLOW; CHNEB; 23Sep2025 16:45",2025-09-23,2025-09-30,True
348361,19721,15660,SW,S CONOVER WAY,"S CONOVER WAY, SW/O 41ST AVE S; SW FLOW; CHSWB; 23Sep2025 16:45",2025-09-23,2025-09-30,True
348362,7675,04165,N,54TH AVE S,"54TH AVE S, S/O S ROXBURY W ST; N FLOW; CHNB; 23Sep2025 17:30",2025-09-23,2025-09-30,True
348363,7675,04165,S,54TH AVE S,"54TH AVE S, S/O S ROXBURY W ST; S FLOW; CHSB; 23Sep2025 17:30",2025-09-23,2025-09-30,True
348364,12974,09835,dir_11,STROUD AVE N,"STROUD AVE N, SW/O N 80TH W ST; TOTAL FLOW; CHAGG; 23Sep2025 13:30",2025-09-23,2025-09-30,True
348366,13660,10590,dir_11,WOODLAND PARK AVE N,"WOODLAND PARK AVE N, N/O N 44TH ST; TOTAL FLOW; CHAGG; 23Sep2025 13:45",2025-09-23,2025-09-30,True
348368,19476,15420,dir_11,S BAYVIEW ST,"S BAYVIEW ST, W/O 29TH AVE S; TOTAL FLOW; CHAGG; 23Sep2025 16:00",2025-09-23,2025-09-30,True
348370,19721,15660,dir_11,S CONOVER WAY,"S CONOVER WAY, SW/O 41ST AVE S; TOTAL FLOW; CHAGG; 23Sep2025 16:45",2025-09-23,2025-09-30,True
348372,7675,04165,dir_11,54TH AVE S,"54TH AVE S, S/O S ROXBURY W ST; TOTAL FLOW; CHAGG; 23Sep2025 17:30",2025-09-23,2025-09-30,True
348374,275661,07409,N,HUNTER BLVD S,"HUNTER ER BLVD S, N/O S HORTON ST; N FLOW; CHNB; 24Sep2025 17:15",2025-09-24,2025-10-01,True
348375,10975,07410,S,HUNTER BLVD S,"HUNTER WR BLVD S, N/O S HORTON ST; S FLOW; CHSB; 24Sep2025 17:00",2025-09-24,2025-10-01,True
348376,11685,08475,N,MARY AVE NW,"MARY AVE NW, S/O NW 87TH ST; N FLOW; CHNB; 24Sep2025 12:00",2025-09-24,2025-10-01,True
348377,11685,08475,S,MARY AVE NW,"MARY AVE NW, S/O NW 87TH ST; S FLOW; CHSB; 24Sep2025 12:00",2025-09-24,2025-10-01,True
348378,19044,14910,E,NW 90TH ST,"NW 90TH ST, E/O 11TH AVE NW; E FLOW; CHEB; 24Sep2025 12:30",2025-09-24,2025-10-01,True
348379,19044,14910,W,NW 90TH ST,"NW 90TH ST, E/O 11TH AVE NW; W FLOW; CHWB; 24Sep2025 12:30",2025-09-24,2025-10-01,True
348380,19039,14910,E,NW 90TH ST,"NW 90TH ST, W/O 4TH AVE NW; E FLOW; CHEB; 24Sep2025 12:45",2025-09-24,2025-10-01,True
348381,19039,14910,W,NW 90TH ST,"NW 90TH ST, W/O 4TH AVE NW; W FLOW; CHWB; 24Sep2025 12:45",2025-09-24,2025-10-01,True
348382,1635,00335,N,12TH AVE NW,"12TH AVE NW, N/O NW 90TH ST; N FLOW; CHNB; 24Sep2025 13:30",2025-09-24,2025-10-01,True
348383,1635,00335,S,12TH AVE NW,"12TH AVE NW, N/O NW 90TH ST; S FLOW; CHSB; 24Sep2025 13:30",2025-09-24,2025-10-01,True
348384,11685,08475,dir_11,MARY AVE NW,"MARY AVE NW, S/O NW 87TH ST; TOTAL FLOW; CHAGG; 24Sep2025 12:00",2025-09-24,2025-10-01,True
348386,19044,14910,dir_11,NW 90TH ST,"NW 90TH ST, E/O 11TH AVE NW; TOTAL FLOW; CHAGG; 24Sep2025 12:30",2025-09-24,2025-10-01,True
348388,19039,14910,dir_11,NW 90TH ST,"NW 90TH ST, W/O 4TH AVE NW; TOTAL FLOW; CHAGG; 24Sep2025 12:45",2025-09-24,2025-10-01,True
348390,1635,00335,dir_11,12TH AVE NW,"12TH AVE NW, N/O NW 90TH ST; TOTAL FLOW; CHAGG; 24Sep2025 13:30",2025-09-24,2025-10-01,True
348392,275661,07409,dir_11,HUNTER BLVD S,"HUNTER ER BLVD S, N/O S HORTON ST; TOTAL FLOW; CHAGG; 24Sep2025 17:15",2025-09-24,2025-10-01,True
348394,12729,09555,NW,SAND POINT WAY NE,"SAND POINT WAY NE, NW/O INVERNESS DR NE; NW FLOW; CHNWB; 25Sep2025 11:15",2025-09-25,2025-10-02,True
348395,12729,09555,SE,SAND POINT WAY NE,"SAND POINT WAY NE, NW/O INVERNESS DR NE; SE FLOW; CHSEB; 25Sep2025 11:15",2025-09-25,2025-10-02,True
348396,12729,09555,dir_11,SAND POINT WAY NE,"SAND POINT WAY NE, NW/O INVERNESS DR NE; TOTAL FLOW; CHAGG; 25Sep2025 11:15",2025-09-25,2025-10-02,True
348398,5393,02705,S,35TH AVE NE,"35TH AVE NE, N/O 33RD PL NE; S FLOW; CHSB SB; 25Sep2025 12:00",2025-09-25,2025-10-02,True
348399,5395,02705,N,35TH AVE NE,"35TH AVE NE, N/O NE 123RD ST; N FLOW; CHNB NB; 25Sep2025 11:45",2025-09-25,2025-10-02,True
348400,5395,02705,S,35TH AVE NE,"35TH AVE NE, N/O NE 123RD ST; S FLOW; CHSB SB; 25Sep2025 12:15",2025-09-25,2025-10-02,True
348401,1912,00460,N,14TH AVE NW,"14TH AVE NW, S/O NW 90TH ST; N FLOW; CHNB; 25Sep2025 13:30",2025-09-25,2025-10-02,True
348402,19072,14930,E,NW 92ND ST,"NW 92ND ST, E/O 11TH AVE NW; E FLOW; CHEB; 25Sep2025 13:45",2025-09-25,2025-10-02,True
348403,10115,06420,S,DIBBLE AVE NW,"DIBBLE AVE NW, N/O NW 90TH ST; S FLOW; CHSB; 25Sep2025 14:00",2025-09-25,2025-10-02,True
348404,10115,06420,N,DIBBLE AVE NW,"DIBBLE AVE NW, N/O NW 90TH ST; N FLOW; CHNB; 25Sep2025 14:00",2025-09-25,2025-10-02,True
348405,5403,02705,N,35TH AVE NE,"35TH AVE NE, N/O NE 143RD ST; N FLOW; CHNB; 25Sep2025 13:30",2025-09-25,2025-10-02,True
348406,5403,02705,S,35TH AVE NE,"35TH AVE NE, N/O NE 143RD ST; S FLOW; CHSB; 25Sep2025 13:30",2025-09-25,2025-10-02,True
348407,5393,02705,dir_11,35TH AVE NE,"35TH AVE NE, N/O 33RD PL NE; TOTAL FLOW; CHAGG; 25Sep2025 12:00",2025-09-25,2025-10-02,True
348409,5395,02705,dir_11,35TH AVE NE,"35TH AVE NE, N/O NE 123RD ST; TOTAL FLOW; CHAGG; 25Sep2025 12:15",2025-09-25,2025-10-02,True
348411,10115,06420,dir_11,DIBBLE AVE NW,"DIBBLE AVE NW, N/O NW 90TH ST; TOTAL FLOW; CHAGG; 25Sep2025 14:00",2025-09-25,2025-10-02,True
348413,1912,00460,S,14TH AVE NW,"14TH AVE NW, S/O NW 90TH ST; S FLOW; CHSB; 25Sep2025 13:30",2025-09-25,2025-10-02,True
348414,19072,14930,W,NW 92ND ST,"NW 92ND ST, E/O 11TH AVE NW; W FLOW; CHWB; 25Sep2025 13:45",2025-09-25,2025-10-02,True
348415,1912,00460,dir_11,14TH AVE NW,"14TH AVE NW, S/O NW 90TH ST; TOTAL FLOW; CHAGG; 25Sep2025 13:30",2025-09-25,2025-10-02,True
348417,19072,14930,dir_11,NW 92ND ST,"NW 92ND ST, E/O 11TH AVE NW; TOTAL FLOW; CHAGG; 25Sep2025 13:45",2025-09-25,2025-10-02,True
348419,5403,02705,dir_11,35TH AVE NE,"35TH AVE NE, N/O NE 143RD ST; TOTAL FLOW; CHAGG; 25Sep2025 13:30",2025-09-25,2025-10-02,True
348421,13541,10440,N,WESTLAKE AVE N,"WESTLAKE AVE N, N/O HIGHLAND DR; N FLOW; CHNB NB; 26Sep2025 13:45",2025-09-26,2025-10-03,True
348422,13542,10440,dir_11,WESTLAKE AVE N,"WESTLAKE AVE N, S/O BLAINE ST; TOTAL FLOW; CHNB NB; 26Sep2025 14:00",2025-09-26,2025-10-03,True
348423,13542,10440,dir_11,WESTLAKE AVE N,"WESTLAKE AVE N, S/O BLAINE ST; TOTAL FLOW; CHSB SB; 26Sep2025 14:00",2025-09-26,2025-10-03,True
348424,13542,10440,dir_11,WESTLAKE AVE N,"WESTLAKE AVE N, S/O BLAINE ST; TOTAL FLOW; CHAGG; 26Sep2025 14:00",2025-09-26,2025-10-03,True
348426,13181,10100,SW,UNION ST,"UNION ST, SW/O 4TH AVE; SW FLOW; CHSWB; 26Sep2025 11:15",2025-09-26,2025-10-03,True
348427,13181,10100,dir_11,UNION ST,"UNION ST, SW/O 4TH AVE; TOTAL FLOW; CHTOT; 26Sep2025 11:15",2025-09-26,2025-10-03,True
348428,13180,10100,SW,UNION ST,"UNION ST, NE/O 2ND AVE; SW FLOW; CHSWB; 26Sep2025 11:30",2025-09-26,2025-10-03,True
348429,13179,10100,NE,UNION ST,"UNION ST, NE/O 1ST AVE; NE FLOW; CHNEB; 26Sep2025 11:45",2025-09-26,2025-10-03,True
348430,13179,10100,SW,UNION ST,"UNION ST, NE/O 1ST AVE; SW FLOW; CHSWB; 26Sep2025 11:45",2025-09-26,2025-10-03,True
348431,13179,10100,dir_11,UNION ST,"UNION ST, NE/O 1ST AVE; TOTAL FLOW; CHAGG; 26Sep2025 11:45",2025-09-26,2025-10-03,True
348433,13181,10100,NE,UNION ST,"UNION ST, SW/O 4TH AVE; NE FLOW; CHAGG; 26Sep2025 11:15",2025-09-26,2025-10-03,True
348435,9660,05900,NE,CHERRY ST,"CHERRY ST, NE/O 2ND AVE; NE FLOW; CHNEB; 30Sep2025 11:30",2025-09-30,2025-10-07,True
348436,9661,05900,NE,CHERRY ST,"CHERRY ST, SW/O 4TH AVE; NE FLOW; CHNEB; 30Sep2025 11:45",2025-09-30,2025-10-07,True
348437,7226,03885,NW,5TH AVE,"5TH AVE, SE/O CHERRY ST; NW FLOW; CHNWB; 30Sep2025 12:00",2025-09-30,2025-10-07,True
348438,7226,03885,SE,5TH AVE,"5TH AVE, SE/O CHERRY ST; SE FLOW; CHSEB; 30Sep2025 12:00",2025-09-30,2025-10-07,True
348439,9663,05900,NE,CHERRY ST,"CHERRY ST, NE/O 5TH AVE; NE FLOW; CHNEB; 30Sep2025 12:15",2025-09-30,2025-10-07,True
348440,7226,03885,dir_11,5TH AVE,"5TH AVE, SE/O CHERRY ST; TOTAL FLOW; CHAGG; 30Sep2025 12:00",2025-09-30,2025-10-07,True
348442,16456,12965,E,NE 123RD ST,"NE 123RD ST, W/O 28TH AVE NE; E FLOW; CHEB; 30Sep2025 15:30",2025-09-30,2025-10-07,True
348443,16456,12965,W,NE 123RD ST,"NE 123RD ST, W/O 28TH AVE NE; W FLOW; CHWB; 30Sep2025 15:30",2025-09-30,2025-10-07,True
348444,3876,01705,N,26TH AVE NE,"26TH AVE NE, S/O NE 125TH ST; N FLOW; CHNB; 30Sep2025 15:45",2025-09-30,2025-10-07,True
348445,3876,01705,S,26TH AVE NE,"26TH AVE NE, S/O NE 125TH ST; S FLOW; CHSB; 30Sep2025 15:45",2025-09-30,2025-10-07,True
348446,10915,07315,NW,HIRAM PL NE,"HIRAM PL NE, SE/O NE 123RD ST; NW FLOW; CHNWB; 30Sep2025 16:00",2025-09-30,2025-10-07,True
348447,10915,07315,SE,HIRAM PL NE,"HIRAM PL NE, SE/O NE 123RD ST; SE FLOW; CHSEB; 30Sep2025 16:00",2025-09-30,2025-10-07,True
348448,4125,01910,N,28TH AVE NE,"28TH AVE NE, N/O NE 123RD ST; N FLOW; CHNB; 30Sep2025 15:15",2025-09-30,2025-10-07,True
348449,4125,01910,S,28TH AVE NE,"28TH AVE NE, N/O NE 123RD ST; S FLOW; CHSB; 30Sep2025 15:15",2025-09-30,2025-10-07,True
348450,16456,12965,dir_11,NE 123RD ST,"NE 123RD ST, W/O 28TH AVE NE; TOTAL FLOW; CHAGG; 30Sep2025 15:30",2025-09-30,2025-10-07,True
348452,3876,01705,dir_11,26TH AVE NE,"26TH AVE NE, S/O NE 125TH ST; TOTAL FLOW; CHAGG; 30Sep2025 15:45",2025-09-30,2025-10-07,True
348454,10915,07315,dir_11,HIRAM PL NE,"HIRAM PL NE, SE/O NE 123RD ST; TOTAL FLOW; CHAGG; 30Sep2025 16:00",2025-09-30,2025-10-07,True
348456,4125,01910,dir_11,28TH AVE NE,"28TH AVE NE, N/O NE 123RD ST; TOTAL FLOW; CHAGG; 30Sep2025 15:15",2025-09-30,2025-10-07,True
348458,12312,09315,dir_11,QUEEN ANNE AVE N,"QUEEN ANNE AVE N, S/O CROCKETT ST; TOTAL FLOW; CHTOT; 01Oct2025 11:45",2025-10-01,2025-10-08,True
348459,12312,09315,N,QUEEN ANNE AVE N,"QUEEN ANNE AVE N, S/O CROCKETT ST; N FLOW; CHNB; 01Oct2025 11:45",2025-10-01,2025-10-08,True
348460,10000,06345,E,DENNY WAY,"DENNY WAY, W/O 2ND AVE; E FLOW; CHEB; 01Oct2025 11:15",2025-10-01,2025-10-08,True
348461,10000,06345,W,DENNY WAY,"DENNY WAY, W/O 2ND AVE; W FLOW; CHWB; 01Oct2025 11:15",2025-10-01,2025-10-08,True
348462,8728,05045,NW,ALASKAN WAY,"ALASKAN WAY, SE/O BLANCHARD ST; NW FLOW; CHNWB; 01Oct2025 12:00",2025-10-01,2025-10-08,True
348463,8728,05045,SE,ALASKAN WAY,"ALASKAN WAY, SE/O BLANCHARD ST; SE FLOW; CHSEB; 01Oct2025 12:00",2025-10-01,2025-10-08,True
348464,13202,10115,NE,UNIVERSITY ST,"UNIVERSITY ST, SW/O 4TH AVE; NE FLOW; CHNEB; 01Oct2025 11:00",2025-10-01,2025-10-08,True
348465,14348,11275,NE,E MADISON ST,"E MADISON ST, SW/O 17TH AVE; NE FLOW; CHNEB; 01Oct2025 10:30",2025-10-01,2025-10-08,True
348466,10000,06345,dir_11,DENNY WAY,"DENNY WAY, W/O 2ND AVE; TOTAL FLOW; CHAGG; 01Oct2025 11:15",2025-10-01,2025-10-08,True
348468,12312,09315,S,QUEEN ANNE AVE N,"QUEEN ANNE AVE N, S/O CROCKETT ST; S FLOW; CHAGG; 01Oct2025 11:45",2025-10-01,2025-10-08,True
348470,8728,05045,dir_11,ALASKAN WAY,"ALASKAN WAY, SE/O BLANCHARD ST; TOTAL FLOW; CHAGG; 01Oct2025 12:00",2025-10-01,2025-10-08,True
348472,15238,11955,W,N 143RD ST,"N 143RD ST, E/O EVANSTON AVE N; W FLOW; CHWB; 02Oct2025 13:00",2025-10-02,2025-10-09,True
348473,15238,11955,E,N 143RD ST,"N 143RD ST, E/O EVANSTON AVE N; E FLOW; CHEB; 02Oct2025 13:00",2025-10-02,2025-10-09,True
348474,15238,11955,dir_11,N 143RD ST,"N 143RD ST, E/O EVANSTON AVE N; TOTAL FLOW; CHAGG; 02Oct2025 13:00",2025-10-02,2025-10-09,True
348476,10563,06875,N,FREMONT BR,"FREMONT BR, N/O POINT A; N FLOW; CHNB NB; 02Oct2025 11:00",2025-10-02,2025-10-09,True
348477,10563,06875,S,FREMONT BR,"FREMONT BR, N/O POINT A; S FLOW; CHSB SB; 02Oct2025 11:00",2025-10-02,2025-10-09,True
348478,10563,06875,dir_11,FREMONT BR,"FREMONT BR, N/O POINT A; TOTAL FLOW; CHAGG; 02Oct2025 11:00",2025-10-02,2025-10-09,True
348480,14348,11275,SW,E MADISON ST,"E MADISON ST, SW/O 17TH AVE; SW FLOW; CHSWB; 01Oct2025 10:30",2025-10-01,2025-10-08,True
348481,14348,11275,dir_11,E MADISON ST,"E MADISON ST, SW/O 17TH AVE; TOTAL FLOW; CHAGG; 01Oct2025 10:30",2025-10-01,2025-10-08,True
348483,14073,11075,NE,EAST GREEN LAKE WAY N,"EAST GREEN LAKE WAY N, NE/O N 57TH ST; NE FLOW; CHNEB; 02Oct2025 11:45",2025-10-02,2025-10-09,True
348485,15962,12500,E,N 85TH ST,"N 85TH ST, W/O ASHWORTH AVE N; E FLOW; CHEB; 02Oct2025 12:15",2025-10-02,2025-10-09,True
348488,19223,15130,E,NW MARKET ST,"NW MARKET ST, W/O 8TH AVE NW; E FLOW; CHEB; 02Oct2025 11:30",2025-10-02,2025-10-09,True
348489,19223,15130,W,NW MARKET ST,"NW MARKET ST, W/O 8TH AVE NW; W FLOW; CHWB; 02Oct2025 11:30",2025-10-02,2025-10-09,True
348492,15962,12500,W,N 85TH ST,"N 85TH ST, W/O ASHWORTH AVE N; W FLOW; CHWB; 02Oct2025 12:15",2025-10-02,2025-10-09,True
348493,15962,12500,dir_11,N 85TH ST,"N 85TH ST, W/O ASHWORTH AVE N; TOTAL FLOW; CHAGG; 02Oct2025 12:15",2025-10-02,2025-10-09,True
348495,19223,15130,dir_11,NW MARKET ST,"NW MARKET ST, W/O 8TH AVE NW; TOTAL FLOW; CHAGG; 02Oct2025 11:30",2025-10-02,2025-10-09,True
348497,14073,11075,SW,EAST GREEN LAKE WAY N,"EAST GREEN LAKE WAY N, NE/O N 57TH ST; SW FLOW; CHSWB; 02Oct2025 11:45",2025-10-02,2025-10-09,True
348498,14073,11075,dir_11,EAST GREEN LAKE WAY N,"EAST GREEN LAKE WAY N, NE/O N 57TH ST; TOTAL FLOW; CHAGG; 02Oct2025 11:45",2025-10-02,2025-10-09,True
348500,5401,02705,N,35TH AVE NE,"35TH AVE NE, N/O NE 137TH ST; N FLOW; CHNB; 03Oct2025 14:00",2025-10-03,2025-10-10,True
348501,5401,02705,S,35TH AVE NE,"35TH AVE NE, N/O NE 137TH ST; S FLOW; CHSB; 03Oct2025 14:00",2025-10-03,2025-10-10,True
348502,5401,02705,dir_11,35TH AVE NE,"35TH AVE NE, N/O NE 137TH ST; TOTAL FLOW; CHAGG; 03Oct2025 14:00",2025-10-03,2025-10-10,True
348504,8595,04905,N,9TH AVE NW,"9TH AVE NW, N/O NW 90TH ST; N FLOW; CHNB; 03Oct2025 14:00",2025-10-03,2025-10-10,True
348505,8595,04905,S,9TH AVE NW,"9TH AVE NW, N/O NW 90TH ST; S FLOW; CHSB; 03Oct2025 14:00",2025-10-03,2025-10-10,True
348506,8595,04905,dir_11,9TH AVE NW,"9TH AVE NW, N/O NW 90TH ST; TOTAL FLOW; CHAGG; 03Oct2025 14:00",2025-10-03,2025-10-10,True
348508,21060,16735,E,S OTHELLO ST,"S OTHELLO ST, E/O RAINIER AVE S; E FLOW; CHEB; 03Oct2025 10:15",2025-10-03,2025-10-10,True
348509,21060,16735,W,S OTHELLO ST,"S OTHELLO ST, E/O RAINIER AVE S; W FLOW; CHWB; 03Oct2025 10:15",2025-10-03,2025-10-10,True
348510,21059,16735,E,S OTHELLO ST,"S OTHELLO ST, E/O 48TH AVE S; E FLOW; CHEB; 03Oct2025 10:30",2025-10-03,2025-10-10,True
348511,21059,16735,W,S OTHELLO ST,"S OTHELLO ST, E/O 48TH AVE S; W FLOW; CHWB; 03Oct2025 10:30",2025-10-03,2025-10-10,True
348512,21057,16735,E,S OTHELLO ST,"S OTHELLO ST, E/O 45TH AVE S; E FLOW; CHEB; 03Oct2025 10:45",2025-10-03,2025-10-10,True
348513,21057,16735,W,S OTHELLO ST,"S OTHELLO ST, E/O 45TH AVE S; W FLOW; CHWB; 03Oct2025 10:45",2025-10-03,2025-10-10,True
348514,21054,16735,E,S OTHELLO ST,"S OTHELLO ST, W/O 43RD AVE S; E FLOW; CHEB; 03Oct2025 11:15",2025-10-03,2025-10-10,True
348515,21054,16735,W,S OTHELLO ST,"S OTHELLO ST, W/O 43RD AVE S; W FLOW; CHWB; 03Oct2025 11:15",2025-10-03,2025-10-10,True
348516,21050,16735,E,S OTHELLO ST,"S OTHELLO ST, W/O 38TH AVE S; E FLOW; CHEB; 03Oct2025 11:45",2025-10-03,2025-10-10,True
348517,21060,16735,dir_11,S OTHELLO ST,"S OTHELLO ST, E/O RAINIER AVE S; TOTAL FLOW; CHAGG; 03Oct2025 10:15",2025-10-03,2025-10-10,True
348519,21059,16735,dir_11,S OTHELLO ST,"S OTHELLO ST, E/O 48TH AVE S; TOTAL FLOW; CHAGG; 03Oct2025 10:30",2025-10-03,2025-10-10,True
348523,21054,16735,dir_11,S OTHELLO ST,"S OTHELLO ST, W/O 43RD AVE S; TOTAL FLOW; CHAGG; 03Oct2025 11:15",2025-10-03,2025-10-10,True
348525,21050,16735,W,S OTHELLO ST,"S OTHELLO ST, W/O 38TH AVE S; W FLOW; CHWB; 03Oct2025 11:45",2025-10-03,2025-10-10,True
348526,21050,16735,dir_11,S OTHELLO ST,"S OTHELLO ST, W/O 38TH AVE S; TOTAL FLOW; CHAGG; 03Oct2025 11:45",2025-10-03,2025-10-10,True
348528,13221,10120,N,UNIVERSITY WAY NE,"UNIVERSITY WAY NE, S/O NE 45TH ST; N FLOW; CHNB; 07Oct2025 14:00",2025-10-07,2025-10-14,True
348529,13221,10120,S,UNIVERSITY WAY NE,"UNIVERSITY WAY NE, S/O NE 45TH ST; S FLOW; CHSB; 07Oct2025 14:00",2025-10-07,2025-10-14,True
348530,13221,10120,dir_11,UNIVERSITY WAY NE,"UNIVERSITY WAY NE, S/O NE 45TH ST; TOTAL FLOW; CHAGG; 07Oct2025 14:00",2025-10-07,2025-10-14,True
348532,21057,16735,dir_11,S OTHELLO ST,"S OTHELLO ST, E/O 45TH AVE S; TOTAL FLOW; CHAGG; 03Oct2025 10:45",2025-10-03,2025-10-10,True
348534,5936,02985,N,38TH AVE SW,"38TH AVE SW, N/O SW DAWSON ST; N FLOW; CHNB; 02Oct2025 15:15",2025-10-02,2025-10-09,True
348535,5936,02985,S,38TH AVE SW,"38TH AVE SW, N/O SW DAWSON ST; S FLOW; CHSB; 02Oct2025 15:15",2025-10-02,2025-10-09,True
348536,21386,17035,E,S THISTLE ST,"S THISTLE ST, E/O 39TH AVE S; E FLOW; CHEB; 02Oct2025 11:30",2025-10-02,2025-10-09,True
348537,21386,17035,W,S THISTLE ST,"S THISTLE ST, E/O 39TH AVE S; W FLOW; CHWB; 02Oct2025 11:30",2025-10-02,2025-10-09,True
348538,5936,02985,dir_11,38TH AVE SW,"38TH AVE SW, N/O SW DAWSON ST; TOTAL FLOW; CHAGG; 02Oct2025 15:15",2025-10-02,2025-10-09,True
348540,21386,17035,dir_11,S THISTLE ST,"S THISTLE ST, E/O 39TH AVE S; TOTAL FLOW; CHAGG; 02Oct2025 11:30",2025-10-02,2025-10-09,True
348542,19892,15835,E,S EDDY ST,"S EDDY ST, E/O CARLETON AVE S; E FLOW; CHEB; 03Oct2025 11:30",2025-10-03,2025-10-10,True
348543,19892,15835,W,S EDDY ST,"S EDDY ST, E/O CARLETON AVE S; W FLOW; CHWB; 03Oct2025 11:30",2025-10-03,2025-10-10,True
348544,9612,05850,N,CARLETON AVE S,"CARLETON AVE S, S/O S EDDY ST; N FLOW; CHNB; 03Oct2025 10:30",2025-10-03,2025-10-10,True
348545,9612,05850,S,CARLETON AVE S,"CARLETON AVE S, S/O S EDDY ST; S FLOW; CHSB; 03Oct2025 10:30",2025-10-03,2025-10-10,True
348546,10452,06810,N,FLORA AVE S,"FLORA AVE S, S/O S EDDY ST; N FLOW; CHNB; 03Oct2025 11:45",2025-10-03,2025-10-10,True
348547,10452,06810,S,FLORA AVE S,"FLORA AVE S, S/O S EDDY ST; S FLOW; CHSB; 03Oct2025 11:45",2025-10-03,2025-10-10,True
348548,21471,17135,E,S WARSAW ST,"S WARSAW ST, E/O CARLETON AVE S; E FLOW; CHEB; 03Oct2025 11:15",2025-10-03,2025-10-10,True
348549,21471,17135,W,S WARSAW ST,"S WARSAW ST, E/O CARLETON AVE S; W FLOW; CHWB; 03Oct2025 11:15",2025-10-03,2025-10-10,True
348550,9613,05850,N,CARLETON AVE S,"CARLETON AVE S, S/O S WARSAW ST; N FLOW; CHNB; 03Oct2025 10:45",2025-10-03,2025-10-10,True
348551,9613,05850,S,CARLETON AVE S,"CARLETON AVE S, S/O S WARSAW ST; S FLOW; CHSB; 03Oct2025 10:45",2025-10-03,2025-10-10,True
348552,10453,06810,N,FLORA AVE S,"FLORA AVE S, S/O S WARSAW ST; N FLOW; CHNB; 03Oct2025 12:00",2025-10-03,2025-10-10,True
348553,10453,06810,S,FLORA AVE S,"FLORA AVE S, S/O S WARSAW ST; S FLOW; CHSB; 03Oct2025 12:00",2025-10-03,2025-10-10,True
348554,21544,17165,E,S WILLOW ST,"S WILLOW ST, E/O CARLETON AVE S; E FLOW; CHEB; 03Oct2025 11:00",2025-10-03,2025-10-10,True
348555,21544,17165,W,S WILLOW ST,"S WILLOW ST, E/O CARLETON AVE S; W FLOW; CHWB; 03Oct2025 11:00",2025-10-03,2025-10-10,True
348556,19892,15835,dir_11,S EDDY ST,"S EDDY ST, E/O CARLETON AVE S; TOTAL FLOW; CHAGG; 03Oct2025 11:30",2025-10-03,2025-10-10,True
348558,9612,05850,dir_11,CARLETON AVE S,"CARLETON AVE S, S/O S EDDY ST; TOTAL FLOW; CHAGG; 03Oct2025 10:30",2025-10-03,2025-10-10,True
348560,10452,06810,dir_11,FLORA AVE S,"FLORA AVE S, S/O S EDDY ST; TOTAL FLOW; CHAGG; 03Oct2025 11:45",2025-10-03,2025-10-10,True
348562,21471,17135,dir_11,S WARSAW ST,"S WARSAW ST, E/O CARLETON AVE S; TOTAL FLOW; CHAGG; 03Oct2025 11:15",2025-10-03,2025-10-10,True
348564,9613,05850,dir_11,CARLETON AVE S,"CARLETON AVE S, S/O S WARSAW ST; TOTAL FLOW; CHAGG; 03Oct2025 10:45",2025-10-03,2025-10-10,True
348566,10453,06810,dir_11,FLORA AVE S,"FLORA AVE S, S/O S WARSAW ST; TOTAL FLOW; CHAGG; 03Oct2025 12:00",2025-10-03,2025-10-10,True
348568,21544,17165,dir_11,S WILLOW ST,"S WILLOW ST, E/O CARLETON AVE S; TOTAL FLOW; CHAGG; 03Oct2025 11:00",2025-10-03,2025-10-10,True
348570,13541,10440,N,WESTLAKE AVE N,"WESTLAKE AVE N, N/O HIGHLAND DR; N FLOW; CHNB NB; 04Oct2025 17:45",2025-10-04,2025-10-11,True
348571,13541,10440,S,WESTLAKE AVE N,"WESTLAKE AVE N, N/O HIGHLAND DR; S FLOW; CHSB SB; 04Oct2025 18:00",2025-10-04,2025-10-11,True
348572,13542,10440,S,WESTLAKE AVE N,"WESTLAKE AVE N, S/O BLAINE ST; S FLOW; CHSB SB; 04Oct2025 18:15",2025-10-04,2025-10-11,True
348573,13541,10440,dir_11,WESTLAKE AVE N,"WESTLAKE AVE N, N/O HIGHLAND DR; TOTAL FLOW; CHAGG; 04Oct2025 18:00",2025-10-04,2025-10-11,True
348575,20628,16420,E,S LANDER ST,"S LANDER ST, W/O 6TH AVE S; E FLOW; CHEB; 02Oct2025 10:45",2025-10-02,2025-10-09,True
348576,20628,16420,W,S LANDER ST,"S LANDER ST, W/O 6TH AVE S; W FLOW; CHWB; 02Oct2025 10:45",2025-10-02,2025-10-09,True
348577,20628,16420,dir_11,S LANDER ST,"S LANDER ST, W/O 6TH AVE S; TOTAL FLOW; CHAGG; 02Oct2025 10:45",2025-10-02,2025-10-09,True
348579,8782,05095,E,ALKI AVE SW,"ALKI AVE SW, W/O HARBOR AVE SW; E FLOW; CHEB; 02Oct2025 14:30",2025-10-02,2025-10-09,True
348580,8782,05095,W,ALKI AVE SW,"ALKI AVE SW, W/O HARBOR AVE SW; W FLOW; CHWB; 02Oct2025 14:30",2025-10-02,2025-10-09,True
348581,8782,05095,dir_11,ALKI AVE SW,"ALKI AVE SW, W/O HARBOR AVE SW; TOTAL FLOW; CHAGG; 02Oct2025 14:30",2025-10-02,2025-10-09,True
348583,11877,08665,NW,MINOR AVE,"MINOR AVE, SE/O PINE ST; NW FLOW; CHNWB; 14Oct2025 10:45",2025-10-14,2025-10-21,True
348584,11877,08665,SE,MINOR AVE,"MINOR AVE, SE/O PINE ST; SE FLOW; CHSEB; 14Oct2025 10:45",2025-10-14,2025-10-21,True
348585,11877,08665,NW,MINOR AVE,"MINOR AVE, NW/O MELROSE AVE; NW FLOW; CHNWB; 14Oct2025 11:00",2025-10-14,2025-10-21,True
348586,11877,08665,SE,MINOR AVE,"MINOR AVE, NW/O MELROSE AVE; SE FLOW; CHSEB; 14Oct2025 11:00",2025-10-14,2025-10-21,True
348587,6840,03635,N,45TH AVE SW,"45TH AVE SW, N/O SW HILL ST; N FLOW; CHNB; 14Oct2025 17:45",2025-10-14,2025-10-21,True
348588,6840,03635,S,45TH AVE SW,"45TH AVE SW, N/O SW HILL ST; S FLOW; CHSB; 14Oct2025 17:45",2025-10-14,2025-10-21,True
348589,6847,03635,N,45TH AVE SW,"45TH AVE SW, N/O SW HANFORD ST; N FLOW; CHNB; 14Oct2025 12:30",2025-10-14,2025-10-21,True
348590,6847,03635,S,45TH AVE SW,"45TH AVE SW, N/O SW HANFORD ST; S FLOW; CHSB; 14Oct2025 12:30",2025-10-14,2025-10-21,True
348591,6850,03635,N,45TH AVE SW,"45TH AVE SW, N/O SW CHARLESTOWN ST; N FLOW; CHNB; 14Oct2025 12:45",2025-10-14,2025-10-21,True
348592,6850,03635,S,45TH AVE SW,"45TH AVE SW, N/O SW CHARLESTOWN ST; S FLOW; CHSB; 14Oct2025 12:45",2025-10-14,2025-10-21,True
348593,6852,03635,N,45TH AVE SW,"45TH AVE SW, N/O SW DAKOTA ST; N FLOW; CHNB; 14Oct2025 17:15",2025-10-14,2025-10-21,True
348594,6852,03635,S,45TH AVE SW,"45TH AVE SW, N/O SW DAKOTA ST; S FLOW; CHSB; 14Oct2025 17:15",2025-10-14,2025-10-21,True
348595,11877,08665,dir_11,MINOR AVE,"MINOR AVE, NW/O MELROSE AVE; TOTAL FLOW; CHAGG; 14Oct2025 11:00",2025-10-14,2025-10-21,True
348597,11877,08665,dir_11,MINOR AVE,"MINOR AVE, SE/O PINE ST; TOTAL FLOW; CHAGG; 14Oct2025 10:45",2025-10-14,2025-10-21,True
348599,6840,03635,dir_11,45TH AVE SW,"45TH AVE SW, N/O SW HILL ST; TOTAL FLOW; CHAGG; 14Oct2025 17:45",2025-10-14,2025-10-21,True
348601,6847,03635,dir_11,45TH AVE SW,"45TH AVE SW, N/O SW HANFORD ST; TOTAL FLOW; CHAGG; 14Oct2025 12:30",2025-10-14,2025-10-21,True
348603,6850,03635,dir_11,45TH AVE SW,"45TH AVE SW, N/O SW CHARLESTOWN ST; TOTAL FLOW; CHAGG; 14Oct2025 12:45",2025-10-14,2025-10-21,True
348605,6852,03635,dir_11,45TH AVE SW,"45TH AVE SW, N/O SW DAKOTA ST; TOTAL FLOW; CHAGG; 14Oct2025 17:15",2025-10-14,2025-10-21,True
348607,9468,05740,N,BROADWAY E,"BROADWAY E, S/O E HAMLIN ST; N FLOW; CHNB; 15Oct2025 11:00",2025-10-15,2025-10-22,True
348608,9468,05740,S,BROADWAY E,"BROADWAY E, S/O E HAMLIN ST; S FLOW; CHSB; 15Oct2025 11:00",2025-10-15,2025-10-22,True
348609,14778,11560,W,E SHELBY ST,"E SHELBY ST, W/O 10TH AVE E; W FLOW; CHWB; 15Oct2025 12:30",2025-10-15,2025-10-22,True
348610,14778,11560,E,E SHELBY ST,"E SHELBY ST, W/O 10TH AVE E; E FLOW; CHEB; 15Oct2025 12:30",2025-10-15,2025-10-22,True
348611,14085,11080,E,E GWINN PL,"E GWINN PL, E/O HARVARD AVE E; E FLOW; CHEB; 15Oct2025 12:45",2025-10-15,2025-10-22,True
348612,14085,11080,W,E GWINN PL,"E GWINN PL, E/O HARVARD AVE E; W FLOW; CHWB; 15Oct2025 12:45",2025-10-15,2025-10-22,True
348613,13807,10825,E,E ALLISON ST,"E ALLISON ST, E/O BROADWAY E; E FLOW; CHEB; 15Oct2025 13:00",2025-10-15,2025-10-22,True
348614,13807,10825,W,E ALLISON ST,"E ALLISON ST, E/O BROADWAY E; W FLOW; CHWB; 15Oct2025 13:00",2025-10-15,2025-10-22,True
348615,9470,05740,NE,BROADWAY E,"BROADWAY E, NE/O E ALLISON ST; NE FLOW; CHNEB; 15Oct2025 13:30",2025-10-15,2025-10-22,True
348616,9470,05740,SW,BROADWAY E,"BROADWAY E, NE/O E ALLISON ST; SW FLOW; CHSWB; 15Oct2025 13:30",2025-10-15,2025-10-22,True
348617,10480,06850,NE,FRANKLIN AVE E,"FRANKLIN AVE E, NE/O E MARTIN ST; NE FLOW; CHNEB; 15Oct2025 13:45",2025-10-15,2025-10-22,True
348618,10480,06850,SW,FRANKLIN AVE E,"FRANKLIN AVE E, NE/O E MARTIN ST; SW FLOW; CHSWB; 15Oct2025 13:45",2025-10-15,2025-10-22,True
348619,10480,06850,SW,FRANKLIN AVE E,"FRANKLIN AVE E, NE/O E MARTIN ST; SW FLOW; CHSWB; 15Oct2025 13:45",2025-10-15,2025-10-22,True
348620,1303,00150,N,10TH AVE E,"10TH AVE E, S/O E HAMLIN ST; N FLOW; CHNB; 15Oct2025 14:15",2025-10-15,2025-10-22,True
348621,1303,00150,S,10TH AVE E,"10TH AVE E, S/O E HAMLIN ST; S FLOW; CHSB; 15Oct2025 14:15",2025-10-15,2025-10-22,True
348622,9468,05740,dir_11,BROADWAY E,"BROADWAY E, S/O E HAMLIN ST; TOTAL FLOW; CHAGG; 15Oct2025 11:00",2025-10-15,2025-10-22,True
348624,14778,11560,dir_11,E SHELBY ST,"E SHELBY ST, W/O 10TH AVE E; TOTAL FLOW; CHAGG; 15Oct2025 12:30",2025-10-15,2025-10-22,True
348626,14085,11080,dir_11,E GWINN PL,"E GWINN PL, E/O HARVARD AVE E; TOTAL FLOW; CHAGG; 15Oct2025 12:45",2025-10-15,2025-10-22,True
348628,13807,10825,dir_11,E ALLISON ST,"E ALLISON ST, E/O BROADWAY E; TOTAL FLOW; CHAGG; 15Oct2025 13:00",2025-10-15,2025-10-22,True
348630,9470,05740,dir_11,BROADWAY E,"BROADWAY E, NE/O E ALLISON ST; TOTAL FLOW; CHAGG; 15Oct2025 13:30",2025-10-15,2025-10-22,True
348632,10480,06850,dir_11,FRANKLIN AVE E,"FRANKLIN AVE E, NE/O E MARTIN ST; TOTAL FLOW; CHAGG; 15Oct2025 13:45",2025-10-15,2025-10-22,True
348634,1303,00150,dir_11,10TH AVE E,"10TH AVE E, S/O E HAMLIN ST; TOTAL FLOW; CHAGG; 15Oct2025 14:15",2025-10-15,2025-10-22,True
348636,1401,00225,N,11TH AVE E,"11TH AVE E, S/O E EDGAR ST; N FLOW; CHNB; 16Oct2025 11:30",2025-10-16,2025-10-23,True
348637,1401,00225,S,11TH AVE E,"11TH AVE E, S/O E EDGAR ST; S FLOW; CHSB; 16Oct2025 11:30",2025-10-16,2025-10-23,True
348638,1401,00225,dir_11,11TH AVE E,"11TH AVE E, S/O E EDGAR ST; TOTAL FLOW; CHAGG; 16Oct2025 11:30",2025-10-16,2025-10-23,True
348640,12295,09315,S,QUEEN ANNE AVE N,"QUEEN ANNE AVE N, N/O JOHN ST; S FLOW; CHSB; 16Oct2025 12:30",2025-10-16,2025-10-23,True
348641,2311,00690,N,16TH AVE S,"16TH AVE S, N/O S JUNEAU ST; N FLOW; CHNB; 10Oct2025 00:00",2025-10-10,2025-10-17,True
348642,2311,00690,S,16TH AVE S,"16TH AVE S, N/O S JUNEAU ST; S FLOW; CHSB; 10Oct2025 00:00",2025-10-10,2025-10-17,True
348643,2311,00690,dir_11,16TH AVE S,"16TH AVE S, N/O S JUNEAU ST; TOTAL FLOW; CHAGG; 10Oct2025 00:00",2025-10-10,2025-10-17,True
348645,13541,10440,N,WESTLAKE AVE N,"WESTLAKE AVE N, N/O HIGHLAND DR; N FLOW; CHNB NB; 15Oct2025 14:00",2025-10-15,2025-10-22,True
348646,13541,10440,S,WESTLAKE AVE N,"WESTLAKE AVE N, N/O HIGHLAND DR; S FLOW; CHSB SB; 15Oct2025 14:00",2025-10-15,2025-10-22,True
348647,13542,10440,N,WESTLAKE AVE N,"WESTLAKE AVE N, S/O BLAINE ST; N FLOW; CHNB NB; 15Oct2025 14:15",2025-10-15,2025-10-22,True
348648,13541,10440,dir_11,WESTLAKE AVE N,"WESTLAKE AVE N, N/O HIGHLAND DR; TOTAL FLOW; CHAGG; 15Oct2025 14:00",2025-10-15,2025-10-22,True
348650,2311,00690,dir_11,16TH AVE S,"16TH AVE S, N/O S JUNEAU ST; TOTAL FLOW; CHAGG; 10Oct2025 00:00",2025-10-10,2025-10-17,True
348652,13542,10440,S,WESTLAKE AVE N,"WESTLAKE AVE N, S/O BLAINE ST; S FLOW; CHSB SB; 15Oct2025 15:00",2025-10-15,2025-10-22,True
348653,13542,10440,dir_11,WESTLAKE AVE N,"WESTLAKE AVE N, S/O BLAINE ST; TOTAL FLOW; CHAGG; 15Oct2025 15:00",2025-10-15,2025-10-22,True
348655,21971,17515,E,SW CHARLESTOWN ST,"SW CHARLESTOWN ST, E/O 49TH AVE SW; E FLOW; CHEB; 16Oct2025 12:45",2025-10-16,2025-10-23,True
348656,21971,17515,W,SW CHARLESTOWN ST,"SW CHARLESTOWN ST, E/O 49TH AVE SW; W FLOW; CHWB; 16Oct2025 12:45",2025-10-16,2025-10-23,True
348657,7204,03860,N,49TH AVE SW,"49TH AVE SW, S/O SW CHARLESTOWN ST; N FLOW; CHNB; 16Oct2025 13:15",2025-10-16,2025-10-23,True
348658,7204,03860,S,49TH AVE SW,"49TH AVE SW, S/O SW CHARLESTOWN ST; S FLOW; CHSB; 16Oct2025 13:15",2025-10-16,2025-10-23,True
348659,7204,03860,dir_11,49TH AVE SW,"49TH AVE SW, S/O SW CHARLESTOWN ST; TOTAL FLOW; CHAGG; 16Oct2025 13:15",2025-10-16,2025-10-23,True
348661,21971,17515,dir_11,SW CHARLESTOWN ST,"SW CHARLESTOWN ST, E/O 49TH AVE SW; TOTAL FLOW; CHAGG; 16Oct2025 12:45",2025-10-16,2025-10-23,True
348663,12900,09800,SW,STEWART ST,"STEWART ST, NE/O 4TH AVE; SW FLOW; CHSWB; 16Oct2025 11:45(use 10/08/2025 data)",2025-10-16,2025-10-23,True
348664,4224,01930,dir_11,28TH AVE W,"28TH AVE W, N/O W GALER ST; TOTAL FLOW; CHNB; 16Oct2025 13:00",2025-10-16,2025-10-23,True
348665,4224,01930,N,28TH AVE W,"28TH AVE W, N/O W GALER ST; N FLOW; CHNB; 16Oct2025 13:00",2025-10-16,2025-10-23,True
348666,4224,01930,S,28TH AVE W,"28TH AVE W, N/O W GALER ST; S FLOW; CHAGG; 16Oct2025 13:00",2025-10-16,2025-10-23,True
348669,2311,00690,N,16TH AVE S,"16TH AVE S, N/O S JUNEAU ST; N FLOW; CHNB; 11Oct2025 00:00",2025-10-11,2025-10-18,True
348670,2311,00690,S,16TH AVE S,"16TH AVE S, N/O S JUNEAU ST; S FLOW; CHSB; 11Oct2025 00:00",2025-10-11,2025-10-18,True
348671,2311,00690,dir_11,16TH AVE S,"16TH AVE S, N/O S JUNEAU ST; TOTAL FLOW; CHAGG; 11Oct2025 00:00",2025-10-11,2025-10-18,True
348673,7256,03895,N,5TH AVE NE,"5TH AVE NE, N/O NE NORTHGATE WAY; N FLOW; CHNB NB; 21Oct2025 12:45",2025-10-21,2025-10-28,True
348674,7256,03895,S,5TH AVE NE,"5TH AVE NE, N/O NE NORTHGATE WAY; S FLOW; CHSB SB; 21Oct2025 13:00",2025-10-21,2025-10-28,True
348675,15279,11975,E,N 145TH ST,"N 145TH ST, W/O MERIDIAN AVE N; E FLOW; CHEB EB; 21Oct2025 13:30",2025-10-21,2025-10-28,True
348676,15279,11975,W,N 145TH ST,"N 145TH ST, W/O MERIDIAN AVE N; W FLOW; CHWB WB; 21Oct2025 13:15",2025-10-21,2025-10-28,True
348677,7256,03895,dir_11,5TH AVE NE,"5TH AVE NE, N/O NE NORTHGATE WAY; TOTAL FLOW; CHAGG; 21Oct2025 13:00",2025-10-21,2025-10-28,True
348679,15279,11975,dir_11,N 145TH ST,"N 145TH ST, W/O MERIDIAN AVE N; TOTAL FLOW; CHAGG; 21Oct2025 13:30",2025-10-21,2025-10-28,True
348681,16185,12795,W,NE 103RD ST,"NE 103RD ST, E/O 2ND AVE NE; W FLOW; CHWB; 21Oct2025 12:15",2025-10-21,2025-10-28,True
348682,16185,12795,E,NE 103RD ST,"NE 103RD ST, E/O 2ND AVE NE; E FLOW; CHEB; 21Oct2025 12:15",2025-10-21,2025-10-28,True
348683,1096,00020,N,1ST AVE NE,"1ST AVE NE, N/O I5 EXPRESS ON RP; N FLOW; CHNB; 21Oct2025 12:00",2025-10-21,2025-10-28,True
348684,1096,00020,S,1ST AVE NE,"1ST AVE NE, N/O I5 EXPRESS ON RP; S FLOW; CHSB; 21Oct2025 12:00",2025-10-21,2025-10-28,True
348685,16185,12795,dir_11,NE 103RD ST,"NE 103RD ST, E/O 2ND AVE NE; TOTAL FLOW; CHAGG; 21Oct2025 12:15",2025-10-21,2025-10-28,True
348687,1096,00020,dir_11,1ST AVE NE,"1ST AVE NE, N/O I5 EXPRESS ON RP; TOTAL FLOW; CHAGG; 21Oct2025 12:00",2025-10-21,2025-10-28,True
348689,6128,03130,NW,4TH AVE,"4TH AVE, SE/O UNIVERSITY ST; NW FLOW; CHNWB (SWL); 22Oct2025 10:30",2025-10-22,2025-10-29,True
348690,6128,03130,NW,4TH AVE,"4TH AVE, SE/O UNIVERSITY ST; NW FLOW; CHNWB (NEL); 22Oct2025 10:45",2025-10-22,2025-10-29,True
348691,6129,03130,NW,4TH AVE,"4TH AVE, SE/O UNION ST; NW FLOW; CHNWB (SWL); 22Oct2025 11:00",2025-10-22,2025-10-29,True
348692,6129,03130,NW,4TH AVE,"4TH AVE, SE/O UNION ST; NW FLOW; CHNWB (NEL); 22Oct2025 11:00",2025-10-22,2025-10-29,True
348693,7233,03885,SE,5TH AVE,"5TH AVE, SE/O UNION ST; SE FLOW; CHSEB; 22Oct2025 11:15",2025-10-22,2025-10-29,True
348694,6128,03130,dir_11,4TH AVE,"4TH AVE, SE/O UNIVERSITY ST; TOTAL FLOW; CHAGG; 22Oct2025 10:45",2025-10-22,2025-10-29,True
348696,6129,03130,dir_11,4TH AVE,"4TH AVE, SE/O UNION ST; TOTAL FLOW; CHAGG; 22Oct2025 11:00",2025-10-22,2025-10-29,True
348698,6133,03130,NW,4TH AVE,"4TH AVE, SE/O OLIVE WAY; NW FLOW; CHNWB (SWL); 23Oct2025 10:45",2025-10-23,2025-10-30,True
348699,6133,03130,NW,4TH AVE,"4TH AVE, SE/O OLIVE WAY; NW FLOW; CHNWB ( NEL); 23Oct2025 10:45",2025-10-23,2025-10-30,True
348700,6137,03130,NW,4TH AVE,"4TH AVE, SE/O LENORA ST; NW FLOW; CHNWB (SWL); 23Oct2025 11:15",2025-10-23,2025-10-30,True
348701,6137,03130,NW,4TH AVE,"4TH AVE, SE/O LENORA ST; NW FLOW; CHNWB (NEL); 23Oct2025 11:15",2025-10-23,2025-10-30,True
348702,11369,08195,SW,LENORA ST,"LENORA ST, NE/O 3RD AVE; SW FLOW; CHSWB (SEL); 23Oct2025 11:30",2025-10-23,2025-10-30,True
348703,11369,08195,SW,LENORA ST,"LENORA ST, NE/O 3RD AVE; SW FLOW; CHSWB (NWL); 23Oct2025 11:30",2025-10-23,2025-10-30,True
348704,11368,08195,SW,LENORA ST,"LENORA ST, NE/O 2ND AVE; SW FLOW; CHSWB (SEL); 23Oct2025 12:00",2025-10-23,2025-10-30,True
348705,11368,08195,SW,LENORA ST,"LENORA ST, NE/O 2ND AVE; SW FLOW; CHSWB (NWL); 23Oct2025 12:00",2025-10-23,2025-10-30,True
348706,6133,03130,NW,4TH AVE,"4TH AVE, SE/O OLIVE WAY; NW FLOW; CHAGG; 23Oct2025 10:45",2025-10-23,2025-10-30,True
348708,6137,03130,dir_11,4TH AVE,"4TH AVE, SE/O LENORA ST; TOTAL FLOW; CHAGG; 23Oct2025 11:15",2025-10-23,2025-10-30,True
348710,11369,08195,dir_11,LENORA ST,"LENORA ST, NE/O 3RD AVE; TOTAL FLOW; CHAGG; 23Oct2025 11:30",2025-10-23,2025-10-30,True
348712,11368,08195,dir_11,LENORA ST,"LENORA ST, NE/O 2ND AVE; TOTAL FLOW; CHAGG; 23Oct2025 12:00",2025-10-23,2025-10-30,True
348714,4382,02080,NW,3RD AVE,"3RD AVE, SE/O UNION ST; NW FLOW; CHNWB; 04Oct2025 00:00",2025-10-04,2025-10-11,True
348715,4382,02080,SE,3RD AVE,"3RD AVE, SE/O UNION ST; SE FLOW; CHSEB; 04Oct2025 00:00",2025-10-04,2025-10-11,True
348716,9047,05315,N,BALLARD BR,"BALLARD BR, S/O POINT A; N FLOW; CHNB; 04Oct2025 00:00",2025-10-04,2025-10-11,True
348717,4382,02080,dir_11,3RD AVE,"3RD AVE, SE/O UNION ST; TOTAL FLOW; CHAGG; 04Oct2025 00:00",2025-10-04,2025-10-11,True
348719,9047,05315,S,BALLARD BR,"BALLARD BR, S/O POINT A; S FLOW; CHSB; 04Oct2025 00:00",2025-10-04,2025-10-11,True
348720,9047,05315,dir_11,BALLARD BR,"BALLARD BR, S/O POINT A; TOTAL FLOW; CHAGG; 04Oct2025 00:00",2025-10-04,2025-10-11,True
348722,11536,08303,S,M L KING JR WAY S,"M L KING JR WR WAY S, N/O S ALASKA ST; S FLOW; CHSB; 04Oct2025 00:00",2025-10-04,2025-10-11,True
348723,12380,09345,N,RAINIER AVE S,"RAINIER AVE S, N/O S GENESEE N ST; N FLOW; CHNB; 04Oct2025 00:00",2025-10-04,2025-10-11,True
348724,12380,09345,S,RAINIER AVE S,"RAINIER AVE S, N/O S GENESEE N ST; S FLOW; CHSB; 04Oct2025 00:00",2025-10-04,2025-10-11,True
348725,13189,10110,N,UNIVERSITY BR,"UNIVERSITY BR, SW/O POINT A; N FLOW; CHNB; 04Oct2025 00:00",2025-10-04,2025-10-11,True
348726,13189,10110,S,UNIVERSITY BR,"UNIVERSITY BR, SW/O POINT A; S FLOW; CHSB; 04Oct2025 00:00",2025-10-04,2025-10-11,True
348727,13330,10258,E,WEST SEATTLE BR EB,"WEST SEATTLE BR EB, E/O DELRIDGE-W SEATTLE BR EB ON RP; E FLOW; CHEB; 04Oct2025 00:00",2025-10-04,2025-10-11,True
348728,13330,10258,W,WEST SEATTLE BR EB,"WEST SEATTLE BR EB, E/O DELRIDGE-W SEATTLE BR EB ON RP; W FLOW; CHWB; 04Oct2025 00:00",2025-10-04,2025-10-11,True
348729,484894,08299,N,M L KING JR WAY S,"M L KING JR ER WAY S, N/O S ALASKA ST; N FLOW; CHNB; 04Oct2025 00:00",2025-10-04,2025-10-11,True
348730,830984,06556,NW,ELLIOTT WAY,"ELLIOTT WAY, NW/O LENORA ST; NW FLOW; CHNWB; 04Oct2025 00:00",2025-10-04,2025-10-11,True
348731,830984,06556,SE,ELLIOTT WAY,"ELLIOTT WAY, NW/O LENORA ST; SE FLOW; CHSEB; 04Oct2025 00:00",2025-10-04,2025-10-11,True
348732,11530,08303,S,M L KING JR WAY S,"M L KING JR WR WAY S, N/O S ANDOVER ST; S FLOW; CHSB; 13Oct2025 00:00",2025-10-13,2025-10-20,True
348733,352636,08299,N,M L KING JR WAY S,"M L KING JR ER WAY S, N/O S ANDOVER ST; N FLOW; CHNB; 13Oct2025 00:00",2025-10-13,2025-10-20,True
348734,13333,10258,NE,WEST SEATTLE BR EB,"WEST SEATTLE BR EB, NE/O FAUNTLEROY WAY SW; NE FLOW; CHNEB; 17Oct2025 00:00",2025-10-17,2025-10-24,True
348736,13346,10273,SW,WEST SEATTLE BR WB,"WEST SEATTLE BR WB, NE/O 35TH AVE SW; SW FLOW; CHSWB; 17Oct2025 00:00",2025-10-17,2025-10-24,True
348737,14395,11300,N,EAST MARGINAL WAY S,"EAST MARGINAL WAY S, S/O S ALASKA ST; N FLOW; CHNB; 17Oct2025 00:00",2025-10-17,2025-10-24,True
348738,14395,11300,S,EAST MARGINAL WAY S,"EAST MARGINAL WAY S, S/O S ALASKA ST; S FLOW; CHSB; 17Oct2025 00:00",2025-10-17,2025-10-24,True
348739,22804,18176,E,SW SPOKANE ST BR,"SW SPOKANE BR, W/O SW SPOKANE E ST; E FLOW; CHEB; 17Oct2025 00:00",2025-10-17,2025-10-24,True
348740,22804,18176,W,SW SPOKANE ST BR,"SW SPOKANE BR, W/O SW SPOKANE E ST; W FLOW; CHWB; 17Oct2025 00:00",2025-10-17,2025-10-24,True
348741,12409,09345,N,RAINIER AVE S,"RAINIER AVE S, S/O S OTHELLO ST; N FLOW; CHNB; 21Oct2025 00:00",2025-10-21,2025-10-28,True
348742,12409,09345,S,RAINIER AVE S,"RAINIER AVE S, S/O S OTHELLO ST; S FLOW; CHSB; 21Oct2025 00:00",2025-10-21,2025-10-28,True
348743,11159,08015,N,LAKE CITY WAY NE,"LAKE CITY WAY NE, NE/O NE 95TH ST; N FLOW; CHNB; 01Oct2025 00:00",2025-10-01,2025-10-08,True
348744,11159,08015,S,LAKE CITY WAY NE,"LAKE CITY WAY NE, NE/O NE 95TH ST; S FLOW; CHSB; 01Oct2025 00:00",2025-10-01,2025-10-08,True
348745,12380,09345,dir_11,RAINIER AVE S,"RAINIER AVE S, N/O S GENESEE N ST; TOTAL FLOW; CHAGG; 04Oct2025 00:00",2025-10-04,2025-10-11,True
348747,13189,10110,dir_11,UNIVERSITY BR,"UNIVERSITY BR, SW/O POINT A; TOTAL FLOW; CHAGG; 04Oct2025 00:00",2025-10-04,2025-10-11,True
348749,13330,10258,dir_11,WEST SEATTLE BR EB,"WEST SEATTLE BR EB, E/O DELRIDGE-W SEATTLE BR EB ON RP; TOTAL FLOW; CHAGG; 04Oct2025 00:00",2025-10-04,2025-10-11,True
348751,830984,06556,dir_11,ELLIOTT WAY,"ELLIOTT WAY, NW/O LENORA ST; TOTAL FLOW; CHAGG; 04Oct2025 00:00",2025-10-04,2025-10-11,True
348753,14395,11300,dir_11,EAST MARGINAL WAY S,"EAST MARGINAL WAY S, S/O S ALASKA ST; TOTAL FLOW; CHAGG; 17Oct2025 00:00",2025-10-17,2025-10-24,True
348755,22804,18176,dir_11,SW SPOKANE ST BR,"SW SPOKANE BR, W/O SW SPOKANE E ST; TOTAL FLOW; CHAGG; 17Oct2025 00:00",2025-10-17,2025-10-24,True
348757,12409,09345,dir_11,RAINIER AVE S,"RAINIER AVE S, S/O S OTHELLO ST; TOTAL FLOW; CHAGG; 21Oct2025 00:00",2025-10-21,2025-10-28,True
348759,11159,08015,dir_11,LAKE CITY WAY NE,"LAKE CITY WAY NE, NE/O NE 95TH ST; TOTAL FLOW; CHAGG; 01Oct2025 00:00",2025-10-01,2025-10-08,True
348761,17844,13760,E,NE 92ND ST,"NE 92ND ST, E/O 8TH AVE NE; E FLOW; CHEB; 28Oct2025 12:00",2025-10-28,2025-11-04,True
348762,17844,13760,W,NE 92ND ST,"NE 92ND ST, E/O 8TH AVE NE; W FLOW; CHWB; 28Oct2025 12:00",2025-10-28,2025-11-04,True
348763,17844,13760,dir_11,NE 92ND ST,"NE 92ND ST, E/O 8TH AVE NE; TOTAL FLOW; CHAGG; 28Oct2025 12:00",2025-10-28,2025-11-04,True
348765,2311,00690,dir_11,16TH AVE S,"16TH AVE S, N/O S JUNEAU ST; TOTAL FLOW; CHAGG; 10Oct2025 00:00",2025-10-10,2025-10-17,True
348767,2311,00690,dir_11,16TH AVE S,"16TH AVE S, N/O S JUNEAU ST; TOTAL FLOW; CHAGG; 11Oct2025 00:00",2025-10-11,2025-10-18,True
348769,13541,10440,N,WESTLAKE AVE N,"WESTLAKE AVE N, N/O HIGHLAND DR; N FLOW; CHTOTAL; 29Oct2025 11:15",2025-10-29,2025-11-05,True
348770,13541,10440,S,WESTLAKE AVE N,"WESTLAKE AVE N, N/O HIGHLAND DR; S FLOW; CHTOTAL; 29Oct2025 11:15",2025-10-29,2025-11-05,True
348771,13542,10440,N,WESTLAKE AVE N,"WESTLAKE AVE N, S/O BLAINE ST; N FLOW; CHTOTAL; 29Oct2025 11:30",2025-10-29,2025-11-05,True
348772,13541,10440,dir_11,WESTLAKE AVE N,"WESTLAKE AVE N, N/O HIGHLAND DR; TOTAL FLOW; CHAGG; 29Oct2025 11:15",2025-10-29,2025-11-05,True
348774,2311,00690,N,16TH AVE S,"16TH AVE S, N/O S JUNEAU ST; N FLOW; CHNB; 11Oct2025 00:00",2025-10-11,2025-10-18,True
348775,2311,00690,S,16TH AVE S,"16TH AVE S, N/O S JUNEAU ST; S FLOW; CHSB; 11Oct2025 00:00",2025-10-11,2025-10-18,True
348776,2311,00690,N,16TH AVE S,"16TH AVE S, N/O S JUNEAU ST; N FLOW; CHNB; 11Oct2025 00:00",2025-10-11,2025-10-18,True
348777,2311,00690,N,16TH AVE S,"16TH AVE S, N/O S JUNEAU ST; N FLOW; CHNB; 10Oct2025 00:00",2025-10-10,2025-10-17,True
348778,2311,00690,S,16TH AVE S,"16TH AVE S, N/O S JUNEAU ST; S FLOW; CHSB; 11Oct2025 16:00",2025-10-11,2025-10-18,True
348779,11723,08555,N,MCGILVRA BLVD E,"MCGILVRA BLVD E, S/O E LYNN ST; N FLOW; CHNB; 28Oct2025 12:45",2025-10-28,2025-11-04,True
348780,11723,08555,S,MCGILVRA BLVD E,"MCGILVRA BLVD E, S/O E LYNN ST; S FLOW; CHSB; 28Oct2025 12:45",2025-10-28,2025-11-04,True
348781,6413,03345,N,41ST AVE E,"41ST AVE E, S/O E LYNN ST; N FLOW; CHNB; 28Oct2025 13:00",2025-10-28,2025-11-04,True
348782,6413,03345,S,41ST AVE E,"41ST AVE E, S/O E LYNN ST; S FLOW; CHSB; 28Oct2025 13:00",2025-10-28,2025-11-04,True
348783,13882,10910,E,E CHERRY ST,"E CHERRY ST, E/O 13TH AVE; E FLOW; CHEB; 28Oct2025 14:00",2025-10-28,2025-11-04,True
348784,13882,10910,W,E CHERRY ST,"E CHERRY ST, E/O 13TH AVE; W FLOW; CHWB; 28Oct2025 14:00",2025-10-28,2025-11-04,True
348785,11723,08555,dir_11,MCGILVRA BLVD E,"MCGILVRA BLVD E, S/O E LYNN ST; TOTAL FLOW; CHAGG; 28Oct2025 12:45",2025-10-28,2025-11-04,True
348787,6413,03345,dir_11,41ST AVE E,"41ST AVE E, S/O E LYNN ST; TOTAL FLOW; CHAGG; 28Oct2025 13:00",2025-10-28,2025-11-04,True
348789,13882,10910,dir_11,E CHERRY ST,"E CHERRY ST, E/O 13TH AVE; TOTAL FLOW; CHAGG; 28Oct2025 14:00",2025-10-28,2025-11-04,True
348791,19331,15255,NE,S ALBRO PL,"S ALBRO PL, SW/O SWIFT AVE S; NE FLOW; CHNEB NEB; 29Oct2025 10:45",2025-10-29,2025-11-05,True
348792,19331,15255,SW,S ALBRO PL,"S ALBRO PL, SW/O SWIFT AVE S; SW FLOW; CHSWB SWB; 29Oct2025 11:00",2025-10-29,2025-11-05,True
348793,13038,09940,NW,SWIFT AVE S,"SWIFT AVE S, SE/O 16TH AVE S; NW FLOW; CHNWB; 29Oct2025 11:15",2025-10-29,2025-11-05,True
348794,13038,09940,SE,SWIFT AVE S,"SWIFT AVE S, SE/O 16TH AVE S; SE FLOW; CHSEB; 29Oct2025 11:15",2025-10-29,2025-11-05,True
348795,19331,15255,dir_11,S ALBRO PL,"S ALBRO PL, SW/O SWIFT AVE S; TOTAL FLOW; CHAGG; 29Oct2025 11:00",2025-10-29,2025-11-05,True
348797,13038,09940,dir_11,SWIFT AVE S,"SWIFT AVE S, SE/O 16TH AVE S; TOTAL FLOW; CHAGG; 29Oct2025 11:15",2025-10-29,2025-11-05,True
348799,2311,00690,N,16TH AVE S,"16TH AVE S, N/O S JUNEAU ST; N FLOW; CHNB; 10Oct2025 00:00",2025-10-10,2025-10-17,True
348800,2311,00690,N,16TH AVE S,"16TH AVE S, N/O S JUNEAU ST; N FLOW; CHNB; 11Oct2025 00:00",2025-10-11,2025-10-18,True
348801,2311,00690,S,16TH AVE S,"16TH AVE S, N/O S JUNEAU ST; S FLOW; CHSB; 11Oct2025 00:00",2025-10-11,2025-10-18,True
348802,2311,00690,S,16TH AVE S,"16TH AVE S, N/O S JUNEAU ST; S FLOW; CHSB; 10Oct2025 00:00",2025-10-10,2025-10-17,True
348803,2311,00690,dir_11,16TH AVE S,"16TH AVE S, N/O S JUNEAU ST; TOTAL FLOW; CHAGG; 10Oct2025 00:00",2025-10-10,2025-10-17,True
348805,2311,00690,dir_11,16TH AVE S,"16TH AVE S, N/O S JUNEAU ST; TOTAL FLOW; CHAGG; 11Oct2025 00:00",2025-10-11,2025-10-18,True
348807,11723,08555,dir_11,MCGILVRA BLVD E,"MCGILVRA BLVD E, S/O E LYNN ST; TOTAL FLOW; CHAGG; 28Oct2025 12:45",2025-10-28,2025-11-04,True
348809,13390,10300,N,WALLINGFORD AVE N,"WALLINGFORD AVE N, N/O N 88TH ST; N FLOW; CHNB; 31Oct2025 14:30",2025-10-31,2025-11-07,True
348810,13390,10300,S,WALLINGFORD AVE N,"WALLINGFORD AVE N, N/O N 88TH ST; S FLOW; CHSB; 31Oct2025 14:30",2025-10-31,2025-11-07,True
348811,13390,10300,dir_11,WALLINGFORD AVE N,"WALLINGFORD AVE N, N/O N 88TH ST; TOTAL FLOW; CHAGG; 31Oct2025 14:30",2025-10-31,2025-11-07,True
348813,16895,13305,W,NE 47TH ST,"NE 47TH ST, E/O 12TH AVE NE; W FLOW; CHWB; 30Oct2025 11:15",2025-10-30,2025-11-06,True
348814,16895,13305,dir_11,NE 47TH ST,"NE 47TH ST, E/O 12TH AVE NE; TOTAL FLOW; CHTOT; 30Oct2025 11:15",2025-10-30,2025-11-06,True
348815,12893,09790,NW,STANLEY AVE S,"STANLEY AVE S, SE/O S ALBRO PL; NW FLOW; CHNWB NWB; 29Oct2025 11:30",2025-10-29,2025-11-05,True
348816,20208,16120,dir_11,S HARDY ST,"S HARDY ST, E/O 13TH AVE S; TOTAL FLOW; CHTOT; 29Oct2025 11:45",2025-10-29,2025-11-05,True
348817,20208,16120,E,S HARDY ST,"S HARDY ST, E/O 13TH AVE S; E FLOW; CHEB; 29Oct2025 11:45",2025-10-29,2025-11-05,True
348818,20208,16120,W,S HARDY ST,"S HARDY ST, E/O 13TH AVE S; W FLOW; CHAGG; 29Oct2025 11:45",2025-10-29,2025-11-05,True
348820,7239,03885,SE,5TH AVE,"5TH AVE, SE/O OLIVE WAY; SE FLOW; CHSEB; 30Oct2025 11:45",2025-10-30,2025-11-06,True
348821,12908,09800,SW,STEWART ST,"STEWART ST, SW/O MINOR AVE; SW FLOW; CHSWB (SEL); 30Oct2025 12:30",2025-10-30,2025-11-06,True
348822,12908,09800,SW,STEWART ST,"STEWART ST, SW/O MINOR AVE; SW FLOW; CHSWB (NWL); 30Oct2025 12:30",2025-10-30,2025-11-06,True
348823,9323,05565,NW,BOREN AVE,"BOREN AVE, NW/O STEWART ST; NW FLOW; CHNWB; 30Oct2025 12:45",2025-10-30,2025-11-06,True
348824,9323,05565,SE,BOREN AVE,"BOREN AVE, NW/O STEWART ST; SE FLOW; CHSEB; 30Oct2025 12:45",2025-10-30,2025-11-06,True
348825,12908,09800,SW,STEWART ST,"STEWART ST, SW/O MINOR AVE; SW FLOW; CHAGG; 30Oct2025 12:30",2025-10-30,2025-11-06,True
348827,9323,05565,dir_11,BOREN AVE,"BOREN AVE, NW/O STEWART ST; TOTAL FLOW; CHAGG; 30Oct2025 12:45",2025-10-30,2025-11-06,True
348829,16895,13305,W,NE 47TH ST,"NE 47TH ST, E/O 12TH AVE NE; W FLOW; CHWB; 30Oct2025 11:15",2025-10-30,2025-11-06,True
348830,16895,13305,dir_11,NE 47TH ST,"NE 47TH ST, E/O 12TH AVE NE; TOTAL FLOW; CHTOT; 30Oct2025 11:15",2025-10-30,2025-11-06,True
348831,16896,13305,dir_11,NE 47TH ST,"NE 47TH ST, W/O UNIVERSITY WAY NE; TOTAL FLOW; CHTOT; 30Oct2025 11:30",2025-10-30,2025-11-06,True
348832,18070,14010,SE,NE RAVENNA BLVD,"NE RAVENNA EB BV, E/O BROOKLYN AVE NE; SE FLOW; CHSEB; 30Oct2025 12:00",2025-10-30,2025-11-06,True
348833,1584,00330,N,12TH AVE NE,"12TH AVE NE, S/O NE 70TH ST; N FLOW; CHNB; 30Oct2025 12:30",2025-10-30,2025-11-06,True
348834,12615,09485,S,ROOSEVELT WAY NE,"ROOSEVELT WAY NE, S/O NE 66TH ST; S FLOW; CHSB; 30Oct2025 12:15",2025-10-30,2025-11-06,True
348835,16896,13305,W,NE 47TH ST,"NE 47TH ST, W/O UNIVERSITY WAY NE; W FLOW; CHWB; 30Oct2025 11:30",2025-10-30,2025-11-06,True
348836,16895,13305,E,NE 47TH ST,"NE 47TH ST, E/O 12TH AVE NE; E FLOW; CHAGG; 30Oct2025 11:15",2025-10-30,2025-11-06,True
348838,16896,13305,E,NE 47TH ST,"NE 47TH ST, W/O UNIVERSITY WAY NE; E FLOW; CHAGG; 30Oct2025 11:30",2025-10-30,2025-11-06,True
348840,16025,12590,E,N 92ND ST,"N 92ND ST, E/O PHINNEY AVE N; E FLOW; CHEB; 31Oct2025 12:00",2025-10-31,2025-11-07,True
348841,16025,12590,W,N 92ND ST,"N 92ND ST, E/O PHINNEY AVE N; W FLOW; CHWB; 31Oct2025 12:00",2025-10-31,2025-11-07,True
348842,12167,09115,N,PHINNEY AVE N,"PHINNEY AVE N, N/O N 92ND ST; N FLOW; CHNB; 31Oct2025 12:15",2025-10-31,2025-11-07,True
348843,12167,09115,S,PHINNEY AVE N,"PHINNEY AVE N, N/O N 92ND ST; S FLOW; CHSB; 31Oct2025 12:15",2025-10-31,2025-11-07,True
348844,9931,06265,N,DAYTON AVE N,"DAYTON AVE N, N/O N 92ND ST; N FLOW; CHNB; 31Oct2025 12:30",2025-10-31,2025-11-07,True
348845,9931,06265,S,DAYTON AVE N,"DAYTON AVE N, N/O N 92ND ST; S FLOW; CHSB; 31Oct2025 12:30",2025-10-31,2025-11-07,True
348846,16047,12615,E,N 95TH ST,"N 95TH ST, E/O PHINNEY AVE N; E FLOW; CHEB; 31Oct2025 12:45",2025-10-31,2025-11-07,True
348847,16047,12615,W,N 95TH ST,"N 95TH ST, E/O PHINNEY AVE N; W FLOW; CHWB; 31Oct2025 12:45",2025-10-31,2025-11-07,True
348848,16025,12590,dir_11,N 92ND ST,"N 92ND ST, E/O PHINNEY AVE N; TOTAL FLOW; CHAGG; 31Oct2025 12:00",2025-10-31,2025-11-07,True
348850,12167,09115,dir_11,PHINNEY AVE N,"PHINNEY AVE N, N/O N 92ND ST; TOTAL FLOW; CHAGG; 31Oct2025 12:15",2025-10-31,2025-11-07,True
348852,9931,06265,dir_11,DAYTON AVE N,"DAYTON AVE N, N/O N 92ND ST; TOTAL FLOW; CHAGG; 31Oct2025 12:30",2025-10-31,2025-11-07,True
348854,16047,12615,dir_11,N 95TH ST,"N 95TH ST, E/O PHINNEY AVE N; TOTAL FLOW; CHAGG; 31Oct2025 12:45",2025-10-31,2025-11-07,True
348856,10563,06875,S,FREMONT BR,"FREMONT BR, N/O POINT A; S FLOW; CHSB SB; 05Nov2025 12:15",2025-11-05,2025-11-12,True
348857,10563,06875,N,FREMONT BR,"FREMONT BR, N/O POINT A; N FLOW; CHNB NB; 05Nov2025 12:15",2025-11-05,2025-11-12,True
348858,10563,06875,dir_11,FREMONT BR,"FREMONT BR, N/O POINT A; TOTAL FLOW; CHAGG; 05Nov2025 12:15",2025-11-05,2025-11-12,True
348860,13541,10440,N,WESTLAKE AVE N,"WESTLAKE AVE N, N/O HIGHLAND DR; N FLOW; CHNB NB; 06Nov2025 12:15",2025-11-06,2025-11-13,True
348861,13542,10440,N,WESTLAKE AVE N,"WESTLAKE AVE N, S/O BLAINE ST; N FLOW; CHNB NB; 06Nov2025 12:15",2025-11-06,2025-11-13,True
348862,13542,10440,S,WESTLAKE AVE N,"WESTLAKE AVE N, S/O BLAINE ST; S FLOW; CHSB SB; 06Nov2025 12:15",2025-11-06,2025-11-13,True
348863,13542,10440,dir_11,WESTLAKE AVE N,"WESTLAKE AVE N, S/O BLAINE ST; TOTAL FLOW; CHAGG; 06Nov2025 12:15",2025-11-06,2025-11-13,True
348865,11542,08303,SE,M L KING JR WAY S,"M L KING JR WR WAY S, SE/O S FERDINAND ST; SE FLOW; CHSEB SEB; 06Nov2025 12:45",2025-11-06,2025-11-13,True
348866,484996,08299,NW,M L KING JR WAY S,"M L KING JR ER WAY S, SE/O S FERDINAND ST; NW FLOW; CHNWB NWB; 06Nov2025 12:30",2025-11-06,2025-11-13,True
348867,484997,08299,NW,M L KING JR WAY S,"M L KING JR ER WAY S, SE/O S HUDSON ST; NW FLOW; CHNWB NWB; 06Nov2025 12:00",2025-11-06,2025-11-13,True
348868,20434,16240,E,S HUDSON ST,"S HUDSON ST, E/O M L KING JR ER WAY S; E FLOW; CHEB; 06Nov2025 12:15",2025-11-06,2025-11-13,True
348869,20434,16240,W,S HUDSON ST,"S HUDSON ST, E/O M L KING JR ER WAY S; W FLOW; CHWB; 06Nov2025 12:15",2025-11-06,2025-11-13,True
348870,20434,16240,dir_11,S HUDSON ST,"S HUDSON ST, E/O M L KING JR ER WAY S; TOTAL FLOW; CHAGG; 06Nov2025 12:15",2025-11-06,2025-11-13,True
348872,484996,08299,NW,M L KING JR WAY S,"M L KING JR ER WAY S, SE/O S FERDINAND ST; NW FLOW; CHNWB NWB; 06Nov2025 12:30",2025-11-06,2025-11-13,True
348873,11560,08303,S,M L KING JR WAY S,"M L KING JR WR WAY S, S/O S MYRTLE ST; S FLOW; CHSB SB; 07Nov2025 11:30",2025-11-07,2025-11-14,True
348874,486588,08299,N,M L KING JR WAY S,"M L KING JR ER WAY S, S/O S MYRTLE ST; N FLOW; CHNB NB; 07Nov2025 11:15",2025-11-07,2025-11-14,True
348875,11562,08303,S,M L KING JR WAY S,"M L KING JR WR WAY S, S/O S OTHELLO ST; S FLOW; CHSB SB; 07Nov2025 10:45",2025-11-07,2025-11-14,True
348876,11561,08299,N,M L KING JR WAY S,"M L KING JR ER WAY S, S/O S OTHELLO ST; N FLOW; CHNB NB; 07Nov2025 10:30",2025-11-07,2025-11-14,True
348877,12312,09315,N,QUEEN ANNE AVE N,"QUEEN ANNE AVE N, S/O CROCKETT ST; N FLOW; CHNB; 04Nov2025 12:30",2025-11-04,2025-11-11,True
348878,12312,09315,dir_11,QUEEN ANNE AVE N,"QUEEN ANNE AVE N, S/O CROCKETT ST; TOTAL FLOW; CHTOT; 04Nov2025 12:30",2025-11-04,2025-11-11,True
348879,10000,06345,E,DENNY WAY,"DENNY WAY, W/O 2ND AVE; E FLOW; CHEB; 04Nov2025 12:00",2025-11-04,2025-11-11,True
348880,10000,06345,W,DENNY WAY,"DENNY WAY, W/O 2ND AVE; W FLOW; CHWB; 04Nov2025 12:00",2025-11-04,2025-11-11,True
348881,12900,09800,SW,STEWART ST,"STEWART ST, NE/O 4TH AVE; SW FLOW; CHSWB; 04Nov2025 11:45",2025-11-04,2025-11-11,True
348882,13202,10115,NE,UNIVERSITY ST,"UNIVERSITY ST, SW/O 4TH AVE; NE FLOW; CHNEB; 04Nov2025 11:30",2025-11-04,2025-11-11,True
348883,4378,02080,NW,3RD AVE,"3RD AVE, NW/O MARION ST; NW FLOW; CHNWB; 04Nov2025 11:15",2025-11-04,2025-11-11,True
348884,4378,02080,SE,3RD AVE,"3RD AVE, NW/O MARION ST; SE FLOW; CHSEB; 04Nov2025 11:30",2025-11-04,2025-11-11,True
348885,14348,11275,NE,E MADISON ST,"E MADISON ST, SW/O 17TH AVE; NE FLOW; CHNEB; 04Nov2025 13:00",2025-11-04,2025-11-11,True
348886,14348,11275,SW,E MADISON ST,"E MADISON ST, SW/O 17TH AVE; SW FLOW; CHSWB; 04Nov2025 13:00",2025-11-04,2025-11-11,True
348887,10000,06345,dir_11,DENNY WAY,"DENNY WAY, W/O 2ND AVE; TOTAL FLOW; CHAGG; 04Nov2025 12:00",2025-11-04,2025-11-11,True
348889,12312,09315,S,QUEEN ANNE AVE N,"QUEEN ANNE AVE N, S/O CROCKETT ST; S FLOW; CHAGG; 04Nov2025 12:30",2025-11-04,2025-11-11,True
348891,4378,02080,dir_11,3RD AVE,"3RD AVE, NW/O MARION ST; TOTAL FLOW; CHAGG; 04Nov2025 11:30",2025-11-04,2025-11-11,True
348893,14348,11275,dir_11,E MADISON ST,"E MADISON ST, SW/O 17TH AVE; TOTAL FLOW; CHAGG; 04Nov2025 13:00",2025-11-04,2025-11-11,True
348895,20628,16420,E,S LANDER ST,"S LANDER ST, W/O 6TH AVE S; E FLOW; CHEB; 05Nov2025 11:45",2025-11-05,2025-11-12,True
348896,20628,16420,W,S LANDER ST,"S LANDER ST, W/O 6TH AVE S; W FLOW; CHWB; 05Nov2025 11:45",2025-11-05,2025-11-12,True
348897,20628,16420,dir_11,S LANDER ST,"S LANDER ST, W/O 6TH AVE S; TOTAL FLOW; CHAGG; 05Nov2025 11:45",2025-11-05,2025-11-12,True
348899,14073,11075,NE,EAST GREEN LAKE WAY N,"EAST GREEN LAKE WAY N, NE/O N 57TH ST; NE FLOW; CHNEB; 05Nov2025 11:30",2025-11-05,2025-11-12,True
348900,14073,11075,SW,EAST GREEN LAKE WAY N,"EAST GREEN LAKE WAY N, NE/O N 57TH ST; SW FLOW; CHSWB; 05Nov2025 11:30",2025-11-05,2025-11-12,True
348901,15962,12500,E,N 85TH ST,"N 85TH ST, W/O ASHWORTH AVE N; E FLOW; CHEB; 05Nov2025 11:15",2025-11-05,2025-11-12,True
348902,15962,12500,W,N 85TH ST,"N 85TH ST, W/O ASHWORTH AVE N; W FLOW; CHWB; 05Nov2025 11:15",2025-11-05,2025-11-12,True
348903,19223,15130,E,NW MARKET ST,"NW MARKET ST, W/O 8TH AVE NW; E FLOW; CHEB; 05Nov2025 11:45",2025-11-05,2025-11-12,True
348904,19223,15130,W,NW MARKET ST,"NW MARKET ST, W/O 8TH AVE NW; W FLOW; CHWB; 05Nov2025 11:45",2025-11-05,2025-11-12,True
348905,14073,11075,dir_11,EAST GREEN LAKE WAY N,"EAST GREEN LAKE WAY N, NE/O N 57TH ST; TOTAL FLOW; CHAGG; 05Nov2025 11:30",2025-11-05,2025-11-12,True
348907,15962,12500,dir_11,N 85TH ST,"N 85TH ST, W/O ASHWORTH AVE N; TOTAL FLOW; CHAGG; 05Nov2025 11:15",2025-11-05,2025-11-12,True
348909,19223,15130,dir_11,NW MARKET ST,"NW MARKET ST, W/O 8TH AVE NW; TOTAL FLOW; CHAGG; 05Nov2025 11:45",2025-11-05,2025-11-12,True
348911,20740,16500,E,S MAIN ST,"S MAIN ST, W/O 16TH AVE S; E FLOW; CHEB; 12Nov2025 11:00",2025-11-12,2025-11-19,True
348912,20740,16500,W,S MAIN ST,"S MAIN ST, W/O 16TH AVE S; W FLOW; CHWB; 12Nov2025 11:00",2025-11-12,2025-11-19,True
348913,21501,17140,E,S WASHINGTON ST,"S WASHINGTON ST, W/O 16TH AVE S; E FLOW; CHEB; 12Nov2025 11:15",2025-11-12,2025-11-19,True
348914,8782,05095,E,ALKI AVE SW,"ALKI AVE SW, W/O HARBOR AVE SW; E FLOW; CHEB; 05Nov2025 12:00",2025-11-05,2025-11-12,True
348915,8782,05095,W,ALKI AVE SW,"ALKI AVE SW, W/O HARBOR AVE SW; W FLOW; CHWB; 05Nov2025 12:00",2025-11-05,2025-11-12,True
348916,20740,16500,dir_11,S MAIN ST,"S MAIN ST, W/O 16TH AVE S; TOTAL FLOW; CHAGG; 12Nov2025 11:00",2025-11-12,2025-11-19,True
348918,8782,05095,dir_11,ALKI AVE SW,"ALKI AVE SW, W/O HARBOR AVE SW; TOTAL FLOW; CHAGG; 05Nov2025 12:00",2025-11-05,2025-11-12,True
348920,21501,17140,W,S WASHINGTON ST,"S WASHINGTON ST, W/O 16TH AVE S; W FLOW; CHWB; 12Nov2025 11:15",2025-11-12,2025-11-19,True
348921,2280,00690,N,16TH AVE S,"16TH AVE S, S/O S WASHINGTON ST; N FLOW; CHNB; 12Nov2025 11:30",2025-11-12,2025-11-19,True
348922,2280,00690,S,16TH AVE S,"16TH AVE S, S/O S WASHINGTON ST; S FLOW; CHSB; 12Nov2025 11:30",2025-11-12,2025-11-19,True
348923,2590,00860,N,18TH AVE S,"18TH AVE S, S/O S WASHINGTON ST; N FLOW; CHNB; 12Nov2025 12:15",2025-11-12,2025-11-19,True
348924,2590,00860,S,18TH AVE S,"18TH AVE S, S/O S WASHINGTON ST; S FLOW; CHSB; 12Nov2025 12:15",2025-11-12,2025-11-19,True
348925,21501,17140,dir_11,S WASHINGTON ST,"S WASHINGTON ST, W/O 16TH AVE S; TOTAL FLOW; CHAGG; 12Nov2025 11:15",2025-11-12,2025-11-19,True
348927,2280,00690,dir_11,16TH AVE S,"16TH AVE S, S/O S WASHINGTON ST; TOTAL FLOW; CHAGG; 12Nov2025 11:30",2025-11-12,2025-11-19,True
348929,2590,00860,dir_11,18TH AVE S,"18TH AVE S, S/O S WASHINGTON ST; TOTAL FLOW; CHAGG; 12Nov2025 12:15",2025-11-12,2025-11-19,True
348931,22595,18000,W,SW MORGAN ST,"SW MORGAN ST, W/O 38TH AVE SW; W FLOW; CHWB; 13Nov2025 12:45",2025-11-13,2025-11-20,True
348932,22595,18000,E,SW MORGAN ST,"SW MORGAN ST, W/O 38TH AVE SW; E FLOW; CHEB; 13Nov2025 12:45",2025-11-13,2025-11-20,True
348933,22595,18000,dir_11,SW MORGAN ST,"SW MORGAN ST, W/O 38TH AVE SW; TOTAL FLOW; CHAGG; 13Nov2025 12:45",2025-11-13,2025-11-20,True
348935,6503,03405,S,42ND AVE E,"42ND AVE E, S/O E LYNN ST; S FLOW; CHSB SB; 13Nov2025 11:30",2025-11-13,2025-11-20,True
348936,21382,17035,E,S THISTLE ST,"S THISTLE ST, E/O BEACON ER AVE S; E FLOW; CHEB; 13Nov2025 10:45",2025-11-13,2025-11-20,True
348937,21382,17035,W,S THISTLE ST,"S THISTLE ST, E/O BEACON ER AVE S; W FLOW; CHWB; 13Nov2025 10:45",2025-11-13,2025-11-20,True
348938,21383,17035,E,S THISTLE ST,"S THISTLE ST, E/O 36TH AVE S; E FLOW; CHEB; 13Nov2025 11:00",2025-11-13,2025-11-20,True
348939,21383,17035,W,S THISTLE ST,"S THISTLE ST, E/O 36TH AVE S; W FLOW; CHWB; 13Nov2025 11:00",2025-11-13,2025-11-20,True
348940,21384,17035,E,S THISTLE ST,"S THISTLE ST, E/O 37TH AVE S; E FLOW; CHEB; 13Nov2025 11:15",2025-11-13,2025-11-20,True
348941,21384,17035,W,S THISTLE ST,"S THISTLE ST, E/O 37TH AVE S; W FLOW; CHWB; 13Nov2025 11:15",2025-11-13,2025-11-20,True
348942,21385,17035,E,S THISTLE ST,"S THISTLE ST, E/O 38TH AVE S; E FLOW; CHEB; 13Nov2025 11:30",2025-11-13,2025-11-20,True
348943,21385,17035,W,S THISTLE ST,"S THISTLE ST, E/O 38TH AVE S; W FLOW; CHWB; 13Nov2025 11:30",2025-11-13,2025-11-20,True
348944,21382,17035,dir_11,S THISTLE ST,"S THISTLE ST, E/O BEACON ER AVE S; TOTAL FLOW; CHAGG; 13Nov2025 10:45",2025-11-13,2025-11-20,True
348946,21383,17035,dir_11,S THISTLE ST,"S THISTLE ST, E/O 36TH AVE S; TOTAL FLOW; CHAGG; 13Nov2025 11:00",2025-11-13,2025-11-20,True
348948,21384,17035,dir_11,S THISTLE ST,"S THISTLE ST, E/O 37TH AVE S; TOTAL FLOW; CHAGG; 13Nov2025 11:15",2025-11-13,2025-11-20,True
348950,21385,17035,dir_11,S THISTLE ST,"S THISTLE ST, E/O 38TH AVE S; TOTAL FLOW; CHAGG; 13Nov2025 11:30",2025-11-13,2025-11-20,True
348952,13541,10440,N,WESTLAKE AVE N,"WESTLAKE AVE N, N/O HIGHLAND DR; N FLOW; CHNB NB; 14Nov2025 14:15",2025-11-14,2025-11-21,True
348954,13542,10440,N,WESTLAKE AVE N,"WESTLAKE AVE N, S/O BLAINE ST; N FLOW; CHNB NB; 14Nov2025 14:30",2025-11-14,2025-11-21,True
348955,13542,10440,S,WESTLAKE AVE N,"WESTLAKE AVE N, S/O BLAINE ST; S FLOW; CHSB SB; 14Nov2025 14:30",2025-11-14,2025-11-21,True
348958,13542,10440,dir_11,WESTLAKE AVE N,"WESTLAKE AVE N, S/O BLAINE ST; TOTAL FLOW; CHAGG; 14Nov2025 14:30",2025-11-14,2025-11-21,True
348968,7879,04435,NW,6TH AVE,"6TH AVE, NW/O SENECA ST; NW FLOW; CHNWB; 17Nov2025 13:15",2025-11-17,2025-11-24,True
348969,7880,04435,NW,6TH AVE,"6TH AVE, NW/O UNIVERSITY ST; NW FLOW; CHNWB; 17Nov2025 13:30",2025-11-17,2025-11-24,True
348970,2623,00865,N,18TH AVE SW,"18TH AVE SW, S/O SW DAWSON ST; N FLOW; CHNB; 12Nov2025 15:15",2025-11-12,2025-11-19,True
348971,2623,00865,S,18TH AVE SW,"18TH AVE SW, S/O SW DAWSON ST; S FLOW; CHSB; 12Nov2025 15:15",2025-11-12,2025-11-19,True
348972,2623,00865,dir_11,18TH AVE SW,"18TH AVE SW, S/O SW DAWSON ST; TOTAL FLOW; CHAGG; 12Nov2025 15:15",2025-11-12,2025-11-19,True
348974,13333,10258,NE,WEST SEATTLE BR EB,"WEST SEATTLE BR EB, NE/O FAUNTLEROY WAY SW; NE FLOW; CHNEB; 18Nov2025 11:15",2025-11-18,2025-11-25,True
348975,13346,10273,SW,WEST SEATTLE BR WB,"WEST SEATTLE BR WB, NE/O 35TH AVE SW; SW FLOW; CHSWB; 18Nov2025 11:15",2025-11-18,2025-11-25,True
348976,15037,11760,E,N 107TH ST,"N 107TH ST, W/O ASHWORTH AVE N; E FLOW; CHEB; 12Nov2025 15:15",2025-11-12,2025-11-19,True
348977,15037,11760,W,N 107TH ST,"N 107TH ST, W/O ASHWORTH AVE N; W FLOW; CHWB; 12Nov2025 15:15",2025-11-12,2025-11-19,True
348978,15037,11760,dir_11,N 107TH ST,"N 107TH ST, W/O ASHWORTH AVE N; TOTAL FLOW; CHAGG; 12Nov2025 15:15",2025-11-12,2025-11-19,True
348981,12409,09345,N,RAINIER AVE S,"RAINIER AVE S, S/O S OTHELLO ST; N FLOW; CHNB; 18Nov2025 10:30",2025-11-18,2025-11-25,True
348982,12409,09345,S,RAINIER AVE S,"RAINIER AVE S, S/O S OTHELLO ST; S FLOW; CHSB; 18Nov2025 10:30",2025-11-18,2025-11-25,True
348983,12409,09345,dir_11,RAINIER AVE S,"RAINIER AVE S, S/O S OTHELLO ST; TOTAL FLOW; CHAGG; 18Nov2025 10:30",2025-11-18,2025-11-25,True
348985,352636,08299,N,M L KING JR WAY S,"M L KING JR ER WAY S, N/O S ANDOVER ST; N FLOW; CHNB; 18Nov2025 10:45",2025-11-18,2025-11-25,True
348986,11530,08303,S,M L KING JR WAY S,"M L KING JR WR WAY S, N/O S ANDOVER ST; S FLOW; CHSB; 18Nov2025 10:45",2025-11-18,2025-11-25,True
348987,14395,11300,N,EAST MARGINAL WAY S,"EAST MARGINAL WAY S, S/O S ALASKA ST; N FLOW; CHNB; 18Nov2025 11:30",2025-11-18,2025-11-25,True
348988,14395,11300,S,EAST MARGINAL WAY S,"EAST MARGINAL WAY S, S/O S ALASKA ST; S FLOW; CHSB; 18Nov2025 11:30",2025-11-18,2025-11-25,True
348989,22804,18176,E,SW SPOKANE ST BR,"SW SPOKANE BR, W/O SW SPOKANE E ST; E FLOW; CHEB; 18Nov2025 13:00",2025-11-18,2025-11-25,True
348990,22804,18176,W,SW SPOKANE ST BR,"SW SPOKANE BR, W/O SW SPOKANE E ST; W FLOW; CHWB; 18Nov2025 13:00",2025-11-18,2025-11-25,True
348991,14395,11300,dir_11,EAST MARGINAL WAY S,"EAST MARGINAL WAY S, S/O S ALASKA ST; TOTAL FLOW; CHAGG; 18Nov2025 11:30",2025-11-18,2025-11-25,True
348993,22804,18176,dir_11,SW SPOKANE ST BR,"SW SPOKANE BR, W/O SW SPOKANE E ST; TOTAL FLOW; CHAGG; 18Nov2025 13:00",2025-11-18,2025-11-25,True
348995,352636,08299,dir_11,M L KING JR WAY S,"M L KING JR ER WAY S, N/O S ANDOVER ST; TOTAL FLOW; CHAGG; 18Nov2025 10:45",2025-11-18,2025-11-25,True
349005,6745,03570,N,44TH AVE SW,"44TH AVE SW, N/O SW DAKOTA ST; N FLOW; CHNB; 30Oct2025 16:30",2025-10-30,2025-11-06,True
349006,6745,03570,S,44TH AVE SW,"44TH AVE SW, N/O SW DAKOTA ST; S FLOW; CHSB; 30Oct2025 16:30",2025-10-30,2025-11-06,True
349007,6745,03570,dir_11,44TH AVE SW,"44TH AVE SW, N/O SW DAKOTA ST; TOTAL FLOW; CHAGG; 30Oct2025 16:30",2025-10-30,2025-11-06,True
349009,13386,10300,N,WALLINGFORD AVE N,"WALLINGFORD AVE N, S/O N 80TH ST; N FLOW; CHNB; 02Dec2025 13:30",2025-12-02,2025-12-09,True
349010,13386,10300,S,WALLINGFORD AVE N,"WALLINGFORD AVE N, S/O N 80TH ST; S FLOW; CHSB; 02Dec2025 13:30",2025-12-02,2025-12-09,True
349011,2465,00780,N,17TH AVE S,"17TH AVE S, S/O S WASHINGTON ST; N FLOW; CHNB; 02Dec2025 12:45",2025-12-02,2025-12-09,True
349012,2465,00780,S,17TH AVE S,"17TH AVE S, S/O S WASHINGTON ST; S FLOW; CHSB; 02Dec2025 12:45",2025-12-02,2025-12-09,True
349013,20209,16120,NE,S HARDY ST,"S HARDY ST, NE/O STANLEY AVE S; NE FLOW; CHNEB; 02Dec2025 11:30",2025-12-02,2025-12-09,True
349014,20209,16120,SW,S HARDY ST,"S HARDY ST, NE/O STANLEY AVE S; SW FLOW; CHSWB; 02Dec2025 11:30",2025-12-02,2025-12-09,True
349015,13386,10300,dir_11,WALLINGFORD AVE N,"WALLINGFORD AVE N, S/O N 80TH ST; TOTAL FLOW; CHAGG; 02Dec2025 13:30",2025-12-02,2025-12-09,True
349017,2465,00780,dir_11,17TH AVE S,"17TH AVE S, S/O S WASHINGTON ST; TOTAL FLOW; CHAGG; 02Dec2025 12:45",2025-12-02,2025-12-09,True
349019,20209,16120,dir_11,S HARDY ST,"S HARDY ST, NE/O STANLEY AVE S; TOTAL FLOW; CHAGG; 02Dec2025 11:30",2025-12-02,2025-12-09,True
349021,19897,15835,E,S EDDY ST,"S EDDY ST, E/O 23RD AVE S; E FLOW; CHEB; 02Dec2025 12:45",2025-12-02,2025-12-09,True
349022,19897,15835,W,S EDDY ST,"S EDDY ST, E/O 23RD AVE S; W FLOW; CHWB; 02Dec2025 12:45",2025-12-02,2025-12-09,True
349023,3652,01490,N,24TH AVE S,"24TH AVE S, S/O S EDDY ST; N FLOW; CHNB; 02Dec2025 13:15",2025-12-02,2025-12-09,True
349024,3652,01490,S,24TH AVE S,"24TH AVE S, S/O S EDDY ST; S FLOW; CHSB; 02Dec2025 13:15",2025-12-02,2025-12-09,True
349025,3652,01490,N,24TH AVE S,"24TH AVE S, S/O S EDDY ST; N FLOW; CHNB; 02Dec2025 13:15",2025-12-02,2025-12-09,True
349026,3652,01490,S,24TH AVE S,"24TH AVE S, S/O S EDDY ST; S FLOW; CHSB; 02Dec2025 13:15",2025-12-02,2025-12-09,True
349027,21475,17135,E,S WARSAW ST,"S WARSAW ST, E/O 24TH E AVE S; E FLOW; CHEB; 02Dec2025 13:30",2025-12-02,2025-12-09,True
349028,21475,17135,W,S WARSAW ST,"S WARSAW ST, E/O 24TH E AVE S; W FLOW; CHWB; 02Dec2025 13:30",2025-12-02,2025-12-09,True
349029,13323,10255,N,VISTA AVE S,"VISTA AVE S, S/O S HOLLY ST; N FLOW; CHNB; 02Dec2025 13:45",2025-12-02,2025-12-09,True
349030,13323,10255,S,VISTA AVE S,"VISTA AVE S, S/O S HOLLY ST; S FLOW; CHSB; 02Dec2025 13:45",2025-12-02,2025-12-09,True
349031,21547,17165,E,S WILLOW ST,"S WILLOW ST, E/O MARS AVE S; E FLOW; CHEB; 02Dec2025 14:15",2025-12-02,2025-12-09,True
349032,21547,17165,W,S WILLOW ST,"S WILLOW ST, E/O MARS AVE S; W FLOW; CHWB; 02Dec2025 14:15",2025-12-02,2025-12-09,True
349033,19897,15835,dir_11,S EDDY ST,"S EDDY ST, E/O 23RD AVE S; TOTAL FLOW; CHAGG; 02Dec2025 12:45",2025-12-02,2025-12-09,True
349035,3652,01490,dir_11,24TH AVE S,"24TH AVE S, S/O S EDDY ST; TOTAL FLOW; CHAGG; 02Dec2025 13:15",2025-12-02,2025-12-09,True
349037,21475,17135,dir_11,S WARSAW ST,"S WARSAW ST, E/O 24TH E AVE S; TOTAL FLOW; CHAGG; 02Dec2025 13:30",2025-12-02,2025-12-09,True
349039,13323,10255,dir_11,VISTA AVE S,"VISTA AVE S, S/O S HOLLY ST; TOTAL FLOW; CHAGG; 02Dec2025 13:45",2025-12-02,2025-12-09,True
349041,21547,17165,dir_11,S WILLOW ST,"S WILLOW ST, E/O MARS AVE S; TOTAL FLOW; CHAGG; 02Dec2025 14:15",2025-12-02,2025-12-09,True
349043,11676,08465,NW,MARS AVE S,"MARS AVE S, NW/O S WILLOW ST; NW FLOW; CHNWB; 03Dec2025 10:45",2025-12-03,2025-12-10,True
349044,11676,08465,SE,MARS AVE S,"MARS AVE S, NW/O S WILLOW ST; SE FLOW; CHSEB; 03Dec2025 10:45",2025-12-03,2025-12-10,True
349045,11861,08660,N,MILITARY RD S,"MILITARY RD S, N/O SWIFT AVE S; N FLOW; CHNB; 03Dec2025 11:00",2025-12-03,2025-12-10,True
349046,11861,08660,S,MILITARY RD S,"MILITARY RD S, N/O SWIFT AVE S; S FLOW; CHSB; 03Dec2025 11:00",2025-12-03,2025-12-10,True
349047,9146,05411,N,BEACON AVE S,"BEACON WR AVE S, N/O S WARSAW ST; N FLOW; CHNB; 12Nov2025 11:30",2025-11-12,2025-11-19,True
349048,9146,05411,S,BEACON AVE S,"BEACON WR AVE S, N/O S WARSAW ST; S FLOW; CHSB; 12Nov2025 11:30",2025-11-12,2025-11-19,True
349049,9146,05411,S,BEACON AVE S,"BEACON WR AVE S, N/O S WARSAW ST; S FLOW; CHSB SB; 03Dec2025 11:45",2025-12-03,2025-12-10,True
349050,11676,08465,dir_11,MARS AVE S,"MARS AVE S, NW/O S WILLOW ST; TOTAL FLOW; CHAGG; 03Dec2025 10:45",2025-12-03,2025-12-10,True
349052,11861,08660,dir_11,MILITARY RD S,"MILITARY RD S, N/O SWIFT AVE S; TOTAL FLOW; CHAGG; 03Dec2025 11:00",2025-12-03,2025-12-10,True
349054,167611,05396,N,BEACON AVE S,"BEACON ER AVE S, S/O S WARSAW ST; N FLOW; CHNB NB; 03Dec2025 11:30",2025-12-03,2025-12-10,True
349055,167611,05396,dir_11,BEACON AVE S,"BEACON ER AVE S, S/O S WARSAW ST; TOTAL FLOW; CHAGG; 03Dec2025 11:45",2025-12-03,2025-12-10,True
349057,11230,08060,N,LAKE WASHINGTON BLVD S,"LAKE WASHINGTON BLVD S, N/O S HORTON NR ST; N FLOW; CHNB; 03Dec2025 13:00",2025-12-03,2025-12-10,True
349058,11230,08060,S,LAKE WASHINGTON BLVD S,"LAKE WASHINGTON BLVD S, N/O S HORTON NR ST; S FLOW; CHSB; 03Dec2025 13:00",2025-12-03,2025-12-10,True
349059,11230,08060,dir_11,LAKE WASHINGTON BLVD S,"LAKE WASHINGTON BLVD S, N/O S HORTON NR ST; TOTAL FLOW; CHAGG; 03Dec2025 13:00",2025-12-03,2025-12-10,True
349061,11243,08060,N,LAKE WASHINGTON BLVD S,"LAKE WASHINGTON BLVD S, S/O S ANGELINE ST; N FLOW; CHNB; 03Dec2025 13:15",2025-12-03,2025-12-10,True
349062,11243,08060,S,LAKE WASHINGTON BLVD S,"LAKE WASHINGTON BLVD S, S/O S ANGELINE ST; S FLOW; CHSB; 03Dec2025 13:15",2025-12-03,2025-12-10,True
349063,11245,08060,N,LAKE WASHINGTON BLVD S,"LAKE WASHINGTON BLVD S, S/O S DAWSON ST; N FLOW; CHNB; 03Dec2025 13:45",2025-12-03,2025-12-10,True
349064,11245,08060,S,LAKE WASHINGTON BLVD S,"LAKE WASHINGTON BLVD S, S/O S DAWSON ST; S FLOW; CHSB; 03Dec2025 13:45",2025-12-03,2025-12-10,True
349065,11230,08060,dir_11,LAKE WASHINGTON BLVD S,"LAKE WASHINGTON BLVD S, NW/O S HORTON NR ST; TOTAL FLOW; CHAGG; 03Dec2025 13:00",2025-12-03,2025-12-10,True
349067,11243,08060,dir_11,LAKE WASHINGTON BLVD S,"LAKE WASHINGTON BLVD S, S/O S ANGELINE ST; TOTAL FLOW; CHAGG; 03Dec2025 13:15",2025-12-03,2025-12-10,True
349069,11245,08060,dir_11,LAKE WASHINGTON BLVD S,"LAKE WASHINGTON BLVD S, S/O S DAWSON ST; TOTAL FLOW; CHAGG; 03Dec2025 13:45",2025-12-03,2025-12-10,True
349071,8115,04635,N,63RD AVE SW,"63RD AVE SW, N/O SW ADMIRAL WAY; N FLOW; CHNB; 03Dec2025 15:30",2025-12-03,2025-12-10,True
349072,8115,04635,S,63RD AVE SW,"63RD AVE SW, N/O SW ADMIRAL WAY; S FLOW; CHSB; 03Dec2025 15:30",2025-12-03,2025-12-10,True
349073,8116,04635,N,63RD AVE SW,"63RD AVE SW, S/O SW ADMIRAL WAY; N FLOW; CHNB; 03Dec2025 15:00",2025-12-03,2025-12-10,True
349074,8116,04635,S,63RD AVE SW,"63RD AVE SW, S/O SW ADMIRAL WAY; S FLOW; CHSB; 03Dec2025 15:00",2025-12-03,2025-12-10,True
349075,8115,04635,dir_11,63RD AVE SW,"63RD AVE SW, N/O SW ADMIRAL WAY; TOTAL FLOW; CHAGG; 03Dec2025 15:30",2025-12-03,2025-12-10,True
349077,8116,04635,dir_11,63RD AVE SW,"63RD AVE SW, S/O SW ADMIRAL WAY; TOTAL FLOW; CHAGG; 03Dec2025 15:00",2025-12-03,2025-12-10,True
349079,14073,11075,NE,EAST GREEN LAKE WAY N,"EAST GREEN LAKE WAY N, NE/O N 57TH ST; NE FLOW; CHNEB; 04Dec2025 13:15",2025-12-04,2025-12-11,True
349080,14073,11075,SW,EAST GREEN LAKE WAY N,"EAST GREEN LAKE WAY N, NE/O N 57TH ST; SW FLOW; CHSWB; 04Dec2025 13:30",2025-12-04,2025-12-11,True
349081,15962,12500,E,N 85TH ST,"N 85TH ST, W/O ASHWORTH AVE N; E FLOW; CHEB; 04Dec2025 14:00",2025-12-04,2025-12-11,True
349082,15962,12500,W,N 85TH ST,"N 85TH ST, W/O ASHWORTH AVE N; W FLOW; CHWB; 04Dec2025 13:45",2025-12-04,2025-12-11,True
349083,19223,15130,E,NW MARKET ST,"NW MARKET ST, W/O 8TH AVE NW; E FLOW; CHEB; 04Dec2025 13:00",2025-12-04,2025-12-11,True
349084,19223,15130,W,NW MARKET ST,"NW MARKET ST, W/O 8TH AVE NW; W FLOW; CHWB; 04Dec2025 13:00",2025-12-04,2025-12-11,True
349085,14073,11075,dir_11,EAST GREEN LAKE WAY N,"EAST GREEN LAKE WAY N, NE/O N 57TH ST; TOTAL FLOW; CHAGG; 04Dec2025 13:30",2025-12-04,2025-12-11,True
349087,15962,12500,dir_11,N 85TH ST,"N 85TH ST, W/O ASHWORTH AVE N; TOTAL FLOW; CHAGG; 04Dec2025 14:00",2025-12-04,2025-12-11,True
349089,19223,15130,dir_11,NW MARKET ST,"NW MARKET ST, W/O 8TH AVE NW; TOTAL FLOW; CHAGG; 04Dec2025 13:00",2025-12-04,2025-12-11,True
349091,12312,09315,N,QUEEN ANNE AVE N,"QUEEN ANNE AVE N, S/O CROCKETT ST; N FLOW; CHNB; 04Dec2025 12:00",2025-12-04,2025-12-11,True
349092,12312,09315,dir_11,QUEEN ANNE AVE N,"QUEEN ANNE AVE N, S/O CROCKETT ST; TOTAL FLOW; CHTOT; 04Dec2025 12:00",2025-12-04,2025-12-11,True
349093,10000,06345,W,DENNY WAY,"DENNY WAY, W/O 2ND AVE; W FLOW; CHWB; 04Dec2025 11:30",2025-12-04,2025-12-11,True
349094,12900,09800,SW,STEWART ST,"STEWART ST, NE/O 4TH AVE; SW FLOW; CHSWB; 04Dec2025 11:15",2025-12-04,2025-12-11,True
349095,13202,10115,NE,UNIVERSITY ST,"UNIVERSITY ST, SW/O 4TH AVE; NE FLOW; CHNEB; 04Dec2025 11:00",2025-12-04,2025-12-11,True
349096,8728,05045,SE,ALASKAN WAY,"ALASKAN WAY, SE/O BLANCHARD ST; SE FLOW; CHSEB; 04Dec2025 11:45",2025-12-04,2025-12-11,True
349097,8728,05045,NW,ALASKAN WAY,"ALASKAN WAY, SE/O BLANCHARD ST; NW FLOW; CHNWB; 04Dec2025 11:45",2025-12-04,2025-12-11,True
349098,14348,11275,NE,E MADISON ST,"E MADISON ST, SW/O 17TH AVE; NE FLOW; CHNEB; 04Dec2025 12:30",2025-12-04,2025-12-11,True
349099,14348,11275,SW,E MADISON ST,"E MADISON ST, SW/O 17TH AVE; SW FLOW; CHSWB; 04Dec2025 12:30",2025-12-04,2025-12-11,True
349100,8728,05045,dir_11,ALASKAN WAY,"ALASKAN WAY, SE/O BLANCHARD ST; TOTAL FLOW; CHAGG; 04Dec2025 11:45",2025-12-04,2025-12-11,True
349102,14348,11275,dir_11,E MADISON ST,"E MADISON ST, SW/O 17TH AVE; TOTAL FLOW; CHAGG; 04Dec2025 12:30",2025-12-04,2025-12-11,True
349104,12409,09345,N,RAINIER AVE S,"RAINIER AVE S, S/O S OTHELLO ST; N FLOW; CHNB; 05Dec2025 11:00",2025-12-05,2025-12-12,True
349105,12409,09345,S,RAINIER AVE S,"RAINIER AVE S, S/O S OTHELLO ST; S FLOW; CHSB; 05Dec2025 10:45",2025-12-05,2025-12-12,True
349106,352636,08299,N,M L KING JR WAY S,"M L KING JR ER WAY S, N/O S ANDOVER ST; N FLOW; CHNB; 05Dec2025 11:15",2025-12-05,2025-12-12,True
349107,11530,08303,S,M L KING JR WAY S,"M L KING JR WR WAY S, N/O S ANDOVER ST; S FLOW; CHSB; 05Dec2025 11:15",2025-12-05,2025-12-12,True
349108,14395,11300,N,EAST MARGINAL WAY S,"EAST MARGINAL WAY S, S/O S ALASKA ST; N FLOW; CHNB; 05Dec2025 11:45",2025-12-05,2025-12-12,True
349109,14395,11300,S,EAST MARGINAL WAY S,"EAST MARGINAL WAY S, S/O S ALASKA ST; S FLOW; CHSB; 05Dec2025 11:45",2025-12-05,2025-12-12,True
349110,22804,18176,E,SW SPOKANE ST BR,"SW SPOKANE BR, W/O SW SPOKANE E ST; E FLOW; CHEB; 05Dec2025 11:45",2025-12-05,2025-12-12,True
349111,22804,18176,W,SW SPOKANE ST BR,"SW SPOKANE BR, W/O SW SPOKANE E ST; W FLOW; CHWB; 05Dec2025 12:00",2025-12-05,2025-12-12,True
349112,13346,10273,SW,WEST SEATTLE BR WB,"WEST SEATTLE BR WB, NE/O 35TH AVE SW; SW FLOW; CHSWB; 05Dec2025 13:45",2025-12-05,2025-12-12,True
349113,13333,10258,NE,WEST SEATTLE BR EB,"WEST SEATTLE BR EB, NE/O FAUNTLEROY WAY SW; NE FLOW; CHNEB; 05Dec2025 13:45",2025-12-05,2025-12-12,True
349114,8782,05095,E,ALKI AVE SW,"ALKI AVE SW, W/O HARBOR AVE SW; E FLOW; CHEB; 05Dec2025 13:15",2025-12-05,2025-12-12,True
349115,8782,05095,W,ALKI AVE SW,"ALKI AVE SW, W/O HARBOR AVE SW; W FLOW; CHWB; 05Dec2025 13:15",2025-12-05,2025-12-12,True
349116,20628,16420,E,S LANDER ST,"S LANDER ST, W/O 6TH AVE S; E FLOW; CHEB; 05Dec2025 12:30",2025-12-05,2025-12-12,True
349117,20628,16420,W,S LANDER ST,"S LANDER ST, W/O 6TH AVE S; W FLOW; CHWB; 05Dec2025 12:30",2025-12-05,2025-12-12,True
349118,12409,09345,dir_11,RAINIER AVE S,"RAINIER AVE S, S/O S OTHELLO ST; TOTAL FLOW; CHAGG; 05Dec2025 11:00",2025-12-05,2025-12-12,True
349120,14395,11300,dir_11,EAST MARGINAL WAY S,"EAST MARGINAL WAY S, S/O S ALASKA ST; TOTAL FLOW; CHAGG; 05Dec2025 11:45",2025-12-05,2025-12-12,True
349122,22804,18176,dir_11,SW SPOKANE ST BR,"SW SPOKANE BR, W/O SW SPOKANE E ST; TOTAL FLOW; CHAGG; 05Dec2025 12:00",2025-12-05,2025-12-12,True
349124,8782,05095,dir_11,ALKI AVE SW,"ALKI AVE SW, W/O HARBOR AVE SW; TOTAL FLOW; CHAGG; 05Dec2025 13:15",2025-12-05,2025-12-12,True
349126,7713,04215,N,55TH AVE S,"55TH AVE S, N/O S ROXBURY ST; N FLOW; CHNB; 09Dec2025 12:45",2025-12-09,2025-12-16,True
349127,7713,04215,S,55TH AVE S,"55TH AVE S, N/O S ROXBURY ST; S FLOW; CHSB; 09Dec2025 12:45",2025-12-09,2025-12-16,True
349128,7747,04255,N,56TH AVE S,"56TH AVE S, N/O S ROXBURY E ST; N FLOW; CHNB; 09Dec2025 13:00",2025-12-09,2025-12-16,True
349129,7747,04255,S,56TH AVE S,"56TH AVE S, N/O S ROXBURY E ST; S FLOW; CHSB; 09Dec2025 13:00",2025-12-09,2025-12-16,True
349130,7794,04310,N,57TH AVE S,"57TH AVE S, N/O S ROXBURY E ST; N FLOW; CHNB; 09Dec2025 13:15",2025-12-09,2025-12-16,True
349131,7794,04310,S,57TH AVE S,"57TH AVE S, N/O S ROXBURY E ST; S FLOW; CHSB; 09Dec2025 13:15",2025-12-09,2025-12-16,True
349132,7828,04365,N,58TH AVE S,"58TH AVE S, N/O S ROXBURY E ST; N FLOW; CHNB; 09Dec2025 13:30",2025-12-09,2025-12-16,True
349133,7828,04365,S,58TH AVE S,"58TH AVE S, N/O S ROXBURY E ST; S FLOW; CHSB; 09Dec2025 13:30",2025-12-09,2025-12-16,True
349134,7842,04415,S,59TH AVE S,"59TH AVE S, N/O S ROXBURY ST; S FLOW; CHSB; 09Dec2025 13:45",2025-12-09,2025-12-16,True
349135,20628,16420,dir_11,S LANDER ST,"S LANDER ST, W/O 6TH AVE S; TOTAL FLOW; CHAGG; 05Dec2025 12:30",2025-12-05,2025-12-12,True
349137,352636,08299,dir_11,M L KING JR WAY S,"M L KING JR ER WAY S, N/O S ANDOVER ST; TOTAL FLOW; CHAGG; 05Dec2025 11:15",2025-12-05,2025-12-12,True
349139,13333,10258,dir_11,WEST SEATTLE BR EB,"WEST SEATTLE BR EB, NE/O FAUNTLEROY WAY SW; TOTAL FLOW; CHAGG; 05Dec2025 13:45",2025-12-05,2025-12-12,True
349141,7713,04215,dir_11,55TH AVE S,"55TH AVE S, N/O S ROXBURY ST; TOTAL FLOW; CHAGG; 09Dec2025 12:45",2025-12-09,2025-12-16,True
349143,7842,04415,N,59TH AVE S,"59TH AVE S, N/O S ROXBURY ST; N FLOW; CHNB; 09Dec2025 13:45",2025-12-09,2025-12-16,True
349144,7747,04255,dir_11,56TH AVE S,"56TH AVE S, N/O S ROXBURY E ST; TOTAL FLOW; CHAGG; 09Dec2025 13:00",2025-12-09,2025-12-16,True
349146,7794,04310,dir_11,57TH AVE S,"57TH AVE S, N/O S ROXBURY E ST; TOTAL FLOW; CHAGG; 09Dec2025 13:15",2025-12-09,2025-12-16,True
349148,7828,04365,dir_11,58TH AVE S,"58TH AVE S, N/O S ROXBURY E ST; TOTAL FLOW; CHAGG; 09Dec2025 13:30",2025-12-09,2025-12-16,True
349150,7842,04415,dir_11,59TH AVE S,"59TH AVE S, N/O S ROXBURY ST; TOTAL FLOW; CHAGG; 09Dec2025 13:45",2025-12-09,2025-12-16,True
349152,7674,04165,N,54TH AVE S,"54TH AVE S, N/O S ROXBURY E ST; N FLOW; CHNB; 10Dec2025 11:15",2025-12-10,2025-12-17,True
349153,7674,04165,S,54TH AVE S,"54TH AVE S, N/O S ROXBURY E ST; S FLOW; CHSB; 10Dec2025 11:15",2025-12-10,2025-12-17,True
349154,7631,04135,N,53RD AVE S,"53RD AVE S, N/O S ROXBURY ST; N FLOW; CHNB; 10Dec2025 11:30",2025-12-10,2025-12-17,True
349155,7631,04135,S,53RD AVE S,"53RD AVE S, N/O S ROXBURY ST; S FLOW; CHSB; 10Dec2025 11:30",2025-12-10,2025-12-17,True
349156,7598,04080,N,52ND AVE S,"52ND AVE S, S/O RAINIER AVE S; N FLOW; CHNB; 10Dec2025 11:45",2025-12-10,2025-12-17,True
349157,7598,04080,S,52ND AVE S,"52ND AVE S, S/O RAINIER AVE S; S FLOW; CHSB; 10Dec2025 11:45",2025-12-10,2025-12-17,True
349158,12979,09855,N,STURTEVANT AVE S,"STURTEVANT AVE S, S/O RAINIER AVE S; N FLOW; CHNB; 10Dec2025 12:00",2025-12-10,2025-12-17,True
349159,12979,09855,S,STURTEVANT AVE S,"STURTEVANT AVE S, S/O RAINIER AVE S; S FLOW; CHSB; 10Dec2025 12:00",2025-12-10,2025-12-17,True
349160,10563,06875,N,FREMONT BR,"FREMONT BR, N/O POINT A; N FLOW; CHNB; 11Dec2025 12:00",2025-12-11,2025-12-18,True
349162,10563,06875,S,FREMONT BR,"FREMONT BR, N/O POINT A; S FLOW; CHSB SB; 04Dec2025 11:00",2025-12-04,2025-12-11,True
349163,10563,06875,dir_11,FREMONT BR,"FREMONT BR, N/O POINT A; TOTAL FLOW; CHAGG; 11Dec2025 12:00",2025-12-11,2025-12-18,True
349165,8289,04790,N,8TH AVE N,"8TH AVE N, N/O THOMAS ST; N FLOW; CHNB; 10Dec2025 14:00",2025-12-10,2025-12-17,True
349166,8289,04790,S,8TH AVE N,"8TH AVE N, N/O THOMAS ST; S FLOW; CHSB; 10Dec2025 14:00",2025-12-10,2025-12-17,True
349167,9044,05310,NW,BALLARD AVE NW,"BALLARD AVE NW, NW/O 20TH AVE NW; NW FLOW; CHNWB; 10Dec2025 15:45",2025-12-10,2025-12-17,True
349168,8289,04790,dir_11,8TH AVE N,"8TH AVE N, N/O THOMAS ST; TOTAL FLOW; CHAGG; 10Dec2025 14:00",2025-12-10,2025-12-17,True
349170,23225,18525,E,W DRAVUS ST,"W DRAVUS ST, W/O 22ND AVE W; E FLOW; CHEB; 10Dec2025 16:15",2025-12-10,2025-12-17,True
349171,23225,18525,W,W DRAVUS ST,"W DRAVUS ST, W/O 22ND AVE W; W FLOW; CHWB; 10Dec2025 16:15",2025-12-10,2025-12-17,True
349172,23225,18525,dir_11,W DRAVUS ST,"W DRAVUS ST, W/O 22ND AVE W; TOTAL FLOW; CHAGG; 10Dec2025 16:15",2025-12-10,2025-12-17,True
349174,8123,04645,N,64TH AVE S,"64TH AVE S, N/O S RYAN ST; N FLOW; CHNB; 10Dec2025 11:15",2025-12-10,2025-12-17,True
349175,8123,04645,S,64TH AVE S,"64TH AVE S, N/O S RYAN ST; S FLOW; CHSB; 10Dec2025 11:15",2025-12-10,2025-12-17,True
349178,8123,04645,dir_11,64TH AVE S,"64TH AVE S, N/O S RYAN ST; TOTAL FLOW; CHAGG; 10Dec2025 11:15",2025-12-10,2025-12-17,True
349182,7674,04165,dir_11,54TH AVE S,"54TH AVE S, N/O S ROXBURY E ST; TOTAL FLOW; CHAGG; 10Dec2025 11:15",2025-12-10,2025-12-17,True
349184,7631,04135,dir_11,53RD AVE S,"53RD AVE S, N/O S ROXBURY ST; TOTAL FLOW; CHAGG; 10Dec2025 11:30",2025-12-10,2025-12-17,True
349186,7598,04080,dir_11,52ND AVE S,"52ND AVE S, S/O RAINIER AVE S; TOTAL FLOW; CHAGG; 10Dec2025 11:45",2025-12-10,2025-12-17,True
349188,12979,09855,dir_11,STURTEVANT AVE S,"STURTEVANT AVE S, S/O RAINIER AVE S; TOTAL FLOW; CHAGG; 10Dec2025 12:00",2025-12-10,2025-12-17,True
349190,10000,06345,E,DENNY WAY,"DENNY WAY, W/O 2ND AVE; E FLOW; CHEB; 11Dec2025 11:45",2025-12-11,2025-12-18,True
349191,21052,16735,E,S OTHELLO ST,"S OTHELLO ST, W/O M L KING JR WR WAY S; E FLOW; CHEB; 17Nov2025 00:00",2025-11-17,2025-11-24,True
349192,21052,16735,W,S OTHELLO ST,"S OTHELLO ST, W/O M L KING JR WR WAY S; W FLOW; CHWB; 17Nov2025 00:00",2025-11-17,2025-11-24,True
349193,21052,16735,dir_11,S OTHELLO ST,"S OTHELLO ST, W/O M L KING JR WR WAY S; TOTAL FLOW; CHAGG; 17Nov2025 00:00",2025-11-17,2025-11-24,True
349195,21053,16735,E,S OTHELLO ST,"S OTHELLO ST, E/O M L KING JR ER WAY S; E FLOW; CHEB; 17Nov2025 00:00",2025-11-17,2025-11-24,True
349196,21053,16735,W,S OTHELLO ST,"S OTHELLO ST, E/O M L KING JR ER WAY S; W FLOW; CHWB; 17Nov2025 00:00",2025-11-17,2025-11-24,True
349197,21053,16735,dir_11,S OTHELLO ST,"S OTHELLO ST, E/O M L KING JR ER WAY S; TOTAL FLOW; CHAGG; 17Nov2025 00:00",2025-11-17,2025-11-24,True
349199,486588,08299,N,M L KING JR WAY S,"M L KING JR ER WAY S, S/O S MYRTLE ST; N FLOW; CHNB NB; 17Nov2025 00:00",2025-11-17,2025-11-24,True
349200,11562,08303,S,M L KING JR WAY S,"M L KING JR WR WAY S, S/O S OTHELLO ST; S FLOW; CHSB SB; 17Nov2025 00:00",2025-11-17,2025-11-24,True
349201,20434,16240,E,S HUDSON ST,"S HUDSON ST, E/O M L KING JR ER WAY S; E FLOW; CHEB; 17Nov2025 00:00",2025-11-17,2025-11-24,True
349202,20434,16240,W,S HUDSON ST,"S HUDSON ST, E/O M L KING JR ER WAY S; W FLOW; CHWB; 17Nov2025 00:00",2025-11-17,2025-11-24,True
349203,20434,16240,dir_11,S HUDSON ST,"S HUDSON ST, E/O M L KING JR ER WAY S; TOTAL FLOW; CHAGG; 17Nov2025 00:00",2025-11-17,2025-11-24,True
349205,484997,08299,NW,M L KING JR WAY S,"M L KING JR ER WAY S, S/O S HUDSON ST; NW FLOW; CHNWB NWB; 17Nov2025 00:00",2025-11-17,2025-11-24,True
349206,484996,08299,NW,M L KING JR WAY S,"M L KING JR ER WAY S, S/O S FERDINAND ST; NW FLOW; CHNWB NWB; 17Nov2025 00:00",2025-11-17,2025-11-24,True
349207,11542,08303,SE,M L KING JR WAY S,"M L KING JR WR WAY S, S/O S FERDINAND ST; SE FLOW; CHSEB SEB; 17Nov2025 00:00",2025-11-17,2025-11-24,True
349208,484996,08299,dir_11,M L KING JR WAY S,"M L KING JR ER WAY S, S/O S FERDINAND ST; TOTAL FLOW; CHAGG; 17Nov2025 00:00",2025-11-17,2025-11-24,True
349210,13333,10258,dir_11,WEST SEATTLE BR EB,"WEST SEATTLE BR EB, NE/O FAUNTLEROY WAY SW; TOTAL FLOW; CHAGG; 17Oct2025 00:00",2025-10-17,2025-10-24,True
349212,13333,10258,dir_11,WEST SEATTLE BR EB,"WEST SEATTLE BR EB, NE/O FAUNTLEROY WAY SW; TOTAL FLOW; CHAGG; 18Nov2025 11:15",2025-11-18,2025-11-25,True
349214,352636,08299,dir_11,M L KING JR WAY S,"M L KING JR ER WAY S, N/O S ANDOVER ST; TOTAL FLOW; CHAGG; 13Oct2025 00:00",2025-10-13,2025-10-20,True
349216,830984,06556,SE,ELLIOTT WAY,"ELLIOTT WAY, NW/O LENORA ST; SE FLOW; CHSEB; 23Sep2025 00:00",2025-09-23,2025-09-30,True
349217,830984,06556,NW,ELLIOTT WAY,"ELLIOTT WAY, NW/O LENORA ST; NW FLOW; CHNWB; 23Sep2025 00:00",2025-09-23,2025-09-30,True
349218,830984,06556,dir_11,ELLIOTT WAY,"ELLIOTT WAY, NW/O LENORA ST; TOTAL FLOW; CHAGG; 23Sep2025 00:00",2025-09-23,2025-09-30,True
349224,830984,06556,NW,ELLIOTT WAY,"ELLIOTT WAY, NW/O LENORA ST; NW FLOW; CHNWB; 09Dec2025 00:00",2025-12-09,2025-12-16,True
349225,830984,06556,SE,ELLIOTT WAY,"ELLIOTT WAY, NW/O LENORA ST; SE FLOW; CHSEB; 09Dec2025 00:00",2025-12-09,2025-12-16,True
349226,830984,06556,dir_11,ELLIOTT WAY,"ELLIOTT WAY, NW/O LENORA ST; TOTAL FLOW; CHAGG; 09Dec2025 00:00",2025-12-09,2025-12-16,True
349228,4382,02080,dir_11,3RD AVE,"3RD AVE, SE/O UNION ST; TOTAL FLOW; CHTOTAL; 07Nov2025 00:00",2025-11-07,2025-11-14,True
349229,13189,10110,dir_11,UNIVERSITY BR,"UNIVERSITY BR, SW/O POINT A; TOTAL FLOW; CHTOTAL; 07Nov2025 00:00",2025-11-07,2025-11-14,True
349230,13330,10258,dir_11,WEST SEATTLE BR EB,"WEST SEATTLE BR EB, E/O DELRIDGE-W SEATTLE BR EB ON RP; TOTAL FLOW; CHTOTAL; 07Nov2025 00:00",2025-11-07,2025-11-14,True
349231,11159,08015,dir_11,LAKE CITY WAY NE,"LAKE CITY WAY NE, NE/O NE 95TH ST; TOTAL FLOW; CHTOTAL; 07Nov2025 00:00",2025-11-07,2025-11-14,True
349232,4382,02080,dir_11,3RD AVE,"3RD AVE, SE/O UNION ST; TOTAL FLOW; CHTOTAL; 09Dec2025 00:00",2025-12-09,2025-12-16,True
349233,13189,10110,dir_11,UNIVERSITY BR,"UNIVERSITY BR, SW/O POINT A; TOTAL FLOW; CHTOTAL; 09Dec2025 00:00",2025-12-09,2025-12-16,True
349234,11560,08303,S,M L KING JR WAY S,"M L KING JR WR WAY S, S/O S MYRTLE ST; S FLOW; CHSB SB; 16Dec2025 11:00",2025-12-16,2025-12-23,True
349235,11561,08299,N,M L KING JR WAY S,"M L KING JR ER WAY S, S/O S OTHELLO ST; N FLOW; CHNB NB; 16Dec2025 11:00",2025-12-16,2025-12-23,True
349236,13330,10258,dir_11,WEST SEATTLE BR EB,"WEST SEATTLE BR EB, E/O DELRIDGE-W SEATTLE BR EB ON RP; TOTAL FLOW; CHTOTAL; 09Dec2025 00:00",2025-12-09,2025-12-16,True
349237,11159,08015,dir_11,LAKE CITY WAY NE,"LAKE CITY WAY NE, NE/O NE 95TH ST; TOTAL FLOW; CHTOTAL; 01Dec2025 00:00",2025-12-01,2025-12-08,True
349238,830984,06556,NW,ELLIOTT WAY,"ELLIOTT WAY, NW/O LENORA ST; NW FLOW; CHNWB; 07Nov2025 00:00",2025-11-07,2025-11-14,True
349239,830984,06556,SE,ELLIOTT WAY,"ELLIOTT WAY, NW/O LENORA ST; SE FLOW; CHSEB; 07Nov2025 00:00",2025-11-07,2025-11-14,True
349240,830984,06556,dir_11,ELLIOTT WAY,"ELLIOTT WAY, NW/O LENORA ST; TOTAL FLOW; CHAGG; 07Nov2025 00:00",2025-11-07,2025-11-14,True
349242,10000,06345,dir_11,DENNY WAY,"DENNY WAY, W/O 2ND AVE; TOTAL FLOW; CHAGG; 11Dec2025 11:45",2025-12-11,2025-12-18,True
349244,4561,02110,N,3RD AVE W,"3RD AVE W, N/O W RAYE ST; N FLOW; CHNB; 12Dec2025 14:15",2025-12-12,2025-12-19,True
349245,4561,02110,S,3RD AVE W,"3RD AVE W, N/O W RAYE ST; S FLOW; CHSB; 12Dec2025 14:15",2025-12-12,2025-12-19,True
349246,4561,02110,dir_11,3RD AVE W,"3RD AVE W, N/O W RAYE ST; TOTAL FLOW; CHAGG; 12Dec2025 14:15",2025-12-12,2025-12-19,True
349248,8728,05045,dir_11,ALASKAN WAY,"ALASKAN WAY, SE/O BLANCHARD ST; TOTAL FLOW; CHTOTAL; 04Nov2025 00:00 (Use 2024 Data)",2025-11-04,2025-11-11,True
349249,20988,16695,E,S ORCAS ST,"S ORCAS ST, E/O 33RD AVE S; E FLOW; CHEB; 05Jan2026 12:45",2026-01-05,2026-01-12,True
349250,20988,16695,W,S ORCAS ST,"S ORCAS ST, E/O 33RD AVE S; W FLOW; CHWB; 05Jan2026 12:45",2026-01-05,2026-01-12,True
349251,20988,16695,dir_11,S ORCAS ST,"S ORCAS ST, E/O 33RD AVE S; TOTAL FLOW; CHAGG; 05Jan2026 12:45",2026-01-05,2026-01-12,True
349253,1170,00025,N,1ST AVE NW,"1ST AVE NW, N/O NW 115TH ST; N FLOW; CHNB; 06Jan2026 12:30",2026-01-06,2026-01-13,True
349254,1170,00025,S,1ST AVE NW,"1ST AVE NW, N/O NW 115TH ST; S FLOW; CHSB; 06Jan2026 12:30",2026-01-06,2026-01-13,True
349255,1173,00025,N,1ST AVE NW,"1ST AVE NW, N/O NW 120TH ST; N FLOW; CHNB; 06Jan2026 13:00",2026-01-06,2026-01-13,True
349256,1173,00025,S,1ST AVE NW,"1ST AVE NW, N/O NW 120TH ST; S FLOW; CHSB; 06Jan2026 13:00",2026-01-06,2026-01-13,True
349257,1175,00025,N,1ST AVE NW,"1ST AVE NW, N/O NW 125TH ST; N FLOW; CHNB; 06Jan2026 13:00",2026-01-06,2026-01-13,True
349258,18640,14655,E,NW 65TH ST,"NW 65TH ST, W/O 34TH AVE NW; E FLOW; CHEB; 06Jan2026 12:00",2026-01-06,2026-01-13,True
349259,18640,14655,W,NW 65TH ST,"NW 65TH ST, W/O 34TH AVE NW; W FLOW; CHWB; 06Jan2026 12:00",2026-01-06,2026-01-13,True
349260,18640,14655,dir_11,NW 65TH ST,"NW 65TH ST, W/O 34TH AVE NW; TOTAL FLOW; CHAGG; 06Jan2026 12:00",2026-01-06,2026-01-13,True
349262,1175,00025,S,1ST AVE NW,"1ST AVE NW, N/O NW 125TH ST; S FLOW; CHSB; 06Jan2026 13:00",2026-01-06,2026-01-13,True
349263,1178,00025,N,1ST AVE NW,"1ST AVE NW, N/O NW 132ND ST; N FLOW; CHNB; 06Jan2026 13:15",2026-01-06,2026-01-13,True
349264,1178,00025,S,1ST AVE NW,"1ST AVE NW, N/O NW 132ND ST; S FLOW; CHSB; 06Jan2026 13:15",2026-01-06,2026-01-13,True
349265,15170,11875,E,N 132ND ST,"N 132ND ST, W/O GREENWOOD AVE N; E FLOW; CHEB; 06Jan2026 13:30",2026-01-06,2026-01-13,True
349266,15170,11875,W,N 132ND ST,"N 132ND ST, W/O GREENWOOD AVE N; W FLOW; CHWB; 06Jan2026 13:30",2026-01-06,2026-01-13,True
349267,1170,00025,dir_11,1ST AVE NW,"1ST AVE NW, N/O NW 115TH ST; TOTAL FLOW; CHAGG; 06Jan2026 12:30",2026-01-06,2026-01-13,True
349269,1173,00025,dir_11,1ST AVE NW,"1ST AVE NW, N/O NW 120TH ST; TOTAL FLOW; CHAGG; 06Jan2026 13:00",2026-01-06,2026-01-13,True
349271,1175,00025,dir_11,1ST AVE NW,"1ST AVE NW, N/O NW 125TH ST; TOTAL FLOW; CHAGG; 06Jan2026 13:00",2026-01-06,2026-01-13,True
349273,1178,00025,dir_11,1ST AVE NW,"1ST AVE NW, N/O NW 132ND ST; TOTAL FLOW; CHAGG; 06Jan2026 13:15",2026-01-06,2026-01-13,True
349275,15170,11875,dir_11,N 132ND ST,"N 132ND ST, W/O GREENWOOD AVE N; TOTAL FLOW; CHAGG; 06Jan2026 13:30",2026-01-06,2026-01-13,True
349277,4478,02095,N,3RD AVE NW,"3RD AVE NW, N/O NW 86TH ST; N FLOW; CHNB; 07Jan2026 11:15",2026-01-07,2026-01-14,True
349278,4478,02095,S,3RD AVE NW,"3RD AVE NW, N/O NW 86TH ST; S FLOW; CHSB; 07Jan2026 11:15",2026-01-07,2026-01-14,True
349279,4478,02095,dir_11,3RD AVE NW,"3RD AVE NW, N/O NW 86TH ST; TOTAL FLOW; CHAGG; 07Jan2026 11:15",2026-01-07,2026-01-14,True
349281,1170,00025,dir_11,1ST AVE NW,"1ST AVE NW, N/O NW 115TH ST; TOTAL FLOW; CHAGG; 06Jan2026 12:30",2026-01-06,2026-01-13,True
349283,2585,00855,N,18TH AVE NW,"18TH AVE NW, N/O NW 83RD ST; N FLOW; CHNB; 07Jan2026 12:00",2026-01-07,2026-01-14,True
349284,2585,00855,S,18TH AVE NW,"18TH AVE NW, N/O NW 83RD ST; S FLOW; CHSB; 07Jan2026 12:00",2026-01-07,2026-01-14,True
349285,18941,14825,E,NW 83RD ST,"NW 83RD ST, W/O 18TH AVE NW; E FLOW; CHEB; 07Jan2026 11:45",2026-01-07,2026-01-14,True
349286,18941,14825,W,NW 83RD ST,"NW 83RD ST, W/O 18TH AVE NW; W FLOW; CHWB; 07Jan2026 11:45",2026-01-07,2026-01-14,True
349287,3035,01060,N,20TH AVE NW,"20TH AVE NW, N/O NW 83RD ST; N FLOW; CHNB; 07Jan2026 11:15",2026-01-07,2026-01-14,True
349288,3035,01060,S,20TH AVE NW,"20TH AVE NW, N/O NW 83RD ST; S FLOW; CHSB; 07Jan2026 11:15",2026-01-07,2026-01-14,True
349289,2585,00855,dir_11,18TH AVE NW,"18TH AVE NW, N/O NW 83RD ST; TOTAL FLOW; CHAGG; 07Jan2026 12:00",2026-01-07,2026-01-14,True
349291,18941,14825,dir_11,NW 83RD ST,"NW 83RD ST, W/O 18TH AVE NW; TOTAL FLOW; CHAGG; 07Jan2026 11:45",2026-01-07,2026-01-14,True
349293,3035,01060,dir_11,20TH AVE NW,"20TH AVE NW, N/O NW 83RD ST; TOTAL FLOW; CHAGG; 07Jan2026 11:15",2026-01-07,2026-01-14,True
349295,3536,01495,N,24TH AVE SW,"24TH AVE SW, N/O SW TRENTON ST; N FLOW; CHNB; 07Jan2026 13:15",2026-01-07,2026-01-14,True
349296,3536,01495,S,24TH AVE SW,"24TH AVE SW, N/O SW TRENTON ST; S FLOW; CHSB; 07Jan2026 13:15",2026-01-07,2026-01-14,True
349297,3335,01260,N,22ND AVE SW,"22ND AVE SW, N/O SW TRENTON ST; N FLOW; CHNB; 07Jan2026 13:30",2026-01-07,2026-01-14,True
349298,3335,01260,S,22ND AVE SW,"22ND AVE SW, N/O SW TRENTON ST; S FLOW; CHSB; 07Jan2026 13:30",2026-01-07,2026-01-14,True
349303,3536,01495,dir_11,24TH AVE SW,"24TH AVE SW, N/O SW TRENTON ST; TOTAL FLOW; CHAGG; 07Jan2026 13:15",2026-01-07,2026-01-14,True
349305,3335,01260,dir_11,22ND AVE SW,"22ND AVE SW, N/O SW TRENTON ST; TOTAL FLOW; CHAGG; 07Jan2026 13:30",2026-01-07,2026-01-14,True
349307,19266,15215,E,S 115TH ST,"S 115TH ST, E/O 71ST PL S; E FLOW; CHEB; 09Jan2026 14:45",2026-01-09,2026-01-16,True
349308,19266,15215,W,S 115TH ST,"S 115TH ST, E/O 71ST PL S; W FLOW; CHWB; 09Jan2026 14:45",2026-01-09,2026-01-16,True
349309,19266,15215,dir_11,S 115TH ST,"S 115TH ST, E/O 71ST PL S; TOTAL FLOW; CHAGG; 09Jan2026 14:45",2026-01-09,2026-01-16,True
349311,12535,09425,NW,RENTON AVE S,"RENTON AVE S, NW/O S NORFOLK ST; NW FLOW; CHNWB; 09Jan2026 14:00",2026-01-09,2026-01-16,True
349312,12535,09425,SE,RENTON AVE S,"RENTON AVE S, NW/O S NORFOLK ST; SE FLOW; CHSEB; 09Jan2026 14:00",2026-01-09,2026-01-16,True
349313,12535,09425,dir_11,RENTON AVE S,"RENTON AVE S, NW/O S NORFOLK ST; TOTAL FLOW; CHAGG; 09Jan2026 14:00",2026-01-09,2026-01-16,True
349315,12506,09425,NW,RENTON AVE S,"RENTON AVE S, N/O S LUCILE ST; NW FLOW; CHNWB; 09Jan2026 13:30",2026-01-09,2026-01-16,True
349316,12506,09425,SE,RENTON AVE S,"RENTON AVE S, N/O S LUCILE ST; SE FLOW; CHSEB; 09Jan2026 13:30",2026-01-09,2026-01-16,True
349317,12506,09425,dir_11,RENTON AVE S,"RENTON AVE S, N/O S LUCILE ST; TOTAL FLOW; CHAGG; 09Jan2026 13:30",2026-01-09,2026-01-16,True
349319,10563,06875,S,FREMONT BR,"FREMONT BR, N/O POINT A; S FLOW; CHSB SB; 09Jan2026 12:30",2026-01-09,2026-01-16,True
349320,12968,09810,N,STONE WAY N,"STONE WAY N, S/O N 45TH ST; N FLOW; CHNB NB; 08Jan2026 11:30",2026-01-08,2026-01-15,True
349321,12968,09810,S,STONE WAY N,"STONE WAY N, S/O N 45TH ST; S FLOW; CHSB SB; 08Jan2026 11:00",2026-01-08,2026-01-15,True
349322,12159,09115,S,PHINNEY AVE N,"PHINNEY AVE N, S/O N 65TH ST; S FLOW; CHSB SB; 08Jan2026 12:00",2026-01-08,2026-01-15,True
349323,12968,09810,dir_11,STONE WAY N,"STONE WAY N, S/O N 45TH ST; TOTAL FLOW; CHAGG; 08Jan2026 11:30",2026-01-08,2026-01-15,True
349325,3605,01485,N,24TH AVE NW,"24TH AVE NW, S/O NW 80TH ST; N FLOW; CHNB; 08Jan2026 12:30",2026-01-08,2026-01-15,True
349326,3605,01485,S,24TH AVE NW,"24TH AVE NW, S/O NW 80TH ST; S FLOW; CHSB; 08Jan2026 12:30",2026-01-08,2026-01-15,True
349327,4513,02095,N,3RD AVE NW,"3RD AVE NW, S/O NW 145TH ST; N FLOW; CHNB; 08Jan2026 11:30",2026-01-08,2026-01-15,True
349328,4513,02095,S,3RD AVE NW,"3RD AVE NW, S/O NW 145TH ST; S FLOW; CHSB; 08Jan2026 11:30",2026-01-08,2026-01-15,True
349329,3605,01485,dir_11,24TH AVE NW,"24TH AVE NW, S/O NW 80TH ST; TOTAL FLOW; CHAGG; 08Jan2026 12:30",2026-01-08,2026-01-15,True
349331,4513,02095,dir_11,3RD AVE NW,"3RD AVE NW, S/O NW 145TH ST; TOTAL FLOW; CHAGG; 08Jan2026 11:30",2026-01-08,2026-01-15,True
349333,4513,02095,dir_11,3RD AVE NW,"3RD AVE NW, S/O NW 145TH ST; TOTAL FLOW; CHAGG; 08Jan2026 11:30",2026-01-08,2026-01-15,True
349353,11468,08280,SE,LOYAL WAY NW,"LOYAL WAY NW, NW/O 30TH AVE NW; SE FLOW; CHSEB; 14Jan2026 13:00",2026-01-14,2026-01-21,True
349354,11468,08280,dir_11,LOYAL WAY NW,"LOYAL WAY NW, NW/O 30TH AVE NW; TOTAL FLOW; CHTOT; 14Jan2026 13:00",2026-01-14,2026-01-21,True
349355,18915,14800,dir_11,NW 80TH ST,"NW 80TH ST, W/O 30TH AVE NW; TOTAL FLOW; CHTOTAL; 14Jan2026 13:15",2026-01-14,2026-01-21,True
349356,18915,14800,E,NW 80TH ST,"NW 80TH ST, W/O 30TH AVE NW; E FLOW; CHEB; 14Jan2026 13:15",2026-01-14,2026-01-21,True
349357,11468,08280,NW,LOYAL WAY NW,"LOYAL WAY NW, NW/O 30TH AVE NW; NW FLOW; CHAGG; 14Jan2026 13:00",2026-01-14,2026-01-21,True
349359,18915,14800,W,NW 80TH ST,"NW 80TH ST, W/O 30TH AVE NW; W FLOW; CHAGG; 14Jan2026 13:15",2026-01-14,2026-01-21,True
349361,4170,01915,S,28TH AVE NW,"28TH AVE NW, N/O NW 92ND ST; S FLOW; CHSB; 14Jan2026 13:30",2026-01-14,2026-01-21,True
349362,4170,01915,dir_11,28TH AVE NW,"28TH AVE NW, N/O NW 92ND ST; TOTAL FLOW; CHTOT; 14Jan2026 13:30",2026-01-14,2026-01-21,True
349363,4170,01915,N,28TH AVE NW,"28TH AVE NW, N/O NW 92ND ST; N FLOW; CHAGG; 14Jan2026 13:30",2026-01-14,2026-01-21,True
349365,4170,01915,N,28TH AVE NW,"28TH AVE NW, N/O NW 92ND ST; N FLOW; CHAGG; 14Jan2026 13:30",2026-01-14,2026-01-21,True
349367,19124,14950,E,NW 96TH ST,"NW 96TH ST, E/O 21ST AVE NW; E FLOW; CHEB; 14Jan2026 13:45",2026-01-14,2026-01-21,True
349368,19124,14950,dir_11,NW 96TH ST,"NW 96TH ST, E/O 21ST AVE NW; TOTAL FLOW; CHTOT; 14Jan2026 13:45",2026-01-14,2026-01-21,True
349369,19124,14950,W,NW 96TH ST,"NW 96TH ST, E/O 21ST AVE NW; W FLOW; CHAGG; 14Jan2026 13:45",2026-01-14,2026-01-21,True
349371,16478,12975,dir_11,NE 125TH ST,"NE 125TH ST, W/O ROOSEVELT S WAY NE; TOTAL FLOW; CHTOT; 15Jan2026 12:45",2026-01-15,2026-01-22,True
349372,16478,12975,W,NE 125TH ST,"NE 125TH ST, W/O ROOSEVELT S WAY NE; W FLOW; CHWB; 15Jan2026 12:45",2026-01-15,2026-01-22,True
349373,12660,09485,dir_11,ROOSEVELT WAY NE,"ROOSEVELT WAY NE, N/O NE 117TH ST; TOTAL FLOW; CHTOT; 15Jan2026 12:15",2026-01-15,2026-01-22,True
349374,12660,09485,N,ROOSEVELT WAY NE,"ROOSEVELT WAY NE, N/O NE 117TH ST; N FLOW; CHNB; 15Jan2026 12:15",2026-01-15,2026-01-22,True
349375,5398,02705,N,35TH AVE NE,"35TH AVE NE, N/O NE 130TH N ST; N FLOW; CHNB; 15Jan2026 12:00",2026-01-15,2026-01-22,True
349376,5398,02705,S,35TH AVE NE,"35TH AVE NE, N/O NE 130TH N ST; S FLOW; CHSB; 15Jan2026 12:00",2026-01-15,2026-01-22,True
349377,5389,02705,N,35TH AVE NE,"35TH AVE NE, S/O NE 113TH ST; N FLOW; CHNB; 15Jan2026 11:45",2026-01-15,2026-01-22,True
349378,5389,02705,dir_11,35TH AVE NE,"35TH AVE NE, S/O NE 113TH ST; TOTAL FLOW; CHTOT; 15Jan2026 11:45",2026-01-15,2026-01-22,True
349379,16286,12865,W,NE 110TH ST,"NE 110TH ST, E/O 30TH AVE NE; W FLOW; CHWB; 15Jan2026 11:15",2026-01-15,2026-01-22,True
349380,16286,12865,dir_11,NE 110TH ST,"NE 110TH ST, E/O 30TH AVE NE; TOTAL FLOW; CHTOT; 15Jan2026 11:15",2026-01-15,2026-01-22,True
349381,16478,12975,E,NE 125TH ST,"NE 125TH ST, W/O ROOSEVELT S WAY NE; E FLOW; CHAGG; 15Jan2026 12:45",2026-01-15,2026-01-22,True
349383,12660,09485,S,ROOSEVELT WAY NE,"ROOSEVELT WAY NE, N/O NE 117TH ST; S FLOW; CHAGG; 15Jan2026 12:15",2026-01-15,2026-01-22,True
349385,5398,02705,dir_11,35TH AVE NE,"35TH AVE NE, N/O NE 130TH N ST; TOTAL FLOW; CHAGG; 15Jan2026 12:00",2026-01-15,2026-01-22,True
349387,5389,02705,S,35TH AVE NE,"35TH AVE NE, S/O NE 113TH ST; S FLOW; CHAGG; 15Jan2026 11:45",2026-01-15,2026-01-22,True
349389,16286,12865,E,NE 110TH ST,"NE 110TH ST, E/O 30TH AVE NE; E FLOW; CHAGG; 15Jan2026 11:15",2026-01-15,2026-01-22,True
349391,2710,00920,N,19TH AVE NW,"19TH AVE NW, N/O NW 83RD ST; N FLOW; CHNB; 21Jan2026 13:30",2026-01-21,2026-01-28,True
349392,2710,00920,S,19TH AVE NW,"19TH AVE NW, N/O NW 83RD ST; S FLOW; CHSB; 21Jan2026 13:30",2026-01-21,2026-01-28,True
349393,15082,11815,E,N 117TH ST,"N 117TH ST, E/O 1ST AVE NW; E FLOW; CHEB; 21Jan2026 12:00",2026-01-21,2026-01-28,True
349394,15082,11815,W,N 117TH ST,"N 117TH ST, E/O 1ST AVE NW; W FLOW; CHWB; 21Jan2026 12:00",2026-01-21,2026-01-28,True
349395,2710,00920,dir_11,19TH AVE NW,"19TH AVE NW, N/O NW 83RD ST; TOTAL FLOW; CHAGG; 21Jan2026 13:30",2026-01-21,2026-01-28,True
349397,15082,11815,dir_11,N 117TH ST,"N 117TH ST, E/O 1ST AVE NW; TOTAL FLOW; CHAGG; 21Jan2026 12:00",2026-01-21,2026-01-28,True
349399,5002,02385,dir_11,32ND AVE NW,"32ND AVE NW, N/O NW 80TH ST; TOTAL FLOW; CHTOT; 21Jan2026 13:00",2026-01-21,2026-01-28,True
349400,5002,02385,S,32ND AVE NW,"32ND AVE NW, N/O NW 80TH ST; S FLOW; CHSB; 21Jan2026 13:00",2026-01-21,2026-01-28,True
349401,5002,02385,N,32ND AVE NW,"32ND AVE NW, N/O NW 80TH ST; N FLOW; CHAGG; 21Jan2026 13:00",2026-01-21,2026-01-28,True
349403,4382,02080,dir_11,3RD AVE,"3RD AVE, SE/O UNION ST; TOTAL FLOW; CHTOTAL; 05Jan2026 00:00",2026-01-05,2026-01-12,True
349404,13189,10110,dir_11,UNIVERSITY BR,"UNIVERSITY BR, SW/O POINT A; TOTAL FLOW; CHTOTAL; 05Jan2026 00:00",2026-01-05,2026-01-12,True
349405,13330,10258,dir_11,WEST SEATTLE BR EB,"WEST SEATTLE BR EB, E/O DELRIDGE-W SEATTLE BR EB ON RP; TOTAL FLOW; CHTOTAL; 05Jan2026 00:00",2026-01-05,2026-01-12,True
349406,830984,06556,NW,ELLIOTT WAY,"ELLIOTT WAY, NW/O LENORA ST; NW FLOW; CHNWB; 05Jan2026 00:00",2026-01-05,2026-01-12,True
349407,830984,06556,SE,ELLIOTT WAY,"ELLIOTT WAY, NW/O LENORA ST; SE FLOW; CHSEB; 05Jan2026 00:00",2026-01-05,2026-01-12,True
349408,11159,08015,dir_11,LAKE CITY WAY NE,"LAKE CITY WAY NE, NE/O NE 95TH ST; TOTAL FLOW; CHTOTAL; 05Jan2026 00:00",2026-01-05,2026-01-12,True
349409,830984,06556,dir_11,ELLIOTT WAY,"ELLIOTT WAY, NW/O LENORA ST; TOTAL FLOW; CHAGG; 05Jan2026 00:00",2026-01-05,2026-01-12,True
349411,2276,00685,N,16TH AVE NW,"16TH AVE NW, N/O NW 83RD ST; N FLOW; CHNB; 22Jan2026 11:45",2026-01-22,2026-01-29,True
349412,2276,00685,S,16TH AVE NW,"16TH AVE NW, N/O NW 83RD ST; S FLOW; CHSB; 22Jan2026 11:45",2026-01-22,2026-01-29,True
349415,22304,17790,E,SW HENDERSON ST,"SW HENDERSON ST, E/O 25TH AVE SW; E FLOW; CHEB; 23Jan2026 12:30",2026-01-23,2026-01-30,True
349416,22304,17790,W,SW HENDERSON ST,"SW HENDERSON ST, E/O 25TH AVE SW; W FLOW; CHWB; 23Jan2026 12:30",2026-01-23,2026-01-30,True
349417,22304,17790,dir_11,SW HENDERSON ST,"SW HENDERSON ST, E/O 25TH AVE SW; TOTAL FLOW; CHAGG; 23Jan2026 12:30",2026-01-23,2026-01-30,True
349419,8782,05095,E,ALKI AVE SW,"ALKI AVE SW, W/O HARBOR AVE SW; E FLOW; CHEB; 23Jan2026 11:45",2026-01-23,2026-01-30,True
349420,8782,05095,W,ALKI AVE SW,"ALKI AVE SW, W/O HARBOR AVE SW; W FLOW; CHWB; 23Jan2026 13:15 ( use 12/5/2025 Data )",2026-01-23,2026-01-30,True
349427,13346,10273,SW,WEST SEATTLE BR WB,"WEST SEATTLE BR WB, NE/O 35TH AVE SW; SW FLOW; CHSWB; 23Jan2026 14:00",2026-01-23,2026-01-30,True
349428,13333,10258,NE,WEST SEATTLE BR EB,"WEST SEATTLE BR EB, NE/O FAUNTLEROY WAY SW; NE FLOW; CHNEB; 23Jan2026 12:30",2026-01-23,2026-01-30,True
349429,13333,10258,dir_11,WEST SEATTLE BR EB,"WEST SEATTLE BR EB, NE/O FAUNTLEROY WAY SW; TOTAL FLOW; CHAGG; 23Jan2026 14:00",2026-01-23,2026-01-30,True
349431,20628,16420,E,S LANDER ST,"S LANDER ST, W/O 6TH AVE S; E FLOW; CHEB; 23Jan2026 15:00",2026-01-23,2026-01-30,True
349432,20628,16420,W,S LANDER ST,"S LANDER ST, W/O 6TH AVE S; W FLOW; CHWB; 23Jan2026 15:00",2026-01-23,2026-01-30,True
349434,352636,08299,N,M L KING JR WAY S,"M L KING JR ER WAY S, N/O S ANDOVER ST; N FLOW; CHNB; 23Jan2026 14:15",2026-01-23,2026-01-30,True
349435,20628,16420,dir_11,S LANDER ST,"S LANDER ST, W/O 6TH AVE S; TOTAL FLOW; CHAGG; 23Jan2026 15:00",2026-01-23,2026-01-30,True
349437,14395,11300,N,EAST MARGINAL WAY S,"EAST MARGINAL WAY S, S/O S ALASKA ST; N FLOW; CHNB; 23Jan2026 11:45 (use 12/5/2025 data )",2026-01-23,2026-01-30,True
349438,11530,08303,S,M L KING JR WAY S,"M L KING JR WR WAY S, N/O S ANDOVER ST; S FLOW; CHSB; 23Jan2026 14:30",2026-01-23,2026-01-30,True
349439,12409,09345,N,RAINIER AVE S,"RAINIER AVE S, S/O S OTHELLO ST; N FLOW; CHNB; 23Jan2026 14:00",2026-01-23,2026-01-30,True
349440,12409,09345,S,RAINIER AVE S,"RAINIER AVE S, S/O S OTHELLO ST; S FLOW; CHSB; 23Jan2026 13:45",2026-01-23,2026-01-30,True
349445,12409,09345,dir_11,RAINIER AVE S,"RAINIER AVE S, S/O S OTHELLO ST; TOTAL FLOW; CHAGG; 23Jan2026 14:00",2026-01-23,2026-01-30,True
349447,2276,00685,dir_11,16TH AVE NW,"16TH AVE NW, N/O NW 83RD ST; TOTAL FLOW; CHAGG; 22Jan2026 11:45",2026-01-22,2026-01-29,True
349449,11372,08195,SW,LENORA ST,"LENORA ST, SW/O 7TH AVE; SW FLOW; CHSWB SWB; 27Jan2026 11:00",2026-01-27,2026-02-03,True
349450,11370,08195,SW,LENORA ST,"LENORA ST, SW/O 5TH AVE; SW FLOW; CHSWB SWB; 27Jan2026 11:30",2026-01-27,2026-02-03,True
349451,5713,02890,N,37TH AVE NE,"37TH AVE NE, N/O NE 130TH ST; N FLOW; CHNB; 27Jan2026 13:15",2026-01-27,2026-02-03,True
349452,5713,02890,S,37TH AVE NE,"37TH AVE NE, N/O NE 130TH ST; S FLOW; CHSB; 27Jan2026 13:15",2026-01-27,2026-02-03,True
349453,5714,02890,N,37TH AVE NE,"37TH AVE NE, N/O NE 135TH E ST; N FLOW; CHNB; 27Jan2026 13:45",2026-01-27,2026-02-03,True
349454,5714,02890,S,37TH AVE NE,"37TH AVE NE, N/O NE 135TH E ST; S FLOW; CHSB; 27Jan2026 13:45",2026-01-27,2026-02-03,True
349455,5713,02890,dir_11,37TH AVE NE,"37TH AVE NE, N/O NE 130TH ST; TOTAL FLOW; CHAGG; 27Jan2026 13:15",2026-01-27,2026-02-03,True
349457,5714,02890,dir_11,37TH AVE NE,"37TH AVE NE, N/O NE 135TH E ST; TOTAL FLOW; CHAGG; 27Jan2026 13:45",2026-01-27,2026-02-03,True
349459,17265,13465,E,NE 65TH ST,"NE 65TH ST, E/O 14TH AVE NE; E FLOW; CHEB; 28Jan2026 11:00",2026-01-28,2026-02-04,True
349460,17265,13465,W,NE 65TH ST,"NE 65TH ST, E/O 14TH AVE NE; W FLOW; CHWB; 28Jan2026 11:00",2026-01-28,2026-02-04,True
349461,1092,00020,N,1ST AVE NE,"1ST AVE NE, N/O NE 94TH ST; N FLOW; CHNB; 28Jan2026 11:15",2026-01-28,2026-02-04,True
349462,1092,00020,S,1ST AVE NE,"1ST AVE NE, N/O NE 94TH ST; S FLOW; CHSB; 28Jan2026 11:15",2026-01-28,2026-02-04,True
349463,1093,00020,N,1ST AVE NE,"1ST AVE NE, N/O NE 95TH ST; N FLOW; CHNB; 28Jan2026 11:30",2026-01-28,2026-02-04,True
349464,1093,00020,S,1ST AVE NE,"1ST AVE NE, N/O NE 95TH ST; S FLOW; CHSB; 28Jan2026 11:30",2026-01-28,2026-02-04,True
349465,7260,03895,N,5TH AVE NE,"5TH AVE NE, N/O NE 117TH ST; N FLOW; CHNB; 28Jan2026 12:00",2026-01-28,2026-02-04,True
349466,7260,03895,S,5TH AVE NE,"5TH AVE NE, N/O NE 117TH ST; S FLOW; CHSB; 28Jan2026 12:00",2026-01-28,2026-02-04,True
349467,11824,08620,N,MERIDIAN AVE N,"MERIDIAN AVE N, N/O N 106TH ST; N FLOW; CHNB NB; 28Jan2026 12:30",2026-01-28,2026-02-04,True
349468,11824,08620,S,MERIDIAN AVE N,"MERIDIAN AVE N, N/O N 106TH ST; S FLOW; CHSB SB; 28Jan2026 12:15",2026-01-28,2026-02-04,True
349469,9941,06265,N,DAYTON AVE N,"DAYTON AVE N, N/O N 110TH ST; N FLOW; CHNB; 28Jan2026 13:00",2026-01-28,2026-02-04,True
349470,9941,06265,S,DAYTON AVE N,"DAYTON AVE N, N/O N 110TH ST; S FLOW; CHSB; 28Jan2026 13:00",2026-01-28,2026-02-04,True
349471,17265,13465,dir_11,NE 65TH ST,"NE 65TH ST, E/O 14TH AVE NE; TOTAL FLOW; CHAGG; 28Jan2026 11:00",2026-01-28,2026-02-04,True
349473,1092,00020,dir_11,1ST AVE NE,"1ST AVE NE, N/O NE 94TH ST; TOTAL FLOW; CHAGG; 28Jan2026 11:15",2026-01-28,2026-02-04,True
349475,1093,00020,dir_11,1ST AVE NE,"1ST AVE NE, N/O NE 95TH ST; TOTAL FLOW; CHAGG; 28Jan2026 11:30",2026-01-28,2026-02-04,True
349477,7260,03895,dir_11,5TH AVE NE,"5TH AVE NE, N/O NE 117TH ST; TOTAL FLOW; CHAGG; 28Jan2026 12:00",2026-01-28,2026-02-04,True
349479,11824,08620,dir_11,MERIDIAN AVE N,"MERIDIAN AVE N, N/O N 106TH ST; TOTAL FLOW; CHAGG; 28Jan2026 12:30",2026-01-28,2026-02-04,True
349481,9941,06265,dir_11,DAYTON AVE N,"DAYTON AVE N, N/O N 110TH ST; TOTAL FLOW; CHAGG; 28Jan2026 13:00",2026-01-28,2026-02-04,True
349483,8094,04605,N,62ND AVE S,"62ND AVE S, S/O S RYAN ST; N FLOW; CHNB; 29Jan2026 16:30",2026-01-29,2026-02-05,True
349484,8094,04605,S,62ND AVE S,"62ND AVE S, S/O S RYAN ST; S FLOW; CHSB; 29Jan2026 16:30",2026-01-29,2026-02-05,True
349485,9941,06265,dir_11,DAYTON AVE N,"DAYTON AVE N, N/O N 110TH ST; TOTAL FLOW; CHAGG; 28Jan2026 13:00",2026-01-28,2026-02-04,True
349487,17265,13465,dir_11,NE 65TH ST,"NE 65TH ST, E/O 14TH AVE NE; TOTAL FLOW; CHAGG; 28Jan2026 11:00",2026-01-28,2026-02-04,True
349489,10576,06910,NW,FUHRMAN AVE E,"FUHRMAN AVE E, SE/O BROADWAY E; NW FLOW; CHNWB; 29Jan2026 14:30",2026-01-29,2026-02-05,True
349490,10576,06910,SE,FUHRMAN AVE E,"FUHRMAN AVE E, SE/O BROADWAY E; SE FLOW; CHSEB; 29Jan2026 14:30",2026-01-29,2026-02-05,True
349491,10573,06910,NW,FUHRMAN AVE E,"FUHRMAN AVE E, SE/O E GWINN PL; NW FLOW; CHNWB; 29Jan2026 15:00",2026-01-29,2026-02-05,True
349492,10573,06910,SE,FUHRMAN AVE E,"FUHRMAN AVE E, SE/O E GWINN PL; SE FLOW; CHSEB; 29Jan2026 15:00",2026-01-29,2026-02-05,True
349493,10576,06910,dir_11,FUHRMAN AVE E,"FUHRMAN AVE E, SE/O BROADWAY E; TOTAL FLOW; CHAGG; 29Jan2026 14:30",2026-01-29,2026-02-05,True
349495,10573,06910,dir_11,FUHRMAN AVE E,"FUHRMAN AVE E, SE/O E GWINN PL; TOTAL FLOW; CHAGG; 29Jan2026 15:00",2026-01-29,2026-02-05,True
349497,8094,04605,dir_11,62ND AVE S,"62ND AVE S, S/O S RYAN ST; TOTAL FLOW; CHAGG; 29Jan2026 16:30",2026-01-29,2026-02-05,True
349499,8123,04645,N,64TH AVE S,"64TH AVE S, N/O S RYAN ST; N FLOW; CHNB; 29Jan2026 16:45",2026-01-29,2026-02-05,True
349500,8123,04645,S,64TH AVE S,"64TH AVE S, N/O S RYAN ST; S FLOW; CHSB; 29Jan2026 16:45",2026-01-29,2026-02-05,True
349501,8123,04645,dir_11,64TH AVE S,"64TH AVE S, N/O S RYAN ST; TOTAL FLOW; CHAGG; 29Jan2026 16:45",2026-01-29,2026-02-05,True
349503,14073,11075,NE,EAST GREEN LAKE WAY N,"EAST GREEN LAKE WAY N, NE/O N 57TH ST; NE FLOW; CHNEB; 21Jan2026 13:45",2026-01-21,2026-01-28,True
349504,14073,11075,SE,EAST GREEN LAKE WAY N,"EAST GREEN LAKE WAY N, NE/O N 57TH ST; SE FLOW; CHSEB; 21Jan2026 13:45",2026-01-21,2026-01-28,True
349505,19223,15130,W,NW MARKET ST,"NW MARKET ST, W/O 8TH AVE NW; W FLOW; CHWB; 21Jan2026 13:00",2026-01-21,2026-01-28,True
349506,19223,15130,E,NW MARKET ST,"NW MARKET ST, W/O 8TH AVE NW; E FLOW; CHEB; 21Jan2026 12:45",2026-01-21,2026-01-28,True
349507,15962,12500,W,N 85TH ST,"N 85TH ST, W/O ASHWORTH AVE N; W FLOW; CHWB; 21Jan2026 15:00",2026-01-21,2026-01-28,True
349508,12807,09630,N,SEWARD PARK AVE S,"SEWARD PARK AVE S, N/O S KENYON ST; N FLOW; CHNB; 29Jan2026 11:15",2026-01-29,2026-02-05,True
349509,12807,09630,S,SEWARD PARK AVE S,"SEWARD PARK AVE S, N/O S KENYON ST; S FLOW; CHSB; 29Jan2026 11:15",2026-01-29,2026-02-05,True
349510,12807,09630,dir_11,SEWARD PARK AVE S,"SEWARD PARK AVE S, N/O S KENYON ST; TOTAL FLOW; CHAGG; 29Jan2026 11:15",2026-01-29,2026-02-05,True
349512,11230,08060,NW,LAKE WASHINGTON BLVD S,"LAKE WASHINGTON BLVD S, SE/O LAKE PARK DR S; NW FLOW; CHNWB; 30Jan2026 11:30",2026-01-30,2026-02-06,True
349513,11230,08060,SE,LAKE WASHINGTON BLVD S,"LAKE WASHINGTON BLVD S, SE/O LAKE PARK DR S; SE FLOW; CHSEB; 30Jan2026 11:30",2026-01-30,2026-02-06,True
349514,11243,08060,NW,LAKE WASHINGTON BLVD S,"LAKE WASHINGTON BLVD S, SE/O S ANGELINE ST; NW FLOW; CHNWB; 30Jan2026 12:00",2026-01-30,2026-02-06,True
349515,11230,08060,dir_11,LAKE WASHINGTON BLVD S,"LAKE WASHINGTON BLVD S, SE/O LAKE PARK DR S; TOTAL FLOW; CHAGG; 30Jan2026 11:30",2026-01-30,2026-02-06,True
349517,11243,08060,SE,LAKE WASHINGTON BLVD S,"LAKE WASHINGTON BLVD S, SE/O S ANGELINE ST; SE FLOW; CHSEB; 30Jan2026 12:00",2026-01-30,2026-02-06,True
349518,11243,08060,dir_11,LAKE WASHINGTON BLVD S,"LAKE WASHINGTON BLVD S, SE/O S ANGELINE ST; TOTAL FLOW; CHAGG; 30Jan2026 12:00",2026-01-30,2026-02-06,True
349520,11245,08060,N,LAKE WASHINGTON BLVD S,"LAKE WASHINGTON BLVD S, S/O S DAWSON ST; N FLOW; CHNB; 30Jan2026 12:30",2026-01-30,2026-02-06,True
349521,11245,08060,S,LAKE WASHINGTON BLVD S,"LAKE WASHINGTON BLVD S, S/O S DAWSON ST; S FLOW; CHSB; 30Jan2026 12:30",2026-01-30,2026-02-06,True
349522,11245,08060,dir_11,LAKE WASHINGTON BLVD S,"LAKE WASHINGTON BLVD S, S/O S DAWSON ST; TOTAL FLOW; CHAGG; 30Jan2026 12:30",2026-01-30,2026-02-06,True
349524,12159,09115,N,PHINNEY AVE N,"PHINNEY AVE N, S/O N 65TH ST; N FLOW; CHNB NB; 29Jan2026 15:15",2026-01-29,2026-02-05,True
349525,12762,09595,N,SEAVIEW AVE NW,"SEAVIEW AVE NW, N/O NW 67TH ST; N FLOW; CHNB NB; 29Jan2026 14:00",2026-01-29,2026-02-05,True
349526,12762,09595,S,SEAVIEW AVE NW,"SEAVIEW AVE NW, N/O NW 67TH ST; S FLOW; CHSB SB; 29Jan2026 14:00",2026-01-29,2026-02-05,True
349527,12159,09115,dir_11,PHINNEY AVE N,"PHINNEY AVE N, S/O N 65TH ST; TOTAL FLOW; CHAGG; 29Jan2026 15:15",2026-01-29,2026-02-05,True
349529,12762,09595,dir_11,SEAVIEW AVE NW,"SEAVIEW AVE NW, N/O NW 67TH ST; TOTAL FLOW; CHAGG; 29Jan2026 14:00",2026-01-29,2026-02-05,True
349531,14073,11075,dir_11,EAST GREEN LAKE WAY N,"EAST GREEN LAKE WAY N, NE/O N 57TH ST; TOTAL FLOW; CHAGG; 21Jan2026 13:45",2026-01-21,2026-01-28,True
349533,15962,12500,E,N 85TH ST,"N 85TH ST, W/O ASHWORTH AVE N; E FLOW; CHEB; 21Jan2026 15:00",2026-01-21,2026-01-28,True
349534,15962,12500,W,N 85TH ST,"N 85TH ST, W/O ASHWORTH AVE N; W FLOW; CHWB; 21Jan2026 15:00",2026-01-21,2026-01-28,True
349535,15962,12500,dir_11,N 85TH ST,"N 85TH ST, W/O ASHWORTH AVE N; TOTAL FLOW; CHAGG; 21Jan2026 15:00",2026-01-21,2026-01-28,True
349537,19223,15130,dir_11,NW MARKET ST,"NW MARKET ST, W/O 8TH AVE NW; TOTAL FLOW; CHAGG; 21Jan2026 13:00",2026-01-21,2026-01-28,True
349539,13202,10115,NE,UNIVERSITY ST,"UNIVERSITY ST, SW/O 4TH AVE; NE FLOW; CHNEB; 22Jan2026 13:30",2026-01-22,2026-01-29,True
349540,8728,05045,NW,ALASKAN WAY,"ALASKAN WAY, SE/O BLANCHARD ST; NW FLOW; CHNWB; 22Jan2026 14:00",2026-01-22,2026-01-29,True
349541,8728,05045,SE,ALASKAN WAY,"ALASKAN WAY, SE/O BLANCHARD ST; SE FLOW; CHSEB; 22Jan2026 11:45 ( use 12/04/2025 data)",2026-01-22,2026-01-29,True
349542,8728,05045,dir_11,ALASKAN WAY,"ALASKAN WAY, SE/O BLANCHARD ST; TOTAL FLOW; CHAGG; 22Jan2026 14:00",2026-01-22,2026-01-29,True
349544,14348,11275,NE,E MADISON ST,"E MADISON ST, SW/O 17TH AVE; NE FLOW; CHNEB; 22Jan2026 16:45",2026-01-22,2026-01-29,True
349545,14348,11275,SW,E MADISON ST,"E MADISON ST, SW/O 17TH AVE; SW FLOW; CHSWB; 22Jan2026 17:00",2026-01-22,2026-01-29,True
349546,14348,11275,dir_11,E MADISON ST,"E MADISON ST, SW/O 17TH AVE; TOTAL FLOW; CHAGG; 22Jan2026 17:00",2026-01-22,2026-01-29,True
349548,12312,09315,N,QUEEN ANNE AVE N,"QUEEN ANNE AVE N, S/O CROCKETT ST; N FLOW; CHNB; 22Jan2026 11:00",2026-01-22,2026-01-29,True
349549,12312,09315,S,QUEEN ANNE AVE N,"QUEEN ANNE AVE N, S/O CROCKETT ST; S FLOW; CHSB; 22Jan2026 11:00",2026-01-22,2026-01-29,True
349550,10000,06345,E,DENNY WAY,"DENNY WAY, W/O 2ND AVE; E FLOW; CHEB; 22Jan2026 10:45",2026-01-22,2026-01-29,True
349551,10000,06345,W,DENNY WAY,"DENNY WAY, W/O 2ND AVE; W FLOW; CHWB; 22Jan2026 11:00",2026-01-22,2026-01-29,True
349552,12900,09800,SW,STEWART ST,"STEWART ST, NE/O 4TH AVE; SW FLOW; CHSWB; 22Jan2026 10:30",2026-01-22,2026-01-29,True
349553,12312,09315,dir_11,QUEEN ANNE AVE N,"QUEEN ANNE AVE N, S/O CROCKETT ST; TOTAL FLOW; CHAGG; 22Jan2026 11:00",2026-01-22,2026-01-29,True
349555,10000,06345,dir_11,DENNY WAY,"DENNY WAY, W/O 2ND AVE; TOTAL FLOW; CHAGG; 22Jan2026 11:00",2026-01-22,2026-01-29,True
349557,10563,06875,N,FREMONT BR,"FREMONT BR, N/O POINT A; N FLOW; CHNB NB; 23Jan2026 00:00",2026-01-23,2026-01-30,True
349558,10563,06875,S,FREMONT BR,"FREMONT BR, N/O POINT A; S FLOW; CHSB SB; 23Jan2026 00:00",2026-01-23,2026-01-30,True
349559,10563,06875,dir_11,FREMONT BR,"FREMONT BR, N/O POINT A; TOTAL FLOW; CHAGG; 23Jan2026 00:00",2026-01-23,2026-01-30,True
349561,9334,05575,NW,BOREN AVE S,"BOREN AVE S, SE/O S MAIN ST; NW FLOW; CHNWB NWB; 03Feb2026 13:00",2026-02-03,2026-02-10,True
349562,9334,05575,SE,BOREN AVE S,"BOREN AVE S, SE/O S MAIN ST; SE FLOW; CHSEB SEB; 03Feb2026 13:30",2026-02-03,2026-02-10,True
349563,9334,05575,dir_11,BOREN AVE S,"BOREN AVE S, SE/O S MAIN ST; TOTAL FLOW; CHAGG; 03Feb2026 13:30",2026-02-03,2026-02-10,True
349565,12312,09315,S,QUEEN ANNE AVE N,"QUEEN ANNE AVE N, S/O CROCKETT ST; S FLOW; CHAGG; 04Dec2025 12:00",2025-12-04,2025-12-11,True
349567,12483,09380,NE,RAVENNA AVE NE,"RAVENNA AVE NE, NE/O NE 105TH ST; NE FLOW; CHNEB; 03Feb2026 11:15",2026-02-03,2026-02-10,True
349568,12483,09380,dir_11,RAVENNA AVE NE,"RAVENNA AVE NE, NE/O NE 105TH ST; TOTAL FLOW; CHTOT; 03Feb2026 11:15",2026-02-03,2026-02-10,True
349569,17952,13815,W,NE 98TH ST,"NE 98TH ST, W/O RAVENNA AVE NE; W FLOW; CHWB; 03Feb2026 11:30",2026-02-03,2026-02-10,True
349570,17952,13815,dir_11,NE 98TH ST,"NE 98TH ST, W/O RAVENNA AVE NE; TOTAL FLOW; CHTOT; 03Feb2026 11:30",2026-02-03,2026-02-10,True
349571,3577,01480,dir_11,24TH AVE NE,"24TH AVE NE, N/O LAKE CITY WAY NE; TOTAL FLOW; CHTOT; 03Feb2026 11:45",2026-02-03,2026-02-10,True
349572,3577,01480,NW,24TH AVE NE,"24TH AVE NE, N/O LAKE CITY WAY NE; NW FLOW; CHNWB; 03Feb2026 11:45",2026-02-03,2026-02-10,True
349575,17620,13640,dir_11,NE 80TH ST,"NE 80TH ST, W/O 19TH AVE NE; TOTAL FLOW; CHTOT; 03Feb2026 12:15",2026-02-03,2026-02-10,True
349576,17620,13640,W,NE 80TH ST,"NE 80TH ST, W/O 19TH AVE NE; W FLOW; CHWB; 03Feb2026 12:15",2026-02-03,2026-02-10,True
349577,11561,08299,dir_11,M L KING JR WAY S,"M L KING JR ER WAY S, S/O S OTHELLO ST; TOTAL FLOW; CHAGG; 07Nov2025 10:30",2025-11-07,2025-11-14,True
349580,486588,08299,dir_11,M L KING JR WAY S,"M L KING JR ER WAY S, S/O S MYRTLE ST; TOTAL FLOW; CHAGG; 07Nov2025 11:15",2025-11-07,2025-11-14,True
349584,12483,09380,SW,RAVENNA AVE NE,"RAVENNA AVE NE, NE/O NE 105TH ST; SW FLOW; CHAGG; 03Feb2026 11:15",2026-02-03,2026-02-10,True
349586,484894,08299,dir_11,M L KING JR WAY S,"M L KING JR ER WAY S, N/O S ALASKA ST; TOTAL FLOW; CHAGG; 04Oct2025 00:00",2025-10-04,2025-10-11,True
349588,17952,13815,E,NE 98TH ST,"NE 98TH ST, W/O RAVENNA AVE NE; E FLOW; CHAGG; 03Feb2026 11:30",2026-02-03,2026-02-10,True
349590,3577,01480,SE,24TH AVE NE,"24TH AVE NE, N/O LAKE CITY WAY NE; SE FLOW; CHAGG; 03Feb2026 11:45",2026-02-03,2026-02-10,True
349594,22521,17913,dir_11,SW KLICKITAT WAY,"SW KLICKITAT SR WAY, W/O 11TH CR AVE SW; TOTAL FLOW; CHAGG; 25Mar2025 11:00",2025-03-25,2025-04-01,True
349596,11834,08620,dir_11,MERIDIAN AVE N,"MERIDIAN AVE N, S/O N 130TH ST; TOTAL FLOW; CHTOT; 14Jan2026 00:00",2026-01-14,2026-01-21,True
349597,11834,08620,N,MERIDIAN AVE N,"MERIDIAN AVE N, S/O N 130TH ST; N FLOW; CHNB; 14Jan2026 00:00",2026-01-14,2026-01-21,True
349598,11834,08620,S,MERIDIAN AVE N,"MERIDIAN AVE N, S/O N 130TH ST; S FLOW; CHAGG; 14Jan2026 00:00",2026-01-14,2026-01-21,True
349600,1104,00020,dir_11,1ST AVE NE,"1ST AVE NE, S/O N 128TH ST; TOTAL FLOW; CHTOT; 14Jan2026 00:00",2026-01-14,2026-01-21,True
349601,1104,00020,N,1ST AVE NE,"1ST AVE NE, S/O N 128TH ST; N FLOW; CHNB; 14Jan2026 00:00",2026-01-14,2026-01-21,True
349602,1104,00020,S,1ST AVE NE,"1ST AVE NE, S/O N 128TH ST; S FLOW; CHAGG; 14Jan2026 00:00",2026-01-14,2026-01-21,True
349604,11746,08620,dir_11,MERIDIAN AVE N,"MERIDIAN AVE N, S/O N 133RD ST; TOTAL FLOW; CHTOT; 14Jan2026 00:00",2026-01-14,2026-01-21,True
349605,11746,08620,N,MERIDIAN AVE N,"MERIDIAN AVE N, S/O N 133RD ST; N FLOW; CHNB; 14Jan2026 00:00",2026-01-14,2026-01-21,True
349606,11746,08620,S,MERIDIAN AVE N,"MERIDIAN AVE N, S/O N 133RD ST; S FLOW; CHAGG; 14Jan2026 00:00",2026-01-14,2026-01-21,True
349608,15133,11850,dir_11,N 125TH ST,"N 125TH ST, W/O ASHWORTH AVE N; TOTAL FLOW; CHTOT; 14Jan2026 00:00",2026-01-14,2026-01-21,True
349609,15133,11850,W,N 125TH ST,"N 125TH ST, W/O ASHWORTH AVE N; W FLOW; CHWB; 14Jan2026 00:00",2026-01-14,2026-01-21,True
349610,15133,11850,E,N 125TH ST,"N 125TH ST, W/O ASHWORTH AVE N; E FLOW; CHAGG; 14Jan2026 00:00",2026-01-14,2026-01-21,True
349612,8782,05095,dir_11,ALKI AVE SW,"ALKI AVE SW, W/O HARBOR AVE SW; TOTAL FLOW; CHAGG; 23Jan2026 13:15",2026-01-23,2026-01-30,True
349614,22804,18176,E,SW SPOKANE ST BR,"SW SPOKANE BR, W/O SW SPOKANE E ST; E FLOW; CHEB; 23Jan2026 11:30",2026-01-23,2026-01-30,True
349615,22804,18176,W,SW SPOKANE ST BR,"SW SPOKANE BR, W/O SW SPOKANE E ST; W FLOW; CHWB; 23Jan2026 11:30",2026-01-23,2026-01-30,True
349616,22804,18176,dir_11,SW SPOKANE ST BR,"SW SPOKANE BR, W/O SW SPOKANE E ST; TOTAL FLOW; CHAGG; 23Jan2026 11:30",2026-01-23,2026-01-30,True
349618,14395,11300,S,EAST MARGINAL WAY S,"EAST MARGINAL WAY S, S/O S ALASKA ST; S FLOW; CHSB; 23Jan2026 09:30",2026-01-23,2026-01-30,True
349619,14395,11300,dir_11,EAST MARGINAL WAY S,"EAST MARGINAL WAY S, S/O S ALASKA ST; TOTAL FLOW; CHAGG; 23Jan2026 11:45",2026-01-23,2026-01-30,True
349621,352636,08299,dir_11,M L KING JR WAY S,"M L KING JR ER WAY S, N/O S ANDOVER ST; TOTAL FLOW; CHAGG; 23Jan2026 14:30",2026-01-23,2026-01-30,True
349623,17620,13640,E,NE 80TH ST,"NE 80TH ST, W/O 19TH AVE NE; E FLOW; CHAGG; 03Feb2026 12:15",2026-02-03,2026-02-10,True
349625,14073,11075,NE,EAST GREEN LAKE WAY N,"EAST GREEN LAKE WAY N, NE/O N 57TH ST; NE FLOW; CHNEB; 10Feb2026 14:00",2026-02-10,2026-02-17,True
349626,14073,11075,SW,EAST GREEN LAKE WAY N,"EAST GREEN LAKE WAY N, NE/O N 57TH ST; SW FLOW; CHSWB; 10Feb2026 14:00",2026-02-10,2026-02-17,True
349627,15962,12500,E,N 85TH ST,"N 85TH ST, W/O ASHWORTH AVE N; E FLOW; CHEB; 10Feb2026 14:00",2026-02-10,2026-02-17,True
349628,15962,12500,W,N 85TH ST,"N 85TH ST, W/O ASHWORTH AVE N; W FLOW; CHWB; 10Feb2026 14:00",2026-02-10,2026-02-17,True
349629,19223,15130,E,NW MARKET ST,"NW MARKET ST, W/O 8TH AVE NW; E FLOW; CHEB; 10Feb2026 14:00",2026-02-10,2026-02-17,True
349630,19223,15130,W,NW MARKET ST,"NW MARKET ST, W/O 8TH AVE NW; W FLOW; CHWB; 10Feb2026 14:00",2026-02-10,2026-02-17,True
349631,14073,11075,dir_11,EAST GREEN LAKE WAY N,"EAST GREEN LAKE WAY N, NE/O N 57TH ST; TOTAL FLOW; CHAGG; 10Feb2026 14:00",2026-02-10,2026-02-17,True
349633,15962,12500,dir_11,N 85TH ST,"N 85TH ST, W/O ASHWORTH AVE N; TOTAL FLOW; CHAGG; 10Feb2026 14:00",2026-02-10,2026-02-17,True
349635,19223,15130,dir_11,NW MARKET ST,"NW MARKET ST, W/O 8TH AVE NW; TOTAL FLOW; CHAGG; 10Feb2026 14:00",2026-02-10,2026-02-17,True
349637,11597,08305,NW,MADRONA DR,"MADRONA DR, SE/O GRAND AVE; NW FLOW; CHNWB; 13Feb2026 10:45",2026-02-13,2026-02-20,True
349638,11597,08305,SE,MADRONA DR,"MADRONA DR, SE/O GRAND AVE; SE FLOW; CHSEB; 13Feb2026 10:45",2026-02-13,2026-02-20,True
349639,11597,08305,dir_11,MADRONA DR,"MADRONA DR, SE/O GRAND AVE; TOTAL FLOW; CHAGG; 13Feb2026 10:45",2026-02-13,2026-02-20,True
349641,11599,08305,N,MADRONA DR,"MADRONA DR, N/O E OLIVE ST; N FLOW; CHNB; 13Feb2026 10:45",2026-02-13,2026-02-20,True
349642,11599,08305,S,MADRONA DR,"MADRONA DR, N/O E OLIVE ST; S FLOW; CHSB; 13Feb2026 10:45",2026-02-13,2026-02-20,True
349643,11599,08305,dir_11,MADRONA DR,"MADRONA DR, N/O E OLIVE ST; TOTAL FLOW; CHAGG; 13Feb2026 10:45",2026-02-13,2026-02-20,True
349649,8782,05095,E,ALKI AVE SW,"ALKI AVE SW, W/O HARBOR AVE SW; E FLOW; CHEB; 11Feb2026 13:00",2026-02-11,2026-02-18,True
349650,8782,05095,W,ALKI AVE SW,"ALKI AVE SW, W/O HARBOR AVE SW; W FLOW; CHWB; 11Feb2026 11:00",2026-02-11,2026-02-18,True
349651,8782,05095,dir_11,ALKI AVE SW,"ALKI AVE SW, W/O HARBOR AVE SW; TOTAL FLOW; CHAGG; 11Feb2026 13:00",2026-02-11,2026-02-18,True
349661,20628,16420,E,S LANDER ST,"S LANDER ST, W/O 6TH AVE S; E FLOW; CHEB; 11Feb2026 14:00",2026-02-11,2026-02-18,True
349662,20628,16420,W,S LANDER ST,"S LANDER ST, W/O 6TH AVE S; W FLOW; CHWB; 11Feb2026 11:00",2026-02-11,2026-02-18,True
349663,20628,16420,dir_11,S LANDER ST,"S LANDER ST, W/O 6TH AVE S; TOTAL FLOW; CHAGG; 11Feb2026 14:00",2026-02-11,2026-02-18,True
349665,22578,17970,E,SW MASSACHUSETTS ST,"SW MASSACHUSETTS ST, W/O 47TH AVE SW; E FLOW; CHEB; 17Feb2026 13:45",2026-02-17,2026-02-24,True
349666,11232,08060,NW,LAKE WASHINGTON BLVD S,"LAKE WASHINGTON BLVD S, NW/O 43RD AVE S; NW FLOW; CHNWB; 17Feb2026 18:00",2026-02-17,2026-02-24,True
349667,11232,08060,SE,LAKE WASHINGTON BLVD S,"LAKE WASHINGTON BLVD S, NW/O 43RD AVE S; SE FLOW; CHSEB; 17Feb2026 18:00",2026-02-17,2026-02-24,True
349668,11232,08060,dir_11,LAKE WASHINGTON BLVD S,"LAKE WASHINGTON BLVD S, NW/O 43RD AVE S; TOTAL FLOW; CHAGG; 17Feb2026 18:00",2026-02-17,2026-02-24,True
349670,13059,09970,NW,SYLVAN WAY SW,"SYLVAN WAY SW, SE/O SW MORGAN E ST; NW FLOW; CHNWB; 17Feb2026 11:45",2026-02-17,2026-02-24,True
349671,13059,09970,SE,SYLVAN WAY SW,"SYLVAN WAY SW, SE/O SW MORGAN E ST; SE FLOW; CHSEB; 17Feb2026 11:45",2026-02-17,2026-02-24,True
349672,13059,09970,dir_11,SYLVAN WAY SW,"SYLVAN WAY SW, SE/O SW MORGAN E ST; TOTAL FLOW; CHAGG; 17Feb2026 11:45",2026-02-17,2026-02-24,True
349674,12312,09315,N,QUEEN ANNE AVE N,"QUEEN ANNE AVE N, S/O CROCKETT ST; N FLOW; CHNB; 12Feb2026 13:00",2026-02-12,2026-02-19,True
349675,12312,09315,S,QUEEN ANNE AVE N,"QUEEN ANNE AVE N, S/O CROCKETT ST; S FLOW; CHSB; 12Feb2026 13:00",2026-02-12,2026-02-19,True
349678,12900,09800,SW,STEWART ST,"STEWART ST, NE/O 4TH AVE; SW FLOW; CHSWB; 12Feb2026 13:00",2026-02-12,2026-02-19,True
349679,22578,17970,W,SW MASSACHUSETTS ST,"SW MASSACHUSETTS ST, W/O 47TH AVE SW; W FLOW; CHWB; 17Feb2026 13:45",2026-02-17,2026-02-24,True
349680,22578,17970,dir_11,SW MASSACHUSETTS ST,"SW MASSACHUSETTS ST, W/O 47TH AVE SW; TOTAL FLOW; CHAGG; 17Feb2026 13:45",2026-02-17,2026-02-24,True
349682,22577,17970,E,SW MASSACHUSETTS ST,"SW MASSACHUSETTS ST, E/O 47TH AVE SW; E FLOW; CHEB; 17Feb2026 13:45",2026-02-17,2026-02-24,True
349683,22577,17970,W,SW MASSACHUSETTS ST,"SW MASSACHUSETTS ST, E/O 47TH AVE SW; W FLOW; CHWB; 17Feb2026 13:45",2026-02-17,2026-02-24,True
349684,22577,17970,dir_11,SW MASSACHUSETTS ST,"SW MASSACHUSETTS ST, E/O 47TH AVE SW; TOTAL FLOW; CHAGG; 17Feb2026 13:45",2026-02-17,2026-02-24,True
349686,2624,00865,N,18TH AVE SW,"18TH AVE SW, S/O SW BRANDON ST; N FLOW; CHNB; 18Feb2026 12:15",2026-02-18,2026-02-25,True
349687,2624,00865,S,18TH AVE SW,"18TH AVE SW, S/O SW BRANDON ST; S FLOW; CHSB; 18Feb2026 12:15",2026-02-18,2026-02-25,True
349688,2625,00865,N,18TH AVE SW,"18TH AVE SW, S/O SW JUNEAU ST; N FLOW; CHNB; 18Feb2026 12:30",2026-02-18,2026-02-25,True
349689,2625,00865,S,18TH AVE SW,"18TH AVE SW, S/O SW JUNEAU ST; S FLOW; CHSB; 18Feb2026 12:30",2026-02-18,2026-02-25,True
349690,2626,00865,N,18TH AVE SW,"18TH AVE SW, S/O SW GRAHAM ST; N FLOW; CHNB; 18Feb2026 12:45",2026-02-18,2026-02-25,True
349691,2626,00865,S,18TH AVE SW,"18TH AVE SW, S/O SW GRAHAM ST; S FLOW; CHSB; 18Feb2026 12:45",2026-02-18,2026-02-25,True
349692,2627,00865,N,18TH AVE SW,"18TH AVE SW, S/O SW HOLLY ST; N FLOW; CHNB; 18Feb2026 13:15",2026-02-18,2026-02-25,True
349693,2627,00865,S,18TH AVE SW,"18TH AVE SW, S/O SW HOLLY ST; S FLOW; CHSB; 18Feb2026 13:15",2026-02-18,2026-02-25,True
349694,2624,00865,dir_11,18TH AVE SW,"18TH AVE SW, S/O SW BRANDON ST; TOTAL FLOW; CHAGG; 18Feb2026 12:15",2026-02-18,2026-02-25,True
349696,2625,00865,dir_11,18TH AVE SW,"18TH AVE SW, S/O SW JUNEAU ST; TOTAL FLOW; CHAGG; 18Feb2026 12:30",2026-02-18,2026-02-25,True
349698,2626,00865,dir_11,18TH AVE SW,"18TH AVE SW, S/O SW GRAHAM ST; TOTAL FLOW; CHAGG; 18Feb2026 12:45",2026-02-18,2026-02-25,True
349700,2627,00865,dir_11,18TH AVE SW,"18TH AVE SW, S/O SW HOLLY ST; TOTAL FLOW; CHAGG; 18Feb2026 13:15",2026-02-18,2026-02-25,True
349702,10000,06345,W,DENNY WAY,"DENNY WAY, W/O 2ND AVE; W FLOW; CHWB; 12Feb2026 13:00",2026-02-12,2026-02-19,True
349703,10000,06345,E,DENNY WAY,"DENNY WAY, W/O 2ND AVE; E FLOW; CHEB; 12Feb2026 10:45 (use 01/22/2026 data)",2026-02-12,2026-02-19,True
349704,10000,06345,dir_11,DENNY WAY,"DENNY WAY, W/O 2ND AVE; TOTAL FLOW; CHAGG; 12Feb2026 13:00",2026-02-12,2026-02-19,True
349706,13202,10115,NE,UNIVERSITY ST,"UNIVERSITY ST, SW/O 4TH AVE; NE FLOW; CHNEB; 12Feb2026 12:00",2026-02-12,2026-02-19,True
349707,8728,05045,NW,ALASKAN WAY,"ALASKAN WAY, SE/O BLANCHARD ST; NW FLOW; CHNWB; 12Feb2026 12:00",2026-02-12,2026-02-19,True
349708,8728,05045,SE,ALASKAN WAY,"ALASKAN WAY, SE/O BLANCHARD ST; SE FLOW; CHSEB; 12Feb2026 12:00",2026-02-12,2026-02-19,True
349709,8728,05045,dir_11,ALASKAN WAY,"ALASKAN WAY, SE/O BLANCHARD ST; TOTAL FLOW; CHAGG; 12Feb2026 12:00",2026-02-12,2026-02-19,True
349712,14348,11275,SW,E MADISON ST,"E MADISON ST, SW/O 17TH AVE; SW FLOW; CHSWB; 12Feb2026 17:00 (use 01/22/2026 data)",2026-02-12,2026-02-19,True
349713,14348,11275,NE,E MADISON ST,"E MADISON ST, SW/O 17TH AVE; NE FLOW; CHNEB; 12Feb2026 12:00",2026-02-12,2026-02-19,True
349714,14348,11275,dir_11,E MADISON ST,"E MADISON ST, SW/O 17TH AVE; TOTAL FLOW; CHAGG; 12Feb2026 17:00",2026-02-12,2026-02-19,True
349716,4382,02080,dir_11,3RD AVE,"3RD AVE, SE/O UNION ST; TOTAL FLOW; CHTOTAL; 01Feb2026 00:00",2026-02-01,2026-02-08,True
349717,13190,10110,dir_11,UNIVERSITY BR,"UNIVERSITY BR, NE/O POINT A; TOTAL FLOW; CHTOTAL; 01Feb2026 00:00",2026-02-01,2026-02-08,True
349718,830984,06556,NW,ELLIOTT WAY,"ELLIOTT WAY, NW/O LENORA ST; NW FLOW; CHNWB; 01Feb2026 00:00",2026-02-01,2026-02-08,True
349719,830984,06556,SE,ELLIOTT WAY,"ELLIOTT WAY, NW/O LENORA ST; SE FLOW; CHSEB; 01Feb2026 00:00",2026-02-01,2026-02-08,True
349723,4568,02110,S,3RD AVE W,"3RD AVE W, S/O W BERTONA ST; S FLOW; CHSB; 04Feb2026 13:00",2026-02-04,2026-02-11,True
349724,4568,02110,dir_11,3RD AVE W,"3RD AVE W, S/O W BERTONA ST; TOTAL FLOW; CHTOT; 04Feb2026 13:00",2026-02-04,2026-02-11,True
349725,10456,06815,E,FLORENTIA ST,"FLORENTIA ST, E/O QUEEN ANNE AVE N; E FLOW; CHEB; 04Feb2026 13:15",2026-02-04,2026-02-11,True
349726,10456,06815,dir_11,FLORENTIA ST,"FLORENTIA ST, E/O QUEEN ANNE AVE N; TOTAL FLOW; CHTOT; 04Feb2026 13:15",2026-02-04,2026-02-11,True
349727,8039,04465,N,6TH AVE W,"6TH AVE W, N/O W HOWE ST; N FLOW; CHNB NB; 04Feb2026 12:00",2026-02-04,2026-02-11,True
349728,8039,04465,S,6TH AVE W,"6TH AVE W, N/O W HOWE ST; S FLOW; CHSB SB; 04Feb2026 12:00",2026-02-04,2026-02-11,True
349735,4568,02110,N,3RD AVE W,"3RD AVE W, S/O W BERTONA ST; N FLOW; CHAGG; 04Feb2026 13:00",2026-02-04,2026-02-11,True
349737,8039,04465,dir_11,6TH AVE W,"6TH AVE W, N/O W HOWE ST; TOTAL FLOW; CHAGG; 04Feb2026 12:00",2026-02-04,2026-02-11,True
349739,10456,06815,W,FLORENTIA ST,"FLORENTIA ST, E/O QUEEN ANNE AVE N; W FLOW; CHAGG; 04Feb2026 13:15",2026-02-04,2026-02-11,True
349743,13623,10555,dir_11,WINONA AVE N,"WINONA AVE N, NE/O LINDEN AVE N; TOTAL FLOW; CHTOT; 04Feb2026 11:45",2026-02-04,2026-02-11,True
349744,13623,10555,SW,WINONA AVE N,"WINONA AVE N, NE/O LINDEN AVE N; SW FLOW; CHSWB; 04Feb2026 11:45",2026-02-04,2026-02-11,True
349745,13627,10555,SW,WINONA AVE N,"WINONA AVE N, SW/O N 77TH ST; SW FLOW; CHSWB; 04Feb2026 12:00",2026-02-04,2026-02-11,True
349746,13627,10555,dir_11,WINONA AVE N,"WINONA AVE N, SW/O N 77TH ST; TOTAL FLOW; CHTOT; 04Feb2026 12:00",2026-02-04,2026-02-11,True
349747,15897,12455,E,N 80TH ST,"N 80TH ST, W/O ASHWORTH AVE N; E FLOW; CHEB; 04Feb2026 12:15",2026-02-04,2026-02-11,True
349748,15897,12455,dir_11,N 80TH ST,"N 80TH ST, W/O ASHWORTH AVE N; TOTAL FLOW; CHTOT; 04Feb2026 12:15",2026-02-04,2026-02-11,True
349749,11427,08230,dir_11,LINDEN AVE N,"LINDEN AVE N, S/O N 83RD ST; TOTAL FLOW; CHTOT; 04Feb2026 12:30",2026-02-04,2026-02-11,True
349750,11427,08230,N,LINDEN AVE N,"LINDEN AVE N, S/O N 83RD ST; N FLOW; CHNB; 04Feb2026 12:30",2026-02-04,2026-02-11,True
349751,17612,13640,E,NE 80TH ST,"NE 80TH ST, E/O ROOSEVELT WAY NE; E FLOW; CHEB; 04Feb2026 13:00",2026-02-04,2026-02-11,True
349752,17612,13640,W,NE 80TH ST,"NE 80TH ST, E/O ROOSEVELT WAY NE; W FLOW; CHWB; 04Feb2026 13:00",2026-02-04,2026-02-11,True
349755,13623,10555,NE,WINONA AVE N,"WINONA AVE N, NE/O LINDEN AVE N; NE FLOW; CHAGG; 04Feb2026 11:45",2026-02-04,2026-02-11,True
349757,13627,10555,NE,WINONA AVE N,"WINONA AVE N, SW/O N 77TH ST; NE FLOW; CHAGG; 04Feb2026 12:00",2026-02-04,2026-02-11,True
349759,15897,12455,W,N 80TH ST,"N 80TH ST, W/O ASHWORTH AVE N; W FLOW; CHAGG; 04Feb2026 12:15",2026-02-04,2026-02-11,True
349761,11427,08230,S,LINDEN AVE N,"LINDEN AVE N, S/O N 83RD ST; S FLOW; CHAGG; 04Feb2026 12:30",2026-02-04,2026-02-11,True
349763,17612,13640,dir_11,NE 80TH ST,"NE 80TH ST, E/O ROOSEVELT WAY NE; TOTAL FLOW; CHAGG; 04Feb2026 13:00",2026-02-04,2026-02-11,True
349765,830984,06556,dir_11,ELLIOTT WAY,"ELLIOTT WAY, NW/O LENORA ST; TOTAL FLOW; CHAGG; 01Feb2026 00:00",2026-02-01,2026-02-08,True
349767,1255,00035,N,1ST AVE W,"1ST AVE W, N/O W HOWE ST; N FLOW; CHNB; 20Feb2026 14:15",2026-02-20,2026-02-27,True
349768,1255,00035,S,1ST AVE W,"1ST AVE W, N/O W HOWE ST; S FLOW; CHSB; 20Feb2026 14:15",2026-02-20,2026-02-27,True
349769,1255,00035,dir_11,1ST AVE W,"1ST AVE W, N/O W HOWE ST; TOTAL FLOW; CHAGG; 20Feb2026 14:15",2026-02-20,2026-02-27,True
349771,12326,09320,E,QUEEN ANNE DR,"QUEEN ANNE DR, E/O WARREN AVE N; E FLOW; CHEB; 24Feb2026 18:00",2026-02-24,2026-03-03,True
349772,12326,09320,W,QUEEN ANNE DR,"QUEEN ANNE DR, E/O WARREN AVE N; W FLOW; CHWB; 24Feb2026 18:00",2026-02-24,2026-03-03,True
349773,12326,09320,dir_11,QUEEN ANNE DR,"QUEEN ANNE DR, E/O WARREN AVE N; TOTAL FLOW; CHAGG; 24Feb2026 18:00",2026-02-24,2026-03-03,True
349775,5730,02900,N,37TH AVE S,"37TH AVE S, S/O S COURT ST; N FLOW; CHNB; 24Feb2026 14:45",2026-02-24,2026-03-03,True
349776,5730,02900,S,37TH AVE S,"37TH AVE S, S/O S COURT ST; S FLOW; CHSB; 24Feb2026 14:45",2026-02-24,2026-03-03,True
349777,13189,10110,dir_11,UNIVERSITY BR,"UNIVERSITY BR, SW/O POINT A; TOTAL FLOW; CHTOTAL; 01Feb2026 00:00",2026-02-01,2026-02-08,True
349778,12409,09345,dir_11,RAINIER AVE S,"RAINIER AVE S, S/O S OTHELLO ST; TOTAL FLOW; CHTOTAL; 12Feb2026 00:00",2026-02-12,2026-02-19,True
349779,13330,10258,dir_11,WEST SEATTLE BR EB,"WEST SEATTLE BR EB, E/O DELRIDGE-W SEATTLE BR EB ON RP; TOTAL FLOW; CHTOTAL; 12Feb2026 00:00",2026-02-12,2026-02-19,True
349780,13333,10258,dir_11,WEST SEATTLE BR EB,"WEST SEATTLE BR EB, NE/O FAUNTLEROY WAY SW; TOTAL FLOW; CHTOTAL; 12Feb2026 00:00",2026-02-12,2026-02-19,True
349781,14395,11300,dir_11,EAST MARGINAL WAY S,"EAST MARGINAL WAY S, S/O S ALASKA ST; TOTAL FLOW; CHTOTAL; 12Feb2026 00:00",2026-02-12,2026-02-19,True
349782,22804,18176,dir_11,SW SPOKANE ST BR,"SW SPOKANE BR, W/O SW SPOKANE E ST; TOTAL FLOW; CHTOTAL; 12Feb2026 00:00",2026-02-12,2026-02-19,True
349783,11159,08015,dir_11,LAKE CITY WAY NE,"LAKE CITY WAY NE, NE/O NE 95TH ST; TOTAL FLOW; CHTOTAL; 04Feb2026 00:00",2026-02-04,2026-02-11,True
349784,5730,02900,dir_11,37TH AVE S,"37TH AVE S, S/O S COURT ST; TOTAL FLOW; CHAGG; 24Feb2026 14:45",2026-02-24,2026-03-03,True
349786,21816,17390,N,SW AVALON WAY,"SW AVALON WAY, S/O SW ORLEANS ST; N FLOW; CHNB; 25Feb2026 12:15",2026-02-25,2026-03-04,True
349787,21816,17390,S,SW AVALON WAY,"SW AVALON WAY, S/O SW ORLEANS ST; S FLOW; CHSB; 25Feb2026 12:15",2026-02-25,2026-03-04,True
349788,21816,17390,dir_11,SW AVALON WAY,"SW AVALON WAY, S/O SW ORLEANS ST; TOTAL FLOW; CHAGG; 25Feb2026 12:15",2026-02-25,2026-03-04,True
349790,10093,06390,N,DEXTER AVE N,"DEXTER AVE N, N/O WHEELER ST; N FLOW; CHNB; 25Feb2026 13:45",2026-02-25,2026-03-04,True
349791,10093,06390,S,DEXTER AVE N,"DEXTER AVE N, N/O WHEELER ST; S FLOW; CHSB; 25Feb2026 13:45",2026-02-25,2026-03-04,True
349792,10090,06390,N,DEXTER AVE N,"DEXTER AVE N, N/O DEXTER WAY N; N FLOW; CHNB; 25Feb2026 13:15",2026-02-25,2026-03-04,True
349793,10090,06390,S,DEXTER AVE N,"DEXTER AVE N, N/O DEXTER WAY N; S FLOW; CHSB; 25Feb2026 13:15",2026-02-25,2026-03-04,True
349794,10089,06390,N,DEXTER AVE N,"DEXTER AVE N, N/O NEWTON ST; N FLOW; CHNB; 25Feb2026 12:45",2026-02-25,2026-03-04,True
349795,10089,06390,S,DEXTER AVE N,"DEXTER AVE N, N/O NEWTON ST; S FLOW; CHSB; 25Feb2026 12:45",2026-02-25,2026-03-04,True
349796,10078,06390,N,DEXTER AVE N,"DEXTER AVE N, N/O ROY ST; N FLOW; CHNB NB; 25Feb2026 12:15",2026-02-25,2026-03-04,True
349797,10078,06390,S,DEXTER AVE N,"DEXTER AVE N, N/O ROY ST; S FLOW; CHSB SB; 25Feb2026 12:15",2026-02-25,2026-03-04,True
349798,10093,06390,dir_11,DEXTER AVE N,"DEXTER AVE N, N/O WHEELER ST; TOTAL FLOW; CHAGG; 25Feb2026 13:45",2026-02-25,2026-03-04,True
349800,10090,06390,dir_11,DEXTER AVE N,"DEXTER AVE N, N/O DEXTER WAY N; TOTAL FLOW; CHAGG; 25Feb2026 13:15",2026-02-25,2026-03-04,True
349802,10089,06390,dir_11,DEXTER AVE N,"DEXTER AVE N, N/O NEWTON ST; TOTAL FLOW; CHAGG; 25Feb2026 12:45",2026-02-25,2026-03-04,True
349804,10078,06390,dir_11,DEXTER AVE N,"DEXTER AVE N, N/O ROY ST; TOTAL FLOW; CHAGG; 25Feb2026 12:15",2026-02-25,2026-03-04,True
349806,13155,10060,SW,THORNDYKE AVE W,"THORNDYKE AVE W, NE/O W BOSTON ST; SW FLOW; CHSWB; 05Feb2026 13:15",2026-02-05,2026-02-12,True
349807,13155,10060,NE,THORNDYKE AVE W,"THORNDYKE AVE W, NE/O W BOSTON ST; NE FLOW; CHNEB; 05Feb2026 13:15",2026-02-05,2026-02-12,True
349808,3340,01265,N,22ND AVE W,"22ND AVE W, S/O W ARMOUR ST; N FLOW; CHNB; 05Feb2026 13:45",2026-02-05,2026-02-12,True
349809,3340,01265,dir_11,22ND AVE W,"22ND AVE W, S/O W ARMOUR ST; TOTAL FLOW; CHTOT; 05Feb2026 13:45",2026-02-05,2026-02-12,True
349810,3343,01265,dir_11,22ND AVE W,"22ND AVE W, N/O W DRAVUS ST; TOTAL FLOW; CHTOT; 05Feb2026 14:00",2026-02-05,2026-02-12,True
349811,3343,01265,N,22ND AVE W,"22ND AVE W, N/O W DRAVUS ST; N FLOW; CHNB; 05Feb2026 14:00",2026-02-05,2026-02-12,True
349814,6999,03740,N,47TH AVE NE,"47TH AVE NE, S/O NE 54TH ST; N FLOW; CHNB; 05Feb2026 12:15",2026-02-05,2026-02-12,True
349815,6999,03740,dir_11,47TH AVE NE,"47TH AVE NE, S/O NE 54TH ST; TOTAL FLOW; CHTOT; 05Feb2026 12:15",2026-02-05,2026-02-12,True
349816,17057,13375,dir_11,NE 55TH ST,"NE 55TH ST, W/O 45TH AVE NE; TOTAL FLOW; CHTOT; 05Feb2026 12:30",2026-02-05,2026-02-12,True
349817,17057,13375,W,NE 55TH ST,"NE 55TH ST, W/O 45TH AVE NE; W FLOW; CHWB; 05Feb2026 12:30",2026-02-05,2026-02-12,True
349819,17292,13465,dir_11,NE 65TH ST,"NE 65TH ST, W/O 36TH W AVE NE; TOTAL FLOW; CHTOT; 05Feb2026 13:30",2026-02-05,2026-02-12,True
349820,17292,13465,E,NE 65TH ST,"NE 65TH ST, W/O 36TH W AVE NE; E FLOW; CHEB; 05Feb2026 13:30",2026-02-05,2026-02-12,True
349821,17307,13465,E,NE 65TH ST,"NE 65TH ST, E/O 48TH AVE NE; E FLOW; CHEB; 05Feb2026 13:45",2026-02-05,2026-02-12,True
349822,17307,13465,dir_11,NE 65TH ST,"NE 65TH ST, E/O 48TH AVE NE; TOTAL FLOW; CHTOT; 05Feb2026 13:45",2026-02-05,2026-02-12,True
349823,17434,13520,W,NE 70TH ST,"NE 70TH ST, E/O 56TH AVE NE; W FLOW; CHWB; 05Feb2026 14:00",2026-02-05,2026-02-12,True
349824,17434,13520,dir_11,NE 70TH ST,"NE 70TH ST, E/O 56TH AVE NE; TOTAL FLOW; CHTOT; 05Feb2026 14:00",2026-02-05,2026-02-12,True
349825,5206,02590,N,34TH AVE,"34TH AVE, N/O E MARION ST; N FLOW; CHNB; 06Feb2026 15:00",2026-02-06,2026-02-13,True
349826,5206,02590,dir_11,34TH AVE,"34TH AVE, N/O E MARION ST; TOTAL FLOW; CHTOT; 06Feb2026 15:00",2026-02-06,2026-02-13,True
349827,14907,11650,W,E UNION ST,"E UNION ST, E/O 30TH AVE; W FLOW; CHWB; 06Feb2026 15:15",2026-02-06,2026-02-13,True
349828,14907,11650,dir_11,E UNION ST,"E UNION ST, E/O 30TH AVE; TOTAL FLOW; CHTOT; 06Feb2026 15:15",2026-02-06,2026-02-13,True
349829,5730,02900,N,37TH AVE S,"37TH AVE S, N/O S ANDOVER ST; N FLOW; CHNB; 24Feb2026 14:30",2026-02-24,2026-03-03,True
349830,5730,02900,S,37TH AVE S,"37TH AVE S, N/O S ANDOVER ST; S FLOW; CHSB; 24Feb2026 14:30",2026-02-24,2026-03-03,True
349831,5730,02900,dir_11,37TH AVE S,"37TH AVE S, N/O S ANDOVER ST; TOTAL FLOW; CHAGG; 24Feb2026 14:30",2026-02-24,2026-03-03,True
349833,13155,10060,dir_11,THORNDYKE AVE W,"THORNDYKE AVE W, NE/O W BOSTON ST; TOTAL FLOW; CHAGG; 05Feb2026 13:15",2026-02-05,2026-02-12,True
349835,3343,01265,S,22ND AVE W,"22ND AVE W, N/O W DRAVUS ST; S FLOW; CHAGG; 05Feb2026 14:00",2026-02-05,2026-02-12,True
349837,3340,01265,S,22ND AVE W,"22ND AVE W, S/O W ARMOUR ST; S FLOW; CHAGG; 05Feb2026 13:45",2026-02-05,2026-02-12,True
349842,17057,13375,E,NE 55TH ST,"NE 55TH ST, W/O 45TH AVE NE; E FLOW; CHAGG; 05Feb2026 12:30",2026-02-05,2026-02-12,True
349846,6999,03740,S,47TH AVE NE,"47TH AVE NE, S/O NE 54TH ST; S FLOW; CHAGG; 05Feb2026 12:15",2026-02-05,2026-02-12,True
349848,17292,13465,W,NE 65TH ST,"NE 65TH ST, W/O 36TH W AVE NE; W FLOW; CHAGG; 05Feb2026 13:30",2026-02-05,2026-02-12,True
349850,17307,13465,W,NE 65TH ST,"NE 65TH ST, E/O 48TH AVE NE; W FLOW; CHAGG; 05Feb2026 13:45",2026-02-05,2026-02-12,True
349852,17434,13520,E,NE 70TH ST,"NE 70TH ST, E/O 56TH AVE NE; E FLOW; CHAGG; 05Feb2026 14:00",2026-02-05,2026-02-12,True
349856,5206,02590,S,34TH AVE,"34TH AVE, N/O E MARION ST; S FLOW; CHAGG; 06Feb2026 15:00",2026-02-06,2026-02-13,True
349858,14907,11650,E,E UNION ST,"E UNION ST, E/O 30TH AVE; E FLOW; CHAGG; 06Feb2026 15:15",2026-02-06,2026-02-13,True
349862,12143,09115,N,PHINNEY AVE N,"PHINNEY AVE N, N/O N 48TH ST; N FLOW; CHNB; 06Feb2026 11:30",2026-02-06,2026-02-13,True
349863,12143,09115,dir_11,PHINNEY AVE N,"PHINNEY AVE N, N/O N 48TH ST; TOTAL FLOW; CHTOT; 06Feb2026 11:30",2026-02-06,2026-02-13,True
349864,10491,06870,N,FREMONT AVE N,"FREMONT AVE N, N/O N 41ST ST; N FLOW; CHNB; 06Feb2026 11:45",2026-02-06,2026-02-13,True
349865,10491,06870,S,FREMONT AVE N,"FREMONT AVE N, N/O N 41ST ST; S FLOW; CHSB; 06Feb2026 11:45",2026-02-06,2026-02-13,True
349866,15359,12015,W,N 38TH ST,"N 38TH ST, W/O STONE WAY N; W FLOW; CHWB; 06Feb2026 12:00",2026-02-06,2026-02-13,True
349867,15359,12015,dir_11,N 38TH ST,"N 38TH ST, W/O STONE WAY N; TOTAL FLOW; CHTOT; 06Feb2026 12:00",2026-02-06,2026-02-13,True
349868,9404,05665,NE,BRIDGE WAY N,"BRIDGE WAY N, NE/O N 38TH ST; NE FLOW; CHNEB; 06Feb2026 12:30",2026-02-06,2026-02-13,True
349869,9404,05665,SW,BRIDGE WAY N,"BRIDGE WAY N, NE/O N 38TH ST; SW FLOW; CHSWB; 06Feb2026 12:30",2026-02-06,2026-02-13,True
349870,15413,12060,W,N 40TH ST,"N 40TH ST, W/O WOODLAND PARK AVE N; W FLOW; CHWB; 06Feb2026 12:45",2026-02-06,2026-02-13,True
349871,15413,12060,dir_11,N 40TH ST,"N 40TH ST, W/O WOODLAND PARK AVE N; TOTAL FLOW; CHTOT; 06Feb2026 12:45",2026-02-06,2026-02-13,True
349872,15538,12125,W,N 45TH ST,"N 45TH ST, E/O WHITMAN AVE N; W FLOW; CHWB; 06Feb2026 13:00",2026-02-06,2026-02-13,True
349873,15538,12125,dir_11,N 45TH ST,"N 45TH ST, E/O WHITMAN AVE N; TOTAL FLOW; CHTOT; 06Feb2026 13:00",2026-02-06,2026-02-13,True
349874,10491,06870,dir_11,FREMONT AVE N,"FREMONT AVE N, N/O N 41ST ST; TOTAL FLOW; CHAGG; 06Feb2026 11:45",2026-02-06,2026-02-13,True
349876,9404,05665,dir_11,BRIDGE WAY N,"BRIDGE WAY N, NE/O N 38TH ST; TOTAL FLOW; CHAGG; 06Feb2026 12:30",2026-02-06,2026-02-13,True
349878,15359,12015,E,N 38TH ST,"N 38TH ST, W/O STONE WAY N; E FLOW; CHAGG; 06Feb2026 12:00",2026-02-06,2026-02-13,True
349880,12143,09115,S,PHINNEY AVE N,"PHINNEY AVE N, N/O N 48TH ST; S FLOW; CHAGG; 06Feb2026 11:30",2026-02-06,2026-02-13,True
349882,15413,12060,E,N 40TH ST,"N 40TH ST, W/O WOODLAND PARK AVE N; E FLOW; CHAGG; 06Feb2026 12:45",2026-02-06,2026-02-13,True
349884,15538,12125,E,N 45TH ST,"N 45TH ST, E/O WHITMAN AVE N; E FLOW; CHAGG; 06Feb2026 13:00",2026-02-06,2026-02-13,True
349886,11159,08015,dir_11,LAKE CITY WAY NE,"LAKE CITY WAY NE, NE/O NE 95TH ST; TOTAL FLOW; CHTOTAL; 01Mar2026 00:00",2026-03-01,2026-03-08,True
349887,830984,06556,NW,ELLIOTT WAY,"ELLIOTT WAY, NW/O LENORA ST; NW FLOW; CHNWB; 01Mar2026 00:00",2026-03-01,2026-03-08,True
349888,830984,06556,SE,ELLIOTT WAY,"ELLIOTT WAY, NW/O LENORA ST; SE FLOW; CHSEB; 01Mar2026 00:00",2026-03-01,2026-03-08,True
349889,830984,06556,dir_11,ELLIOTT WAY,"ELLIOTT WAY, NW/O LENORA ST; TOTAL FLOW; CHAGG; 01Mar2026 00:00",2026-03-01,2026-03-08,True
349891,352636,08299,dir_11,M L KING JR WAY S,"M L KING JR ER WAY S, N/O S ANDOVER ST; TOTAL FLOW; CHTOTAL; 01Mar2026 00:00",2026-03-01,2026-03-08,True
349892,22804,18176,dir_11,SW SPOKANE ST BR,"SW SPOKANE BR, W/O SW SPOKANE E ST; TOTAL FLOW; CHTOTAL; 01Mar2026 00:00",2026-03-01,2026-03-08,True
349893,14395,11300,dir_11,EAST MARGINAL WAY S,"EAST MARGINAL WAY S, S/O S ALASKA ST; TOTAL FLOW; CHTOTAL; 01Mar2026 00:00",2026-03-01,2026-03-08,True
349894,13333,10258,dir_11,WEST SEATTLE BR EB,"WEST SEATTLE BR EB, NE/O FAUNTLEROY WAY SW; TOTAL FLOW; CHTOTAL; 01Mar2026 00:00",2026-03-01,2026-03-08,True
349895,13330,10258,dir_11,WEST SEATTLE BR EB,"WEST SEATTLE BR EB, E/O DELRIDGE-W SEATTLE BR EB ON RP; TOTAL FLOW; CHTOTAL; 01Mar2026 00:00",2026-03-01,2026-03-08,True
349896,13189,10110,dir_11,UNIVERSITY BR,"UNIVERSITY BR, SW/O POINT A; TOTAL FLOW; CHTOTAL; 01Mar2026 00:00",2026-03-01,2026-03-08,True
349897,10563,06875,dir_11,FREMONT BR,"FREMONT BR, N/O POINT A; TOTAL FLOW; CHTOTAL; 01Mar2026 00:00",2026-03-01,2026-03-08,True
349898,10563,06875,dir_11,FREMONT BR,"FREMONT BR, N/O POINT A; TOTAL FLOW; CHTOTAL; 22Feb2026 00:00",2026-02-22,2026-03-01,True
349899,352636,08299,dir_11,M L KING JR WAY S,"M L KING JR ER WAY S, N/O S ANDOVER ST; TOTAL FLOW; CHTOTAL; 21Feb2026 00:00",2026-02-21,2026-02-28,True
349900,2146,00565,N,15TH AVE S,"15TH AVE S, N/O S STEVENS ST; N FLOW; CHNB; 27Feb2026 12:15",2026-02-27,2026-03-06,True
349901,2146,00565,S,15TH AVE S,"15TH AVE S, N/O S STEVENS ST; S FLOW; CHSB; 27Feb2026 12:15",2026-02-27,2026-03-06,True
349902,2146,00565,dir_11,15TH AVE S,"15TH AVE S, N/O S STEVENS ST; TOTAL FLOW; CHAGG; 27Feb2026 12:15",2026-02-27,2026-03-06,True
349904,2147,00565,N,15TH AVE S,"15TH AVE S, S/O S STEVENS ST; N FLOW; CHNB; 27Feb2026 12:30",2026-02-27,2026-03-06,True
349905,2147,00565,S,15TH AVE S,"15TH AVE S, S/O S STEVENS ST; S FLOW; CHSB; 27Feb2026 12:30",2026-02-27,2026-03-06,True
349906,2147,00565,dir_11,15TH AVE S,"15TH AVE S, S/O S STEVENS ST; TOTAL FLOW; CHAGG; 27Feb2026 12:30",2026-02-27,2026-03-06,True
349908,2285,00690,N,16TH AVE S,"16TH AVE S, N/O S LANE ST; N FLOW; CHNB; 27Feb2026 13:45",2026-02-27,2026-03-06,True
349909,2285,00690,S,16TH AVE S,"16TH AVE S, N/O S LANE ST; S FLOW; CHSB; 27Feb2026 13:45",2026-02-27,2026-03-06,True
349910,2285,00690,dir_11,16TH AVE S,"16TH AVE S, N/O S LANE ST; TOTAL FLOW; CHAGG; 27Feb2026 13:45",2026-02-27,2026-03-06,True
349912,20662,16445,E,S LANE ST,"S LANE ST, E/O 18TH AVE S; E FLOW; CHEB; 27Feb2026 14:15",2026-02-27,2026-03-06,True
349913,20662,16445,W,S LANE ST,"S LANE ST, E/O 18TH AVE S; W FLOW; CHWB; 27Feb2026 14:15",2026-02-27,2026-03-06,True
349914,20662,16445,dir_11,S LANE ST,"S LANE ST, E/O 18TH AVE S; TOTAL FLOW; CHAGG; 27Feb2026 14:15",2026-02-27,2026-03-06,True
349916,21540,17160,E,S WELLER ST,"S WELLER ST, E/O 18TH AVE S; E FLOW; CHEB; 27Feb2026 14:45",2026-02-27,2026-03-06,True
349917,21540,17160,W,S WELLER ST,"S WELLER ST, E/O 18TH AVE S; W FLOW; CHWB; 27Feb2026 14:45",2026-02-27,2026-03-06,True
349918,21540,17160,dir_11,S WELLER ST,"S WELLER ST, E/O 18TH AVE S; TOTAL FLOW; CHAGG; 27Feb2026 14:45",2026-02-27,2026-03-06,True
349920,18137,14070,E,NW 101ST ST,"NW 101ST ST, W/O 1ST AVE NW; E FLOW; CHEB; 03Mar2026 11:15",2026-03-03,2026-03-10,True
349921,18137,14070,W,NW 101ST ST,"NW 101ST ST, W/O 1ST AVE NW; W FLOW; CHWB; 03Mar2026 11:15",2026-03-03,2026-03-10,True
349922,18137,14070,dir_11,NW 101ST ST,"NW 101ST ST, W/O 1ST AVE NW; TOTAL FLOW; CHAGG; 03Mar2026 11:15",2026-03-03,2026-03-10,True
349924,12168,09115,N,PHINNEY AVE N,"PHINNEY AVE N, S/O N 97TH ST; N FLOW; CHNB; 03Mar2026 11:30",2026-03-03,2026-03-10,True
349925,12168,09115,S,PHINNEY AVE N,"PHINNEY AVE N, S/O N 97TH ST; S FLOW; CHSB; 03Mar2026 11:30",2026-03-03,2026-03-10,True
349926,12168,09115,dir_11,PHINNEY AVE N,"PHINNEY AVE N, S/O N 97TH ST; TOTAL FLOW; CHAGG; 03Mar2026 11:30",2026-03-03,2026-03-10,True
349928,9932,06265,N,DAYTON AVE N,"DAYTON AVE N, S/O N 97TH ST; N FLOW; CHNB; 03Mar2026 12:00",2026-03-03,2026-03-10,True
349929,9932,06265,S,DAYTON AVE N,"DAYTON AVE N, S/O N 97TH ST; S FLOW; CHSB; 03Mar2026 12:00",2026-03-03,2026-03-10,True
349930,9932,06265,dir_11,DAYTON AVE N,"DAYTON AVE N, S/O N 97TH ST; TOTAL FLOW; CHAGG; 03Mar2026 12:00",2026-03-03,2026-03-10,True
349932,10290,06695,N,EVANSTON AVE N,"EVANSTON AVE N, S/O N 97TH ST; N FLOW; CHNB; 03Mar2026 12:15",2026-03-03,2026-03-10,True
349933,10290,06695,S,EVANSTON AVE N,"EVANSTON AVE N, S/O N 97TH ST; S FLOW; CHSB; 03Mar2026 12:15",2026-03-03,2026-03-10,True
349934,10290,06695,dir_11,EVANSTON AVE N,"EVANSTON AVE N, S/O N 97TH ST; TOTAL FLOW; CHAGG; 03Mar2026 12:15",2026-03-03,2026-03-10,True
349936,20607,16355,E,S KING ST,"S KING ST, E/O 18TH AVE S; E FLOW; CHEB; 02Mar2026 17:00",2026-03-02,2026-03-09,True
349937,20607,16355,W,S KING ST,"S KING ST, E/O 18TH AVE S; W FLOW; CHWB; 02Mar2026 17:00",2026-03-02,2026-03-09,True
349940,20607,16355,dir_11,S KING ST,"S KING ST, E/O 18TH AVE S; TOTAL FLOW; CHAGG; 02Mar2026 17:00",2026-03-02,2026-03-09,True
349944,19839,15755,W,S DEARBORN ST,"S DEARBORN ST, E/O 18TH AVE S; W FLOW; CHWB; 02Mar2026 16:30",2026-03-02,2026-03-09,True
349945,19837,15755,E,S DEARBORN ST,"S DEARBORN ST, E/O RAINIER AVE S; E FLOW; CHEB; 06Mar2026 12:30",2026-03-06,2026-03-13,True
349946,10875,07230,NW,HIAWATHA PL S,"HIAWATHA PL S, NW/O S CHARLES ST; NW FLOW; CHNWB; 06Mar2026 12:45",2026-03-06,2026-03-13,True
349947,10875,07230,SE,HIAWATHA PL S,"HIAWATHA PL S, NW/O S CHARLES ST; SE FLOW; CHSEB; 06Mar2026 12:45",2026-03-06,2026-03-13,True
349948,10875,07230,dir_11,HIAWATHA PL S,"HIAWATHA PL S, NW/O S CHARLES ST; TOTAL FLOW; CHAGG; 06Mar2026 12:45",2026-03-06,2026-03-13,True
349950,13251,10155,N,VALENTINE PL S,"VALENTINE PL S, N/O S STATE ST; N FLOW; CHNB; 06Mar2026 13:15",2026-03-06,2026-03-13,True
349951,13251,10155,S,VALENTINE PL S,"VALENTINE PL S, N/O S STATE ST; S FLOW; CHSB; 06Mar2026 13:15",2026-03-06,2026-03-13,True
349952,13251,10155,dir_11,VALENTINE PL S,"VALENTINE PL S, N/O S STATE ST; TOTAL FLOW; CHAGG; 06Mar2026 13:15",2026-03-06,2026-03-13,True
349954,20144,16065,E,S GRAND ST,"S GRAND ST, E/O 20TH W AVE S; E FLOW; CHEB; 06Mar2026 13:30",2026-03-06,2026-03-13,True
349955,20144,16065,W,S GRAND ST,"S GRAND ST, E/O 20TH W AVE S; W FLOW; CHWB; 06Mar2026 13:30",2026-03-06,2026-03-13,True
349956,20144,16065,dir_11,S GRAND ST,"S GRAND ST, E/O 20TH W AVE S; TOTAL FLOW; CHAGG; 06Mar2026 13:30",2026-03-06,2026-03-13,True
349958,20258,16170,E,S HILL ST,"S HILL ST, E/O 22ND AVE S; E FLOW; CHEB; 06Mar2026 14:00",2026-03-06,2026-03-13,True
349959,20258,16170,W,S HILL ST,"S HILL ST, E/O 22ND AVE S; W FLOW; CHWB; 06Mar2026 14:00",2026-03-06,2026-03-13,True
349960,20258,16170,dir_11,S HILL ST,"S HILL ST, E/O 22ND AVE S; TOTAL FLOW; CHAGG; 06Mar2026 14:00",2026-03-06,2026-03-13,True
349962,3637,01490,N,24TH AVE S,"24TH AVE S, N/O S BAYVIEW ST; N FLOW; CHNB; 06Mar2026 14:15",2026-03-06,2026-03-13,True
349963,3637,01490,S,24TH AVE S,"24TH AVE S, N/O S BAYVIEW ST; S FLOW; CHSB; 06Mar2026 14:15",2026-03-06,2026-03-13,True
349964,3637,01490,dir_11,24TH AVE S,"24TH AVE S, N/O S BAYVIEW ST; TOTAL FLOW; CHAGG; 06Mar2026 14:15",2026-03-06,2026-03-13,True
349966,23339,18615,E,W GALER ST,"W GALER ST, E/O 3RD E AVE W; E FLOW; CHEB; 10Mar2026 12:30",2026-03-10,2026-03-17,True
349967,23339,18615,W,W GALER ST,"W GALER ST, E/O 3RD E AVE W; W FLOW; CHWB; 10Mar2026 12:30",2026-03-10,2026-03-17,True
349968,23339,18615,dir_11,W GALER ST,"W GALER ST, E/O 3RD E AVE W; TOTAL FLOW; CHAGG; 10Mar2026 12:30",2026-03-10,2026-03-17,True
349970,23341,18615,E,W GALER ST,"W GALER ST, E/O 4TH E AVE W; E FLOW; CHEB; 10Mar2026 12:15",2026-03-10,2026-03-17,True
349971,23341,18615,W,W GALER ST,"W GALER ST, E/O 4TH E AVE W; W FLOW; CHWB; 10Mar2026 12:15",2026-03-10,2026-03-17,True
349972,23341,18615,dir_11,W GALER ST,"W GALER ST, E/O 4TH E AVE W; TOTAL FLOW; CHAGG; 10Mar2026 12:15",2026-03-10,2026-03-17,True
349974,23343,18615,E,W GALER ST,"W GALER ST, E/O 5TH E AVE W; E FLOW; CHEB; 10Mar2026 12:00",2026-03-10,2026-03-17,True
349975,23343,18615,W,W GALER ST,"W GALER ST, E/O 5TH E AVE W; W FLOW; CHWB; 10Mar2026 12:00",2026-03-10,2026-03-17,True
349976,23343,18615,dir_11,W GALER ST,"W GALER ST, E/O 5TH E AVE W; TOTAL FLOW; CHAGG; 10Mar2026 12:00",2026-03-10,2026-03-17,True
349978,5209,02590,N,34TH AVE,"34TH AVE, S/O E PINE ST; N FLOW; CHNB; 06Mar2026 11:45",2026-03-06,2026-03-13,True
349979,5209,02590,S,34TH AVE,"34TH AVE, S/O E PINE ST; S FLOW; CHSB; 06Mar2026 11:45",2026-03-06,2026-03-13,True
349980,5209,02590,dir_11,34TH AVE,"34TH AVE, S/O E PINE ST; TOTAL FLOW; CHAGG; 06Mar2026 11:45",2026-03-06,2026-03-13,True
349982,5208,02590,N,34TH AVE,"34TH AVE, S/O E PIKE ST; N FLOW; CHNB; 06Mar2026 12:00",2026-03-06,2026-03-13,True
349983,5208,02590,S,34TH AVE,"34TH AVE, S/O E PIKE ST; S FLOW; CHSB; 06Mar2026 12:00",2026-03-06,2026-03-13,True
349984,5208,02590,dir_11,34TH AVE,"34TH AVE, S/O E PIKE ST; TOTAL FLOW; CHAGG; 06Mar2026 12:00",2026-03-06,2026-03-13,True
349986,14910,11650,E,E UNION ST,"E UNION ST, W/O 34TH AVE; E FLOW; CHEB; 06Mar2026 11:15",2026-03-06,2026-03-13,True
349987,14910,11650,W,E UNION ST,"E UNION ST, W/O 34TH AVE; W FLOW; CHWB; 06Mar2026 11:15",2026-03-06,2026-03-13,True
349988,14910,11650,dir_11,E UNION ST,"E UNION ST, W/O 34TH AVE; TOTAL FLOW; CHAGG; 06Mar2026 11:15",2026-03-06,2026-03-13,True
349990,14909,11650,E,E UNION ST,"E UNION ST, W/O 33RD AVE; E FLOW; CHEB; 06Mar2026 10:45",2026-03-06,2026-03-13,True
349991,14909,11650,W,E UNION ST,"E UNION ST, W/O 33RD AVE; W FLOW; CHWB; 06Mar2026 10:45",2026-03-06,2026-03-13,True
349992,14909,11650,dir_11,E UNION ST,"E UNION ST, W/O 33RD AVE; TOTAL FLOW; CHAGG; 06Mar2026 10:45",2026-03-06,2026-03-13,True
349994,11252,08070,N,LAKESIDE AVE,"LAKESIDE AVE, S/O LAKE WASHINGTON BLVD; N FLOW; CHNB; 06Mar2026 12:30",2026-03-06,2026-03-13,True
349995,11252,08070,S,LAKESIDE AVE,"LAKESIDE AVE, S/O LAKE WASHINGTON BLVD; S FLOW; CHSB; 06Mar2026 12:30",2026-03-06,2026-03-13,True
349996,11252,08070,dir_11,LAKESIDE AVE,"LAKESIDE AVE, S/O LAKE WASHINGTON BLVD; TOTAL FLOW; CHAGG; 06Mar2026 12:30",2026-03-06,2026-03-13,True
350002,13161,10060,NE,THORNDYKE AVE W,"THORNDYKE AVE W, SW/O 20TH AVE W; NE FLOW; CHNEB; 10Mar2026 11:15",2026-03-10,2026-03-17,True
350003,13161,10060,SW,THORNDYKE AVE W,"THORNDYKE AVE W, SW/O 20TH AVE W; SW FLOW; CHSWB; 10Mar2026 11:15",2026-03-10,2026-03-17,True
350004,13161,10060,dir_11,THORNDYKE AVE W,"THORNDYKE AVE W, SW/O 20TH AVE W; TOTAL FLOW; CHAGG; 10Mar2026 11:15",2026-03-10,2026-03-17,True
350006,13160,10060,NE,THORNDYKE AVE W,"THORNDYKE AVE W, SW/O 21ST AVE W; NE FLOW; CHNEB; 10Mar2026 11:00",2026-03-10,2026-03-17,True
350007,13160,10060,SW,THORNDYKE AVE W,"THORNDYKE AVE W, SW/O 21ST AVE W; SW FLOW; CHSWB; 10Mar2026 11:00",2026-03-10,2026-03-17,True
350008,13160,10060,dir_11,THORNDYKE AVE W,"THORNDYKE AVE W, SW/O 21ST AVE W; TOTAL FLOW; CHAGG; 10Mar2026 11:00",2026-03-10,2026-03-17,True
350010,13159,10060,NE,THORNDYKE AVE W,"THORNDYKE AVE W, SW/O 22ND AVE W; NE FLOW; CHNEB; 10Mar2026 10:30",2026-03-10,2026-03-17,True
350011,13159,10060,SW,THORNDYKE AVE W,"THORNDYKE AVE W, SW/O 22ND AVE W; SW FLOW; CHSWB; 10Mar2026 10:30",2026-03-10,2026-03-17,True
350012,13159,10060,dir_11,THORNDYKE AVE W,"THORNDYKE AVE W, SW/O 22ND AVE W; TOTAL FLOW; CHAGG; 10Mar2026 10:30",2026-03-10,2026-03-17,True
350014,13158,10060,NE,THORNDYKE AVE W,"THORNDYKE AVE W, SW/O W HALLADAY ST; NE FLOW; CHNEB; 10Mar2026 11:30",2026-03-10,2026-03-17,True
350015,13158,10060,SW,THORNDYKE AVE W,"THORNDYKE AVE W, SW/O W HALLADAY ST; SW FLOW; CHSWB; 10Mar2026 11:30",2026-03-10,2026-03-17,True
350016,13158,10060,dir_11,THORNDYKE AVE W,"THORNDYKE AVE W, SW/O W HALLADAY ST; TOTAL FLOW; CHAGG; 10Mar2026 11:30",2026-03-10,2026-03-17,True
350018,2595,00860,N,18TH AVE S,"18TH AVE S, N/O S LANE ST; N FLOW; CHNB; 03Mar2026 14:15",2026-03-03,2026-03-10,True
350019,2595,00860,S,18TH AVE S,"18TH AVE S, N/O S LANE ST; S FLOW; CHSB; 03Mar2026 14:15",2026-03-03,2026-03-10,True
350020,2595,00860,dir_11,18TH AVE S,"18TH AVE S, N/O S LANE ST; TOTAL FLOW; CHAGG; 03Mar2026 14:15",2026-03-03,2026-03-10,True
350022,21723,17320,E,SW ALASKA ST,"SW ALASKA ST, E/O 37TH AVE SW; E FLOW; CHEB; 12Mar2026 14:15",2026-03-12,2026-03-19,True
350023,21723,17320,W,SW ALASKA ST,"SW ALASKA ST, E/O 37TH AVE SW; W FLOW; CHWB; 12Mar2026 14:30",2026-03-12,2026-03-19,True
350024,21723,17320,dir_11,SW ALASKA ST,"SW ALASKA ST, E/O 37TH AVE SW; TOTAL FLOW; CHAGG; 12Mar2026 14:15",2026-03-12,2026-03-19,True
350026,12066,09000,NE,PADILLA PL S,"PADILLA PL S, NE/O S ORCAS ST; NE FLOW; CHNEB; 12Mar2026 12:45",2026-03-12,2026-03-19,True
350027,12066,09000,SW,PADILLA PL S,"PADILLA PL S, NE/O S ORCAS ST; SW FLOW; CHSWB; 12Mar2026 12:45",2026-03-12,2026-03-19,True
350028,12066,09000,dir_11,PADILLA PL S,"PADILLA PL S, NE/O S ORCAS ST; TOTAL FLOW; CHAGG; 12Mar2026 12:45",2026-03-12,2026-03-19,True
350030,20971,16695,NW,S ORCAS ST,"S ORCAS ST, SE/O 7TH AVE S; NW FLOW; CHNWB; 12Mar2026 13:15",2026-03-12,2026-03-19,True
350031,20971,16695,SE,S ORCAS ST,"S ORCAS ST, SE/O 7TH AVE S; SE FLOW; CHSEB; 12Mar2026 13:15",2026-03-12,2026-03-19,True
350032,20971,16695,dir_11,S ORCAS ST,"S ORCAS ST, SE/O 7TH AVE S; TOTAL FLOW; CHAGG; 12Mar2026 13:15",2026-03-12,2026-03-19,True
350034,20374,16230,NW,S HOMER ST,"S HOMER ST, SE/O 7TH AVE S; NW FLOW; CHNWB; 12Mar2026 12:30",2026-03-12,2026-03-19,True
350035,20374,16230,SE,S HOMER ST,"S HOMER ST, SE/O 7TH AVE S; SE FLOW; CHSEB; 12Mar2026 12:30",2026-03-12,2026-03-19,True
350036,20374,16230,dir_11,S HOMER ST,"S HOMER ST, SE/O 7TH AVE S; TOTAL FLOW; CHAGG; 12Mar2026 12:30",2026-03-12,2026-03-19,True
350038,3645,01490,N,24TH AVE S,"24TH AVE S, N/O S FERDINAND ST; N FLOW; CHNB; 17Mar2026 15:00",2026-03-17,2026-03-24,True
350039,3645,01490,S,24TH AVE S,"24TH AVE S, N/O S FERDINAND ST; S FLOW; CHSB; 17Mar2026 15:00",2026-03-17,2026-03-24,True
350040,3645,01490,dir_11,24TH AVE S,"24TH AVE S, N/O S FERDINAND ST; TOTAL FLOW; CHAGG; 17Mar2026 15:00",2026-03-17,2026-03-24,True
350042,23089,18415,E,W BERTONA ST,"W BERTONA ST, E/O 8TH AVE W; E FLOW; CHEB; 17Mar2026 13:30",2026-03-17,2026-03-24,True
350043,23089,18415,W,W BERTONA ST,"W BERTONA ST, E/O 8TH AVE W; W FLOW; CHWB; 17Mar2026 13:30",2026-03-17,2026-03-24,True
350044,23089,18415,dir_11,W BERTONA ST,"W BERTONA ST, E/O 8TH AVE W; TOTAL FLOW; CHAGG; 17Mar2026 13:30",2026-03-17,2026-03-24,True
350046,1501,00250,N,11TH AVE W,"11TH AVE W, S/O W DRAVUS ST; N FLOW; CHNB; 17Mar2026 13:45",2026-03-17,2026-03-24,True
350047,1501,00250,S,11TH AVE W,"11TH AVE W, S/O W DRAVUS ST; S FLOW; CHSB; 17Mar2026 13:45",2026-03-17,2026-03-24,True
350048,1501,00250,dir_11,11TH AVE W,"11TH AVE W, S/O W DRAVUS ST; TOTAL FLOW; CHAGG; 17Mar2026 13:45",2026-03-17,2026-03-24,True
350050,1361,00175,N,10TH AVE W,"10TH AVE W, S/O W HALLADAY ST; N FLOW; CHNB; 17Mar2026 14:00",2026-03-17,2026-03-24,True
350051,1361,00175,S,10TH AVE W,"10TH AVE W, S/O W HALLADAY ST; S FLOW; CHSB; 17Mar2026 14:00",2026-03-17,2026-03-24,True
350052,1361,00175,dir_11,10TH AVE W,"10TH AVE W, S/O W HALLADAY ST; TOTAL FLOW; CHAGG; 17Mar2026 14:00",2026-03-17,2026-03-24,True
350054,12526,09425,NW,RENTON AVE S,"RENTON AVE S, NW/O S FLETCHER ST; NW FLOW; CHNWB; 18Mar2026 18:00",2026-03-18,2026-03-25,True
350055,12526,09425,SE,RENTON AVE S,"RENTON AVE S, NW/O S FLETCHER ST; SE FLOW; CHSEB; 18Mar2026 18:00",2026-03-18,2026-03-25,True
350056,12526,09425,dir_11,RENTON AVE S,"RENTON AVE S, NW/O S FLETCHER ST; TOTAL FLOW; CHAGG; 18Mar2026 18:00",2026-03-18,2026-03-25,True
350058,6069,03070,N,39TH AVE SW,"39TH AVE SW, N/O SW GRAHAM ST; N FLOW; CHNB; 19Mar2026 12:30",2026-03-19,2026-03-26,True
350059,6069,03070,S,39TH AVE SW,"39TH AVE SW, N/O SW GRAHAM ST; S FLOW; CHSB; 19Mar2026 12:30",2026-03-19,2026-03-26,True
350060,6069,03070,dir_11,39TH AVE SW,"39TH AVE SW, N/O SW GRAHAM ST; TOTAL FLOW; CHAGG; 19Mar2026 12:30",2026-03-19,2026-03-26,True
350062,2181,00570,N,15TH AVE SW,"15TH AVE SW, N/O SW CAMBRIDGE ST; N FLOW; CHNB; 19Mar2026 13:45",2026-03-19,2026-03-26,True
350063,2181,00570,S,15TH AVE SW,"15TH AVE SW, N/O SW CAMBRIDGE ST; S FLOW; CHSB; 19Mar2026 13:45",2026-03-19,2026-03-26,True
350064,2181,00570,dir_11,15TH AVE SW,"15TH AVE SW, N/O SW CAMBRIDGE ST; TOTAL FLOW; CHAGG; 19Mar2026 13:45",2026-03-19,2026-03-26,True
350066,21920,17485,E,SW CAMBRIDGE ST,"SW CAMBRIDGE ST, W/O 15TH AVE SW; E FLOW; CHEB; 19Mar2026 13:30",2026-03-19,2026-03-26,True
350067,21920,17485,W,SW CAMBRIDGE ST,"SW CAMBRIDGE ST, W/O 15TH AVE SW; W FLOW; CHWB; 19Mar2026 13:30",2026-03-19,2026-03-26,True
350068,21920,17485,dir_11,SW CAMBRIDGE ST,"SW CAMBRIDGE ST, W/O 15TH AVE SW; TOTAL FLOW; CHAGG; 19Mar2026 13:30",2026-03-19,2026-03-26,True
350070,3959,01720,N,26TH AVE SW,"26TH AVE SW, N/O SW CAMBRIDGE ST; N FLOW; CHNB; 19Mar2026 13:00",2026-03-19,2026-03-26,True
350071,3959,01720,S,26TH AVE SW,"26TH AVE SW, N/O SW CAMBRIDGE ST; S FLOW; CHSB; 19Mar2026 13:00",2026-03-19,2026-03-26,True
350072,3959,01720,dir_11,26TH AVE SW,"26TH AVE SW, N/O SW CAMBRIDGE ST; TOTAL FLOW; CHAGG; 19Mar2026 13:00",2026-03-19,2026-03-26,True
350074,3960,01720,N,26TH AVE SW,"26TH AVE SW, S/O SW CAMBRIDGE ST; N FLOW; CHNB; 19Mar2026 13:15",2026-03-19,2026-03-26,True
350075,3960,01720,S,26TH AVE SW,"26TH AVE SW, S/O SW CAMBRIDGE ST; S FLOW; CHSB; 19Mar2026 13:15",2026-03-19,2026-03-26,True
350076,3960,01720,dir_11,26TH AVE SW,"26TH AVE SW, S/O SW CAMBRIDGE ST; TOTAL FLOW; CHAGG; 19Mar2026 13:15",2026-03-19,2026-03-26,True
350078,8999,05250,N,AURORA AVE N,"AURORA AVE N, N/O N 141ST ST; N FLOW; CHNB; 18Mar2026 14:00",2026-03-18,2026-03-25,True
350079,8999,05250,S,AURORA AVE N,"AURORA AVE N, N/O N 141ST ST; S FLOW; CHSB; 18Mar2026 13:30",2026-03-18,2026-03-25,True
350080,8999,05250,dir_11,AURORA AVE N,"AURORA AVE N, N/O N 141ST ST; TOTAL FLOW; CHAGG; 18Mar2026 14:00",2026-03-18,2026-03-25,True
350082,8995,05250,N,AURORA AVE N,"AURORA AVE N, N/O N 130TH ST; N FLOW; CHNB NB; 18Mar2026 12:15",2026-03-18,2026-03-25,True
350083,8995,05250,S,AURORA AVE N,"AURORA AVE N, N/O N 130TH ST; S FLOW; CHSB SB; 18Mar2026 12:15",2026-03-18,2026-03-25,True
350084,8995,05250,dir_11,AURORA AVE N,"AURORA AVE N, N/O N 130TH ST; TOTAL FLOW; CHAGG; 18Mar2026 12:15",2026-03-18,2026-03-25,True
350086,8991,05250,N,AURORA AVE N,"AURORA AVE N, S/O N 125TH ST; N FLOW; CHNB NB; 18Mar2026 11:45",2026-03-18,2026-03-25,True
350087,8991,05250,S,AURORA AVE N,"AURORA AVE N, S/O N 125TH ST; S FLOW; CHSB SB; 18Mar2026 11:30",2026-03-18,2026-03-25,True
350088,8991,05250,dir_11,AURORA AVE N,"AURORA AVE N, S/O N 125TH ST; TOTAL FLOW; CHAGG; 18Mar2026 11:45",2026-03-18,2026-03-25,True
350090,8988,05250,N,AURORA AVE N,"AURORA AVE N, N/O N 109TH ST; N FLOW; CHNB NB; 18Mar2026 11:15",2026-03-18,2026-03-25,True
350091,8988,05250,S,AURORA AVE N,"AURORA AVE N, N/O N 109TH ST; S FLOW; CHSB SB; 18Mar2026 11:15",2026-03-18,2026-03-25,True
350092,8988,05250,dir_11,AURORA AVE N,"AURORA AVE N, N/O N 109TH ST; TOTAL FLOW; CHAGG; 18Mar2026 11:15",2026-03-18,2026-03-25,True
350094,2070,00555,N,15TH AVE NE,"15TH AVE NE, N/O NE 96TH ST; N FLOW; CHNB; 19Mar2026 11:30",2026-03-19,2026-03-26,True
350095,2070,00555,S,15TH AVE NE,"15TH AVE NE, N/O NE 96TH ST; S FLOW; CHSB; 19Mar2026 11:30",2026-03-19,2026-03-26,True
350096,2070,00555,dir_11,15TH AVE NE,"15TH AVE NE, N/O NE 96TH ST; TOTAL FLOW; CHAGG; 19Mar2026 11:30",2026-03-19,2026-03-26,True
350098,16898,13305,E,NE 47TH ST,"NE 47TH ST, W/O 16TH AVE NE; E FLOW; CHEB; 19Mar2026 12:45",2026-03-19,2026-03-26,True
350099,16898,13305,W,NE 47TH ST,"NE 47TH ST, W/O 16TH AVE NE; W FLOW; CHWB; 19Mar2026 12:45",2026-03-19,2026-03-26,True
350100,16898,13305,dir_11,NE 47TH ST,"NE 47TH ST, W/O 16TH AVE NE; TOTAL FLOW; CHAGG; 19Mar2026 12:45",2026-03-19,2026-03-26,True
350102,2248,00680,N,16TH AVE NE,"16TH AVE NE, N/O NE 47TH ST; N FLOW; CHNB NB; 19Mar2026 13:00",2026-03-19,2026-03-26,True
350103,18785,14735,E,NW 73RD ST,"NW 73RD ST, W/O 18TH AVE NW; E FLOW; CHEB; 19Mar2026 13:45",2026-03-19,2026-03-26,True
350104,18785,14735,W,NW 73RD ST,"NW 73RD ST, W/O 18TH AVE NW; W FLOW; CHWB; 19Mar2026 13:45",2026-03-19,2026-03-26,True
350105,18785,14735,dir_11,NW 73RD ST,"NW 73RD ST, W/O 18TH AVE NW; TOTAL FLOW; CHAGG; 19Mar2026 13:45",2026-03-19,2026-03-26,True
350107,567328,06442,E,DISCOVERY PARK BLVD,"DISCOVERY PARK BLVD, W/O ILLINOIS AVE; E FLOW; CHEB; 19Mar2026 14:15",2026-03-19,2026-03-26,True
350108,567328,06442,W,DISCOVERY PARK BLVD,"DISCOVERY PARK BLVD, W/O ILLINOIS AVE; W FLOW; CHWB; 19Mar2026 14:15",2026-03-19,2026-03-26,True
350109,567328,06442,dir_11,DISCOVERY PARK BLVD,"DISCOVERY PARK BLVD, W/O ILLINOIS AVE; TOTAL FLOW; CHAGG; 19Mar2026 14:15",2026-03-19,2026-03-26,True
350111,567333,06442,E,DISCOVERY PARK BLVD,"DISCOVERY PARK BLVD, W/O ALASKA AVE; E FLOW; CHEB; 19Mar2026 14:45",2026-03-19,2026-03-26,True
350112,567333,06442,W,DISCOVERY PARK BLVD,"DISCOVERY PARK BLVD, W/O ALASKA AVE; W FLOW; CHWB; 19Mar2026 14:45",2026-03-19,2026-03-26,True
350113,567333,06442,dir_11,DISCOVERY PARK BLVD,"DISCOVERY PARK BLVD, W/O ALASKA AVE; TOTAL FLOW; CHAGG; 19Mar2026 14:45",2026-03-19,2026-03-26,True
350115,20303,16180,E,S HOLDEN ST,"S HOLDEN ST, E/O 30TH AVE S; E FLOW; CHEB; 20Mar2026 11:15",2026-03-20,2026-03-27,True
350116,20303,16180,W,S HOLDEN ST,"S HOLDEN ST, E/O 30TH AVE S; W FLOW; CHWB; 20Mar2026 11:15",2026-03-20,2026-03-27,True
350117,20303,16180,dir_11,S HOLDEN ST,"S HOLDEN ST, E/O 30TH AVE S; TOTAL FLOW; CHAGG; 20Mar2026 11:15",2026-03-20,2026-03-27,True
350119,4207,01920,N,28TH AVE S,"28TH AVE S, S/O S WARSAW ST; N FLOW; CHNB; 20Mar2026 11:45",2026-03-20,2026-03-27,True
350120,4207,01920,S,28TH AVE S,"28TH AVE S, S/O S WARSAW ST; S FLOW; CHSB; 20Mar2026 11:45",2026-03-20,2026-03-27,True
350121,4207,01920,dir_11,28TH AVE S,"28TH AVE S, S/O S WARSAW ST; TOTAL FLOW; CHAGG; 20Mar2026 11:45",2026-03-20,2026-03-27,True
350123,20599,16355,E,S KING ST,"S KING ST, E/O 6TH AVE S; E FLOW; CHEB; 20Mar2026 12:15",2026-03-20,2026-03-27,True
350124,20599,16355,W,S KING ST,"S KING ST, E/O 6TH AVE S; W FLOW; CHWB; 20Mar2026 12:15",2026-03-20,2026-03-27,True
350125,20599,16355,dir_11,S KING ST,"S KING ST, E/O 6TH AVE S; TOTAL FLOW; CHAGG; 20Mar2026 12:15",2026-03-20,2026-03-27,True
350127,1382,00220,N,11TH AVE,"11TH AVE, S/O E PINE ST; N FLOW; CHNB; 20Mar2026 12:45",2026-03-20,2026-03-27,True
350128,1382,00220,S,11TH AVE,"11TH AVE, S/O E PINE ST; S FLOW; CHSB; 20Mar2026 12:45",2026-03-20,2026-03-27,True
350131,1382,00220,dir_11,11TH AVE,"11TH AVE, S/O E PINE ST; TOTAL FLOW; CHAGG; 20Mar2026 12:45",2026-03-20,2026-03-27,True
350133,20628,16420,W,S LANDER ST,"S LANDER ST, W/O 6TH AVE S; W FLOW; CHWB; 13Mar2026 14:00",2026-03-13,2026-03-20,True
350134,12409,09345,dir_11,RAINIER AVE S,"RAINIER AVE S, S/O S OTHELLO ST; TOTAL FLOW; CHTOTAL; 24Mar2026 00:00",2026-03-24,2026-03-31,True
350135,4382,02080,dir_11,3RD AVE,"3RD AVE, SE/O UNION ST; TOTAL FLOW; CHTOTAL; 24Mar2026 00:00",2026-03-24,2026-03-31,True
350136,10343,06740,NE,FAIRVIEW AVE E,"FAIRVIEW AVE E, SW/O E ALLISON ST; NE FLOW; CHNEB; 16Mar2026 17:00",2026-03-16,2026-03-23,True
350137,10343,06740,SW,FAIRVIEW AVE E,"FAIRVIEW AVE E, SW/O E ALLISON ST; SW FLOW; CHSWB; 16Mar2026 17:00",2026-03-16,2026-03-23,True
350138,10343,06740,dir_11,FAIRVIEW AVE E,"FAIRVIEW AVE E, SW/O E ALLISON ST; TOTAL FLOW; CHAGG; 16Mar2026 17:00",2026-03-16,2026-03-23,True
350140,15263,11975,E,N 145TH ST,"N 145TH ST, E/O EVANSTON AVE N; E FLOW; CHEB; 12Mar2026 14:00",2026-03-12,2026-03-19,True
350141,15263,11975,W,N 145TH ST,"N 145TH ST, E/O EVANSTON AVE N; W FLOW; CHWB; 12Mar2026 14:00",2026-03-12,2026-03-19,True
350142,15263,11975,dir_11,N 145TH ST,"N 145TH ST, E/O EVANSTON AVE N; TOTAL FLOW; CHAGG; 12Mar2026 14:00",2026-03-12,2026-03-19,True
350144,15273,11975,E,N 145TH ST,"N 145TH ST, E/O ROSLYN PL N; E FLOW; CHEB; 12Mar2026 14:00",2026-03-12,2026-03-19,True
350145,15273,11975,W,N 145TH ST,"N 145TH ST, E/O ROSLYN PL N; W FLOW; CHWB; 12Mar2026 14:00",2026-03-12,2026-03-19,True
350146,15273,11975,dir_11,N 145TH ST,"N 145TH ST, E/O ROSLYN PL N; TOTAL FLOW; CHAGG; 12Mar2026 14:00",2026-03-12,2026-03-19,True
350148,15282,11975,E,N 145TH ST,"N 145TH ST, E/O CORLISS AVE N; E FLOW; CHEB; 12Mar2026 14:00",2026-03-12,2026-03-19,True
350149,15282,11975,W,N 145TH ST,"N 145TH ST, E/O CORLISS AVE N; W FLOW; CHWB; 12Mar2026 14:00",2026-03-12,2026-03-19,True
350150,15282,11975,dir_11,N 145TH ST,"N 145TH ST, E/O CORLISS AVE N; TOTAL FLOW; CHAGG; 12Mar2026 14:00",2026-03-12,2026-03-19,True
350152,11260,08080,N,LAKESIDE AVE S,"LAKESIDE AVE S, N/O S KING ST; N FLOW; CHNB; 12Mar2026 16:15",2026-03-12,2026-03-19,True
350153,11260,08080,S,LAKESIDE AVE S,"LAKESIDE AVE S, N/O S KING ST; S FLOW; CHSB; 12Mar2026 16:15",2026-03-12,2026-03-19,True
350154,11260,08080,dir_11,LAKESIDE AVE S,"LAKESIDE AVE S, N/O S KING ST; TOTAL FLOW; CHAGG; 12Mar2026 16:15",2026-03-12,2026-03-19,True
350156,15836,12410,E,N 73RD ST,"N 73RD ST, W/O PALATINE AVE N; E FLOW; CHEB; 11Mar2026 14:00",2026-03-11,2026-03-18,True
350157,15836,12410,W,N 73RD ST,"N 73RD ST, W/O PALATINE AVE N; W FLOW; CHWB; 11Mar2026 14:00",2026-03-11,2026-03-18,True
350158,15836,12410,dir_11,N 73RD ST,"N 73RD ST, W/O PALATINE AVE N; TOTAL FLOW; CHAGG; 11Mar2026 14:00",2026-03-11,2026-03-18,True
350160,18787,14735,E,NW 73RD ST,"NW 73RD ST, W/O 20TH AVE NW; E FLOW; CHEB; 11Mar2026 14:15",2026-03-11,2026-03-18,True
350161,18787,14735,W,NW 73RD ST,"NW 73RD ST, W/O 20TH AVE NW; W FLOW; CHWB; 11Mar2026 14:15",2026-03-11,2026-03-18,True
350162,18787,14735,dir_11,NW 73RD ST,"NW 73RD ST, W/O 20TH AVE NW; TOTAL FLOW; CHAGG; 11Mar2026 14:15",2026-03-11,2026-03-18,True
350164,18864,14775,E,NW 77TH ST,"NW 77TH ST, W/O 20TH AVE NW; E FLOW; CHEB; 11Mar2026 14:15",2026-03-11,2026-03-18,True
350165,18864,14775,W,NW 77TH ST,"NW 77TH ST, W/O 20TH AVE NW; W FLOW; CHWB; 11Mar2026 14:15",2026-03-11,2026-03-18,True
350166,18864,14775,dir_11,NW 77TH ST,"NW 77TH ST, W/O 20TH AVE NW; TOTAL FLOW; CHAGG; 11Mar2026 14:15",2026-03-11,2026-03-18,True
350168,14222,11190,E,E JEFFERSON ST,"E JEFFERSON ST, E/O 14TH AVE; E FLOW; CHEB; 10Mar2026 15:15",2026-03-10,2026-03-17,True
350169,14222,11190,W,E JEFFERSON ST,"E JEFFERSON ST, E/O 14TH AVE; W FLOW; CHWB; 10Mar2026 15:15",2026-03-10,2026-03-17,True
350170,14222,11190,dir_11,E JEFFERSON ST,"E JEFFERSON ST, E/O 14TH AVE; TOTAL FLOW; CHAGG; 10Mar2026 15:15",2026-03-10,2026-03-17,True
350172,14223,11190,E,E JEFFERSON ST,"E JEFFERSON ST, E/O 15TH AVE; E FLOW; CHEB; 10Mar2026 15:30",2026-03-10,2026-03-17,True
350173,14223,11190,W,E JEFFERSON ST,"E JEFFERSON ST, E/O 15TH AVE; W FLOW; CHWB; 10Mar2026 15:30",2026-03-10,2026-03-17,True
350174,14223,11190,dir_11,E JEFFERSON ST,"E JEFFERSON ST, E/O 15TH AVE; TOTAL FLOW; CHAGG; 10Mar2026 15:30",2026-03-10,2026-03-17,True
350176,14225,11190,E,E JEFFERSON ST,"E JEFFERSON ST, E/O 17TH AVE; E FLOW; CHEB; 10Mar2026 16:00",2026-03-10,2026-03-17,True
350177,14225,11190,W,E JEFFERSON ST,"E JEFFERSON ST, E/O 17TH AVE; W FLOW; CHWB; 10Mar2026 16:00",2026-03-10,2026-03-17,True
350178,14225,11190,dir_11,E JEFFERSON ST,"E JEFFERSON ST, E/O 17TH AVE; TOTAL FLOW; CHAGG; 10Mar2026 16:00",2026-03-10,2026-03-17,True
350184,1577,00330,N,12TH AVE NE,"12TH AVE NE, N/O NE 62ND ST; N FLOW; CHNB NB; 25Mar2026 14:45",2026-03-25,2026-04-01,True
350185,17188,13440,NW,NE 62ND ST,"NE 62ND ST, NW/O 20TH AVE NE; NW FLOW; CHNWB; 25Mar2026 14:15",2026-03-25,2026-04-01,True
350186,17188,13440,SE,NE 62ND ST,"NE 62ND ST, NW/O 20TH AVE NE; SE FLOW; CHSEB; 25Mar2026 14:15",2026-03-25,2026-04-01,True
350187,17188,13440,dir_11,NE 62ND ST,"NE 62ND ST, NW/O 20TH AVE NE; TOTAL FLOW; CHAGG; 25Mar2026 14:15",2026-03-25,2026-04-01,True
350189,2969,01055,N,20TH AVE NE,"20TH AVE NE, S/O NE 63RD ST; N FLOW; CHNB; 25Mar2026 14:00",2026-03-25,2026-04-01,True
350190,2969,01055,S,20TH AVE NE,"20TH AVE NE, S/O NE 63RD ST; S FLOW; CHSB; 25Mar2026 14:00",2026-03-25,2026-04-01,True
350191,2969,01055,dir_11,20TH AVE NE,"20TH AVE NE, S/O NE 63RD ST; TOTAL FLOW; CHAGG; 25Mar2026 14:00",2026-03-25,2026-04-01,True
350193,15418,12060,E,N 40TH ST,"N 40TH ST, E/O ASHWORTH AVE N; E FLOW; CHEB; 25Mar2026 12:45",2026-03-25,2026-04-01,True
350194,15418,12060,W,N 40TH ST,"N 40TH ST, E/O ASHWORTH AVE N; W FLOW; CHWB; 25Mar2026 12:45",2026-03-25,2026-04-01,True
350195,15418,12060,dir_11,N 40TH ST,"N 40TH ST, E/O ASHWORTH AVE N; TOTAL FLOW; CHAGG; 25Mar2026 12:45",2026-03-25,2026-04-01,True
350197,15419,12060,E,N 40TH ST,"N 40TH ST, W/O DENSMORE AVE N; E FLOW; CHEB; 25Mar2026 12:30",2026-03-25,2026-04-01,True
350198,15419,12060,W,N 40TH ST,"N 40TH ST, W/O DENSMORE AVE N; W FLOW; CHWB; 25Mar2026 12:30",2026-03-25,2026-04-01,True
350199,15419,12060,dir_11,N 40TH ST,"N 40TH ST, W/O DENSMORE AVE N; TOTAL FLOW; CHAGG; 25Mar2026 12:30",2026-03-25,2026-04-01,True
350201,10083,06390,N,DEXTER AVE N,"DEXTER AVE N, S/O GALER ST; N FLOW; CHNB; 26Mar2026 11:15",2026-03-26,2026-04-02,True
350202,10083,06390,S,DEXTER AVE N,"DEXTER AVE N, S/O GALER ST; S FLOW; CHSB; 26Mar2026 11:15",2026-03-26,2026-04-02,True
350203,10083,06390,dir_11,DEXTER AVE N,"DEXTER AVE N, S/O GALER ST; TOTAL FLOW; CHAGG; 26Mar2026 11:15",2026-03-26,2026-04-02,True
350205,8782,05095,E,ALKI AVE SW,"ALKI AVE SW, W/O HARBOR AVE SW; E FLOW; CHEB; 04Mar2026 13:15",2026-03-04,2026-03-11,True
350206,8782,05095,W,ALKI AVE SW,"ALKI AVE SW, W/O HARBOR AVE SW; W FLOW; CHWB; 04Mar2026 13:15",2026-03-04,2026-03-11,True
350207,8782,05095,dir_11,ALKI AVE SW,"ALKI AVE SW, W/O HARBOR AVE SW; TOTAL FLOW; CHAGG; 04Mar2026 13:15",2026-03-04,2026-03-11,True
350209,20628,16420,E,S LANDER ST,"S LANDER ST, W/O 6TH AVE S; E FLOW; CHEB; 04Mar2026 13:15",2026-03-04,2026-03-11,True
350210,20628,16420,dir_11,S LANDER ST,"S LANDER ST, W/O 6TH AVE S; TOTAL FLOW; CHAGG; 04Mar2026 13:15",2026-03-04,2026-03-11,True
350212,14073,11075,NE,EAST GREEN LAKE WAY N,"EAST GREEN LAKE WAY N, NE/O N 57TH ST; NE FLOW; CHNEB; 04Mar2026 13:00",2026-03-04,2026-03-11,True
350213,14073,11075,SW,EAST GREEN LAKE WAY N,"EAST GREEN LAKE WAY N, NE/O N 57TH ST; SW FLOW; CHSWB; 04Mar2026 13:00",2026-03-04,2026-03-11,True
350214,14073,11075,dir_11,EAST GREEN LAKE WAY N,"EAST GREEN LAKE WAY N, NE/O N 57TH ST; TOTAL FLOW; CHAGG; 04Mar2026 13:00",2026-03-04,2026-03-11,True
350216,15962,12500,E,N 85TH ST,"N 85TH ST, W/O ASHWORTH AVE N; E FLOW; CHEB; 04Mar2026 13:15",2026-03-04,2026-03-11,True
350217,15962,12500,W,N 85TH ST,"N 85TH ST, W/O ASHWORTH AVE N; W FLOW; CHWB; 04Mar2026 13:15",2026-03-04,2026-03-11,True
350218,15962,12500,dir_11,N 85TH ST,"N 85TH ST, W/O ASHWORTH AVE N; TOTAL FLOW; CHAGG; 04Mar2026 13:15",2026-03-04,2026-03-11,True
350220,19223,15130,E,NW MARKET ST,"NW MARKET ST, W/O 8TH AVE NW; E FLOW; CHEB; 04Mar2026 13:15",2026-03-04,2026-03-11,True
350221,19223,15130,W,NW MARKET ST,"NW MARKET ST, W/O 8TH AVE NW; W FLOW; CHWB; 04Mar2026 13:15",2026-03-04,2026-03-11,True
350222,19223,15130,dir_11,NW MARKET ST,"NW MARKET ST, W/O 8TH AVE NW; TOTAL FLOW; CHAGG; 04Mar2026 13:15",2026-03-04,2026-03-11,True
350224,13202,10115,NE,UNIVERSITY ST,"UNIVERSITY ST, SW/O 4TH AVE; NE FLOW; CHNEB; 05Mar2026 13:15",2026-03-05,2026-03-12,True
350225,8728,05045,NW,ALASKAN WAY,"ALASKAN WAY, SE/O BLANCHARD ST; NW FLOW; CHNWB; 05Mar2026 13:15",2026-03-05,2026-03-12,True
350226,8728,05045,SE,ALASKAN WAY,"ALASKAN WAY, SE/O BLANCHARD ST; SE FLOW; CHSEB; 05Mar2026 13:15",2026-03-05,2026-03-12,True
350227,8728,05045,dir_11,ALASKAN WAY,"ALASKAN WAY, SE/O BLANCHARD ST; TOTAL FLOW; CHAGG; 05Mar2026 13:15",2026-03-05,2026-03-12,True
350229,14348,11275,NE,E MADISON ST,"E MADISON ST, SW/O 17TH AVE; NE FLOW; CHNEB; 05Mar2026 13:15",2026-03-05,2026-03-12,True
350230,14348,11275,SW,E MADISON ST,"E MADISON ST, SW/O 17TH AVE; SW FLOW; CHSWB; 05Mar2026 13:15",2026-03-05,2026-03-12,True
350231,14348,11275,dir_11,E MADISON ST,"E MADISON ST, SW/O 17TH AVE; TOTAL FLOW; CHAGG; 05Mar2026 13:15",2026-03-05,2026-03-12,True
350233,10000,06345,E,DENNY WAY,"DENNY WAY, W/O 2ND AVE; E FLOW; CHEB; 05Mar2026 13:15",2026-03-05,2026-03-12,True
350234,10000,06345,W,DENNY WAY,"DENNY WAY, W/O 2ND AVE; W FLOW; CHWB; 05Mar2026 13:15",2026-03-05,2026-03-12,True
350235,10000,06345,dir_11,DENNY WAY,"DENNY WAY, W/O 2ND AVE; TOTAL FLOW; CHAGG; 05Mar2026 13:15",2026-03-05,2026-03-12,True
350237,12312,09315,N,QUEEN ANNE AVE N,"QUEEN ANNE AVE N, S/O CROCKETT ST; N FLOW; CHNB; 05Mar2026 13:15",2026-03-05,2026-03-12,True
350238,12312,09315,S,QUEEN ANNE AVE N,"QUEEN ANNE AVE N, S/O CROCKETT ST; S FLOW; CHSB; 05Mar2026 13:15",2026-03-05,2026-03-12,True
350240,12312,09315,dir_11,QUEEN ANNE AVE N,"QUEEN ANNE AVE N, S/O CROCKETT ST; TOTAL FLOW; CHAGG; 05Mar2026 13:15",2026-03-05,2026-03-12,True
350242,12900,09800,SW,STEWART ST,"STEWART ST, NE/O 4TH AVE; SW FLOW; CHSWB; 13Mar2026 14:00",2026-03-13,2026-03-20,True
350243,7864,04420,S,59TH AVE SW,"59TH AVE SW, N/O SW SPOKANE ST; S FLOW; CHSB; 26Feb2026 11:45",2026-02-26,2026-03-05,True
350244,7864,04420,dir_11,59TH AVE SW,"59TH AVE SW, N/O SW SPOKANE ST; TOTAL FLOW; CHTOT; 26Feb2026 11:45",2026-02-26,2026-03-05,True
350245,7864,04420,N,59TH AVE SW,"59TH AVE SW, N/O SW SPOKANE ST; N FLOW; CHAGG; 26Feb2026 11:45",2026-02-26,2026-03-05,True
350247,11258,08080,N,LAKESIDE AVE S,"LAKESIDE AVE S, NE/O S LESCHI PL; N FLOW; CHNB; 20Mar2026 15:00",2026-03-20,2026-03-27,True
350248,11258,08080,S,LAKESIDE AVE S,"LAKESIDE AVE S, NE/O S LESCHI PL; S FLOW; CHSB; 20Mar2026 15:00",2026-03-20,2026-03-27,True
350249,11258,08080,dir_11,LAKESIDE AVE S,"LAKESIDE AVE S, NE/O S LESCHI PL; TOTAL FLOW; CHAGG; 20Mar2026 15:00",2026-03-20,2026-03-27,True
350251,9552,05790,N,CALIFORNIA AVE SW,"CALIFORNIA AVE SW, S/O SW GENESEE ST; N FLOW; CHNB; 30Mar2026 12:00",2026-03-30,2026-04-06,True
350252,9552,05790,S,CALIFORNIA AVE SW,"CALIFORNIA AVE SW, S/O SW GENESEE ST; S FLOW; CHSB; 30Mar2026 12:00",2026-03-30,2026-04-06,True
350253,9552,05790,dir_11,CALIFORNIA AVE SW,"CALIFORNIA AVE SW, S/O SW GENESEE ST; TOTAL FLOW; CHAGG; 30Mar2026 12:00",2026-03-30,2026-04-06,True
350255,1307,00155,N,10TH AVE NE,"10TH AVE NE, N/O NE 130TH ST; N FLOW; CHNB; 23Mar2026 15:45",2026-03-23,2026-03-30,True
350256,1307,00155,S,10TH AVE NE,"10TH AVE NE, N/O NE 130TH ST; S FLOW; CHSB; 23Mar2026 15:45",2026-03-23,2026-03-30,True
350257,1307,00155,dir_11,10TH AVE NE,"10TH AVE NE, N/O NE 130TH ST; TOTAL FLOW; CHAGG; 23Mar2026 15:45",2026-03-23,2026-03-30,True
350259,21974,17515,W,SW CHARLESTOWN ST,"SW CHARLESTOWN ST, E/O 52ND E AVE SW; W FLOW; CHWB; 26Feb2026 12:00",2026-02-26,2026-03-05,True
350260,21974,17515,dir_11,SW CHARLESTOWN ST,"SW CHARLESTOWN ST, E/O 52ND E AVE SW; TOTAL FLOW; CHTOT; 26Feb2026 12:00",2026-02-26,2026-03-05,True
350261,21974,17515,E,SW CHARLESTOWN ST,"SW CHARLESTOWN ST, E/O 52ND E AVE SW; E FLOW; CHAGG; 26Feb2026 12:00",2026-02-26,2026-03-05,True
350263,7209,03860,N,49TH AVE SW,"49TH AVE SW, N/O SW EDMUNDS ST; N FLOW; CHNB; 26Feb2026 12:30",2026-02-26,2026-03-05,True
350264,7209,03860,dir_11,49TH AVE SW,"49TH AVE SW, N/O SW EDMUNDS ST; TOTAL FLOW; CHTOT; 26Feb2026 12:30",2026-02-26,2026-03-05,True
350265,7209,03860,S,49TH AVE SW,"49TH AVE SW, N/O SW EDMUNDS ST; S FLOW; CHAGG; 26Feb2026 12:30",2026-02-26,2026-03-05,True
350267,10658,07035,SE,GLENN WAY SW,"GLENN WAY SW, SE/O SW OREGON ST; SE FLOW; CHSEB; 26Feb2026 12:45",2026-02-26,2026-03-05,True
350268,10658,07035,dir_11,GLENN WAY SW,"GLENN WAY SW, SE/O SW OREGON ST; TOTAL FLOW; CHTOT; 26Feb2026 12:45",2026-02-26,2026-03-05,True
350269,10658,07035,NW,GLENN WAY SW,"GLENN WAY SW, SE/O SW OREGON ST; NW FLOW; CHAGG; 26Feb2026 12:45",2026-02-26,2026-03-05,True
350271,22117,17655,E,SW EDMUNDS ST,"SW EDMUNDS ST, E/O CALIFORNIA AVE SW; E FLOW; CHEB; 26Feb2026 13:15",2026-02-26,2026-03-05,True
350272,22117,17655,dir_11,SW EDMUNDS ST,"SW EDMUNDS ST, E/O CALIFORNIA AVE SW; TOTAL FLOW; CHTOT; 26Feb2026 13:15",2026-02-26,2026-03-05,True
350273,22117,17655,W,SW EDMUNDS ST,"SW EDMUNDS ST, E/O CALIFORNIA AVE SW; W FLOW; CHAGG; 26Feb2026 13:15",2026-02-26,2026-03-05,True
350275,21820,17390,E,SW AVALON WAY,"SW AVALON WAY, NE/O 35TH AVE SW; E FLOW; CHEB; 25Feb2026 12:45",2026-02-25,2026-03-04,True
350276,21820,17390,W,SW AVALON WAY,"SW AVALON WAY, NE/O 35TH AVE SW; W FLOW; CHWB; 25Feb2026 12:45",2026-02-25,2026-03-04,True
350277,21820,17390,dir_11,SW AVALON WAY,"SW AVALON WAY, NE/O 35TH AVE SW; TOTAL FLOW; CHAGG; 25Feb2026 12:45",2026-02-25,2026-03-04,True
350279,5450,02720,N,35TH AVE SW,"35TH AVE SW, S/O SW AVALON WAY; N FLOW; CHNB; 25Feb2026 13:00",2026-02-25,2026-03-04,True
350280,5450,02720,S,35TH AVE SW,"35TH AVE SW, S/O SW AVALON WAY; S FLOW; CHSB; 25Feb2026 13:00",2026-02-25,2026-03-04,True
350281,5450,02720,dir_11,35TH AVE SW,"35TH AVE SW, S/O SW AVALON WAY; TOTAL FLOW; CHAGG; 25Feb2026 13:00",2026-02-25,2026-03-04,True
350283,21723,17320,E,SW ALASKA ST,"SW ALASKA ST, E/O 37TH AVE SW; E FLOW; CHEB; 25Feb2026 13:30",2026-02-25,2026-03-04,True
350284,21723,17320,dir_11,SW ALASKA ST,"SW ALASKA ST, E/O 37TH AVE SW; TOTAL FLOW; CHTOT; 25Feb2026 13:30",2026-02-25,2026-03-04,True
350285,21723,17320,W,SW ALASKA ST,"SW ALASKA ST, E/O 37TH AVE SW; W FLOW; CHAGG; 25Feb2026 13:30",2026-02-25,2026-03-04,True
350287,14024,11045,E,E GALER ST,"E GALER ST, W/O 18TH AVE E; E FLOW; CHEB; 24Feb2026 15:30",2026-02-24,2026-03-03,True
350288,14024,11045,dir_11,E GALER ST,"E GALER ST, W/O 18TH AVE E; TOTAL FLOW; CHTOT; 24Feb2026 15:30",2026-02-24,2026-03-03,True
350289,14024,11045,W,E GALER ST,"E GALER ST, W/O 18TH AVE E; W FLOW; CHAGG; 24Feb2026 15:30",2026-02-24,2026-03-03,True
350291,2662,00910,N,19TH AVE E,"19TH AVE E, N/O E PROSPECT ST; N FLOW; CHNB; 24Feb2026 15:45",2026-02-24,2026-03-03,True
350292,2662,00910,dir_11,19TH AVE E,"19TH AVE E, N/O E PROSPECT ST; TOTAL FLOW; CHTOT; 24Feb2026 15:45",2026-02-24,2026-03-03,True
350293,2662,00910,S,19TH AVE E,"19TH AVE E, N/O E PROSPECT ST; S FLOW; CHAGG; 24Feb2026 15:45",2026-02-24,2026-03-03,True
350295,2350,00695,N,16TH AVE SW,"16TH AVE SW, N/O SW ROXBURY ST; N FLOW; CHNB; 24Feb2026 10:45",2026-02-24,2026-03-03,True
350296,2350,00695,dir_11,16TH AVE SW,"16TH AVE SW, N/O SW ROXBURY ST; TOTAL FLOW; CHTOT; 24Feb2026 10:45",2026-02-24,2026-03-03,True
350297,2350,00695,S,16TH AVE SW,"16TH AVE SW, N/O SW ROXBURY ST; S FLOW; CHAGG; 24Feb2026 10:45",2026-02-24,2026-03-03,True
350299,9994,06320,SE,DELRIDGE WAY SW,"DELRIDGE WAY SW, NW/O SW ROXBURY ST; SE FLOW; CHSEB; 24Feb2026 11:00",2026-02-24,2026-03-03,True
350300,9994,06320,dir_11,DELRIDGE WAY SW,"DELRIDGE WAY SW, NW/O SW ROXBURY ST; TOTAL FLOW; CHTOT; 24Feb2026 11:00",2026-02-24,2026-03-03,True
350301,9994,06320,NW,DELRIDGE WAY SW,"DELRIDGE WAY SW, NW/O SW ROXBURY ST; NW FLOW; CHAGG; 24Feb2026 11:00",2026-02-24,2026-03-03,True
350303,2513,00785,N,17TH AVE SW,"17TH AVE SW, S/O DELRIDGE WAY SW; N FLOW; CHNB; 24Feb2026 11:15",2026-02-24,2026-03-03,True
350304,2513,00785,dir_11,17TH AVE SW,"17TH AVE SW, S/O DELRIDGE WAY SW; TOTAL FLOW; CHTOT; 24Feb2026 11:15",2026-02-24,2026-03-03,True
350305,2513,00785,S,17TH AVE SW,"17TH AVE SW, S/O DELRIDGE WAY SW; S FLOW; CHAGG; 24Feb2026 11:15",2026-02-24,2026-03-03,True
350307,22774,18145,E,SW ROXBURY ST,"SW ROXBURY ST, E/O 30TH AVE SW; E FLOW; CHEB; 24Feb2026 11:45",2026-02-24,2026-03-03,True
350308,22774,18145,W,SW ROXBURY ST,"SW ROXBURY ST, E/O 30TH AVE SW; W FLOW; CHWB; 24Feb2026 11:45",2026-02-24,2026-03-03,True
350309,22774,18145,dir_11,SW ROXBURY ST,"SW ROXBURY ST, E/O 30TH AVE SW; TOTAL FLOW; CHAGG; 24Feb2026 11:45",2026-02-24,2026-03-03,True
350311,5490,02720,N,35TH AVE SW,"35TH AVE SW, N/O SW 104TH ST; N FLOW; CHNB; 24Feb2026 12:00",2026-02-24,2026-03-03,True
350312,5490,02720,dir_11,35TH AVE SW,"35TH AVE SW, N/O SW 104TH ST; TOTAL FLOW; CHTOT; 24Feb2026 12:00",2026-02-24,2026-03-03,True
350313,5490,02720,S,35TH AVE SW,"35TH AVE SW, N/O SW 104TH ST; S FLOW; CHAGG; 24Feb2026 12:00",2026-02-24,2026-03-03,True
350315,21629,17235,W,SW 106TH ST,"SW 106TH ST, W/O 35TH AVE SW; W FLOW; CHWB; 24Feb2026 12:15",2026-02-24,2026-03-03,True
350316,21629,17235,dir_11,SW 106TH ST,"SW 106TH ST, W/O 35TH AVE SW; TOTAL FLOW; CHTOT; 24Feb2026 12:15",2026-02-24,2026-03-03,True
350317,21629,17235,E,SW 106TH ST,"SW 106TH ST, W/O 35TH AVE SW; E FLOW; CHAGG; 24Feb2026 12:15",2026-02-24,2026-03-03,True
350319,20691,16495,E,S LUCILE ST,"S LUCILE ST, E/O 2ND AVE S; E FLOW; CHEB; 23Feb2026 11:00",2026-02-23,2026-03-02,True
350320,20691,16495,dir_11,S LUCILE ST,"S LUCILE ST, E/O 2ND AVE S; TOTAL FLOW; CHTOT; 23Feb2026 11:00",2026-02-23,2026-03-02,True
350321,20691,16495,W,S LUCILE ST,"S LUCILE ST, E/O 2ND AVE S; W FLOW; CHAGG; 23Feb2026 11:00",2026-02-23,2026-03-02,True
350327,2162,00565,S,15TH AVE S,"15TH AVE S, S/O S FERDINAND ST; S FLOW; CHSB; 23Feb2026 12:15",2026-02-23,2026-03-02,True
350328,2162,00565,dir_11,15TH AVE S,"15TH AVE S, S/O S FERDINAND ST; TOTAL FLOW; CHTOT; 23Feb2026 12:15",2026-02-23,2026-03-02,True
350329,2162,00565,N,15TH AVE S,"15TH AVE S, S/O S FERDINAND ST; N FLOW; CHAGG; 23Feb2026 12:15",2026-02-23,2026-03-02,True
350335,8021,04455,N,6TH AVE S,"6TH AVE S, N/O S MICHIGAN ST; N FLOW; CHNB; 23Feb2026 11:30",2026-02-23,2026-03-02,True
350336,8021,04455,S,6TH AVE S,"6TH AVE S, N/O S MICHIGAN ST; S FLOW; CHSB; 23Feb2026 11:30",2026-02-23,2026-03-02,True
350337,8021,04455,dir_11,6TH AVE S,"6TH AVE S, N/O S MICHIGAN ST; TOTAL FLOW; CHAGG; 23Feb2026 11:30",2026-02-23,2026-03-02,True
350339,20689,16495,E,S LUCILE ST,"S LUCILE ST, E/O UTAH AVE S; E FLOW; CHEB; 23Feb2026 11:45",2026-02-23,2026-03-02,True
350340,20689,16495,W,S LUCILE ST,"S LUCILE ST, E/O UTAH AVE S; W FLOW; CHWB; 23Feb2026 11:45",2026-02-23,2026-03-02,True
350341,20689,16495,dir_11,S LUCILE ST,"S LUCILE ST, E/O UTAH AVE S; TOTAL FLOW; CHAGG; 23Feb2026 11:45",2026-02-23,2026-03-02,True
350343,20420,16240,E,S HUDSON ST,"S HUDSON ST, E/O COLORADO AVE S; E FLOW; CHEB; 20Feb2026 11:15",2026-02-20,2026-02-27,True
350344,20420,16240,dir_11,S HUDSON ST,"S HUDSON ST, E/O COLORADO AVE S; TOTAL FLOW; CHTOT; 20Feb2026 11:15",2026-02-20,2026-02-27,True
350345,20420,16240,W,S HUDSON ST,"S HUDSON ST, E/O COLORADO AVE S; W FLOW; CHAGG; 20Feb2026 11:15",2026-02-20,2026-02-27,True
350347,14226,11190,E,E JEFFERSON ST,"E JEFFERSON ST, E/O 18TH AVE; E FLOW; CHEB; 10Mar2026 16:15",2026-03-10,2026-03-17,True
350348,14226,11190,W,E JEFFERSON ST,"E JEFFERSON ST, E/O 18TH AVE; W FLOW; CHWB; 10Mar2026 16:15",2026-03-10,2026-03-17,True
350349,14226,11190,dir_11,E JEFFERSON ST,"E JEFFERSON ST, E/O 18TH AVE; TOTAL FLOW; CHAGG; 10Mar2026 16:15",2026-03-10,2026-03-17,True
350351,11388,08225,NW,LINCOLN PARK WAY SW,"LINCOLN PARK WAY SW, SE/O MURRAY AVE SW; NW FLOW; CHNWB; 20Feb2026 11:15",2026-02-20,2026-02-27,True
350352,11388,08225,dir_11,LINCOLN PARK WAY SW,"LINCOLN PARK WAY SW, SE/O MURRAY AVE SW; TOTAL FLOW; CHTOT; 20Feb2026 11:15",2026-02-20,2026-02-27,True
350353,11388,08225,SE,LINCOLN PARK WAY SW,"LINCOLN PARK WAY SW, SE/O MURRAY AVE SW; SE FLOW; CHAGG; 20Feb2026 11:15",2026-02-20,2026-02-27,True
350355,7159,03810,NE,48TH AVE SW,"48TH AVE SW, SW/O SW HOLLY ST; NE FLOW; CHNEB; 20Feb2026 11:30",2026-02-20,2026-02-27,True
350356,7159,03810,dir_11,48TH AVE SW,"48TH AVE SW, SW/O SW HOLLY ST; TOTAL FLOW; CHTOT; 20Feb2026 11:30",2026-02-20,2026-02-27,True
350357,7159,03810,SW,48TH AVE SW,"48TH AVE SW, SW/O SW HOLLY ST; SW FLOW; CHAGG; 20Feb2026 11:30",2026-02-20,2026-02-27,True
350359,7156,03810,N,48TH AVE SW,"48TH AVE SW, S/O SW RAYMOND ST; N FLOW; CHNB; 20Feb2026 11:45",2026-02-20,2026-02-27,True
350361,7156,03810,dir_11,48TH AVE SW,"48TH AVE SW, S/O SW RAYMOND ST; TOTAL FLOW; CHTOT; 20Feb2026 11:45",2026-02-20,2026-02-27,True
350362,7156,03810,S,48TH AVE SW,"48TH AVE SW, S/O SW RAYMOND ST; S FLOW; CHAGG; 20Feb2026 11:45",2026-02-20,2026-02-27,True
350364,7211,03860,N,49TH AVE SW,"49TH AVE SW, S/O SW HUDSON ST; N FLOW; CHNB; 20Feb2026 12:30",2026-02-20,2026-02-27,True
350365,7211,03860,dir_11,49TH AVE SW,"49TH AVE SW, S/O SW HUDSON ST; TOTAL FLOW; CHTOT; 20Feb2026 12:30",2026-02-20,2026-02-27,True
350366,7211,03860,S,49TH AVE SW,"49TH AVE SW, S/O SW HUDSON ST; S FLOW; CHAGG; 20Feb2026 12:30",2026-02-20,2026-02-27,True
350368,22446,17855,W,SW HUDSON ST,"SW HUDSON ST, W/O 50TH AVE SW; W FLOW; CHWB; 20Feb2026 12:45",2026-02-20,2026-02-27,True
350369,22446,17855,dir_11,SW HUDSON ST,"SW HUDSON ST, W/O 50TH AVE SW; TOTAL FLOW; CHTOT; 20Feb2026 12:45",2026-02-20,2026-02-27,True
350370,22446,17855,E,SW HUDSON ST,"SW HUDSON ST, W/O 50TH AVE SW; E FLOW; CHAGG; 20Feb2026 12:45",2026-02-20,2026-02-27,True
350372,9105,05385,SE,BEACH DR SW,"BEACH DR SW, SE/O SW BEACH DRIVE TER; SE FLOW; CHSEB; 20Feb2026 13:15",2026-02-20,2026-02-27,True
350373,9105,05385,dir_11,BEACH DR SW,"BEACH DR SW, SE/O SW BEACH DRIVE TER; TOTAL FLOW; CHTOT; 20Feb2026 13:15",2026-02-20,2026-02-27,True
350374,9105,05385,NW,BEACH DR SW,"BEACH DR SW, SE/O SW BEACH DRIVE TER; NW FLOW; CHAGG; 20Feb2026 13:15",2026-02-20,2026-02-27,True
350376,22363,17815,E,SW HOLDEN ST,"SW HOLDEN ST, E/O 12TH AVE SW; E FLOW; CHEB; 19Feb2026 11:00",2026-02-19,2026-02-26,True
350377,22363,17815,W,SW HOLDEN ST,"SW HOLDEN ST, E/O 12TH AVE SW; W FLOW; CHWB; 19Feb2026 11:00",2026-02-19,2026-02-26,True
350378,22363,17815,dir_11,SW HOLDEN ST,"SW HOLDEN ST, E/O 12TH AVE SW; TOTAL FLOW; CHAGG; 19Feb2026 11:00",2026-02-19,2026-02-26,True
350380,2346,00695,N,16TH AVE SW,"16TH AVE SW, N/O SW TRENTON ST; N FLOW; CHNB; 19Feb2026 11:15",2026-02-19,2026-02-26,True
350381,2346,00695,dir_11,16TH AVE SW,"16TH AVE SW, N/O SW TRENTON ST; TOTAL FLOW; CHTOT; 19Feb2026 11:15",2026-02-19,2026-02-26,True
350382,2346,00695,S,16TH AVE SW,"16TH AVE SW, N/O SW TRENTON ST; S FLOW; CHAGG; 19Feb2026 11:15",2026-02-19,2026-02-26,True
350384,3812,01625,S,25TH AVE SW,"25TH AVE SW, S/O SW HENDERSON ST; S FLOW; CHSB; 19Feb2026 11:45",2026-02-19,2026-02-26,True
350385,3812,01625,dir_11,25TH AVE SW,"25TH AVE SW, S/O SW HENDERSON ST; TOTAL FLOW; CHTOT; 19Feb2026 11:45",2026-02-19,2026-02-26,True
350386,3812,01625,N,25TH AVE SW,"25TH AVE SW, S/O SW HENDERSON ST; N FLOW; CHAGG; 19Feb2026 11:45",2026-02-19,2026-02-26,True
350388,22928,18255,E,SW TRENTON ST,"SW TRENTON ST, E/O 30TH AVE SW; E FLOW; CHEB; 19Feb2026 12:00",2026-02-19,2026-02-26,True
350389,22928,18255,dir_11,SW TRENTON ST,"SW TRENTON ST, E/O 30TH AVE SW; TOTAL FLOW; CHTOT; 19Feb2026 12:00",2026-02-19,2026-02-26,True
350390,22928,18255,W,SW TRENTON ST,"SW TRENTON ST, E/O 30TH AVE SW; W FLOW; CHAGG; 19Feb2026 12:00",2026-02-19,2026-02-26,True
350392,5471,02720,N,35TH AVE SW,"35TH AVE SW, S/O SW HOLDEN S ST; N FLOW; CHNB; 19Feb2026 12:30",2026-02-19,2026-02-26,True
350393,5471,02720,S,35TH AVE SW,"35TH AVE SW, S/O SW HOLDEN S ST; S FLOW; CHSB; 19Feb2026 12:30",2026-02-19,2026-02-26,True
350394,5471,02720,dir_11,35TH AVE SW,"35TH AVE SW, S/O SW HOLDEN S ST; TOTAL FLOW; CHAGG; 19Feb2026 12:30",2026-02-19,2026-02-26,True
350396,22388,17815,W,SW HOLDEN ST,"SW HOLDEN ST, E/O 41ST AVE SW; W FLOW; CHWB; 19Feb2026 12:45",2026-02-19,2026-02-26,True
350397,22388,17815,dir_11,SW HOLDEN ST,"SW HOLDEN ST, E/O 41ST AVE SW; TOTAL FLOW; CHTOT; 19Feb2026 12:45",2026-02-19,2026-02-26,True
350398,22388,17815,E,SW HOLDEN ST,"SW HOLDEN ST, E/O 41ST AVE SW; E FLOW; CHAGG; 19Feb2026 12:45",2026-02-19,2026-02-26,True
350400,16791,13225,E,NE 42ND ST,"NE 42ND ST, E/O BROOKLYN AVE NE; E FLOW; CHEB; 31Mar2026 14:30",2026-03-31,2026-04-07,True
350401,16791,13225,W,NE 42ND ST,"NE 42ND ST, E/O BROOKLYN AVE NE; W FLOW; CHWB; 31Mar2026 14:30",2026-03-31,2026-04-07,True
350402,16791,13225,dir_11,NE 42ND ST,"NE 42ND ST, E/O BROOKLYN AVE NE; TOTAL FLOW; CHAGG; 31Mar2026 14:30",2026-03-31,2026-04-07,True
350404,16792,13225,E,NE 42ND ST,"NE 42ND ST, E/O UNIVERSITY WAY NE; E FLOW; CHEB; 31Mar2026 14:45",2026-03-31,2026-04-07,True
350405,16792,13225,W,NE 42ND ST,"NE 42ND ST, E/O UNIVERSITY WAY NE; W FLOW; CHWB; 31Mar2026 14:45",2026-03-31,2026-04-07,True
350406,16792,13225,dir_11,NE 42ND ST,"NE 42ND ST, E/O UNIVERSITY WAY NE; TOTAL FLOW; CHAGG; 31Mar2026 14:45",2026-03-31,2026-04-07,True
350408,11264,08080,N,LAKESIDE AVE S,"LAKESIDE AVE S, N/O S CHARLES ST; N FLOW; CHNB; 31Mar2026 11:00",2026-03-31,2026-04-07,True
350409,11264,08080,S,LAKESIDE AVE S,"LAKESIDE AVE S, N/O S CHARLES ST; S FLOW; CHSB; 31Mar2026 11:00",2026-03-31,2026-04-07,True
350410,11264,08080,dir_11,LAKESIDE AVE S,"LAKESIDE AVE S, N/O S CHARLES ST; TOTAL FLOW; CHAGG; 31Mar2026 11:00",2026-03-31,2026-04-07,True
350412,14362,11275,NE,E MADISON ST,"E MADISON ST, SW/O 29TH W AVE E; NE FLOW; CHNEB; 31Mar2026 11:30",2026-03-31,2026-04-07,True
350413,14362,11275,SW,E MADISON ST,"E MADISON ST, SW/O 29TH W AVE E; SW FLOW; CHSWB; 31Mar2026 11:30",2026-03-31,2026-04-07,True
350414,14362,11275,dir_11,E MADISON ST,"E MADISON ST, SW/O 29TH W AVE E; TOTAL FLOW; CHAGG; 31Mar2026 11:30",2026-03-31,2026-04-07,True
350416,17043,13375,E,NE 55TH ST,"NE 55TH ST, E/O 27TH AVE NE; E FLOW; CHEB; 31Mar2026 12:30",2026-03-31,2026-04-07,True
350417,17043,13375,W,NE 55TH ST,"NE 55TH ST, E/O 27TH AVE NE; W FLOW; CHWB; 31Mar2026 12:30",2026-03-31,2026-04-07,True
350418,17043,13375,dir_11,NE 55TH ST,"NE 55TH ST, E/O 27TH AVE NE; TOTAL FLOW; CHAGG; 31Mar2026 12:30",2026-03-31,2026-04-07,True
350420,12639,09485,N,ROOSEVELT WAY NE,"ROOSEVELT WAY NE, N/O NE 90TH ST; N FLOW; CHNB; 31Mar2026 13:00",2026-03-31,2026-04-07,True
350421,12639,09485,S,ROOSEVELT WAY NE,"ROOSEVELT WAY NE, N/O NE 90TH ST; S FLOW; CHSB; 31Mar2026 13:00",2026-03-31,2026-04-07,True
350422,12639,09485,dir_11,ROOSEVELT WAY NE,"ROOSEVELT WAY NE, N/O NE 90TH ST; TOTAL FLOW; CHAGG; 31Mar2026 13:00",2026-03-31,2026-04-07,True
350424,5211,02590,N,34TH AVE,"34TH AVE, N/O E OLIVE ST; N FLOW; CHNB; 19Feb2026 14:30",2026-02-19,2026-02-26,True
350425,5211,02590,dir_11,34TH AVE,"34TH AVE, N/O E OLIVE ST; TOTAL FLOW; CHTOT; 19Feb2026 14:30",2026-02-19,2026-02-26,True
350426,5211,02590,S,34TH AVE,"34TH AVE, N/O E OLIVE ST; S FLOW; CHAGG; 19Feb2026 14:30",2026-02-19,2026-02-26,True
350428,11204,08055,SE,LAKE WASHINGTON BLVD E,"LAKE WASHINGTON BLVD E, SE/O 36TH AVE E; SE FLOW; CHSEB; 19Feb2026 14:45",2026-02-19,2026-02-26,True
350429,11204,08055,dir_11,LAKE WASHINGTON BLVD E,"LAKE WASHINGTON BLVD E, SE/O 36TH AVE E; TOTAL FLOW; CHTOT; 19Feb2026 14:45",2026-02-19,2026-02-26,True
350430,11204,08055,NW,LAKE WASHINGTON BLVD E,"LAKE WASHINGTON BLVD E, SE/O 36TH AVE E; NW FLOW; CHAGG; 19Feb2026 14:45",2026-02-19,2026-02-26,True
350432,4935,02375,N,32ND AVE E,"32ND AVE E, S/O E THOMAS ST; N FLOW; CHNB; 19Feb2026 14:00",2026-02-19,2026-02-26,True
350433,4935,02375,dir_11,32ND AVE E,"32ND AVE E, S/O E THOMAS ST; TOTAL FLOW; CHTOT; 19Feb2026 14:00",2026-02-19,2026-02-26,True
350434,4935,02375,S,32ND AVE E,"32ND AVE E, S/O E THOMAS ST; S FLOW; CHAGG; 19Feb2026 14:00",2026-02-19,2026-02-26,True
350436,4934,02375,S,32ND AVE E,"32ND AVE E, S/O E JOHN ST; S FLOW; CHSB; 19Feb2026 14:15",2026-02-19,2026-02-26,True
350437,4934,02375,dir_11,32ND AVE E,"32ND AVE E, S/O E JOHN ST; TOTAL FLOW; CHTOT; 19Feb2026 14:15",2026-02-19,2026-02-26,True
350438,4934,02375,N,32ND AVE E,"32ND AVE E, S/O E JOHN ST; N FLOW; CHAGG; 19Feb2026 14:15",2026-02-19,2026-02-26,True
350440,14264,11200,E,E JOHN ST,"E JOHN ST, W/O 31ST AVE E; E FLOW; CHEB; 19Feb2026 13:45",2026-02-19,2026-02-26,True
350441,14264,11200,dir_11,E JOHN ST,"E JOHN ST, W/O 31ST AVE E; TOTAL FLOW; CHTOT; 19Feb2026 13:45",2026-02-19,2026-02-26,True
350442,14264,11200,W,E JOHN ST,"E JOHN ST, W/O 31ST AVE E; W FLOW; CHAGG; 19Feb2026 13:45",2026-02-19,2026-02-26,True
350444,9550,05790,N,CALIFORNIA AVE SW,"CALIFORNIA AVE SW, N/O SW DAKOTA ST; N FLOW; CHNB; 02Apr2026 14:30",2026-04-02,2026-04-09,True
350445,9550,05790,S,CALIFORNIA AVE SW,"CALIFORNIA AVE SW, N/O SW DAKOTA ST; S FLOW; CHSB; 02Apr2026 14:30",2026-04-02,2026-04-09,True
350446,9550,05790,dir_11,CALIFORNIA AVE SW,"CALIFORNIA AVE SW, N/O SW DAKOTA ST; TOTAL FLOW; CHAGG; 02Apr2026 14:30",2026-04-02,2026-04-09,True
350448,12409,09345,dir_11,RAINIER AVE S,"RAINIER AVE S, S/O S OTHELLO ST; TOTAL FLOW; CHTOTAL; 01Apr2026 00:00",2026-04-01,2026-04-08,True
350449,4382,02080,dir_11,3RD AVE,"3RD AVE, SE/O UNION ST; TOTAL FLOW; CHTOTAL; 01Apr2026 00:00",2026-04-01,2026-04-08,True
350450,10563,06875,dir_11,FREMONT BR,"FREMONT BR, N/O POINT A; TOTAL FLOW; CHTOTAL; 01Apr2026 00:00",2026-04-01,2026-04-08,True
350451,13189,10110,dir_11,UNIVERSITY BR,"UNIVERSITY BR, SW/O POINT A; TOTAL FLOW; CHTOTAL; 01Apr2026 00:00",2026-04-01,2026-04-08,True
350452,13333,10258,dir_11,WEST SEATTLE BR EB,"WEST SEATTLE BR EB, NE/O FAUNTLEROY WAY SW; TOTAL FLOW; CHTOTAL; 01Apr2026 00:00",2026-04-01,2026-04-08,True
350453,14395,11300,dir_11,EAST MARGINAL WAY S,"EAST MARGINAL WAY S, S/O S ALASKA ST; TOTAL FLOW; CHTOTAL; 01Apr2026 00:00",2026-04-01,2026-04-08,True
350454,22804,18176,dir_11,SW SPOKANE ST BR,"SW SPOKANE BR, W/O SW SPOKANE E ST; TOTAL FLOW; CHTOTAL; 01Apr2026 00:00",2026-04-01,2026-04-08,True
350455,15076,11805,E,N 115TH ST,"N 115TH ST, W/O MERIDIAN AVE N; E FLOW; CHEB; 26Feb2026 14:15",2026-02-26,2026-03-05,True
350456,15076,11805,W,N 115TH ST,"N 115TH ST, W/O MERIDIAN AVE N; W FLOW; CHWB; 26Feb2026 14:15",2026-02-26,2026-03-05,True
350457,15076,11805,dir_11,N 115TH ST,"N 115TH ST, W/O MERIDIAN AVE N; TOTAL FLOW; CHAGG; 26Feb2026 14:15",2026-02-26,2026-03-05,True
350459,11307,08115,N,LATONA AVE NE,"LATONA AVE NE, N/O NE 60TH ST; N FLOW; CHNB; 26Feb2026 14:00",2026-02-26,2026-03-05,True
350460,11307,08115,S,LATONA AVE NE,"LATONA AVE NE, N/O NE 60TH ST; S FLOW; CHSB; 26Feb2026 14:00",2026-02-26,2026-03-05,True
350461,11307,08115,dir_11,LATONA AVE NE,"LATONA AVE NE, N/O NE 60TH ST; TOTAL FLOW; CHAGG; 26Feb2026 14:00",2026-02-26,2026-03-05,True
350463,15707,12280,E,N 56TH ST,"N 56TH ST, W/O 1ST AVE NE; E FLOW; CHEB; 26Feb2026 18:00",2026-02-26,2026-03-05,True
350464,15707,12280,W,N 56TH ST,"N 56TH ST, W/O 1ST AVE NE; W FLOW; CHWB; 26Feb2026 18:00",2026-02-26,2026-03-05,True
350467,11799,08620,N,MERIDIAN AVE N,"MERIDIAN AVE N, N/O N 51ST ST; N FLOW; CHNB; 26Feb2026 13:30",2026-02-26,2026-03-05,True
350468,11799,08620,S,MERIDIAN AVE N,"MERIDIAN AVE N, N/O N 51ST ST; S FLOW; CHSB; 26Feb2026 13:30",2026-02-26,2026-03-05,True
350469,11799,08620,dir_11,MERIDIAN AVE N,"MERIDIAN AVE N, N/O N 51ST ST; TOTAL FLOW; CHAGG; 26Feb2026 13:30",2026-02-26,2026-03-05,True
350471,11174,08050,N,LAKE WASHINGTON BLVD,"LAKE WASHINGTON BLVD, S/O E ALDER ST; N FLOW; CHNB; 03Apr2026 16:00",2026-04-03,2026-04-10,True
350472,11174,08050,S,LAKE WASHINGTON BLVD,"LAKE WASHINGTON BLVD, S/O E ALDER ST; S FLOW; CHSB; 03Apr2026 16:00",2026-04-03,2026-04-10,True
350473,11159,08015,dir_11,LAKE CITY WAY NE,"LAKE CITY WAY NE, NE/O NE 95TH ST; TOTAL FLOW; CHTOTAL; 01Apr2026 00:00",2026-04-01,2026-04-08,True
350474,11174,08050,N,LAKE WASHINGTON BLVD,"LAKE WASHINGTON BLVD, S/O E ALDER ST; N FLOW; CHNB; 03Apr2026 16:00",2026-04-03,2026-04-10,True
350478,15707,12280,dir_11,N 56TH ST,"N 56TH ST, W/O 1ST AVE NE; TOTAL FLOW; CHAGG; 26Feb2026 18:00",2026-02-26,2026-03-05,True
350484,11414,08230,S,LINDEN AVE N,"LINDEN AVE N, N/O N 68TH ST; S FLOW; CHSB; 04Feb2026 11:15",2026-02-04,2026-02-11,True
350485,11414,08230,dir_11,LINDEN AVE N,"LINDEN AVE N, N/O N 68TH ST; TOTAL FLOW; CHTOT; 04Feb2026 11:15",2026-02-04,2026-02-11,True
350486,11414,08230,N,LINDEN AVE N,"LINDEN AVE N, N/O N 68TH ST; N FLOW; CHAGG; 04Feb2026 11:15",2026-02-04,2026-02-11,True
350488,4179,01920,N,28TH AVE S,"28TH AVE S, N/O S KING ST; N FLOW; CHNB; 07Apr2026 16:45",2026-04-07,2026-04-14,True
350489,4179,01920,S,28TH AVE S,"28TH AVE S, N/O S KING ST; S FLOW; CHSB; 07Apr2026 16:45",2026-04-07,2026-04-14,True
350490,4179,01920,dir_11,28TH AVE S,"28TH AVE S, N/O S KING ST; TOTAL FLOW; CHAGG; 07Apr2026 16:45",2026-04-07,2026-04-14,True
350492,4307,02025,N,29TH AVE S,"29TH AVE S, N/O S KING ST; N FLOW; CHNB; 07Apr2026 16:45",2026-04-07,2026-04-14,True
350493,4307,02025,S,29TH AVE S,"29TH AVE S, N/O S KING ST; S FLOW; CHSB; 07Apr2026 16:45",2026-04-07,2026-04-14,True
350494,4307,02025,dir_11,29TH AVE S,"29TH AVE S, N/O S KING ST; TOTAL FLOW; CHAGG; 07Apr2026 16:45",2026-04-07,2026-04-14,True
350496,23223,18525,E,W DRAVUS ST,"W DRAVUS ST, E/O 21ST AVE W; E FLOW; CHEB; 05Feb2026 14:00",2026-02-05,2026-02-12,True
350497,23223,18525,W,W DRAVUS ST,"W DRAVUS ST, E/O 21ST AVE W; W FLOW; CHWB; 05Feb2026 14:00",2026-02-05,2026-02-12,True
350498,23223,18525,dir_11,W DRAVUS ST,"W DRAVUS ST, E/O 21ST AVE W; TOTAL FLOW; CHAGG; 05Feb2026 14:00",2026-02-05,2026-02-12,True
350500,6318,03265,N,40TH AVE NE,"40TH AVE NE, N/O NE 60TH ST; N FLOW; CHNB; 05Feb2026 12:45",2026-02-05,2026-02-12,True
350501,6318,03265,S,40TH AVE NE,"40TH AVE NE, N/O NE 60TH ST; S FLOW; CHSB; 05Feb2026 12:45",2026-02-05,2026-02-12,True
350502,6318,03265,dir_11,40TH AVE NE,"40TH AVE NE, N/O NE 60TH ST; TOTAL FLOW; CHAGG; 05Feb2026 12:45",2026-02-05,2026-02-12,True
350504,12312,09315,dir_11,QUEEN ANNE AVE N,"QUEEN ANNE AVE N, S/O CROCKETT ST; TOTAL FLOW; CHAGG; 12Feb2026 13:00",2026-02-12,2026-02-19,True
350506,23449,18720,E,W HOWE ST,"W HOWE ST, W/O 10TH AVE W; E FLOW; CHEB; 04Feb2026 12:15",2026-02-04,2026-02-11,True
350507,23449,18720,W,W HOWE ST,"W HOWE ST, W/O 10TH AVE W; W FLOW; CHWB; 04Feb2026 12:15",2026-02-04,2026-02-11,True
350508,23449,18720,dir_11,W HOWE ST,"W HOWE ST, W/O 10TH AVE W; TOTAL FLOW; CHAGG; 04Feb2026 12:15",2026-02-04,2026-02-11,True
350510,20114,16050,E,S GRAHAM ST,"S GRAHAM ST, W/O 24TH AVE S; E FLOW; CHEB; 14Apr2026 13:15",2026-04-14,2026-04-21,True
350511,20114,16050,W,S GRAHAM ST,"S GRAHAM ST, W/O 24TH AVE S; W FLOW; CHWB; 14Apr2026 13:15",2026-04-14,2026-04-21,True
350512,20114,16050,dir_11,S GRAHAM ST,"S GRAHAM ST, W/O 24TH AVE S; TOTAL FLOW; CHAGG; 14Apr2026 13:15",2026-04-14,2026-04-21,True
350514,1502,00250,N,11TH AVE W,"11TH AVE W, N/O W DRAVUS ST; N FLOW; CHNB; 04Feb2026 12:30",2026-02-04,2026-02-11,True
350515,1502,00250,S,11TH AVE W,"11TH AVE W, N/O W DRAVUS ST; S FLOW; CHSB; 04Feb2026 12:30",2026-02-04,2026-02-11,True
350518,1945,00465,N,14TH AVE S,"14TH AVE S, S/O S COURT ST; N FLOW; CHNB; 07Apr2026 14:30",2026-04-07,2026-04-14,True
350519,1502,00250,dir_11,11TH AVE W,"11TH AVE W, N/O W DRAVUS ST; TOTAL FLOW; CHAGG; 04Feb2026 12:30",2026-02-04,2026-02-11,True
350521,1945,00465,S,14TH AVE S,"14TH AVE S, S/O S COURT ST; S FLOW; CHSB; 07Apr2026 14:30",2026-04-07,2026-04-14,True
350522,1945,00465,dir_11,14TH AVE S,"14TH AVE S, S/O S COURT ST; TOTAL FLOW; CHAGG; 07Apr2026 14:30",2026-04-07,2026-04-14,True
350524,5044,02390,N,32ND AVE S,"32ND AVE S, S/O S OTHELLO ST; N FLOW; CHNB; 07Apr2026 15:15",2026-04-07,2026-04-14,True
350525,5044,02390,S,32ND AVE S,"32ND AVE S, S/O S OTHELLO ST; S FLOW; CHSB; 07Apr2026 15:15",2026-04-07,2026-04-14,True
350526,5044,02390,dir_11,32ND AVE S,"32ND AVE S, S/O S OTHELLO ST; TOTAL FLOW; CHAGG; 07Apr2026 15:15",2026-04-07,2026-04-14,True
350528,5177,02505,N,33RD AVE S,"33RD AVE S, S/O S OTHELLO ST; N FLOW; CHNB; 07Apr2026 15:30",2026-04-07,2026-04-14,True
350529,5177,02505,S,33RD AVE S,"33RD AVE S, S/O S OTHELLO ST; S FLOW; CHSB; 07Apr2026 15:30",2026-04-07,2026-04-14,True
350530,5177,02505,dir_11,33RD AVE S,"33RD AVE S, S/O S OTHELLO ST; TOTAL FLOW; CHAGG; 07Apr2026 15:30",2026-04-07,2026-04-14,True
350532,23217,18525,E,W DRAVUS ST,"W DRAVUS ST, E/O 14TH AVE W; E FLOW; CHEB; 04Feb2026 12:45",2026-02-04,2026-02-11,True
350533,23217,18525,W,W DRAVUS ST,"W DRAVUS ST, E/O 14TH AVE W; W FLOW; CHWB; 04Feb2026 12:45",2026-02-04,2026-02-11,True
350534,23217,18525,dir_11,W DRAVUS ST,"W DRAVUS ST, E/O 14TH AVE W; TOTAL FLOW; CHAGG; 04Feb2026 12:45",2026-02-04,2026-02-11,True
350536,18828,14755,E,NW 75TH ST,"NW 75TH ST, W/O 20TH AVE NW; E FLOW; CHEB; 15Apr2026 11:15",2026-04-15,2026-04-22,True
350537,18828,14755,W,NW 75TH ST,"NW 75TH ST, W/O 20TH AVE NW; W FLOW; CHWB; 15Apr2026 11:15",2026-04-15,2026-04-22,True
350538,18828,14755,dir_11,NW 75TH ST,"NW 75TH ST, W/O 20TH AVE NW; TOTAL FLOW; CHAGG; 15Apr2026 11:15",2026-04-15,2026-04-22,True
350540,2978,01055,N,20TH AVE NE,"20TH AVE NE, S/O NE 85TH ST; N FLOW; CHNB; 03Feb2026 12:00",2026-02-03,2026-02-10,True
350541,2978,01055,S,20TH AVE NE,"20TH AVE NE, S/O NE 85TH ST; S FLOW; CHSB; 03Feb2026 12:00",2026-02-03,2026-02-10,True
350542,2978,01055,dir_11,20TH AVE NE,"20TH AVE NE, S/O NE 85TH ST; TOTAL FLOW; CHAGG; 03Feb2026 12:00",2026-02-03,2026-02-10,True
350544,15962,12500,E,N 85TH ST,"N 85TH ST, W/O ASHWORTH AVE N; E FLOW; CHEB; 01Apr2026 12:15",2026-04-01,2026-04-08,True
350545,15962,12500,W,N 85TH ST,"N 85TH ST, W/O ASHWORTH AVE N; W FLOW; CHWB; 01Apr2026 14:00",2026-04-01,2026-04-08,True
350546,15962,12500,dir_11,N 85TH ST,"N 85TH ST, W/O ASHWORTH AVE N; TOTAL FLOW; CHAGG; 01Apr2026 12:15",2026-04-01,2026-04-08,True
350548,14073,11075,NE,EAST GREEN LAKE WAY N,"EAST GREEN LAKE WAY N, NE/O N 57TH ST; NE FLOW; CHNEB; 01Apr2026 14:00",2026-04-01,2026-04-08,True
350549,14073,11075,SW,EAST GREEN LAKE WAY N,"EAST GREEN LAKE WAY N, NE/O N 57TH ST; SW FLOW; CHSWB; 01Apr2026 14:00",2026-04-01,2026-04-08,True
350550,19223,15130,E,NW MARKET ST,"NW MARKET ST, W/O 8TH AVE NW; E FLOW; CHEB; 01Apr2026 14:00",2026-04-01,2026-04-08,True
350551,14073,11075,dir_11,EAST GREEN LAKE WAY N,"EAST GREEN LAKE WAY N, NE/O N 57TH ST; TOTAL FLOW; CHAGG; 01Apr2026 14:00",2026-04-01,2026-04-08,True
350553,12312,09315,N,QUEEN ANNE AVE N,"QUEEN ANNE AVE N, S/O CROCKETT ST; N FLOW; CHNB; 02Apr2026 14:00",2026-04-02,2026-04-09,True
350554,12312,09315,S,QUEEN ANNE AVE N,"QUEEN ANNE AVE N, S/O CROCKETT ST; S FLOW; CHSB; 02Apr2026 14:00",2026-04-02,2026-04-09,True
350555,10000,06345,E,DENNY WAY,"DENNY WAY, W/O 2ND AVE; E FLOW; CHEB; 02Apr2026 14:00",2026-04-02,2026-04-09,True
350556,10000,06345,W,DENNY WAY,"DENNY WAY, W/O 2ND AVE; W FLOW; CHWB; 02Apr2026 14:00",2026-04-02,2026-04-09,True
350557,10000,06345,dir_11,DENNY WAY,"DENNY WAY, W/O 2ND AVE; TOTAL FLOW; CHAGG; 02Apr2026 14:00",2026-04-02,2026-04-09,True
350559,12312,09315,dir_11,QUEEN ANNE AVE N,"QUEEN ANNE AVE N, S/O CROCKETT ST; TOTAL FLOW; CHAGG; 02Apr2026 14:00",2026-04-02,2026-04-09,True
350561,13202,10115,NE,UNIVERSITY ST,"UNIVERSITY ST, SW/O 4TH AVE; NE FLOW; CHNEB; 02Apr2026 12:00",2026-04-02,2026-04-09,True
350562,8728,05045,NW,ALASKAN WAY,"ALASKAN WAY, SE/O BLANCHARD ST; NW FLOW; CHNWB; 02Apr2026 12:00",2026-04-02,2026-04-09,True
350563,8728,05045,SE,ALASKAN WAY,"ALASKAN WAY, SE/O BLANCHARD ST; SE FLOW; CHSEB; 02Apr2026 12:00",2026-04-02,2026-04-09,True
350564,14348,11275,NE,E MADISON ST,"E MADISON ST, SW/O 17TH AVE; NE FLOW; CHNEB; 02Apr2026 12:00",2026-04-02,2026-04-09,True
350565,14348,11275,SE,E MADISON ST,"E MADISON ST, SW/O 17TH AVE; SE FLOW; CHSWB; 02Apr2026 12:00",2026-04-02,2026-04-09,True
350566,8728,05045,dir_11,ALASKAN WAY,"ALASKAN WAY, SE/O BLANCHARD ST; TOTAL FLOW; CHAGG; 02Apr2026 12:00",2026-04-02,2026-04-09,True
350568,14348,11275,dir_11,E MADISON ST,"E MADISON ST, SW/O 17TH AVE; TOTAL FLOW; CHAGG; 02Apr2026 12:00",2026-04-02,2026-04-09,True
350570,20628,16420,E,S LANDER ST,"S LANDER ST, W/O 6TH AVE S; E FLOW; CHEB; 03Apr2026 11:30",2026-04-03,2026-04-10,True
350571,20628,16420,W,S LANDER ST,"S LANDER ST, W/O 6TH AVE S; W FLOW; CHWB; 03Apr2026 11:30",2026-04-03,2026-04-10,True
350572,8782,05095,E,ALKI AVE SW,"ALKI AVE SW, W/O HARBOR AVE SW; E FLOW; CHEB; 03Apr2026 11:00",2026-04-03,2026-04-10,True
350573,8782,05095,W,ALKI AVE SW,"ALKI AVE SW, W/O HARBOR AVE SW; W FLOW; CHWB; 03Apr2026 11:00",2026-04-03,2026-04-10,True
350574,20628,16420,dir_11,S LANDER ST,"S LANDER ST, W/O 6TH AVE S; TOTAL FLOW; CHAGG; 03Apr2026 11:30",2026-04-03,2026-04-10,True
350576,8782,05095,dir_11,ALKI AVE SW,"ALKI AVE SW, W/O HARBOR AVE SW; TOTAL FLOW; CHAGG; 03Apr2026 11:00",2026-04-03,2026-04-10,True
350578,12900,09800,SW,STEWART ST,"STEWART ST, NE/O 4TH AVE; SW FLOW; CHSWB; 14Apr2026 14:00",2026-04-14,2026-04-21,True
350581,19223,15130,dir_11,NW MARKET ST,"NW MARKET ST, W/O 8TH AVE NW; TOTAL FLOW; CHAGG; 01Apr2026 14:00",2026-04-01,2026-04-08,True
350584,352636,08299,N,M L KING JR WAY S,"M L KING JR ER WAY S, N/O S ANDOVER ST; N FLOW; CHNB; 23Apr2026 13:15",2026-04-23,2026-04-30,True
350587,11530,08303,S,M L KING JR WAY S,"M L KING JR WR WAY S, N/O S ANDOVER ST; S FLOW; CHSB; 23Apr2026 13:15",2026-04-23,2026-04-30,True
350588,352636,08299,dir_11,M L KING JR WAY S,"M L KING JR ER WAY S, N/O S ANDOVER ST; TOTAL FLOW; CHAGG; 23Apr2026 13:15",2026-04-23,2026-04-30,True
350590,12409,09345,N,RAINIER AVE S,"RAINIER AVE S, S/O S OTHELLO ST; N FLOW; CHNB; 23Apr2026 13:00",2026-04-23,2026-04-30,True
350591,12409,09345,S,RAINIER AVE S,"RAINIER AVE S, S/O S OTHELLO ST; S FLOW; CHSB; 23Apr2026 13:00",2026-04-23,2026-04-30,True
350592,12409,09345,dir_11,RAINIER AVE S,"RAINIER AVE S, S/O S OTHELLO ST; TOTAL FLOW; CHAGG; 23Apr2026 13:00",2026-04-23,2026-04-30,True
350594,22066,17600,E,SW DAWSON ST,"SW DAWSON ST, E/O 18TH AVE SW; E FLOW; CHEB; 23Apr2026 15:30",2026-04-23,2026-04-30,True
350595,22066,17600,W,SW DAWSON ST,"SW DAWSON ST, E/O 18TH AVE SW; W FLOW; CHWB; 23Apr2026 15:30",2026-04-23,2026-04-30,True
350596,22066,17600,dir_11,SW DAWSON ST,"SW DAWSON ST, E/O 18TH AVE SW; TOTAL FLOW; CHAGG; 23Apr2026 15:30",2026-04-23,2026-04-30,True
350598,7290,03895,S,5TH AVE NE,"5TH AVE NE, N/O NE 50TH ST; S FLOW; CHSB; 21Apr2026 11:00",2026-04-21,2026-04-28,True
350599,7289,03895,S,5TH AVE NE,"5TH AVE NE, N/O 50TH ST ON RP; S FLOW; CHSB; 21Apr2026 11:15",2026-04-21,2026-04-28,True
350600,7288,03895,S,5TH AVE NE,"5TH AVE NE, N/O NE 47TH ST; S FLOW; CHSB; 21Apr2026 12:00",2026-04-21,2026-04-28,True
350601,7286,03895,S,5TH AVE NE,"5TH AVE NE, N/O NE 45TH ST; S FLOW; CHSB; 21Apr2026 12:15",2026-04-21,2026-04-28,True
350602,7285,03895,S,5TH AVE NE,"5TH AVE NE, S/O NE 45TH ST; S FLOW; CHSB; 21Apr2026 12:30",2026-04-21,2026-04-28,True
350603,3175,01170,N,21ST AVE S,"21ST AVE S, S/O S COLLEGE ST; N FLOW; CHNB; 23Apr2026 14:45",2026-04-23,2026-04-30,True
350604,3175,01170,S,21ST AVE S,"21ST AVE S, S/O S COLLEGE ST; S FLOW; CHSB; 23Apr2026 14:45",2026-04-23,2026-04-30,True
350605,3175,01170,dir_11,21ST AVE S,"21ST AVE S, S/O S COLLEGE ST; TOTAL FLOW; CHAGG; 23Apr2026 14:45",2026-04-23,2026-04-30,True
350607,5400,02705,N,35TH AVE NE,"35TH AVE NE, S/O NE 137TH ST; N FLOW; CHNB; 23Apr2026 11:30",2026-04-23,2026-04-30,True
350608,5400,02705,S,35TH AVE NE,"35TH AVE NE, S/O NE 137TH ST; S FLOW; CHSB; 23Apr2026 11:30",2026-04-23,2026-04-30,True
350609,5400,02705,dir_11,35TH AVE NE,"35TH AVE NE, S/O NE 137TH ST; TOTAL FLOW; CHAGG; 23Apr2026 11:30",2026-04-23,2026-04-30,True
350611,13188,10105,NW,UNION BAY PL NE,"UNION BAY PL NE, SE/O 30TH AVE NE; NW FLOW; CHNWB; 23Apr2026 12:45",2026-04-23,2026-04-30,True
350612,13188,10105,dir_11,UNION BAY PL NE,"UNION BAY PL NE, SE/O 30TH AVE NE; TOTAL FLOW; CHTOT; 23Apr2026 12:45",2026-04-23,2026-04-30,True
350613,13188,10105,SE,UNION BAY PL NE,"UNION BAY PL NE, SE/O 30TH AVE NE; SE FLOW; CHAGG; 23Apr2026 12:45",2026-04-23,2026-04-30,True
350619,13637,10570,NW,WOLCOTT AVE S,"WOLCOTT AVE S, NW/O CLOVERDALE PL S; NW FLOW; CHNWB; 07May2026 15:00",2026-05-07,2026-05-14,True
350620,13637,10570,SE,WOLCOTT AVE S,"WOLCOTT AVE S, NW/O CLOVERDALE PL S; SE FLOW; CHSEB; 07May2026 15:00",2026-05-07,2026-05-14,True
350623,13637,10570,dir_11,WOLCOTT AVE S,"WOLCOTT AVE S, NW/O CLOVERDALE PL S; TOTAL FLOW; CHAGG; 07May2026 15:00",2026-05-07,2026-05-14,True
350625,3765,01615,N,25TH AVE NW,"25TH AVE NW, S/O NW 85TH ST; N FLOW; CHNB; 29Apr2026 12:45",2026-04-29,2026-05-06,True
350626,3765,01615,S,25TH AVE NW,"25TH AVE NW, S/O NW 85TH ST; S FLOW; CHSB; 29Apr2026 12:45",2026-04-29,2026-05-06,True
350627,3765,01615,dir_11,25TH AVE NW,"25TH AVE NW, S/O NW 85TH ST; TOTAL FLOW; CHAGG; 29Apr2026 12:45",2026-04-29,2026-05-06,True
350629,3766,01615,N,25TH AVE NW,"25TH AVE NW, N/O NW 85TH ST; N FLOW; CHNB; 29Apr2026 13:15",2026-04-29,2026-05-06,True
350630,3766,01615,S,25TH AVE NW,"25TH AVE NW, N/O NW 85TH ST; S FLOW; CHSB; 29Apr2026 13:15",2026-04-29,2026-05-06,True
350631,3766,01615,dir_11,25TH AVE NW,"25TH AVE NW, N/O NW 85TH ST; TOTAL FLOW; CHAGG; 29Apr2026 13:15",2026-04-29,2026-05-06,True
350633,19214,15130,NW,NW MARKET ST,"NW MARKET ST, SE/O NW 49TH ST; NW FLOW; CHNWB; 28Apr2026 13:00",2026-04-28,2026-05-05,True
350634,19214,15130,SE,NW MARKET ST,"NW MARKET ST, SE/O NW 49TH ST; SE FLOW; CHSEB; 28Apr2026 13:00",2026-04-28,2026-05-05,True
350635,19214,15130,dir_11,NW MARKET ST,"NW MARKET ST, SE/O NW 49TH ST; TOTAL FLOW; CHAGG; 28Apr2026 13:00",2026-04-28,2026-05-05,True
350637,9404,05665,NW,BRIDGE WAY N,"BRIDGE WAY N, SW/O WOODLAND PK S AVE N; NW FLOW; CHNEB; 28Apr2026 13:45",2026-04-28,2026-05-05,True
350638,9404,05665,SW,BRIDGE WAY N,"BRIDGE WAY N, SW/O WOODLAND PK S AVE N; SW FLOW; CHSWB; 28Apr2026 13:45",2026-04-28,2026-05-05,True
350639,9404,05665,dir_11,BRIDGE WAY N,"BRIDGE WAY N, SW/O WOODLAND PK S AVE N; TOTAL FLOW; CHAGG; 28Apr2026 13:45",2026-04-28,2026-05-05,True
350641,830984,06556,NW,ELLIOTT WAY,"ELLIOTT WAY, NW/O LENORA ST; NW FLOW; CHNWB; 28Apr2026 12:15",2026-04-28,2026-05-05,True
350642,830984,06556,SE,ELLIOTT WAY,"ELLIOTT WAY, NW/O LENORA ST; SE FLOW; CHSEB; 28Apr2026 12:30",2026-04-28,2026-05-05,True
350643,830984,06556,dir_11,ELLIOTT WAY,"ELLIOTT WAY, NW/O LENORA ST; TOTAL FLOW; CHAGG; 28Apr2026 12:30",2026-04-28,2026-05-05,True
350645,10889,07250,E,HIGHLAND DR,"HIGHLAND DR, E/O 4TH AVE N; E FLOW; CHEB; 22Apr2026 11:30",2026-04-22,2026-04-29,True
350646,10889,07250,W,HIGHLAND DR,"HIGHLAND DR, E/O 4TH AVE N; W FLOW; CHWB; 22Apr2026 11:30",2026-04-22,2026-04-29,True
350647,10889,07250,dir_11,HIGHLAND DR,"HIGHLAND DR, E/O 4TH AVE N; TOTAL FLOW; CHAGG; 22Apr2026 11:30",2026-04-22,2026-04-29,True
350649,12277,09270,E,PROSPECT ST,"PROSPECT ST, E/O 4TH AVE N; E FLOW; CHEB; 22Apr2026 11:45",2026-04-22,2026-04-29,True
350650,12277,09270,W,PROSPECT ST,"PROSPECT ST, E/O 4TH AVE N; W FLOW; CHWB; 22Apr2026 11:45",2026-04-22,2026-04-29,True
350651,12277,09270,dir_11,PROSPECT ST,"PROSPECT ST, E/O 4TH AVE N; TOTAL FLOW; CHAGG; 22Apr2026 11:45",2026-04-22,2026-04-29,True
350653,8810,05115,E,ALOHA ST,"ALOHA ST, E/O 4TH AVE N; E FLOW; CHEB; 22Apr2026 12:00",2026-04-22,2026-04-29,True
350654,8810,05115,W,ALOHA ST,"ALOHA ST, E/O 4TH AVE N; W FLOW; CHWB; 22Apr2026 12:00",2026-04-22,2026-04-29,True
350655,8810,05115,dir_11,ALOHA ST,"ALOHA ST, E/O 4TH AVE N; TOTAL FLOW; CHAGG; 22Apr2026 12:00",2026-04-22,2026-04-29,True
350657,13259,10160,E,VALLEY ST,"VALLEY ST, E/O 4TH AVE N; E FLOW; CHEB; 22Apr2026 12:15",2026-04-22,2026-04-29,True
350658,13259,10160,W,VALLEY ST,"VALLEY ST, E/O 4TH AVE N; W FLOW; CHWB; 22Apr2026 12:15",2026-04-22,2026-04-29,True
350659,13259,10160,dir_11,VALLEY ST,"VALLEY ST, E/O 4TH AVE N; TOTAL FLOW; CHAGG; 22Apr2026 12:15",2026-04-22,2026-04-29,True
350661,1408,00230,N,11TH AVE NE,"11TH AVE NE, N/O NE 43RD ST; N FLOW; CHNB; 19May2026 13:15",2026-05-19,2026-05-26,True
350662,2033,00555,N,15TH AVE NE,"15TH AVE NE, S/O NE 43RD ST; N FLOW; CHNB; 19May2026 13:00",2026-05-19,2026-05-26,True
350663,2033,00555,S,15TH AVE NE,"15TH AVE NE, S/O NE 43RD ST; S FLOW; CHSB; 19May2026 13:00",2026-05-19,2026-05-26,True
350664,2033,00555,dir_11,15TH AVE NE,"15TH AVE NE, S/O NE 43RD ST; TOTAL FLOW; CHAGG; 19May2026 13:00",2026-05-19,2026-05-26,True
350666,4639,02155,N,30TH AVE NE,"30TH AVE NE, S/O NE 143RD ST; N FLOW; CHNB; 12May2026 12:30",2026-05-12,2026-05-19,True
350667,4639,02155,S,30TH AVE NE,"30TH AVE NE, S/O NE 143RD ST; S FLOW; CHSB; 12May2026 12:30",2026-05-12,2026-05-19,True
350668,4639,02155,dir_11,30TH AVE NE,"30TH AVE NE, S/O NE 143RD ST; TOTAL FLOW; CHAGG; 12May2026 12:30",2026-05-12,2026-05-19,True
350670,4640,02155,N,30TH AVE NE,"30TH AVE NE, N/O NE 143RD ST; N FLOW; CHNB; 12May2026 13:00",2026-05-12,2026-05-19,True
350671,4640,02155,S,30TH AVE NE,"30TH AVE NE, N/O NE 143RD ST; S FLOW; CHSB; 12May2026 13:00",2026-05-12,2026-05-19,True
350672,4640,02155,dir_11,30TH AVE NE,"30TH AVE NE, N/O NE 143RD ST; TOTAL FLOW; CHAGG; 12May2026 13:00",2026-05-12,2026-05-19,True
350674,8919,05254,dir_11,AURORA BR,"AURORA BR, N/O RAYE ST; TOTAL FLOW; CHTOT; 01Oct2025 00:00",2025-10-01,2025-10-08,True
350675,11902,08685,dir_11,MONTLAKE BR,"MONTLAKE BR, S/O POINT A; TOTAL FLOW; CHTOT; 01Oct2025 00:00",2025-10-01,2025-10-08,True
350676,16844,13285,dir_11,NE 45TH ST,"NE 45TH ST, E/O 7TH AVE NE; TOTAL FLOW; CHTOT; 01Oct2025 00:00",2025-10-01,2025-10-08,True
350678,8962,05250,dir_11,AURORA AVE N,"AURORA AVE N, S/O N 85TH ST; TOTAL FLOW; CHTOT; 03Oct2025 00:00",2025-10-03,2025-10-10,True
350679,7968,04450,N,6TH AVE NW,"6TH AVE NW, S/O NW 97TH ST; N FLOW; CHNB; 07May2026 12:30",2026-05-07,2026-05-14,True
350680,7968,04450,S,6TH AVE NW,"6TH AVE NW, S/O NW 97TH ST; S FLOW; CHSB; 07May2026 12:30",2026-05-07,2026-05-14,True
350681,7968,04450,dir_11,6TH AVE NW,"6TH AVE NW, S/O NW 97TH ST; TOTAL FLOW; CHAGG; 07May2026 12:30",2026-05-07,2026-05-14,True
350683,4791,02265,N,31ST AVE NE,"31ST AVE NE, S/O NE 65TH W ST; N FLOW; CHNB; 07May2026 13:00",2026-05-07,2026-05-14,True
350684,4791,02265,S,31ST AVE NE,"31ST AVE NE, S/O NE 65TH W ST; S FLOW; CHSB; 07May2026 13:00",2026-05-07,2026-05-14,True
350685,4791,02265,dir_11,31ST AVE NE,"31ST AVE NE, S/O NE 65TH W ST; TOTAL FLOW; CHAGG; 07May2026 13:00",2026-05-07,2026-05-14,True
350687,5626,02810,N,36TH AVE SW,"36TH AVE SW, N/O SW HOLLY ST; N FLOW; CHNB; 07May2026 14:45",2026-05-07,2026-05-14,True
350688,5626,02810,S,36TH AVE SW,"36TH AVE SW, N/O SW HOLLY ST; S FLOW; CHSB; 07May2026 14:45",2026-05-07,2026-05-14,True
350689,5626,02810,dir_11,36TH AVE SW,"36TH AVE SW, N/O SW HOLLY ST; TOTAL FLOW; CHAGG; 07May2026 14:45",2026-05-07,2026-05-14,True
350691,5785,02905,N,37TH AVE SW,"37TH AVE SW, N/O SW WARSAW ST; N FLOW; CHNB; 07May2026 15:00",2026-05-07,2026-05-14,True
350692,5785,02905,S,37TH AVE SW,"37TH AVE SW, N/O SW WARSAW ST; S FLOW; CHSB; 07May2026 15:00",2026-05-07,2026-05-14,True
350693,5785,02905,dir_11,37TH AVE SW,"37TH AVE SW, N/O SW WARSAW ST; TOTAL FLOW; CHAGG; 07May2026 15:00",2026-05-07,2026-05-14,True
350695,22960,18295,SE,SW WARSAW ST,"SW WARSAW ST, SE/O 37TH AVE SW; SE FLOW; CHSEB; 07May2026 15:30",2026-05-07,2026-05-14,True
350696,22960,18295,NW,SW WARSAW ST,"SW WARSAW ST, SE/O 37TH AVE SW; NW FLOW; CHNWB; 07May2026 15:30",2026-05-07,2026-05-14,True
350697,22960,18295,dir_11,SW WARSAW ST,"SW WARSAW ST, SE/O 37TH AVE SW; TOTAL FLOW; CHAGG; 07May2026 15:30",2026-05-07,2026-05-14,True
350699,22901,18235,E,SW THISTLE ST,"SW THISTLE ST, E/O 39TH AVE SW; E FLOW; CHEB; 12May2026 14:15",2026-05-12,2026-05-19,True
350700,22901,18235,W,SW THISTLE ST,"SW THISTLE ST, E/O 39TH AVE SW; W FLOW; CHWB; 12May2026 14:15",2026-05-12,2026-05-19,True
350701,22901,18235,dir_11,SW THISTLE ST,"SW THISTLE ST, E/O 39TH AVE SW; TOTAL FLOW; CHAGG; 12May2026 14:15",2026-05-12,2026-05-19,True
350703,22900,18235,E,SW THISTLE ST,"SW THISTLE ST, E/O 37TH AVE SW; E FLOW; CHEB; 12May2026 14:30",2026-05-12,2026-05-19,True
350704,22900,18235,W,SW THISTLE ST,"SW THISTLE ST, E/O 37TH AVE SW; W FLOW; CHWB; 12May2026 14:30",2026-05-12,2026-05-19,True
350705,22900,18235,dir_11,SW THISTLE ST,"SW THISTLE ST, E/O 37TH AVE SW; TOTAL FLOW; CHAGG; 12May2026 14:30",2026-05-12,2026-05-19,True
350707,19124,14950,E,NW 96TH ST,"NW 96TH ST, W/O 19TH AVE NW; E FLOW; CHEB; 13May2026 12:15",2026-05-13,2026-05-20,True
350708,19124,14950,W,NW 96TH ST,"NW 96TH ST, W/O 19TH AVE NW; W FLOW; CHWB; 13May2026 12:15",2026-05-13,2026-05-20,True
350709,19124,14950,dir_11,NW 96TH ST,"NW 96TH ST, W/O 19TH AVE NW; TOTAL FLOW; CHAGG; 13May2026 12:15",2026-05-13,2026-05-20,True
350711,6537,03415,N,42ND AVE S,"42ND AVE S, S/O S GENESEE ST; N FLOW; CHNB; 12May2026 11:45",2026-05-12,2026-05-19,True
350712,6537,03415,S,42ND AVE S,"42ND AVE S, S/O S GENESEE ST; S FLOW; CHSB; 12May2026 11:45",2026-05-12,2026-05-19,True
350713,6537,03415,dir_11,42ND AVE S,"42ND AVE S, S/O S GENESEE ST; TOTAL FLOW; CHAGG; 12May2026 11:45",2026-05-12,2026-05-19,True
350715,6539,03415,N,42ND AVE S,"42ND AVE S, S/O S SNOQUALMIE ST; N FLOW; CHNB; 12May2026 12:30",2026-05-12,2026-05-19,True
350716,6539,03415,S,42ND AVE S,"42ND AVE S, S/O S SNOQUALMIE ST; S FLOW; CHSB; 12May2026 12:30",2026-05-12,2026-05-19,True
350717,6539,03415,dir_11,42ND AVE S,"42ND AVE S, S/O S SNOQUALMIE ST; TOTAL FLOW; CHAGG; 12May2026 12:30",2026-05-12,2026-05-19,True
350719,6542,03415,N,42ND AVE S,"42ND AVE S, S/O S ANGELINE ST; N FLOW; CHNB; 12May2026 12:00",2026-05-12,2026-05-19,True
350720,6542,03415,S,42ND AVE S,"42ND AVE S, S/O S ANGELINE ST; S FLOW; CHSB; 12May2026 12:00",2026-05-12,2026-05-19,True
350721,6542,03415,dir_11,42ND AVE S,"42ND AVE S, S/O S ANGELINE ST; TOTAL FLOW; CHAGG; 12May2026 12:00",2026-05-12,2026-05-19,True
350723,12348,09345,NW,RAINIER AVE S,"RAINIER AVE S, SE/O S NORMAN ST; NW FLOW; CHNWB; 27May2026 11:30",2026-05-27,2026-06-03,True
350724,12348,09345,SE,RAINIER AVE S,"RAINIER AVE S, SE/O S NORMAN ST; SE FLOW; CHSEB; 27May2026 11:30",2026-05-27,2026-06-03,True
350725,12348,09345,dir_11,RAINIER AVE S,"RAINIER AVE S, SE/O S NORMAN ST; TOTAL FLOW; CHAGG; 27May2026 11:30",2026-05-27,2026-06-03,True
350727,12350,09345,NW,RAINIER AVE S,"RAINIER AVE S, NW/O I90 EB OFF RP; NW FLOW; CHNWB; 27May2026 12:15",2026-05-27,2026-06-03,True
350728,12350,09345,SE,RAINIER AVE S,"RAINIER AVE S, NW/O I90 EB OFF RP; SE FLOW; CHSEB; 27May2026 12:15",2026-05-27,2026-06-03,True
350729,12350,09345,dir_11,RAINIER AVE S,"RAINIER AVE S, NW/O I90 EB OFF RP; TOTAL FLOW; CHAGG; 27May2026 12:15",2026-05-27,2026-06-03,True
350731,3905,01710,N,26TH AVE NW,"26TH AVE NW, S/O NW 85TH E ST; N FLOW; CHNB; 15May2026 12:15",2026-05-15,2026-05-22,True
350732,3905,01710,S,26TH AVE NW,"26TH AVE NW, S/O NW 85TH E ST; S FLOW; CHSB; 15May2026 12:15",2026-05-15,2026-05-22,True
350733,3905,01710,dir_11,26TH AVE NW,"26TH AVE NW, S/O NW 85TH E ST; TOTAL FLOW; CHAGG; 15May2026 12:15",2026-05-15,2026-05-22,True
350735,13189,10110,dir_11,UNIVERSITY BR,"UNIVERSITY BR, SW/O POINT A; TOTAL FLOW; CHTOT; 01May2026 00:00",2026-05-01,2026-05-08,True
350736,10563,06875,dir_11,FREMONT BR,"FREMONT BR, N/O POINT A; TOTAL FLOW; CHTOT; 22May2026 00:00",2026-05-22,2026-05-29,True
350737,11159,08015,dir_11,LAKE CITY WAY NE,"LAKE CITY WAY NE, NE/O NE 95TH ST; TOTAL FLOW; CHTOTAL; 01May2026 00:00",2026-05-01,2026-05-08,True
350738,13333,10258,dir_11,WEST SEATTLE BR EB,"WEST SEATTLE BR EB, NE/O FAUNTLEROY WAY SW; TOTAL FLOW; CHTOTAL; 08May2026 00:00",2026-05-08,2026-05-15,True
350739,14395,11300,dir_11,EAST MARGINAL WAY S,"EAST MARGINAL WAY S, S/O S ALASKA ST; TOTAL FLOW; CHTOTAL; 08May2026 00:00",2026-05-08,2026-05-15,True
350740,22804,18176,dir_11,SW SPOKANE ST BR,"SW SPOKANE BR, W/O SW SPOKANE E ST; TOTAL FLOW; CHTOTAL; 08May2026 00:00",2026-05-08,2026-05-15,True
350741,13330,10258,dir_11,WEST SEATTLE BR EB,"WEST SEATTLE BR EB, E/O DELRIDGE-W SEATTLE BR EB ON RP; TOTAL FLOW; CHTOTAL; 16May2026 00:00",2026-05-16,2026-05-23,True
350742,12948,09805,N,STONE AVE N,"STONE AVE N, N/O N 130TH ST; N FLOW; CHNB; 27May2026 15:30",2026-05-27,2026-06-03,True
350743,12948,09805,S,STONE AVE N,"STONE AVE N, N/O N 130TH ST; S FLOW; CHSB; 27May2026 15:30",2026-05-27,2026-06-03,True
350744,12948,09805,dir_11,STONE AVE N,"STONE AVE N, N/O N 130TH ST; TOTAL FLOW; CHAGG; 27May2026 15:30",2026-05-27,2026-06-03,True
350746,16150,12770,E,NE 100TH ST,"NE 100TH ST, E/O ROOSEVELT WAY NE; E FLOW; CHEB; 27May2026 13:00",2026-05-27,2026-06-03,True
350747,16150,12770,W,NE 100TH ST,"NE 100TH ST, E/O ROOSEVELT WAY NE; W FLOW; CHWB; 27May2026 13:00",2026-05-27,2026-06-03,True
350748,16150,12770,dir_11,NE 100TH ST,"NE 100TH ST, E/O ROOSEVELT WAY NE; TOTAL FLOW; CHAGG; 27May2026 13:00",2026-05-27,2026-06-03,True
350750,16075,12635,E,N 97TH ST,"N 97TH ST, E/O DENSMORE AVE N; E FLOW; CHEB; 27May2026 13:45",2026-05-27,2026-06-03,True
350751,16075,12635,W,N 97TH ST,"N 97TH ST, E/O DENSMORE AVE N; W FLOW; CHWB; 27May2026 13:45",2026-05-27,2026-06-03,True
350752,16075,12635,dir_11,N 97TH ST,"N 97TH ST, E/O DENSMORE AVE N; TOTAL FLOW; CHAGG; 27May2026 13:45",2026-05-27,2026-06-03,True
350754,7968,04450,N,6TH AVE NW,"6TH AVE NW, S/O NW 97TH ST; N FLOW; CHNB; 27May2026 16:00",2026-05-27,2026-06-03,True
350755,7968,04450,S,6TH AVE NW,"6TH AVE NW, S/O NW 97TH ST; S FLOW; CHSB; 27May2026 16:00",2026-05-27,2026-06-03,True
350756,7968,04450,dir_11,6TH AVE NW,"6TH AVE NW, S/O NW 97TH ST; TOTAL FLOW; CHAGG; 27May2026 16:00",2026-05-27,2026-06-03,True
350758,9923,06265,N,DAYTON AVE N,"DAYTON AVE N, S/O N 82ND ST; N FLOW; CHNB; 27May2026 16:30",2026-05-27,2026-06-03,True
350759,9923,06265,S,DAYTON AVE N,"DAYTON AVE N, S/O N 82ND ST; S FLOW; CHSB; 27May2026 16:30",2026-05-27,2026-06-03,True
350760,9923,06265,dir_11,DAYTON AVE N,"DAYTON AVE N, S/O N 82ND ST; TOTAL FLOW; CHAGG; 27May2026 16:30",2026-05-27,2026-06-03,True
350762,11853,08645,N,MIDVALE AVE N,"MIDVALE AVE N, S/O N NORTHGATE WAY; N FLOW; CHNB; 29May2026 14:30",2026-05-29,2026-06-05,True
350763,11853,08645,S,MIDVALE AVE N,"MIDVALE AVE N, S/O N NORTHGATE WAY; S FLOW; CHSB; 29May2026 14:30",2026-05-29,2026-06-05,True
350764,11853,08645,dir_11,MIDVALE AVE N,"MIDVALE AVE N, S/O N NORTHGATE WAY; TOTAL FLOW; CHAGG; 29May2026 14:30",2026-05-29,2026-06-05,True
350767,2645,00905,N,19TH AVE,"19TH AVE, N/O E CHERRY ST; N FLOW; CHNB; 26May2026 14:00",2026-05-26,2026-06-02,True
350768,2645,00905,S,19TH AVE,"19TH AVE, N/O E CHERRY ST; S FLOW; CHSB; 26May2026 14:00",2026-05-26,2026-06-02,True
350769,2645,00905,dir_11,19TH AVE,"19TH AVE, N/O E CHERRY ST; TOTAL FLOW; CHAGG; 26May2026 14:00",2026-05-26,2026-06-02,True
350771,4176,01920,N,28TH AVE S,"28TH AVE S, S/O E YESLER WAY; N FLOW; CHNB; 26May2026 13:30",2026-05-26,2026-06-02,True
350772,4176,01920,S,28TH AVE S,"28TH AVE S, S/O E YESLER WAY; S FLOW; CHSB; 26May2026 13:30",2026-05-26,2026-06-02,True
350773,4176,01920,dir_11,28TH AVE S,"28TH AVE S, S/O E YESLER WAY; TOTAL FLOW; CHAGG; 26May2026 13:30",2026-05-26,2026-06-02,True
350775,4344,02030,N,29TH AVE SW,"29TH AVE SW, S/O SW BARTON ST; N FLOW; CHNB; 26May2026 18:45",2026-05-26,2026-06-02,True
350776,4344,02030,S,29TH AVE SW,"29TH AVE SW, S/O SW BARTON ST; S FLOW; CHSB; 26May2026 18:45",2026-05-26,2026-06-02,True
350777,15962,12500,E,N 85TH ST,"N 85TH ST, W/O ASHWORTH AVE N; E FLOW; CHEB; 01May2026 00:00",2026-05-01,2026-05-08,True
350778,4344,02030,dir_11,29TH AVE SW,"29TH AVE SW, S/O SW BARTON ST; TOTAL FLOW; CHAGG; 26May2026 18:45",2026-05-26,2026-06-02,True
350780,15962,12500,W,N 85TH ST,"N 85TH ST, W/O ASHWORTH AVE N; W FLOW; CHWB; 01May2026 00:00",2026-05-01,2026-05-08,True
350781,15962,12500,dir_11,N 85TH ST,"N 85TH ST, W/O ASHWORTH AVE N; TOTAL FLOW; CHAGG; 01May2026 00:00",2026-05-01,2026-05-08,True
350783,14073,11075,NE,EAST GREEN LAKE WAY N,"EAST GREEN LAKE WAY N, NE/O N 57TH ST; NE FLOW; CHNEB; 01May2026 00:00",2026-05-01,2026-05-08,True
350784,14073,11075,SW,EAST GREEN LAKE WAY N,"EAST GREEN LAKE WAY N, NE/O N 57TH ST; SW FLOW; CHSWB; 01May2026 00:00",2026-05-01,2026-05-08,True
350785,14073,11075,dir_11,EAST GREEN LAKE WAY N,"EAST GREEN LAKE WAY N, NE/O N 57TH ST; TOTAL FLOW; CHAGG; 01May2026 00:00",2026-05-01,2026-05-08,True
350787,19223,15130,E,NW MARKET ST,"NW MARKET ST, W/O 8TH AVE NW; E FLOW; CHEB; 01May2026 00:00",2026-05-01,2026-05-08,True
350788,19223,15130,W,NW MARKET ST,"NW MARKET ST, W/O 8TH AVE NW; W FLOW; CHWB; 01May2026 00:00",2026-05-01,2026-05-08,True
350789,486180,18191,W,SW SPOKANE ST,"SW SPOKANE NR ST, W/O SW SPOKANE ST; W FLOW; CHWB; 26May2026 18:00",2026-05-26,2026-06-02,True
350790,19223,15130,dir_11,NW MARKET ST,"NW MARKET ST, W/O 8TH AVE NW; TOTAL FLOW; CHAGG; 01May2026 00:00",2026-05-01,2026-05-08,True
350792,13348,10290,NW,WABASH AVE S,"WABASH AVE S, NW/O CLOVERDALE PL S; NW FLOW; CHNWB; 05Jun2026 13:30",2026-06-05,2026-06-12,True
350793,13348,10290,SE,WABASH AVE S,"WABASH AVE S, NW/O CLOVERDALE PL S; SE FLOW; CHSEB; 05Jun2026 13:30",2026-06-05,2026-06-12,True
350794,13348,10290,dir_11,WABASH AVE S,"WABASH AVE S, NW/O CLOVERDALE PL S; TOTAL FLOW; CHAGG; 05Jun2026 13:30",2026-06-05,2026-06-12,True
350796,19860,15790,NW,S DELLA ST,"S DELLA ST, E/O CHEASTY BLVD S; NW FLOW; CHNWB; 05Jun2026 14:00",2026-06-05,2026-06-12,True
350797,19860,15790,SE,S DELLA ST,"S DELLA ST, E/O CHEASTY BLVD S; SE FLOW; CHSEB; 05Jun2026 14:00",2026-06-05,2026-06-12,True
350798,19860,15790,dir_11,S DELLA ST,"S DELLA ST, E/O CHEASTY BLVD S; TOTAL FLOW; CHAGG; 05Jun2026 14:00",2026-06-05,2026-06-12,True
350800,20811,16545,E,S MCCLELLAN ST,"S MCCLELLAN ST, E/O 25TH AVE S; E FLOW; CHEB; 05Jun2026 14:15",2026-06-05,2026-06-12,True
350801,17619,13640,E,NE 80TH ST,"NE 80TH ST, E/O 17TH AVE NE; E FLOW; CHEB; 09Jun2026 10:30",2026-06-09,2026-06-16,True
350802,17619,13640,W,NE 80TH ST,"NE 80TH ST, E/O 17TH AVE NE; W FLOW; CHWB; 09Jun2026 10:30",2026-06-09,2026-06-16,True
350803,17619,13640,dir_11,NE 80TH ST,"NE 80TH ST, E/O 17TH AVE NE; TOTAL FLOW; CHAGG; 09Jun2026 10:30",2026-06-09,2026-06-16,True
350805,6010,03060,N,39TH AVE NE,"39TH AVE NE, N/O NE 135TH W ST; N FLOW; CHNB; 09Jun2026 11:30",2026-06-09,2026-06-16,True
350806,6010,03060,S,39TH AVE NE,"39TH AVE NE, N/O NE 135TH W ST; S FLOW; CHSB; 09Jun2026 11:30",2026-06-09,2026-06-16,True
350807,6010,03060,dir_11,39TH AVE NE,"39TH AVE NE, N/O NE 135TH W ST; TOTAL FLOW; CHAGG; 09Jun2026 11:30",2026-06-09,2026-06-16,True
350809,2094,00555,N,15TH AVE NE,"15TH AVE NE, S/O NE 140TH ST; N FLOW; CHNB; 09Jun2026 12:15",2026-06-09,2026-06-16,True
350810,2094,00555,S,15TH AVE NE,"15TH AVE NE, S/O NE 140TH ST; S FLOW; CHSB; 09Jun2026 12:15",2026-06-09,2026-06-16,True
350811,2094,00555,dir_11,15TH AVE NE,"15TH AVE NE, S/O NE 140TH ST; TOTAL FLOW; CHAGG; 09Jun2026 12:15",2026-06-09,2026-06-16,True
350813,2090,00555,S,15TH AVE NE,"15TH AVE NE, S/O NE BROCKMAN N PL; S FLOW; CHSB SB; 09Jun2026 13:00",2026-06-09,2026-06-16,True
350814,13330,10258,dir_11,WEST SEATTLE BR EB,"WEST SEATTLE BR EB, E/O DELRIDGE-W SEATTLE BR EB ON RP; TOTAL FLOW; CHTOTAL; 19Apr2026 00:00",2026-04-19,2026-04-26,True
350815,12792,09630,NW,SEWARD PARK AVE S,"SEWARD PARK AVE S, NW/O S ORCAS ST; NW FLOW; CHNWB; 23Jun2026 15:15",2026-06-23,2026-06-30,True
350816,12792,09630,SE,SEWARD PARK AVE S,"SEWARD PARK AVE S, NW/O S ORCAS ST; SE FLOW; CHSEB; 23Jun2026 15:15",2026-06-23,2026-06-30,True
350817,12792,09630,dir_11,SEWARD PARK AVE S,"SEWARD PARK AVE S, NW/O S ORCAS ST; TOTAL FLOW; CHAGG; 23Jun2026 15:15",2026-06-23,2026-06-30,True
350819,12383,09345,N,RAINIER AVE S,"RAINIER AVE S, S/O S OREGON ST; N FLOW; CHNB; 23Jun2026 14:45",2026-06-23,2026-06-30,True
350820,12383,09345,S,RAINIER AVE S,"RAINIER AVE S, S/O S OREGON ST; S FLOW; CHSB; 23Jun2026 14:15",2026-06-23,2026-06-30,True
350821,12383,09345,dir_11,RAINIER AVE S,"RAINIER AVE S, S/O S OREGON ST; TOTAL FLOW; CHAGG; 23Jun2026 14:45",2026-06-23,2026-06-30,True
350823,13660,10590,N,WOODLAND PARK AVE N,"WOODLAND PARK AVE N, N/O N 44TH ST; N FLOW; CHNB; 23Jun2026 12:30",2026-06-23,2026-06-30,True
350824,13660,10590,S,WOODLAND PARK AVE N,"WOODLAND PARK AVE N, N/O N 44TH ST; S FLOW; CHSB; 23Jun2026 12:30",2026-06-23,2026-06-30,True
350825,13660,10590,dir_11,WOODLAND PARK AVE N,"WOODLAND PARK AVE N, N/O N 44TH ST; TOTAL FLOW; CHAGG; 23Jun2026 12:30",2026-06-23,2026-06-30,True
350827,15736,12300,E,N 60TH ST,"N 60TH ST, W/O FREMONT AVE N; E FLOW; CHEB; 23Jun2026 12:00",2026-06-23,2026-06-30,True
350828,15736,12300,W,N 60TH ST,"N 60TH ST, W/O FREMONT AVE N; W FLOW; CHWB; 23Jun2026 12:00",2026-06-23,2026-06-30,True
350829,15736,12300,dir_11,N 60TH ST,"N 60TH ST, W/O FREMONT AVE N; TOTAL FLOW; CHAGG; 23Jun2026 12:00",2026-06-23,2026-06-30,True
350831,13640,10580,NE,WOODLAND PL N,"WOODLAND PL N, W/O LINDEN S AVE N; NE FLOW; CHNEB; 23Jun2026 11:45",2026-06-23,2026-06-30,True
350832,13640,10580,SW,WOODLAND PL N,"WOODLAND PL N, W/O LINDEN S AVE N; SW FLOW; CHSWB; 23Jun2026 11:45",2026-06-23,2026-06-30,True
350833,13640,10580,dir_11,WOODLAND PL N,"WOODLAND PL N, W/O LINDEN S AVE N; TOTAL FLOW; CHAGG; 23Jun2026 11:45",2026-06-23,2026-06-30,True
350835,18810,14755,E,NW 75TH ST,"NW 75TH ST, W/O 6TH AVE NW; E FLOW; CHEB; 23Jun2026 11:00",2026-06-23,2026-06-30,True
350836,18810,14755,W,NW 75TH ST,"NW 75TH ST, W/O 6TH AVE NW; W FLOW; CHWB; 23Jun2026 11:00",2026-06-23,2026-06-30,True
350837,18810,14755,dir_11,NW 75TH ST,"NW 75TH ST, W/O 6TH AVE NW; TOTAL FLOW; CHAGG; 23Jun2026 11:00",2026-06-23,2026-06-30,True
350839,2090,00555,N,15TH AVE NE,"15TH AVE NE, S/O NE BROCKMAN N PL; N FLOW; CHNB; 25Jun2026 11:45",2026-06-25,2026-07-02,True
350840,2090,00555,dir_11,15TH AVE NE,"15TH AVE NE, S/O NE BROCKMAN N PL; TOTAL FLOW; CHAGG; 25Jun2026 11:45",2026-06-25,2026-07-02,True
350842,5132,02495,N,33RD AVE NE,"33RD AVE NE, N/O NE 125TH ST; N FLOW; CHNB; 24Jun2026 11:00",2026-06-24,2026-07-01,True
350843,5132,02495,S,33RD AVE NE,"33RD AVE NE, N/O NE 125TH ST; S FLOW; CHSB; 24Jun2026 11:00",2026-06-24,2026-07-01,True
350844,5132,02495,dir_11,33RD AVE NE,"33RD AVE NE, N/O NE 125TH ST; TOTAL FLOW; CHAGG; 24Jun2026 11:00",2026-06-24,2026-07-01,True
350846,3484,01380,E,23RD AVE SW,"23RD AVE SW, N/O SW WILLOW ST; E FLOW; CHEB; 24Jun2026 15:45",2026-06-24,2026-07-01,True
350847,22995,18320,E,SW WILLOW ST,"SW WILLOW ST, E/O 23RD AVE SW; E FLOW; CHEB; 24Jun2026 15:45",2026-06-24,2026-07-01,True
350848,22995,18320,W,SW WILLOW ST,"SW WILLOW ST, E/O 23RD AVE SW; W FLOW; CHWB; 24Jun2026 15:45",2026-06-24,2026-07-01,True
350849,22995,18320,dir_11,SW WILLOW ST,"SW WILLOW ST, E/O 23RD AVE SW; TOTAL FLOW; CHAGG; 24Jun2026 15:45",2026-06-24,2026-07-01,True
350851,3484,01380,N,23RD AVE SW,"23RD AVE SW, N/O SW WILLOW ST; N FLOW; CHNB; 24Jun2026 16:00",2026-06-24,2026-07-01,True
350852,3484,01380,S,23RD AVE SW,"23RD AVE SW, N/O SW WILLOW ST; S FLOW; CHSB; 24Jun2026 16:00",2026-06-24,2026-07-01,True
350853,3484,01380,dir_11,23RD AVE SW,"23RD AVE SW, N/O SW WILLOW ST; TOTAL FLOW; CHAGG; 24Jun2026 16:00",2026-06-24,2026-07-01,True
350855,15572,12140,W,N 46TH ST,"N 46TH ST, W/O MERIDIAN S AVE N; W FLOW; CHWB; 07Jul2026 16:00",2026-07-07,2026-07-14,True
350856,15572,12140,E,N 46TH ST,"N 46TH ST, W/O MERIDIAN S AVE N; E FLOW; CHEB; 07Jul2026 16:00",2026-07-07,2026-07-14,True
350857,15572,12140,dir_11,N 46TH ST,"N 46TH ST, W/O MERIDIAN S AVE N; TOTAL FLOW; CHAGG; 07Jul2026 16:00",2026-07-07,2026-07-14,True
350859,11012,07825,N,INTERLAKE AVE N,"INTERLAKE AVE N, S/O N 46TH ST; N FLOW; CHNB; 07Jul2026 16:30",2026-07-07,2026-07-14,True
350860,11012,07825,S,INTERLAKE AVE N,"INTERLAKE AVE N, S/O N 46TH ST; S FLOW; CHSB; 07Jul2026 16:30",2026-07-07,2026-07-14,True
350861,11012,07825,dir_11,INTERLAKE AVE N,"INTERLAKE AVE N, S/O N 46TH ST; TOTAL FLOW; CHAGG; 07Jul2026 16:30",2026-07-07,2026-07-14,True
350863,16926,13320,dir_11,NE 50TH ST,"NE 50TH ST, E/O 5TH AVE NE; TOTAL FLOW; CHTOT; 01Oct2025 00:00",2025-10-01,2025-10-08,True
350864,3369,01360,dir_11,23RD AVE E,"23RD AVE E, N/O E MADISON ST; TOTAL FLOW; CHTOT; 01Oct2025 00:00",2025-10-01,2025-10-08,True
350865,3368,01360,dir_11,23RD AVE E,"23RD AVE E, S/O E MADISON ST; TOTAL FLOW; CHTOT; 01Oct2025 00:00",2025-10-01,2025-10-08,True
350866,8963,05250,dir_11,AURORA AVE N,"AURORA AVE N, N/O N 85TH ST; TOTAL FLOW; CHTOT; 03Oct2025 00:00",2025-10-03,2025-10-10,True
350867,15705,12280,NE,N 56TH ST,"N 56TH ST, E/O KEYSTONE PL N; NE FLOW; CHNEB; 08Jul2026 14:15",2026-07-08,2026-07-15,True
350868,15705,12280,SW,N 56TH ST,"N 56TH ST, E/O KEYSTONE PL N; SW FLOW; CHSWB; 08Jul2026 14:15",2026-07-08,2026-07-15,True
350869,15705,12280,dir_11,N 56TH ST,"N 56TH ST, E/O KEYSTONE PL N; TOTAL FLOW; CHAGG; 08Jul2026 14:15",2026-07-08,2026-07-15,True
350871,10666,07050,S,GOLDEN GARDENS DR NW,"GOLDEN GARDENS DR NW, SW/O NW 85TH ST; S FLOW; CHSB; 08Jul2026 15:30",2026-07-08,2026-07-15,True
350872,10666,07050,N,GOLDEN GARDENS DR NW,"GOLDEN GARDENS DR NW, SW/O NW 85TH ST; N FLOW; CHNB; 08Jul2026 15:30",2026-07-08,2026-07-15,True
350873,589802,08616,dir_11,MERCER ST,"MERCER NR ST, W/O FAIRVIEW N AVE N; TOTAL FLOW; CHTOT; 01Oct2025 00:00",2025-10-01,2025-10-08,True
350874,10666,07050,dir_11,GOLDEN GARDENS DR NW,"GOLDEN GARDENS DR NW, SW/O NW 85TH ST; TOTAL FLOW; CHAGG; 08Jul2026 15:30",2026-07-08,2026-07-15,True
350876,10350,06745,dir_11,FAIRVIEW AVE N,"FAIRVIEW AVE N, N/O MERCER ST; TOTAL FLOW; CHTOT; 01Oct2025 00:00",2025-10-01,2025-10-08,True
350877,274457,06745,dir_11,FAIRVIEW AVE N,"FAIRVIEW AVE N, S/O MERCER ST; TOTAL FLOW; CHTOT; 01Oct2025 00:00",2025-10-01,2025-10-08,True
350878,10018,06345,dir_11,DENNY WAY,"DENNY WAY, W/O FAIRVIEW AVE; TOTAL FLOW; CHTOT; 01Oct2025 00:00",2025-10-01,2025-10-08,True
350879,10019,06345,dir_11,DENNY WAY,"DENNY WAY, E/O FAIRVIEW AVE; TOTAL FLOW; CHTOT; 01Oct2025 00:00",2025-10-01,2025-10-08,True
350880,10335,06735,dir_11,FAIRVIEW AVE,"FAIRVIEW AVE, S/O DENNY WAY; TOTAL FLOW; CHTOT; 01Oct2025 00:00",2025-10-01,2025-10-08,True
350881,12254,09235,SE,POST AVE,"POST AVE, NW/O COLUMBIA ST; SE FLOW; CHSEB; 20Jul2026 13:30",2026-07-20,2026-07-27,True
350882,12255,09235,SE,POST AVE,"POST AVE, NW/O MADISON ST; SE FLOW; CHSEB; 20Jul2026 14:00",2026-07-20,2026-07-27,True
350883,3308,01255,NW,22ND AVE S,"22ND AVE S, N/O RAINIER AVE S; NW FLOW; CHNEB; 20Jul2026 12:00",2026-07-20,2026-07-27,True
350884,14207,11160,W,E JAMES CT,"E JAMES CT, W/O 13TH AVE; W FLOW; CHWB; 20Jul2026 12:45",2026-07-20,2026-07-27,True
350885,20640,16421,E,S ROBERTO MAESTAS FEST ST,"ROBERTO MAESTAS FESTIVAL ST, E/O 16TH AVE S; E FLOW; CHEB; 20Jul2026 11:45",2026-07-20,2026-07-27,True
350886,20640,16421,W,S ROBERTO MAESTAS FEST ST,"ROBERTO MAESTAS FESTIVAL ST, E/O 16TH AVE S; W FLOW; CHWB; 20Jul2026 11:45",2026-07-20,2026-07-27,True
350887,20640,16421,dir_11,S ROBERTO MAESTAS FEST ST,"ROBERTO MAESTAS FESTIVAL ST, E/O 16TH AVE S; TOTAL FLOW; CHAGG; 20Jul2026 11:45",2026-07-20,2026-07-27,True
350889,10915,07315,NW,HIRAM PL NE,"HIRAM PL NE, SE/O NE 123RD ST; NW FLOW; CHNWB; 17Jul2026 09:30",2026-07-17,2026-07-24,True
350890,10915,07315,SE,HIRAM PL NE,"HIRAM PL NE, SE/O NE 123RD ST; SE FLOW; CHSEB; 17Jul2026 09:30",2026-07-17,2026-07-24,True
350891,10915,07315,dir_11,HIRAM PL NE,"HIRAM PL NE, SE/O NE 123RD ST; TOTAL FLOW; CHAGG; 17Jul2026 09:30",2026-07-17,2026-07-24,True
350893,9201,05425,SW,BELL ST,"BELL ST, SW/O 5TH AVE; SW FLOW; CHSWB; 17Jul2026 12:00",2026-07-17,2026-07-24,True
350894,9199,05425,SW,BELL ST,"BELL ST, SW/O 3RD AVE; SW FLOW; CHSWB; 17Jul2026 12:45",2026-07-17,2026-07-24,True
350895,3876,01705,N,26TH AVE NE,"26TH AVE NE, N/O HIRAM PL NE; N FLOW; CHNB; 09Jul2026 11:30",2026-07-09,2026-07-16,True
350896,3876,01705,S,26TH AVE NE,"26TH AVE NE, N/O HIRAM PL NE; S FLOW; CHSB; 09Jul2026 11:30",2026-07-09,2026-07-16,True
350897,3876,01705,dir_11,26TH AVE NE,"26TH AVE NE, N/O HIRAM PL NE; TOTAL FLOW; CHAGG; 09Jul2026 11:30",2026-07-09,2026-07-16,True
351015,830984,06556,dir_11,ELLIOTT WAY,"ELLIOTT WAY, NW/O LENORA ST; TOTAL FLOW; CHTOT; 11Jul2026 00:00",2026-07-11,2026-07-18,True
350911,16457,12965,E,NE 123RD ST,"NE 123RD ST, W/O LAKE CITY WAY NE; E FLOW; CHEB; 09Jul2026 13:00",2026-07-09,2026-07-16,True
351075,10757,07105,N,GREENWOOD AVE N,"GREENWOOD AVE N, S/O N 97TH ST; N FLOW; CHNB; 04Aug2026 11:15",2026-08-04,2026-08-11,True
350919,19006,14865,dir_11,NW 87TH ST,"NW 87TH ST, E/O 16TH AVE NW; TOTAL FLOW; CHAGG; 16Jul2026 09:30",2026-07-16,2026-07-23,True
350954,19223,15130,W,NW MARKET ST,"NW MARKET ST, W/O 8TH AVE NW; W FLOW; CHWB; 03Jun2026 12:00",2026-06-03,2026-06-10,True
350969,10000,06345,W,DENNY WAY,"DENNY WAY, W/O 2ND AVE; W FLOW; CHWB; 01Jun2026 00:00",2026-06-01,2026-06-08,True
350929,11941,08775,N,MYERS WAY S,"MYERS WAY S, S/O OLSON PL SW; N FLOW; CHNB; 07Jul2026 10:15",2026-07-07,2026-07-14,True
350949,20628,16420,E,S LANDER ST,"S LANDER ST, W/O 6TH AVE S; E FLOW; CHEB; 02Jun2026 16:00",2026-06-02,2026-06-09,True
350921,2277,00685,N,16TH AVE NW,"16TH AVE NW, S/O NW 87TH ST; N FLOW; CHNB; 16Jul2026 10:00",2026-07-16,2026-07-23,True
350899,16456,12965,E,NE 123RD ST,"NE 123RD ST, W/O 28TH AVE NE; E FLOW; CHEB; 09Jul2026 12:00",2026-07-09,2026-07-16,True
351052,12409,09345,N,RAINIER AVE S,"RAINIER AVE S, S/O S OTHELLO ST; N FLOW; CHNB; 08Jul2026 15:00",2026-07-08,2026-07-15,True
350958,14073,11075,NE,EAST GREEN LAKE WAY N,"EAST GREEN LAKE WAY N, NE/O N 57TH ST; NE FLOW; CHNEB; 03Jun2026 14:00",2026-06-03,2026-06-10,True
350983,21712,17305,E,SW ADMIRAL WAY,"SW ADMIRAL WAY, E/O 51ST AVE SW; E FLOW; CHEB; 07Jul2026 12:30",2026-07-07,2026-07-14,True
350916,11941,08775,N,MYERS WAY S,"MYERS WAY S, S/O OLSON PL SW; N FLOW; CHNB; 16Jul2026 17:30",2026-07-16,2026-07-23,True
351012,4382,02080,dir_11,3RD AVE,"3RD AVE, SE/O UNION ST; TOTAL FLOW; CHTOTAL; 10Jul2026 00:00",2026-07-10,2026-07-17,True
351027,14348,11275,SW,E MADISON ST,"E MADISON ST, SW/O 17TH AVE; SW FLOW; CHSWB; 05May2026 13:30",2026-05-05,2026-05-12,True
351061,10230,06575,N,ELLIS AVE S,"ELLIS AVE S, S/O S WARSAW ST; N FLOW; CHNB; 23Jul2026 09:30",2026-07-23,2026-07-30,True
350962,15962,12500,W,N 85TH ST,"N 85TH ST, W/O ASHWORTH AVE N; W FLOW; CHWB; 03Jun2026 14:00",2026-06-03,2026-06-10,True
350993,10815,07160,dir_11,HARBOR AVE SW,"HARBOR AVE SW, NW/O FAIRMOUNT AVE SW; TOTAL FLOW; CHAGG; 08Jul2026 10:00",2026-07-08,2026-07-15,True
351077,10757,07105,dir_11,GREENWOOD AVE N,"GREENWOOD AVE N, S/O N 97TH ST; TOTAL FLOW; CHAGG; 04Aug2026 11:15",2026-08-04,2026-08-11,True
350937,21705,17305,E,SW ADMIRAL WAY,"SW ADMIRAL WAY, W/O 44TH AVE SW; E FLOW; CHEB; 07Jul2026 12:00",2026-07-07,2026-07-14,True
351014,22804,18176,dir_11,SW SPOKANE ST BR,"SW SPOKANE BR, W/O SW SPOKANE E ST; TOTAL FLOW; CHTOTAL; 10Jul2026 00:00",2026-07-10,2026-07-17,True
350982,13202,10115,NE,UNIVERSITY ST,"UNIVERSITY ST, SW/O 4TH AVE; NE FLOW; CHNEB; 01Jun2026 00:00",2026-06-01,2026-06-08,True
351044,20628,16420,E,S LANDER ST,"S LANDER ST, W/O 6TH AVE S; E FLOW; CHEB; 08Jul2026 14:00",2026-07-08,2026-07-15,True
350966,12312,09315,S,QUEEN ANNE AVE N,"QUEEN ANNE AVE N, S/O CROCKETT ST; S FLOW; CHSB; 01Jun2026 00:00",2026-06-01,2026-06-08,True
350942,10821,07160,S,HARBOR AVE SW,"HARBOR AVE SW, S/O SW HARBOR LN; S FLOW; CHSB; 07Jul2026 13:15",2026-07-07,2026-07-14,True
351071,13333,10258,dir_11,WEST SEATTLE BR EB,"WEST SEATTLE BR EB, NE/O FAUNTLEROY WAY SW; TOTAL FLOW; CHTOTAL; 01Aug2026 00:00",2026-08-01,2026-08-08,True
350946,8782,05095,W,ALKI AVE SW,"ALKI AVE SW, W/O HARBOR AVE SW; W FLOW; CHWB; 02Jun2026 16:00",2026-06-02,2026-06-09,True
350922,2277,00685,S,16TH AVE NW,"16TH AVE NW, S/O NW 87TH ST; S FLOW; CHSB; 16Jul2026 10:00",2026-07-16,2026-07-23,True
351065,20693,16495,E,S LUCILE ST,"S LUCILE ST, E/O 4TH AVE S; E FLOW; CHEB; 23Jul2026 11:45",2026-07-23,2026-07-30,True
351073,22804,18176,dir_11,SW SPOKANE ST BR,"SW SPOKANE BR, W/O SW SPOKANE E ST; TOTAL FLOW; CHTOTAL; 01Aug2026 00:00",2026-08-01,2026-08-08,True
350965,12312,09315,N,QUEEN ANNE AVE N,"QUEEN ANNE AVE N, S/O CROCKETT ST; N FLOW; CHNB; 01Jun2026 00:00",2026-06-01,2026-06-08,True
350996,14395,11300,dir_11,EAST MARGINAL WAY S,"EAST MARGINAL WAY S, S/O S ALASKA ST; TOTAL FLOW; CHTOTAL; 01Jun2026 00:00",2026-06-01,2026-06-08,True
351076,10757,07105,S,GREENWOOD AVE N,"GREENWOOD AVE N, S/O N 97TH ST; S FLOW; CHSB; 04Aug2026 11:15",2026-08-04,2026-08-11,True
351041,14073,11075,SW,EAST GREEN LAKE WAY N,"EAST GREEN LAKE WAY N, NE/O N 57TH ST; SW FLOW; CHSWB; 15Jul2026 14:00",2026-07-15,2026-07-22,True
351017,13333,10258,dir_11,WEST SEATTLE BR EB,"WEST SEATTLE BR EB, NE/O FAUNTLEROY WAY SW; TOTAL FLOW; CHTOTAL; 25Jul2026 00:00",2026-07-25,2026-08-01,True
350967,12312,09315,dir_11,QUEEN ANNE AVE N,"QUEEN ANNE AVE N, S/O CROCKETT ST; TOTAL FLOW; CHAGG; 01Jun2026 00:00",2026-06-01,2026-06-08,True
351062,10230,06575,S,ELLIS AVE S,"ELLIS AVE S, S/O S WARSAW ST; S FLOW; CHSB; 23Jul2026 09:30",2026-07-23,2026-07-30,True
350992,4382,02080,dir_11,3RD AVE,"3RD AVE, SE/O UNION ST; TOTAL FLOW; CHTOTAL; 01Jun2026 00:00",2026-06-01,2026-06-08,True
351018,10563,06875,dir_11,FREMONT BR,"FREMONT BR, N/O POINT A; TOTAL FLOW; CHTOT; 15Jul2026 00:00",2026-07-15,2026-07-22,True
350953,19223,15130,E,NW MARKET ST,"NW MARKET ST, W/O 8TH AVE NW; E FLOW; CHEB; 03Jun2026 12:00",2026-06-03,2026-06-10,True
350971,10000,06345,dir_11,DENNY WAY,"DENNY WAY, W/O 2ND AVE; TOTAL FLOW; CHAGG; 01Jun2026 00:00",2026-06-01,2026-06-08,True
351005,3938,01720,S,26TH AVE SW,"26TH AVE SW, N/O SW DAKOTA ST; S FLOW; CHSB; 21Jul2026 14:45",2026-07-21,2026-07-28,True
351080,12723,09555,S,SAND POINT WAY NE,"SAND POINT WAY NE, N/O NE 65TH ST; S FLOW; CHSB SB; 31Jul2026 13:15",2026-07-31,2026-08-07,True
350957,14073,11075,SW,EAST GREEN LAKE WAY N,"EAST GREEN LAKE WAY N, NE/O N 57TH ST; SW FLOW; CHSWB; 03Jun2026 12:00",2026-06-03,2026-06-10,True
351013,14395,11300,dir_11,EAST MARGINAL WAY S,"EAST MARGINAL WAY S, S/O S ALASKA ST; TOTAL FLOW; CHTOTAL; 25Jul2026 00:00",2026-07-25,2026-08-01,True
350917,19006,14865,E,NW 87TH ST,"NW 87TH ST, E/O 16TH AVE NW; E FLOW; CHEB; 16Jul2026 09:30",2026-07-16,2026-07-23,True
351009,3943,01720,S,26TH AVE SW,"26TH AVE SW, S/O SW GENESEE ST; S FLOW; CHSB; 21Jul2026 15:15",2026-07-21,2026-07-28,True
351040,14073,11075,NE,EAST GREEN LAKE WAY N,"EAST GREEN LAKE WAY N, NE/O N 57TH ST; NE FLOW; CHNEB; 15Jul2026 14:00",2026-07-15,2026-07-22,True
351050,8782,05095,dir_11,ALKI AVE SW,"ALKI AVE SW, W/O HARBOR AVE SW; TOTAL FLOW; CHAGG; 08Jul2026 14:00",2026-07-08,2026-07-15,True
351048,8782,05095,E,ALKI AVE SW,"ALKI AVE SW, W/O HARBOR AVE SW; E FLOW; CHEB; 08Jul2026 14:00",2026-07-08,2026-07-15,True
351003,13330,10258,dir_11,WEST SEATTLE BR EB,"WEST SEATTLE BR EB, E/O DELRIDGE-W SEATTLE BR EB ON RP; TOTAL FLOW; CHTOTAL; 02Jun2026 12:00",2026-06-02,2026-06-09,True
350997,22804,18176,dir_11,SW SPOKANE ST BR,"SW SPOKANE BR, E/O SW SPOKANE W ST; TOTAL FLOW; CHTOTAL; 01Jun2026 00:00",2026-06-01,2026-06-08,True
350918,19006,14865,W,NW 87TH ST,"NW 87TH ST, E/O 16TH AVE NW; W FLOW; CHWB; 16Jul2026 09:30",2026-07-16,2026-07-23,True
351010,3943,01720,dir_11,26TH AVE SW,"26TH AVE SW, S/O SW GENESEE ST; TOTAL FLOW; CHAGG; 21Jul2026 15:15",2026-07-21,2026-07-28,True
351023,8728,05045,dir_11,ALASKAN WAY,"ALASKAN WAY, SE/O BLANCHARD ST; TOTAL FLOW; CHAGG; 05May2026 13:00",2026-05-05,2026-05-12,True
350970,10000,06345,E,DENNY WAY,"DENNY WAY, W/O 2ND AVE; E FLOW; CHEB; 01Jun2026 00:00",2026-06-01,2026-06-08,True
350938,21705,17305,W,SW ADMIRAL WAY,"SW ADMIRAL WAY, W/O 44TH AVE SW; W FLOW; CHWB; 07Jul2026 12:00",2026-07-07,2026-07-14,True
350985,21712,17305,dir_11,SW ADMIRAL WAY,"SW ADMIRAL WAY, E/O 51ST AVE SW; TOTAL FLOW; CHAGG; 07Jul2026 12:30",2026-07-07,2026-07-14,True
350930,11941,08775,S,MYERS WAY S,"MYERS WAY S, S/O OLSON PL SW; S FLOW; CHSB; 07Jul2026 10:30",2026-07-07,2026-07-14,True
351072,14395,11300,dir_11,EAST MARGINAL WAY S,"EAST MARGINAL WAY S, S/O S ALASKA ST; TOTAL FLOW; CHTOTAL; 01Aug2026 00:00",2026-08-01,2026-08-08,True
351081,12723,09555,dir_11,SAND POINT WAY NE,"SAND POINT WAY NE, N/O NE 65TH ST; TOTAL FLOW; CHAGG; 31Jul2026 13:00",2026-07-31,2026-08-07,True
350984,21712,17305,W,SW ADMIRAL WAY,"SW ADMIRAL WAY, E/O 51ST AVE SW; W FLOW; CHWB; 07Jul2026 12:30",2026-07-07,2026-07-14,True
351074,11159,08015,dir_11,LAKE CITY WAY NE,"LAKE CITY WAY NE, NE/O NE 95TH ST; TOTAL FLOW; CHTOTAL; 01Aug2026 00:00",2026-08-01,2026-08-08,True
351057,8469,04805,S,8TH AVE S,"8TH AVE S, S/O S DIRECTOR ST; S FLOW; CHSB; 23Jul2026 11:00",2026-07-23,2026-07-30,True
351046,20628,16420,dir_11,S LANDER ST,"S LANDER ST, W/O 6TH AVE S; TOTAL FLOW; CHAGG; 08Jul2026 14:00",2026-07-08,2026-07-15,True
351026,14348,11275,NE,E MADISON ST,"E MADISON ST, SW/O 17TH AVE; NE FLOW; CHNEB; 05May2026 13:30",2026-05-05,2026-05-12,True
351069,10563,06875,dir_11,FREMONT BR,"FREMONT BR, N/O POINT A; TOTAL FLOW; CHTOT; 01Aug2026 00:00",2026-08-01,2026-08-08,True
350903,4124,01910,N,28TH AVE NE,"28TH AVE NE, S/O NE 123RD ST; N FLOW; CHNB; 09Jul2026 12:15",2026-07-09,2026-07-16,True
350951,20628,16420,dir_11,S LANDER ST,"S LANDER ST, W/O 6TH AVE S; TOTAL FLOW; CHAGG; 02Jun2026 16:00",2026-06-02,2026-06-09,True
350941,10821,07160,N,HARBOR AVE SW,"HARBOR AVE SW, S/O SW HARBOR LN; N FLOW; CHNB; 07Jul2026 13:15",2026-07-07,2026-07-14,True
351022,8728,05045,SE,ALASKAN WAY,"ALASKAN WAY, SE/O BLANCHARD ST; SE FLOW; CHSEB; 05May2026 13:00",2026-05-05,2026-05-12,True
351028,14348,11275,dir_11,E MADISON ST,"E MADISON ST, SW/O 17TH AVE; TOTAL FLOW; CHAGG; 05May2026 13:30",2026-05-05,2026-05-12,True
350988,10563,06875,dir_11,FREMONT BR,"FREMONT BR, N/O POINT A; TOTAL FLOW; CHTOT; 01Jun2026 00:00",2026-06-01,2026-06-08,True
350959,14073,11075,dir_11,EAST GREEN LAKE WAY N,"EAST GREEN LAKE WAY N, NE/O N 57TH ST; TOTAL FLOW; CHAGG; 03Jun2026 14:00",2026-06-03,2026-06-10,True
350909,4125,01910,dir_11,28TH AVE NE,"28TH AVE NE, N/O NE 123RD ST; TOTAL FLOW; CHAGG; 09Jul2026 12:30",2026-07-09,2026-07-16,True
351025,13202,10115,NE,UNIVERSITY ST,"UNIVERSITY ST, SW/O 4TH AVE; NE FLOW; CHNEB; 05May2026 13:00",2026-05-05,2026-05-12,True
350955,19223,15130,dir_11,NW MARKET ST,"NW MARKET ST, W/O 8TH AVE NW; TOTAL FLOW; CHAGG; 03Jun2026 12:00",2026-06-03,2026-06-10,True
350933,1209,00030,N,1ST AVE S,"1ST AVE S, N/O S HANFORD ST; N FLOW; CHNB; 07Jul2026 11:00",2026-07-07,2026-07-14,True
350915,9198,05425,SW,BELL ST,"BELL ST, SW/O 2ND AVE; SW FLOW; CHSWB; 17Jul2026 13:15",2026-07-17,2026-07-24,True
350963,15962,12500,dir_11,N 85TH ST,"N 85TH ST, W/O ASHWORTH AVE N; TOTAL FLOW; CHAGG; 03Jun2026 14:00",2026-06-03,2026-06-10,True
350979,14348,11275,dir_11,E MADISON ST,"E MADISON ST, SW/O 17TH AVE; TOTAL FLOW; CHAGG; 01Jun2026 00:00",2026-06-01,2026-06-08,True
350973,8728,05045,NW,ALASKAN WAY,"ALASKAN WAY, SE/O BLANCHARD ST; NW FLOW; CHNWB; 01Jun2026 00:00",2026-06-01,2026-06-08,True
351000,830984,06556,SE,ELLIOTT WAY,"ELLIOTT WAY, NW/O LENORA ST; SE FLOW; CHSEB; 01Jun2026 00:00",2026-06-01,2026-06-08,True
351058,8469,04805,dir_11,8TH AVE S,"8TH AVE S, S/O S DIRECTOR ST; TOTAL FLOW; CHAGG; 23Jul2026 11:00",2026-07-23,2026-07-30,True
350961,15962,12500,E,N 85TH ST,"N 85TH ST, W/O ASHWORTH AVE N; E FLOW; CHEB; 03Jun2026 14:00",2026-06-03,2026-06-10,True
351054,12409,09345,dir_11,RAINIER AVE S,"RAINIER AVE S, S/O S OTHELLO ST; TOTAL FLOW; CHAGG; 08Jul2026 15:00",2026-07-08,2026-07-15,True
350912,16457,12965,W,NE 123RD ST,"NE 123RD ST, W/O LAKE CITY WAY NE; W FLOW; CHWB; 09Jul2026 13:00",2026-07-09,2026-07-16,True
350905,4124,01910,dir_11,28TH AVE NE,"28TH AVE NE, S/O NE 123RD ST; TOTAL FLOW; CHAGG; 09Jul2026 12:15",2026-07-09,2026-07-16,True
351030,352636,08299,dir_11,M L KING JR WAY S,"M L KING JR ER WAY S, N/O S ANDOVER ST; TOTAL FLOW; CHTOTAL; 01May2026 00:00",2026-05-01,2026-05-08,True
351033,19223,15130,W,NW MARKET ST,"NW MARKET ST, W/O 8TH AVE NW; W FLOW; CHWB; 15Jul2026 14:00",2026-07-15,2026-07-22,True
350926,19008,14865,W,NW 87TH ST,"NW 87TH ST, E/O 18TH AVE NW; W FLOW; CHWB; 16Jul2026 10:15",2026-07-16,2026-07-23,True
351038,15962,12500,dir_11,N 85TH ST,"N 85TH ST, W/O ASHWORTH AVE N; TOTAL FLOW; CHAGG; 15Jul2026 14:00",2026-07-15,2026-07-22,True
351042,14073,11075,dir_11,EAST GREEN LAKE WAY N,"EAST GREEN LAKE WAY N, NE/O N 57TH ST; TOTAL FLOW; CHAGG; 15Jul2026 14:00",2026-07-15,2026-07-22,True
350904,4124,01910,S,28TH AVE NE,"28TH AVE NE, S/O NE 123RD ST; S FLOW; CHSB; 09Jul2026 12:15",2026-07-09,2026-07-16,True
351008,3943,01720,N,26TH AVE SW,"26TH AVE SW, S/O SW GENESEE ST; N FLOW; CHNB; 21Jul2026 15:15",2026-07-21,2026-07-28,True
351060,2315,00690,N,16TH AVE S,"16TH AVE S, N/O 16TH AVE S BR; N FLOW; CHNB; 23Jul2026 14:30",2026-07-23,2026-07-30,True
350999,830984,06556,NW,ELLIOTT WAY,"ELLIOTT WAY, NW/O LENORA ST; NW FLOW; CHNWB; 01Jun2026 00:00",2026-06-01,2026-06-08,True
351053,12409,09345,S,RAINIER AVE S,"RAINIER AVE S, S/O S OTHELLO ST; S FLOW; CHSB; 08Jul2026 15:00",2026-07-08,2026-07-15,True
351034,19223,15130,dir_11,NW MARKET ST,"NW MARKET ST, W/O 8TH AVE NW; TOTAL FLOW; CHAGG; 23Jul2026 14:00",2026-07-23,2026-07-30,True
351020,11159,08015,dir_11,LAKE CITY WAY NE,"LAKE CITY WAY NE, NE/O NE 95TH ST; TOTAL FLOW; CHTOTAL; 15Jul2026 00:00",2026-07-15,2026-07-22,True
350945,8782,05095,E,ALKI AVE SW,"ALKI AVE SW, W/O HARBOR AVE SW; E FLOW; CHEB; 02Jun2026 16:00",2026-06-02,2026-06-09,True
350989,11159,08015,dir_11,LAKE CITY WAY NE,"LAKE CITY WAY NE, NE/O NE 95TH ST; TOTAL FLOW; CHTOTAL; 01Jun2026 00:00",2026-06-01,2026-06-08,True
350943,10821,07160,dir_11,HARBOR AVE SW,"HARBOR AVE SW, S/O SW HARBOR LN; TOTAL FLOW; CHAGG; 07Jul2026 13:15",2026-07-07,2026-07-14,True
351045,20628,16420,W,S LANDER ST,"S LANDER ST, W/O 6TH AVE S; W FLOW; CHWB; 08Jul2026 14:00",2026-07-08,2026-07-15,True
350913,16457,12965,dir_11,NE 123RD ST,"NE 123RD ST, W/O LAKE CITY WAY NE; TOTAL FLOW; CHAGG; 09Jul2026 13:00",2026-07-09,2026-07-16,True
350974,8728,05045,SE,ALASKAN WAY,"ALASKAN WAY, SE/O BLANCHARD ST; SE FLOW; CHSEB; 01Jun2026 00:00",2026-06-01,2026-06-08,True
351036,15962,12500,E,N 85TH ST,"N 85TH ST, W/O ASHWORTH AVE N; E FLOW; CHEB; 15Jul2026 14:00",2026-07-15,2026-07-22,True
351066,20693,16495,W,S LUCILE ST,"S LUCILE ST, E/O 4TH AVE S; W FLOW; CHWB; 23Jul2026 11:45",2026-07-23,2026-07-30,True
350927,19008,14865,dir_11,NW 87TH ST,"NW 87TH ST, E/O 18TH AVE NW; TOTAL FLOW; CHAGG; 16Jul2026 10:15",2026-07-16,2026-07-23,True
350975,8728,05045,dir_11,ALASKAN WAY,"ALASKAN WAY, SE/O BLANCHARD ST; TOTAL FLOW; CHAGG; 01Jun2026 00:00",2026-06-01,2026-06-08,True
350908,4125,01910,S,28TH AVE NE,"28TH AVE NE, N/O NE 123RD ST; S FLOW; CHSB; 09Jul2026 12:30",2026-07-09,2026-07-16,True
350998,352636,08299,dir_11,M L KING JR WAY S,"M L KING JR ER WAY S, N/O S ANDOVER ST; TOTAL FLOW; CHTOTAL; 01Jun2026 00:00",2026-06-01,2026-06-08,True
350939,21705,17305,dir_11,SW ADMIRAL WAY,"SW ADMIRAL WAY, W/O 44TH AVE SW; TOTAL FLOW; CHAGG; 07Jul2026 12:00",2026-07-07,2026-07-14,True
350977,14348,11275,NE,E MADISON ST,"E MADISON ST, SW/O 17TH AVE; NE FLOW; CHNEB; 01Jun2026 00:00",2026-06-01,2026-06-08,True
350907,4125,01910,N,28TH AVE NE,"28TH AVE NE, N/O NE 123RD ST; N FLOW; CHNB; 09Jul2026 12:30",2026-07-09,2026-07-16,True
350923,2277,00685,dir_11,16TH AVE NW,"16TH AVE NW, S/O NW 87TH ST; TOTAL FLOW; CHAGG; 16Jul2026 10:00",2026-07-16,2026-07-23,True
351067,20693,16495,dir_11,S LUCILE ST,"S LUCILE ST, E/O 4TH AVE S; TOTAL FLOW; CHAGG; 23Jul2026 11:45",2026-07-23,2026-07-30,True
350987,13189,10110,dir_11,UNIVERSITY BR,"UNIVERSITY BR, SW/O POINT A; TOTAL FLOW; CHTOT; 11Jun2026 00:00",2026-06-11,2026-06-18,True
351016,13330,10258,dir_11,WEST SEATTLE BR EB,"WEST SEATTLE BR EB, E/O DELRIDGE-W SEATTLE BR EB ON RP; TOTAL FLOW; CHTOTAL; 20Jul2026 00:00",2026-07-20,2026-07-27,True
350900,16456,12965,W,NE 123RD ST,"NE 123RD ST, W/O 28TH AVE NE; W FLOW; CHWB; 09Jul2026 12:00",2026-07-09,2026-07-16,True
351032,19223,15130,E,NW MARKET ST,"NW MARKET ST, W/O 8TH AVE NW; E FLOW; CHEB; 23Jul2026 14:00",2026-07-23,2026-07-30,True
350901,16456,12965,dir_11,NE 123RD ST,"NE 123RD ST, W/O 28TH AVE NE; TOTAL FLOW; CHAGG; 09Jul2026 12:00",2026-07-09,2026-07-16,True
350931,11941,08775,dir_11,MYERS WAY S,"MYERS WAY S, S/O OLSON PL SW; TOTAL FLOW; CHAGG; 07Jul2026 10:30",2026-07-07,2026-07-14,True
351056,8469,04805,N,8TH AVE S,"8TH AVE S, S/O S DIRECTOR ST; N FLOW; CHNB; 23Jul2026 11:00",2026-07-23,2026-07-30,True
350991,10815,07160,SE,HARBOR AVE SW,"HARBOR AVE SW, NW/O FAIRMOUNT AVE SW; SE FLOW; CHSEB; 08Jul2026 10:00",2026-07-08,2026-07-15,True
351070,13189,10110,dir_11,UNIVERSITY BR,"UNIVERSITY BR, SW/O POINT A; TOTAL FLOW; CHTOT; 01Aug2026 00:00",2026-08-01,2026-08-08,True
350925,19008,14865,E,NW 87TH ST,"NW 87TH ST, E/O 18TH AVE NW; E FLOW; CHEB; 16Jul2026 10:15",2026-07-16,2026-07-23,True
351049,8782,05095,W,ALKI AVE SW,"ALKI AVE SW, W/O HARBOR AVE SW; W FLOW; CHWB; 08Jul2026 14:00",2026-07-08,2026-07-15,True
350981,12900,09800,SW,STEWART ST,"STEWART ST, NE/O 4TH AVE; SW FLOW; CHSWB; 01Jun2026 00:00",2026-06-01,2026-06-08,True
351019,13189,10110,dir_11,UNIVERSITY BR,"UNIVERSITY BR, SW/O POINT A; TOTAL FLOW; CHTOT; 15Jul2026 00:00",2026-07-15,2026-07-22,True
351037,15962,12500,W,N 85TH ST,"N 85TH ST, W/O ASHWORTH AVE N; W FLOW; CHWB; 15Jul2026 14:00",2026-07-15,2026-07-22,True
350995,13333,10258,dir_11,WEST SEATTLE BR EB,"WEST SEATTLE BR EB, NE/O FAUNTLEROY WAY SW; TOTAL FLOW; CHTOTAL; 01Jun2026 00:00",2026-06-01,2026-06-08,True
351079,12723,09555,N,SAND POINT WAY NE,"SAND POINT WAY NE, N/O NE 65TH ST; N FLOW; CHNB NB; 31Jul2026 13:00",2026-07-31,2026-08-07,True
351001,830984,06556,dir_11,ELLIOTT WAY,"ELLIOTT WAY, NW/O LENORA ST; TOTAL FLOW; CHAGG; 01Jun2026 00:00",2026-06-01,2026-06-08,True
350947,8782,05095,dir_11,ALKI AVE SW,"ALKI AVE SW, W/O HARBOR AVE SW; TOTAL FLOW; CHAGG; 02Jun2026 16:00",2026-06-02,2026-06-09,True
351063,10230,06575,dir_11,ELLIS AVE S,"ELLIS AVE S, S/O S WARSAW ST; TOTAL FLOW; CHAGG; 23Jul2026 09:30",2026-07-23,2026-07-30,True
351021,8728,05045,NW,ALASKAN WAY,"ALASKAN WAY, SE/O BLANCHARD ST; NW FLOW; CHNWB; 05May2026 13:00",2026-05-05,2026-05-12,True
351004,3938,01720,N,26TH AVE SW,"26TH AVE SW, N/O SW DAKOTA ST; N FLOW; CHNB; 21Jul2026 14:45",2026-07-21,2026-07-28,True
351006,3938,01720,dir_11,26TH AVE SW,"26TH AVE SW, N/O SW DAKOTA ST; TOTAL FLOW; CHAGG; 21Jul2026 14:45",2026-07-21,2026-07-28,True
350990,10815,07160,NW,HARBOR AVE SW,"HARBOR AVE SW, NW/O FAIRMOUNT AVE SW; NW FLOW; CHNWB; 08Jul2026 10:00",2026-07-08,2026-07-15,True
350978,14348,11275,SW,E MADISON ST,"E MADISON ST, SW/O 17TH AVE; SW FLOW; CHSWB; 01Jun2026 00:00",2026-06-01,2026-06-08,True
350950,20628,16420,W,S LANDER ST,"S LANDER ST, W/O 6TH AVE S; W FLOW; CHWB; 02Jun2026 16:00",2026-06-02,2026-06-09,True
351083,10795,07105,N,GREENWOOD AVE N,"GREENWOOD AVE N, S/O N 145TH ST; N FLOW; CHNB NB; 04Aug2026 09:45",2026-08-04,2026-08-11,True
351085,15012,11740,E,N 105TH ST,"N 105TH ST, W/O EVANSTON W AVE N; E FLOW; CHEB EB; 04Aug2026 10:30",2026-08-04,2026-08-11,True
351087,15012,11740,dir_11,N 105TH ST,"N 105TH ST, W/O EVANSTON W AVE N; TOTAL FLOW; CHAGG; 04Aug2026 10:30",2026-08-04,2026-08-11,True
351086,15012,11740,W,N 105TH ST,"N 105TH ST, W/O EVANSTON W AVE N; W FLOW; CHWB WB; 04Aug2026 10:30",2026-08-04,2026-08-11,True
351131,18029,13940,SW,NE NORTHLAKE WAY,"NE NORTHLAKE WAY, SW/O 2ND AVE NE; SW FLOW; CHSWB; 09Apr2026 12:30",2026-04-09,2026-04-16,True
351097,19240,15130,E,NW MARKET ST,"NW MARKET ST, E/O 32ND AVE NW; E FLOW; CHEB; 08Apr2026 11:45",2026-04-08,2026-04-15,True
351223,15890,12455,E,N 80TH ST,"N 80TH ST, W/O GREENWOOD AVE N; E FLOW; CHEB; 13May2026 12:30",2026-05-13,2026-05-20,True
351196,18222,14205,dir_11,NW 125TH ST,"NW 125TH ST, W/O 3RD AVE NW; TOTAL FLOW; CHAGG; 15Apr2026 12:15",2026-04-15,2026-04-22,True
351158,4807,02265,S,31ST AVE NE,"31ST AVE NE, N/O NE 123RD ST; S FLOW; CHSB; 10Aug2026 14:45",2026-08-10,2026-08-17,True
351127,20697,16495,W,S LUCILE ST,"S LUCILE ST, E/O 7TH AVE S; W FLOW; CHWB; 09Apr2026 12:30",2026-04-09,2026-04-16,True
351245,20816,16545,dir_11,S MCCLELLAN ST,"S MCCLELLAN ST, E/O 30TH AVE S; TOTAL FLOW; CHAGG; 13May2026 13:15",2026-05-13,2026-05-20,True
351231,13597,10505,N,WHITMAN PL N,"WHITMAN PL N, S/O N 63RD ST; N FLOW; CHNB; 13May2026 13:45",2026-05-13,2026-05-20,True
351179,2962,01055,S,20TH AVE NE,"20TH AVE NE, N/O NE 50TH ST; S FLOW; CHSB; 14Apr2026 12:15",2026-04-14,2026-04-21,True
351238,2315,00690,S,16TH AVE S,"16TH AVE S, N/O 16TH AVE S BR; S FLOW; CHSB; 03Aug2026 15:45",2026-08-03,2026-08-10,True
351126,20697,16495,E,S LUCILE ST,"S LUCILE ST, E/O 7TH AVE S; E FLOW; CHEB; 09Apr2026 12:30",2026-04-09,2026-04-16,True
351162,11300,08115,S,LATONA AVE NE,"LATONA AVE NE, N/O NE 53RD ST; S FLOW; CHSB; 10Apr2026 11:00",2026-04-10,2026-04-17,True
351089,703483,09595,NW,SEAVIEW AVE NW,"SEAVIEW AVE NW, SE/O 38TH AVE NW; NW FLOW; CHNWB; 08Apr2026 11:30",2026-04-08,2026-04-15,True
351200,18220,14205,W,NW 125TH ST,"NW 125TH ST, W/O 1ST AVE NW; W FLOW; CHWB; 15Apr2026 12:30",2026-04-15,2026-04-22,True
351103,274363,14540,dir_11,NW 54TH ST,"NW 54TH ST, W/O 30TH WR AVE NW; TOTAL FLOW; CHAGG; 08Apr2026 12:00",2026-04-08,2026-04-15,True
351182,16938,13320,E,NE 50TH ST,"NE 50TH ST, E/O 17TH NB AVE NE; E FLOW; CHEB; 14Apr2026 12:30",2026-04-14,2026-04-21,True
351257,23425,18690,dir_11,W HARRISON ST,"W HARRISON ST, W/O 3RD AVE W; TOTAL FLOW; CHAGG; 14May2026 11:15",2026-05-14,2026-05-21,True
351251,19700,15620,E,S COLUMBIAN WAY,"S COLUMBIAN WAY, E/O BEACON ER AVE S; E FLOW; CHEB; 14May2026 14:00",2026-05-14,2026-05-21,True
351235,14723,11520,dir_11,E ROANOKE ST,"E ROANOKE ST, E/O EASTLAKE AVE E; TOTAL FLOW; CHAGG; 05Aug2026 13:15",2026-08-05,2026-08-12,True
351199,18220,14205,E,NW 125TH ST,"NW 125TH ST, W/O 1ST AVE NW; E FLOW; CHEB; 15Apr2026 12:30",2026-04-15,2026-04-22,True
351117,10819,07160,SE,HARBOR AVE SW,"HARBOR AVE SW, S/O FAUNTLEROY AVE SW; SE FLOW; CHSEB; 11Aug2026 13:00",2026-08-11,2026-08-18,True
351273,13078,10015,dir_11,TAYLOR AVE N,"TAYLOR AVE N, N/O ROY ST; TOTAL FLOW; CHAGG; 16Apr2026 15:00",2026-04-16,2026-04-23,True
351213,1094,00020,dir_11,1ST AVE NE,"1ST AVE NE, N/O NE 100TH ST; TOTAL FLOW; CHAGG; 16Apr2026 12:00",2026-04-16,2026-04-23,True
351249,11516,08293,dir_11,M L KING JR WAY S,"M L KING JR WAY S, S/O S WALKER ST; TOTAL FLOW; CHAGG; 13May2026 12:30",2026-05-13,2026-05-20,True
351241,2315,00690,dir_11,16TH AVE S,"16TH AVE S, N/O 16TH AVE S BR; TOTAL FLOW; CHAGG; 03Aug2026 15:45",2026-08-03,2026-08-10,True
351136,15287,11980,dir_11,N 34TH ST,"N 34TH ST, E/O TROLL AVE N; TOTAL FLOW; CHAGG; 09Apr2026 13:00",2026-04-09,2026-04-16,True
351225,15890,12455,dir_11,N 80TH ST,"N 80TH ST, W/O GREENWOOD AVE N; TOTAL FLOW; CHAGG; 13May2026 12:30",2026-05-13,2026-05-20,True
351195,18222,14205,W,NW 125TH ST,"NW 125TH ST, W/O 3RD AVE NW; W FLOW; CHWB; 15Apr2026 12:15",2026-04-15,2026-04-22,True
351125,10821,07160,N,HARBOR AVE SW,"HARBOR AVE SW, S/O SW HARBOR LN; N FLOW; CHNB; 07Jul2026 13:15",2026-07-07,2026-07-14,True
351264,618031,01245,N,22ND AVE NE,"22ND AVE NE, N/O NE 52ND ST; N FLOW; CHNB; 15May2026 11:45",2026-05-15,2026-05-22,True
351275,23622,18965,W,W OLYMPIC PL,"W OLYMPIC PL, E/O 2ND AVE W; W FLOW; CHWB; 16Apr2026 16:00",2026-04-16,2026-04-23,True
351138,10487,06870,N,FREMONT AVE N,"FREMONT AVE N, S/O N 38TH ST; N FLOW; CHNB; 09Apr2026 13:15",2026-04-09,2026-04-16,True
351260,1240,00035,N,1ST AVE W,"1ST AVE W, N/O W THOMAS ST; N FLOW; CHNB; 14May2026 11:45",2026-05-14,2026-05-21,True
351121,18346,14430,W,NW 46TH ST,"NW 46TH ST, E/O 11TH AVE NW; W FLOW; CHWB; 09Apr2026 14:15",2026-04-09,2026-04-16,True
351172,17251,13465,dir_11,NE 65TH ST,"NE 65TH ST, W/O 4TH AVE NE; TOTAL FLOW; CHAGG; 10Apr2026 11:30",2026-04-10,2026-04-17,True
351269,20811,16545,dir_11,S MCCLELLAN ST,"S MCCLELLAN ST, E/O 25TH AVE S; TOTAL FLOW; CHAGG; 05Jun2026 14:15",2026-06-05,2026-06-12,True
351183,16938,13320,W,NE 50TH ST,"NE 50TH ST, E/O 17TH NB AVE NE; W FLOW; CHWB; 14Apr2026 12:30",2026-04-14,2026-04-21,True
351159,4807,02265,dir_11,31ST AVE NE,"31ST AVE NE, N/O NE 123RD ST; TOTAL FLOW; CHAGG; 10Aug2026 14:45",2026-08-10,2026-08-17,True
351144,830984,06556,dir_11,ELLIOTT WAY,"ELLIOTT WAY, NW/O LENORA ST; TOTAL FLOW; CHTOT; 12Aug2026 00:00",2026-08-12,2026-08-19,True
351209,13387,10300,dir_11,WALLINGFORD AVE N,"WALLINGFORD AVE N, N/O N 80TH ST; TOTAL FLOW; CHAGG; 16Apr2026 11:45",2026-04-16,2026-04-23,True
351171,1412,00230,N,11TH AVE NE,"11TH AVE NE, N/O NE 52ND ST; N FLOW; CHNB; 10Apr2026 12:00",2026-04-10,2026-04-17,True
351247,11516,08293,N,M L KING JR WAY S,"M L KING JR WAY S, S/O S WALKER ST; N FLOW; CHNB; 13May2026 12:30",2026-05-13,2026-05-20,True
351102,274363,14540,W,NW 54TH ST,"NW 54TH ST, W/O 30TH WR AVE NW; W FLOW; CHWB; 08Apr2026 12:00",2026-04-08,2026-04-15,True
351259,4541,02110,N,3RD AVE W,"3RD AVE W, N/O W THOMAS ST; N FLOW; CHNB; 14May2026 11:30",2026-05-14,2026-05-21,True
351194,18222,14205,E,NW 125TH ST,"NW 125TH ST, W/O 3RD AVE NW; E FLOW; CHEB; 15Apr2026 12:15",2026-04-15,2026-04-22,True
351191,18126,14055,W,NW 100TH ST,"NW 100TH ST, E/O 14TH AVE NW; W FLOW; CHWB; 15Apr2026 12:00",2026-04-15,2026-04-22,True
351165,15707,12280,E,N 56TH ST,"N 56TH ST, W/O 1ST AVE NE; E FLOW; CHEB; 10Apr2026 11:15",2026-04-10,2026-04-17,True
351093,4974,02385,N,32ND AVE NW,"32ND AVE NW, S/O NW MARKET ST; N FLOW; CHNB; 08Apr2026 11:45",2026-04-08,2026-04-15,True
351155,4126,01910,dir_11,28TH AVE NE,"28TH AVE NE, N/O NE 125TH ST; TOTAL FLOW; CHAGG; 10Aug2026 14:30",2026-08-10,2026-08-17,True
351261,1240,00035,S,1ST AVE W,"1ST AVE W, N/O W THOMAS ST; S FLOW; CHSB; 14May2026 11:45",2026-05-14,2026-05-21,True
351110,15294,11980,E,N 34TH ST,"N 34TH ST, W/O WALLINGFORD AVE N; E FLOW; CHEB; 09Apr2026 12:45",2026-04-09,2026-04-16,True
351255,23425,18690,E,W HARRISON ST,"W HARRISON ST, W/O 3RD AVE W; E FLOW; CHEB; 14May2026 11:15",2026-05-14,2026-05-21,True
351184,16938,13320,dir_11,NE 50TH ST,"NE 50TH ST, E/O 17TH NB AVE NE; TOTAL FLOW; CHAGG; 14Apr2026 12:30",2026-04-14,2026-04-21,True
351268,20811,16545,W,S MCCLELLAN ST,"S MCCLELLAN ST, E/O 25TH AVE S; W FLOW; CHWB; 27May2026 13:15",2026-05-27,2026-06-03,True
351114,1209,00030,dir_11,1ST AVE S,"1ST AVE S, N/O S HANFORD ST; TOTAL FLOW; CHAGG; 07Jul2026 11:00",2026-07-07,2026-07-14,True
351212,1094,00020,S,1ST AVE NE,"1ST AVE NE, N/O NE 100TH ST; S FLOW; CHSB; 16Apr2026 12:00",2026-04-16,2026-04-23,True
351161,11300,08115,N,LATONA AVE NE,"LATONA AVE NE, N/O NE 53RD ST; N FLOW; CHNB; 10Apr2026 11:00",2026-04-10,2026-04-17,True
351154,4126,01910,S,28TH AVE NE,"28TH AVE NE, N/O NE 125TH ST; S FLOW; CHSB; 10Aug2026 14:30",2026-08-10,2026-08-17,True
351101,274363,14540,E,NW 54TH ST,"NW 54TH ST, W/O 30TH WR AVE NW; E FLOW; CHEB; 08Apr2026 12:00",2026-04-08,2026-04-15,True
351271,13078,10015,N,TAYLOR AVE N,"TAYLOR AVE N, N/O ROY ST; N FLOW; CHNB; 16Apr2026 15:00",2026-04-16,2026-04-23,True
351113,1209,00030,S,1ST AVE S,"1ST AVE S, N/O S HANFORD ST; S FLOW; CHSB; 06Aug2026 13:15",2026-08-06,2026-08-13,True
351211,1094,00020,N,1ST AVE NE,"1ST AVE NE, N/O NE 100TH ST; N FLOW; CHNB; 16Apr2026 12:00",2026-04-16,2026-04-23,True
351187,2123,00560,S,15TH AVE NW,"15TH AVE NW, S/O NW 92ND ST; S FLOW; CHSB; 15Apr2026 11:45",2026-04-15,2026-04-22,True
351262,1240,00035,dir_11,1ST AVE W,"1ST AVE W, N/O W THOMAS ST; TOTAL FLOW; CHAGG; 14May2026 11:45",2026-05-14,2026-05-21,True
351166,15707,12280,W,N 56TH ST,"N 56TH ST, W/O 1ST AVE NE; W FLOW; CHWB; 10Apr2026 11:15",2026-04-10,2026-04-17,True
351135,15287,11980,W,N 34TH ST,"N 34TH ST, E/O TROLL AVE N; W FLOW; CHWB; 09Apr2026 13:00",2026-04-09,2026-04-16,True
351178,2962,01055,N,20TH AVE NE,"20TH AVE NE, N/O NE 50TH ST; N FLOW; CHNB; 14Apr2026 12:15",2026-04-14,2026-04-21,True
351116,10819,07160,NW,HARBOR AVE SW,"HARBOR AVE SW, S/O FAUNTLEROY AVE SW; NW FLOW; CHNWB; 11Aug2026 13:00",2026-08-11,2026-08-18,True
351234,14723,11520,W,E ROANOKE ST,"E ROANOKE ST, E/O EASTLAKE AVE E; W FLOW; CHWB; 05Aug2026 13:15",2026-08-05,2026-08-12,True
351106,19237,15130,W,NW MARKET ST,"NW MARKET ST, W/O 26TH AVE NW; W FLOW; CHWB; 08Apr2026 12:30",2026-04-08,2026-04-15,True
351150,2860,00970,S,2ND AVE NW,"2ND AVE NW, N/O NW 117TH ST; S FLOW; CHSB; 10Aug2026 15:45",2026-08-10,2026-08-17,True
351174,9485,05765,N,BROOKLYN AVE NE,"BROOKLYN AVE NE, N/O NE 52ND ST; N FLOW; CHNB; 10Apr2026 12:15",2026-04-10,2026-04-17,True
351208,13387,10300,S,WALLINGFORD AVE N,"WALLINGFORD AVE N, N/O N 80TH ST; S FLOW; CHSB; 16Apr2026 11:45",2026-04-16,2026-04-23,True
351149,2860,00970,N,2ND AVE NW,"2ND AVE NW, N/O NW 117TH ST; N FLOW; CHNB; 10Aug2026 15:45",2026-08-10,2026-08-17,True
351265,618031,01245,S,22ND AVE NE,"22ND AVE NE, N/O NE 52ND ST; S FLOW; CHSB; 15May2026 11:45",2026-05-15,2026-05-22,True
351248,11516,08293,S,M L KING JR WAY S,"M L KING JR WAY S, S/O S WALKER ST; S FLOW; CHSB; 13May2026 12:30",2026-05-13,2026-05-20,True
351180,2962,01055,dir_11,20TH AVE NE,"20TH AVE NE, N/O NE 50TH ST; TOTAL FLOW; CHAGG; 14Apr2026 12:15",2026-04-14,2026-04-21,True
351170,17251,13465,W,NE 65TH ST,"NE 65TH ST, W/O 4TH AVE NE; W FLOW; CHWB; 10Apr2026 11:30",2026-04-10,2026-04-17,True
351253,19700,15620,dir_11,S COLUMBIAN WAY,"S COLUMBIAN WAY, E/O BEACON ER AVE S; TOTAL FLOW; CHAGG; 14May2026 14:00",2026-05-14,2026-05-21,True
351140,10487,06870,dir_11,FREMONT AVE N,"FREMONT AVE N, S/O N 38TH ST; TOTAL FLOW; CHAGG; 09Apr2026 13:15",2026-04-09,2026-04-16,True
351228,15769,12315,SE,N 63RD ST,"N 63RD ST, SE/O WOODLAND PL N; SE FLOW; CHSEB; 13May2026 13:15",2026-05-13,2026-05-20,True
351128,20697,16495,dir_11,S LUCILE ST,"S LUCILE ST, E/O 7TH AVE S; TOTAL FLOW; CHAGG; 09Apr2026 12:30",2026-04-09,2026-04-16,True
351147,6834,03630,dir_11,45TH AVE S,"45TH AVE S, N/O S TRENTON ST; TOTAL FLOW; CHAGG; 10Aug2026 18:45",2026-08-10,2026-08-17,True
351201,18220,14205,dir_11,NW 125TH ST,"NW 125TH ST, W/O 1ST AVE NW; TOTAL FLOW; CHAGG; 15Apr2026 12:30",2026-04-15,2026-04-22,True
351098,19240,15130,W,NW MARKET ST,"NW MARKET ST, E/O 32ND AVE NW; W FLOW; CHWB; 08Apr2026 11:45",2026-04-08,2026-04-15,True
351203,7320,03895,N,5TH AVE NE,"5TH AVE NE, N/O NE 85TH ST; N FLOW; CHNB; 16Apr2026 11:30",2026-04-16,2026-04-23,True
351176,9485,05765,dir_11,BROOKLYN AVE NE,"BROOKLYN AVE NE, N/O NE 52ND ST; TOTAL FLOW; CHAGG; 10Apr2026 12:15",2026-04-10,2026-04-17,True
351192,18126,14055,dir_11,NW 100TH ST,"NW 100TH ST, E/O 14TH AVE NW; TOTAL FLOW; CHAGG; 15Apr2026 12:00",2026-04-15,2026-04-22,True
351157,4807,02265,N,31ST AVE NE,"31ST AVE NE, N/O NE 123RD ST; N FLOW; CHNB; 10Aug2026 14:45",2026-08-10,2026-08-17,True
351142,13330,10258,dir_11,WEST SEATTLE BR EB,"WEST SEATTLE BR EB, E/O DELRIDGE-W SEATTLE BR EB ON RP; TOTAL FLOW; CHTOTAL; 12Aug2026 00:00",2026-08-12,2026-08-19,True
351188,2123,00560,dir_11,15TH AVE NW,"15TH AVE NW, S/O NW 92ND ST; TOTAL FLOW; CHAGG; 15Apr2026 11:45",2026-04-15,2026-04-22,True
351132,18029,13940,dir_11,NE NORTHLAKE WAY,"NE NORTHLAKE WAY, SW/O 2ND AVE NE; TOTAL FLOW; CHAGG; 09Apr2026 12:30",2026-04-09,2026-04-16,True
351219,504367,12795,E,NE 103RD ST,"NE 103RD ST, E/O 3RD AVE NE; E FLOW; CHEB; 16Apr2026 12:45",2026-04-16,2026-04-23,True
351153,4126,01910,N,28TH AVE NE,"28TH AVE NE, N/O NE 125TH ST; N FLOW; CHNB; 10Aug2026 14:30",2026-08-10,2026-08-17,True
351130,18029,13940,NE,NE NORTHLAKE WAY,"NE NORTHLAKE WAY, SW/O 2ND AVE NE; NE FLOW; CHNEB; 09Apr2026 12:30",2026-04-09,2026-04-16,True
351216,16146,12770,W,NE 100TH ST,"NE 100TH ST, E/O 3RD AVE NE; W FLOW; CHWB; 16Apr2026 12:15",2026-04-16,2026-04-23,True
351224,15890,12455,W,N 80TH ST,"N 80TH ST, W/O GREENWOOD AVE N; W FLOW; CHWB; 13May2026 12:30",2026-05-13,2026-05-20,True
351243,20816,16545,E,S MCCLELLAN ST,"S MCCLELLAN ST, E/O 30TH AVE S; E FLOW; CHEB; 13May2026 13:15",2026-05-13,2026-05-20,True
351217,16146,12770,dir_11,NE 100TH ST,"NE 100TH ST, E/O 3RD AVE NE; TOTAL FLOW; CHAGG; 16Apr2026 12:15",2026-04-16,2026-04-23,True
351134,15287,11980,E,N 34TH ST,"N 34TH ST, E/O TROLL AVE N; E FLOW; CHEB; 09Apr2026 13:00",2026-04-09,2026-04-16,True
351227,15769,12315,NW,N 63RD ST,"N 63RD ST, SE/O WOODLAND PL N; NW FLOW; CHNWB; 13May2026 13:15",2026-05-13,2026-05-20,True
351205,7320,03895,dir_11,5TH AVE NE,"5TH AVE NE, N/O NE 85TH ST; TOTAL FLOW; CHAGG; 16Apr2026 11:30",2026-04-16,2026-04-23,True
351229,15769,12315,dir_11,N 63RD ST,"N 63RD ST, SE/O WOODLAND PL N; TOTAL FLOW; CHAGG; 13May2026 13:15",2026-05-13,2026-05-20,True
351099,19240,15130,dir_11,NW MARKET ST,"NW MARKET ST, E/O 32ND AVE NW; TOTAL FLOW; CHAGG; 08Apr2026 11:45",2026-04-08,2026-04-15,True
351107,19237,15130,dir_11,NW MARKET ST,"NW MARKET ST, W/O 26TH AVE NW; TOTAL FLOW; CHAGG; 08Apr2026 12:30",2026-04-08,2026-04-15,True
351146,6834,03630,S,45TH AVE S,"45TH AVE S, N/O S TRENTON ST; S FLOW; CHSB; 10Aug2026 18:45",2026-08-10,2026-08-17,True
351143,4382,02080,dir_11,3RD AVE,"3RD AVE, SE/O UNION ST; TOTAL FLOW; CHTOTAL; 12Aug2026 00:00",2026-08-12,2026-08-19,True
351145,6834,03630,N,45TH AVE S,"45TH AVE S, N/O S TRENTON ST; N FLOW; CHNB; 10Aug2026 18:45",2026-08-10,2026-08-17,True
351109,15294,11980,W,N 34TH ST,"N 34TH ST, W/O WALLINGFORD AVE N; W FLOW; CHWB; 09Apr2026 12:45",2026-04-09,2026-04-16,True
351215,16146,12770,E,NE 100TH ST,"NE 100TH ST, E/O 3RD AVE NE; E FLOW; CHEB; 16Apr2026 12:15",2026-04-16,2026-04-23,True
351233,14723,11520,E,E ROANOKE ST,"E ROANOKE ST, E/O EASTLAKE AVE E; E FLOW; CHEB; 05Aug2026 13:15",2026-08-05,2026-08-12,True
351151,2860,00970,dir_11,2ND AVE NW,"2ND AVE NW, N/O NW 117TH ST; TOTAL FLOW; CHAGG; 10Aug2026 15:45",2026-08-10,2026-08-17,True
351221,504367,12795,dir_11,NE 103RD ST,"NE 103RD ST, E/O 3RD AVE NE; TOTAL FLOW; CHAGG; 16Apr2026 12:45",2026-04-16,2026-04-23,True
351094,4974,02385,S,32ND AVE NW,"32ND AVE NW, S/O NW MARKET ST; S FLOW; CHSB; 08Apr2026 11:45",2026-04-08,2026-04-15,True
351122,9200,05425,SW,BELL ST,"BELL ST, SW/O 4TH AVE; SW FLOW; CHSWB; 11Aug2026 13:45",2026-08-11,2026-08-18,True
351090,703483,09595,SE,SEAVIEW AVE NW,"SEAVIEW AVE NW, SE/O 38TH AVE NW; SE FLOW; CHSEB; 08Apr2026 11:30",2026-04-08,2026-04-15,True
351266,618031,01245,dir_11,22ND AVE NE,"22ND AVE NE, N/O NE 52ND ST; TOTAL FLOW; CHAGG; 15May2026 11:45",2026-05-15,2026-05-22,True
351272,13078,10015,S,TAYLOR AVE N,"TAYLOR AVE N, N/O ROY ST; S FLOW; CHSB; 16Apr2026 15:00",2026-04-16,2026-04-23,True
351163,11300,08115,dir_11,LATONA AVE NE,"LATONA AVE NE, N/O NE 53RD ST; TOTAL FLOW; CHAGG; 10Apr2026 11:00",2026-04-10,2026-04-17,True
351139,10487,06870,S,FREMONT AVE N,"FREMONT AVE N, S/O N 38TH ST; S FLOW; CHSB; 09Apr2026 13:15",2026-04-09,2026-04-16,True
351207,13387,10300,N,WALLINGFORD AVE N,"WALLINGFORD AVE N, N/O N 80TH ST; N FLOW; CHNB; 16Apr2026 11:45",2026-04-16,2026-04-23,True
351244,20816,16545,W,S MCCLELLAN ST,"S MCCLELLAN ST, E/O 30TH AVE S; W FLOW; CHWB; 13May2026 13:30",2026-05-13,2026-05-20,True
351232,23400,18660,NW,WEST GREEN LAKE WAY N,"WEST GREEN LAKE WAY N, NW/O N 63RD ST; NW FLOW; CHNWB; 13May2026 14:00",2026-05-13,2026-05-20,True
351105,19237,15130,E,NW MARKET ST,"NW MARKET ST, W/O 26TH AVE NW; E FLOW; CHEB; 08Apr2026 12:30",2026-04-08,2026-04-15,True
351204,7320,03895,S,5TH AVE NE,"5TH AVE NE, N/O NE 85TH ST; S FLOW; CHSB; 16Apr2026 11:30",2026-04-16,2026-04-23,True
351256,23425,18690,W,W HARRISON ST,"W HARRISON ST, W/O 3RD AVE W; W FLOW; CHWB; 14May2026 11:15",2026-05-14,2026-05-21,True
351111,15294,11980,dir_11,N 34TH ST,"N 34TH ST, W/O WALLINGFORD AVE N; TOTAL FLOW; CHAGG; 09Apr2026 12:45",2026-04-09,2026-04-16,True
351252,19700,15620,W,S COLUMBIAN WAY,"S COLUMBIAN WAY, E/O BEACON ER AVE S; W FLOW; CHWB; 14May2026 13:45",2026-05-14,2026-05-21,True
351169,17251,13465,E,NE 65TH ST,"NE 65TH ST, W/O 4TH AVE NE; E FLOW; CHEB; 10Apr2026 11:30",2026-04-10,2026-04-17,True
351167,15707,12280,dir_11,N 56TH ST,"N 56TH ST, W/O 1ST AVE NE; TOTAL FLOW; CHAGG; 10Apr2026 11:15",2026-04-10,2026-04-17,True
351186,2123,00560,N,15TH AVE NW,"15TH AVE NW, S/O NW 92ND ST; N FLOW; CHNB; 15Apr2026 11:45",2026-04-15,2026-04-22,True
351091,703483,09595,dir_11,SEAVIEW AVE NW,"SEAVIEW AVE NW, SE/O 38TH AVE NW; TOTAL FLOW; CHAGG; 08Apr2026 11:30",2026-04-08,2026-04-15,True
351118,10819,07160,dir_11,HARBOR AVE SW,"HARBOR AVE SW, S/O FAUNTLEROY AVE SW; TOTAL FLOW; CHAGG; 11Aug2026 13:00",2026-08-11,2026-08-18,True
351220,504367,12795,W,NE 103RD ST,"NE 103RD ST, E/O 3RD AVE NE; W FLOW; CHWB; 16Apr2026 12:45",2026-04-16,2026-04-23,True
351175,9485,05765,S,BROOKLYN AVE NE,"BROOKLYN AVE NE, N/O NE 52ND ST; S FLOW; CHSB; 10Apr2026 12:15",2026-04-10,2026-04-17,True
351190,18126,14055,E,NW 100TH ST,"NW 100TH ST, E/O 14TH AVE NW; E FLOW; CHEB; 15Apr2026 12:00",2026-04-15,2026-04-22,True
351095,4974,02385,dir_11,32ND AVE NW,"32ND AVE NW, S/O NW MARKET ST; TOTAL FLOW; CHAGG; 08Apr2026 11:45",2026-04-08,2026-04-15,True
351123,18346,14430,dir_11,NW 46TH ST,"NW 46TH ST, E/O 11TH AVE NW; TOTAL FLOW; CHAGG; 09Apr2026 14:15",2026-04-09,2026-04-16,True
351120,18346,14430,E,NW 46TH ST,"NW 46TH ST, E/O 11TH AVE NW; E FLOW; CHEB; 09Apr2026 14:15",2026-04-09,2026-04-16,True
