source_element_key,blockface,side,capacity,area,subarea,category,time_limit_min,lat,lng
1229,10TH AVE BETWEEN E MADISON ST AND E SENECA ST,W,6,Pike-Pine,,Paid Parking,120,47.61196395,-122.31945954
1230,10TH AVE BETWEEN E MADISON ST AND E SENECA ST,E,3,Pike-Pine,,Paid Parking,120,47.6120071,-122.31924265
1233,10TH AVE BETWEEN E PIKE ST AND E PINE ST,W,6,Pike-Pine,,Paid Parking,120,47.61468219,-122.31955777
1234,10TH AVE BETWEEN E PIKE ST AND E PINE ST,E,16,Pike-Pine,,Paid Parking,120,47.614681,-122.31934691
69089,10TH AVE BETWEEN E SENECA ST AND E UNION ST,W,8,Pike-Pine,,Paid Parking,240,47.6125547,-122.31950293
69090,10TH AVE BETWEEN E SENECA ST AND E UNION ST,E,6,Pike-Pine,,Paid Parking,120,47.61255196,-122.31929557
69093,10TH AVE BETWEEN E UNION ST AND E PIKE ST,W,7,Pike-Pine,,Paid Parking,120,47.61351753,-122.31955025
69094,10TH AVE BETWEEN E UNION ST AND E PIKE ST,E,5,Pike-Pine,,Paid Parking,120,47.61349811,-122.31932705
24417,11TH AVE BETWEEN E HOWELL ST AND E DENNY WAY,W,28,Capitol Hill,South,Paid Parking,240,47.61813722,-122.31831508
69277,11TH AVE BETWEEN E MADISON ST AND E UNION ST,W,3,Pike-Pine,,Paid Parking,120,47.61259197,-122.31820872
69278,11TH AVE BETWEEN E MADISON ST AND E UNION ST,E,7,Pike-Pine,,Paid Parking,120,47.6126063,-122.31800476
24413,11TH AVE BETWEEN E OLIVE ST AND E HOWELL ST,W,29,Capitol Hill,South,Paid Parking,240,47.61696889,-122.31829651
24405,11TH AVE BETWEEN E PIKE ST AND E PINE ST,W,12,Pike-Pine,,Paid Parking,120,47.61468863,-122.31826395
24406,11TH AVE BETWEEN E PIKE ST AND E PINE ST,E,8,Pike-Pine,,Paid Parking,120,47.6146888,-122.31805311
24409,11TH AVE BETWEEN E PINE ST AND E OLIVE ST,W,23,Capitol Hill,South,Paid Parking,240,47.61587315,-122.31827889
24410,11TH AVE BETWEEN E PINE ST AND E OLIVE ST,E,5,Capitol Hill,South,Paid Parking,240,47.61586246,-122.31805976
69281,11TH AVE BETWEEN E UNION ST AND E PIKE ST,W,2,Pike-Pine,,Paid Parking,120,47.61350928,-122.31824513
69282,11TH AVE BETWEEN E UNION ST AND E PIKE ST,E,3,Pike-Pine,,Paid Parking,120,47.6135165,-122.31800603
24441,11TH AVE NE BETWEEN DEAD END 1 AND NE 41ST ST,W,5,University District,Edge,Paid Parking,240,47.65661606,-122.31677664
24442,11TH AVE NE BETWEEN DEAD END 1 AND NE 41ST ST,E,3,University District,Edge,Paid Parking,240,47.65659997,-122.31662703
69301,11TH AVE NE BETWEEN EASTLAKE AVE NE AND NE 42ND ST,W,4,University District,Edge,Paid Parking,240,47.65791624,-122.31674636
69302,11TH AVE NE BETWEEN EASTLAKE AVE NE AND NE 42ND ST,E,9,University District,Edge,Paid Parking,240,47.65791463,-122.31658407
24445,11TH AVE NE BETWEEN NE 42ND ST AND NE 43RD ST,W,21,University District,Edge,Paid Parking,240,47.65909598,-122.31672966
24446,11TH AVE NE BETWEEN NE 42ND ST AND NE 43RD ST,E,10,University District,Edge,Paid Parking,240,47.6590939,-122.3165552
69305,11TH AVE NE BETWEEN NE 45TH ST AND NE 47TH ST,W,17,University District,Edge,Paid Parking,240,47.66220585,-122.31659916
1433,11TH AVE NE BETWEEN NE 47TH ST AND NE 50TH ST,W,15,University District,Edge,Paid Parking,240,47.66400789,-122.31642786
46729,12TH AVE BETWEEN E BARCLAY CT AND E JAMES CT,W,7,12th Avenue,,Paid Parking,120,47.6071051,-122.31688559
46730,12TH AVE BETWEEN E BARCLAY CT AND E JAMES CT,E,3,12th Avenue,,Paid Parking,120,47.60713644,-122.31667478
24553,12TH AVE BETWEEN E CHERRY ST AND E COLUMBIA ST,W,7,12th Avenue,,Paid Parking,120,47.60865499,-122.31688535
24554,12TH AVE BETWEEN E CHERRY ST AND E COLUMBIA ST,E,5,12th Avenue,,Paid Parking,120,47.60863312,-122.31667454
1577,12TH AVE BETWEEN E COLUMBIA ST AND E MARION ST,W,8,12th Avenue,,Paid Parking,120,47.6098122,-122.31688507
1578,12TH AVE BETWEEN E COLUMBIA ST AND E MARION ST,E,6,12th Avenue,,Paid Parking,120,47.60982856,-122.31667425
69437,12TH AVE BETWEEN E JAMES CT AND E CHERRY ST,W,3,12th Avenue,,Paid Parking,120,47.60770872,-122.3168854
46725,12TH AVE BETWEEN E JEFFERSON ST AND E BARCLAY CT,W,5,12th Avenue,,Paid Parking,120,47.60654082,-122.31688577
46726,12TH AVE BETWEEN E JEFFERSON ST AND E BARCLAY CT,E,1,12th Avenue,,Paid Parking,120,47.60653807,-122.31667498
69445,12TH AVE BETWEEN E MADISON ST AND E PIKE ST,W,6,Pike-Pine,,Paid Parking,120,47.61351462,-122.31698919
69446,12TH AVE BETWEEN E MADISON ST AND E PIKE ST,E,10,Pike-Pine,,Paid Parking,120,47.61351144,-122.31671684
24557,12TH AVE BETWEEN E MARION ST AND E SPRING ST,W,11,12th Avenue,,Paid Parking,120,47.61099118,-122.31692101
24558,12TH AVE BETWEEN E MARION ST AND E SPRING ST,E,5,12th Avenue,,Paid Parking,120,47.61099386,-122.31666155
24570,12TH AVE BETWEEN E PIKE ST AND E PINE ST,E,9,Pike-Pine,,Paid Parking,120,47.6146861,-122.31672341
1589,12TH AVE BETWEEN E PINE ST AND E OLIVE ST,W,10,Capitol Hill,South,Paid Parking,120,47.61587879,-122.31696537
1590,12TH AVE BETWEEN E PINE ST AND E OLIVE ST,E,9,Capitol Hill,South,Paid Parking,120,47.61586659,-122.31676244
69441,12TH AVE BETWEEN E SPRING ST AND E MADISON ST,W,3,12th Avenue,,Paid Parking,120,47.61219679,-122.31690313
69442,12TH AVE BETWEEN E SPRING ST AND E MADISON ST,E,4,12th Avenue,,Paid Parking,120,47.61222319,-122.31666702
24585,12TH AVE NE BETWEEN NE 41ST ST AND NE 42ND ST,W,17,University District,Core,Paid Parking,120,47.65760159,-122.31559203
46761,12TH AVE NE BETWEEN NE 42ND ST AND NE 43RD ST,W,15,University District,Core,Paid Parking,120,47.65908193,-122.31555312
1601,12TH AVE NE BETWEEN NE 43RD ST AND NE 45TH ST,W,8,University District,Core,Paid Parking,120,47.66058075,-122.31554617
46765,12TH AVE NE BETWEEN NE 45TH ST AND NE 47TH ST,W,6,University District,Core,Paid Parking,120,47.66222556,-122.31547518
46766,12TH AVE NE BETWEEN NE 45TH ST AND NE 47TH ST,E,16,University District,Core,Paid Parking,120,47.66222563,-122.31525714
69489,12TH AVE NE BETWEEN NE 47TH ST AND NE 50TH ST,W,21,University District,Core,Paid Parking,120,47.66401355,-122.31535216
1617,12TH AVE NE BETWEEN NE 64TH ST AND NE 65TH ST,W,6,Roosevelt,,Paid Parking,240,47.67537128,-122.31575129
69485,12TH AVE NE BETWEEN NE CAMPUS WB PY AND NE 41ST ST,W,6,University District,Core,Paid Parking,120,47.65655643,-122.31563166
46917,13TH AVE BETWEEN E MADISON ST AND E PIKE ST,W,4,Pike-Pine,,Paid Parking,120,47.61373142,-122.31562933
1821,13TH AVE BETWEEN E PIKE ST AND E PINE ST,W,9,Pike-Pine,,Paid Parking,120,47.6147267,-122.31559256
24833,14TH AVE BETWEEN E PIKE ST AND E PINE ST,W,8,Pike-Pine,,Paid Parking,120,47.61470687,-122.31432653
24834,14TH AVE BETWEEN E PIKE ST AND E PINE ST,E,9,Pike-Pine,,Paid Parking,120,47.61468753,-122.31416404
24829,14TH AVE BETWEEN E UNION ST AND E MADISON ST,W,2,Pike-Pine,,Paid Parking,120,47.61341953,-122.31431635
24830,14TH AVE BETWEEN E UNION ST AND E MADISON ST,E,5,Pike-Pine,,Paid Parking,120,47.6133792,-122.31412348
24865,14TH AVE NW BETWEEN NW 46TH ST AND NW BALLARD WAY,W,4,Ballard Blocks,,Paid Parking,120,47.66256564,-122.37374114
2053,15TH AVE BETWEEN E MADISON ST AND E PINE ST,W,6,Pike-Pine,,Paid Parking,120,47.61489193,-122.31286211
2054,15TH AVE BETWEEN E MADISON ST AND E PINE ST,E,14,Pike-Pine,,Paid Parking,120,47.61494753,-122.31269957
47201,15TH AVE E BETWEEN E DENNY WAY AND E JOHN SR ST,W,7,15th Avenue E,,Paid Parking,120,47.61909144,-122.31281349
47202,15TH AVE E BETWEEN E DENNY WAY AND E JOHN SR ST,E,7,15th Avenue E,,Paid Parking,120,47.61909022,-122.31265942
69929,15TH AVE E BETWEEN E HARRISON N ST AND E REPUBLICAN S ST,W,5,15th Avenue E,,Paid Parking,120,47.62259431,-122.31271763
69930,15TH AVE E BETWEEN E HARRISON N ST AND E REPUBLICAN S ST,E,7,15th Avenue E,,Paid Parking,120,47.6225935,-122.31255544
2065,15TH AVE E BETWEEN E REPUBLICAN N ST AND E MERCER S ST,W,9,15th Avenue E,,Paid Parking,120,47.62375584,-122.31270834
2066,15TH AVE E BETWEEN E REPUBLICAN N ST AND E MERCER S ST,E,9,15th Avenue E,,Paid Parking,120,47.6237546,-122.31254614
69925,15TH AVE E BETWEEN E THOMAS N ST AND E HARRISON S ST,W,4,15th Avenue E,,Paid Parking,120,47.62154038,-122.31273901
69926,15TH AVE E BETWEEN E THOMAS N ST AND E HARRISON S ST,E,3,15th Avenue E,,Paid Parking,120,47.62153796,-122.3125809
2061,15TH AVE E BETWEEN E THOMAS S ST AND E THOMAS N ST,W,2,15th Avenue E,,Paid Parking,120,47.6208199,-122.31277305
2062,15TH AVE E BETWEEN E THOMAS S ST AND E THOMAS N ST,E,1,15th Avenue E,,Paid Parking,30,47.62081535,-122.31261911
2085,15TH AVE NE BETWEEN NE 42ND ST AND NE 43RD ST,W,5,University District,Core,Paid Parking,120,47.65902135,-122.31210101
47225,15TH AVE NE BETWEEN NE 43RD ST AND NE 45TH ST,W,6,University District,Core,Paid Parking,120,47.66050168,-122.31206204
25041,15TH AVE NE BETWEEN NE 45TH ST AND NE 47TH ST,W,8,University District,Edge,Paid Parking,240,47.66219251,-122.31206037
25042,15TH AVE NE BETWEEN NE 45TH ST AND NE 47TH ST,E,16,University District,Edge,Paid Parking,240,47.66219373,-122.3118412
2089,15TH AVE NE BETWEEN NE 47TH ST AND NE 50TH ST,W,17,University District,Edge,Paid Parking,240,47.66398607,-122.31203276
2090,15TH AVE NE BETWEEN NE 47TH ST AND NE 50TH ST,E,23,University District,Edge,Paid Parking,240,47.66397536,-122.31187465
47213,15TH AVE NE BETWEEN NE BOAT W ST AND NE PACIFIC ST,NW,9,University District,Core,Paid Parking,120,47.65233251,-122.31333738
70185,16TH AVE E BETWEEN E DENNY WAY AND E JOHN ST,W,5,15th Avenue E,,Paid Parking,120,47.61909629,-122.31147313
25201,16TH AVE E BETWEEN E JOHN ST AND E THOMAS ST,W,7,15th Avenue E,,Paid Parking,120,47.62008696,-122.31144321
70501,18TH AVE BETWEEN E JEFFERSON ST AND E CHERRY ST,W,15,Cherry Hill,,Paid Parking,120,47.60711882,-122.30901722
1025,1ST AVE BETWEEN BATTERY ST AND WALL ST,SW,6,Belltown,North,Paid Parking,240,47.61437332,-122.34838555
1026,1ST AVE BETWEEN BATTERY ST AND WALL ST,NE,8,Belltown,North,Paid Parking,240,47.61449094,-122.34823341
24041,1ST AVE BETWEEN BELL ST AND BATTERY ST,SW,8,Belltown,North,Paid Parking,240,47.61370956,-122.34725736
24042,1ST AVE BETWEEN BELL ST AND BATTERY ST,NE,5,Belltown,North,Paid Parking,240,47.61382902,-122.34710829
24037,1ST AVE BETWEEN BLANCHARD ST AND BELL ST,SW,13,Belltown,South,Paid Parking,120,47.61293701,-122.34595688
24038,1ST AVE BETWEEN BLANCHARD ST AND BELL ST,NE,12,Belltown,South,Paid Parking,120,47.61306442,-122.34580282
1034,1ST AVE BETWEEN BROAD ST AND EAGLE ST,NE,7,Belltown,North,Paid Parking,240,47.61738742,-122.3531291
68921,1ST AVE BETWEEN CEDAR ST AND CLAY ST,SW,5,Belltown,North,Paid Parking,240,47.61603137,-122.35118314
68922,1ST AVE BETWEEN CEDAR ST AND CLAY ST,NE,5,Belltown,North,Paid Parking,240,47.61615106,-122.35102833
1001,1ST AVE BETWEEN CHERRY ST AND COLUMBIA ST,SW,3,Pioneer Square,Core,Paid Parking,120,47.6028728,-122.33469356
1002,1ST AVE BETWEEN CHERRY ST AND COLUMBIA ST,NE,8,Pioneer Square,Core,Paid Parking,120,47.60294861,-122.33451266
1029,1ST AVE BETWEEN CLAY ST AND BROAD ST,SW,7,Belltown,North,Paid Parking,240,47.61658464,-122.35213217
1030,1ST AVE BETWEEN CLAY ST AND BROAD ST,NE,6,Belltown,North,Paid Parking,240,47.61671091,-122.35196383
1005,1ST AVE BETWEEN COLUMBIA ST AND MARION ST,SW,3,Commercial Core,Waterfront,Paid Parking,120,47.60359724,-122.33535867
1006,1ST AVE BETWEEN COLUMBIA ST AND MARION ST,NE,6,Commercial Core,Waterfront,Paid Parking,120,47.60367439,-122.33514326
1021,1ST AVE BETWEEN LENORA ST AND BLANCHARD ST,SW,9,Belltown,South,Paid Parking,120,47.61217553,-122.34466292
1022,1ST AVE BETWEEN LENORA ST AND BLANCHARD ST,NE,9,Belltown,South,Paid Parking,120,47.61229498,-122.34451388
1009,1ST AVE BETWEEN MADISON ST AND SPRING ST,SW,5,Commercial Core,Waterfront,Paid Parking,30,47.60501765,-122.3366575
46250,1ST AVE BETWEEN PIKE ST AND PINE ST,NE,7,Commercial Core,Retail,Paid Parking,120,47.60935161,-122.3403749
68914,1ST AVE BETWEEN PINE ST AND STEWART ST,NE,3,Commercial Core,Retail,Paid Parking,120,47.61008545,-122.34104628
1013,1ST AVE BETWEEN SENECA ST AND UNIVERSITY ST,SW,4,Commercial Core,Retail,Paid Parking,120,47.60642352,-122.33798252
1014,1ST AVE BETWEEN SENECA ST AND UNIVERSITY ST,NE,10,Commercial Core,Retail,Paid Parking,120,47.60651938,-122.33778421
24033,1ST AVE BETWEEN SPRING ST AND SENECA ST,SW,6,Commercial Core,Waterfront,Paid Parking,120,47.60570774,-122.3372891
24034,1ST AVE BETWEEN SPRING ST AND SENECA ST,NE,8,Commercial Core,Waterfront,Paid Parking,120,47.60580256,-122.33712798
1017,1ST AVE BETWEEN STEWART ST AND VIRGINIA ST,SW,10,Belltown,South,Paid Parking,120,47.61063188,-122.34203467
1018,1ST AVE BETWEEN STEWART ST AND VIRGINIA ST,NE,9,Belltown,South,Paid Parking,120,47.61073498,-122.34188878
46245,1ST AVE BETWEEN UNION ST AND PIKE ST,SW,5,Commercial Core,Retail,Paid Parking,120,47.60827428,-122.33963732
68909,1ST AVE BETWEEN UNIVERSITY ST AND UNION ST,SW,8,Commercial Core,Retail,Paid Parking,120,47.60727586,-122.3387575
68910,1ST AVE BETWEEN UNIVERSITY ST AND UNION ST,NE,7,Commercial Core,Retail,Paid Parking,120,47.6073621,-122.33855515
68917,1ST AVE BETWEEN VINE ST AND CEDAR ST,SW,9,Belltown,North,Paid Parking,240,47.61547721,-122.35024612
68918,1ST AVE BETWEEN VINE ST AND CEDAR ST,NE,3,Belltown,North,Paid Parking,240,47.61559302,-122.35009091
46253,1ST AVE BETWEEN VIRGINIA ST AND LENORA ST,SW,7,Belltown,South,Paid Parking,120,47.61141083,-122.3433515
46254,1ST AVE BETWEEN VIRGINIA ST AND LENORA ST,NE,8,Belltown,South,Paid Parking,120,47.61152842,-122.34319932
24046,1ST AVE BETWEEN WALL ST AND VINE ST,NE,6,Belltown,North,Paid Parking,240,47.61504371,-122.34916205
24050,1ST AVE BETWEEN WARREN PL AND BAY ST,NE,7,Belltown,North,Paid Parking,240,47.61823252,-122.35456852
68905,1ST AVE BETWEEN YESLER WAY AND CHERRY ST,W,6,Pioneer Square,Core,Paid Parking,120,47.60214111,-122.33428227
68906,1ST AVE BETWEEN YESLER WAY AND CHERRY ST,E,10,Pioneer Square,Core,Paid Parking,120,47.60217871,-122.33407134
24058,1ST AVE N BETWEEN DENNY WAY AND JOHN ST,E,5,Uptown,,Paid Parking,240,47.61918751,-122.35536309
1041,1ST AVE N BETWEEN HARRISON ST AND REPUBLICAN ST,W,7,Uptown,,Paid Parking,240,47.62268904,-122.35550455
46258,1ST AVE N BETWEEN JOHN ST AND THOMAS ST,E,7,Uptown,,Paid Parking,240,47.6203434,-122.35535352
68929,1ST AVE N BETWEEN MERCER ST AND ROY ST,W,5,Uptown,,Paid Parking,120,47.62502233,-122.35546524
1045,1ST AVE N BETWEEN REPUBLICAN ST AND MERCER ST,W,9,Uptown,,Paid Parking,240,47.62391565,-122.35549857
1046,1ST AVE N BETWEEN REPUBLICAN ST AND MERCER ST,E,10,Uptown,,Paid Parking,120,47.62391223,-122.35531611
1037,1ST AVE N BETWEEN THOMAS ST AND HARRISON ST,W,12,Uptown,,Paid Parking,240,47.62151977,-122.35551415
1089,1ST AVE NE BETWEEN WOODLAWN S AVE NE AND EAST GREEN LAKE WAY N,W,4,Green Lake,,Paid Parking,120,47.67791251,-122.32836604
1090,1ST AVE NE BETWEEN WOODLAWN S AVE NE AND EAST GREEN LAKE WAY N,E,6,Green Lake,,Paid Parking,120,47.67790814,-122.32826069
69097,1ST AVE S BETWEEN S CHARLES ST AND S ROYAL BROUGHAM WAY,W,29,Pioneer Square,Edge,Paid Parking,120,47.59401654,-122.33435037
69098,1ST AVE S BETWEEN S CHARLES ST AND S ROYAL BROUGHAM WAY,E,18,Pioneer Square,Edge,Paid Parking,120,47.59407047,-122.33404633
1221,1ST AVE S BETWEEN S DEARBORN ST AND S CHARLES ST,W,8,Pioneer Square,Edge,Paid Parking,120,47.59605828,-122.33430865
1222,1ST AVE S BETWEEN S DEARBORN ST AND S CHARLES ST,E,5,Pioneer Square,Edge,Paid Parking,30,47.59609416,-122.33405747
69085,1ST AVE S BETWEEN S JACKSON ST AND S KING ST,W,9,Pioneer Square,Edge,Paid Parking,120,47.59874436,-122.33430723
69086,1ST AVE S BETWEEN S JACKSON ST AND S KING ST,E,5,Pioneer Square,Edge,Paid Parking,120,47.59873031,-122.3340681
46409,1ST AVE S BETWEEN S KING ST AND S DEARBORN ST,W,22,Pioneer Square,Edge,Paid Parking,120,47.59737065,-122.33432548
46410,1ST AVE S BETWEEN S KING ST AND S DEARBORN ST,E,17,Pioneer Square,Edge,Paid Parking,120,47.5973651,-122.33405798
69081,1ST AVE S BETWEEN S MAIN ST AND S JACKSON ST,W,7,Pioneer Square,Core,Paid Parking,120,47.5996247,-122.33428782
69082,1ST AVE S BETWEEN S MAIN ST AND S JACKSON ST,E,10,Pioneer Square,Core,Paid Parking,120,47.59962434,-122.33407705
1217,1ST AVE S BETWEEN S WASHINGTON ST AND S MAIN ST,W,8,Pioneer Square,Core,Paid Parking,120,47.60047073,-122.33428859
1218,1ST AVE S BETWEEN S WASHINGTON ST AND S MAIN ST,E,9,Pioneer Square,Core,Paid Parking,120,47.60046351,-122.33407785
1213,1ST AVE S BETWEEN YESLER WAY AND S WASHINGTON ST,W,8,Pioneer Square,Core,Paid Parking,120,47.60129336,-122.33428548
1214,1ST AVE S BETWEEN YESLER WAY AND S WASHINGTON ST,E,10,Pioneer Square,Core,Paid Parking,120,47.60129576,-122.3340747
69133,1ST AVE W BETWEEN WESTERN AVE W AND W JOHN ST,W,2,Uptown,,Paid Parking,240,47.61944097,-122.35812857
69134,1ST AVE W BETWEEN WESTERN AVE W AND W JOHN ST,E,4,Uptown,,Paid Parking,240,47.61940488,-122.35798291
46457,1ST AVE W BETWEEN W HARRISON ST AND W REPUBLICAN ST,W,8,Uptown,,Paid Parking,240,47.62270309,-122.35809952
46458,1ST AVE W BETWEEN W HARRISON ST AND W REPUBLICAN ST,E,5,Uptown,,Paid Parking,240,47.62269437,-122.3579536
24265,1ST AVE W BETWEEN W JOHN ST AND W THOMAS ST,W,10,Uptown,,Paid Parking,240,47.62037124,-122.35812152
24266,1ST AVE W BETWEEN W JOHN ST AND W THOMAS ST,E,9,Uptown,,Paid Parking,240,47.6203598,-122.3579594
1281,1ST AVE W BETWEEN W MERCER ST AND W ROY ST,W,4,Uptown,,Paid Parking,240,47.62515306,-122.35809341
24269,1ST AVE W BETWEEN W REPUBLICAN ST AND W MERCER ST,W,11,Uptown,,Restricted Parking Zone,120,47.62392506,-122.3580849
24270,1ST AVE W BETWEEN W REPUBLICAN ST AND W MERCER ST,E,14,Uptown,,Paid Parking,120,47.62391915,-122.35793895
1277,1ST AVE W BETWEEN W THOMAS ST AND W HARRISON ST,W,9,Uptown,,Paid Parking,240,47.62153011,-122.35811282
1278,1ST AVE W BETWEEN W THOMAS ST AND W HARRISON ST,E,11,Uptown,,Paid Parking,240,47.6214913,-122.35796715
3081,20TH AVE NW BETWEEN NW MARKET ST AND NW 56TH ST,W,3,Ballard,Edge,Paid Parking,240,47.66906278,-122.38222168
3082,20TH AVE NW BETWEEN NW MARKET ST AND NW 56TH ST,E,4,Ballard,Edge,Paid Parking,240,47.66907198,-122.38203494
48213,20TH AVE NW BETWEEN RUSSELL AVE NW AND NW MARKET ST,W,5,Ballard,Edge,Paid Parking,240,47.66837114,-122.38223594
48214,20TH AVE NW BETWEEN RUSSELL AVE NW AND NW MARKET ST,E,7,Ballard,Edge,Paid Parking,240,47.66825896,-122.38202505
48449,22ND AVE NW BETWEEN BALLARD AVE NW AND NW MARKET ST,W,7,Ballard,Core,Paid Parking,120,47.66819351,-122.38486732
48450,22ND AVE NW BETWEEN BALLARD AVE NW AND NW MARKET ST,E,9,Ballard,Core,Paid Parking,120,47.66817441,-122.38462377
71289,22ND AVE NW BETWEEN NW 56TH ST AND NW 57TH ST,W,7,Ballard,Edge,Paid Parking,240,47.66983639,-122.38484406
71290,22ND AVE NW BETWEEN NW 56TH ST AND NW 57TH ST,E,4,Ballard,Edge,Paid Parking,240,47.66983638,-122.38463706
3345,22ND AVE NW BETWEEN NW 57TH ST AND NW 58TH ST,W,5,Ballard,Edge,Paid Parking,240,47.67054627,-122.3847959
3341,22ND AVE NW BETWEEN NW MARKET ST AND NW 56TH ST,W,4,Ballard,Core,Paid Parking,120,47.66908694,-122.38484953
3342,22ND AVE NW BETWEEN NW MARKET ST AND NW 56TH ST,E,4,Ballard,Core,Paid Parking,120,47.66908384,-122.38463849
3337,22ND AVE NW BETWEEN SHILSHOLE AVE NW AND BALLARD AVE NW,W,7,Ballard,Edge,Paid Parking,240,47.66717275,-122.38482847
3338,22ND AVE NW BETWEEN SHILSHOLE AVE NW AND BALLARD AVE NW,E,9,Ballard,Edge,Paid Parking,240,47.66711637,-122.38465823
26497,24TH AVE NW BETWEEN NW 57TH ST AND NW 58TH ST,W,6,Ballard,Edge,Paid Parking,240,47.67055033,-122.38770911
26498,24TH AVE NW BETWEEN NW 57TH ST AND NW 58TH ST,E,4,Ballard,Edge,Paid Parking,240,47.67055034,-122.38746558
26501,24TH AVE NW BETWEEN NW 58TH ST AND NW 59TH ST,W,6,Ballard,Edge,Paid Parking,240,47.67127936,-122.38770907
26502,24TH AVE NW BETWEEN NW 58TH ST AND NW 59TH ST,E,4,Ballard,Edge,Paid Parking,240,47.67127934,-122.38746554
48774,24TH AVE NW BETWEEN NW 59TH ST AND NW 60TH ST,E,5,Ballard,Edge,Paid Parking,240,47.67200823,-122.38746542
70753,2ND AVE BETWEEN BATTERY ST AND WALL ST,SW,6,Belltown,North,Paid Parking,240,47.61501419,-122.34746087
70754,2ND AVE BETWEEN BATTERY ST AND WALL ST,NE,4,Belltown,North,Paid Parking,240,47.61511789,-122.34731598
25713,2ND AVE BETWEEN BELL ST AND BATTERY ST,SW,10,Belltown,North,Paid Parking,240,47.61433067,-122.34632708
25714,2ND AVE BETWEEN BELL ST AND BATTERY ST,NE,10,Belltown,North,Paid Parking,240,47.61445148,-122.34618661
25709,2ND AVE BETWEEN BLANCHARD ST AND BELL ST,SW,2,Belltown,South,Paid Parking,120,47.61356031,-122.34502716
25710,2ND AVE BETWEEN BLANCHARD ST AND BELL ST,NE,7,Belltown,South,Paid Parking,120,47.61369828,-122.34489711
2789,2ND AVE BETWEEN BROAD ST AND 2ND WR AVE,SW,7,Belltown,North,Paid Parking,240,47.61785729,-122.35232441
2790,2ND AVE BETWEEN BROAD ST AND 2ND WR AVE,NE,5,Belltown,North,Paid Parking,240,47.61798731,-122.35215625
2786,2ND AVE BETWEEN CEDAR ST AND CLAY ST,NE,6,Belltown,North,Paid Parking,240,47.61679414,-122.35013825
70757,2ND AVE BETWEEN CLAY ST AND BROAD ST,SW,4,Belltown,North,Paid Parking,240,47.61722754,-122.35122851
70758,2ND AVE BETWEEN CLAY ST AND BROAD ST,NE,3,Belltown,North,Paid Parking,240,47.61735533,-122.3510874
47961,2ND AVE BETWEEN COLUMBIA ST AND MARION ST,SW,5,Commercial Core,Financial,Paid Parking,120,47.60404493,-122.33425777
47962,2ND AVE BETWEEN COLUMBIA ST AND MARION ST,NE,7,Commercial Core,Financial,Paid Parking,120,47.60412243,-122.33403791
70750,2ND AVE BETWEEN LENORA ST AND BLANCHARD ST,NE,9,Belltown,South,Paid Parking,120,47.61293327,-122.3436157
70734,2ND AVE BETWEEN MADISON ST AND SPRING ST,NE,6,Commercial Core,Financial,Paid Parking,120,47.60555459,-122.33534782
47969,2ND AVE BETWEEN PIKE ST AND PINE ST,SW,7,Commercial Core,Retail,Paid Parking,120,47.6097219,-122.33945111
70741,2ND AVE BETWEEN PINE ST AND STEWART ST,SW,2,Commercial Core,Retail,Paid Parking,120,47.61057612,-122.34023752
70742,2ND AVE BETWEEN PINE ST AND STEWART ST,NE,4,Commercial Core,Retail,Paid Parking,120,47.61064553,-122.34001021
70738,2ND AVE BETWEEN SENECA ST AND UNIVERSITY ST,NE,8,Commercial Core,Retail,Paid Parking,120,47.60697468,-122.33665653
25705,2ND AVE BETWEEN STEWART ST AND VIRGINIA ST,SW,14,Belltown,South,Paid Parking,120,47.61127593,-122.34118282
25706,2ND AVE BETWEEN STEWART ST AND VIRGINIA ST,NE,7,Belltown,South,Paid Parking,120,47.61140567,-122.34102039
25701,2ND AVE BETWEEN UNION ST AND PIKE ST,SW,3,Commercial Core,Retail,Paid Parking,120,47.60874134,-122.33855878
25702,2ND AVE BETWEEN UNION ST AND PIKE ST,NE,5,Commercial Core,Retail,Paid Parking,120,47.60881681,-122.33833227
25717,2ND AVE BETWEEN VINE ST AND CEDAR ST,SW,7,Belltown,North,Paid Parking,240,47.61613375,-122.34936046
25718,2ND AVE BETWEEN VINE ST AND CEDAR ST,NE,4,Belltown,North,Paid Parking,240,47.61624542,-122.34921056
70745,2ND AVE BETWEEN VIRGINIA ST AND LENORA ST,SW,3,Belltown,South,Paid Parking,120,47.61204799,-122.34247907
70746,2ND AVE BETWEEN VIRGINIA ST AND LENORA ST,NE,7,Belltown,South,Paid Parking,120,47.61217181,-122.34231893
2781,2ND AVE BETWEEN WALL ST AND VINE ST,SW,8,Belltown,North,Paid Parking,240,47.61558515,-122.3484389
2782,2ND AVE BETWEEN WALL ST AND VINE ST,NE,10,Belltown,North,Paid Parking,240,47.61569634,-122.34830052
70725,2ND AVE BETWEEN YESLER WAY AND JAMES ST,SW,3,Pioneer Square,Core,Paid Parking,120,47.60201883,-122.33241002
70762,2ND AVE N BETWEEN DENNY WAY AND JOHN ST,E,11,Uptown,,Paid Parking,240,47.61920357,-122.3526927
2797,2ND AVE N BETWEEN MERCER ST AND ROY ST,W,4,Uptown,,Paid Parking,240,47.62500671,-122.3529021
2798,2ND AVE N BETWEEN MERCER ST AND ROY ST,E,3,Uptown,,Paid Parking,240,47.62501129,-122.35266686
2793,2ND AVE N BETWEEN SCIENCE CENTER WKWY AND THOMAS ST,W,8,Uptown,,Paid Parking,240,47.62036489,-122.35293883
47997,2ND AVE NE BETWEEN WOODLAWN S AVE NE AND EAST GREEN LAKE WAY N,W,5,Green Lake,,Paid Parking,120,47.67795484,-122.32743984
47998,2ND AVE NE BETWEEN WOODLAWN S AVE NE AND EAST GREEN LAKE WAY N,E,6,Green Lake,,Paid Parking,120,47.67797777,-122.32729771
70865,2ND AVE S BETWEEN S JACKSON ST AND S KING ST,W,5,Pioneer Square,Edge,Paid Parking,120,47.59877036,-122.3316886
70866,2ND AVE S BETWEEN S JACKSON ST AND S KING ST,E,16,Pioneer Square,Edge,Paid Parking,120,47.59876727,-122.33145758
2925,2ND AVE S BETWEEN S MAIN ST AND S JACKSON ST,W,4,Pioneer Square,Core,Paid Parking,120,47.59962395,-122.33170118
2926,2ND AVE S BETWEEN S MAIN ST AND S JACKSON ST,E,7,Pioneer Square,Core,Paid Parking,120,47.59962608,-122.33144581
2921,2ND AVE S BETWEEN S WASHINGTON ST AND S MAIN ST,W,10,Pioneer Square,Core,Paid Parking,120,47.60045072,-122.33169823
2922,2ND AVE S BETWEEN S WASHINGTON ST AND S MAIN ST,E,13,Pioneer Square,Core,Paid Parking,120,47.60044775,-122.33143883
2986,2ND AV ET S BETWEEN S JACKSON ST AND S MAIN ST,NE,5,Pioneer Square,Edge,Paid Parking,120,47.59960565,-122.32990794
48125,2ND AV ET S BETWEEN S MAIN ST AND S WASHINGTON ST,SW,7,Pioneer Square,Edge,Paid Parking,120,47.6004591,-122.33098743
48126,2ND AV ET S BETWEEN S MAIN ST AND S WASHINGTON ST,NE,2,Pioneer Square,Edge,Paid Parking,120,47.60052328,-122.3307536
70897,2ND AVE W BETWEEN WESTERN AVE W AND W THOMAS ST,W,7,Uptown,,Paid Parking,240,47.62036668,-122.35940637
70898,2ND AVE W BETWEEN WESTERN AVE W AND W THOMAS ST,E,8,Uptown,,Paid Parking,240,47.6203663,-122.35930094
70901,2ND AVE W BETWEEN W HARRISON ST AND W REPUBLICAN ST,W,11,Uptown,,Paid Parking,240,47.62270052,-122.35938859
70902,2ND AVE W BETWEEN W HARRISON ST AND W REPUBLICAN ST,E,15,Uptown,,Paid Parking,240,47.62270021,-122.35928316
48077,2ND AVE W BETWEEN W REPUBLICAN ST AND W MERCER ST,W,9,Uptown,,Paid Parking,240,47.62393778,-122.35937949
48078,2ND AVE W BETWEEN W REPUBLICAN ST AND W MERCER ST,E,9,Uptown,,Paid Parking,240,47.62393739,-122.35927406
25817,2ND AVE W BETWEEN W THOMAS ST AND W HARRISON ST,W,10,Uptown,,Paid Parking,240,47.62153299,-122.35939708
25818,2ND AVE W BETWEEN W THOMAS ST AND W HARRISON ST,E,7,Uptown,,Paid Parking,240,47.6215326,-122.35929166
28581,37TH AVE S BETWEEN S EDMUNDS ST AND S FERDINAND ST,W,9,Columbia City,,Paid Parking,240,47.55825614,-122.28620595
5802,37TH AVE S BETWEEN S FERDINAND ST AND S HUDSON ST,E,8,Columbia City,,Paid Parking,240,47.55743593,-122.28608789
49657,3RD AVE BETWEEN BATTERY ST AND WALL ST,SW,6,Belltown,North,Paid Parking,240,47.61569901,-122.34662931
49658,3RD AVE BETWEEN BATTERY ST AND WALL ST,NE,7,Belltown,North,Paid Parking,240,47.61581407,-122.34649132
27277,3RD AVE BETWEEN BELL ST AND BATTERY ST,SW,7,Belltown,North,Paid Parking,240,47.61500973,-122.34549499
49653,3RD AVE BETWEEN BLANCHARD ST AND BELL ST,SW,4,Belltown,South,Paid Parking,120,47.61426023,-122.34422675
49654,3RD AVE BETWEEN BLANCHARD ST AND BELL ST,NE,12,Belltown,South,Paid Parking,120,47.61438099,-122.34404911
72329,3RD AVE BETWEEN CEDAR ST AND CLAY ST,SW,8,Belltown,North,Paid Parking,240,47.61735547,-122.34943159
72330,3RD AVE BETWEEN CEDAR ST AND CLAY ST,NE,6,Belltown,North,Paid Parking,240,47.61747412,-122.34929965
4441,3RD AVE BETWEEN CLAY ST AND BROAD ST,SW,8,Belltown,North,Paid Parking,240,47.61790727,-122.35037128
4442,3RD AVE BETWEEN CLAY ST AND BROAD ST,NE,8,Belltown,North,Paid Parking,240,47.61801873,-122.35022717
49649,3RD AVE BETWEEN LENORA ST AND BLANCHARD ST,SW,9,Belltown,South,Paid Parking,120,47.61348569,-122.34292292
49650,3RD AVE BETWEEN LENORA ST AND BLANCHARD ST,NE,6,Belltown,South,Paid Parking,120,47.61361687,-122.3427506
72325,3RD AVE BETWEEN STEWART ST AND VIRGINIA ST,SW,3,Belltown,South,Paid Parking,120,47.61195283,-122.34031804
4437,3RD AVE BETWEEN WALL ST AND VINE ST,SW,10,Belltown,North,Paid Parking,240,47.61625081,-122.34756286
4438,3RD AVE BETWEEN WALL ST AND VINE ST,NE,9,Belltown,North,Paid Parking,240,47.61636316,-122.34742027
4445,3RD AVE N BETWEEN MERCER ST AND ROY ST,W,2,Uptown,,Paid Parking,240,47.62503968,-122.35158492
27402,3RD AVE S BETWEEN S MAIN ST AND S JACKSON ST,E,2,Pioneer Square,Edge,Paid Parking,120,47.59942516,-122.33021365
27393,3RD AVE S BETWEEN YESLER WAY AND S WASHINGTON ST,W,3,Pioneer Square,Edge,Paid Parking,120,47.60129268,-122.33034753
27394,3RD AVE S BETWEEN YESLER WAY AND S WASHINGTON ST,E,3,Pioneer Square,Edge,Paid Parking,120,47.60128142,-122.33016518
4581,3RD AVE W BETWEEN W HARRISON ST AND W REPUBLICAN ST,W,8,Uptown,,Paid Parking,240,47.62271074,-122.36071146
4582,3RD AVE W BETWEEN W HARRISON ST AND W REPUBLICAN ST,E,7,Uptown,,Paid Parking,240,47.62271027,-122.36056548
72482,3RD AVE W BETWEEN W MERCER ST AND W ROY ST,E,2,Uptown,,Restricted Parking Zone,120,47.62517435,-122.3605438
49813,3RD AVE W BETWEEN W THOMAS ST AND W THOMAS ST OVERPASS,W,4,Uptown,,Paid Parking,240,47.62137228,-122.36077359
131238,3RD AVE W BETWEEN W THOMAS ST OVERPASS AND W HARRISON ST,E,2,Uptown,,Paid Parking,240,47.62195494,-122.36052619
74034,4TH AVE BETWEEN BATTERY ST AND WALL ST,NE,9,Belltown,North,Paid Parking,240,47.61648112,-122.34561889
28953,4TH AVE BETWEEN BELL ST AND BATTERY ST,SW,5,Belltown,North,Paid Parking,240,47.61568669,-122.34465728
28954,4TH AVE BETWEEN BELL ST AND BATTERY ST,NE,8,Belltown,North,Paid Parking,240,47.61581883,-122.34448656
51489,4TH AVE BETWEEN BLANCHARD ST AND BELL ST,SW,8,Belltown,South,Paid Parking,120,47.61489405,-122.34333423
51490,4TH AVE BETWEEN BLANCHARD ST AND BELL ST,NE,15,Belltown,South,Paid Parking,120,47.61503886,-122.34320344
28961,4TH AVE BETWEEN CEDAR ST AND CLAY ST,SW,5,Belltown,North,Paid Parking,240,47.61800903,-122.34857311
28962,4TH AVE BETWEEN CEDAR ST AND CLAY ST,NE,2,Belltown,North,Paid Parking,240,47.61814592,-122.34846587
51470,4TH AVE BETWEEN COLUMBIA ST AND MARION ST,NE,6,Commercial Core,Financial,Paid Parking,120,47.60505018,-122.33182648
28946,4TH AVE BETWEEN DILLING WAY AND JEFFERSON ST,NE,1,Pioneer Square,Edge,Paid Parking,120,47.60241664,-122.32943221
74029,4TH AVE BETWEEN LENORA ST AND BLANCHARD ST,SW,10,Belltown,South,Paid Parking,120,47.61415144,-122.34205339
74030,4TH AVE BETWEEN LENORA ST AND BLANCHARD ST,NE,6,Belltown,South,Paid Parking,120,47.61428003,-122.34189516
51473,4TH AVE BETWEEN MADISON ST AND SPRING ST,SW,5,Commercial Core,Financial,Paid Parking,120,47.60639351,-122.33336524
51474,4TH AVE BETWEEN MADISON ST AND SPRING ST,NE,5,Commercial Core,Financial,Paid Parking,120,47.60648441,-122.33314808
51477,4TH AVE BETWEEN SENECA ST AND UNIVERSITY ST,SW,6,Commercial Core,Retail,Paid Parking,120,47.60781481,-122.33464066
51478,4TH AVE BETWEEN SENECA ST AND UNIVERSITY ST,NE,4,Commercial Core,Retail,Paid Parking,120,47.60790749,-122.33443468
51485,4TH AVE BETWEEN STEWART ST AND VIRGINIA ST,SW,6,Belltown,South,Paid Parking,120,47.61261182,-122.33945509
136041,4TH AVE BETWEEN UNION ST AND PIKE ST,SW,6,Commercial Core,Retail,Paid Parking,120,47.60967604,-122.33632481
6197,4TH AVE BETWEEN VINE ST AND CEDAR ST,SW,6,Belltown,North,Paid Parking,240,47.61746189,-122.3476597
6198,4TH AVE BETWEEN VINE ST AND CEDAR ST,NE,6,Belltown,North,Paid Parking,240,47.61757189,-122.34746383
74025,4TH AVE BETWEEN VIRGINIA ST AND LENORA ST,SW,2,Belltown,South,Paid Parking,120,47.6133909,-122.34076078
74026,4TH AVE BETWEEN VIRGINIA ST AND LENORA ST,NE,6,Belltown,South,Paid Parking,120,47.61350649,-122.34061135
28957,4TH AVE BETWEEN WALL ST AND VINE ST,SW,5,Belltown,North,Paid Parking,240,47.61689876,-122.34670724
28958,4TH AVE BETWEEN WALL ST AND VINE ST,NE,7,Belltown,North,Paid Parking,240,47.61701844,-122.3465524
51493,4TH AVE N BETWEEN DENNY WAY AND BROAD ST,W,2,Uptown Triangle,,Paid Parking,240,47.61906396,-122.34903955
51494,4TH AVE N BETWEEN DENNY WAY AND BROAD ST,E,8,Uptown Triangle,,Paid Parking,240,47.61914516,-122.34879148
6237,4TH AVE NE BETWEEN WOODLAWN S AVE NE AND EAST GREEN LAKE WAY N,SW,7,Green Lake,,Paid Parking,120,47.67818569,-122.32655497
6238,4TH AVE NE BETWEEN WOODLAWN S AVE NE AND EAST GREEN LAKE WAY N,NE,4,Green Lake,,Paid Parking,120,47.67822354,-122.32646553
6358,4TH AVE W BETWEEN ELLIOTT AVE W AND W HARRISON ST,E,5,Uptown,,Paid Parking,240,47.6218387,-122.36190313
74149,4TH AVE W BETWEEN W HARRISON ST AND W REPUBLICAN ST,W,11,Uptown,,Paid Parking,240,47.62271163,-122.36200062
74150,4TH AVE W BETWEEN W HARRISON ST AND W REPUBLICAN ST,E,8,Uptown,,Paid Parking,240,47.6227113,-122.36189519
30101,5TH AVE BETWEEN BATTERY ST AND WALL ST,SW,8,Belltown,North,Paid Parking,240,47.61702946,-122.3449076
30102,5TH AVE BETWEEN BATTERY ST AND WALL ST,NE,10,Belltown,North,Paid Parking,240,47.61714271,-122.34476653
52525,5TH AVE BETWEEN BELL ST AND BATTERY ST,SW,11,Belltown,North,Paid Parking,240,47.61635232,-122.34376631
52526,5TH AVE BETWEEN BELL ST AND BATTERY ST,NE,14,Belltown,North,Paid Parking,240,47.61647857,-122.3436466
75169,5TH AVE BETWEEN BLANCHARD ST AND BELL ST,SW,13,Belltown,South,Paid Parking,120,47.61558523,-122.3425019
75170,5TH AVE BETWEEN BLANCHARD ST AND BELL ST,NE,10,Belltown,South,Paid Parking,120,47.6157109,-122.3423449
7261,5TH AVE BETWEEN LENORA ST AND BLANCHARD ST,SW,10,Belltown,South,Paid Parking,120,47.61481567,-122.34119978
7262,5TH AVE BETWEEN LENORA ST AND BLANCHARD ST,NE,7,Belltown,South,Paid Parking,120,47.61494039,-122.34104117
75153,5TH AVE BETWEEN MADISON ST AND SPRING ST,SW,6,Commercial Core,Financial,Paid Parking,120,47.60687895,-122.33220159
7250,5TH AVE BETWEEN MARION ST AND MADISON ST,NE,6,Commercial Core,Financial,Paid Parking,120,47.60621283,-122.33137792
52521,5TH AVE BETWEEN STEWART ST AND VIRGINIA ST,SW,7,Belltown,South,Paid Parking,120,47.61328928,-122.3385872
52522,5TH AVE BETWEEN STEWART ST AND VIRGINIA ST,NE,7,Belltown,South,Paid Parking,120,47.61341347,-122.33844001
7265,5TH AVE BETWEEN TAYLOR AVE AND DENNY WAY,SW,6,Belltown,North,Paid Parking,240,47.61827711,-122.34704539
75149,5TH AVE BETWEEN TERRACE ST AND JEFFERSON ST,SW,4,Commercial Core,Financial,Paid Parking,120,47.60258173,-122.32829027
7257,5TH AVE BETWEEN VIRGINIA ST AND LENORA ST,SW,11,Belltown,South,Paid Parking,120,47.61405613,-122.33988424
7258,5TH AVE BETWEEN VIRGINIA ST AND LENORA ST,NE,13,Belltown,South,Paid Parking,120,47.61416938,-122.33974319
52529,5TH AVE BETWEEN WALL ST AND VINE ST,SW,9,Belltown,North,Paid Parking,240,47.61758347,-122.34584433
52530,5TH AVE BETWEEN WALL ST AND VINE ST,NE,7,Belltown,North,Paid Parking,240,47.61769217,-122.34569558
75173,5TH AVE N BETWEEN JOHN ST AND BROAD ST,W,3,Uptown Triangle,,Paid Parking,240,47.62015028,-122.34771286
75201,5TH AVE N BETWEEN MERCER ST AND ROY ST,W,2,Uptown,,Paid Parking,240,47.62499128,-122.34770175
75202,5TH AVE N BETWEEN MERCER ST AND ROY ST,E,5,Uptown,,Paid Parking,240,47.62500948,-122.3474137
7273,5TH AVE N BETWEEN ROY ST AND VALLEY ST,W,4,Uptown,,Paid Parking,240,47.6258511,-122.34764621
7274,5TH AVE N BETWEEN ROY ST AND VALLEY ST,E,5,Uptown,,Paid Parking,240,47.62585009,-122.34739479
7277,5TH AVE N BETWEEN VALLEY ST AND ALOHA ST,W,3,Uptown,,Paid Parking,240,47.62671922,-122.34760632
7278,5TH AVE N BETWEEN VALLEY ST AND ALOHA ST,E,10,Uptown,,Paid Parking,240,47.62671882,-122.34750089
75282,5TH AVE S BETWEEN S KING ST AND S WELLER ST,E,6,Chinatown/ID,,Paid Parking,120,47.59793881,-122.32758781
7397,5TH AVE S BETWEEN S WELLER ST AND S DEARBORN ST,W,7,Chinatown/ID,,Paid Parking,120,47.59669256,-122.32777643
7398,5TH AVE S BETWEEN S WELLER ST AND S DEARBORN ST,E,5,Chinatown/ID,,Paid Parking,120,47.59670172,-122.32758192
75785,6TH AVE BETWEEN BATTERY ST AND WALL ST,SW,7,Denny Triangle,North,Paid Parking,240,47.61769677,-122.34407494
75786,6TH AVE BETWEEN BATTERY ST AND WALL ST,NE,4,Denny Triangle,North,Paid Parking,240,47.61786447,-122.34401361
53129,6TH AVE BETWEEN BELL ST AND BATTERY ST,SW,9,Denny Triangle,North,Paid Parking,240,47.61700881,-122.34293648
53125,6TH AVE BETWEEN BLANCHARD ST AND BELL ST,SW,11,Denny Triangle,North,Paid Parking,240,47.61624342,-122.34164254
53126,6TH AVE BETWEEN BLANCHARD ST AND BELL ST,NE,10,Denny Triangle,North,Paid Parking,240,47.61637161,-122.34147132
75769,6TH AVE BETWEEN COLUMBIA ST AND MARION ST,SW,20,Commercial Core,Financial,Paid Parking,120,47.60591026,-122.32978967
8005,6TH AVE BETWEEN LENORA ST AND BLANCHARD ST,SW,10,Denny Triangle,North,Paid Parking,240,47.6154538,-122.34032614
30701,6TH AVE BETWEEN OLIVE WAY AND STEWART ST,SW,3,Denny Triangle,South,Paid Parking,120,47.61334209,-122.33672396
30702,6TH AVE BETWEEN OLIVE WAY AND STEWART ST,NE,6,Denny Triangle,South,Paid Parking,120,47.61340849,-122.33655818
30697,6TH AVE BETWEEN PIKE ST AND PINE ST,SW,7,Commercial Core,Retail,Paid Parking,120,47.61160687,-122.33500784
30698,6TH AVE BETWEEN PIKE ST AND PINE ST,NE,10,Commercial Core,Retail,Paid Parking,120,47.61166068,-122.33483301
75781,6TH AVE BETWEEN UNION ST AND PIKE ST,SW,9,Commercial Core,Retail,Paid Parking,120,47.61061354,-122.33409932
7989,6TH AVE BETWEEN UNIVERSITY ST AND UNION ST,SW,3,Commercial Core,Retail,Paid Parking,120,47.60961883,-122.33317222
7990,6TH AVE BETWEEN UNIVERSITY ST AND UNION ST,NE,4,Commercial Core,Retail,Paid Parking,120,47.60968746,-122.33302531
8001,6TH AVE BETWEEN VIRGINIA ST AND LENORA ST,SW,9,Denny Triangle,South,Paid Parking,120,47.61470705,-122.33904518
8002,6TH AVE BETWEEN VIRGINIA ST AND LENORA ST,NE,1,Denny Triangle,South,Paid Parking,,47.61482832,-122.3388561
30705,6TH AVE BETWEEN WALL ST AND DENNY WAY,SW,8,Denny Triangle,North,Paid Parking,240,47.61820358,-122.34494996
7997,6TH AVE BETWEEN WESTLAKE AVE AND VIRGINIA ST,SW,5,Denny Triangle,South,Paid Parking,120,47.61409047,-122.33798426
7998,6TH AVE BETWEEN WESTLAKE AVE AND VIRGINIA ST,NE,3,Denny Triangle,South,Paid Parking,120,47.61430793,-122.33800086
53145,6TH AVE N BETWEEN DEAD END 1 AND ROY ST,W,4,Uptown,,Paid Parking,240,47.6250662,-122.34500927
53146,6TH AVE N BETWEEN DEAD END 1 AND ROY ST,E,7,Uptown,,Paid Parking,240,47.62506581,-122.34490383
53133,6TH AVE N BETWEEN DENNY WAY AND JOHN ST,W,11,Uptown Triangle,,Paid Parking,600,47.61915885,-122.34514822
53134,6TH AVE N BETWEEN DENNY WAY AND JOHN ST,E,7,Uptown Triangle,,Paid Parking,600,47.61916578,-122.34486439
53137,6TH AVE N BETWEEN JOHN ST AND THOMAS ST,W,16,Uptown Triangle,,Paid Parking,600,47.62031534,-122.34513699
53138,6TH AVE N BETWEEN JOHN ST AND THOMAS ST,E,18,Uptown Triangle,,Paid Parking,600,47.62031408,-122.34484504
8013,6TH AVE N BETWEEN ROY ST AND VALLEY ST,W,3,Uptown,,Restricted Parking Zone,240,47.62584165,-122.34499983
8018,6TH AVE N BETWEEN VALLEY ST AND ALOHA ST,E,10,Uptown,,Paid Parking,240,47.62670975,-122.34488724
53237,6TH AVE S BETWEEN S JACKSON ST AND S KING ST,W,4,Chinatown/ID,,Paid Parking,120,47.59877208,-122.32644733
53238,6TH AVE S BETWEEN S JACKSON ST AND S KING ST,E,6,Chinatown/ID,,Paid Parking,120,47.5987704,-122.3262771
75865,6TH AVE S BETWEEN S KING ST AND S WELLER ST,W,9,Chinatown/ID,,Paid Parking,120,47.59793464,-122.32645061
75866,6TH AVE S BETWEEN S KING ST AND S WELLER ST,E,6,Chinatown/ID,,Paid Parking,120,47.59793434,-122.32628038
8101,6TH AVE S BETWEEN S LANE ST AND S DEARBORN ST,W,4,Chinatown/ID,,Paid Parking,120,47.59628699,-122.32645712
8102,6TH AVE S BETWEEN S LANE ST AND S DEARBORN ST,E,8,Chinatown/ID,,Paid Parking,120,47.59627028,-122.32628696
8097,6TH AVE S BETWEEN S MAIN ST AND S JACKSON ST,W,8,Chinatown/ID,,Paid Parking,120,47.59961395,-122.32645202
8098,6TH AVE S BETWEEN S MAIN ST AND S JACKSON ST,E,5,Chinatown/ID,,Paid Parking,120,47.59961086,-122.32626558
53241,6TH AVE S BETWEEN S WELLER ST AND S LANE ST,W,7,Chinatown/ID,,Paid Parking,120,47.59707811,-122.32645397
53242,6TH AVE S BETWEEN S WELLER ST AND S LANE ST,E,5,Chinatown/ID,,Paid Parking,120,47.59709419,-122.32628368
76058,7TH AVE BETWEEN BELL ST AND DEXTER AVE,NE,5,Denny Triangle,North,Paid Parking,240,47.61769659,-122.34172753
53433,7TH AVE BETWEEN BLANCHARD ST AND BELL ST,SW,10,Denny Triangle,North,Paid Parking,240,47.61689804,-122.3408143
53434,7TH AVE BETWEEN BLANCHARD ST AND BELL ST,NE,5,Denny Triangle,North,Paid Parking,240,47.61704159,-122.34062592
8242,7TH AVE BETWEEN CHERRY ST AND COLUMBIA ST,NE,5,First Hill,,Paid Parking,120,47.60573702,-122.32786582
76033,7TH AVE BETWEEN JAMES ST AND CHERRY ST,SW,8,First Hill,,Paid Parking,120,47.60497388,-122.32739887
76054,7TH AVE BETWEEN LENORA ST AND BLANCHARD ST,NE,13,Denny Triangle,North,Paid Parking,120,47.6162881,-122.33933279
76042,7TH AVE BETWEEN MADISON ST AND SPRING ST,NE,6,First Hill,,Paid Parking,120,47.60788056,-122.32985799
30970,7TH AVE BETWEEN OLIVE WAY AND STEWART ST,NE,6,Denny Triangle,South,Paid Parking,120,47.61399229,-122.33560622
53422,7TH AVE BETWEEN PINE ST AND OLIVE WAY,NE,9,Commercial Core,Retail,Paid Parking,120,47.61312767,-122.33463505
8249,7TH AVE BETWEEN STEWART ST AND VIRGINIA ST,SW,2,Denny Triangle,South,Paid Parking,120,47.6146276,-122.33687047
53429,7TH AVE BETWEEN WESTLAKE AVE AND LENORA ST,SW,4,Denny Triangle,South,Paid Parking,120,47.61548441,-122.33836153
53430,7TH AVE BETWEEN WESTLAKE AVE AND LENORA ST,NE,6,Denny Triangle,South,Paid Parking,120,47.61568744,-122.33833527
76105,7TH AVE S BETWEEN S JACKSON ST AND S KING ST,W,5,Chinatown/ID,,Paid Parking,120,47.59874622,-122.32386144
76106,7TH AVE S BETWEEN S JACKSON ST AND S KING ST,E,5,Chinatown/ID,,Paid Parking,120,47.59874578,-122.32364257
8301,7TH AVE S BETWEEN S KING ST AND S WELLER ST,W,6,Chinatown/ID,,Paid Parking,120,47.59790731,-122.32386073
8302,7TH AVE S BETWEEN S KING ST AND S WELLER ST,E,6,Chinatown/ID,,Paid Parking,120,47.59790424,-122.32365809
76101,7TH AVE S BETWEEN S MAIN ST AND S JACKSON ST,W,4,Chinatown/ID,,Paid Parking,120,47.59958791,-122.32387007
76102,7TH AVE S BETWEEN S MAIN ST AND S JACKSON ST,E,8,Chinatown/ID,,Paid Parking,120,47.59958065,-122.32363501
8305,7TH AVE S BETWEEN S WELLER ST AND S LANE ST,W,7,Chinatown/ID,,Paid Parking,120,47.5970904,-122.32388013
8306,7TH AVE S BETWEEN S WELLER ST AND S LANE ST,E,8,Chinatown/ID,,Paid Parking,120,47.59708721,-122.32363696
8397,8TH AVE BETWEEN BELL ST AND DENNY WAY,SW,8,Denny Triangle,North,Paid Parking,240,47.61824767,-122.34102708
8398,8TH AVE BETWEEN BELL ST AND DENNY WAY,NE,3,Denny Triangle,North,Paid Parking,240,47.61830749,-122.34078339
8393,8TH AVE BETWEEN BLANCHARD ST AND BELL ST,SW,2,Denny Triangle,North,Paid Parking,30,47.61756589,-122.3399421
8394,8TH AVE BETWEEN BLANCHARD ST AND BELL ST,NE,3,Denny Triangle,North,Paid Parking,240,47.61770236,-122.33976022
8374,8TH AVE BETWEEN CHERRY ST AND COLUMBIA ST,NE,6,First Hill,,Paid Parking,120,47.60618899,-122.3267698
8378,8TH AVE BETWEEN COLUMBIA ST AND MARION ST,NE,5,First Hill,,Paid Parking,120,47.60689983,-122.32742018
53537,8TH AVE BETWEEN MADISON ST AND SPRING ST,SW,6,First Hill,,Paid Parking,120,47.60828548,-122.32885421
8389,8TH AVE BETWEEN OLIVE WAY AND STEWART ST,SW,6,Denny Triangle,South,Paid Parking,120,47.61448278,-122.33478081
76186,8TH AVE BETWEEN SPRING ST AND SENECA ST,NE,4,First Hill,,Paid Parking,120,47.6090517,-122.32941216
31058,8TH AVE BETWEEN STEWART ST AND VIRGINIA ST,NE,6,Denny Triangle,South,Paid Parking,120,47.61540116,-122.33591854
76193,8TH AVE BETWEEN VIRGINIA ST AND WESTLAKE AVE,SW,7,Denny Triangle,South,Paid Parking,120,47.6160495,-122.33732798
31062,8TH AVE BETWEEN WESTLAKE AVE AND BLANCHARD ST,NE,4,Denny Triangle,North,Paid Parking,240,47.61706453,-122.33869955
53549,8TH AVE N BETWEEN ALOHA ST AND WESTLAKE S AVE N,W,24,South Lake Union,North,Paid Parking,600,47.62820088,-122.34111554
53550,8TH AVE N BETWEEN ALOHA ST AND WESTLAKE S AVE N,E,16,South Lake Union,North,Paid Parking,600,47.62817888,-122.34086055
76201,8TH AVE N BETWEEN HARRISON ST AND REPUBLICAN ST,W,9,South Lake Union,South,Paid Parking,120,47.62265882,-122.34117019
76202,8TH AVE N BETWEEN HARRISON ST AND REPUBLICAN ST,E,3,South Lake Union,South,Paid Parking,120,47.62266064,-122.3409512
76197,8TH AVE N BETWEEN JOHN ST AND THOMAS ST,W,25,South Lake Union,South,Paid Parking,120,47.62032565,-122.34118265
76198,8TH AVE N BETWEEN JOHN ST AND THOMAS ST,E,9,South Lake Union,South,Paid Parking,120,47.62032487,-122.34098397
8401,8TH AVE N BETWEEN REPUBLICAN ST AND MERCER SR ST,W,11,South Lake Union,South,Paid Parking,600,47.6239067,-122.34116298
8402,8TH AVE N BETWEEN REPUBLICAN ST AND MERCER SR ST,E,13,South Lake Union,South,Paid Parking,600,47.62390853,-122.34093993
53545,8TH AVE N BETWEEN ROY ST AND VALLEY ST,W,5,South Lake Union,North,Paid Parking,600,47.62582786,-122.34115357
53546,8TH AVE N BETWEEN ROY ST AND VALLEY ST,E,10,South Lake Union,North,Paid Parking,600,47.62586105,-122.34090996
8405,8TH AVE N BETWEEN VALLEY ST AND ALOHA ST,W,7,South Lake Union,North,Paid Parking,600,47.6266943,-122.34114567
8406,8TH AVE N BETWEEN VALLEY ST AND ALOHA ST,E,10,South Lake Union,North,Paid Parking,600,47.62666319,-122.34090264
53681,8TH AVE S BETWEEN S JACKSON ST AND S KING ST,W,4,Chinatown/ID,,Paid Parking,120,47.5987507,-122.32256818
8541,8TH AVE S BETWEEN S KING ST AND S WELLER ST,W,3,Chinatown/ID,,Paid Parking,120,47.59792287,-122.32254732
8542,8TH AVE S BETWEEN S KING ST AND S WELLER ST,E,5,Chinatown/ID,,Paid Parking,120,47.59792935,-122.32235274
76357,8TH AVE S BETWEEN S WELLER ST AND S LANE ST,W,6,Chinatown/ID,,Paid Parking,120,47.59708557,-122.32257506
76358,8TH AVE S BETWEEN S WELLER ST AND S LANE ST,E,6,Chinatown/ID,,Paid Parking,120,47.59708374,-122.32233189
123942,9TH AVE BETWEEN 9TH AV I5 EXPRESS ON RP AND PINE ST,SW,5,Commercial Core,Retail,Paid Parking,120,47.61314098,-122.3317978
123943,9TH AVE BETWEEN 9TH AV I5 EXPRESS ON RP AND PINE ST,NE,4,Commercial Core,Retail,Paid Parking,120,47.6131628,-122.33161264
8609,9TH AVE BETWEEN CHERRY ST AND COLUMBIA ST,SW,4,First Hill,,Restricted Parking Zone,120,47.60658808,-122.32579968
8610,9TH AVE BETWEEN CHERRY ST AND COLUMBIA ST,NE,7,First Hill,,Restricted Parking Zone,120,47.60666928,-122.32565947
76406,9TH AVE BETWEEN COLUMBIA ST AND MARION ST,NE,6,First Hill,,Restricted Parking Zone,120,47.60737724,-122.32629794
76398,9TH AVE BETWEEN E FIR ST AND ALDER ST,NE,5,First Hill,,Restricted Parking Zone,120,47.60310302,-122.32239979
8614,9TH AVE BETWEEN HOWELL ST AND STEWART ST,NE,11,Denny Triangle,North,Paid Parking,240,47.61529696,-122.3337482
31302,9TH AVE BETWEEN LENORA ST AND BLANCHARD ST,NE,7,Denny Triangle,North,Paid Parking,240,47.61759839,-122.33766765
76413,9TH AVE BETWEEN MADISON ST AND SPRING ST,SW,6,First Hill,,Paid Parking,120,47.60875479,-122.32780118
76409,9TH AVE BETWEEN MARION ST AND MADISON ST,SW,5,First Hill,,Paid Parking,120,47.60802033,-122.32712961
76410,9TH AVE BETWEEN MARION ST AND MADISON ST,NE,3,First Hill,,Paid Parking,120,47.60809535,-122.32695035
53797,9TH AVE BETWEEN PINE ST AND OLIVE WAY,SW,7,Commercial Core,Retail,Paid Parking,120,47.61399482,-122.33257858
31297,9TH AVE BETWEEN SENECA ST AND UNIVERSITY ST,SW,4,First Hill,,Paid Parking,120,47.61018833,-122.32906872
76417,9TH AVE BETWEEN SPRING ST AND SENECA ST,SW,6,First Hill,,Paid Parking,120,47.60945231,-122.32843867
8617,9TH AVE BETWEEN STEWART ST AND VIRGINIA ST,SW,4,Denny Triangle,North,Paid Parking,240,47.61596122,-122.33514821
53805,9TH AVE BETWEEN VIRGINIA ST AND LENORA ST,SW,4,Denny Triangle,North,Paid Parking,240,47.61672619,-122.33644763
53806,9TH AVE BETWEEN VIRGINIA ST AND LENORA ST,NE,6,Denny Triangle,North,Paid Parking,240,47.61680818,-122.33632144
8622,9TH AVE BETWEEN WESTLAKE AVE AND DENNY WAY,NE,3,Denny Triangle,North,Paid Parking,240,47.61827352,-122.33879349
31310,9TH AVE N BETWEEN DENNY WAY AND JOHN ST,E,13,South Lake Union,South,Paid Parking,600,47.61912274,-122.33968381
76434,9TH AVE N BETWEEN HARRISON ST AND REPUBLICAN ST,E,11,South Lake Union,South,Paid Parking,120,47.62261473,-122.33966666
76430,9TH AVE N BETWEEN JOHN ST AND THOMAS ST,E,10,South Lake Union,South,Paid Parking,120,47.62029437,-122.33968445
53810,9TH AVE N BETWEEN REPUBLICAN ST AND MERCER SR ST,E,2,South Lake Union,South,Paid Parking,600,47.62387194,-122.33965677
8626,9TH AVE N BETWEEN ROY ST AND WESTLAKE AVE N,E,5,South Lake Union,North,Paid Parking,600,47.62609289,-122.33958113
31313,9TH AVE N BETWEEN THOMAS ST AND HARRISON ST,W,4,South Lake Union,South,Paid Parking,120,47.62144373,-122.33986607
8637,9TH AVE NE BETWEEN NE 45TH E ST AND NE 47TH ST,W,15,University District,Edge,Paid Parking,240,47.66221317,-122.31846159
8854,ALASKAN ER WAY BETWEEN MADISON ST AND SPRING ST,NE,8,Commercial Core,Waterfront,Paid Parking,120,47.60431112,-122.3383856
31510,ALASKAN ER WAY BETWEEN MARION ST AND MADISON ST,NE,6,Commercial Core,Waterfront,Paid Parking,120,47.60358859,-122.33775965
76654,ALASKAN ER WAY S BETWEEN S JACKSON ST AND S KING ST,E,6,Pioneer Square,Edge,Paid Parking,120,47.59873136,-122.33541746
54022,ALASKAN ER WAY S BETWEEN S WASHINGTON ST AND S MAIN ST,E,4,Pioneer Square,Edge,Paid Parking,120,47.60045004,-122.33545189
8870,ALASKAN ER WAY S BETWEEN YESLER WAY AND S WASHINGTON ST,NE,2,Pioneer Square,Edge,Paid Parking,120,47.60129626,-122.33564153
31498,ALASKAN WAY BETWEEN BLANCHARD ST AND XW BELL ST,NE,12,Belltown,South,Paid Parking,120,47.61117107,-122.34809425
8841,ALASKAN WAY BETWEEN CLAY ST AND BROAD ST,SW,6,Belltown,North,Paid Parking,240,47.61461633,-122.35452821
31493,ALASKAN WAY BETWEEN LENORA ST AND BLANCHARD ST,SW,8,Belltown,South,Paid Parking,120,47.61026981,-122.34696795
31494,ALASKAN WAY BETWEEN LENORA ST AND BLANCHARD ST,NE,7,Belltown,South,Paid Parking,120,47.6104002,-122.34680045
76618,ALASKAN WAY BETWEEN SPRING ST AND SENECA ST,NE,8,Commercial Core,Waterfront,Paid Parking,120,47.60486127,-122.33933288
54006,ALASKAN WAY BETWEEN UNION ST AND PIKE HILL CLIMB,NE,6,Commercial Core,Waterfront,Paid Parking,120,47.60739771,-122.34183478
31486,ALASKAN WAY BETWEEN UNIVERSITY ST AND UNION ST,NE,4,Commercial Core,Waterfront,Paid Parking,120,47.60644231,-122.3407868
76625,ALASKAN WAY BETWEEN VINE ST AND CLAY ST,SW,6,Belltown,North,Paid Parking,240,47.61376528,-122.35312622
76626,ALASKAN WAY BETWEEN VINE ST AND CLAY ST,NE,9,Belltown,North,Paid Parking,240,47.61393711,-122.35301623
76621,ALASKAN WAY BETWEEN VIRGINIA ST AND LENORA ST,SW,13,Belltown,South,Paid Parking,120,47.6095449,-122.34572989
76622,ALASKAN WAY BETWEEN VIRGINIA ST AND LENORA ST,NE,8,Belltown,South,Paid Parking,120,47.60963243,-122.34549519
54010,ALASKAN WAY BETWEEN XW BELL ST AND WALL ST,NE,8,Belltown,North,Paid Parking,240,47.61220724,-122.34987647
54037,ALDER ST BETWEEN 9TH AVE AND TERRY AVE,NW,11,First Hill,,Paid Parking,120,47.603684,-122.32227056
54038,ALDER ST BETWEEN 9TH AVE AND TERRY AVE,SE,8,First Hill,,Restricted Parking Zone,120,47.60360867,-122.32217322
76682,ALDER ST BETWEEN DEAD END AND 9TH AVE,SE,8,First Hill,,Paid Parking,120,47.60303707,-122.32354044
31541,ALDER ST BETWEEN TERRY AVE AND BROADWAY,NW,4,First Hill,,Restricted Parking Zone,120,47.60411979,-122.32125908
31542,ALDER ST BETWEEN TERRY AVE AND BROADWAY,SE,6,First Hill,,Restricted Parking Zone,120,47.60402508,-122.32117725
31582,ALOHA ST BETWEEN 4TH AVE N AND 5TH AVE N,S,4,Uptown,,Restricted Parking Zone,120,47.6271261,-122.34820537
76710,ALOHA ST BETWEEN 5TH AVE N AND TAYLOR AVE N,S,1,Uptown,,Restricted Parking Zone,120,47.62712158,-122.34689962
31593,ALOHA ST BETWEEN 8TH AVE N AND 9TH AVE N,N,15,South Lake Union,North,Paid Parking,600,47.62720712,-122.34036244
76713,ALOHA ST BETWEEN AURORA AVE N AND DEXTER AVE N,N,4,South Lake Union,North,Paid Parking,600,47.62717661,-122.34286784
76714,ALOHA ST BETWEEN AURORA AVE N AND DEXTER AVE N,S,8,South Lake Union,North,Paid Parking,600,47.62710533,-122.34286858
76717,ALOHA ST BETWEEN DEXTER AVE N AND 8TH AVE N,N,8,South Lake Union,North,Paid Parking,600,47.62720457,-122.34165854
76718,ALOHA ST BETWEEN DEXTER AVE N AND 8TH AVE N,S,8,South Lake Union,North,Paid Parking,600,47.6270675,-122.3416596
54073,ALOHA ST BETWEEN MINOR AVE N AND YALE AVE N,N,10,South Lake Union,North,Paid Parking,600,47.62691411,-122.33160969
54074,ALOHA ST BETWEEN MINOR AVE N AND YALE AVE N,S,9,South Lake Union,North,Paid Parking,600,47.62680437,-122.33162869
76721,ALOHA ST BETWEEN YALE AVE N AND EASTLAKE AVE E,N,7,South Lake Union,North,Paid Parking,120,47.6269241,-122.33007554
76961,BALLARD AVE NW BETWEEN 20TH AVE NW AND NW VERNON PL,SW,6,Ballard,Core,Paid Parking,120,47.66588407,-122.38271478
76962,BALLARD AVE NW BETWEEN 20TH AVE NW AND NW VERNON PL,NE,1,Ballard,Core,Paid Parking,30,47.66608103,-122.38267721
31853,BALLARD AVE NW BETWEEN 22ND AVE NW AND NW MARKET ST,SW,25,Ballard,Core,Paid Parking,120,47.66808303,-122.38563801
31854,BALLARD AVE NW BETWEEN 22ND AVE NW AND NW MARKET ST,NE,8,Ballard,Core,Paid Parking,120,47.66824127,-122.38558818
9109,BALLARD AVE NW BETWEEN NW DOCK PL AND NW IONE PL,SW,3,Ballard,Edge,Paid Parking,240,47.66473624,-122.3813686
9110,BALLARD AVE NW BETWEEN NW DOCK PL AND NW IONE PL,NE,4,Ballard,Edge,Paid Parking,240,47.6648245,-122.38119769
31849,BALLARD AVE NW BETWEEN NW VERNON PL AND 22ND AVE NW,SW,11,Ballard,Core,Paid Parking,120,47.66700483,-122.38403049
31850,BALLARD AVE NW BETWEEN NW VERNON PL AND 22ND AVE NW,NE,14,Ballard,Core,Paid Parking,120,47.66711216,-122.3838976
9141,BARNES AVE NW BETWEEN 17TH AVE NW AND NW MARKET ST,SW,14,Ballard,Edge,Paid Parking,240,47.6680045,-122.37968866
9142,BARNES AVE NW BETWEEN 17TH AVE NW AND NW MARKET ST,NE,11,Ballard,Edge,Paid Parking,240,47.66814317,-122.37960314
31889,BATTERY ST BETWEEN 1ST AVE AND 2ND AVE,NW,17,Belltown,North,Paid Parking,240,47.61453651,-122.34745116
31890,BATTERY ST BETWEEN 1ST AVE AND 2ND AVE,SE,8,Belltown,North,Paid Parking,240,47.61444164,-122.34729378
76985,BATTERY ST BETWEEN 2ND AVE AND 3RD AVE,NW,8,Belltown,North,Paid Parking,240,47.61518501,-122.34662847
76986,BATTERY ST BETWEEN 2ND AVE AND 3RD AVE,SE,8,Belltown,North,Paid Parking,240,47.61507876,-122.34644272
31893,BATTERY ST BETWEEN 3RD AVE AND 4TH AVE,NW,3,Belltown,North,Paid Parking,240,47.61587638,-122.34570735
31894,BATTERY ST BETWEEN 3RD AVE AND 4TH AVE,SE,3,Belltown,North,Paid Parking,240,47.61578617,-122.34555473
9149,BATTERY ST BETWEEN 4TH AVE AND 5TH AVE,NW,8,Belltown,North,Paid Parking,240,47.61652205,-122.34489933
9150,BATTERY ST BETWEEN 4TH AVE AND 5TH AVE,SE,4,Belltown,North,Paid Parking,240,47.61641582,-122.34471355
76989,BATTERY ST BETWEEN 5TH AVE AND AURORA AVE,NW,4,Belltown,North,Paid Parking,240,47.61719267,-122.34404293
76990,BATTERY ST BETWEEN 5TH AVE AND AURORA AVE,SE,6,Belltown,North,Paid Parking,240,47.61708545,-122.34385843
9145,BATTERY ST BETWEEN ELLIOTT AVE AND WESTERN AVE,NW,4,Belltown,North,Paid Parking,240,47.61320772,-122.34915928
9146,BATTERY ST BETWEEN ELLIOTT AVE AND WESTERN AVE,SE,7,Belltown,North,Paid Parking,240,47.61311777,-122.34900092
9157,BAY ST BETWEEN WESTERN AVE AND 1ST AVE,NW,6,Belltown,North,Paid Parking,240,47.61818599,-122.35565852
9158,BAY ST BETWEEN WESTERN AVE AND 1ST AVE,SE,4,Belltown,North,Paid Parking,240,47.61806756,-122.35548849
32026,BELL ST BETWEEN 3RD AVE AND 4TH AVE,SE,2,Belltown,South,Paid Parking,120,47.61501529,-122.34425708
32030,BELL ST BETWEEN 4TH AVE AND 5TH AVE,SE,5,Belltown,South,Paid Parking,120,47.61568046,-122.34339648
77121,BELL ST BETWEEN 5TH AVE AND 6TH AVE,NW,8,Belltown,South,Paid Parking,120,47.61642924,-122.34267545
54410,BELL ST BETWEEN 8TH AVE AND DENNY WAY,SE,4,Denny Triangle,North,Paid Parking,240,47.6182605,-122.34007491
9278,BELL ST BETWEEN WESTERN AVE AND 1ST AVE,SE,6,Belltown,South,Paid Parking,120,47.61302495,-122.34684189
54449,BELMONT AVE BETWEEN E PIKE ST AND E PINE ST,W,8,Pike-Pine,,Restricted Parking Zone,120,47.61465635,-122.32457474
54450,BELMONT AVE BETWEEN E PIKE ST AND E PINE ST,E,11,Pike-Pine,,Paid Parking,120,47.61468365,-122.32435615
32053,BELMONT AVE BETWEEN E PINE ST AND E OLIVE ST,W,8,Capitol Hill,South,Restricted Parking Zone,120,47.61580362,-122.32458536
32054,BELMONT AVE BETWEEN E PINE ST AND E OLIVE ST,E,19,Capitol Hill,South,Restricted Parking Zone,120,47.61582123,-122.32437474
32049,BELMONT AVE BETWEEN E UNION ST AND E PIKE ST,W,7,Pike-Pine,,Restricted Parking Zone,120,47.61353905,-122.32450368
9353,BLANCHARD ST BETWEEN 1ST AVE AND 2ND AVE,NW,17,Belltown,South,Paid Parking,120,47.61300041,-122.34481681
9354,BLANCHARD ST BETWEEN 1ST AVE AND 2ND AVE,SE,4,Belltown,South,Paid Parking,120,47.61292255,-122.3446913
77217,BLANCHARD ST BETWEEN 2ND AVE AND 3RD AVE,NW,6,Belltown,South,Paid Parking,120,47.61367039,-122.34397195
77218,BLANCHARD ST BETWEEN 2ND AVE AND 3RD AVE,SE,13,Belltown,South,Paid Parking,120,47.61356962,-122.34383836
9357,BLANCHARD ST BETWEEN 3RD AVE AND 4TH AVE,NW,5,Belltown,South,Paid Parking,120,47.61434424,-122.34310029
9358,BLANCHARD ST BETWEEN 3RD AVE AND 4TH AVE,SE,9,Belltown,South,Paid Parking,120,47.61425294,-122.34294906
77221,BLANCHARD ST BETWEEN 4TH AVE AND 5TH AVE,NW,6,Belltown,South,Paid Parking,120,47.61500119,-122.34223441
77222,BLANCHARD ST BETWEEN 4TH AVE AND 5TH AVE,SE,4,Belltown,South,Paid Parking,120,47.61491872,-122.34210409
77225,BLANCHARD ST BETWEEN 5TH AVE AND 6TH AVE,NW,7,Belltown,South,Paid Parking,120,47.61566637,-122.34138494
77229,BLANCHARD ST BETWEEN 6TH AVE AND 7TH AVE,NW,4,Denny Triangle,North,Paid Parking,240,47.61632966,-122.3405162
54513,BLANCHARD ST BETWEEN WESTERN AVE AND 1ST AVE,NW,8,Belltown,South,Paid Parking,120,47.61233327,-122.34568472
54514,BLANCHARD ST BETWEEN WESTERN AVE AND 1ST AVE,SE,4,Belltown,South,Paid Parking,120,47.6122539,-122.34555039
77261,BOREN AVE BETWEEN FAIRVIEW AVE AND DENNY WAY,SW,2,Denny Triangle,North,Paid Parking,240,47.61812378,-122.33485267
77262,BOREN AVE BETWEEN FAIRVIEW AVE AND DENNY WAY,NE,4,Denny Triangle,North,Paid Parking,240,47.6182961,-122.3348533
77265,BOREN AVE N BETWEEN DENNY WAY AND JOHN ST,W,3,South Lake Union,South,Paid Parking,600,47.61912646,-122.33599288
32125,BOREN AVE N BETWEEN HARRISON ST AND REPUBLICAN ST,W,23,South Lake Union,South,Paid Parking,600,47.6226007,-122.33595638
32126,BOREN AVE N BETWEEN HARRISON ST AND REPUBLICAN ST,E,10,South Lake Union,South,Paid Parking,120,47.62261492,-122.33572918
32121,BOREN AVE N BETWEEN JOHN ST AND THOMAS ST,W,2,South Lake Union,South,Paid Parking,120,47.62027032,-122.33596324
32122,BOREN AVE N BETWEEN JOHN ST AND THOMAS ST,E,15,South Lake Union,South,Paid Parking,120,47.62028326,-122.33576039
32129,BOREN AVE N BETWEEN REPUBLICAN ST AND MERCER SR ST,W,5,South Lake Union,South,Paid Parking,120,47.62386321,-122.33592998
32130,BOREN AVE N BETWEEN REPUBLICAN ST AND MERCER SR ST,E,7,South Lake Union,South,Paid Parking,120,47.62387342,-122.33573119
9393,BOREN AVE N BETWEEN THOMAS ST AND HARRISON ST,W,3,South Lake Union,South,Paid Parking,120,47.62142469,-122.33595379
9394,BOREN AVE N BETWEEN THOMAS ST AND HARRISON ST,E,2,South Lake Union,South,Paid Parking,120,47.62142529,-122.33575104
77317,BOYLSTON AVE BETWEEN E PIKE ST AND E PINE ST,W,7,Pike-Pine,,Restricted Parking Zone,120,47.6146611,-122.3234816
32177,BOYLSTON AVE BETWEEN E PINE ST AND E OLIVE ST,W,5,Capitol Hill,South,Restricted Parking Zone,120,47.61581966,-122.32352842
32173,BOYLSTON AVE BETWEEN E UNION ST AND E PIKE ST,W,9,Pike-Pine,,Restricted Parking Zone,120,47.61352495,-122.32346094
9421,BOYLSTON AVE BETWEEN MADISON ST AND SPRING ST,SW,5,First Hill,,Paid Parking,120,47.61107432,-122.32224767
9422,BOYLSTON AVE BETWEEN MADISON ST AND SPRING ST,NE,8,First Hill,,Paid Parking,120,47.61113665,-122.32210446
54606,BOYLSTON AVE BETWEEN MARION ST AND MADISON ST,NE,5,First Hill,,Paid Parking,120,47.61039901,-122.3214265
54610,BOYLSTON AVE BETWEEN SENECA ST AND UNIVERSITY W ST,NE,7,First Hill,,Restricted Parking Zone,120,47.61256215,-122.32340074
77313,BOYLSTON AVE BETWEEN SPRING ST AND SENECA ST,SW,6,First Hill,,Paid Parking,120,47.61177526,-122.32285409
77314,BOYLSTON AVE BETWEEN SPRING ST AND SENECA ST,NE,8,First Hill,,Restricted Parking Zone,120,47.61183608,-122.32272379
54673,BROAD ST BETWEEN 2ND AVE AND 3RD AVE,NW,7,Belltown,North,Paid Parking,240,47.61796364,-122.35129465
9441,BROAD ST BETWEEN DENNY WAY AND 4TH AVE N,NW,11,Uptown Triangle,,Paid Parking,240,47.61920323,-122.34967871
9442,BROAD ST BETWEEN DENNY WAY AND 4TH AVE N,SE,9,Uptown Triangle,,Paid Parking,240,47.61911503,-122.34952886
32230,BROAD ST BETWEEN JOHN ST AND 5TH AVE N,SE,5,Uptown Triangle,,Paid Parking,240,47.62018289,-122.348136
54669,BROAD ST BETWEEN WESTERN AVE AND 1ST AVE,NW,5,Belltown,North,Paid Parking,240,47.61664133,-122.35303647
32258,BROADWAY BETWEEN BOYLSTON AVE AND MARION ST,E,3,First Hill,,Paid Parking,120,47.60984775,-122.32064833
54725,BROADWAY BETWEEN E PIKE ST AND E PINE ST,W,8,Pike-Pine,,Paid Parking,120,47.61467932,-122.32089936
54729,BROADWAY BETWEEN E PINE ST AND XW E OLIVE ST,W,6,Capitol Hill,South,Paid Parking,120,47.615854,-122.32093008
54730,BROADWAY BETWEEN E PINE ST AND XW E OLIVE ST,E,10,Capitol Hill,South,Paid Parking,120,47.61585834,-122.32070714
54722,BROADWAY BETWEEN HARVARD AVE AND E UNION ST,E,7,First Hill,,Paid Parking,120,47.6121046,-122.32063959
9461,BROADWAY BETWEEN XW E OLIVE ST AND E HOWELL ST,W,12,Capitol Hill,South,Paid Parking,120,47.61694964,-122.32092724
9462,BROADWAY BETWEEN XW E OLIVE ST AND E HOWELL ST,E,4,Capitol Hill,South,Paid Parking,120,47.61695112,-122.32072453
9453,BROADWAY BETWEEN YESLER WAY AND E FIR ST,W,5,First Hill,,Paid Parking,120,47.60219533,-122.32085212
9454,BROADWAY BETWEEN YESLER WAY AND E FIR ST,E,7,First Hill,,Paid Parking,120,47.60220106,-122.32062514
54754,BROADWAY CT BETWEEN E MADISON ST AND E SENECA ST,E,6,Pike-Pine,,Paid Parking,240,47.61188096,-122.31980299
77382,BROADWAY CT BETWEEN E SENECA ST AND E UNION ST,E,5,Pike-Pine,,Paid Parking,240,47.61255277,-122.31980685
9469,BROADWAY E BETWEEN E DENNY WAY AND E OLIVE WAY,W,9,Capitol Hill,South,Paid Parking,120,47.61932425,-122.32096913
9470,BROADWAY E BETWEEN E DENNY WAY AND E OLIVE WAY,E,8,Capitol Hill,South,Paid Parking,120,47.61932307,-122.32075419
32265,BROADWAY E BETWEEN E HARRISON ST AND E REPUBLICAN ST,W,4,Capitol Hill,North,Paid Parking,120,47.62255637,-122.32102062
32266,BROADWAY E BETWEEN E HARRISON ST AND E REPUBLICAN ST,E,8,Capitol Hill,North,Paid Parking,120,47.62255516,-122.32080973
9477,BROADWAY E BETWEEN E MERCER ST AND E ROY E ST,W,8,Capitol Hill,North,Paid Parking,120,47.62467789,-122.3210662
9478,BROADWAY E BETWEEN E MERCER ST AND E ROY E ST,E,4,Capitol Hill,North,Paid Parking,120,47.62464606,-122.32083146
9473,BROADWAY E BETWEEN E OLIVE WAY AND E THOMAS ST,W,4,Capitol Hill,North,Paid Parking,120,47.62050882,-122.32098799
9474,BROADWAY E BETWEEN E OLIVE WAY AND E THOMAS ST,E,13,Capitol Hill,North,Paid Parking,120,47.62050766,-122.32077305
54737,BROADWAY E BETWEEN E REPUBLICAN ST AND E MERCER ST,W,15,Capitol Hill,North,Paid Parking,120,47.62369682,-122.32104278
54738,BROADWAY E BETWEEN E REPUBLICAN ST AND E MERCER ST,E,5,Capitol Hill,North,Paid Parking,120,47.62368073,-122.32081137
54741,BROADWAY E BETWEEN E ROY W ST AND E ALOHA ST,W,6,Capitol Hill,North,Paid Parking,120,47.62597214,-122.32141642
54733,BROADWAY E BETWEEN E THOMAS ST AND E HARRISON ST,W,11,Capitol Hill,North,Paid Parking,120,47.62152987,-122.32100027
54734,BROADWAY E BETWEEN E THOMAS ST AND E HARRISON ST,E,8,Capitol Hill,North,Paid Parking,120,47.6215287,-122.32078533
54765,BROOKLYN AVE NE BETWEEN NE 41ST ST AND NE 42ND ST,W,18,University District,Core,Paid Parking,120,47.65755256,-122.31447503
54766,BROOKLYN AVE NE BETWEEN NE 41ST ST AND NE 42ND ST,E,16,University District,Core,Paid Parking,120,47.65756816,-122.31429199
77389,BROOKLYN AVE NE BETWEEN NE 42ND ST AND NE 43RD ST,W,16,University District,Core,Paid Parking,120,47.65904109,-122.31442982
77390,BROOKLYN AVE NE BETWEEN NE 42ND ST AND NE 43RD ST,E,7,University District,Core,Paid Parking,120,47.65903895,-122.3142513
77393,BROOKLYN AVE NE BETWEEN NE 43RD ST AND NE 45TH ST,W,8,University District,Core,Paid Parking,120,47.6605153,-122.31439334
9509,BROOKLYN AVE NE BETWEEN NE 45TH ST AND NE 47TH ST,W,14,University District,Core,Paid Parking,120,47.66217406,-122.31432926
32289,BROOKLYN AVE NE BETWEEN NE 47TH ST AND NE 50TH ST,W,19,University District,Core,Paid Parking,120,47.66400472,-122.31431739
32290,BROOKLYN AVE NE BETWEEN NE 47TH ST AND NE 50TH ST,E,16,University District,Core,Paid Parking,120,47.6640034,-122.31413072
32297,BROOKLYN AVE NE BETWEEN NE 65TH ST AND NE 66TH ST,W,4,Roosevelt,,Paid Parking,240,47.67616419,-122.31440402
9677,CEDAR ST BETWEEN 1ST AVE AND 2ND AVE,NW,7,Belltown,North,Paid Parking,240,47.61621189,-122.35024738
9678,CEDAR ST BETWEEN 1ST AVE AND 2ND AVE,SE,5,Belltown,North,Paid Parking,240,47.61608617,-122.3500868
54953,CEDAR ST BETWEEN 2ND AVE AND 3RD AVE,NW,7,Belltown,North,Paid Parking,240,47.61685194,-122.34942031
54954,CEDAR ST BETWEEN 2ND AVE AND 3RD AVE,SE,5,Belltown,North,Paid Parking,240,47.61673547,-122.34924775
32429,CEDAR ST BETWEEN 3RD AVE AND 4TH AVE,NW,7,Belltown,North,Paid Parking,240,47.61750448,-122.34854447
32430,CEDAR ST BETWEEN 3RD AVE AND 4TH AVE,SE,8,Belltown,North,Paid Parking,240,47.61740601,-122.34838097
32433,CEDAR ST BETWEEN 4TH AVE AND DENNY WAY,NW,3,Belltown,North,Paid Parking,240,47.61818792,-122.34772514
32434,CEDAR ST BETWEEN 4TH AVE AND DENNY WAY,SE,2,Belltown,North,Paid Parking,240,47.6181351,-122.34751872
9673,CEDAR ST BETWEEN ELLIOTT AVE AND WESTERN AVE,NW,4,Belltown,North,Paid Parking,240,47.61487144,-122.35196004
9674,CEDAR ST BETWEEN ELLIOTT AVE AND WESTERN AVE,SE,9,Belltown,North,Paid Parking,240,47.61477551,-122.35180404
32425,CEDAR ST BETWEEN WESTERN AVE AND 1ST AVE,NW,9,Belltown,North,Paid Parking,240,47.61553753,-122.35110871
32426,CEDAR ST BETWEEN WESTERN AVE AND 1ST AVE,SE,6,Belltown,North,Paid Parking,240,47.61541688,-122.35096316
32461,CHERRY ST BETWEEN 1ST AVE AND 2ND AVE,NW,8,Pioneer Square,Core,Paid Parking,120,47.6028645,-122.33374264
32462,CHERRY ST BETWEEN 1ST AVE AND 2ND AVE,SE,7,Pioneer Square,Core,Paid Parking,120,47.6027526,-122.33364026
77545,CHERRY ST BETWEEN 2ND AVE AND 3RD AVE,NW,8,Pioneer Square,Core,Paid Parking,120,47.60331352,-122.33266198
77546,CHERRY ST BETWEEN 2ND AVE AND 3RD AVE,SE,3,Pioneer Square,Core,Paid Parking,120,47.60320717,-122.33256944
77549,CHERRY ST BETWEEN 3RD AVE AND 4TH AVE,NW,4,Commercial Core,Financial,Paid Parking,120,47.60376907,-122.33155793
77550,CHERRY ST BETWEEN 3RD AVE AND 4TH AVE,SE,9,Commercial Core,Financial,Paid Parking,120,47.60366272,-122.33146539
94651,CHERRY ST BETWEEN 4TH AVE AND 5TH AVE,NW,11,Commercial Core,Financial,Paid Parking,120,47.6042352,-122.33045145
32470,CHERRY ST BETWEEN 8TH AVE AND 9TH AVE,SE,7,First Hill,,Restricted Parking Zone,120,47.60600256,-122.32592436
77557,CHERRY ST BETWEEN 9TH AVE AND TERRY AVE,NW,7,First Hill,,Paid Parking,120,47.60654852,-122.32487277
77558,CHERRY ST BETWEEN 9TH AVE AND TERRY AVE,SE,12,First Hill,,Restricted Parking Zone,120,47.60646959,-122.32478402
77562,CHERRY ST BETWEEN BOREN AVE AND MINOR AVE,SE,11,First Hill,,Paid Parking,120,47.60739467,-122.32255557
9702,CHERRY ST BETWEEN MINOR AVE AND BROADWAY,SE,3,First Hill,,Paid Parking,120,47.60787279,-122.32142554
9697,CHERRY ST BETWEEN TERRY AVE AND BOREN AVE,NW,11,First Hill,,Paid Parking,120,47.60700114,-122.32379003
9698,CHERRY ST BETWEEN TERRY AVE AND BOREN AVE,SE,6,First Hill,,Restricted Parking Zone,120,47.60692222,-122.32370126
9721,CLAY ST BETWEEN 1ST AVE AND 2ND AVE,NW,4,Belltown,North,Paid Parking,240,47.61674142,-122.35121044
9722,CLAY ST BETWEEN 1ST AVE AND 2ND AVE,SE,13,Belltown,North,Paid Parking,240,47.61663318,-122.35102727
32489,CLAY ST BETWEEN 2ND AVE AND 3RD AVE,NW,14,Belltown,North,Paid Parking,240,47.61740397,-122.35035405
54985,CLAY ST BETWEEN 3RD AVE AND 4TH AVE,NW,6,Belltown,North,Paid Parking,240,47.61806027,-122.34947863
54986,CLAY ST BETWEEN 3RD AVE AND 4TH AVE,SE,8,Belltown,North,Paid Parking,240,47.61799756,-122.34929581
77569,CLAY ST BETWEEN ELLIOTT AVE AND WESTERN AVE,NW,9,Belltown,North,Paid Parking,240,47.61542497,-122.35290183
77570,CLAY ST BETWEEN ELLIOTT AVE AND WESTERN AVE,SE,17,Belltown,North,Paid Parking,240,47.61532287,-122.35273225
77573,CLAY ST BETWEEN WESTERN AVE AND 1ST AVE,NW,7,Belltown,North,Paid Parking,240,47.61606995,-122.35206772
77574,CLAY ST BETWEEN WESTERN AVE AND 1ST AVE,SE,14,Belltown,North,Paid Parking,240,47.6159769,-122.35191338
77609,COLUMBIA ST BETWEEN 3RD AVE AND 4TH AVE,NW,5,Commercial Core,Financial,Paid Parking,120,47.60447615,-122.33220929
77610,COLUMBIA ST BETWEEN 3RD AVE AND 4TH AVE,SE,4,Commercial Core,Financial,Paid Parking,120,47.60437894,-122.332118
9769,COLUMBIA ST BETWEEN 4TH AVE AND 5TH AVE,NW,3,Commercial Core,Financial,Paid Parking,120,47.60494713,-122.33108355
9770,COLUMBIA ST BETWEEN 4TH AVE AND 5TH AVE,SE,4,Commercial Core,Financial,Paid Parking,120,47.6048449,-122.33100429
77613,COLUMBIA ST BETWEEN 5TH AVE AND 6TH AVE,NW,6,Commercial Core,Financial,Paid Parking,120,47.60541497,-122.3299804
77618,COLUMBIA ST BETWEEN 7TH AVE AND 8TH AVE,SE,7,First Hill,,Paid Parking,120,47.60626271,-122.327653
32554,COLUMBIA ST BETWEEN 8TH AVE AND 9TH AVE,SE,3,First Hill,,Paid Parking,120,47.606704,-122.32659016
55025,COLUMBIA ST BETWEEN 9TH AVE AND TERRY AVE,NW,7,First Hill,,Paid Parking,120,47.60726592,-122.32553133
55026,COLUMBIA ST BETWEEN 9TH AVE AND TERRY AVE,SE,10,First Hill,,Restricted Parking Zone,120,47.60718161,-122.32544003
55029,COLUMBIA ST BETWEEN TERRY AVE AND BOREN AVE,NW,10,First Hill,,Paid Parking,120,47.60771806,-122.3244191
55030,COLUMBIA ST BETWEEN TERRY AVE AND BOREN AVE,SE,5,First Hill,,Paid Parking,120,47.60764057,-122.32435775
134961,DEXTER AVE N BETWEEN ALOHA ST AND WARD ST,W,8,South Lake Union,North,Paid Parking,120,47.62757257,-122.34243224
134962,DEXTER AVE N BETWEEN ALOHA ST AND WARD ST,E,4,South Lake Union,North,Paid Parking,120,47.62759084,-122.34221309
77993,DEXTER AVE N BETWEEN COMSTOCK ST AND LEE ST,W,9,South Lake Union,North,Paid Parking,120,47.63099759,-122.34240192
77994,DEXTER AVE N BETWEEN COMSTOCK ST AND LEE ST,E,7,South Lake Union,North,Paid Parking,120,47.63096125,-122.34218322
55369,DEXTER AVE N BETWEEN DENNY WAY AND JOHN ST,W,3,South Lake Union,South,Paid Parking,120,47.61913275,-122.34254683
55370,DEXTER AVE N BETWEEN DENNY WAY AND JOHN ST,E,2,South Lake Union,South,Paid Parking,120,47.61912951,-122.3422468
10054,DEXTER AVE N BETWEEN HARRISON ST AND REPUBLICAN ST,E,5,South Lake Union,South,Paid Parking,120,47.62263094,-122.34221647
77989,DEXTER AVE N BETWEEN HIGHLAND DR AND COMSTOCK ST,W,5,South Lake Union,North,Paid Parking,120,47.63017123,-122.3424091
77990,DEXTER AVE N BETWEEN HIGHLAND DR AND COMSTOCK ST,E,6,South Lake Union,North,Paid Parking,120,47.63011566,-122.34219059
55373,DEXTER AVE N BETWEEN JOHN ST AND THOMAS ST,W,5,South Lake Union,South,Paid Parking,120,47.62030601,-122.3425489
55374,DEXTER AVE N BETWEEN JOHN ST AND THOMAS ST,E,11,South Lake Union,South,Paid Parking,120,47.620302,-122.34222454
32913,DEXTER AVE N BETWEEN LEE ST AND GALER ST,W,5,South Lake Union,North,Paid Parking,120,47.63185449,-122.34239467
32914,DEXTER AVE N BETWEEN LEE ST AND GALER ST,E,11,South Lake Union,North,Paid Parking,120,47.63181807,-122.34217596
134965,DEXTER AVE N BETWEEN PROSPECT ST AND HIGHLAND DR,E,7,South Lake Union,North,Paid Parking,120,47.62928579,-122.34219801
55377,DEXTER AVE N BETWEEN REPUBLICAN ST AND MERCER ST,W,3,South Lake Union,South,Paid Parking,120,47.62379307,-122.34251847
32909,DEXTER AVE N BETWEEN THOMAS ST AND HARRISON ST,W,4,South Lake Union,South,Paid Parking,120,47.62147136,-122.34254292
32910,DEXTER AVE N BETWEEN THOMAS ST AND HARRISON ST,E,4,South Lake Union,South,Paid Parking,120,47.62148098,-122.34221033
77982,DEXTER AVE N BETWEEN VALLEY ST AND ALOHA ST,E,2,South Lake Union,North,Paid Parking,600,47.62670217,-122.34220881
77985,DEXTER AVE N BETWEEN WARD ST AND PROSPECT ST,W,6,South Lake Union,North,Paid Parking,120,47.62844616,-122.34242449
77986,DEXTER AVE N BETWEEN WARD ST AND PROSPECT ST,E,11,South Lake Union,North,Paid Parking,120,47.62844527,-122.3422055
78041,EAGLE ST BETWEEN 1ST AVE AND 2ND WR AVE,NW,8,Belltown,North,Paid Parking,240,47.61808068,-122.3534781
78042,EAGLE ST BETWEEN 1ST AVE AND 2ND WR AVE,SE,4,Belltown,North,Paid Parking,240,47.61798174,-122.35332597
55429,EAGLE ST BETWEEN WESTERN AVE AND 1ST AVE,NW,7,Belltown,North,Paid Parking,240,47.617408,-122.35433613
55430,EAGLE ST BETWEEN WESTERN AVE AND 1ST AVE,SE,6,Belltown,North,Paid Parking,240,47.61731632,-122.35419616
59374,EAST GREEN LAKE DR N BETWEEN NE 72ND ST AND NE MAPLE LEAF PL,NE,3,Green Lake,,Paid Parking,120,47.68054512,-122.32586409
36674,EAST GREEN LAKE WAY N BETWEEN 1ST AVE NE AND 2ND AVE NE,S,3,Green Lake,,Paid Parking,120,47.67823695,-122.32790625
59398,EAST GREEN LAKE WAY N BETWEEN 2ND AVE NE AND 4TH AVE NE,S,3,Green Lake,,Paid Parking,120,47.67837391,-122.3271234
36678,EAST GREEN LAKE WAY N BETWEEN 4TH AVE NE AND NE RAVENNA SR BV,SE,5,Green Lake,,Paid Parking,120,47.67867099,-122.32641739
81998,EAST GREEN LAKE WAY N BETWEEN SUNNYSIDE AVE N AND 1ST AVE NE,S,3,Green Lake,,Paid Parking,120,47.67826927,-122.32884207
78065,EASTLAKE AVE BETWEEN HOWELL ST AND DENNY LOWER WAY,W,5,Denny Triangle,North,Paid Parking,240,47.61818495,-122.32926153
78069,EASTLAKE AVE E BETWEEN DENNY LOWER WAY AND STEWART ST,W,12,South Lake Union,South,Paid Parking,600,47.61913534,-122.32925328
55453,EASTLAKE AVE E BETWEEN E NELSON PL AND FAIRVIEW AVE N,NW,18,South Lake Union,North,Paid Parking,600,47.63134595,-122.32681868
55454,EASTLAKE AVE E BETWEEN E NELSON PL AND FAIRVIEW AVE N,SE,7,South Lake Union,North,Paid Parking,600,47.63127461,-122.32657593
55449,EASTLAKE AVE E BETWEEN HARRISON ST AND REPUBLICAN ST,W,10,South Lake Union,South,Restricted Parking Zone,120,47.62252079,-122.32927427
10161,EASTLAKE AVE E BETWEEN LAKEVIEW BLVD E AND ALOHA ST,W,12,South Lake Union,North,Paid Parking,120,47.62599666,-122.32935349
120105,EASTLAKE AVE E BETWEEN PROSPECT ST AND E NELSON PL,NW,21,South Lake Union,North,Paid Parking,600,47.629648,-122.32878566
120107,EASTLAKE AVE E BETWEEN PROSPECT ST AND E NELSON PL,SE,7,South Lake Union,North,Paid Parking,600,47.62961418,-122.32853909
78073,EASTLAKE AVE E BETWEEN REPUBLICAN ST AND MERCER ST,W,4,South Lake Union,South,Restricted Parking Zone,120,47.62369838,-122.32928164
33005,EASTLAKE AVE E BETWEEN STEWART ST AND THOMAS ST,W,14,South Lake Union,South,Paid Parking,120,47.62021914,-122.32926393
59121,E BLAINE ST BETWEEN FAIRVIEW AVE E AND EASTLAKE AVE E,N,13,South Lake Union,North,Paid Parking,240,47.63490156,-122.32607078
59122,E BLAINE ST BETWEEN FAIRVIEW AVE E AND EASTLAKE AVE E,S,11,South Lake Union,North,Paid Parking,240,47.63483028,-122.32607078
36490,E CHERRY ST BETWEEN 16TH AVE AND 17TH AVE,S,10,Cherry Hill,,Paid Parking,120,47.60797363,-122.31086289
36493,E CHERRY ST BETWEEN 17TH AVE AND 18TH AVE,N,10,Cherry Hill,,Paid Parking,120,47.60808627,-122.30958885
36494,E CHERRY ST BETWEEN 17TH AVE AND 18TH AVE,S,9,Cherry Hill,,Paid Parking,120,47.60796583,-122.30963836
59246,E DENNY WAY BETWEEN 10TH AVE E AND 11TH AVE,S,9,Capitol Hill,South,Paid Parking,240,47.61871263,-122.31892184
14025,E DENNY WAY BETWEEN 15TH AVE AND 16TH AVE,N,4,15th Avenue E,,Paid Parking,120,47.6185543,-122.31209469
82014,E HARRISON ST BETWEEN BROADWAY E AND 10TH AVE E,S,4,Capitol Hill,North,Paid Parking,120,47.62194122,-122.32036323
36813,E JEFFERSON ST BETWEEN 17TH AVE AND 18TH AVE,N,4,Cherry Hill,,Paid Parking,120,47.60623321,-122.3096213
36814,E JEFFERSON ST BETWEEN 17TH AVE AND 18TH AVE,S,5,Cherry Hill,,Paid Parking,120,47.60611795,-122.30959608
10213,ELLIOTT AVE BETWEEN BATTERY ST AND WALL ST,SW,5,Belltown,North,Paid Parking,240,47.61299909,-122.34999168
10214,ELLIOTT AVE BETWEEN BATTERY ST AND WALL ST,NE,7,Belltown,North,Paid Parking,240,47.61312816,-122.3499266
10209,ELLIOTT AVE BETWEEN BELL ST AND BATTERY ST,SW,9,Belltown,North,Paid Parking,240,47.61233829,-122.34887474
10210,ELLIOTT AVE BETWEEN BELL ST AND BATTERY ST,NE,8,Belltown,North,Paid Parking,240,47.61245896,-122.34878316
78122,ELLIOTT AVE BETWEEN CEDAR ST AND CLAY ST,NE,9,Belltown,North,Paid Parking,240,47.61478184,-122.35269231
10221,ELLIOTT AVE BETWEEN CLAY ST AND BROAD ST,SW,9,Belltown,North,Paid Parking,240,47.61525792,-122.3538062
10222,ELLIOTT AVE BETWEEN CLAY ST AND BROAD ST,NE,7,Belltown,North,Paid Parking,240,47.61534671,-122.35367301
55473,ELLIOTT AVE BETWEEN LENORA ST AND BLANCHARD ST,N,7,Belltown,South,Paid Parking,120,47.61153645,-122.34590525
55474,ELLIOTT AVE BETWEEN LENORA ST AND BLANCHARD ST,S,5,Belltown,South,Paid Parking,120,47.61135286,-122.34575092
10217,ELLIOTT AVE BETWEEN VINE ST AND CEDAR ST,SW,4,Belltown,North,Paid Parking,240,47.61414801,-122.3519287
10218,ELLIOTT AVE BETWEEN VINE ST AND CEDAR ST,NE,7,Belltown,North,Paid Parking,240,47.6142435,-122.35179456
78117,ELLIOTT AVE BETWEEN WALL ST AND VINE ST,SW,10,Belltown,North,Paid Parking,240,47.6135763,-122.35100449
78118,ELLIOTT AVE BETWEEN WALL ST AND VINE ST,NE,7,Belltown,North,Paid Parking,240,47.61370194,-122.35084742
14398,E MADISON ST BETWEEN 10TH AVE AND E SENECA ST,SE,10,Pike-Pine,,Paid Parking,240,47.61191344,-122.31878899
59702,E MADISON ST BETWEEN BROADWAY CT AND 10TH AVE,SE,2,Pike-Pine,,Paid Parking,240,47.61159553,-122.3195596
82362,E MERCER ST BETWEEN BROADWAY E AND 10TH AVE E,S,2,Capitol Hill,North,Paid Parking,120,47.62420511,-122.32039978
14602,E NELSON PL BETWEEN EASTLAKE AVE E AND DEAD END,SW,3,South Lake Union,North,Paid Parking,600,47.63042407,-122.32736958
59945,E OLIVE WAY BETWEEN HARVARD AVE E AND BROADWAY E,N,1,Capitol Hill,South,Paid Parking,120,47.61997118,-122.32158697
59961,E PIKE ST BETWEEN 10TH AVE AND 11TH AVE,N,7,Pike-Pine,,Paid Parking,120,47.614161,-122.31880508
59962,E PIKE ST BETWEEN 10TH AVE AND 11TH AVE,S,3,Pike-Pine,,Paid Parking,120,47.61401857,-122.3187867
14678,E PIKE ST BETWEEN 11TH AVE AND 12TH AVE,S,5,Pike-Pine,,Paid Parking,120,47.61402223,-122.31750336
59965,E PIKE ST BETWEEN 12TH AVE AND 13TH AVE,N,12,Pike-Pine,,Paid Parking,120,47.61417997,-122.3161335
59966,E PIKE ST BETWEEN 12TH AVE AND 13TH AVE,S,9,Pike-Pine,,Paid Parking,120,47.61403722,-122.31615961
37141,E PIKE ST BETWEEN 13TH AVE AND 14TH AVE,N,6,Pike-Pine,,Paid Parking,120,47.61418868,-122.31489633
37142,E PIKE ST BETWEEN 13TH AVE AND 14TH AVE,S,9,Pike-Pine,,Paid Parking,120,47.61404624,-122.31487795
14674,E PIKE ST BETWEEN BELMONT AVE AND BOYLSTON AVE,S,5,Pike-Pine,,Paid Parking,120,47.61403153,-122.32394016
37134,E PIKE ST BETWEEN BOYLSTON AVE AND HARVARD AVE,S,6,Pike-Pine,,Paid Parking,120,47.61399996,-122.32276436
37137,E PIKE ST BETWEEN BROADWAY AND 10TH AVE,N,7,Pike-Pine,,Paid Parking,120,47.61415756,-122.32006021
37138,E PIKE ST BETWEEN BROADWAY AND 10TH AVE,S,6,Pike-Pine,,Paid Parking,120,47.61400676,-122.32006191
59958,E PIKE ST BETWEEN HARVARD AVE AND BROADWAY,S,4,Pike-Pine,,Paid Parking,120,47.61400239,-122.3214466
59954,E PIKE ST BETWEEN SUMMIT AVE AND BELMONT AVE,S,3,Pike-Pine,,Paid Parking,120,47.6140229,-122.32499531
60009,E PINE ST BETWEEN 11TH AVE AND 12TH AVE,N,9,Pike-Pine,,Paid Parking,120,47.61535222,-122.3175285
60010,E PINE ST BETWEEN 11TH AVE AND 12TH AVE,S,5,Pike-Pine,,Paid Parking,120,47.61520438,-122.31749986
37189,E PINE ST BETWEEN 12TH AVE AND 13TH AVE,N,5,Pike-Pine,,Paid Parking,120,47.61532903,-122.3161558
37190,E PINE ST BETWEEN 12TH AVE AND 13TH AVE,S,2,Pike-Pine,,Paid Parking,120,47.61521396,-122.31614397
60013,E PINE ST BETWEEN 13TH AVE AND 14TH AVE,N,4,Pike-Pine,,Paid Parking,120,47.61534047,-122.31489847
60014,E PINE ST BETWEEN 13TH AVE AND 14TH AVE,S,4,Pike-Pine,,Paid Parking,120,47.61521706,-122.31490467
14701,E PINE ST BETWEEN 14TH AVE AND 15TH AVE,N,6,Pike-Pine,,Paid Parking,120,47.61535852,-122.31351093
14702,E PINE ST BETWEEN 14TH AVE AND 15TH AVE,S,6,Pike-Pine,,Paid Parking,120,47.61522976,-122.3134857
59997,E PINE ST BETWEEN BELLEVUE AVE AND CRAWFORD PL,N,4,Pike-Pine,,Paid Parking,120,47.61529836,-122.32647201
37177,E PINE ST BETWEEN BELMONT AVE AND BOYLSTON AVE,N,6,Pike-Pine,,Paid Parking,120,47.61530499,-122.3239188
37178,E PINE ST BETWEEN BELMONT AVE AND BOYLSTON AVE,S,6,Pike-Pine,,Paid Parking,120,47.61516782,-122.3239332
14697,E PINE ST BETWEEN BOYLSTON AVE AND HARVARD AVE,N,7,Pike-Pine,,Paid Parking,120,47.61531088,-122.32277805
14698,E PINE ST BETWEEN BOYLSTON AVE AND HARVARD AVE,S,4,Pike-Pine,,Paid Parking,120,47.61516284,-122.32277932
37185,E PINE ST BETWEEN BROADWAY AND NAGLE PL,N,2,Pike-Pine,,Paid Parking,120,47.61533442,-122.32035445
37174,E PINE ST BETWEEN CRAWFORD PL AND SUMMIT AVE,S,2,Pike-Pine,,Paid Parking,120,47.61514809,-122.32587891
37181,E PINE ST BETWEEN HARVARD AVE AND BROADWAY,N,3,Pike-Pine,,Paid Parking,120,47.61532115,-122.32146768
59994,E PINE ST BETWEEN MELROSE AVE AND BELLEVUE AVE,S,8,Pike-Pine,,Paid Parking,120,47.61514566,-122.32733505
60085,E REPUBLICAN ST BETWEEN 15TH N AVE E AND 16TH AVE E,N,3,15th Avenue E,,Paid Parking,120,47.623296,-122.3119833
60086,E REPUBLICAN ST BETWEEN 15TH N AVE E AND 16TH AVE E,S,2,15th Avenue E,,Restricted Parking Zone,120,47.62322472,-122.31198411
14770,E REPUBLICAN ST BETWEEN BROADWAY E AND 10TH AVE E,S,6,Capitol Hill,North,Paid Parking,120,47.62308318,-122.32036529
82654,E ROY ST BETWEEN BROADWAY E  E AND 10TH W AVE E,SE,3,Capitol Hill,North,Paid Parking,120,47.62518096,-122.32051138
82673,E SENECA ST BETWEEN 10TH AVE AND E MADISON ST,N,8,Pike-Pine,,Paid Parking,120,47.61224029,-122.31883737
82674,E SENECA ST BETWEEN 10TH AVE AND E MADISON ST,S,3,Pike-Pine,,Paid Parking,120,47.61212158,-122.31900542
82765,E THOMAS ST BETWEEN 15TH S AVE E AND 16TH AVE E,N,2,15th Avenue E,,Paid Parking,120,47.62055062,-122.31204969
60182,E THOMAS ST BETWEEN HARVARD AVE E AND BROADWAY E,S,5,Capitol Hill,North,Paid Parking,120,47.62102996,-122.32156166
14953,E UNION ST BETWEEN 10TH AVE AND 11TH AVE,N,6,Pike-Pine,,Paid Parking,120,47.61300718,-122.31881786
14954,E UNION ST BETWEEN 10TH AVE AND 11TH AVE,S,4,Pike-Pine,,Paid Parking,120,47.612867,-122.31876337
14957,E UNION ST BETWEEN 12TH AVE AND 13TH AVE,N,3,Pike-Pine,,Paid Parking,120,47.61297261,-122.31611166
60225,E UNION ST BETWEEN BOYLSTON AVE AND HARVARD AVE,N,7,Pike-Pine,,Restricted Parking Zone,120,47.61304716,-122.32272028
37437,E UNION ST BETWEEN BROADWAY AND BROADWAY CT,N,1,Pike-Pine,,Paid Parking,120,47.6130204,-122.32024972
37438,E UNION ST BETWEEN BROADWAY AND BROADWAY CT,S,3,Pike-Pine,,Paid Parking,120,47.61288619,-122.32025835
60222,E UNION ST BETWEEN CRAWFORD PL AND SUMMIT AVE,S,5,Pike-Pine,,Restricted Parking Zone,120,47.61293308,-122.32587764
10277,EVANSTON AVE N BETWEEN N 34TH ST AND N 35TH ST,W,7,Fremont,,Paid Parking,120,47.65029348,-122.35138201
10278,EVANSTON AVE N BETWEEN N 34TH ST AND N 35TH ST,E,8,Fremont,,Paid Parking,120,47.65026643,-122.35121175
10281,EVANSTON AVE N BETWEEN N 35TH ST AND N 36TH ST,W,2,Fremont,,Paid Parking,120,47.65108031,-122.35140629
10282,EVANSTON AVE N BETWEEN N 35TH ST AND N 36TH ST,E,3,Fremont,,Paid Parking,120,47.65098372,-122.35120378
33142,FAIRVIEW AVE N BETWEEN DENNY WAY AND JOHN ST,E,3,South Lake Union,South,Paid Parking,120,47.61911853,-122.33419318
55641,FAIRVIEW AVE N BETWEEN HARRISON ST AND REPUBLICAN ST,W,15,South Lake Union,South,Paid Parking,120,47.62261088,-122.33443905
33146,FAIRVIEW AVE N BETWEEN JOHN ST AND THOMAS ST,E,13,South Lake Union,South,Paid Parking,600,47.62024125,-122.33419944
55637,FAIRVIEW AVE N BETWEEN THOMAS ST AND HARRISON ST,W,16,South Lake Union,South,Paid Parking,600,47.62143551,-122.33444547
94612,FAIRVIEW NR AVE N BETWEEN YALE AVE N AND DEAD END,SE,23,South Lake Union,North,Paid Parking,120,47.62923993,-122.33049132
33273,FREMONT AVE N BETWEEN FREMONT PL N AND N 36TH ST,W,3,Fremont,,Paid Parking,120,47.65097205,-122.34999529
33274,FREMONT AVE N BETWEEN FREMONT PL N AND N 36TH ST,E,3,Fremont,,Paid Parking,120,47.65090542,-122.34979279
33338,FREMONT PL N BETWEEN FREMONT AVE N AND N 36TH ST,NE,5,Fremont,,Paid Parking,120,47.65102833,-122.35055557
10873,HARRISON ST BETWEEN 8TH AVE N AND 9TH AVE N,N,5,South Lake Union,South,Paid Parking,600,47.62212546,-122.34041259
10874,HARRISON ST BETWEEN 8TH AVE N AND 9TH AVE N,S,6,South Lake Union,South,Paid Parking,120,47.62196658,-122.3404443
56073,HARRISON ST BETWEEN 9TH AVE N AND WESTLAKE AVE N,N,4,South Lake Union,South,Paid Parking,120,47.62212606,-122.33914567
56074,HARRISON ST BETWEEN 9TH AVE N AND WESTLAKE AVE N,S,6,South Lake Union,South,Paid Parking,120,47.6219615,-122.33912682
78781,HARRISON ST BETWEEN AURORA AVE N AND DEXTER AVE N,N,6,South Lake Union,South,Paid Parking,600,47.62214055,-122.34302665
78705,HARRISON ST BETWEEN BOREN AVE N AND FAIRVIEW AVE N,N,8,South Lake Union,South,Paid Parking,600,47.62209926,-122.33513202
10869,HARRISON ST BETWEEN DEXTER AVE N AND 8TH AVE N,N,5,South Lake Union,South,Paid Parking,600,47.62213569,-122.34169609
10870,HARRISON ST BETWEEN DEXTER AVE N AND 8TH AVE N,S,5,South Lake Union,South,Paid Parking,120,47.62197119,-122.34169227
10797,HARRISON ST BETWEEN FAIRVIEW AVE N AND MINOR AVE N,N,4,South Lake Union,South,Paid Parking,120,47.62205537,-122.33364073
33517,HARRISON ST BETWEEN MINOR AVE N AND PONTIUS AVE N,N,6,South Lake Union,South,Restricted Parking Zone,120,47.62203391,-122.3323618
33518,HARRISON ST BETWEEN MINOR AVE N AND PONTIUS AVE N,S,9,South Lake Union,South,Restricted Parking Zone,120,47.6219051,-122.33237107
10801,HARRISON ST BETWEEN PONTIUS AVE N AND YALE AVE N,N,5,South Lake Union,South,Paid Parking,120,47.62203842,-122.33109893
10802,HARRISON ST BETWEEN PONTIUS AVE N AND YALE AVE N,S,6,South Lake Union,South,Paid Parking,120,47.62190148,-122.33105357
78701,HARRISON ST BETWEEN WESTLAKE AVE N AND TERRY AVE N,N,4,South Lake Union,South,Paid Parking,120,47.62211282,-122.33778888
78702,HARRISON ST BETWEEN WESTLAKE AVE N AND TERRY AVE N,S,1,South Lake Union,South,Paid Parking,120,47.62196471,-122.33776987
56082,HARRISON ST BETWEEN YALE AVE N AND EASTLAKE AVE E,S,10,South Lake Union,South,Paid Parking,120,47.62192424,-122.329809
56086,HARVARD AVE BETWEEN BROADWAY AND SPRING ST,NE,4,First Hill,,Paid Parking,120,47.61172363,-122.32110205
56149,HARVARD AVE BETWEEN E PIKE ST AND E PINE ST,E,11,Pike-Pine,,Paid Parking,120,47.61467559,-122.32202359
56150,HARVARD AVE BETWEEN E PIKE ST AND E PINE ST,W,11,Pike-Pine,,Paid Parking,120,47.61467413,-122.32221818
10886,HARVARD AVE BETWEEN E PINE ST AND E OLIVE ST,E,12,Capitol Hill,South,Paid Parking,120,47.61584917,-122.32203862
10877,HARVARD AVE BETWEEN SPRING ST AND SENECA ST,SW,7,First Hill,,Paid Parking,120,47.61228667,-122.32181013
10878,HARVARD AVE BETWEEN SPRING ST AND SENECA ST,NE,3,First Hill,,Paid Parking,120,47.61231173,-122.32163849
33673,HOWELL ST BETWEEN 9TH AVE AND TERRY AVE,NW,8,Denny Triangle,North,Paid Parking,240,47.61522135,-122.33279095
33674,HOWELL ST BETWEEN 9TH AVE AND TERRY AVE,SE,12,Denny Triangle,North,Paid Parking,240,47.61512486,-122.33265178
78937,HOWELL ST BETWEEN BOREN AVE AND MINOR AVE,NW,5,Denny Triangle,North,Paid Parking,240,47.61655931,-122.33105726
56241,HOWELL ST BETWEEN MINOR AVE AND YALE AVE,NW,3,Denny Triangle,North,Paid Parking,240,47.61721619,-122.3302179
78933,HOWELL ST BETWEEN TERRY AVE AND BOREN AVE,NW,9,Denny Triangle,North,Paid Parking,240,47.6158947,-122.33191225
78934,HOWELL ST BETWEEN TERRY AVE AND BOREN AVE,SE,8,Denny Triangle,North,Paid Parking,240,47.61578417,-122.33181854
33677,HOWELL ST BETWEEN YALE AVE AND EASTLAKE AVE,NW,4,Denny Triangle,North,Paid Parking,240,47.61771697,-122.329559
56246,HUBBELL PL BETWEEN 9TH AVE AND PIKE ST,E,10,First Hill,,Restricted Parking Zone,120,47.6121682,-122.32995858
33733,JAMES ST BETWEEN 2ND AVE AND 3RD AVE,NW,3,Pioneer Square,Core,Paid Parking,120,47.60259141,-122.33199665
33734,JAMES ST BETWEEN 2ND AVE AND 3RD AVE,SE,6,Pioneer Square,Core,Paid Parking,120,47.60249629,-122.33190037
11105,JAMES ST BETWEEN YESLER WAY AND 2ND AVE,NW,5,Pioneer Square,Core,Paid Parking,120,47.60214374,-122.33308082
11106,JAMES ST BETWEEN YESLER WAY AND 2ND AVE,SE,9,Pioneer Square,Core,Paid Parking,120,47.60202939,-122.33299949
11118,JEFFERSON ST BETWEEN 4TH AVE AND 5TH AVE,SE,16,Commercial Core,Financial,Paid Parking,120,47.6027045,-122.32904642
79010,JEFFERSON ST BETWEEN 5TH AVE AND 6TH AVE,SE,6,Commercial Core,Financial,Paid Parking,120,47.60317496,-122.32791788
79014,JEFFERSON ST BETWEEN 9TH AVE AND TERRY AVE,SE,4,First Hill,,Restricted Parking Zone,120,47.60501562,-122.32356438
11126,JEFFERSON ST BETWEEN TERRY AVE AND BOREN AVE,SE,9,First Hill,,Restricted Parking Zone,120,47.60548567,-122.32240985
33741,JOHN ST BETWEEN 5TH AVE N AND TAYLOR AVE N,N,6,Uptown Triangle,,Paid Parking,240,47.61980828,-122.34695788
33742,JOHN ST BETWEEN 5TH AVE N AND TAYLOR AVE N,S,8,Uptown Triangle,,Paid Parking,240,47.61966574,-122.34696304
79021,JOHN ST BETWEEN 6TH AVE N AND 7TH SB AVE N,N,3,Uptown Triangle,,Paid Parking,600,47.61980996,-122.34440288
79022,JOHN ST BETWEEN 6TH AVE N AND 7TH SB AVE N,S,4,Uptown Triangle,,Paid Parking,600,47.61964557,-122.34443042
56349,JOHN ST BETWEEN 7TH NB AVE N AND DEXTER AVE N,N,3,South Lake Union,South,Paid Parking,600,47.61980442,-122.34299816
56350,JOHN ST BETWEEN 7TH NB AVE N AND DEXTER AVE N,S,4,South Lake Union,South,Paid Parking,600,47.61964815,-122.34299759
11137,JOHN ST BETWEEN 8TH AVE N AND 9TH AVE N,N,9,South Lake Union,South,Paid Parking,120,47.6197865,-122.34040169
11138,JOHN ST BETWEEN 8TH AVE N AND 9TH AVE N,S,21,South Lake Union,South,Paid Parking,600,47.6196361,-122.34052184
79025,JOHN ST BETWEEN 9TH AVE N AND WESTLAKE AVE N,N,3,South Lake Union,South,Paid Parking,120,47.61977637,-122.3390879
79026,JOHN ST BETWEEN 9TH AVE N AND WESTLAKE AVE N,S,5,South Lake Union,South,Paid Parking,600,47.61963382,-122.33909112
11133,JOHN ST BETWEEN BROAD ST AND 5TH AVE N,N,5,Uptown Triangle,,Paid Parking,600,47.61980447,-122.34817375
56353,JOHN ST BETWEEN DEXTER AVE N AND 8TH AVE N,N,6,South Lake Union,South,Paid Parking,120,47.61980198,-122.34169801
56354,JOHN ST BETWEEN DEXTER AVE N AND 8TH AVE N,S,19,South Lake Union,South,Paid Parking,120,47.61964009,-122.34166097
79029,JOHN ST BETWEEN FAIRVIEW AVE N AND MINOR AVE N,N,7,South Lake Union,South,Restricted Parking Zone,120,47.61973194,-122.33362811
79030,JOHN ST BETWEEN FAIRVIEW AVE N AND MINOR AVE N,S,9,South Lake Union,South,Restricted Parking Zone,120,47.61959484,-122.33361665
79033,JOHN ST BETWEEN MINOR AVE N AND PONTIUS E AVE N,N,9,South Lake Union,South,Restricted Parking Zone,120,47.61973707,-122.33257278
79034,JOHN ST BETWEEN MINOR AVE N AND PONTIUS E AVE N,S,9,South Lake Union,South,Restricted Parking Zone,120,47.61959441,-122.33261027
33745,JOHN ST BETWEEN PONTIUS E AVE N AND YALE AVE N,N,7,South Lake Union,South,Restricted Parking Zone,120,47.61973548,-122.33104118
33746,JOHN ST BETWEEN PONTIUS E AVE N AND YALE AVE N,S,6,South Lake Union,South,Paid Parking,120,47.61959829,-122.33109105
56345,JOHN ST BETWEEN TAYLOR AVE N AND 6TH AVE N,N,6,Uptown Triangle,,Paid Parking,600,47.61981452,-122.34565175
56346,JOHN ST BETWEEN TAYLOR AVE N AND 6TH AVE N,S,3,Uptown Triangle,,Paid Parking,600,47.61965023,-122.3457077
11129,JOHN ST BETWEEN WARREN AVE N AND 2ND AVE N,N,8,Uptown,,Paid Parking,240,47.61982967,-122.35347951
11130,JOHN ST BETWEEN WARREN AVE N AND 2ND AVE N,S,10,Uptown,,Paid Parking,240,47.61968988,-122.35348672
56357,JOHN ST BETWEEN WESTLAKE AVE N AND TERRY AVE N,N,5,South Lake Union,South,Paid Parking,600,47.61976598,-122.33782845
56358,JOHN ST BETWEEN WESTLAKE AVE N AND TERRY AVE N,S,2,South Lake Union,South,Paid Parking,600,47.61963986,-122.3378255
79041,JOHN ST BETWEEN YALE AVE N AND EASTLAKE AVE E,N,8,South Lake Union,South,Paid Parking,120,47.61975161,-122.3297911
79042,JOHN ST BETWEEN YALE AVE N AND EASTLAKE AVE E,S,7,South Lake Union,South,Paid Parking,120,47.61960575,-122.32987656
56653,LEARY AVE NW BETWEEN NW VERNON PL AND NW MARKET ST,SW,9,Ballard,Core,Paid Parking,120,47.66773569,-122.38355354
56654,LEARY AVE NW BETWEEN NW VERNON PL AND NW MARKET ST,NE,15,Ballard,Core,Paid Parking,120,47.6678947,-122.38339858
13125,LENNY WILKENS WAY BETWEEN WARREN AVE N AND 2ND AVE N,N,9,Uptown,,Paid Parking,240,47.62100287,-122.35350218
13126,LENNY WILKENS WAY BETWEEN WARREN AVE N AND 2ND AVE N,S,10,Uptown,,Paid Parking,240,47.62084642,-122.35345092
11397,LENORA ST BETWEEN 1ST AVE AND 2ND AVE,NW,4,Belltown,South,Paid Parking,120,47.61220955,-122.34354379
11398,LENORA ST BETWEEN 1ST AVE AND 2ND AVE,SE,8,Belltown,South,Paid Parking,120,47.61213067,-122.3434196
79354,LENORA ST BETWEEN 2ND AVE AND 3RD AVE,SE,4,Belltown,South,Paid Parking,120,47.61278643,-122.34256616
79358,LENORA ST BETWEEN 3RD AVE AND 4TH AVE,SE,8,Belltown,South,Paid Parking,120,47.61344824,-122.34170472
33989,LENORA ST BETWEEN 4TH AVE AND 5TH AVE,NW,5,Belltown,South,Paid Parking,120,47.61420309,-122.34097055
33990,LENORA ST BETWEEN 4TH AVE AND 5TH AVE,SE,4,Belltown,South,Paid Parking,120,47.6141247,-122.34083495
56685,LENORA ST BETWEEN 5TH AVE AND 6TH AVE,NW,7,Belltown,South,Paid Parking,120,47.61486473,-122.34010944
56686,LENORA ST BETWEEN 5TH AVE AND 6TH AVE,SE,9,Belltown,South,Paid Parking,120,47.61478689,-122.33998391
79362,LENORA ST BETWEEN 6TH AVE AND 7TH AVE,SE,3,Denny Triangle,South,Paid Parking,120,47.6154348,-122.33913495
56690,LENORA ST BETWEEN 7TH AVE AND 8TH AVE,SE,5,Denny Triangle,South,Paid Parking,120,47.61602424,-122.33838309
56694,LENORA ST BETWEEN 8TH AVE AND 9TH AVE,SE,1,Denny Triangle,North,Paid Parking,240,47.61675811,-122.33742376
79365,LENORA ST BETWEEN 9TH AVE AND TERRY AVE,NW,4,Denny Triangle,North,Paid Parking,240,47.61755058,-122.33668489
33993,LENORA ST BETWEEN TERRY AVE AND LENORA ST NB,NW,7,Denny Triangle,North,Paid Parking,240,47.61819376,-122.33584596
33994,LENORA ST BETWEEN TERRY AVE AND LENORA ST NB,SE,8,Denny Triangle,North,Paid Parking,240,47.61810045,-122.3356497
56682,LENORA ST BETWEEN WESTERN AVE AND 1ST AVE,SE,7,Belltown,South,Paid Parking,120,47.61146223,-122.34427892
79566,MADISON ST BETWEEN 2ND AVE AND 3RD AVE,SE,3,Commercial Core,Financial,Paid Parking,120,47.60534625,-122.33452079
34214,MADISON ST BETWEEN 3RD AVE AND 4TH AVE,SE,6,Commercial Core,Financial,Paid Parking,120,47.60580762,-122.33341762
79570,MADISON ST BETWEEN 4TH AVE AND 5TH AVE,SE,3,Commercial Core,Financial,Paid Parking,120,47.60627351,-122.33230366
34218,MADISON ST BETWEEN 5TH AVE AND 6TH AVE,SE,5,Commercial Core,Financial,Paid Parking,120,47.60673566,-122.33119149
79558,MADISON ST BETWEEN ALASKAN E RDWY WAY AND WESTERN AVE,SE,4,Commercial Core,Waterfront,Paid Parking,120,47.60401219,-122.33770957
56906,MADISON ST BETWEEN POST AVE AND 1ST AVE,SE,5,Commercial Core,Waterfront,Paid Parking,120,47.60449757,-122.33654836
56901,MADISON ST BETWEEN WESTERN AVE AND POST AVE,NW,2,Commercial Core,Waterfront,Paid Parking,120,47.60439636,-122.33710978
79649,MARION ST BETWEEN 2ND AVE AND 3RD AVE,NW,6,Commercial Core,Financial,Paid Parking,120,47.60474615,-122.33392185
56977,MARION ST BETWEEN 3RD AVE AND 4TH AVE,NW,7,Commercial Core,Financial,Paid Parking,120,47.6052007,-122.33283389
11665,MARION ST BETWEEN 4TH AVE AND 5TH AVE,NW,9,Commercial Core,Financial,Paid Parking,120,47.60567221,-122.33170659
79653,MARION ST BETWEEN 5TH AVE AND 6TH AVE,NW,7,Commercial Core,Financial,Paid Parking,120,47.6061335,-122.33061193
79654,MARION ST BETWEEN 5TH AVE AND 6TH AVE,SE,9,Commercial Core,Financial,Paid Parking,120,47.6060354,-122.33051509
79657,MARION ST BETWEEN 7TH AVE AND 8TH AVE,NW,4,First Hill,,Paid Parking,120,47.60705621,-122.32842887
79658,MARION ST BETWEEN 7TH AVE AND 8TH AVE,SE,8,First Hill,,Paid Parking,120,47.60696067,-122.32827966
56982,MARION ST BETWEEN 8TH AVE AND 9TH AVE,SE,6,First Hill,,Restricted Parking Zone,120,47.60743217,-122.32723738
11669,MARION ST BETWEEN 9TH AVE AND TERRY AVE,NW,6,First Hill,,Paid Parking,120,47.60797179,-122.32616272
11670,MARION ST BETWEEN 9TH AVE AND TERRY AVE,SE,11,First Hill,,Restricted Parking Zone,120,47.6079004,-122.32610222
34305,MARION ST BETWEEN TERRY AVE AND BOREN AVE,NW,5,First Hill,,Paid Parking,120,47.60843237,-122.32507698
34306,MARION ST BETWEEN TERRY AVE AND BOREN AVE,SE,5,First Hill,,Paid Parking,120,47.60835777,-122.32500871
79674,MAYNARD AVE S BETWEEN S JACKSON ST AND S KING ST,E,5,Chinatown/ID,,Paid Parking,120,47.59874797,-122.32498811
79677,MAYNARD AVE S BETWEEN S KING ST AND S WELLER ST,W,4,Chinatown/ID,,Paid Parking,120,47.5979094,-122.32516176
79678,MAYNARD AVE S BETWEEN S KING ST AND S WELLER ST,E,4,Chinatown/ID,,Paid Parking,120,47.59790356,-122.32495913
79681,MAYNARD AVE S BETWEEN S LANE ST AND S DEARBORN ST,W,6,Chinatown/ID,,Paid Parking,120,47.59626866,-122.32515195
11717,MAYNARD AVE S BETWEEN S MAIN ST AND S JACKSON ST,W,4,Chinatown/ID,,Paid Parking,120,47.59961466,-122.32515508
11718,MAYNARD AVE S BETWEEN S MAIN ST AND S JACKSON ST,E,8,Chinatown/ID,,Paid Parking,120,47.59960682,-122.32495245
57017,MAYNARD AVE S BETWEEN S WELLER ST AND S LANE ST,W,8,Chinatown/ID,,Paid Parking,120,47.59707332,-122.32514483
57018,MAYNARD AVE S BETWEEN S WELLER ST AND S LANE ST,E,6,Chinatown/ID,,Paid Parking,120,47.59707304,-122.32499081
79741,MELROSE AVE BETWEEN PIKE ST AND PINE ST,W,3,Pike-Pine,,Paid Parking,120,47.61473559,-122.3279937
79742,MELROSE AVE BETWEEN PIKE ST AND PINE ST,E,7,Pike-Pine,,Paid Parking,120,47.61459125,-122.32780973
130802,MERCER NR ST BETWEEN TERRY AVE N AND BOREN AVE N,N,6,South Lake Union,South,Paid Parking,600,47.62473843,-122.33650821
130799,MERCER NR ST BETWEEN WESTLAKE AVE N AND TERRY AVE N,N,6,South Lake Union,South,Paid Parking,600,47.6247452,-122.33777132
79778,MERCER SR ST BETWEEN 9TH AVE N AND WESTLAKE AVE N,S,4,South Lake Union,South,Paid Parking,120,47.62446547,-122.33917374
11782,MERCER SR ST BETWEEN TERRY AVE N AND BOREN AVE N,S,2,South Lake Union,South,Paid Parking,600,47.62447169,-122.33659908
11778,MERCER SR ST BETWEEN WESTLAKE AVE N AND TERRY AVE N,S,4,South Lake Union,South,Paid Parking,600,47.62446799,-122.33783456
11766,MERCER ST BETWEEN 1ST AVE N AND WARREN AVE N,S,4,Uptown,,Paid Parking,240,47.62449467,-122.3547637
57077,MERCER ST BETWEEN 3RD AVE N AND 4TH AVE N,N,14,Uptown,,Paid Parking,240,47.62465764,-122.35019179
121340,MERCER ST BETWEEN MERCER SR ST AND MINOR AVE N,S,2,South Lake Union,South,Paid Parking,600,47.62422099,-122.33342324
79785,MERCER ST BETWEEN MINOR AVE N AND PONTIUS AVE N,N,4,South Lake Union,South,Restricted Parking Zone,120,47.62431963,-122.33239874
79786,MERCER ST BETWEEN MINOR AVE N AND PONTIUS AVE N,S,6,South Lake Union,South,Restricted Parking Zone,120,47.62421002,-122.33237992
11785,MERCER ST BETWEEN PONTIUS AVE N AND YALE AVE N,N,8,South Lake Union,South,Restricted Parking Zone,120,47.62432312,-122.33106904
11786,MERCER ST BETWEEN PONTIUS AVE N AND YALE AVE N,S,7,South Lake Union,South,Restricted Parking Zone,120,47.6242189,-122.33108562
79766,MERCER ST BETWEEN QUEEN ANNE AVE N AND 1ST AVE N,S,7,Uptown,,Paid Parking,120,47.62450385,-122.35605718
11770,MERCER ST BETWEEN WARREN AVE N AND 2ND AVE N,S,9,Uptown,,Paid Parking,240,47.62448372,-122.35347203
79789,MERCER ST BETWEEN YALE AVE N AND EASTLAKE AVE E,N,5,South Lake Union,South,Restricted Parking Zone,120,47.62432634,-122.32982852
79790,MERCER ST BETWEEN YALE AVE N AND EASTLAKE AVE E,S,8,South Lake Union,South,Restricted Parking Zone,120,47.62423318,-122.32980982
57193,MINOR AVE BETWEEN HOWELL ST AND STEWART ST,SW,7,Denny Triangle,North,Paid Parking,240,47.61717718,-122.33125717
57194,MINOR AVE BETWEEN HOWELL ST AND STEWART ST,NE,6,Denny Triangle,North,Paid Parking,240,47.61726292,-122.3311435
57190,MINOR AVE BETWEEN JAMES ST AND CHERRY ST,NE,5,First Hill,,Paid Parking,120,47.60734463,-122.32168833
11873,MINOR AVE BETWEEN MADISON ST AND SPRING ST,SW,3,First Hill,,Paid Parking,120,47.61015018,-122.32444208
11874,MINOR AVE BETWEEN MADISON ST AND SPRING ST,NE,5,First Hill,,Restricted Parking Zone,120,47.61021335,-122.32429488
11869,MINOR AVE BETWEEN MARION ST AND MADISON ST,SW,5,First Hill,,Paid Parking,120,47.60941799,-122.32377268
11870,MINOR AVE BETWEEN MARION ST AND MADISON ST,NE,4,First Hill,,Paid Parking,120,47.60948806,-122.32361273
79890,MINOR AVE BETWEEN OLIVE WAY AND HOWELL ST,NE,8,Denny Triangle,North,Paid Parking,240,47.61645359,-122.33001488
11878,MINOR AVE BETWEEN PIKE ST AND PINE ST,NE,8,Pike-Pine,,Paid Parking,120,47.61459874,-122.32832119
79881,MINOR AVE BETWEEN SENECA ST AND UNIVERSITY ST,SW,8,First Hill,,Restricted Parking Zone,120,47.61157561,-122.32573646
79882,MINOR AVE BETWEEN SENECA ST AND UNIVERSITY ST,NE,4,First Hill,,Paid Parking,120,47.61163327,-122.32559852
34481,MINOR AVE BETWEEN SPRING ST AND SENECA ST,SW,6,First Hill,,Restricted Parking Zone,120,47.61084359,-122.32507405
34482,MINOR AVE BETWEEN SPRING ST AND SENECA ST,NE,9,First Hill,,Restricted Parking Zone,120,47.61091012,-122.32492277
79885,MINOR AVE BETWEEN UNIVERSITY ST AND UNION ST,SW,7,First Hill,,Restricted Parking Zone,120,47.61240712,-122.32652887
79886,MINOR AVE BETWEEN UNIVERSITY ST AND UNION ST,NE,8,First Hill,,Restricted Parking Zone,120,47.61247157,-122.3263733
11881,MINOR AVE N BETWEEN DENNY WAY AND JOHN ST,W,7,South Lake Union,South,Paid Parking,600,47.61911051,-122.33309008
11882,MINOR AVE N BETWEEN DENNY WAY AND JOHN ST,E,13,South Lake Union,South,Restricted Parking Zone,120,47.61908923,-122.33286288
34509,MINOR AVE N BETWEEN HARRISON ST AND REPUBLICAN ST,W,14,South Lake Union,South,Paid Parking,600,47.62256499,-122.33309802
34510,MINOR AVE N BETWEEN HARRISON ST AND REPUBLICAN ST,E,11,South Lake Union,South,Paid Parking,600,47.62251773,-122.33288283
34501,MINOR AVE N BETWEEN JOHN ST AND THOMAS ST,W,7,South Lake Union,South,Paid Parking,600,47.62023889,-122.33308446
34502,MINOR AVE N BETWEEN JOHN ST AND THOMAS ST,E,6,South Lake Union,South,Paid Parking,600,47.62025858,-122.33287778
57197,MINOR AVE N BETWEEN REPUBLICAN ST AND MERCER ST,W,7,South Lake Union,South,Paid Parking,600,47.62371398,-122.33310076
57198,MINOR AVE N BETWEEN REPUBLICAN ST AND MERCER ST,E,10,South Lake Union,South,Paid Parking,600,47.6237063,-122.33290607
34505,MINOR AVE N BETWEEN THOMAS ST AND HARRISON ST,W,13,South Lake Union,South,Paid Parking,600,47.62139739,-122.33309119
34506,MINOR AVE N BETWEEN THOMAS ST AND HARRISON ST,E,29,South Lake Union,South,Restricted Parking Zone,120,47.62139794,-122.33288439
34518,MINOR AVE N BETWEEN VALLEY ST AND ALOHA ST,E,10,South Lake Union,North,Paid Parking,600,47.6264104,-122.33247238
37821,N 35TH ST BETWEEN EVANSTON AVE N AND FREMONT AVE N,N,13,Fremont,,Paid Parking,120,47.65073976,-122.35083983
37822,N 35TH ST BETWEEN EVANSTON AVE N AND FREMONT AVE N,S,7,Fremont,,Paid Parking,120,47.65058479,-122.35074352
83242,N 36TH ST BETWEEN FREMONT PL N AND FREMONT AVE N,S,10,Fremont,,Paid Parking,120,47.65135825,-122.35054548
57269,NAGLE PL BETWEEN E HOWELL ST AND E DENNY WAY,W,5,Capitol Hill,South,Paid Parking,240,47.6181567,-122.32012756
84641,NE 40TH ST BETWEEN BROOKLYN AVE NE AND UNIVERSITY WAY NE,N,6,University District,Core,Paid Parking,120,47.65541883,-122.31390998
39293,NE 40TH ST BETWEEN UNIVERSITY WAY NE AND 15TH AVE NE,N,4,University District,Core,Paid Parking,120,47.65540467,-122.31272946
39329,NE 41ST ST BETWEEN 11TH AVE NE AND 12TH AVE NE,N,6,University District,Edge,Paid Parking,240,47.65693475,-122.31611873
39330,NE 41ST ST BETWEEN 11TH AVE NE AND 12TH AVE NE,S,8,University District,Edge,Paid Parking,240,47.65680039,-122.31611823
39333,NE 41ST ST BETWEEN 12TH AVE NE AND BROOKLYN AVE NE,N,7,University District,Core,Paid Parking,120,47.65692384,-122.31498874
39334,NE 41ST ST BETWEEN 12TH AVE NE AND BROOKLYN AVE NE,S,7,University District,Core,Paid Parking,120,47.65679087,-122.31499025
84653,NE 41ST ST BETWEEN BROOKLYN AVE NE AND UNIVERSITY WAY NE,N,6,University District,Core,Paid Parking,120,47.65689586,-122.31380852
84654,NE 41ST ST BETWEEN BROOKLYN AVE NE AND UNIVERSITY WAY NE,S,4,University District,Core,Paid Parking,120,47.65679238,-122.31386787
39337,NE 41ST ST BETWEEN UNIVERSITY WAY NE AND 15TH AVE NE,N,5,University District,Core,Paid Parking,120,47.65688956,-122.31264593
39338,NE 41ST ST BETWEEN UNIVERSITY WAY NE AND 15TH AVE NE,S,5,University District,Core,Paid Parking,120,47.65677165,-122.31264522
62009,NE 42ND ST BETWEEN 11TH AVE NE AND 12TH AVE NE,N,6,University District,Edge,Paid Parking,240,47.65838487,-122.31608883
62010,NE 42ND ST BETWEEN 11TH AVE NE AND 12TH AVE NE,S,8,University District,Edge,Paid Parking,240,47.6583136,-122.31609069
39377,NE 42ND ST BETWEEN 12TH AVE NE AND BROOKLYN AVE NE,N,4,University District,Core,Paid Parking,120,47.65837121,-122.31494265
39378,NE 42ND ST BETWEEN 12TH AVE NE AND BROOKLYN AVE NE,S,3,University District,Core,Paid Parking,120,47.65829994,-122.31494452
84689,NE 42ND ST BETWEEN BROOKLYN AVE NE AND UNIVERSITY WAY NE,N,5,University District,Core,Paid Parking,120,47.65838149,-122.31373718
84690,NE 42ND ST BETWEEN BROOKLYN AVE NE AND UNIVERSITY WAY NE,S,5,University District,Core,Paid Parking,120,47.65826096,-122.31374639
16941,NE 42ND ST BETWEEN UNIVERSITY WAY NE AND 15TH AVE NE,N,6,University District,Core,Paid Parking,120,47.65836262,-122.31260747
16942,NE 42ND ST BETWEEN UNIVERSITY WAY NE AND 15TH AVE NE,S,7,University District,Core,Paid Parking,120,47.65825298,-122.31261031
17065,NE 47TH ST BETWEEN 11TH AVE NE AND 12TH AVE NE,N,5,University District,Edge,Paid Parking,240,47.66316493,-122.31579985
17066,NE 47TH ST BETWEEN 11TH AVE NE AND 12TH AVE NE,S,2,University District,Edge,Paid Parking,240,47.66304567,-122.31579926
62089,NE 47TH ST BETWEEN 9TH AVE NE AND ROOSEVELT WAY NE,N,2,University District,Edge,Paid Parking,240,47.6631568,-122.31791205
62090,NE 47TH ST BETWEEN 9TH AVE NE AND ROOSEVELT WAY NE,S,5,University District,Edge,Paid Parking,240,47.66308552,-122.31791314
84789,NE 47TH ST BETWEEN BROOKLYN AVE NE AND UNIVERSITY WAY NE,N,7,University District,Core,Paid Parking,120,47.6631533,-122.31367103
84790,NE 47TH ST BETWEEN BROOKLYN AVE NE AND UNIVERSITY WAY NE,S,5,University District,Core,Paid Parking,120,47.66303817,-122.31367278
62093,NE 47TH ST BETWEEN ROOSEVELT WAY NE AND 11TH AVE NE,N,4,University District,Edge,Paid Parking,240,47.66317097,-122.31689232
39485,NE 47TH ST BETWEEN UNIVERSITY WAY NE AND 15TH AVE NE,N,2,University District,Core,Paid Parking,120,47.66314523,-122.31252473
39486,NE 47TH ST BETWEEN UNIVERSITY WAY NE AND 15TH AVE NE,S,6,University District,Core,Paid Parking,120,47.6630548,-122.3125302
85134,NE 63RD ST BETWEEN ROOSEVELT WAY NE AND 12TH AVE NE,S,10,Roosevelt,,Paid Parking,240,47.67409384,-122.31648828
85149,NE 64TH ST BETWEEN 9TH AVE NE AND ROOSEVELT WAY NE,N,6,Roosevelt,,Paid Parking,240,47.67505126,-122.31805065
85150,NE 64TH ST BETWEEN 9TH AVE NE AND ROOSEVELT WAY NE,S,9,Roosevelt,,Paid Parking,240,47.67491419,-122.31805211
62437,NE 64TH ST BETWEEN ROOSEVELT WAY NE AND 12TH AVE NE,N,4,Roosevelt,,Paid Parking,240,47.67503976,-122.31649633
62438,NE 64TH ST BETWEEN ROOSEVELT WAY NE AND 12TH AVE NE,S,3,Roosevelt,,Paid Parking,240,47.67491914,-122.3165044
17502,NE 66TH ST BETWEEN 12TH AVE NE AND BROOKLYN AVE NE,S,6,Roosevelt,,Paid Parking,240,47.67654735,-122.31501549
39877,NE 66TH ST BETWEEN ROOSEVELT WAY NE AND 12TH AVE NE,N,9,Roosevelt,,Paid Parking,240,47.6765921,-122.31678499
39945,NE 70TH ST BETWEEN NE RAVENNA WB BV AND OSWEGO PL NE,N,3,Green Lake,,Paid Parking,120,47.67918615,-122.32421297
39946,NE 70TH ST BETWEEN NE RAVENNA WB BV AND OSWEGO PL NE,S,3,Green Lake,,Paid Parking,120,47.67906817,-122.32417528
17613,NE 71ST ST BETWEEN EAST GREEN LAKE DR N AND WOODLAWN AVE NE,N,5,Green Lake,,Paid Parking,120,47.67986787,-122.32509799
17614,NE 71ST ST BETWEEN EAST GREEN LAKE DR N AND WOODLAWN AVE NE,S,4,Green Lake,,Paid Parking,120,47.67975706,-122.32502484
17617,NE 71ST ST BETWEEN WOODLAWN AVE NE AND 5TH AVE NE,N,5,Green Lake,,Paid Parking,120,47.68003775,-122.32369617
17618,NE 71ST ST BETWEEN WOODLAWN AVE NE AND 5TH AVE NE,S,11,Green Lake,,Paid Parking,120,47.6799006,-122.32369528
85381,NE 72ND ST BETWEEN EAST GREEN LAKE DR N AND WOODLAWN AVE NE,N,6,Green Lake,,Paid Parking,120,47.68045657,-122.32527084
85382,NE 72ND ST BETWEEN EAST GREEN LAKE DR N AND WOODLAWN AVE NE,S,7,Green Lake,,Paid Parking,120,47.6803507,-122.32522845
85385,NE 72ND ST BETWEEN WOODLAWN AVE NE AND 5TH AVE NE,N,13,Green Lake,,Paid Parking,120,47.6807603,-122.32377375
85386,NE 72ND ST BETWEEN WOODLAWN AVE NE AND 5TH AVE NE,S,3,Green Lake,,Paid Parking,120,47.68062694,-122.32373964
63125,NE BOAT ST BETWEEN NE BOAT WR ST AND BROOKLYN AVE NE,NE,30,University District,Core,Paid Parking,120,47.6524982,-122.31616438
63126,NE BOAT ST BETWEEN NE BOAT WR ST AND BROOKLYN AVE NE,SW,31,University District,Core,Paid Parking,120,47.65239047,-122.3162868
117879,NE BOAT ST BETWEEN NE PACIFIC ST AND NE BOAT WR ST,E,5,University District,Core,Paid Parking,120,47.65343638,-122.31740828
117932,NE BOAT ST BETWEEN NE PACIFIC ST AND NE BOAT WR ST,W,4,University District,Core,Paid Parking,120,47.653431,-122.31765239
63130,NE CAMPUS EB PY BETWEEN UNIVERSITY WAY NE AND 15TH AVE NE,S,8,University District,Core,Paid Parking,120,47.65592374,-122.31268351
18166,NE MAPLE LEAF PL BETWEEN EAST GREEN LAKE DR N AND WOODLAWN AVE NE,SE,5,Green Lake,,Paid Parking,120,47.68090582,-122.32559295
63230,NE RAVENNA SR BV BETWEEN EAST GREEN LAKE WAY N AND WOODLAWN AVE NE,S,7,Green Lake,,Paid Parking,120,47.67897032,-122.32559922
86057,NE RAVENNA WB BV BETWEEN NE 71ST ST AND WOODLAWN AVE NE,NE,4,Green Lake,,Paid Parking,120,47.67939115,-122.32509186
86353,NW 46TH ST BETWEEN 14TH AVE NW AND 15TH NB AVE NW,N,14,Ballard Blocks,,Paid Parking,120,47.66223925,-122.37484945
86354,NW 46TH ST BETWEEN 14TH AVE NW AND 15TH NB AVE NW,S,11,Ballard Blocks,,Paid Parking,120,47.66216797,-122.3748496
94736,NW 54TH SR ST BETWEEN 32ND AVE NW AND NW 54TH ST,N,12,Ballard Locks,,Paid Parking,240,47.66736671,-122.39902362
94731,NW 54TH SR ST BETWEEN NW 54TH ST AND 32ND AVE NW,N,32,Ballard Locks,,Paid Parking,240,47.66756159,-122.3971591
94732,NW 54TH SR ST BETWEEN NW 54TH ST AND 32ND AVE NW,S,40,Ballard Locks,,Paid Parking,240,47.66738001,-122.39716918
18621,NW 56TH ST BETWEEN 20TH AVE NW AND 22ND AVE NW,N,11,Ballard,Edge,Paid Parking,240,47.66951344,-122.38342615
18622,NW 56TH ST BETWEEN 20TH AVE NW AND 22ND AVE NW,S,17,Ballard,Edge,Paid Parking,240,47.66937637,-122.38343106
86449,NW 56TH ST BETWEEN 22ND AVE NW AND 24TH AVE NW,N,11,Ballard,Edge,Paid Parking,240,47.66951625,-122.38614452
86450,NW 56TH ST BETWEEN 22ND AVE NW AND 24TH AVE NW,S,12,Ballard,Edge,Paid Parking,240,47.66938747,-122.38619958
41029,NW 57TH ST BETWEEN 22ND AVE NW AND 24TH AVE NW,N,8,Ballard,Edge,Paid Parking,240,47.67022081,-122.38616281
41030,NW 57TH ST BETWEEN 22ND AVE NW AND 24TH AVE NW,S,18,Ballard,Edge,Paid Parking,240,47.67010838,-122.3861429
86478,NW 58TH ST BETWEEN 22ND AVE NW AND 24TH AVE NW,S,23,Ballard,Edge,Paid Parking,240,47.67087857,-122.38616303
64265,NW BALLARD WAY BETWEEN 14TH AVE NW AND BALLARD BR OFF RP,N,22,Ballard Blocks,,Paid Parking,120,47.66300044,-122.37485483
64266,NW BALLARD WAY BETWEEN 14TH AVE NW AND BALLARD BR OFF RP,S,19,Ballard Blocks,,Paid Parking,120,47.66287433,-122.37485491
19482,NW MARKET ST BETWEEN 15TH AVE NW AND 17TH AVE NW,S,9,Ballard,Edge,Paid Parking,240,47.66858971,-122.37758407
64317,NW MARKET ST BETWEEN 17TH AVE NW AND BARNES AVE NW,N,8,Ballard,Edge,Paid Parking,240,47.66875441,-122.37964963
64318,NW MARKET ST BETWEEN 17TH AVE NW AND BARNES AVE NW,S,9,Ballard,Edge,Paid Parking,240,47.66858978,-122.37955206
87253,NW MARKET ST BETWEEN 20TH AVE NW AND RUSSELL AVE NW,N,3,Ballard,Core,Paid Parking,120,47.66875856,-122.38264895
87254,NW MARKET ST BETWEEN 20TH AVE NW AND RUSSELL AVE NW,S,1,Ballard,Core,Paid Parking,120,47.66859405,-122.38262305
41725,NW MARKET ST BETWEEN 24TH AVE NW AND 26TH AVE NW,N,11,Ballard,Edge,Paid Parking,240,47.66874739,-122.38890795
41726,NW MARKET ST BETWEEN 24TH AVE NW AND 26TH AVE NW,S,18,Ballard,Edge,Paid Parking,240,47.66859936,-122.38890666
64322,NW MARKET ST BETWEEN BALLARD AVE NW AND 24TH AVE NW,S,6,Ballard,Core,Paid Parking,120,47.66859715,-122.38697004
19486,NW MARKET ST BETWEEN BARNES AVE NW AND TALLMAN AVE NW,S,4,Ballard,Edge,Paid Parking,240,47.66859184,-122.38092736
41721,NW MARKET ST BETWEEN LEARY AVE NW AND BALLARD AVE NW,N,4,Ballard,Core,Paid Parking,120,47.66876144,-122.38557075
87257,NW MARKET ST BETWEEN RUSSELL AVE NW AND LEARY AVE NW,N,8,Ballard,Core,Paid Parking,120,47.66875978,-122.38387385
87258,NW MARKET ST BETWEEN RUSSELL AVE NW AND LEARY AVE NW,S,6,Ballard,Core,Paid Parking,120,47.66859529,-122.38387421
87285,NW VERNON PL BETWEEN BALLARD AVE NW AND SHILSHOLE AVE NW,NW,5,Ballard,Edge,Paid Parking,240,47.66618443,-122.38369567
87286,NW VERNON PL BETWEEN BALLARD AVE NW AND SHILSHOLE AVE NW,SE,8,Ballard,Edge,Paid Parking,240,47.66609158,-122.38361562
87281,NW VERNON PL BETWEEN LEARY AVE NW AND BALLARD AVE NW,NW,8,Ballard,Edge,Paid Parking,240,47.6666511,-122.38286642
87282,NW VERNON PL BETWEEN LEARY AVE NW AND BALLARD AVE NW,SE,4,Ballard,Edge,Paid Parking,240,47.66656144,-122.38276599
57353,OCCIDENTAL AVE S BETWEEN S JACKSON ST AND S KING E ST,W,7,Pioneer Square,Edge,Paid Parking,120,47.59872593,-122.33297326
57354,OCCIDENTAL AVE S BETWEEN S JACKSON ST AND S KING E ST,E,4,Pioneer Square,Edge,Paid Parking,120,47.59872563,-122.33278682
80001,OCCIDENTAL AVE S BETWEEN S KING W ST AND S CHARLES ST,W,7,Pioneer Square,Edge,Paid Parking,120,47.59675354,-122.33338994
80002,OCCIDENTAL AVE S BETWEEN S KING W ST AND S CHARLES ST,E,4,Pioneer Square,Edge,Paid Parking,30,47.59675299,-122.33312244
57349,OCCIDENTAL AVE S BETWEEN YESLER WAY AND S WASHINGTON ST,W,7,Pioneer Square,Core,Paid Parking,120,47.60129311,-122.33296847
57350,OCCIDENTAL AVE S BETWEEN YESLER WAY AND S WASHINGTON ST,E,4,Pioneer Square,Core,Paid Parking,120,47.60129281,-122.33278201
12046,OLIVE WAY BETWEEN 3RD AVE AND 4TH AVE,SE,4,Commercial Core,Retail,Paid Parking,120,47.61189714,-122.33901686
57377,OLIVE WAY BETWEEN 4TH AVE AND 5TH AVE,NW,5,Commercial Core,Retail,Paid Parking,120,47.61248557,-122.33802771
34661,OLIVE WAY BETWEEN 5TH AVE AND 6TH AVE,NW,4,Commercial Core,Retail,Paid Parking,120,47.61294182,-122.33693274
80017,OLIVE WAY BETWEEN 6TH AVE AND 7TH AVE,NW,4,Commercial Core,Retail,Paid Parking,120,47.61341115,-122.33581204
80021,OLIVE WAY BETWEEN 7TH AVE AND HOWELL ST,NW,5,Commercial Core,Retail,Paid Parking,120,47.61387948,-122.3346818
80025,OLIVE WAY BETWEEN 9TH AVE AND TERRY AVE,NW,6,Denny Triangle,North,Paid Parking,120,47.6148061,-122.33244613
34837,PIKE ST BETWEEN 4TH AVE AND 5TH AVE,NW,3,Commercial Core,Retail,Paid Parking,120,47.61050049,-122.33621419
34838,PIKE ST BETWEEN 4TH AVE AND 5TH AVE,SE,1,Commercial Core,Retail,Paid Parking,120,47.61039683,-122.33607667
80185,PIKE ST BETWEEN BOREN AVE AND MELROSE AVE,NW,4,Pike-Pine,,Paid Parking,120,47.6137818,-122.32836673
57518,PIKE ST BETWEEN TERRY AVE AND BOREN AVE,SE,6,Pike-Pine,,Paid Parking,120,47.61316149,-122.32941032
80221,PINE ST BETWEEN MINOR AVE AND MELROSE AVE,NW,3,Pike-Pine,,Paid Parking,120,47.61511041,-122.32833633
80222,PINE ST BETWEEN MINOR AVE AND MELROSE AVE,SE,3,Pike-Pine,,Paid Parking,120,47.61502207,-122.32824671
80198,PINE ST BETWEEN PIKE PL AND POST AL,SE,2,Commercial Core,Waterfront,Paid Parking,120,47.6094665,-122.34155327
80202,PINE ST BETWEEN POST AL AND 1ST AVE,SE,2,Commercial Core,Waterfront,Paid Parking,120,47.60961649,-122.34119542
34885,PONTIUS AVE N BETWEEN HARRISON ST AND REPUBLICAN ST,W,15,South Lake Union,South,Paid Parking,600,47.62251895,-122.33181611
34877,PONTIUS AVE N BETWEEN JOHN E ST AND THOMAS ST,W,9,South Lake Union,South,Paid Parking,600,47.62024096,-122.33180157
34878,PONTIUS AVE N BETWEEN JOHN E ST AND THOMAS ST,E,7,South Lake Union,South,Paid Parking,600,47.62024023,-122.33157855
34890,PONTIUS AVE N BETWEEN MERCER ST AND DEAD END,E,3,South Lake Union,South,Restricted Parking Zone,120,47.62451506,-122.3316418
57549,PONTIUS AVE N BETWEEN REPUBLICAN ST AND MERCER ST,W,10,South Lake Union,South,Paid Parking,600,47.62370101,-122.33182337
57550,PONTIUS AVE N BETWEEN REPUBLICAN ST AND MERCER ST,E,8,South Lake Union,South,Paid Parking,600,47.62367967,-122.33162048
34881,PONTIUS AVE N BETWEEN THOMAS ST AND HARRISON ST,W,12,South Lake Union,South,Paid Parking,600,47.62139227,-122.33182921
12237,POST AVE BETWEEN YESLER WAY AND COLUMBIA ST,SW,7,Pioneer Square,Edge,Paid Parking,120,47.60242211,-122.3350486
12238,POST AVE BETWEEN YESLER WAY AND COLUMBIA ST,NE,8,Pioneer Square,Edge,Paid Parking,120,47.60244125,-122.33493291
57574,PREFONTAINE PL S BETWEEN 3RD AVE S AND 4TH AVE S,SW,5,Pioneer Square,Edge,Paid Parking,120,47.60133244,-122.32957293
12282,QUEEN ANNE AVE N BETWEEN DENNY WAY AND JOHN ST,E,10,Uptown,,Paid Parking,240,47.61918294,-122.35665021
12285,QUEEN ANNE AVE N BETWEEN HARRISON ST AND REPUBLICAN ST,W,13,Uptown,,Paid Parking,240,47.62267511,-122.35680987
80273,QUEEN ANNE AVE N BETWEEN JOHN ST AND THOMAS ST,W,14,Uptown,,Paid Parking,240,47.62035603,-122.35682373
80274,QUEEN ANNE AVE N BETWEEN JOHN ST AND THOMAS ST,E,10,Uptown,,Paid Parking,240,47.62035414,-122.35666155
12289,QUEEN ANNE AVE N BETWEEN MERCER ST AND ROY ST,W,5,Uptown,,Paid Parking,120,47.62505307,-122.35681114
12290,QUEEN ANNE AVE N BETWEEN MERCER ST AND ROY ST,E,4,Uptown,,Paid Parking,120,47.62501138,-122.35660058
34937,QUEEN ANNE AVE N BETWEEN REPUBLICAN ST AND MERCER ST,W,4,Uptown,,Paid Parking,120,47.62391792,-122.35680791
80277,QUEEN ANNE AVE N BETWEEN THOMAS ST AND HARRISON ST,W,8,Uptown,,Paid Parking,240,47.62150584,-122.35681515
35021,RAINIER AVE S BETWEEN S EDMUNDS ST AND S FERDINAND ST,W,7,Columbia City,,Paid Parking,120,47.55827383,-122.28538146
35022,RAINIER AVE S BETWEEN S EDMUNDS ST AND S FERDINAND ST,E,5,Columbia City,,Paid Parking,120,47.55826939,-122.28512286
12401,RAINIER AVE S BETWEEN S FERDINAND ST AND S HUDSON ST,W,4,Columbia City,,Paid Parking,120,47.55747782,-122.2849609
12402,RAINIER AVE S BETWEEN S FERDINAND ST AND S HUDSON ST,E,2,Columbia City,,Paid Parking,120,47.55746407,-122.28470967
12405,RAINIER AVE S BETWEEN S HUDSON ST AND 39TH N AVE S,NE,9,Columbia City,,Paid Parking,120,47.55648615,-122.2840202
12406,RAINIER AVE S BETWEEN S HUDSON ST AND 39TH N AVE S,SW,10,Columbia City,,Paid Parking,120,47.55641947,-122.2841793
80537,REPUBLICAN ST BETWEEN 1ST AVE N AND WARREN AVE N,N,6,Uptown,,Paid Parking,240,47.62333764,-122.35475321
80538,REPUBLICAN ST BETWEEN 1ST AVE N AND WARREN AVE N,S,4,Uptown,,Paid Parking,240,47.62319221,-122.35471799
80545,REPUBLICAN ST BETWEEN 8TH AVE N AND 9TH AVE N,N,5,South Lake Union,South,Paid Parking,120,47.62328513,-122.34042507
80550,REPUBLICAN ST BETWEEN 9TH AVE N AND WESTLAKE AVE N,S,7,South Lake Union,South,Paid Parking,120,47.62315969,-122.33914163
12545,REPUBLICAN ST BETWEEN BOREN AVE N AND FAIRVIEW AVE N,N,7,South Lake Union,South,Paid Parking,120,47.6232647,-122.33509668
12546,REPUBLICAN ST BETWEEN BOREN AVE N AND FAIRVIEW AVE N,S,5,South Lake Union,South,Paid Parking,120,47.62313865,-122.33511002
12537,REPUBLICAN ST BETWEEN DEXTER AVE N AND 8TH AVE N,N,6,South Lake Union,South,Paid Parking,120,47.62327882,-122.34168168
12538,REPUBLICAN ST BETWEEN DEXTER AVE N AND 8TH AVE N,S,4,South Lake Union,South,Paid Parking,120,47.62315819,-122.34167861
12549,REPUBLICAN ST BETWEEN FAIRVIEW AVE N AND MINOR AVE N,N,3,South Lake Union,South,Paid Parking,120,47.62318464,-122.33362709
12550,REPUBLICAN ST BETWEEN FAIRVIEW AVE N AND MINOR AVE N,S,4,South Lake Union,South,Paid Parking,120,47.62306687,-122.3336516
80553,REPUBLICAN ST BETWEEN MINOR AVE N AND PONTIUS AVE N,N,3,South Lake Union,South,Restricted Parking Zone,120,47.62317542,-122.33233929
80554,REPUBLICAN ST BETWEEN MINOR AVE N AND PONTIUS AVE N,S,6,South Lake Union,South,Restricted Parking Zone,120,47.62306574,-122.33234469
35201,REPUBLICAN ST BETWEEN PONTIUS AVE N AND YALE AVE N,N,7,South Lake Union,South,Restricted Parking Zone,120,47.62318987,-122.33109516
35202,REPUBLICAN ST BETWEEN PONTIUS AVE N AND YALE AVE N,S,7,South Lake Union,South,Paid Parking,120,47.62305276,-122.33110643
57861,REPUBLICAN ST BETWEEN QUEEN ANNE AVE N AND 1ST AVE N,N,3,Uptown,,Paid Parking,120,47.62334257,-122.35603229
35197,REPUBLICAN ST BETWEEN TERRY AVE N AND BOREN AVE N,N,8,South Lake Union,South,Paid Parking,120,47.62326784,-122.33651591
35198,REPUBLICAN ST BETWEEN TERRY AVE N AND BOREN AVE N,S,3,South Lake Union,South,Paid Parking,120,47.62313632,-122.33653521
12541,REPUBLICAN ST BETWEEN WESTLAKE AVE N AND TERRY AVE N,N,5,South Lake Union,South,Paid Parking,120,47.62326711,-122.33778176
12542,REPUBLICAN ST BETWEEN WESTLAKE AVE N AND TERRY AVE N,S,5,South Lake Union,South,Paid Parking,120,47.62314648,-122.3377827
80570,ROOSEVELT WAY NE BETWEEN NE 42ND S ST AND NE 42ND N ST,E,7,University District,Edge,Paid Parking,240,47.65792032,-122.31771051
35237,ROOSEVELT WAY NE BETWEEN NE 43RD N ST AND NE 45TH ST,W,6,University District,Edge,Paid Parking,240,47.66054298,-122.31780478
35242,ROOSEVELT WAY NE BETWEEN NE 45TH ST AND NE 47TH ST,E,14,University District,Edge,Paid Parking,240,47.66223912,-122.31736467
57902,ROOSEVELT WAY NE BETWEEN NE 47TH ST AND NE 50TH ST,E,14,University District,Edge,Paid Parking,240,47.66400658,-122.31732455
80594,ROOSEVELT WAY NE BETWEEN NE 63RD ST AND NE 64TH ST,E,10,Roosevelt,,Paid Parking,240,47.6745558,-122.31728206
57914,ROOSEVELT WAY NE BETWEEN NE 64TH ST AND NE 65TH ST,E,8,Roosevelt,,Paid Parking,240,47.67538932,-122.31727794
80641,ROY ST BETWEEN 1ST AVE N AND WARREN AVE N,N,10,Uptown,,Paid Parking,240,47.62551026,-122.35477396
35333,ROY ST BETWEEN 2ND AVE N AND 3RD AVE N,N,4,Uptown,,Paid Parking,240,47.62550049,-122.35214623
35337,ROY ST BETWEEN 4TH AVE N AND 5TH AVE N,N,2,Uptown,,Paid Parking,240,47.62548581,-122.34823901
80650,ROY ST BETWEEN 5TH AVE N AND TAYLOR AVE N,S,5,Uptown,,Paid Parking,240,47.6253791,-122.34683149
35345,ROY ST BETWEEN 6TH AVE N AND AURORA AVE N,N,5,Uptown,,Paid Parking,240,47.62545441,-122.34429001
12685,ROY ST BETWEEN DEAD END AND EASTLAKE AVE E,N,6,South Lake Union,South,Paid Parking,600,47.62515553,-122.32969155
80645,ROY ST BETWEEN NOB HILL AVE N AND 4TH AVE N,N,9,Uptown,,Paid Parking,240,47.62549076,-122.3495519
35341,ROY ST BETWEEN TAYLOR AVE N AND 6TH AVE N,N,4,Uptown,,Paid Parking,240,47.62546489,-122.34557979
35342,ROY ST BETWEEN TAYLOR AVE N AND 6TH AVE N,S,4,Uptown,,Paid Parking,240,47.6253662,-122.3455806
12673,ROY ST BETWEEN WARREN AVE N AND 2ND AVE N,N,6,Uptown,,Paid Parking,240,47.62550548,-122.35349227
80657,RUSSELL AVE NW BETWEEN 20TH AVE NW AND NW MARKET ST,SW,9,Ballard,Edge,Paid Parking,240,47.66821371,-122.38270588
80658,RUSSELL AVE NW BETWEEN 20TH AVE NW AND NW MARKET ST,NE,15,Ballard,Edge,Paid Parking,240,47.66839189,-122.38264096
42478,S EDMUNDS ST BETWEEN 37TH AVE S AND RAINIER AVE S,S,2,Columbia City,,Paid Parking,120,47.55860216,-122.28579473
20138,S EDMUNDS ST BETWEEN RAINIER AVE S AND 39TH AVE S,S,25,Columbia City,,Paid Parking,120,47.55861759,-122.28445727
58077,SENECA ST BETWEEN 1ST AVE AND 2ND AVE,NW,5,Commercial Core,Retail,Paid Parking,120,47.60640669,-122.33703997
58078,SENECA ST BETWEEN 1ST AVE AND 2ND AVE,SE,3,Commercial Core,Retail,Paid Parking,120,47.6063023,-122.33693505
35421,SENECA ST BETWEEN 3RD AVE AND 4TH AVE,NW,3,Commercial Core,Retail,Paid Parking,120,47.60734541,-122.33481891
35422,SENECA ST BETWEEN 3RD AVE AND 4TH AVE,SE,6,Commercial Core,Retail,Paid Parking,120,47.60723119,-122.33471437
58081,SENECA ST BETWEEN 5TH AVE AND 6TH AVE,NW,11,Commercial Core,Retail,Paid Parking,120,47.60825757,-122.33263214
35429,SENECA ST BETWEEN 8TH AVE AND 9TH AVE,NW,6,First Hill,,Paid Parking,120,47.60968103,-122.32922971
35430,SENECA ST BETWEEN 8TH AVE AND 9TH AVE,SE,5,First Hill,,Paid Parking,120,47.60954538,-122.32918411
35433,SENECA ST BETWEEN 9TH AVE AND TERRY AVE,NW,3,First Hill,,Paid Parking,120,47.61013569,-122.32815042
35434,SENECA ST BETWEEN 9TH AVE AND TERRY AVE,SE,5,First Hill,,Paid Parking,120,47.610029,-122.32804329
12765,SENECA ST BETWEEN ALASKAN WAY AND WESTERN AVE,NW,8,Commercial Core,Waterfront,Paid Parking,120,47.60556775,-122.33904224
58085,SENECA ST BETWEEN BOREN AVE AND MINOR AVE,NW,3,First Hill,,Restricted Parking Zone,120,47.61107791,-122.32591296
58086,SENECA ST BETWEEN BOREN AVE AND MINOR AVE,SE,4,First Hill,,Paid Parking,120,47.61096366,-122.32580847
35437,SENECA ST BETWEEN BOYLSTON AVE AND HARVARD AVE,NW,4,First Hill,,Restricted Parking Zone,120,47.61245254,-122.32258678
35438,SENECA ST BETWEEN BOYLSTON AVE AND HARVARD AVE,SE,3,First Hill,,Paid Parking,120,47.61236006,-122.32245377
80745,SENECA ST BETWEEN MINOR AVE AND SUMMIT AVE,NW,4,First Hill,,Paid Parking,120,47.61151365,-122.32480955
80746,SENECA ST BETWEEN MINOR AVE AND SUMMIT AVE,SE,7,First Hill,,Restricted Parking Zone,120,47.6114064,-122.32471144
12769,SENECA ST BETWEEN SUMMIT AVE AND BOYLSTON AVE,NW,8,First Hill,,Restricted Parking Zone,120,47.61199602,-122.32371785
12770,SENECA ST BETWEEN SUMMIT AVE AND BOYLSTON AVE,SE,6,First Hill,,Paid Parking,120,47.61186616,-122.32359673
80741,SENECA ST BETWEEN TERRY AVE AND BOREN AVE,NW,6,First Hill,,Restricted Parking Zone,120,47.61059363,-122.32704785
80742,SENECA ST BETWEEN TERRY AVE AND BOREN AVE,SE,9,First Hill,,Paid Parking,120,47.61045314,-122.3269907
80730,SENECA ST BETWEEN WESTERN AVE AND POST AVE,SE,3,Commercial Core,Waterfront,Paid Parking,120,47.60572997,-122.33831778
20185,S FERDINAND ST BETWEEN 37TH AVE S AND RAINIER AVE S,N,5,Columbia City,,Paid Parking,120,47.55791308,-122.28559303
20186,S FERDINAND ST BETWEEN 37TH AVE S AND RAINIER AVE S,S,2,Columbia City,,Paid Parking,120,47.5577952,-122.28559368
65041,S FERDINAND ST BETWEEN RAINIER AVE S AND 39TH AVE S,N,6,Columbia City,,Paid Parking,120,47.55790396,-122.28422835
65042,S FERDINAND ST BETWEEN RAINIER AVE S AND 39TH AVE S,S,13,Columbia City,,Paid Parking,120,47.55779695,-122.28419469
88477,S HUDSON ST BETWEEN 37TH AVE S AND RAINIER AVE S,N,6,Columbia City,,Paid Parking,120,47.55707871,-122.28538671
88478,S HUDSON ST BETWEEN 37TH AVE S AND RAINIER AVE S,S,8,Columbia City,,Paid Parking,120,47.55700743,-122.28538711
88546,S JACKSON ST BETWEEN 6TH AVE S AND MAYNARD AVE S,S,1,Chinatown/ID,,Paid Parking,120,47.59910134,-122.32573848
65545,S JACKSON ST BETWEEN ALASKAN E RDWY WAY S AND 1ST AVE S,N,7,Pioneer Square,Edge,Paid Parking,120,47.59926347,-122.33481763
65546,S JACKSON ST BETWEEN ALASKAN E RDWY WAY S AND 1ST AVE S,S,8,Pioneer Square,Edge,Paid Parking,120,47.59913739,-122.33483627
42961,S JACKSON ST BETWEEN MAYNARD AVE S AND 7TH AVE S,N,5,Chinatown/ID,,Paid Parking,120,47.5992802,-122.32443261
42962,S JACKSON ST BETWEEN MAYNARD AVE S AND 7TH AVE S,S,2,Chinatown/ID,,Paid Parking,120,47.59910748,-122.32442919
43054,S KING ST BETWEEN 1ST AVE S AND OCCIDENTAL W AVE S,S,6,Pioneer Square,Edge,Paid Parking,120,47.59822243,-122.3337043
88629,S KING ST BETWEEN 2ND AVE S AND 3RD AVE S,N,14,Pioneer Square,Edge,Paid Parking,120,47.59835951,-122.33097862
88630,S KING ST BETWEEN 2ND AVE S AND 3RD AVE S,S,5,Pioneer Square,Edge,Paid Parking,120,47.59821987,-122.33103074
43057,S KING ST BETWEEN 5TH AVE S AND 6TH AVE S,N,6,Chinatown/ID,,Paid Parking,120,47.59841242,-122.32701506
43058,S KING ST BETWEEN 5TH AVE S AND 6TH AVE S,S,5,Chinatown/ID,,Paid Parking,120,47.59829729,-122.32702152
88633,S KING ST BETWEEN 6TH AVE S AND MAYNARD AVE S,N,9,Chinatown/ID,,Paid Parking,120,47.59841041,-122.32569693
88634,S KING ST BETWEEN 6TH AVE S AND MAYNARD AVE S,S,7,Chinatown/ID,,Paid Parking,120,47.59829528,-122.32570336
20845,S KING ST BETWEEN 7TH AVE S AND CANTON AL S,N,4,Chinatown/ID,,Paid Parking,120,47.59841161,-122.32338347
20846,S KING ST BETWEEN 7TH AVE S AND CANTON AL S,S,2,Chinatown/ID,,Paid Parking,120,47.5982855,-122.32338342
20834,S KING ST BETWEEN ALASKAN E RDWY WAY S AND 1ST AVE S,S,7,Pioneer Square,Edge,Paid Parking,120,47.59821882,-122.33481248
120403,S KING ST BETWEEN MAYNARD AL S AND 7TH AVE S,S,3,Chinatown/ID,,Paid Parking,120,47.59829003,-122.32415754
123744,S KING ST BETWEEN MAYNARD AL S AND 7TH AVE S,N,4,Chinatown/ID,,Paid Parking,120,47.59841065,-122.32415721
20837,S KING ST BETWEEN OCCIDENTAL E AVE S AND 2ND AVE S,N,6,Pioneer Square,Edge,Paid Parking,120,47.59835727,-122.33226733
20838,S KING ST BETWEEN OCCIDENTAL E AVE S AND 2ND AVE S,S,8,Pioneer Square,Edge,Paid Parking,120,47.59822563,-122.33223546
43118,S LANE ST BETWEEN 6TH AVE S AND MAYNARD AVE S,S,6,Chinatown/ID,,Paid Parking,120,47.59660677,-122.32571811
43121,S LANE ST BETWEEN MAYNARD AVE S AND 7TH AVE S,N,9,Chinatown/ID,,Paid Parking,120,47.5967445,-122.32438225
65805,S MAIN ST BETWEEN 1ST AVE S AND 2ND AVE S,N,6,Pioneer Square,Core,Paid Parking,120,47.60011123,-122.33287494
65806,S MAIN ST BETWEEN 1ST AVE S AND 2ND AVE S,S,9,Pioneer Square,Core,Paid Parking,120,47.59997416,-122.3328753
43193,S MAIN ST BETWEEN 2ND AVE S AND 2ND AV ET S,N,4,Pioneer Square,Edge,Paid Parking,120,47.60010473,-122.33111008
65809,S MAIN ST BETWEEN 2ND AV ET S AND 4TH AVE S,N,2,Pioneer Square,Edge,Paid Parking,120,47.60011043,-122.32963229
65813,S MAIN ST BETWEEN 5TH AVE S AND 6TH AVE S,N,4,Chinatown/ID,,Paid Parking,120,47.60010703,-122.32697154
65814,S MAIN ST BETWEEN 5TH AVE S AND 6TH AVE S,S,5,Chinatown/ID,,Paid Parking,120,47.59996448,-122.32697606
88773,S MAIN ST BETWEEN 6TH AVE S AND MAYNARD AVE S,N,12,Chinatown/ID,,Paid Parking,120,47.60010775,-122.32566607
88774,S MAIN ST BETWEEN 6TH AVE S AND MAYNARD AVE S,S,8,Chinatown/ID,,Paid Parking,120,47.59996247,-122.32567868
65801,S MAIN ST BETWEEN ALASKAN E RDWY WAY S AND 1ST AVE S,N,6,Pioneer Square,Edge,Paid Parking,120,47.60010838,-122.33488613
65802,S MAIN ST BETWEEN ALASKAN E RDWY WAY S AND 1ST AVE S,S,4,Pioneer Square,Edge,Paid Parking,120,47.59998227,-122.33488656
65817,S MAIN ST BETWEEN MAYNARD AVE S AND 7TH AVE S,N,20,Chinatown/ID,,Paid Parking,120,47.60010568,-122.32440126
65818,S MAIN ST BETWEEN MAYNARD AVE S AND 7TH AVE S,S,7,Chinatown/ID,,Paid Parking,120,47.59994667,-122.32439984
58181,SPRING ST BETWEEN 7TH AVE AND 8TH AVE,NW,7,First Hill,,Paid Parking,120,47.60847962,-122.32970457
58182,SPRING ST BETWEEN 7TH AVE AND 8TH AVE,SE,4,First Hill,,Paid Parking,120,47.60839012,-122.32961798
58186,SPRING ST BETWEEN 8TH AVE AND 9TH AVE,SE,8,First Hill,,Paid Parking,120,47.60883822,-122.3285232
80829,SPRING ST BETWEEN ALASKAN WAY AND WESTERN AVE,NW,2,Commercial Core,Waterfront,Paid Parking,120,47.60482919,-122.33844059
35501,SPRING ST BETWEEN BOREN AVE AND MINOR AVE,NW,7,First Hill,,Restricted Parking Zone,120,47.61034248,-122.32523539
35502,SPRING ST BETWEEN BOREN AVE AND MINOR AVE,SE,4,First Hill,,Restricted Parking Zone,120,47.61025244,-122.3251578
35505,SPRING ST BETWEEN BOYLSTON AVE AND HARVARD AVE,NW,5,First Hill,,Paid Parking,120,47.61172442,-122.32193846
35506,SPRING ST BETWEEN BOYLSTON AVE AND HARVARD AVE,SE,4,First Hill,,Paid Parking,120,47.61163295,-122.3218643
58197,SPRING ST BETWEEN MINOR AVE AND SUMMIT AVE,NW,8,First Hill,,Restricted Parking Zone,120,47.61080097,-122.32416226
58198,SPRING ST BETWEEN MINOR AVE AND SUMMIT AVE,SE,6,First Hill,,Restricted Parking Zone,120,47.61069711,-122.32407916
80841,SPRING ST BETWEEN SUMMIT AVE AND BOYLSTON AVE,NW,6,First Hill,,Paid Parking,120,47.61126475,-122.32303774
80842,SPRING ST BETWEEN SUMMIT AVE AND BOYLSTON AVE,SE,8,First Hill,,Paid Parking,120,47.61116914,-122.32295033
58193,SPRING ST BETWEEN TERRY AVE AND BOREN AVE,NW,4,First Hill,,Paid Parking,120,47.6098468,-122.32643589
58194,SPRING ST BETWEEN TERRY AVE AND BOREN AVE,SE,7,First Hill,,Restricted Parking Zone,120,47.60977296,-122.32630418
12874,STEWART ST BETWEEN 1ST AVE AND 2ND AVE,SE,6,Commercial Core,Retail,Paid Parking,120,47.61059687,-122.34081375
12878,STEWART ST BETWEEN 2ND AVE AND 3RD AVE,SE,3,Commercial Core,Retail,Paid Parking,120,47.61126224,-122.33994252
80881,STEWART ST BETWEEN 4TH AVE AND 5TH AVE,NW,4,Belltown,South,Paid Parking,120,47.61267196,-122.33838365
80882,STEWART ST BETWEEN 4TH AVE AND 5TH AVE,SE,7,Belltown,South,Paid Parking,120,47.61259253,-122.33820631
35525,STEWART ST BETWEEN 6TH AVE AND 7TH AVE,NW,6,Denny Triangle,South,Paid Parking,120,47.61400074,-122.33666037
35526,STEWART ST BETWEEN 6TH AVE AND 7TH AVE,SE,4,Denny Triangle,South,Paid Parking,120,47.61390233,-122.33652911
58222,STEWART ST BETWEEN 7TH AVE AND 8TH AVE,SE,7,Denny Triangle,South,Paid Parking,120,47.61456869,-122.33566247
80889,STEWART ST BETWEEN 8TH AVE AND 9TH AVE,NW,6,Denny Triangle,North,Paid Parking,240,47.61534249,-122.33493627
80890,STEWART ST BETWEEN 8TH AVE AND 9TH AVE,SE,10,Denny Triangle,North,Paid Parking,240,47.61522576,-122.33481256
80893,STEWART ST BETWEEN 9TH AVE AND TERRY AVE,NW,4,Denny Triangle,North,Paid Parking,240,47.61599014,-122.33409844
80894,STEWART ST BETWEEN 9TH AVE AND TERRY AVE,SE,6,Denny Triangle,North,Paid Parking,240,47.61590837,-122.33392949
58225,STEWART ST BETWEEN BOREN AVE AND MINOR AVE,NW,5,Denny Triangle,North,Paid Parking,240,47.61732776,-122.3323523
58226,STEWART ST BETWEEN BOREN AVE AND MINOR AVE,SE,7,Denny Triangle,North,Paid Parking,240,47.6172401,-122.33220713
35530,STEWART ST BETWEEN MINOR AVE AND YALE AVE,SE,7,Denny Triangle,North,Paid Parking,240,47.61789756,-122.33135135
80878,STEWART ST BETWEEN PIKE PL AND POST AL,SE,4,Commercial Core,Waterfront,Paid Parking,120,47.60978392,-122.34189906
12869,STEWART ST BETWEEN POST AL AND 1ST AVE,NW,5,Commercial Core,Waterfront,Paid Parking,120,47.61012337,-122.341665
12885,STEWART ST BETWEEN TERRY AVE AND BOREN AVE,NW,5,Denny Triangle,North,Paid Parking,240,47.61665383,-122.33321852
12886,STEWART ST BETWEEN TERRY AVE AND BOREN AVE,SE,6,Denny Triangle,North,Paid Parking,240,47.61653071,-122.33311921
80949,SUMMIT AVE BETWEEN E PIKE ST AND E PINE ST,W,9,Pike-Pine,,Paid Parking,120,47.61467907,-122.32561509
80950,SUMMIT AVE BETWEEN E PIKE ST AND E PINE ST,E,8,Pike-Pine,,Restricted Parking Zone,120,47.61467202,-122.32542038
80953,SUMMIT AVE BETWEEN E PINE ST AND E OLIVE ST,W,6,Capitol Hill,South,Restricted Parking Zone,120,47.61580147,-122.32564569
80954,SUMMIT AVE BETWEEN E PINE ST AND E OLIVE ST,E,8,Capitol Hill,South,Restricted Parking Zone,120,47.61579861,-122.32543075
58337,SUMMIT AVE BETWEEN E UNION ST AND E PIKE ST,W,4,Pike-Pine,,Paid Parking,120,47.61352508,-122.32557881
12949,SUMMIT AVE BETWEEN MADISON ST AND SPRING ST,SW,8,First Hill,,Restricted Parking Zone,120,47.61061816,-122.32333449
12950,SUMMIT AVE BETWEEN MADISON ST AND SPRING ST,NE,8,First Hill,,Paid Parking,120,47.61067784,-122.3231841
12954,SUMMIT AVE BETWEEN SENECA ST AND UNIVERSITY ST,NE,9,First Hill,,Restricted Parking Zone,120,47.61209744,-122.32449676
80945,SUMMIT AVE BETWEEN SPRING ST AND SENECA ST,SW,6,First Hill,,Restricted Parking Zone,120,47.61130695,-122.32397401
80946,SUMMIT AVE BETWEEN SPRING ST AND SENECA ST,NE,6,First Hill,,Paid Parking,120,47.61137505,-122.32382655
12957,SUMMIT AVE BETWEEN UNIVERSITY ST AND E UNION ST,SW,5,First Hill,,Paid Parking,120,47.61267365,-122.32520538
43905,S WASHINGTON ST BETWEEN 1ST AVE S AND OCCIDENTAL AVE S,N,1,Pioneer Square,Core,Paid Parking,120,47.60095635,-122.33348247
43906,S WASHINGTON ST BETWEEN 1ST AVE S AND OCCIDENTAL AVE S,S,2,Pioneer Square,Core,Paid Parking,120,47.60081932,-122.33351818
21773,S WASHINGTON ST BETWEEN 3RD AVE S AND 4TH AVE S,N,7,Pioneer Square,Edge,Paid Parking,120,47.60094492,-122.32969194
21774,S WASHINGTON ST BETWEEN 3RD AVE S AND 4TH AVE S,S,2,Pioneer Square,Edge,Paid Parking,120,47.60081318,-122.32958115
43910,S WASHINGTON ST BETWEEN 5TH AVE S AND 6TH AVE S,S,7,Chinatown/ID,,Paid Parking,120,47.60080077,-122.3269687
43913,S WASHINGTON ST BETWEEN 6TH AVE S AND DEAD END 1,N,7,Chinatown/ID,,Paid Parking,120,47.60093543,-122.32567765
43914,S WASHINGTON ST BETWEEN 6TH AVE S AND DEAD END 1,S,7,Chinatown/ID,,Paid Parking,120,47.60079834,-122.32566813
21765,S WASHINGTON ST BETWEEN ALASKAN E RDWY WAY S AND 1ST AVE S,N,5,Pioneer Square,Edge,Paid Parking,120,47.60093944,-122.33489185
89526,S WASHINGTON ST BETWEEN OCCIDENTAL AVE S AND 2ND AVE S,S,7,Pioneer Square,Core,Paid Parking,120,47.60081755,-122.33232649
43941,S WELLER ST BETWEEN 5TH AVE S AND 6TH AVE S,N,4,Chinatown/ID,,Paid Parking,120,47.59758444,-122.32699474
43942,S WELLER ST BETWEEN 5TH AVE S AND 6TH AVE S,S,5,Chinatown/ID,,Paid Parking,120,47.59744736,-122.32699509
66613,S WELLER ST BETWEEN 6TH AVE S AND MAYNARD AVE S,N,7,Chinatown/ID,,Paid Parking,120,47.59758256,-122.32568806
66614,S WELLER ST BETWEEN 6TH AVE S AND MAYNARD AVE S,S,3,Chinatown/ID,,Paid Parking,120,47.59744549,-122.32568856
66622,S WELLER ST BETWEEN 7TH AVE S AND CANTON AL S,S,2,Chinatown/ID,,Paid Parking,120,47.59742737,-122.32338508
43945,S WELLER ST BETWEEN 8TH AVE S AND DEAD END,N,2,Chinatown/ID,,Paid Parking,120,47.59757628,-122.32200565
43946,S WELLER ST BETWEEN 8TH AVE S AND DEAD END,S,5,Chinatown/ID,,Paid Parking,120,47.59743922,-122.32201036
119444,S WELLER ST BETWEEN CANTON AL S AND 8TH AVE S,N,5,Chinatown/ID,,Paid Parking,120,47.59757726,-122.32281958
66617,S WELLER ST BETWEEN MAYNARD AVE S AND MAYNARD AL S,N,4,Chinatown/ID,,Paid Parking,120,47.59758631,-122.32469977
66618,S WELLER ST BETWEEN MAYNARD AVE S AND MAYNARD AL S,S,3,Chinatown/ID,,Paid Parking,120,47.59743828,-122.32470642
35681,TALLMAN AVE NW BETWEEN NW CENTRAL PL AND NW MARKET ST,SW,14,Ballard,Edge,Paid Parking,240,47.667907,-122.38092352
35682,TALLMAN AVE NW BETWEEN NW CENTRAL PL AND NW MARKET ST,NE,16,Ballard,Edge,Paid Parking,240,47.66793637,-122.38076096
13045,TALLMAN AVE NW BETWEEN NW IONE PL AND NW CENTRAL PL,SW,9,Ballard,Edge,Paid Parking,240,47.66686786,-122.37969237
13046,TALLMAN AVE NW BETWEEN NW IONE PL AND NW CENTRAL PL,NE,6,Ballard,Edge,Paid Parking,240,47.66693106,-122.37957491
81065,TAYLOR AVE BETWEEN 5TH AVE AND DENNY WAY,W,3,Belltown,North,Paid Parking,240,47.61842442,-122.34651487
35693,TAYLOR AVE N BETWEEN DENNY WAY AND JOHN ST,W,7,Uptown Triangle,,Paid Parking,600,47.61914667,-122.34644101
35694,TAYLOR AVE N BETWEEN DENNY WAY AND JOHN ST,E,6,Uptown Triangle,,Paid Parking,600,47.61915653,-122.34616925
58381,TAYLOR AVE N BETWEEN JOHN ST AND THOMAS ST,W,7,Uptown Triangle,,Paid Parking,240,47.62031513,-122.34644322
58382,TAYLOR AVE N BETWEEN JOHN ST AND THOMAS ST,E,27,Uptown Triangle,,Paid Parking,600,47.6203126,-122.34613913
81070,TAYLOR AVE N BETWEEN MERCER ST AND ROY ST,E,7,Uptown,,Paid Parking,240,47.62498641,-122.34618163
13061,TAYLOR AVE N BETWEEN ROY ST AND VALLEY ST,W,10,Uptown,,Paid Parking,240,47.62584623,-122.34633672
13062,TAYLOR AVE N BETWEEN ROY ST AND VALLEY ST,E,3,Uptown,,Paid Parking,240,47.62584561,-122.34617451
13057,TAYLOR AVE N BETWEEN THOMAS ST AND HARRISON ST,W,16,Uptown Triangle,,Paid Parking,240,47.6215058,-122.34636441
13058,TAYLOR AVE N BETWEEN THOMAS ST AND HARRISON ST,E,10,Uptown Triangle,,Paid Parking,240,47.62151046,-122.34614946
81073,TAYLOR AVE N BETWEEN VALLEY ST AND ALOHA ST,W,2,Uptown,,Restricted Parking Zone,120,47.62671465,-122.34632949
81074,TAYLOR AVE N BETWEEN VALLEY ST AND ALOHA ST,E,3,Uptown,,Restricted Parking Zone,120,47.62671403,-122.34616728
81105,TERRACE ST BETWEEN DEAD END 2 AND TERRY AVE,NW,5,First Hill,,Restricted Parking Zone,120,47.60449698,-122.32270131
35705,TERRACE ST BETWEEN TERRY AVE AND BOREN AVE,NW,10,First Hill,,Restricted Parking Zone,120,47.6048662,-122.32181773
35706,TERRACE ST BETWEEN TERRY AVE AND BOREN AVE,SE,5,First Hill,,Restricted Parking Zone,120,47.60477148,-122.32173593
58393,TERRACE ST BETWEEN YESLER WAY AND 5TH AVE,NW,7,Commercial Core,Financial,Paid Parking,120,47.60204002,-122.32859988
35717,TERRY AVE BETWEEN ALDER ST AND TERRACE ST,SW,7,First Hill,,Restricted Parking Zone,120,47.60422151,-122.32207604
35718,TERRY AVE BETWEEN ALDER ST AND TERRACE ST,NE,9,First Hill,,Restricted Parking Zone,120,47.60425599,-122.32195506
13082,TERRY AVE BETWEEN CHERRY ST AND COLUMBIA ST,NE,7,First Hill,,Paid Parking,120,47.60711941,-122.32455178
35730,TERRY AVE BETWEEN HOWELL ST AND STEWART ST,NE,6,Denny Triangle,North,Paid Parking,240,47.61593642,-122.33286034
58409,TERRY AVE BETWEEN JAMES ST AND CHERRY ST,SW,10,First Hill,,Restricted Parking Zone,120,47.60636065,-122.32404909
81113,TERRY AVE BETWEEN LENORA ST AND DENNY WAY,SW,2,Denny Triangle,North,Paid Parking,240,47.61814223,-122.33683011
81114,TERRY AVE BETWEEN LENORA ST AND DENNY WAY,NE,4,Denny Triangle,North,Paid Parking,240,47.61816803,-122.33663822
13085,TERRY AVE BETWEEN MADISON ST AND SPRING ST,SW,3,First Hill,,Paid Parking,120,47.60920979,-122.32669044
58413,TERRY AVE BETWEEN MARION ST AND MADISON ST,SW,3,First Hill,,Paid Parking,120,47.6084865,-122.32599167
13098,TERRY AVE BETWEEN STEWART ST AND VIRGINIA ST,NE,5,Denny Triangle,North,Paid Parking,240,47.61671369,-122.33418299
58401,TERRY AVE BETWEEN TERRACE ST AND JEFFERSON ST,SW,5,First Hill,,Restricted Parking Zone,120,47.60492706,-122.32272057
58402,TERRY AVE BETWEEN TERRACE ST AND JEFFERSON ST,NE,8,First Hill,,Restricted Parking Zone,120,47.60497317,-122.32261022
13093,TERRY AVE BETWEEN UNIVERSITY ST AND UNION ST,SW,10,First Hill,,Paid Parking,120,47.61148793,-122.32872707
13101,TERRY AVE BETWEEN VIRGINIA ST AND LENORA ST,SW,4,Denny Triangle,North,Paid Parking,240,47.6174151,-122.335554
13102,TERRY AVE BETWEEN VIRGINIA ST AND LENORA ST,NE,3,Denny Triangle,North,Paid Parking,240,47.6174762,-122.3355126
35733,TERRY AVE N BETWEEN DENNY WAY AND JOHN ST,W,9,South Lake Union,South,Paid Parking,120,47.61911578,-122.33727883
58421,TERRY AVE N BETWEEN HARRISON ST AND REPUBLICAN ST,W,8,South Lake Union,South,Paid Parking,120,47.62262366,-122.33726857
58422,TERRY AVE N BETWEEN HARRISON ST AND REPUBLICAN ST,E,7,South Lake Union,South,Paid Parking,120,47.62261869,-122.33702531
13105,TERRY AVE N BETWEEN JOHN ST AND THOMAS ST,W,7,South Lake Union,South,Paid Parking,120,47.62027821,-122.33727531
81117,TERRY AVE N BETWEEN REPUBLICAN ST AND MERCER SR ST,W,15,South Lake Union,South,Paid Parking,120,47.62389155,-122.33723822
81118,TERRY AVE N BETWEEN REPUBLICAN ST AND MERCER SR ST,E,5,South Lake Union,South,Paid Parking,120,47.62386337,-122.33701541
13109,TERRY AVE N BETWEEN THOMAS ST AND HARRISON ST,W,9,South Lake Union,South,Paid Parking,120,47.62144907,-122.33727797
13110,TERRY AVE N BETWEEN THOMAS ST AND HARRISON ST,E,3,South Lake Union,South,Paid Parking,120,47.6214455,-122.33705498
13134,THOMAS ST BETWEEN 8TH AVE N AND 9TH AVE N,S,7,South Lake Union,South,Paid Parking,600,47.62080468,-122.34042534
58445,THOMAS ST BETWEEN 9TH AVE N AND WESTLAKE AVE N,N,7,South Lake Union,South,Paid Parking,120,47.62094236,-122.33913076
58446,THOMAS ST BETWEEN 9TH AVE N AND WESTLAKE AVE N,S,8,South Lake Union,South,Paid Parking,120,47.62080537,-122.33915414
13138,THOMAS ST BETWEEN BOREN AVE N AND FAIRVIEW AVE N,S,11,South Lake Union,South,Paid Parking,120,47.62078405,-122.33510817
81130,THOMAS ST BETWEEN DEXTER AVE N AND 8TH AVE N,S,4,South Lake Union,South,Paid Parking,120,47.62080932,-122.34170543
58453,THOMAS ST BETWEEN FAIRVIEW AVE N AND MINOR AVE N,N,7,South Lake Union,South,Restricted Parking Zone,120,47.62089482,-122.33361805
58454,THOMAS ST BETWEEN FAIRVIEW AVE N AND MINOR AVE N,S,4,South Lake Union,South,Restricted Parking Zone,120,47.62074999,-122.33364461
35749,THOMAS ST BETWEEN MINOR AVE N AND PONTIUS AVE N,N,7,South Lake Union,South,Restricted Parking Zone,120,47.62088111,-122.33236774
35750,THOMAS ST BETWEEN MINOR AVE N AND PONTIUS AVE N,S,4,South Lake Union,South,Restricted Parking Zone,120,47.62075516,-122.33231236
81133,THOMAS ST BETWEEN PONTIUS AVE N AND YALE AVE N,N,6,South Lake Union,South,Paid Parking,120,47.62088727,-122.33104579
81134,THOMAS ST BETWEEN PONTIUS AVE N AND YALE AVE N,S,8,South Lake Union,South,Paid Parking,120,47.62075019,-122.33105113
58449,THOMAS ST BETWEEN TERRY AVE N AND BOREN AVE N,N,1,South Lake Union,South,Paid Parking,600,47.62093462,-122.33643178
58450,THOMAS ST BETWEEN TERRY AVE N AND BOREN AVE N,S,8,South Lake Union,South,Paid Parking,600,47.62078412,-122.33650374
35745,THOMAS ST BETWEEN WESTLAKE AVE N AND TERRY AVE N,N,1,South Lake Union,South,Paid Parking,120,47.62093987,-122.33776217
13142,THOMAS ST BETWEEN YALE AVE N AND EASTLAKE AVE E,S,5,South Lake Union,South,Paid Parking,120,47.62076448,-122.3297844
35794,UNION ST BETWEEN 2ND AVE AND 3RD AVE,SE,4,Commercial Core,Retail,Paid Parking,120,47.60848168,-122.33737977
58474,UNION ST BETWEEN 3RD AVE AND 4TH AVE,SE,4,Commercial Core,Retail,Paid Parking,120,47.60892503,-122.33627399
35798,UNION ST BETWEEN 4TH AVE AND 5TH AVE,SE,5,Commercial Core,Retail,Paid Parking,120,47.60939858,-122.33515851
81190,UNION ST BETWEEN 5TH AVE AND 6TH AVE,SE,3,Commercial Core,Retail,Paid Parking,120,47.60986131,-122.33407591
81194,UNION ST BETWEEN 6TH AVE AND 7TH AVE,SE,6,Commercial Core,Retail,Paid Parking,120,47.61031904,-122.33297464
81198,UNION ST BETWEEN BOREN AVE AND MINOR AVE,SE,7,First Hill,,Restricted Parking Zone,120,47.61268211,-122.327372
13170,UNION ST BETWEEN TERRY AVE AND BOREN AVE,SE,8,First Hill,,Restricted Parking Zone,120,47.61219682,-122.32852377
81185,UNION ST BETWEEN WESTERN AVE AND POST AL,NW,3,Commercial Core,Waterfront,Paid Parking,120,47.60753777,-122.33993334
58493,UNIVERSITY ST BETWEEN 1ST AVE AND 2ND AVE,NW,5,Commercial Core,Retail,Paid Parking,120,47.60710524,-122.33768158
58494,UNIVERSITY ST BETWEEN 1ST AVE AND 2ND AVE,SE,7,Commercial Core,Retail,Paid Parking,120,47.6070238,-122.33761427
58498,UNIVERSITY ST BETWEEN 2ND AVE AND 3RD AVE,SE,3,Commercial Core,Retail,Paid Parking,120,47.60748915,-122.33646207
13185,UNIVERSITY ST BETWEEN 3RD AVE AND 4TH AVE,NW,3,Commercial Core,Retail,Paid Parking,120,47.60806691,-122.33548167
13189,UNIVERSITY ST BETWEEN 4TH AVE AND 5TH AVE,NW,2,Commercial Core,Retail,Paid Parking,120,47.60852356,-122.33435292
13190,UNIVERSITY ST BETWEEN 4TH AVE AND 5TH AVE,SE,3,Commercial Core,Retail,Paid Parking,120,47.60838893,-122.33422012
58501,UNIVERSITY ST BETWEEN 5TH AVE AND 6TH AVE,NW,3,Commercial Core,Retail,Paid Parking,120,47.60897622,-122.33327978
35821,UNIVERSITY ST BETWEEN 9TH AVE AND TERRY AVE,NW,4,First Hill,,Paid Parking,120,47.61081539,-122.32882203
35822,UNIVERSITY ST BETWEEN 9TH AVE AND TERRY AVE,SE,6,First Hill,,Paid Parking,120,47.61073647,-122.32873326
58489,UNIVERSITY ST BETWEEN ALASKAN WAY AND WESTERN AVE,NW,2,Commercial Core,Waterfront,Paid Parking,120,47.6062271,-122.33974212
58490,UNIVERSITY ST BETWEEN ALASKAN WAY AND WESTERN AVE,SE,3,Commercial Core,Waterfront,Paid Parking,120,47.60618296,-122.33961645
35829,UNIVERSITY ST BETWEEN BOREN AVE AND MINOR AVE,NW,5,First Hill,,Restricted Parking Zone,120,47.61178165,-122.3265659
35830,UNIVERSITY ST BETWEEN BOREN AVE AND MINOR AVE,SE,5,First Hill,,Restricted Parking Zone,120,47.61167817,-122.3264665
81205,UNIVERSITY ST BETWEEN MINOR AVE AND SUMMIT AVE,NW,8,First Hill,,Paid Parking,120,47.61222854,-122.32548222
81206,UNIVERSITY ST BETWEEN MINOR AVE AND SUMMIT AVE,SE,10,First Hill,,Restricted Parking Zone,120,47.61213261,-122.32538017
13197,UNIVERSITY ST BETWEEN SUMMIT AVE AND BOYLSTON W AVE,NW,6,First Hill,,Restricted Parking Zone,120,47.6126884,-122.32435978
13198,UNIVERSITY ST BETWEEN SUMMIT AVE AND BOYLSTON W AVE,SE,13,First Hill,,Restricted Parking Zone,120,47.61258563,-122.32425866
35826,UNIVERSITY ST BETWEEN TERRY AVE AND BOREN AVE,SE,6,First Hill,,Restricted Parking Zone,120,47.61119925,-122.3276113
13209,UNIVERSITY WAY NE BETWEEN NE 40TH ST AND NE CAMPUS EB PY,W,3,University District,Core,Paid Parking,120,47.65565253,-122.31335817
13210,UNIVERSITY WAY NE BETWEEN NE 40TH ST AND NE CAMPUS EB PY,E,5,University District,Core,Paid Parking,120,47.65565937,-122.31318754
58514,UNIVERSITY WAY NE BETWEEN NE 41ST ST AND NE 42ND ST,E,7,University District,Core,Paid Parking,120,47.65753657,-122.31314236
13213,UNIVERSITY WAY NE BETWEEN NE 42ND ST AND NE 43RD ST,W,12,University District,Core,Paid Parking,120,47.65902464,-122.31328189
13214,UNIVERSITY WAY NE BETWEEN NE 42ND ST AND NE 43RD ST,E,9,University District,Core,Paid Parking,120,47.65901419,-122.31309548
81209,UNIVERSITY WAY NE BETWEEN NE 43RD ST AND NE 45TH ST,W,5,University District,Core,Paid Parking,120,47.66050606,-122.31324709
81210,UNIVERSITY WAY NE BETWEEN NE 43RD ST AND NE 45TH ST,E,7,University District,Core,Paid Parking,120,47.66049967,-122.3130565
35845,UNIVERSITY WAY NE BETWEEN NE 45TH ST AND NE 47TH ST,W,12,University District,Core,Paid Parking,120,47.66216612,-122.31320115
35846,UNIVERSITY WAY NE BETWEEN NE 45TH ST AND NE 47TH ST,E,10,University District,Core,Paid Parking,120,47.66216493,-122.31303072
35849,UNIVERSITY WAY NE BETWEEN NE 47TH ST AND NE 50TH ST,W,6,University District,Core,Paid Parking,120,47.66400919,-122.31317705
35850,UNIVERSITY WAY NE BETWEEN NE 47TH ST AND NE 50TH ST,E,19,University District,Core,Paid Parking,120,47.66399698,-122.3129946
35841,UNIVERSITY WAY NE BETWEEN NE CAMPUS WB PY AND NE 41ST ST,W,6,University District,Core,Paid Parking,30,47.6564863,-122.31334036
35842,UNIVERSITY WAY NE BETWEEN NE CAMPUS WB PY AND NE 41ST ST,E,5,University District,Core,Paid Parking,120,47.65648421,-122.31316591
35838,UNIVERSITY WAY NE BETWEEN NE PACIFIC ST AND NE 40TH ST,E,14,University District,Core,Paid Parking,120,47.65436312,-122.31321285
58569,VALLEY ST BETWEEN 6TH AVE N AND AURORA AVE N,N,5,Uptown,,Paid Parking,240,47.62631375,-122.34427177
13261,VALLEY ST BETWEEN AURORA AVE N AND DEXTER AVE N,N,8,South Lake Union,North,Paid Parking,600,47.62631903,-122.34289167
13262,VALLEY ST BETWEEN AURORA AVE N AND DEXTER AVE N,S,7,South Lake Union,North,Paid Parking,600,47.62620934,-122.34288677
58574,VALLEY ST BETWEEN BOREN AVE N AND FAIRVIEW AVE N,S,7,South Lake Union,North,Paid Parking,600,47.62564061,-122.33517116
35881,VALLEY ST BETWEEN DEXTER AVE N AND 8TH AVE N,N,15,South Lake Union,North,Paid Parking,600,47.62632754,-122.34168272
35882,VALLEY ST BETWEEN DEXTER AVE N AND 8TH AVE N,S,7,South Lake Union,North,Paid Parking,600,47.62619589,-122.34166966
81246,VALLEY ST BETWEEN FAIRVIEW AVE N AND MINOR AVE N,S,15,South Lake Union,North,Paid Parking,600,47.62587776,-122.33348049
35890,VALLEY ST BETWEEN MINOR AVE N AND YALE AVE N,S,14,South Lake Union,North,Paid Parking,120,47.62591864,-122.33166834
81242,VALLEY ST BETWEEN TERRY AVE N AND LAKE UNION PARK ACCESS RD,S,6,South Lake Union,North,Paid Parking,120,47.62564256,-122.33666877
35886,VALLEY ST BETWEEN WESTLAKE AVE N AND TERRY AVE N,S,6,South Lake Union,North,Paid Parking,600,47.62564186,-122.33788753
58617,VINE ST BETWEEN 1ST AVE AND 2ND AVE,NW,7,Belltown,North,Paid Parking,240,47.61565061,-122.3492925
58618,VINE ST BETWEEN 1ST AVE AND 2ND AVE,SE,7,Belltown,North,Paid Parking,240,47.61556405,-122.34914591
58621,VINE ST BETWEEN 2ND AVE AND 3RD AVE,NW,6,Belltown,North,Paid Parking,240,47.61629517,-122.3484543
58622,VINE ST BETWEEN 2ND AVE AND 3RD AVE,SE,3,Belltown,North,Paid Parking,240,47.61620702,-122.348299
81289,VINE ST BETWEEN 3RD AVE AND 4TH AVE,NW,9,Belltown,North,Paid Parking,240,47.61694485,-122.34762533
81290,VINE ST BETWEEN 3RD AVE AND 4TH AVE,SE,11,Belltown,North,Paid Parking,240,47.616859,-122.34744013
81293,VINE ST BETWEEN 4TH AVE AND 5TH AVE,NW,6,Belltown,North,Paid Parking,240,47.61763406,-122.34676164
81294,VINE ST BETWEEN 4TH AVE AND 5TH AVE,SE,6,Belltown,North,Paid Parking,240,47.61753486,-122.34659369
13298,VINE ST BETWEEN 5TH AVE AND DENNY WAY,SE,6,Belltown,North,Paid Parking,240,47.61819148,-122.34572231
58609,VINE ST BETWEEN ALASKAN WAY AND ELLIOTT AVE,NW,5,Belltown,North,Paid Parking,240,47.61369793,-122.35184661
58610,VINE ST BETWEEN ALASKAN WAY AND ELLIOTT AVE,SE,4,Belltown,North,Paid Parking,240,47.6136009,-122.35167048
13293,VINE ST BETWEEN ELLIOTT AVE AND WESTERN AVE,NW,7,Belltown,North,Paid Parking,240,47.61431849,-122.35103705
58613,VINE ST BETWEEN WESTERN AVE AND 1ST AVE,NW,5,Belltown,North,Paid Parking,240,47.61498599,-122.35017322
58614,VINE ST BETWEEN WESTERN AVE AND 1ST AVE,SE,6,Belltown,North,Paid Parking,240,47.61488386,-122.35000368
13301,VIRGINIA ST BETWEEN 1ST AVE AND 2ND AVE,NW,5,Belltown,South,Paid Parking,120,47.61147667,-122.34224044
13302,VIRGINIA ST BETWEEN 1ST AVE AND 2ND AVE,SE,7,Belltown,South,Paid Parking,120,47.61138668,-122.34208214
81297,VIRGINIA ST BETWEEN 3RD AVE AND 4TH AVE,NW,9,Belltown,South,Paid Parking,120,47.61280657,-122.34051486
13305,VIRGINIA ST BETWEEN 4TH AVE AND 5TH AVE,NW,8,Belltown,South,Paid Parking,120,47.6134703,-122.33965105
13306,VIRGINIA ST BETWEEN 4TH AVE AND 5TH AVE,SE,3,Belltown,South,Paid Parking,120,47.61338368,-122.33950456
13309,VIRGINIA ST BETWEEN 5TH AVE AND 6TH AVE,NW,9,Belltown,South,Paid Parking,120,47.61411105,-122.33882237
13313,VIRGINIA ST BETWEEN 7TH AVE AND 8TH AVE,NW,3,Denny Triangle,South,Paid Parking,120,47.61544257,-122.3370847
58641,VIRGINIA ST BETWEEN 9TH AVE AND TERRY AVE,NW,5,Denny Triangle,North,Paid Parking,240,47.61676587,-122.335373
58646,VIRGINIA ST BETWEEN BOREN AVE AND MINOR AVE,SE,3,Denny Triangle,North,Paid Parking,240,47.61799607,-122.33351256
58629,VIRGINIA ST BETWEEN PIKE PL AND POST AL,NW,3,Belltown,South,Paid Parking,120,47.61060651,-122.34332623
13345,WALL ST BETWEEN 1ST AVE AND 2ND AVE,NW,9,Belltown,North,Paid Parking,240,47.61507348,-122.34837145
13346,WALL ST BETWEEN 1ST AVE AND 2ND AVE,SE,8,Belltown,North,Paid Parking,240,47.6150029,-122.34823653
58685,WALL ST BETWEEN 2ND AVE AND 3RD AVE,NW,9,Belltown,North,Paid Parking,240,47.61572569,-122.34754004
58686,WALL ST BETWEEN 2ND AVE AND 3RD AVE,SE,3,Belltown,North,Paid Parking,240,47.61564378,-122.34739822
13349,WALL ST BETWEEN 3RD AVE AND 4TH AVE,NW,9,Belltown,North,Paid Parking,240,47.61641418,-122.34667276
35945,WALL ST BETWEEN 4TH AVE AND 5TH AVE,NW,4,Belltown,North,Paid Parking,240,47.61706416,-122.34580134
35946,WALL ST BETWEEN 4TH AVE AND 5TH AVE,SE,8,Belltown,North,Paid Parking,240,47.61698844,-122.34567306
58677,WALL ST BETWEEN ALASKAN WAY AND ELLIOTT AVE,NW,5,Belltown,North,Paid Parking,240,47.61313015,-122.35088659
35941,WALL ST BETWEEN ELLIOTT AVE AND WESTERN AVE,NW,5,Belltown,North,Paid Parking,240,47.61375448,-122.35007728
35942,WALL ST BETWEEN ELLIOTT AVE AND WESTERN AVE,SE,5,Belltown,North,Paid Parking,240,47.61367661,-122.34995178
58681,WALL ST BETWEEN WESTERN AVE AND 1ST AVE,NW,8,Belltown,North,Paid Parking,240,47.61439628,-122.34924683
58682,WALL ST BETWEEN WESTERN AVE AND 1ST AVE,SE,5,Belltown,North,Paid Parking,240,47.61432252,-122.34911602
13445,WARREN AVE N BETWEEN DENNY WAY AND JOHN ST,W,12,Uptown,,Paid Parking,240,47.61918743,-122.35422373
36009,WARREN AVE N BETWEEN JOHN ST AND THOMAS ST,W,10,Uptown,,Paid Parking,240,47.6203341,-122.3542549
36010,WARREN AVE N BETWEEN JOHN ST AND THOMAS ST,E,15,Uptown,,Paid Parking,240,47.62033866,-122.35401157
36013,WARREN AVE N BETWEEN MERCER ST AND ROY ST,W,1,Uptown,,Paid Parking,30,47.62499535,-122.35417616
36014,WARREN AVE N BETWEEN MERCER ST AND ROY ST,E,2,Uptown,,Paid Parking,240,47.62499475,-122.35401396
81421,WARREN AVE N BETWEEN REPUBLICAN ST AND MERCER ST,W,11,Uptown,,Paid Parking,240,47.62389409,-122.35419725
81422,WARREN AVE N BETWEEN REPUBLICAN ST AND MERCER ST,E,8,Uptown,,Paid Parking,240,47.62388386,-122.35402296
81453,WARREN PL BETWEEN 1ST AVE AND DENNY WAY,W,4,Belltown,North,Paid Parking,240,47.61831049,-122.35423094
81454,WARREN PL BETWEEN 1ST AVE AND DENNY WAY,E,6,Belltown,North,Paid Parking,240,47.6182689,-122.3540691
36109,WESTERN AVE BETWEEN BATTERY ST AND WALL ST,SW,10,Belltown,North,Paid Parking,240,47.61369313,-122.34920683
36110,WESTERN AVE BETWEEN BATTERY ST AND WALL ST,NE,5,Belltown,North,Paid Parking,240,47.61380287,-122.34907831
13526,WESTERN AVE BETWEEN BAY ST AND QUEEN ANNE AVE,NE,4,Belltown,North,Paid Parking,240,47.61810239,-122.35633431
13521,WESTERN AVE BETWEEN BELL ST AND BATTERY ST,SW,6,Belltown,North,Paid Parking,240,47.61303517,-122.34807888
81481,WESTERN AVE BETWEEN BLANCHARD ST AND BELL ST,SW,9,Belltown,South,Paid Parking,120,47.61226938,-122.34679293
81482,WESTERN AVE BETWEEN BLANCHARD ST AND BELL ST,NE,3,Belltown,South,Paid Parking,120,47.61238956,-122.34666975
58817,WESTERN AVE BETWEEN BROAD ST AND EAGLE ST,SW,10,Belltown,North,Paid Parking,240,47.61659514,-122.35413043
58818,WESTERN AVE BETWEEN BROAD ST AND EAGLE ST,NE,8,Belltown,North,Paid Parking,240,47.61669615,-122.35396246
36121,WESTERN AVE BETWEEN CEDAR ST AND CLAY ST,SW,6,Belltown,North,Paid Parking,240,47.61536129,-122.35199635
36122,WESTERN AVE BETWEEN CEDAR ST AND CLAY ST,NE,10,Belltown,North,Paid Parking,240,47.61545354,-122.35186904
58813,WESTERN AVE BETWEEN CLAY ST AND BROAD ST,SW,6,Belltown,North,Paid Parking,240,47.6159119,-122.35292896
58814,WESTERN AVE BETWEEN CLAY ST AND BROAD ST,NE,4,Belltown,North,Paid Parking,240,47.61600694,-122.35280637
58797,WESTERN AVE BETWEEN COLUMBIA ST AND MARION ST,SW,7,Commercial Core,Waterfront,Paid Parking,120,47.60312839,-122.33645957
58798,WESTERN AVE BETWEEN COLUMBIA ST AND MARION ST,NE,7,Commercial Core,Waterfront,Paid Parking,120,47.60319788,-122.33627051
36125,WESTERN AVE BETWEEN EAGLE ST AND BAY ST,SW,16,Belltown,North,Paid Parking,240,47.61733474,-122.35538416
36126,WESTERN AVE BETWEEN EAGLE ST AND BAY ST,NE,8,Belltown,North,Paid Parking,240,47.61746223,-122.35527339
58809,WESTERN AVE BETWEEN LENORA ST AND BLANCHARD ST,SW,11,Belltown,South,Paid Parking,120,47.61164876,-122.34573096
58810,WESTERN AVE BETWEEN LENORA ST AND BLANCHARD ST,NE,10,Belltown,South,Paid Parking,120,47.61161729,-122.34538208
36097,WESTERN AVE BETWEEN MADISON ST AND SPRING ST,SW,6,Commercial Core,Waterfront,Paid Parking,120,47.60456823,-122.33777699
36098,WESTERN AVE BETWEEN MADISON ST AND SPRING ST,NE,5,Commercial Core,Waterfront,Paid Parking,120,47.60464003,-122.33759003
13510,WESTERN AVE BETWEEN MARION ST AND MADISON ST,NE,2,Commercial Core,Waterfront,Paid Parking,120,47.60392452,-122.33695926
81477,WESTERN AVE BETWEEN PIKE ST AND PINE ST,SW,3,Commercial Core,Waterfront,Paid Parking,120,47.60878626,-122.34164153
81478,WESTERN AVE BETWEEN PIKE ST AND PINE ST,NE,4,Commercial Core,Waterfront,Paid Parking,120,47.60885995,-122.34146583
13517,WESTERN AVE BETWEEN PINE ST AND VIRGINIA ST,SW,11,Belltown,South,Paid Parking,120,47.60974531,-122.34291935
36101,WESTERN AVE BETWEEN SENECA ST AND UNIVERSITY ST,SW,7,Commercial Core,Waterfront,Paid Parking,120,47.60597802,-122.33908111
36102,WESTERN AVE BETWEEN SENECA ST AND UNIVERSITY ST,NE,4,Commercial Core,Waterfront,Paid Parking,120,47.60605889,-122.3389263
58801,WESTERN AVE BETWEEN SPRING ST AND SENECA ST,SW,10,Commercial Core,Waterfront,Paid Parking,120,47.60528135,-122.33843413
58802,WESTERN AVE BETWEEN SPRING ST AND SENECA ST,NE,5,Commercial Core,Waterfront,Paid Parking,120,47.60533893,-122.33823893
36105,WESTERN AVE BETWEEN UNION ST AND PIKE ST,SW,8,Commercial Core,Waterfront,Paid Parking,120,47.60780892,-122.34074682
36106,WESTERN AVE BETWEEN UNION ST AND PIKE ST,NE,4,Commercial Core,Waterfront,Paid Parking,120,47.6079181,-122.34057019
13513,WESTERN AVE BETWEEN UNIVERSITY ST AND UNION ST,SW,10,Commercial Core,Waterfront,Paid Parking,120,47.60683479,-122.33982722
36117,WESTERN AVE BETWEEN VINE ST AND CEDAR ST,SW,10,Belltown,North,Paid Parking,240,47.61480461,-122.3510549
36118,WESTERN AVE BETWEEN VINE ST AND CEDAR ST,NE,7,Belltown,North,Paid Parking,240,47.61489953,-122.35093211
58805,WESTERN AVE BETWEEN VIRGINIA ST AND LENORA ST,SW,7,Belltown,South,Paid Parking,120,47.61072092,-122.34416591
58806,WESTERN AVE BETWEEN VIRGINIA ST AND LENORA ST,NE,6,Belltown,South,Paid Parking,120,47.61082404,-122.34403853
36113,WESTERN AVE BETWEEN WALL ST AND VINE ST,SW,7,Belltown,North,Paid Parking,240,47.61425874,-122.35013221
36114,WESTERN AVE BETWEEN WALL ST AND VINE ST,NE,8,Belltown,North,Paid Parking,240,47.61435994,-122.35002003
36093,WESTERN AVE BETWEEN YESLER WAY AND COLUMBIA ST,SW,7,Pioneer Square,Edge,Paid Parking,120,47.60231142,-122.33573611
36094,WESTERN AVE BETWEEN YESLER WAY AND COLUMBIA ST,NE,9,Pioneer Square,Edge,Paid Parking,120,47.60234501,-122.33551423
13545,WESTLAKE AVE BETWEEN 6TH AVE AND VIRGINIA ST,W,7,Denny Triangle,South,Paid Parking,120,47.61441774,-122.33777839
13546,WESTLAKE AVE BETWEEN 6TH AVE AND VIRGINIA ST,E,7,Denny Triangle,South,Paid Parking,120,47.61439763,-122.33753687
36137,WESTLAKE AVE BETWEEN 7TH AVE AND 8TH AVE,W,7,Denny Triangle,South,Paid Parking,120,47.61585754,-122.3381161
36138,WESTLAKE AVE BETWEEN 7TH AVE AND 8TH AVE,E,8,Denny Triangle,South,Paid Parking,120,47.61585223,-122.33780668
36141,WESTLAKE AVE BETWEEN LENORA ST AND BLANCHARD ST,W,8,Denny Triangle,North,Paid Parking,240,47.61711289,-122.33832365
36142,WESTLAKE AVE BETWEEN LENORA ST AND BLANCHARD ST,E,8,Denny Triangle,North,Paid Parking,240,47.61715715,-122.33804739
58829,WESTLAKE AVE N BETWEEN DENNY WAY AND JOHN ST,W,5,South Lake Union,South,Paid Parking,120,47.61911756,-122.3385976
81493,WESTLAKE AVE N BETWEEN HARRISON ST AND REPUBLICAN ST,W,5,South Lake Union,South,Paid Parking,120,47.62263115,-122.33858071
81494,WESTLAKE AVE N BETWEEN HARRISON ST AND REPUBLICAN ST,E,3,South Lake Union,South,Paid Parking,120,47.6226275,-122.33833338
13549,WESTLAKE AVE N BETWEEN JOHN ST AND THOMAS ST,W,11,South Lake Union,South,Paid Parking,120,47.62027929,-122.33858807
13550,WESTLAKE AVE N BETWEEN JOHN ST AND THOMAS ST,E,9,South Lake Union,South,Paid Parking,120,47.62027694,-122.33833669
58833,WESTLAKE AVE N BETWEEN THOMAS ST AND HARRISON ST,W,5,South Lake Union,South,Paid Parking,120,47.62145672,-122.33857409
81497,WESTLAKE AVE N BETWEEN VALLEY ST AND 9TH AVE N,SW,14,South Lake Union,North,Paid Parking,600,47.62621889,-122.3391098
68494,W HARRISON ST BETWEEN 1ST AVE W AND 2ND AVE W,S,5,Uptown,,Paid Parking,240,47.6220717,-122.35868568
23622,W HARRISON ST BETWEEN 2ND AVE W AND 3RD AVE W,S,4,Uptown,,Paid Parking,240,47.62207629,-122.35998542
45825,W HARRISON ST BETWEEN 3RD AVE W AND 4TH AVE W,N,8,Uptown,,Paid Parking,240,47.62217541,-122.36129669
45826,W HARRISON ST BETWEEN 3RD AVE W AND 4TH AVE W,S,5,Uptown,,Paid Parking,240,47.62207672,-122.36129784
91550,W HARRISON ST BETWEEN 4TH AVE W AND ELLIOTT AVE W,S,2,Uptown,,Paid Parking,240,47.62207583,-122.36222526
91546,W HARRISON ST BETWEEN QUEEN ANNE AVE N AND 1ST AVE W,S,6,Uptown,,Paid Parking,240,47.62205051,-122.35736855
68553,W JOHN ST BETWEEN 1ST AVE W AND 2ND AVE W,N,5,Uptown,,Paid Parking,240,47.61981788,-122.35870305
68554,W JOHN ST BETWEEN 1ST AVE W AND 2ND AVE W,S,5,Uptown,,Paid Parking,240,47.6197466,-122.35870374
68549,W JOHN ST BETWEEN QUEEN ANNE AVE N AND 1ST AVE W,N,3,Uptown,,Paid Parking,240,47.61983396,-122.35741728
68550,W JOHN ST BETWEEN QUEEN ANNE AVE N AND 1ST AVE W,S,5,Uptown,,Paid Parking,240,47.61971607,-122.35741848
45973,W MERCER ST BETWEEN 1ST AVE W AND 2ND AVE W,N,7,Uptown,,Paid Parking,240,47.62466659,-122.3586498
45974,W MERCER ST BETWEEN 1ST AVE W AND 2ND AVE W,S,5,Uptown,,Paid Parking,240,47.6245103,-122.35864292
91725,W MERCER ST BETWEEN 2ND AVE W AND 3RD AVE W,N,9,Uptown,,Paid Parking,240,47.62465569,-122.35997218
91726,W MERCER ST BETWEEN 2ND AVE W AND 3RD AVE W,S,2,Uptown,,Restricted Parking Zone,120,47.62453507,-122.35997347
23781,W MERCER ST BETWEEN QUEEN ANNE AVE N AND 1ST AVE W,N,3,Uptown,,Paid Parking,120,47.62466482,-122.35737196
23782,W MERCER ST BETWEEN QUEEN ANNE AVE N AND 1ST AVE W,S,3,Uptown,,Paid Parking,120,47.62450573,-122.35734892
59009,WOODLAWN AVE NE BETWEEN 2ND S AVE NE AND 4TH S AVE NE,N,2,Green Lake,,Paid Parking,120,47.6777611,-122.32672656
81649,WOODLAWN AVE NE BETWEEN 5TH AVE NE AND NE RAVENNA EB BV,NW,2,Green Lake,,Paid Parking,120,47.6785868,-122.32522233
36313,WOODLAWN AVE NE BETWEEN NE 71ST ST AND NE 72ND ST,W,6,Green Lake,,Paid Parking,120,47.68015976,-122.32468599
59013,WOODLAWN AVE NE BETWEEN NE 72ND ST AND NE 73RD ST,SW,7,Green Lake,,Paid Parking,120,47.6808223,-122.32498613
59014,WOODLAWN AVE NE BETWEEN NE 72ND ST AND NE 73RD ST,NE,6,Green Lake,,Paid Parking,120,47.68087064,-122.32484934
36309,WOODLAWN AVE NE BETWEEN NE RAVENNA WB BV AND NE 71ST ST,W,6,Green Lake,,Paid Parking,120,47.67943865,-122.32470812
36310,WOODLAWN AVE NE BETWEEN NE RAVENNA WB BV AND NE 71ST ST,E,5,Green Lake,,Paid Parking,120,47.67943566,-122.32455851
46082,W REPUBLICAN ST BETWEEN 1ST AVE W AND 2ND AVE W,S,8,Uptown,,Paid Parking,240,47.62324243,-122.35868143
23877,W REPUBLICAN ST BETWEEN 2ND AVE W AND 3RD AVE W,N,4,Uptown,,Restricted Parking Zone,240,47.6233236,-122.35998297
23878,W REPUBLICAN ST BETWEEN 2ND AVE W AND 3RD AVE W,S,4,Uptown,,Restricted Parking Zone,240,47.62325233,-122.35998351
23873,W REPUBLICAN ST BETWEEN QUEEN ANNE AVE N AND 1ST AVE W,N,5,Uptown,,Paid Parking,120,47.62333949,-122.35739479
23874,W REPUBLICAN ST BETWEEN QUEEN ANNE AVE N AND 1ST AVE W,S,4,Uptown,,Paid Parking,120,47.62321888,-122.35739975
91829,W ROY ST BETWEEN 1ST AVE W AND 2ND AVE W,N,4,Uptown,,Paid Parking,240,47.62578127,-122.35863819
23881,W ROY ST BETWEEN QUEEN ANNE AVE N AND 1ST AVE W,N,6,Uptown,,Paid Parking,240,47.62577671,-122.35741855
23937,W THOMAS ST BETWEEN 1ST AVE W AND 2ND AVE W,N,9,Uptown,,Paid Parking,240,47.62098407,-122.35869454
23938,W THOMAS ST BETWEEN 1ST AVE W AND 2ND AVE W,S,8,Uptown,,Paid Parking,240,47.62091279,-122.35869505
91893,W THOMAS ST BETWEEN 2ND AVE W AND 3RD AVE W,N,7,Uptown,,Paid Parking,240,47.62098878,-122.35999964
91894,W THOMAS ST BETWEEN 2ND AVE W AND 3RD AVE W,S,7,Uptown,,Paid Parking,240,47.6209175,-122.36000025
91897,W THOMAS ST BETWEEN 3RD AVE W AND ELLIOTT N AVE W,N,2,Uptown,,Paid Parking,240,47.62099414,-122.36096559
91898,W THOMAS ST BETWEEN 3RD AVE W AND ELLIOTT N AVE W,S,1,Uptown,,Paid Parking,240,47.62092287,-122.36096698
68829,W THOMAS ST BETWEEN QUEEN ANNE AVE N AND 1ST AVE W,N,6,Uptown,,Paid Parking,240,47.62097928,-122.3573892
81685,YALE AVE BETWEEN HOWELL ST AND STEWART ST,SW,5,Denny Triangle,North,Paid Parking,240,47.61784105,-122.33040332
81686,YALE AVE BETWEEN HOWELL ST AND STEWART ST,NE,9,Denny Triangle,North,Paid Parking,240,47.61792977,-122.33028852
59038,YALE AVE N BETWEEN HARRISON ST AND REPUBLICAN ST,E,10,South Lake Union,South,Paid Parking,120,47.62254634,-122.3303386
13793,YALE AVE N BETWEEN JOHN ST AND THOMAS ST,W,11,South Lake Union,South,Paid Parking,120,47.62025648,-122.33049346
13794,YALE AVE N BETWEEN JOHN ST AND THOMAS ST,E,8,South Lake Union,South,Paid Parking,120,47.62024049,-122.33031902
13798,YALE AVE N BETWEEN MERCER ST AND DEAD END 1,E,8,South Lake Union,South,Restricted Parking Zone,120,47.62465974,-122.3304927
59041,YALE AVE N BETWEEN REPUBLICAN ST AND MERCER ST,W,16,South Lake Union,South,Paid Parking,600,47.62369625,-122.33052061
59042,YALE AVE N BETWEEN REPUBLICAN ST AND MERCER ST,E,10,South Lake Union,South,Paid Parking,600,47.62369826,-122.33035437
13789,YALE AVE N BETWEEN STEWART ST AND JOHN ST,W,8,South Lake Union,South,Paid Parking,120,47.61922926,-122.33048815
13790,YALE AVE N BETWEEN STEWART ST AND JOHN ST,E,3,South Lake Union,South,Paid Parking,120,47.61923507,-122.3303422
81694,YALE AVE N BETWEEN THOMAS ST AND HARRISON ST,E,9,South Lake Union,South,Paid Parking,120,47.62139895,-122.33033703
59045,YALE AVE N BETWEEN VALLEY ST AND ALOHA ST,W,7,South Lake Union,North,Paid Parking,120,47.62641488,-122.33093328
36362,YESLER WAY BETWEEN 8TH AVE AND BROADWAY,S,3,First Hill,,Paid Parking,120,47.60164437,-122.32160244
59058,YESLER WAY BETWEEN JAMES ST AND OCCIDENTAL AVE S,S,6,Pioneer Square,Core,Paid Parking,120,47.60165556,-122.33344092
59062,YESLER WAY BETWEEN OCCIDENTAL AVE S AND 2ND AVE,S,3,Pioneer Square,Core,Paid Parking,120,47.60165661,-122.33240274
36357,YESLER WAY BETWEEN TERRACE ST AND 6TH AVE,N,16,Commercial Core,Financial,Paid Parking,120,47.60176899,-122.32758439
36358,YESLER WAY BETWEEN TERRACE ST AND 6TH AVE,S,24,Commercial Core,Financial,Paid Parking,120,47.60165816,-122.32775122
13810,YESLER WAY BETWEEN WESTERN AVE AND POST AVE,S,2,Pioneer Square,Edge,Paid Parking,120,47.60167339,-122.33524263
46246,1ST AVE BETWEEN UNION ST AND PIKE ST,NE,3,Commercial Core,Retail,Paid Parking,120,47.60837485,-122.33948143
71574,24TH AVE NW BETWEEN NW 56TH ST AND NW 57TH ST,E,1,Ballard,Edge,Paid Parking,240,47.66983204,-122.38746554
2785,2ND AVE BETWEEN CEDAR ST AND CLAY ST,SW,6,Belltown,North,Paid Parking,240,47.61666366,-122.35027481
70730,2ND AVE BETWEEN MARION ST AND MADISON ST,NE,3,Commercial Core,Financial,Paid Parking,120,47.60483804,-122.3346924
70737,2ND AVE BETWEEN SENECA ST AND UNIVERSITY ST,SW,6,Commercial Core,Retail,Paid Parking,120,47.6068887,-122.33685434
47966,2ND AVE BETWEEN SPRING ST AND SENECA ST,NE,4,Commercial Core,Financial,Paid Parking,120,47.60626322,-122.33601514
48081,2ND AVE W BETWEEN W MERCER ST AND W ROY ST,W,4,Uptown,,Restricted Parking Zone,240,47.6251721,-122.35941045
76034,7TH AVE BETWEEN JAMES ST AND CHERRY ST,NE,6,First Hill,,Restricted Parking Zone,120,47.6050118,-122.32722382
76038,7TH AVE BETWEEN MADISON ST OFF RP AND MADISON ST,NE,6,First Hill,,Paid Parking,120,47.60718833,-122.32922007
8369,8TH AVE BETWEEN JAMES ST AND CHERRY ST,SW,3,First Hill,,Paid Parking,120,47.60543069,-122.32627615
8618,9TH AVE BETWEEN STEWART ST AND VIRGINIA ST,NE,2,Denny Triangle,North,Paid Parking,240,47.61604516,-122.33503151
77126,BELL ST BETWEEN 6TH AVE AND 7TH AVE,SE,5,Denny Triangle,North,Paid Parking,240,47.61701942,-122.34168549
77266,BOREN AVE N BETWEEN DENNY WAY AND JOHN ST,E,2,South Lake Union,South,Paid Parking,120,47.61912006,-122.33574965
54609,BOYLSTON AVE BETWEEN SENECA ST AND UNIVERSITY W ST,SW,8,First Hill,,Restricted Parking Zone,120,47.61250368,-122.32353318
32262,BROADWAY BETWEEN MARION ST AND MADISON ST,E,3,First Hill,,Paid Parking,120,47.61063958,-122.32064974
32466,CHERRY ST BETWEEN 7TH AVE AND 8TH AVE,SE,4,First Hill,,Restricted Parking Zone,120,47.60553137,-122.32700515
32849,DENNY LOWER WAY BETWEEN STEWART ST AND EASTLAKE AVE,N,5,South Lake Union,South,Paid Parking,120,47.61857744,-122.32979337
10165,EASTLAKE AVE E BETWEEN ALOHA ST AND WARD ST,W,9,South Lake Union,North,Paid Parking,600,47.6273401,-122.32936627
120102,EASTLAKE AVE E BETWEEN WARD ST AND PROSPECT ST,W,10,South Lake Union,North,Paid Parking,600,47.62823632,-122.32938631
14601,E NELSON PL BETWEEN EASTLAKE AVE E AND DEAD END,NE,3,South Lake Union,North,Paid Parking,600,47.63047675,-122.32724705
14677,E PIKE ST BETWEEN 11TH AVE AND 12TH AVE,N,7,Pike-Pine,,Paid Parking,120,47.61417039,-122.31748749
55622,FAIRVIEW AVE E BETWEEN E GARFIELD ST AND E BLAINE ST,E,4,South Lake Union,North,Paid Parking,240,47.63436135,-122.32687003
33566,HARVARD AVE BETWEEN E OLIVE ST AND E HOWELL ST,E,1,Capitol Hill,South,Paid Parking,30,47.61694224,-122.32205635
11018,HUBBELL PL BETWEEN UNIVERSITY ST AND 9TH AVE,E,13,First Hill,,Paid Parking,120,47.61057752,-122.33064935
34293,MARION ST BETWEEN ALASKAN ER WAY AND WESTERN AVE,NW,3,Commercial Core,Waterfront,Paid Parking,120,47.60339811,-122.33714332
130793,MERCER NR ST BETWEEN 8TH AVE N AND 9TH AVE N,N,7,South Lake Union,South,Paid Parking,600,47.62467469,-122.34044917
34386,MERCER SR ST BETWEEN 8TH AVE N AND 9TH AVE N,S,4,South Lake Union,South,Paid Parking,600,47.62445789,-122.34041685
57201,MINOR AVE N BETWEEN ROY ST AND VALLEY ST,W,12,South Lake Union,North,Paid Parking,600,47.62552645,-122.33266709
57202,MINOR AVE N BETWEEN ROY ST AND VALLEY ST,E,9,South Lake Union,North,Paid Parking,600,47.62554339,-122.33246437
136322,NE PACIFIC ST BETWEEN BROOKLYN AVE NE AND UNIVERSITY WAY NE,N,7,University District,Core,Paid Parking,120,47.6536477,-122.31388092
19485,NW MARKET ST BETWEEN BARNES AVE NW AND TALLMAN AVE NW,N,10,Ballard,Edge,Paid Parking,240,47.66875638,-122.38095916
12034,OCCIDENTAL AVE S BETWEEN S CHARLES ST AND S ROYAL BROUGHAM WAY,E,7,Pioneer Square,Edge,Paid Parking,30,47.59388824,-122.33311897
12682,ROY ST BETWEEN FAIRVIEW AVE N AND MINOR AVE N,S,9,South Lake Union,North,Paid Parking,600,47.62507204,-122.33344568
64397,S ALASKA ST BETWEEN RAINIER AVE S AND 38TH AVE S,N,16,Columbia City,,Paid Parking,240,47.56078016,-122.28596839
64398,S ALASKA ST BETWEEN RAINIER AVE S AND 38TH AVE S,S,9,Columbia City,,Paid Parking,240,47.56070888,-122.28596885
43197,S MAIN ST BETWEEN 4TH AVE S AND 5TH AVE S,N,4,Chinatown/ID,,Paid Parking,120,47.60010355,-122.32828771
12953,SUMMIT AVE BETWEEN SENECA ST AND UNIVERSITY ST,SW,9,First Hill,,Restricted Parking Zone,120,47.61203512,-122.32463043
35837,UNIVERSITY WAY NE BETWEEN NE PACIFIC ST AND NE 40TH ST,W,14,University District,Core,Paid Parking,120,47.65443374,-122.31339781
35889,VALLEY ST BETWEEN MINOR AVE N AND YALE AVE N,N,7,South Lake Union,North,Paid Parking,120,47.62602813,-122.33168043
36157,WESTLAKE EAST RDWY AVE N BETWEEN ALOHA ST AND WESTLAKE SHORE RDWY AVE N,SW,34,Westlake Ave N,South,Restricted Parking Zone,240,47.62803577,-122.34014157
36158,WESTLAKE EAST RDWY AVE N BETWEEN ALOHA ST AND WESTLAKE SHORE RDWY AVE N,NE,20,Westlake Ave N,South,Restricted Parking Zone,240,47.62805954,-122.33990897
58845,WESTLAKE EAST RDWY AVE N BETWEEN BLAINE ST AND HOWE ST,W,19,Westlake Ave N,North,Restricted Parking Zone,120,47.63495743,-122.34031392
58846,WESTLAKE EAST RDWY AVE N BETWEEN BLAINE ST AND HOWE ST,E,18,Westlake Ave N,North,Restricted Parking Zone,120,47.63494837,-122.34009418
120173,WESTLAKE EAST RDWY AVE N BETWEEN COMSTOCK ST AND GALER ST,W,53,Westlake Ave N,South,Restricted Parking Zone,4320,47.63168412,-122.34086229
120175,WESTLAKE EAST RDWY AVE N BETWEEN COMSTOCK ST AND GALER ST,E,37,Westlake Ave N,South,Restricted Parking Zone,4320,47.63170456,-122.34064728
36161,WESTLAKE EAST RDWY AVE N BETWEEN CROCKETT ST AND MCGRAW ST,W,54,Westlake Ave N,North,Restricted Parking Zone,4320,47.6388222,-122.34112579
36162,WESTLAKE EAST RDWY AVE N BETWEEN CROCKETT ST AND MCGRAW ST,E,45,Westlake Ave N,North,Restricted Parking Zone,120,47.63886884,-122.34089136
13577,WESTLAKE EAST RDWY AVE N BETWEEN GALER ST AND WESTLAKE SHORE RDWY 1 AVE N,W,32,Westlake Ave N,North,Restricted Parking Zone,4320,47.63302149,-122.34057928
120527,WESTLAKE EAST RDWY AVE N BETWEEN GALER ST AND WESTLAKE SHORE RDWY 1 AVE N,E,20,Westlake Ave N,North,Restricted Parking Zone,120,47.63295157,-122.34038186
81509,WESTLAKE EAST RDWY AVE N BETWEEN HIGHLAND DR AND COMSTOCK ST,W,32,Westlake Ave N,South,Restricted Parking Zone,4320,47.63034367,-122.3408672
81510,WESTLAKE EAST RDWY AVE N BETWEEN HIGHLAND DR AND COMSTOCK ST,E,15,Westlake Ave N,South,Restricted Parking Zone,4320,47.63029778,-122.34065374
120198,WESTLAKE EAST RDWY AVE N BETWEEN HOWE ST AND NEWTON ST,W,49,Westlake Ave N,North,Restricted Parking Zone,120,47.6358349,-122.3403328
120200,WESTLAKE EAST RDWY AVE N BETWEEN HOWE ST AND NEWTON ST,E,44,Westlake Ave N,North,Restricted Parking Zone,120,47.63583426,-122.34011376
13581,WESTLAKE EAST RDWY AVE N BETWEEN NEWTON ST AND WESTLAKE SHORE RDWY 3 AVE N,W,19,Westlake Ave N,North,Restricted Parking Zone,4320,47.63677055,-122.34033633
13582,WESTLAKE EAST RDWY AVE N BETWEEN NEWTON ST AND WESTLAKE SHORE RDWY 3 AVE N,E,16,Westlake Ave N,North,Restricted Parking Zone,120,47.63674704,-122.34009971
120178,WESTLAKE EAST RDWY AVE N BETWEEN WESTLAKE SHORE RDWY 1 AVE N AND WESTLAKE SHORE RDWY 2 AVE N,W,19,Westlake Ave N,North,Restricted Parking Zone,4320,47.63376436,-122.34036279
120180,WESTLAKE EAST RDWY AVE N BETWEEN WESTLAKE SHORE RDWY 1 AVE N AND WESTLAKE SHORE RDWY 2 AVE N,E,19,Westlake Ave N,North,Restricted Parking Zone,120,47.63374548,-122.34014278
120220,WESTLAKE EAST RDWY AVE N BETWEEN WESTLAKE SHORE RDWY 2 AVE N AND BLAINE ST,W,22,Westlake Ave N,North,Restricted Parking Zone,4320,47.63435055,-122.34029283
120222,WESTLAKE EAST RDWY AVE N BETWEEN WESTLAKE SHORE RDWY 2 AVE N AND BLAINE ST,E,13,Westlake Ave N,North,Restricted Parking Zone,120,47.63428323,-122.34008235
120238,WESTLAKE EAST RDWY AVE N BETWEEN WESTLAKE SHORE RDWY 3 AVE N AND CROCKETT ST,W,38,Westlake Ave N,North,Restricted Parking Zone,4320,47.63756956,-122.34047104
120240,WESTLAKE EAST RDWY AVE N BETWEEN WESTLAKE SHORE RDWY 3 AVE N AND CROCKETT ST,E,11,Westlake Ave N,North,Restricted Parking Zone,120,47.63760431,-122.34023315
120164,WESTLAKE EAST RDWY AVE N BETWEEN WESTLAKE SHORE RDWY AVE N AND HIGHLAND DR,W,41,Westlake Ave N,South,Restricted Parking Zone,240,47.62911916,-122.34080703
120166,WESTLAKE EAST RDWY AVE N BETWEEN WESTLAKE SHORE RDWY AVE N AND HIGHLAND DR,E,31,Westlake Ave N,South,Restricted Parking Zone,240,47.62915106,-122.34059261
91826,W REPUBLICAN ST BETWEEN 3RD AVE W AND 4TH AVE W,S,1,Uptown,,Restricted Parking Zone,120,47.62325752,-122.36128949
47958,2ND AVE BETWEEN JAMES ST AND CHERRY ST,NE,2,Pioneer Square,Core,Paid Parking,120,47.60269033,-122.332714
6357,4TH AVE W BETWEEN ELLIOTT AVE W AND W HARRISON ST,W,2,Uptown,,Paid Parking,240,47.62185267,-122.36200837
7266,5TH AVE BETWEEN TAYLOR AVE AND DENNY WAY,NE,2,Belltown,North,Paid Parking,240,47.61838379,-122.34690635
8370,8TH AVE BETWEEN JAMES ST AND CHERRY ST,NE,8,First Hill,,Restricted Parking Zone,120,47.60549559,-122.32612102
8382,8TH AVE BETWEEN MARION ST AND MADISON ST,NE,3,First Hill,,Paid Parking,120,47.60759861,-122.32806872
76405,9TH AVE BETWEEN COLUMBIA ST AND MARION ST,SW,3,First Hill,,Restricted Parking Zone,120,47.60730393,-122.32646922
134964,DEXTER AVE N BETWEEN PROSPECT ST AND HIGHLAND DR,W,4,South Lake Union,North,Paid Parking,120,47.62930446,-122.34241685
10153,EASTLAKE AVE E BETWEEN THOMAS ST AND HARRISON ST,W,9,South Lake Union,South,Paid Parking,120,47.6213762,-122.32922659
59166,E CHERRY ST BETWEEN BROADWAY AND DEAD END,S,3,First Hill,,Paid Parking,120,47.60799308,-122.32002768
55638,FAIRVIEW AVE N BETWEEN THOMAS ST AND HARRISON ST,E,10,South Lake Union,South,Paid Parking,600,47.62139099,-122.33418976
35417,SENECA ST BETWEEN 2ND AVE AND 3RD AVE,NW,4,Commercial Core,Retail,Paid Parking,120,47.60688102,-122.33590565
35825,UNIVERSITY ST BETWEEN TERRY AVE AND BOREN AVE,NW,7,First Hill,,Restricted Parking Zone,120,47.6112925,-122.32769663
13509,WESTERN AVE BETWEEN MARION ST AND MADISON ST,SW,2,Commercial Core,Waterfront,Paid Parking,120,47.60385671,-122.33712127
55486,ELLIOTT AVE BETWEEN BAY ST AND W DENNY WAY,NE,4,Belltown,North,Paid Parking,30,47.61795877,-122.35741674
58414,TERRY AVE BETWEEN MARION ST AND MADISON ST,NE,2,First Hill,,Paid Parking,120,47.60855364,-122.32583857
8373,8TH AVE BETWEEN CHERRY ST AND COLUMBIA ST,SW,2,First Hill,,Restricted Parking Zone,120,47.60613272,-122.32690423
78126,ELLIOTT AVE W BETWEEN W DENNY WAY AND ELLIOTT ER AVE W,NE,1,Uptown,,Paid Parking,30,47.61931383,-122.35917764
48130,2ND AV ET S BETWEEN S WASHINGTON ST AND YESLER WAY,NE,4,Pioneer Square,Edge,Paid Parking,120,47.60129649,-122.33145426
58437,LENNY WILKENS WAY BETWEEN 1ST AVE N AND WARREN AVE N,N,4,Uptown,,Paid Parking,240,47.62096903,-122.35478284
57898,ROOSEVELT WAY NE BETWEEN NE 42ND N ST AND NE 43RD S ST,E,4,University District,Edge,Paid Parking,240,47.65889386,-122.31768524
